=== RUN   TestResolveBlob_NilEventLeavesBlobFileUntouched
=== PAUSE TestResolveBlob_NilEventLeavesBlobFileUntouched
=== RUN   TestResolveBlob_NonBlobRawIsUntouched
=== PAUSE TestResolveBlob_NonBlobRawIsUntouched
=== RUN   TestResolveBlob_RefusesPathTraversal
=== PAUSE TestResolveBlob_RefusesPathTraversal
=== RUN   TestResolveBlob_RestoresAndDeletes
=== PAUSE TestResolveBlob_RestoresAndDeletes
=== RUN   TestBorrowedLease_SurvivesDaemonUntilCallerClosesWriters
--- PASS: TestBorrowedLease_SurvivesDaemonUntilCallerClosesWriters (0.26s)
=== RUN   TestBorrowedLease_RejectsWrongProjectAndReleasedLease
--- PASS: TestBorrowedLease_RejectsWrongProjectAndReleasedLease (0.02s)
=== RUN   TestBorrowedLease_ReportsResidualOnlyAfterOwnerRelease
--- PASS: TestBorrowedLease_ReportsResidualOnlyAfterOwnerRelease (0.21s)
=== RUN   TestBreachDetectorTransitionsAfterThreeWindows
=== PAUSE TestBreachDetectorTransitionsAfterThreeWindows
=== RUN   TestBreachDetectorResetsOnCleanWindow
=== PAUSE TestBreachDetectorResetsOnCleanWindow
=== RUN   TestBreachDetectorRevertsAfterThreeCleanWindows
=== PAUSE TestBreachDetectorRevertsAfterThreeCleanWindows
=== RUN   TestBreachDetectorPartialWindowNeverCloses
=== PAUSE TestBreachDetectorPartialWindowNeverCloses
=== RUN   TestBreachDetectorReset
=== PAUSE TestBreachDetectorReset
=== RUN   TestBreachDetectorObserveReportsClosedOnlyOnTheWindowBoundary
=== PAUSE TestBreachDetectorObserveReportsClosedOnlyOnTheWindowBoundary
=== RUN   TestPercentileDurationP99
=== PAUSE TestPercentileDurationP99
=== RUN   TestDispatchOp_OutOfProjectDirectIPCDoesNotReachWAL
--- PASS: TestDispatchOp_OutOfProjectDirectIPCDoesNotReachWAL (0.00s)
=== RUN   TestAdmitDelivery_ForgedOKCaptureWithOutOfProjectPathDenied
--- PASS: TestAdmitDelivery_ForgedOKCaptureWithOutOfProjectPathDenied (0.00s)
=== RUN   TestAdmitDelivery_ForgedOKInProjectEventButOutOfProjectBytesDenied
--- PASS: TestAdmitDelivery_ForgedOKInProjectEventButOutOfProjectBytesDenied (0.00s)
=== RUN   TestAdmitDelivery_OKCaptureWithDroppedPathUnavailable
--- PASS: TestAdmitDelivery_OKCaptureWithDroppedPathUnavailable (0.00s)
=== RUN   TestAdmitDelivery_DegradedWithOutOfProjectBytesRefused
--- PASS: TestAdmitDelivery_DegradedWithOutOfProjectBytesRefused (0.00s)
=== RUN   TestAdmitDelivery_ByteFreeDegradedAdmittedAsEvidence
--- PASS: TestAdmitDelivery_ByteFreeDegradedAdmittedAsEvidence (0.01s)
=== RUN   TestAdmitDelivery_OKCaptureInProjectAdmitted
--- PASS: TestAdmitDelivery_OKCaptureInProjectAdmitted (0.00s)
=== RUN   TestAdmitDelivery_PathlessBashOKCaptureAdmitted
--- PASS: TestAdmitDelivery_PathlessBashOKCaptureAdmitted (0.00s)
=== RUN   TestAdmitDelivery_NoCaptureOutOfProjectDeniedBeforePolicy
--- PASS: TestAdmitDelivery_NoCaptureOutOfProjectDeniedBeforePolicy (0.00s)
=== RUN   TestNew_SucceedsWithNoServices
=== PAUSE TestNew_SucceedsWithNoServices
=== RUN   TestSketchSet_CarriesAllFourStructures
=== PAUSE TestSketchSet_CarriesAllFourStructures
=== RUN   TestServicesAllNil
=== PAUSE TestServicesAllNil
=== RUN   TestObservePromptRepliesWithinDeadline
=== PAUSE TestObservePromptRepliesWithinDeadline
=== RUN   TestObservePromptBlockingVariantTimesOut
=== PAUSE TestObservePromptBlockingVariantTimesOut
=== RUN   TestObservePromptWALFailureIsObservable
=== PAUSE TestObservePromptWALFailureIsObservable
=== RUN   TestDegradedPassiveSuppressesActingPaths
=== PAUSE TestDegradedPassiveSuppressesActingPaths
=== RUN   TestDegradedPassiveStillRecords
=== PAUSE TestDegradedPassiveStillRecords
=== RUN   TestModeOffSkipsIngest
=== PAUSE TestModeOffSkipsIngest
=== RUN   TestNAKDuplicateIsDedupedOnDrain
=== PAUSE TestNAKDuplicateIsDedupedOnDrain
=== RUN   TestDrainOfSpooledFlushLineDoesNotDeadlock
=== PAUSE TestDrainOfSpooledFlushLineDoesNotDeadlock
=== RUN   TestStartupDrainOfSpooledFlushLineDoesNotWedgeRun
--- PASS: TestStartupDrainOfSpooledFlushLineDoesNotWedgeRun (0.22s)
=== RUN   TestRedrainOnFirstServedRequest
--- PASS: TestRedrainOnFirstServedRequest (0.28s)
=== RUN   TestSpoolOnBreachFalseDoesNotTransition
=== PAUSE TestSpoolOnBreachFalseDoesNotTransition
=== RUN   TestHotModeTransitionWritesStateAndNAKs
=== PAUSE TestHotModeTransitionWritesStateAndNAKs
=== RUN   TestHotModeTransitionPersistsBeforeItIsAnnounced
=== PAUSE TestHotModeTransitionPersistsBeforeItIsAnnounced
=== RUN   TestConfigReloadDefersChunkChange
=== PAUSE TestConfigReloadDefersChunkChange
=== RUN   TestIdleExitWithZeroSessions
--- PASS: TestIdleExitWithZeroSessions (1.37s)
=== RUN   TestRunReturnsNilWhenLockHeld
--- PASS: TestRunReturnsNilWhenLockHeld (0.13s)
=== RUN   TestAdminShutdownStopsTheDaemon
--- PASS: TestAdminShutdownStopsTheDaemon (0.08s)
=== RUN   TestRunReturnsOnlyAfterAsyncStopHasFinished
--- PASS: TestRunReturnsOnlyAfterAsyncStopHasFinished (0.12s)
=== RUN   TestServeFailureTakesTheStopPath
--- PASS: TestServeFailureTakesTheStopPath (0.09s)
=== RUN   TestMarkerIsWrittenByFlushAndCheckpointOnly
=== PAUSE TestMarkerIsWrittenByFlushAndCheckpointOnly
=== RUN   TestSessionStartNeverWipesSentinelObserved
=== PAUSE TestSessionStartNeverWipesSentinelObserved
=== RUN   TestSessionStartResetsBreachDetectorForNewSession
=== PAUSE TestSessionStartResetsBreachDetectorForNewSession
=== RUN   TestRecordHotPathSampleRejectsInvalidTS
=== PAUSE TestRecordHotPathSampleRejectsInvalidTS
=== RUN   TestRunCtxDoneGoesThroughStop
--- PASS: TestRunCtxDoneGoesThroughStop (0.12s)
=== RUN   TestAdminPingAlwaysAnswersOK
=== PAUSE TestAdminPingAlwaysAnswersOK
=== RUN   TestUnknownOpIsRefusedNotPanicked
=== PAUSE TestUnknownOpIsRefusedNotPanicked
=== RUN   TestHandlerPanicIsRecovered
=== PAUSE TestHandlerPanicIsRecovered
=== RUN   TestIdleExitEndsAbandonedSessions
--- PASS: TestIdleExitEndsAbandonedSessions (2.22s)
=== RUN   TestResolveEvent_RestoresRawExtras
=== PAUSE TestResolveEvent_RestoresRawExtras
=== RUN   TestObserveStopSeamSeesTheRestoredAgentName
=== PAUSE TestObserveStopSeamSeesTheRestoredAgentName
=== RUN   TestObservePrompt_PassiveModeInvokesSeamButEmitsNothing
=== PAUSE TestObservePrompt_PassiveModeInvokesSeamButEmitsNothing
=== RUN   TestObservePrompt_ModeOffNeverInvokesTheSeam
=== PAUSE TestObservePrompt_ModeOffNeverInvokesTheSeam
=== RUN   TestDaemon_NoACKBeforeDurableBatch
=== RUN   TestDaemon_NoACKBeforeDurableBatch/format_1,_the_v1_sidecar
=== RUN   TestDaemon_NoACKBeforeDurableBatch/format_2,_the_held_A/B_seal
--- PASS: TestDaemon_NoACKBeforeDurableBatch (0.43s)
    --- PASS: TestDaemon_NoACKBeforeDurableBatch/format_1,_the_v1_sidecar (0.18s)
    --- PASS: TestDaemon_NoACKBeforeDurableBatch/format_2,_the_held_A/B_seal (0.25s)
=== RUN   TestDeliveryJournal_AckBatchCommitsOneWriteOneSyncOneSeal
--- PASS: TestDeliveryJournal_AckBatchCommitsOneWriteOneSyncOneSeal (0.30s)
=== RUN   TestDeliveryJournal_AckBatchFailurePoisonsEveryDependentMember
=== RUN   TestDeliveryJournal_AckBatchFailurePoisonsEveryDependentMember/short_write
=== RUN   TestDeliveryJournal_AckBatchFailurePoisonsEveryDependentMember/sync_failure
=== RUN   TestDeliveryJournal_AckBatchFailurePoisonsEveryDependentMember/seal_failure
=== RUN   TestDeliveryJournal_AckBatchFailurePoisonsEveryDependentMember/panic_in_the_Sync
=== RUN   TestDeliveryJournal_AckBatchFailurePoisonsEveryDependentMember/panic_in_the_seal
--- PASS: TestDeliveryJournal_AckBatchFailurePoisonsEveryDependentMember (2.03s)
    --- PASS: TestDeliveryJournal_AckBatchFailurePoisonsEveryDependentMember/short_write (0.35s)
    --- PASS: TestDeliveryJournal_AckBatchFailurePoisonsEveryDependentMember/sync_failure (0.45s)
    --- PASS: TestDeliveryJournal_AckBatchFailurePoisonsEveryDependentMember/seal_failure (0.41s)
    --- PASS: TestDeliveryJournal_AckBatchFailurePoisonsEveryDependentMember/panic_in_the_Sync (0.41s)
    --- PASS: TestDeliveryJournal_AckBatchFailurePoisonsEveryDependentMember/panic_in_the_seal (0.41s)
=== RUN   TestDeliveryJournal_AckCheckRunsAfterEvaluationAndImmediatelyBeforeAppend
=== RUN   TestDeliveryJournal_AckCheckRunsAfterEvaluationAndImmediatelyBeforeAppend/format_1,_the_v1_sidecar
=== RUN   TestDeliveryJournal_AckCheckRunsAfterEvaluationAndImmediatelyBeforeAppend/format_1,_the_v1_sidecar/position_missing_between_batches
=== RUN   TestDeliveryJournal_AckCheckRunsAfterEvaluationAndImmediatelyBeforeAppend/format_1,_the_v1_sidecar/position_missing_during_evaluation
=== RUN   TestDeliveryJournal_AckCheckRunsAfterEvaluationAndImmediatelyBeforeAppend/format_1,_the_v1_sidecar/position_malformed_between_batches
=== RUN   TestDeliveryJournal_AckCheckRunsAfterEvaluationAndImmediatelyBeforeAppend/format_1,_the_v1_sidecar/position_malformed_during_evaluation
=== RUN   TestDeliveryJournal_AckCheckRunsAfterEvaluationAndImmediatelyBeforeAppend/format_1,_the_v1_sidecar/journal_truncated_between_batches
=== RUN   TestDeliveryJournal_AckCheckRunsAfterEvaluationAndImmediatelyBeforeAppend/format_1,_the_v1_sidecar/journal_truncated_during_evaluation
=== RUN   TestDeliveryJournal_AckCheckRunsAfterEvaluationAndImmediatelyBeforeAppend/format_1,_the_v1_sidecar/journal_extended_between_batches
=== RUN   TestDeliveryJournal_AckCheckRunsAfterEvaluationAndImmediatelyBeforeAppend/format_1,_the_v1_sidecar/journal_extended_during_evaluation
=== RUN   TestDeliveryJournal_AckCheckRunsAfterEvaluationAndImmediatelyBeforeAppend/format_1,_the_v1_sidecar/position_future_version_between_batches
=== RUN   TestDeliveryJournal_AckCheckRunsAfterEvaluationAndImmediatelyBeforeAppend/format_1,_the_v1_sidecar/position_future_version_during_evaluation
=== RUN   TestDeliveryJournal_AckCheckRunsAfterEvaluationAndImmediatelyBeforeAppend/format_1,_the_v1_sidecar/position_noncanonical_between_batches
=== RUN   TestDeliveryJournal_AckCheckRunsAfterEvaluationAndImmediatelyBeforeAppend/format_1,_the_v1_sidecar/position_noncanonical_during_evaluation
=== RUN   TestDeliveryJournal_AckCheckRunsAfterEvaluationAndImmediatelyBeforeAppend/format_1,_the_v1_sidecar/position_count_between_batches
=== RUN   TestDeliveryJournal_AckCheckRunsAfterEvaluationAndImmediatelyBeforeAppend/format_1,_the_v1_sidecar/position_count_during_evaluation
=== RUN   TestDeliveryJournal_AckCheckRunsAfterEvaluationAndImmediatelyBeforeAppend/format_1,_the_v1_sidecar/position_bytes_between_batches
=== RUN   TestDeliveryJournal_AckCheckRunsAfterEvaluationAndImmediatelyBeforeAppend/format_1,_the_v1_sidecar/position_bytes_during_evaluation
=== RUN   TestDeliveryJournal_AckCheckRunsAfterEvaluationAndImmediatelyBeforeAppend/format_1,_the_v1_sidecar/position_chain_between_batches
=== RUN   TestDeliveryJournal_AckCheckRunsAfterEvaluationAndImmediatelyBeforeAppend/format_1,_the_v1_sidecar/position_chain_during_evaluation
=== RUN   TestDeliveryJournal_AckCheckRunsAfterEvaluationAndImmediatelyBeforeAppend/format_2,_the_held_A/B_seal
=== RUN   TestDeliveryJournal_AckCheckRunsAfterEvaluationAndImmediatelyBeforeAppend/format_2,_the_held_A/B_seal/position_missing_between_batches
=== RUN   TestDeliveryJournal_AckCheckRunsAfterEvaluationAndImmediatelyBeforeAppend/format_2,_the_held_A/B_seal/position_missing_during_evaluation
=== RUN   TestDeliveryJournal_AckCheckRunsAfterEvaluationAndImmediatelyBeforeAppend/format_2,_the_held_A/B_seal/position_malformed_between_batches
=== RUN   TestDeliveryJournal_AckCheckRunsAfterEvaluationAndImmediatelyBeforeAppend/format_2,_the_held_A/B_seal/position_malformed_during_evaluation
=== RUN   TestDeliveryJournal_AckCheckRunsAfterEvaluationAndImmediatelyBeforeAppend/format_2,_the_held_A/B_seal/journal_truncated_between_batches
=== RUN   TestDeliveryJournal_AckCheckRunsAfterEvaluationAndImmediatelyBeforeAppend/format_2,_the_held_A/B_seal/journal_truncated_during_evaluation
=== RUN   TestDeliveryJournal_AckCheckRunsAfterEvaluationAndImmediatelyBeforeAppend/format_2,_the_held_A/B_seal/journal_extended_between_batches
=== RUN   TestDeliveryJournal_AckCheckRunsAfterEvaluationAndImmediatelyBeforeAppend/format_2,_the_held_A/B_seal/journal_extended_during_evaluation
=== RUN   TestDeliveryJournal_AckCheckRunsAfterEvaluationAndImmediatelyBeforeAppend/format_2,_the_held_A/B_seal/position_future_version_between_batches
=== RUN   TestDeliveryJournal_AckCheckRunsAfterEvaluationAndImmediatelyBeforeAppend/format_2,_the_held_A/B_seal/position_future_version_during_evaluation
=== RUN   TestDeliveryJournal_AckCheckRunsAfterEvaluationAndImmediatelyBeforeAppend/format_2,_the_held_A/B_seal/position_noncanonical_between_batches
=== RUN   TestDeliveryJournal_AckCheckRunsAfterEvaluationAndImmediatelyBeforeAppend/format_2,_the_held_A/B_seal/position_noncanonical_during_evaluation
=== RUN   TestDeliveryJournal_AckCheckRunsAfterEvaluationAndImmediatelyBeforeAppend/format_2,_the_held_A/B_seal/position_count_between_batches
=== RUN   TestDeliveryJournal_AckCheckRunsAfterEvaluationAndImmediatelyBeforeAppend/format_2,_the_held_A/B_seal/position_count_during_evaluation
=== RUN   TestDeliveryJournal_AckCheckRunsAfterEvaluationAndImmediatelyBeforeAppend/format_2,_the_held_A/B_seal/position_bytes_between_batches
=== RUN   TestDeliveryJournal_AckCheckRunsAfterEvaluationAndImmediatelyBeforeAppend/format_2,_the_held_A/B_seal/position_bytes_during_evaluation
=== RUN   TestDeliveryJournal_AckCheckRunsAfterEvaluationAndImmediatelyBeforeAppend/format_2,_the_held_A/B_seal/position_chain_between_batches
=== RUN   TestDeliveryJournal_AckCheckRunsAfterEvaluationAndImmediatelyBeforeAppend/format_2,_the_held_A/B_seal/position_chain_during_evaluation
=== RUN   TestDeliveryJournal_AckCheckRunsAfterEvaluationAndImmediatelyBeforeAppend/format_2,_the_held_A/B_seal/position_replaced_by_a_copy_of_itself_between_batches
=== RUN   TestDeliveryJournal_AckCheckRunsAfterEvaluationAndImmediatelyBeforeAppend/format_2,_the_held_A/B_seal/position_replaced_by_a_copy_of_itself_during_evaluation
--- PASS: TestDeliveryJournal_AckCheckRunsAfterEvaluationAndImmediatelyBeforeAppend (11.18s)
    --- PASS: TestDeliveryJournal_AckCheckRunsAfterEvaluationAndImmediatelyBeforeAppend/format_1,_the_v1_sidecar (5.52s)
        --- PASS: TestDeliveryJournal_AckCheckRunsAfterEvaluationAndImmediatelyBeforeAppend/format_1,_the_v1_sidecar/position_missing_between_batches (0.40s)
        --- PASS: TestDeliveryJournal_AckCheckRunsAfterEvaluationAndImmediatelyBeforeAppend/format_1,_the_v1_sidecar/position_missing_during_evaluation (0.24s)
        --- PASS: TestDeliveryJournal_AckCheckRunsAfterEvaluationAndImmediatelyBeforeAppend/format_1,_the_v1_sidecar/position_malformed_between_batches (0.28s)
        --- PASS: TestDeliveryJournal_AckCheckRunsAfterEvaluationAndImmediatelyBeforeAppend/format_1,_the_v1_sidecar/position_malformed_during_evaluation (0.30s)
        --- PASS: TestDeliveryJournal_AckCheckRunsAfterEvaluationAndImmediatelyBeforeAppend/format_1,_the_v1_sidecar/journal_truncated_between_batches (0.27s)
        --- PASS: TestDeliveryJournal_AckCheckRunsAfterEvaluationAndImmediatelyBeforeAppend/format_1,_the_v1_sidecar/journal_truncated_during_evaluation (0.27s)
        --- PASS: TestDeliveryJournal_AckCheckRunsAfterEvaluationAndImmediatelyBeforeAppend/format_1,_the_v1_sidecar/journal_extended_between_batches (0.26s)
        --- PASS: TestDeliveryJournal_AckCheckRunsAfterEvaluationAndImmediatelyBeforeAppend/format_1,_the_v1_sidecar/journal_extended_during_evaluation (0.35s)
        --- PASS: TestDeliveryJournal_AckCheckRunsAfterEvaluationAndImmediatelyBeforeAppend/format_1,_the_v1_sidecar/position_future_version_between_batches (0.26s)
        --- PASS: TestDeliveryJournal_AckCheckRunsAfterEvaluationAndImmediatelyBeforeAppend/format_1,_the_v1_sidecar/position_future_version_during_evaluation (0.30s)
        --- PASS: TestDeliveryJournal_AckCheckRunsAfterEvaluationAndImmediatelyBeforeAppend/format_1,_the_v1_sidecar/position_noncanonical_between_batches (0.33s)
        --- PASS: TestDeliveryJournal_AckCheckRunsAfterEvaluationAndImmediatelyBeforeAppend/format_1,_the_v1_sidecar/position_noncanonical_during_evaluation (0.31s)
        --- PASS: TestDeliveryJournal_AckCheckRunsAfterEvaluationAndImmediatelyBeforeAppend/format_1,_the_v1_sidecar/position_count_between_batches (0.30s)
        --- PASS: TestDeliveryJournal_AckCheckRunsAfterEvaluationAndImmediatelyBeforeAppend/format_1,_the_v1_sidecar/position_count_during_evaluation (0.32s)
        --- PASS: TestDeliveryJournal_AckCheckRunsAfterEvaluationAndImmediatelyBeforeAppend/format_1,_the_v1_sidecar/position_bytes_between_batches (0.35s)
        --- PASS: TestDeliveryJournal_AckCheckRunsAfterEvaluationAndImmediatelyBeforeAppend/format_1,_the_v1_sidecar/position_bytes_during_evaluation (0.32s)
        --- PASS: TestDeliveryJournal_AckCheckRunsAfterEvaluationAndImmediatelyBeforeAppend/format_1,_the_v1_sidecar/position_chain_between_batches (0.32s)
        --- PASS: TestDeliveryJournal_AckCheckRunsAfterEvaluationAndImmediatelyBeforeAppend/format_1,_the_v1_sidecar/position_chain_during_evaluation (0.32s)
    --- PASS: TestDeliveryJournal_AckCheckRunsAfterEvaluationAndImmediatelyBeforeAppend/format_2,_the_held_A/B_seal (5.66s)
        --- PASS: TestDeliveryJournal_AckCheckRunsAfterEvaluationAndImmediatelyBeforeAppend/format_2,_the_held_A/B_seal/position_missing_between_batches (0.23s)
        --- PASS: TestDeliveryJournal_AckCheckRunsAfterEvaluationAndImmediatelyBeforeAppend/format_2,_the_held_A/B_seal/position_missing_during_evaluation (0.26s)
        --- PASS: TestDeliveryJournal_AckCheckRunsAfterEvaluationAndImmediatelyBeforeAppend/format_2,_the_held_A/B_seal/position_malformed_between_batches (0.28s)
        --- PASS: TestDeliveryJournal_AckCheckRunsAfterEvaluationAndImmediatelyBeforeAppend/format_2,_the_held_A/B_seal/position_malformed_during_evaluation (0.26s)
        --- PASS: TestDeliveryJournal_AckCheckRunsAfterEvaluationAndImmediatelyBeforeAppend/format_2,_the_held_A/B_seal/journal_truncated_between_batches (0.26s)
        --- PASS: TestDeliveryJournal_AckCheckRunsAfterEvaluationAndImmediatelyBeforeAppend/format_2,_the_held_A/B_seal/journal_truncated_during_evaluation (0.29s)
        --- PASS: TestDeliveryJournal_AckCheckRunsAfterEvaluationAndImmediatelyBeforeAppend/format_2,_the_held_A/B_seal/journal_extended_between_batches (0.28s)
        --- PASS: TestDeliveryJournal_AckCheckRunsAfterEvaluationAndImmediatelyBeforeAppend/format_2,_the_held_A/B_seal/journal_extended_during_evaluation (0.30s)
        --- PASS: TestDeliveryJournal_AckCheckRunsAfterEvaluationAndImmediatelyBeforeAppend/format_2,_the_held_A/B_seal/position_future_version_between_batches (0.33s)
        --- PASS: TestDeliveryJournal_AckCheckRunsAfterEvaluationAndImmediatelyBeforeAppend/format_2,_the_held_A/B_seal/position_future_version_during_evaluation (0.28s)
        --- PASS: TestDeliveryJournal_AckCheckRunsAfterEvaluationAndImmediatelyBeforeAppend/format_2,_the_held_A/B_seal/position_noncanonical_between_batches (0.26s)
        --- PASS: TestDeliveryJournal_AckCheckRunsAfterEvaluationAndImmediatelyBeforeAppend/format_2,_the_held_A/B_seal/position_noncanonical_during_evaluation (0.26s)
        --- PASS: TestDeliveryJournal_AckCheckRunsAfterEvaluationAndImmediatelyBeforeAppend/format_2,_the_held_A/B_seal/position_count_between_batches (0.26s)
        --- PASS: TestDeliveryJournal_AckCheckRunsAfterEvaluationAndImmediatelyBeforeAppend/format_2,_the_held_A/B_seal/position_count_during_evaluation (0.29s)
        --- PASS: TestDeliveryJournal_AckCheckRunsAfterEvaluationAndImmediatelyBeforeAppend/format_2,_the_held_A/B_seal/position_bytes_between_batches (0.28s)
        --- PASS: TestDeliveryJournal_AckCheckRunsAfterEvaluationAndImmediatelyBeforeAppend/format_2,_the_held_A/B_seal/position_bytes_during_evaluation (0.28s)
        --- PASS: TestDeliveryJournal_AckCheckRunsAfterEvaluationAndImmediatelyBeforeAppend/format_2,_the_held_A/B_seal/position_chain_between_batches (0.32s)
        --- PASS: TestDeliveryJournal_AckCheckRunsAfterEvaluationAndImmediatelyBeforeAppend/format_2,_the_held_A/B_seal/position_chain_during_evaluation (0.32s)
        --- PASS: TestDeliveryJournal_AckCheckRunsAfterEvaluationAndImmediatelyBeforeAppend/format_2,_the_held_A/B_seal/position_replaced_by_a_copy_of_itself_between_batches (0.34s)
        --- PASS: TestDeliveryJournal_AckCheckRunsAfterEvaluationAndImmediatelyBeforeAppend/format_2,_the_held_A/B_seal/position_replaced_by_a_copy_of_itself_during_evaluation (0.30s)
=== RUN   TestDeliveryJournal_AckBatchKeepsEachCallsCheckOrder
=== RUN   TestDeliveryJournal_AckBatchKeepsEachCallsCheckOrder/a_cancelled_context_is_answered_before_the_gate
=== RUN   TestDeliveryJournal_AckBatchKeepsEachCallsCheckOrder/the_gate_is_answered_before_validation
=== RUN   TestDeliveryJournal_AckBatchKeepsEachCallsCheckOrder/an_acknowledged_delivery_is_answered_without_a_check
=== RUN   TestDeliveryJournal_AckBatchKeepsEachCallsCheckOrder/the_check_is_answered_before_the_entries_bound
--- PASS: TestDeliveryJournal_AckBatchKeepsEachCallsCheckOrder (1.04s)
    --- PASS: TestDeliveryJournal_AckBatchKeepsEachCallsCheckOrder/a_cancelled_context_is_answered_before_the_gate (0.25s)
    --- PASS: TestDeliveryJournal_AckBatchKeepsEachCallsCheckOrder/the_gate_is_answered_before_validation (0.21s)
    --- PASS: TestDeliveryJournal_AckBatchKeepsEachCallsCheckOrder/an_acknowledged_delivery_is_answered_without_a_check (0.30s)
    --- PASS: TestDeliveryJournal_AckBatchKeepsEachCallsCheckOrder/the_check_is_answered_before_the_entries_bound (0.28s)
=== RUN   TestDeliveryJournal_AckBatchNeverDelaysALeaseBatch
--- PASS: TestDeliveryJournal_AckBatchNeverDelaysALeaseBatch (0.33s)
=== RUN   TestDeliveryJournal_AckBatchIsNeverDelayedByALeaseBatch
--- PASS: TestDeliveryJournal_AckBatchIsNeverDelayedByALeaseBatch (0.33s)
=== RUN   TestDeliveryJournal_AckBatchMatchesSequentialOutcomes
=== RUN   TestDeliveryJournal_AckBatchMatchesSequentialOutcomes/duplicate_acknowledgements_in_one_batch
=== RUN   TestDeliveryJournal_AckBatchMatchesSequentialOutcomes/an_acknowledgement_of_a_delivery_never_leased
=== RUN   TestDeliveryJournal_AckBatchMatchesSequentialOutcomes/seed_0
=== RUN   TestDeliveryJournal_AckBatchMatchesSequentialOutcomes/seed_1
=== RUN   TestDeliveryJournal_AckBatchMatchesSequentialOutcomes/seed_2
=== RUN   TestDeliveryJournal_AckBatchMatchesSequentialOutcomes/seed_3
=== RUN   TestDeliveryJournal_AckBatchMatchesSequentialOutcomes/seed_4
=== RUN   TestDeliveryJournal_AckBatchMatchesSequentialOutcomes/seed_5
=== RUN   TestDeliveryJournal_AckBatchMatchesSequentialOutcomes/seed_6
=== RUN   TestDeliveryJournal_AckBatchMatchesSequentialOutcomes/seed_7
=== RUN   TestDeliveryJournal_AckBatchMatchesSequentialOutcomes/entries_cap,_seed_0
=== RUN   TestDeliveryJournal_AckBatchMatchesSequentialOutcomes/entries_cap,_seed_1
=== RUN   TestDeliveryJournal_AckBatchMatchesSequentialOutcomes/bytes_cap
--- PASS: TestDeliveryJournal_AckBatchMatchesSequentialOutcomes (9.77s)
    --- PASS: TestDeliveryJournal_AckBatchMatchesSequentialOutcomes/duplicate_acknowledgements_in_one_batch (0.30s)
    --- PASS: TestDeliveryJournal_AckBatchMatchesSequentialOutcomes/an_acknowledgement_of_a_delivery_never_leased (0.31s)
    --- PASS: TestDeliveryJournal_AckBatchMatchesSequentialOutcomes/seed_0 (0.85s)
    --- PASS: TestDeliveryJournal_AckBatchMatchesSequentialOutcomes/seed_1 (0.79s)
    --- PASS: TestDeliveryJournal_AckBatchMatchesSequentialOutcomes/seed_2 (0.71s)
    --- PASS: TestDeliveryJournal_AckBatchMatchesSequentialOutcomes/seed_3 (0.72s)
    --- PASS: TestDeliveryJournal_AckBatchMatchesSequentialOutcomes/seed_4 (0.96s)
    --- PASS: TestDeliveryJournal_AckBatchMatchesSequentialOutcomes/seed_5 (1.06s)
    --- PASS: TestDeliveryJournal_AckBatchMatchesSequentialOutcomes/seed_6 (0.83s)
    --- PASS: TestDeliveryJournal_AckBatchMatchesSequentialOutcomes/seed_7 (0.78s)
    --- PASS: TestDeliveryJournal_AckBatchMatchesSequentialOutcomes/entries_cap,_seed_0 (0.75s)
    --- PASS: TestDeliveryJournal_AckBatchMatchesSequentialOutcomes/entries_cap,_seed_1 (0.76s)
    --- PASS: TestDeliveryJournal_AckBatchMatchesSequentialOutcomes/bytes_cap (0.96s)
=== RUN   TestDeliveryJournal_AcknowledgedIsRaceFreeWithRelease
=== RUN   TestDeliveryJournal_AcknowledgedIsRaceFreeWithRelease/acknowledged_loops_through_a_Release
=== RUN   TestDeliveryJournal_AcknowledgedIsRaceFreeWithRelease/acknowledged_loops_beside_acknowledgement_batches
--- PASS: TestDeliveryJournal_AcknowledgedIsRaceFreeWithRelease (0.84s)
    --- PASS: TestDeliveryJournal_AcknowledgedIsRaceFreeWithRelease/acknowledged_loops_through_a_Release (0.26s)
    --- PASS: TestDeliveryJournal_AcknowledgedIsRaceFreeWithRelease/acknowledged_loops_beside_acknowledgement_batches (0.58s)
=== RUN   TestBackupWatchedFiles_NamesTheDeliveryStateThisPackageWrites
=== PAUSE TestBackupWatchedFiles_NamesTheDeliveryStateThisPackageWrites
=== RUN   TestDeliveryPath_CrashCutAtEveryStep
=== RUN   TestDeliveryPath_CrashCutAtEveryStep/format_1,_the_v1_sidecar
=== RUN   TestDeliveryPath_CrashCutAtEveryStep/format_1,_the_v1_sidecar/W1_the_WAL_batch's_Write
=== RUN   TestDeliveryPath_CrashCutAtEveryStep/format_1,_the_v1_sidecar/W1_the_WAL_batch's_Write/the_machine-crash_image
=== RUN   TestDeliveryPath_CrashCutAtEveryStep/format_1,_the_v1_sidecar/W2_the_WAL_batch's_Sync
=== RUN   TestDeliveryPath_CrashCutAtEveryStep/format_1,_the_v1_sidecar/W2_the_WAL_batch's_Sync/the_machine-crash_image
=== RUN   TestDeliveryPath_CrashCutAtEveryStep/format_1,_the_v1_sidecar/L4_the_journal_Write
=== RUN   TestDeliveryPath_CrashCutAtEveryStep/format_1,_the_v1_sidecar/L4_the_journal_Write/the_machine-crash_image
=== RUN   TestDeliveryPath_CrashCutAtEveryStep/format_1,_the_v1_sidecar/L4_the_journal_Write/torn:_the_WAL's_last_line
=== RUN   TestDeliveryPath_CrashCutAtEveryStep/format_1,_the_v1_sidecar/L5_the_journal_Sync
=== RUN   TestDeliveryPath_CrashCutAtEveryStep/format_1,_the_v1_sidecar/L5_the_journal_Sync/the_machine-crash_image
=== RUN   TestDeliveryPath_CrashCutAtEveryStep/format_1,_the_v1_sidecar/L5_the_journal_Sync/torn:_the_WAL's_last_line
=== RUN   TestDeliveryPath_CrashCutAtEveryStep/format_1,_the_v1_sidecar/L6_the_seal
=== RUN   TestDeliveryPath_CrashCutAtEveryStep/format_1,_the_v1_sidecar/L6_the_seal/the_machine-crash_image
=== RUN   TestDeliveryPath_CrashCutAtEveryStep/format_1,_the_v1_sidecar/L6_the_seal/torn:_the_journal's_last_line
=== RUN   TestDeliveryPath_CrashCutAtEveryStep/format_1,_the_v1_sidecar/L6_the_seal/torn:_the_WAL's_last_line
=== RUN   TestDeliveryPath_CrashCutAtEveryStep/format_1,_the_v1_sidecar/AK_after_Accept_returned,_before_the_ACK_byte
=== RUN   TestDeliveryPath_CrashCutAtEveryStep/format_1,_the_v1_sidecar/AK_after_Accept_returned,_before_the_ACK_byte/the_machine-crash_image
=== RUN   TestDeliveryPath_CrashCutAtEveryStep/format_1,_the_v1_sidecar/AK_after_Accept_returned,_before_the_ACK_byte/torn:_the_WAL's_last_line
=== RUN   TestDeliveryPath_CrashCutAtEveryStep/format_1,_the_v1_sidecar/AK_after_Accept_returned,_before_the_ACK_byte/torn:_the_journal's_last_line
=== RUN   TestDeliveryPath_CrashCutAtEveryStep/format_1,_the_v1_sidecar/K4_the_acknowledgement_Write
=== RUN   TestDeliveryPath_CrashCutAtEveryStep/format_1,_the_v1_sidecar/K4_the_acknowledgement_Write/the_machine-crash_image
=== RUN   TestDeliveryPath_CrashCutAtEveryStep/format_1,_the_v1_sidecar/K4_the_acknowledgement_Write/torn:_the_WAL's_last_line
=== RUN   TestDeliveryPath_CrashCutAtEveryStep/format_1,_the_v1_sidecar/K4_the_acknowledgement_Write/torn:_the_journal's_last_line
=== RUN   TestDeliveryPath_CrashCutAtEveryStep/format_1,_the_v1_sidecar/K5_the_acknowledgement_Sync
=== RUN   TestDeliveryPath_CrashCutAtEveryStep/format_1,_the_v1_sidecar/K5_the_acknowledgement_Sync/the_machine-crash_image
=== RUN   TestDeliveryPath_CrashCutAtEveryStep/format_1,_the_v1_sidecar/K5_the_acknowledgement_Sync/torn:_the_WAL's_last_line
=== RUN   TestDeliveryPath_CrashCutAtEveryStep/format_1,_the_v1_sidecar/K5_the_acknowledgement_Sync/torn:_the_journal's_last_line
=== RUN   TestDeliveryPath_CrashCutAtEveryStep/format_1,_the_v1_sidecar/K6_the_acknowledgement_seal
=== RUN   TestDeliveryPath_CrashCutAtEveryStep/format_1,_the_v1_sidecar/K6_the_acknowledgement_seal/the_machine-crash_image
=== RUN   TestDeliveryPath_CrashCutAtEveryStep/format_1,_the_v1_sidecar/K6_the_acknowledgement_seal/torn:_the_journal's_last_line
=== RUN   TestDeliveryPath_CrashCutAtEveryStep/format_1,_the_v1_sidecar/K6_the_acknowledgement_seal/torn:_the_WAL's_last_line
=== RUN   TestDeliveryPath_CrashCutAtEveryStep/format_2,_the_held_A/B_seal
=== RUN   TestDeliveryPath_CrashCutAtEveryStep/format_2,_the_held_A/B_seal/W1_the_WAL_batch's_Write
=== RUN   TestDeliveryPath_CrashCutAtEveryStep/format_2,_the_held_A/B_seal/W1_the_WAL_batch's_Write/the_machine-crash_image
=== RUN   TestDeliveryPath_CrashCutAtEveryStep/format_2,_the_held_A/B_seal/W1_the_WAL_batch's_Write/torn:_the_v2_seal's_effective_slot
=== RUN   TestDeliveryPath_CrashCutAtEveryStep/format_2,_the_held_A/B_seal/W1_the_WAL_batch's_Write/torn:_the_v2_slot_the_next_seal_targets
=== RUN   TestDeliveryPath_CrashCutAtEveryStep/format_2,_the_held_A/B_seal/W2_the_WAL_batch's_Sync
=== RUN   TestDeliveryPath_CrashCutAtEveryStep/format_2,_the_held_A/B_seal/W2_the_WAL_batch's_Sync/the_machine-crash_image
=== RUN   TestDeliveryPath_CrashCutAtEveryStep/format_2,_the_held_A/B_seal/W2_the_WAL_batch's_Sync/torn:_the_v2_slot_the_next_seal_targets
=== RUN   TestDeliveryPath_CrashCutAtEveryStep/format_2,_the_held_A/B_seal/W2_the_WAL_batch's_Sync/torn:_the_v2_seal's_effective_slot
=== RUN   TestDeliveryPath_CrashCutAtEveryStep/format_2,_the_held_A/B_seal/L4_the_journal_Write
=== RUN   TestDeliveryPath_CrashCutAtEveryStep/format_2,_the_held_A/B_seal/L4_the_journal_Write/the_machine-crash_image
=== RUN   TestDeliveryPath_CrashCutAtEveryStep/format_2,_the_held_A/B_seal/L4_the_journal_Write/torn:_the_WAL's_last_line
=== RUN   TestDeliveryPath_CrashCutAtEveryStep/format_2,_the_held_A/B_seal/L4_the_journal_Write/torn:_the_v2_slot_the_next_seal_targets
=== RUN   TestDeliveryPath_CrashCutAtEveryStep/format_2,_the_held_A/B_seal/L4_the_journal_Write/torn:_the_v2_seal's_effective_slot
=== RUN   TestDeliveryPath_CrashCutAtEveryStep/format_2,_the_held_A/B_seal/L5_the_journal_Sync
=== RUN   TestDeliveryPath_CrashCutAtEveryStep/format_2,_the_held_A/B_seal/L5_the_journal_Sync/the_machine-crash_image
=== RUN   TestDeliveryPath_CrashCutAtEveryStep/format_2,_the_held_A/B_seal/L5_the_journal_Sync/torn:_the_WAL's_last_line
=== RUN   TestDeliveryPath_CrashCutAtEveryStep/format_2,_the_held_A/B_seal/L5_the_journal_Sync/torn:_the_v2_slot_the_next_seal_targets
=== RUN   TestDeliveryPath_CrashCutAtEveryStep/format_2,_the_held_A/B_seal/L5_the_journal_Sync/torn:_the_v2_seal's_effective_slot
=== RUN   TestDeliveryPath_CrashCutAtEveryStep/format_2,_the_held_A/B_seal/L6_the_seal
=== RUN   TestDeliveryPath_CrashCutAtEveryStep/format_2,_the_held_A/B_seal/L6_the_seal/the_machine-crash_image
=== RUN   TestDeliveryPath_CrashCutAtEveryStep/format_2,_the_held_A/B_seal/L6_the_seal/torn:_the_WAL's_last_line
=== RUN   TestDeliveryPath_CrashCutAtEveryStep/format_2,_the_held_A/B_seal/L6_the_seal/torn:_the_journal's_last_line
=== RUN   TestDeliveryPath_CrashCutAtEveryStep/format_2,_the_held_A/B_seal/L6_the_seal/torn:_the_v2_slot_the_next_seal_targets
=== RUN   TestDeliveryPath_CrashCutAtEveryStep/format_2,_the_held_A/B_seal/L6_the_seal/torn:_the_v2_seal's_effective_slot
=== RUN   TestDeliveryPath_CrashCutAtEveryStep/format_2,_the_held_A/B_seal/L7_the_v2_slot's_SyncData
=== RUN   TestDeliveryPath_CrashCutAtEveryStep/format_2,_the_held_A/B_seal/L7_the_v2_slot's_SyncData/the_machine-crash_image
=== RUN   TestDeliveryPath_CrashCutAtEveryStep/format_2,_the_held_A/B_seal/L7_the_v2_slot's_SyncData/torn:_the_WAL's_last_line
=== RUN   TestDeliveryPath_CrashCutAtEveryStep/format_2,_the_held_A/B_seal/L7_the_v2_slot's_SyncData/torn:_the_journal's_last_line
=== RUN   TestDeliveryPath_CrashCutAtEveryStep/format_2,_the_held_A/B_seal/L7_the_v2_slot's_SyncData/torn:_the_v2_slot_the_next_seal_targets
=== RUN   TestDeliveryPath_CrashCutAtEveryStep/format_2,_the_held_A/B_seal/L7_the_v2_slot's_SyncData/torn:_the_v2_seal's_effective_slot
=== RUN   TestDeliveryPath_CrashCutAtEveryStep/format_2,_the_held_A/B_seal/L8_the_post-seal_identity_check
=== RUN   TestDeliveryPath_CrashCutAtEveryStep/format_2,_the_held_A/B_seal/L8_the_post-seal_identity_check/the_machine-crash_image
=== RUN   TestDeliveryPath_CrashCutAtEveryStep/format_2,_the_held_A/B_seal/L8_the_post-seal_identity_check/torn:_the_journal's_last_line
=== RUN   TestDeliveryPath_CrashCutAtEveryStep/format_2,_the_held_A/B_seal/L8_the_post-seal_identity_check/torn:_the_v2_slot_the_next_seal_targets
=== RUN   TestDeliveryPath_CrashCutAtEveryStep/format_2,_the_held_A/B_seal/L8_the_post-seal_identity_check/torn:_the_v2_seal's_effective_slot
=== RUN   TestDeliveryPath_CrashCutAtEveryStep/format_2,_the_held_A/B_seal/L8_the_post-seal_identity_check/torn:_the_WAL's_last_line
=== RUN   TestDeliveryPath_CrashCutAtEveryStep/format_2,_the_held_A/B_seal/AK_after_Accept_returned,_before_the_ACK_byte
=== RUN   TestDeliveryPath_CrashCutAtEveryStep/format_2,_the_held_A/B_seal/AK_after_Accept_returned,_before_the_ACK_byte/the_machine-crash_image
=== RUN   TestDeliveryPath_CrashCutAtEveryStep/format_2,_the_held_A/B_seal/AK_after_Accept_returned,_before_the_ACK_byte/torn:_the_journal's_last_line
=== RUN   TestDeliveryPath_CrashCutAtEveryStep/format_2,_the_held_A/B_seal/AK_after_Accept_returned,_before_the_ACK_byte/torn:_the_v2_slot_the_next_seal_targets
=== RUN   TestDeliveryPath_CrashCutAtEveryStep/format_2,_the_held_A/B_seal/AK_after_Accept_returned,_before_the_ACK_byte/torn:_the_v2_seal's_effective_slot
=== RUN   TestDeliveryPath_CrashCutAtEveryStep/format_2,_the_held_A/B_seal/AK_after_Accept_returned,_before_the_ACK_byte/torn:_the_WAL's_last_line
=== RUN   TestDeliveryPath_CrashCutAtEveryStep/format_2,_the_held_A/B_seal/K4_the_acknowledgement_Write
=== RUN   TestDeliveryPath_CrashCutAtEveryStep/format_2,_the_held_A/B_seal/K4_the_acknowledgement_Write/the_machine-crash_image
=== RUN   TestDeliveryPath_CrashCutAtEveryStep/format_2,_the_held_A/B_seal/K4_the_acknowledgement_Write/torn:_the_v2_seal's_effective_slot
=== RUN   TestDeliveryPath_CrashCutAtEveryStep/format_2,_the_held_A/B_seal/K4_the_acknowledgement_Write/torn:_the_WAL's_last_line
=== RUN   TestDeliveryPath_CrashCutAtEveryStep/format_2,_the_held_A/B_seal/K4_the_acknowledgement_Write/torn:_the_journal's_last_line
=== RUN   TestDeliveryPath_CrashCutAtEveryStep/format_2,_the_held_A/B_seal/K4_the_acknowledgement_Write/torn:_the_v2_slot_the_next_seal_targets
=== RUN   TestDeliveryPath_CrashCutAtEveryStep/format_2,_the_held_A/B_seal/K5_the_acknowledgement_Sync
=== RUN   TestDeliveryPath_CrashCutAtEveryStep/format_2,_the_held_A/B_seal/K5_the_acknowledgement_Sync/the_machine-crash_image
=== RUN   TestDeliveryPath_CrashCutAtEveryStep/format_2,_the_held_A/B_seal/K5_the_acknowledgement_Sync/torn:_the_WAL's_last_line
=== RUN   TestDeliveryPath_CrashCutAtEveryStep/format_2,_the_held_A/B_seal/K5_the_acknowledgement_Sync/torn:_the_journal's_last_line
=== RUN   TestDeliveryPath_CrashCutAtEveryStep/format_2,_the_held_A/B_seal/K5_the_acknowledgement_Sync/torn:_the_v2_slot_the_next_seal_targets
=== RUN   TestDeliveryPath_CrashCutAtEveryStep/format_2,_the_held_A/B_seal/K5_the_acknowledgement_Sync/torn:_the_v2_seal's_effective_slot
=== RUN   TestDeliveryPath_CrashCutAtEveryStep/format_2,_the_held_A/B_seal/K6_the_acknowledgement_seal
=== RUN   TestDeliveryPath_CrashCutAtEveryStep/format_2,_the_held_A/B_seal/K6_the_acknowledgement_seal/the_machine-crash_image
=== RUN   TestDeliveryPath_CrashCutAtEveryStep/format_2,_the_held_A/B_seal/K6_the_acknowledgement_seal/torn:_the_WAL's_last_line
=== RUN   TestDeliveryPath_CrashCutAtEveryStep/format_2,_the_held_A/B_seal/K6_the_acknowledgement_seal/torn:_the_journal's_last_line
=== RUN   TestDeliveryPath_CrashCutAtEveryStep/format_2,_the_held_A/B_seal/K6_the_acknowledgement_seal/torn:_the_v2_slot_the_next_seal_targets
=== RUN   TestDeliveryPath_CrashCutAtEveryStep/format_2,_the_held_A/B_seal/K6_the_acknowledgement_seal/torn:_the_v2_seal's_effective_slot
--- PASS: TestDeliveryPath_CrashCutAtEveryStep (17.20s)
    --- PASS: TestDeliveryPath_CrashCutAtEveryStep/format_1,_the_v1_sidecar (6.64s)
        --- PASS: TestDeliveryPath_CrashCutAtEveryStep/format_1,_the_v1_sidecar/W1_the_WAL_batch's_Write (0.46s)
            --- PASS: TestDeliveryPath_CrashCutAtEveryStep/format_1,_the_v1_sidecar/W1_the_WAL_batch's_Write/the_machine-crash_image (0.29s)
        --- PASS: TestDeliveryPath_CrashCutAtEveryStep/format_1,_the_v1_sidecar/W2_the_WAL_batch's_Sync (0.38s)
            --- PASS: TestDeliveryPath_CrashCutAtEveryStep/format_1,_the_v1_sidecar/W2_the_WAL_batch's_Sync/the_machine-crash_image (0.24s)
        --- PASS: TestDeliveryPath_CrashCutAtEveryStep/format_1,_the_v1_sidecar/L4_the_journal_Write (1.02s)
            --- PASS: TestDeliveryPath_CrashCutAtEveryStep/format_1,_the_v1_sidecar/L4_the_journal_Write/the_machine-crash_image (0.49s)
            --- PASS: TestDeliveryPath_CrashCutAtEveryStep/format_1,_the_v1_sidecar/L4_the_journal_Write/torn:_the_WAL's_last_line (0.37s)
        --- PASS: TestDeliveryPath_CrashCutAtEveryStep/format_1,_the_v1_sidecar/L5_the_journal_Sync (0.81s)
            --- PASS: TestDeliveryPath_CrashCutAtEveryStep/format_1,_the_v1_sidecar/L5_the_journal_Sync/the_machine-crash_image (0.36s)
            --- PASS: TestDeliveryPath_CrashCutAtEveryStep/format_1,_the_v1_sidecar/L5_the_journal_Sync/torn:_the_WAL's_last_line (0.29s)
        --- PASS: TestDeliveryPath_CrashCutAtEveryStep/format_1,_the_v1_sidecar/L6_the_seal (0.80s)
            --- PASS: TestDeliveryPath_CrashCutAtEveryStep/format_1,_the_v1_sidecar/L6_the_seal/the_machine-crash_image (0.26s)
            --- PASS: TestDeliveryPath_CrashCutAtEveryStep/format_1,_the_v1_sidecar/L6_the_seal/torn:_the_journal's_last_line (0.05s)
            --- PASS: TestDeliveryPath_CrashCutAtEveryStep/format_1,_the_v1_sidecar/L6_the_seal/torn:_the_WAL's_last_line (0.27s)
        --- PASS: TestDeliveryPath_CrashCutAtEveryStep/format_1,_the_v1_sidecar/AK_after_Accept_returned,_before_the_ACK_byte (0.86s)
            --- PASS: TestDeliveryPath_CrashCutAtEveryStep/format_1,_the_v1_sidecar/AK_after_Accept_returned,_before_the_ACK_byte/the_machine-crash_image (0.30s)
            --- PASS: TestDeliveryPath_CrashCutAtEveryStep/format_1,_the_v1_sidecar/AK_after_Accept_returned,_before_the_ACK_byte/torn:_the_WAL's_last_line (0.27s)
            --- PASS: TestDeliveryPath_CrashCutAtEveryStep/format_1,_the_v1_sidecar/AK_after_Accept_returned,_before_the_ACK_byte/torn:_the_journal's_last_line (0.08s)
        --- PASS: TestDeliveryPath_CrashCutAtEveryStep/format_1,_the_v1_sidecar/K4_the_acknowledgement_Write (0.76s)
            --- PASS: TestDeliveryPath_CrashCutAtEveryStep/format_1,_the_v1_sidecar/K4_the_acknowledgement_Write/the_machine-crash_image (0.28s)
            --- PASS: TestDeliveryPath_CrashCutAtEveryStep/format_1,_the_v1_sidecar/K4_the_acknowledgement_Write/torn:_the_WAL's_last_line (0.25s)
            --- PASS: TestDeliveryPath_CrashCutAtEveryStep/format_1,_the_v1_sidecar/K4_the_acknowledgement_Write/torn:_the_journal's_last_line (0.04s)
        --- PASS: TestDeliveryPath_CrashCutAtEveryStep/format_1,_the_v1_sidecar/K5_the_acknowledgement_Sync (0.78s)
            --- PASS: TestDeliveryPath_CrashCutAtEveryStep/format_1,_the_v1_sidecar/K5_the_acknowledgement_Sync/the_machine-crash_image (0.24s)
            --- PASS: TestDeliveryPath_CrashCutAtEveryStep/format_1,_the_v1_sidecar/K5_the_acknowledgement_Sync/torn:_the_WAL's_last_line (0.27s)
            --- PASS: TestDeliveryPath_CrashCutAtEveryStep/format_1,_the_v1_sidecar/K5_the_acknowledgement_Sync/torn:_the_journal's_last_line (0.04s)
        --- PASS: TestDeliveryPath_CrashCutAtEveryStep/format_1,_the_v1_sidecar/K6_the_acknowledgement_seal (0.77s)
            --- PASS: TestDeliveryPath_CrashCutAtEveryStep/format_1,_the_v1_sidecar/K6_the_acknowledgement_seal/the_machine-crash_image (0.23s)
            --- PASS: TestDeliveryPath_CrashCutAtEveryStep/format_1,_the_v1_sidecar/K6_the_acknowledgement_seal/torn:_the_journal's_last_line (0.07s)
            --- PASS: TestDeliveryPath_CrashCutAtEveryStep/format_1,_the_v1_sidecar/K6_the_acknowledgement_seal/torn:_the_WAL's_last_line (0.23s)
    --- PASS: TestDeliveryPath_CrashCutAtEveryStep/format_2,_the_held_A/B_seal (10.56s)
        --- PASS: TestDeliveryPath_CrashCutAtEveryStep/format_2,_the_held_A/B_seal/W1_the_WAL_batch's_Write (0.60s)
            --- PASS: TestDeliveryPath_CrashCutAtEveryStep/format_2,_the_held_A/B_seal/W1_the_WAL_batch's_Write/the_machine-crash_image (0.25s)
            --- PASS: TestDeliveryPath_CrashCutAtEveryStep/format_2,_the_held_A/B_seal/W1_the_WAL_batch's_Write/torn:_the_v2_seal's_effective_slot (0.08s)
            --- PASS: TestDeliveryPath_CrashCutAtEveryStep/format_2,_the_held_A/B_seal/W1_the_WAL_batch's_Write/torn:_the_v2_slot_the_next_seal_targets (0.06s)
        --- PASS: TestDeliveryPath_CrashCutAtEveryStep/format_2,_the_held_A/B_seal/W2_the_WAL_batch's_Sync (0.61s)
            --- PASS: TestDeliveryPath_CrashCutAtEveryStep/format_2,_the_held_A/B_seal/W2_the_WAL_batch's_Sync/the_machine-crash_image (0.25s)
            --- PASS: TestDeliveryPath_CrashCutAtEveryStep/format_2,_the_held_A/B_seal/W2_the_WAL_batch's_Sync/torn:_the_v2_slot_the_next_seal_targets (0.07s)
            --- PASS: TestDeliveryPath_CrashCutAtEveryStep/format_2,_the_held_A/B_seal/W2_the_WAL_batch's_Sync/torn:_the_v2_seal's_effective_slot (0.07s)
        --- PASS: TestDeliveryPath_CrashCutAtEveryStep/format_2,_the_held_A/B_seal/L4_the_journal_Write (0.96s)
            --- PASS: TestDeliveryPath_CrashCutAtEveryStep/format_2,_the_held_A/B_seal/L4_the_journal_Write/the_machine-crash_image (0.32s)
            --- PASS: TestDeliveryPath_CrashCutAtEveryStep/format_2,_the_held_A/B_seal/L4_the_journal_Write/torn:_the_WAL's_last_line (0.32s)
            --- PASS: TestDeliveryPath_CrashCutAtEveryStep/format_2,_the_held_A/B_seal/L4_the_journal_Write/torn:_the_v2_slot_the_next_seal_targets (0.07s)
            --- PASS: TestDeliveryPath_CrashCutAtEveryStep/format_2,_the_held_A/B_seal/L4_the_journal_Write/torn:_the_v2_seal's_effective_slot (0.08s)
        --- PASS: TestDeliveryPath_CrashCutAtEveryStep/format_2,_the_held_A/B_seal/L5_the_journal_Sync (1.10s)
            --- PASS: TestDeliveryPath_CrashCutAtEveryStep/format_2,_the_held_A/B_seal/L5_the_journal_Sync/the_machine-crash_image (0.48s)
            --- PASS: TestDeliveryPath_CrashCutAtEveryStep/format_2,_the_held_A/B_seal/L5_the_journal_Sync/torn:_the_WAL's_last_line (0.31s)
            --- PASS: TestDeliveryPath_CrashCutAtEveryStep/format_2,_the_held_A/B_seal/L5_the_journal_Sync/torn:_the_v2_slot_the_next_seal_targets (0.06s)
            --- PASS: TestDeliveryPath_CrashCutAtEveryStep/format_2,_the_held_A/B_seal/L5_the_journal_Sync/torn:_the_v2_seal's_effective_slot (0.08s)
        --- PASS: TestDeliveryPath_CrashCutAtEveryStep/format_2,_the_held_A/B_seal/L6_the_seal (0.91s)
            --- PASS: TestDeliveryPath_CrashCutAtEveryStep/format_2,_the_held_A/B_seal/L6_the_seal/the_machine-crash_image (0.29s)
            --- PASS: TestDeliveryPath_CrashCutAtEveryStep/format_2,_the_held_A/B_seal/L6_the_seal/torn:_the_WAL's_last_line (0.24s)
            --- PASS: TestDeliveryPath_CrashCutAtEveryStep/format_2,_the_held_A/B_seal/L6_the_seal/torn:_the_journal's_last_line (0.07s)
            --- PASS: TestDeliveryPath_CrashCutAtEveryStep/format_2,_the_held_A/B_seal/L6_the_seal/torn:_the_v2_slot_the_next_seal_targets (0.06s)
            --- PASS: TestDeliveryPath_CrashCutAtEveryStep/format_2,_the_held_A/B_seal/L6_the_seal/torn:_the_v2_seal's_effective_slot (0.08s)
        --- PASS: TestDeliveryPath_CrashCutAtEveryStep/format_2,_the_held_A/B_seal/L7_the_v2_slot's_SyncData (1.01s)
            --- PASS: TestDeliveryPath_CrashCutAtEveryStep/format_2,_the_held_A/B_seal/L7_the_v2_slot's_SyncData/the_machine-crash_image (0.40s)
            --- PASS: TestDeliveryPath_CrashCutAtEveryStep/format_2,_the_held_A/B_seal/L7_the_v2_slot's_SyncData/torn:_the_WAL's_last_line (0.22s)
            --- PASS: TestDeliveryPath_CrashCutAtEveryStep/format_2,_the_held_A/B_seal/L7_the_v2_slot's_SyncData/torn:_the_journal's_last_line (0.07s)
            --- PASS: TestDeliveryPath_CrashCutAtEveryStep/format_2,_the_held_A/B_seal/L7_the_v2_slot's_SyncData/torn:_the_v2_slot_the_next_seal_targets (0.07s)
            --- PASS: TestDeliveryPath_CrashCutAtEveryStep/format_2,_the_held_A/B_seal/L7_the_v2_slot's_SyncData/torn:_the_v2_seal's_effective_slot (0.07s)
        --- PASS: TestDeliveryPath_CrashCutAtEveryStep/format_2,_the_held_A/B_seal/L8_the_post-seal_identity_check (1.05s)
            --- PASS: TestDeliveryPath_CrashCutAtEveryStep/format_2,_the_held_A/B_seal/L8_the_post-seal_identity_check/the_machine-crash_image (0.32s)
            --- PASS: TestDeliveryPath_CrashCutAtEveryStep/format_2,_the_held_A/B_seal/L8_the_post-seal_identity_check/torn:_the_journal's_last_line (0.06s)
            --- PASS: TestDeliveryPath_CrashCutAtEveryStep/format_2,_the_held_A/B_seal/L8_the_post-seal_identity_check/torn:_the_v2_slot_the_next_seal_targets (0.07s)
            --- PASS: TestDeliveryPath_CrashCutAtEveryStep/format_2,_the_held_A/B_seal/L8_the_post-seal_identity_check/torn:_the_v2_seal's_effective_slot (0.13s)
            --- PASS: TestDeliveryPath_CrashCutAtEveryStep/format_2,_the_held_A/B_seal/L8_the_post-seal_identity_check/torn:_the_WAL's_last_line (0.28s)
        --- PASS: TestDeliveryPath_CrashCutAtEveryStep/format_2,_the_held_A/B_seal/AK_after_Accept_returned,_before_the_ACK_byte (1.05s)
            --- PASS: TestDeliveryPath_CrashCutAtEveryStep/format_2,_the_held_A/B_seal/AK_after_Accept_returned,_before_the_ACK_byte/the_machine-crash_image (0.31s)
            --- PASS: TestDeliveryPath_CrashCutAtEveryStep/format_2,_the_held_A/B_seal/AK_after_Accept_returned,_before_the_ACK_byte/torn:_the_journal's_last_line (0.09s)
            --- PASS: TestDeliveryPath_CrashCutAtEveryStep/format_2,_the_held_A/B_seal/AK_after_Accept_returned,_before_the_ACK_byte/torn:_the_v2_slot_the_next_seal_targets (0.07s)
            --- PASS: TestDeliveryPath_CrashCutAtEveryStep/format_2,_the_held_A/B_seal/AK_after_Accept_returned,_before_the_ACK_byte/torn:_the_v2_seal's_effective_slot (0.08s)
            --- PASS: TestDeliveryPath_CrashCutAtEveryStep/format_2,_the_held_A/B_seal/AK_after_Accept_returned,_before_the_ACK_byte/torn:_the_WAL's_last_line (0.27s)
        --- PASS: TestDeliveryPath_CrashCutAtEveryStep/format_2,_the_held_A/B_seal/K4_the_acknowledgement_Write (0.95s)
            --- PASS: TestDeliveryPath_CrashCutAtEveryStep/format_2,_the_held_A/B_seal/K4_the_acknowledgement_Write/the_machine-crash_image (0.32s)
            --- PASS: TestDeliveryPath_CrashCutAtEveryStep/format_2,_the_held_A/B_seal/K4_the_acknowledgement_Write/torn:_the_v2_seal's_effective_slot (0.06s)
            --- PASS: TestDeliveryPath_CrashCutAtEveryStep/format_2,_the_held_A/B_seal/K4_the_acknowledgement_Write/torn:_the_WAL's_last_line (0.24s)
            --- PASS: TestDeliveryPath_CrashCutAtEveryStep/format_2,_the_held_A/B_seal/K4_the_acknowledgement_Write/torn:_the_journal's_last_line (0.06s)
            --- PASS: TestDeliveryPath_CrashCutAtEveryStep/format_2,_the_held_A/B_seal/K4_the_acknowledgement_Write/torn:_the_v2_slot_the_next_seal_targets (0.07s)
        --- PASS: TestDeliveryPath_CrashCutAtEveryStep/format_2,_the_held_A/B_seal/K5_the_acknowledgement_Sync (1.14s)
            --- PASS: TestDeliveryPath_CrashCutAtEveryStep/format_2,_the_held_A/B_seal/K5_the_acknowledgement_Sync/the_machine-crash_image (0.46s)
            --- PASS: TestDeliveryPath_CrashCutAtEveryStep/format_2,_the_held_A/B_seal/K5_the_acknowledgement_Sync/torn:_the_WAL's_last_line (0.24s)
            --- PASS: TestDeliveryPath_CrashCutAtEveryStep/format_2,_the_held_A/B_seal/K5_the_acknowledgement_Sync/torn:_the_journal's_last_line (0.07s)
            --- PASS: TestDeliveryPath_CrashCutAtEveryStep/format_2,_the_held_A/B_seal/K5_the_acknowledgement_Sync/torn:_the_v2_slot_the_next_seal_targets (0.08s)
            --- PASS: TestDeliveryPath_CrashCutAtEveryStep/format_2,_the_held_A/B_seal/K5_the_acknowledgement_Sync/torn:_the_v2_seal's_effective_slot (0.08s)
        --- PASS: TestDeliveryPath_CrashCutAtEveryStep/format_2,_the_held_A/B_seal/K6_the_acknowledgement_seal (1.17s)
            --- PASS: TestDeliveryPath_CrashCutAtEveryStep/format_2,_the_held_A/B_seal/K6_the_acknowledgement_seal/the_machine-crash_image (0.33s)
            --- PASS: TestDeliveryPath_CrashCutAtEveryStep/format_2,_the_held_A/B_seal/K6_the_acknowledgement_seal/torn:_the_WAL's_last_line (0.29s)
            --- PASS: TestDeliveryPath_CrashCutAtEveryStep/format_2,_the_held_A/B_seal/K6_the_acknowledgement_seal/torn:_the_journal's_last_line (0.11s)
            --- PASS: TestDeliveryPath_CrashCutAtEveryStep/format_2,_the_held_A/B_seal/K6_the_acknowledgement_seal/torn:_the_v2_slot_the_next_seal_targets (0.09s)
            --- PASS: TestDeliveryPath_CrashCutAtEveryStep/format_2,_the_held_A/B_seal/K6_the_acknowledgement_seal/torn:_the_v2_seal's_effective_slot (0.09s)
=== RUN   TestDeliveryPath_CrashBeforeTheLeaseMintsExactlyOneIdentity
=== RUN   TestDeliveryPath_CrashBeforeTheLeaseMintsExactlyOneIdentity/format_1,_the_v1_sidecar
=== RUN   TestDeliveryPath_CrashBeforeTheLeaseMintsExactlyOneIdentity/format_2,_the_held_A/B_seal
--- PASS: TestDeliveryPath_CrashBeforeTheLeaseMintsExactlyOneIdentity (1.06s)
    --- PASS: TestDeliveryPath_CrashBeforeTheLeaseMintsExactlyOneIdentity/format_1,_the_v1_sidecar (0.49s)
    --- PASS: TestDeliveryPath_CrashBeforeTheLeaseMintsExactlyOneIdentity/format_2,_the_held_A/B_seal (0.57s)
=== RUN   TestDeliveryPath_WALCrashCutsLeaveOnlyWhatWasSynced
=== RUN   TestDeliveryPath_WALCrashCutsLeaveOnlyWhatWasSynced/a_Write_that_never_landed_leaves_the_segment_as_it_was
=== RUN   TestDeliveryPath_WALCrashCutsLeaveOnlyWhatWasSynced/a_Sync_that_never_returned_leaves_the_line_unacknowledged
--- PASS: TestDeliveryPath_WALCrashCutsLeaveOnlyWhatWasSynced (0.03s)
    --- PASS: TestDeliveryPath_WALCrashCutsLeaveOnlyWhatWasSynced/a_Write_that_never_landed_leaves_the_segment_as_it_was (0.03s)
    --- PASS: TestDeliveryPath_WALCrashCutsLeaveOnlyWhatWasSynced/a_Sync_that_never_returned_leaves_the_line_unacknowledged (0.00s)
=== RUN   TestDeliveryGeneration_V6_ImmutableNonceAndArrival
--- PASS: TestDeliveryGeneration_V6_ImmutableNonceAndArrival (0.49s)
=== RUN   TestDeliveryGeneration_V6_LogCapacityRefusesBeforeAppend
--- PASS: TestDeliveryGeneration_V6_LogCapacityRefusesBeforeAppend (0.15s)
=== RUN   TestDeliveryRollover_V6_DisabledMechanismCannotReopenLegacy
--- PASS: TestDeliveryRollover_V6_DisabledMechanismCannotReopenLegacy (0.52s)
=== RUN   TestDeliveryRollover_V6_BaseReadFailureIsNotFirstArrival
--- PASS: TestDeliveryRollover_V6_BaseReadFailureIsNotFirstArrival (0.00s)
=== RUN   TestDeliveryRollover_V6_MissingActiveAcknowledgementsAreNotRecreated
--- PASS: TestDeliveryRollover_V6_MissingActiveAcknowledgementsAreNotRecreated (1.10s)
=== RUN   TestDeliveryGeneration_ManyGenerationsAndReplayIdentity
--- PASS: TestDeliveryGeneration_ManyGenerationsAndReplayIdentity (55.87s)
=== RUN   TestDeliveryGeneration_DormantSessionArrivalContinuity
--- PASS: TestDeliveryGeneration_DormantSessionArrivalContinuity (27.21s)
=== RUN   TestDeliveryGeneration_ArchivedAckExactJoinAndCorruptionRefusal
--- PASS: TestDeliveryGeneration_ArchivedAckExactJoinAndCorruptionRefusal (0.41s)
=== RUN   TestDeliveryGeneration_OrderedByArrivalFrontier
--- PASS: TestDeliveryGeneration_OrderedByArrivalFrontier (2.02s)
=== RUN   TestDeliveryGeneration_TerminalArchivedLeaseResolves
--- PASS: TestDeliveryGeneration_TerminalArchivedLeaseResolves (18.15s)
=== RUN   TestDeliveryGeneration_RestartAfterNewWrites
--- PASS: TestDeliveryGeneration_RestartAfterNewWrites (12.57s)
=== RUN   TestDeliveryGeneration_MissingHeadIsUnavailable
--- PASS: TestDeliveryGeneration_MissingHeadIsUnavailable (0.63s)
=== RUN   TestDeliveryGeneration_TornTailIsPreservedAndUnavailable
--- PASS: TestDeliveryGeneration_TornTailIsPreservedAndUnavailable (0.22s)
=== RUN   TestDeliveryGeneration_CompleteTailAfterLostHeadWriteIsAdopted
--- PASS: TestDeliveryGeneration_CompleteTailAfterLostHeadWriteIsAdopted (2.00s)
=== RUN   TestDeliveryGeneration_EmptyStoreIsAbsentNotUnavailable
--- PASS: TestDeliveryGeneration_EmptyStoreIsAbsentNotUnavailable (0.01s)
=== RUN   TestDeliveryGeneration_InvalidLeaseAndCancellation
--- PASS: TestDeliveryGeneration_InvalidLeaseAndCancellation (0.27s)
=== RUN   TestDeliveryGeneration_AckFrontierBlocksOnOldestPending
--- PASS: TestDeliveryGeneration_AckFrontierBlocksOnOldestPending (4.26s)
=== RUN   TestDeliveryGeneration_AckMembershipJoinIsExact
--- PASS: TestDeliveryGeneration_AckMembershipJoinIsExact (0.16s)
=== RUN   TestDeliveryGeneration_TerminalMembershipSettlesFrontier
--- PASS: TestDeliveryGeneration_TerminalMembershipSettlesFrontier (0.46s)
=== RUN   TestDeliveryGeneration_ConflictingHeadIsRefused
=== RUN   TestDeliveryGeneration_ConflictingHeadIsRefused/tampered_root
=== RUN   TestDeliveryGeneration_ConflictingHeadIsRefused/log_bytes_past_eof
=== RUN   TestDeliveryGeneration_ConflictingHeadIsRefused/last_len_past_boundary
--- PASS: TestDeliveryGeneration_ConflictingHeadIsRefused (1.48s)
    --- PASS: TestDeliveryGeneration_ConflictingHeadIsRefused/tampered_root (0.57s)
    --- PASS: TestDeliveryGeneration_ConflictingHeadIsRefused/log_bytes_past_eof (0.47s)
    --- PASS: TestDeliveryGeneration_ConflictingHeadIsRefused/last_len_past_boundary (0.44s)
=== RUN   TestDeliveryGeneration_FaultPoisonsQueriesFailClosed
--- PASS: TestDeliveryGeneration_FaultPoisonsQueriesFailClosed (0.12s)
=== RUN   TestDeliveryJournal_GenerationMirrorsAdmittedLease
--- PASS: TestDeliveryJournal_GenerationMirrorsAdmittedLease (0.42s)
=== RUN   TestDeliveryJournal_GenerationResolvesArchivedRedelivery
--- PASS: TestDeliveryJournal_GenerationResolvesArchivedRedelivery (0.37s)
=== RUN   TestDeliveryJournal_GenerationContinuesArrivalsForAnArchivedSession
--- PASS: TestDeliveryJournal_GenerationContinuesArrivalsForAnArchivedSession (0.62s)
=== RUN   TestDeliveryJournal_GenerationAckMirrorAdvancesFrontier
--- PASS: TestDeliveryJournal_GenerationAckMirrorAdvancesFrontier (1.44s)
=== RUN   TestDeliveryJournal_AccessorOwnershipIsRecheckedPerBatch
=== RUN   TestDeliveryJournal_AccessorOwnershipIsRecheckedPerBatch/a_lease_after_the_lock_was_replaced
=== RUN   TestDeliveryJournal_AccessorOwnershipIsRecheckedPerBatch/a_batch_queued_before_the_lock_was_replaced
--- PASS: TestDeliveryJournal_AccessorOwnershipIsRecheckedPerBatch (0.63s)
    --- PASS: TestDeliveryJournal_AccessorOwnershipIsRecheckedPerBatch/a_lease_after_the_lock_was_replaced (0.44s)
    --- PASS: TestDeliveryJournal_AccessorOwnershipIsRecheckedPerBatch/a_batch_queued_before_the_lock_was_replaced (0.19s)
=== RUN   TestCarriedDefect_SP20D4_LeaseJournalRefusesEveryDeliveryPastItsEntryCap
    delivery_lease_cap_test.go:37: fixture: 65536 acknowledged leases; lease journal 20239518 bytes, ack journal 16908288 bytes
--- PASS: TestCarriedDefect_SP20D4_LeaseJournalRefusesEveryDeliveryPastItsEntryCap (2.70s)
=== RUN   TestDeliveryJournal_LeaseSyncSerializesWithRelease
--- PASS: TestDeliveryJournal_LeaseSyncSerializesWithRelease (0.22s)
=== RUN   TestDeliveryJournal_UncertainAppendPoisonsUntilRecovery
=== RUN   TestDeliveryJournal_UncertainAppendPoisonsUntilRecovery/short_write
=== RUN   TestDeliveryJournal_UncertainAppendPoisonsUntilRecovery/sync_failure
=== RUN   TestDeliveryJournal_UncertainAppendPoisonsUntilRecovery/position_failure
--- PASS: TestDeliveryJournal_UncertainAppendPoisonsUntilRecovery (1.39s)
    --- PASS: TestDeliveryJournal_UncertainAppendPoisonsUntilRecovery/short_write (0.58s)
    --- PASS: TestDeliveryJournal_UncertainAppendPoisonsUntilRecovery/sync_failure (0.44s)
    --- PASS: TestDeliveryJournal_UncertainAppendPoisonsUntilRecovery/position_failure (0.37s)
=== RUN   TestDeliveryJournal_CloseFailureRetainsOwnership
--- PASS: TestDeliveryJournal_CloseFailureRetainsOwnership (0.15s)
=== RUN   TestDeliveryJournal_SealedPrefixCannotRewindOrChange
=== RUN   TestDeliveryJournal_SealedPrefixCannotRewindOrChange/truncate
=== RUN   TestDeliveryJournal_SealedPrefixCannotRewindOrChange/mutate
=== RUN   TestDeliveryJournal_SealedPrefixCannotRewindOrChange/missing_journal
=== RUN   TestDeliveryJournal_SealedPrefixCannotRewindOrChange/missing_position
--- PASS: TestDeliveryJournal_SealedPrefixCannotRewindOrChange (1.16s)
    --- PASS: TestDeliveryJournal_SealedPrefixCannotRewindOrChange/truncate (0.31s)
    --- PASS: TestDeliveryJournal_SealedPrefixCannotRewindOrChange/mutate (0.31s)
    --- PASS: TestDeliveryJournal_SealedPrefixCannotRewindOrChange/missing_journal (0.28s)
    --- PASS: TestDeliveryJournal_SealedPrefixCannotRewindOrChange/missing_position (0.26s)
=== RUN   TestDeliveryJournal_BoundsAndSequenceOverflowRefuseAdmission
--- PASS: TestDeliveryJournal_BoundsAndSequenceOverflowRefuseAdmission (0.21s)
=== RUN   TestDeliveryJournal_ConcurrentDeliveryRetriesShareOneAssignment
--- PASS: TestDeliveryJournal_ConcurrentDeliveryRetriesShareOneAssignment (0.23s)
=== RUN   TestDeliveryJournal_PositionCorruptionCannotBeRepairedByAnOpenWriter
=== RUN   TestDeliveryJournal_PositionCorruptionCannotBeRepairedByAnOpenWriter/missing
=== RUN   TestDeliveryJournal_PositionCorruptionCannotBeRepairedByAnOpenWriter/malformed
=== RUN   TestDeliveryJournal_PositionCorruptionCannotBeRepairedByAnOpenWriter/future
=== RUN   TestDeliveryJournal_PositionCorruptionCannotBeRepairedByAnOpenWriter/noncanonical
=== RUN   TestDeliveryJournal_PositionCorruptionCannotBeRepairedByAnOpenWriter/count
=== RUN   TestDeliveryJournal_PositionCorruptionCannotBeRepairedByAnOpenWriter/bytes
=== RUN   TestDeliveryJournal_PositionCorruptionCannotBeRepairedByAnOpenWriter/chain
--- PASS: TestDeliveryJournal_PositionCorruptionCannotBeRepairedByAnOpenWriter (2.22s)
    --- PASS: TestDeliveryJournal_PositionCorruptionCannotBeRepairedByAnOpenWriter/missing (0.23s)
    --- PASS: TestDeliveryJournal_PositionCorruptionCannotBeRepairedByAnOpenWriter/malformed (0.22s)
    --- PASS: TestDeliveryJournal_PositionCorruptionCannotBeRepairedByAnOpenWriter/future (0.75s)
    --- PASS: TestDeliveryJournal_PositionCorruptionCannotBeRepairedByAnOpenWriter/noncanonical (0.26s)
    --- PASS: TestDeliveryJournal_PositionCorruptionCannotBeRepairedByAnOpenWriter/count (0.27s)
    --- PASS: TestDeliveryJournal_PositionCorruptionCannotBeRepairedByAnOpenWriter/bytes (0.25s)
    --- PASS: TestDeliveryJournal_PositionCorruptionCannotBeRepairedByAnOpenWriter/chain (0.23s)
=== RUN   TestDeliveryJournal_FailedOpenRequiresOwnerReleaseBeforeRetry
--- PASS: TestDeliveryJournal_FailedOpenRequiresOwnerReleaseBeforeRetry (0.47s)
=== RUN   TestDeliveryJournal_RejectsOversizeJournalAndRecord
=== RUN   TestDeliveryJournal_RejectsOversizeJournalAndRecord/record
=== RUN   TestDeliveryJournal_RejectsOversizeJournalAndRecord/file
--- PASS: TestDeliveryJournal_RejectsOversizeJournalAndRecord (0.45s)
    --- PASS: TestDeliveryJournal_RejectsOversizeJournalAndRecord/record (0.24s)
    --- PASS: TestDeliveryJournal_RejectsOversizeJournalAndRecord/file (0.20s)
=== RUN   TestDeliveryJournal_BatchCommitsOneWriteOneSyncOneSeal
--- PASS: TestDeliveryJournal_BatchCommitsOneWriteOneSyncOneSeal (0.26s)
=== RUN   TestDeliveryJournal_NoLeaseReleasedBeforeItsBatchSeal
--- PASS: TestDeliveryJournal_NoLeaseReleasedBeforeItsBatchSeal (0.24s)
=== RUN   TestDeliveryJournal_ConcurrentRedeliveryJoinsPendingBatch
=== RUN   TestDeliveryJournal_ConcurrentRedeliveryJoinsPendingBatch/J1:_a_copy_later_in_the_same_batch_joins_the_mint
=== RUN   TestDeliveryJournal_ConcurrentRedeliveryJoinsPendingBatch/J3:_a_copy_queued_before_its_original's_batch_was_cut_joins_it
=== RUN   TestDeliveryJournal_ConcurrentRedeliveryJoinsPendingBatch/J2:_a_copy_queued_behind_its_original's_batch_is_answered_as_a_known_nonce
=== RUN   TestDeliveryJournal_ConcurrentRedeliveryJoinsPendingBatch/J2:_the_next_batch's_checkFile_gates_the_known-nonce_answer
=== RUN   TestDeliveryJournal_ConcurrentRedeliveryJoinsPendingBatch/J2_behind_a_failed_batch:_the_next_batch_refuses_on_the_fault
=== RUN   TestDeliveryJournal_ConcurrentRedeliveryJoinsPendingBatch/a_copy_with_another_binding_gets_the_fault_when_its_batch_fails
--- PASS: TestDeliveryJournal_ConcurrentRedeliveryJoinsPendingBatch (1.31s)
    --- PASS: TestDeliveryJournal_ConcurrentRedeliveryJoinsPendingBatch/J1:_a_copy_later_in_the_same_batch_joins_the_mint (0.22s)
    --- PASS: TestDeliveryJournal_ConcurrentRedeliveryJoinsPendingBatch/J3:_a_copy_queued_before_its_original's_batch_was_cut_joins_it (0.39s)
    --- PASS: TestDeliveryJournal_ConcurrentRedeliveryJoinsPendingBatch/J2:_a_copy_queued_behind_its_original's_batch_is_answered_as_a_known_nonce (0.19s)
    --- PASS: TestDeliveryJournal_ConcurrentRedeliveryJoinsPendingBatch/J2:_the_next_batch's_checkFile_gates_the_known-nonce_answer (0.19s)
    --- PASS: TestDeliveryJournal_ConcurrentRedeliveryJoinsPendingBatch/J2_behind_a_failed_batch:_the_next_batch_refuses_on_the_fault (0.16s)
    --- PASS: TestDeliveryJournal_ConcurrentRedeliveryJoinsPendingBatch/a_copy_with_another_binding_gets_the_fault_when_its_batch_fails (0.16s)
=== RUN   TestDeliveryJournal_BatchFailurePoisonsEveryDependentMember
=== RUN   TestDeliveryJournal_BatchFailurePoisonsEveryDependentMember/short_write
=== RUN   TestDeliveryJournal_BatchFailurePoisonsEveryDependentMember/sync_failure
=== RUN   TestDeliveryJournal_BatchFailurePoisonsEveryDependentMember/seal_failure
--- PASS: TestDeliveryJournal_BatchFailurePoisonsEveryDependentMember (0.95s)
    --- PASS: TestDeliveryJournal_BatchFailurePoisonsEveryDependentMember/short_write (0.27s)
    --- PASS: TestDeliveryJournal_BatchFailurePoisonsEveryDependentMember/sync_failure (0.33s)
    --- PASS: TestDeliveryJournal_BatchFailurePoisonsEveryDependentMember/seal_failure (0.35s)
=== RUN   TestDeliveryJournal_PanicInBatchPoisonsAndFailsEveryMember
=== RUN   TestDeliveryJournal_PanicInBatchPoisonsAndFailsEveryMember/a_panic_in_the_sync
=== RUN   TestDeliveryJournal_PanicInBatchPoisonsAndFailsEveryMember/a_panic_in_the_seal
--- PASS: TestDeliveryJournal_PanicInBatchPoisonsAndFailsEveryMember (0.36s)
    --- PASS: TestDeliveryJournal_PanicInBatchPoisonsAndFailsEveryMember/a_panic_in_the_sync (0.19s)
    --- PASS: TestDeliveryJournal_PanicInBatchPoisonsAndFailsEveryMember/a_panic_in_the_seal (0.17s)
=== RUN   TestDeliveryJournal_CheckRunsAfterEvaluationAndImmediatelyBeforeAppend
=== RUN   TestDeliveryJournal_CheckRunsAfterEvaluationAndImmediatelyBeforeAppend/the_order_of_a_committed_batch
=== RUN   TestDeliveryJournal_CheckRunsAfterEvaluationAndImmediatelyBeforeAppend/format_1,_the_v1_sidecar
=== RUN   TestDeliveryJournal_CheckRunsAfterEvaluationAndImmediatelyBeforeAppend/format_1,_the_v1_sidecar/position_missing_between_batches
=== RUN   TestDeliveryJournal_CheckRunsAfterEvaluationAndImmediatelyBeforeAppend/format_1,_the_v1_sidecar/position_missing_during_evaluation
=== RUN   TestDeliveryJournal_CheckRunsAfterEvaluationAndImmediatelyBeforeAppend/format_1,_the_v1_sidecar/position_malformed_between_batches
=== RUN   TestDeliveryJournal_CheckRunsAfterEvaluationAndImmediatelyBeforeAppend/format_1,_the_v1_sidecar/position_malformed_during_evaluation
=== RUN   TestDeliveryJournal_CheckRunsAfterEvaluationAndImmediatelyBeforeAppend/format_1,_the_v1_sidecar/journal_truncated_between_batches
=== RUN   TestDeliveryJournal_CheckRunsAfterEvaluationAndImmediatelyBeforeAppend/format_1,_the_v1_sidecar/journal_truncated_during_evaluation
=== RUN   TestDeliveryJournal_CheckRunsAfterEvaluationAndImmediatelyBeforeAppend/format_1,_the_v1_sidecar/journal_extended_between_batches
=== RUN   TestDeliveryJournal_CheckRunsAfterEvaluationAndImmediatelyBeforeAppend/format_1,_the_v1_sidecar/journal_extended_during_evaluation
=== RUN   TestDeliveryJournal_CheckRunsAfterEvaluationAndImmediatelyBeforeAppend/format_1,_the_v1_sidecar/position_future_version_between_batches
=== RUN   TestDeliveryJournal_CheckRunsAfterEvaluationAndImmediatelyBeforeAppend/format_1,_the_v1_sidecar/position_future_version_during_evaluation
=== RUN   TestDeliveryJournal_CheckRunsAfterEvaluationAndImmediatelyBeforeAppend/format_1,_the_v1_sidecar/position_noncanonical_between_batches
=== RUN   TestDeliveryJournal_CheckRunsAfterEvaluationAndImmediatelyBeforeAppend/format_1,_the_v1_sidecar/position_noncanonical_during_evaluation
=== RUN   TestDeliveryJournal_CheckRunsAfterEvaluationAndImmediatelyBeforeAppend/format_1,_the_v1_sidecar/position_count_between_batches
=== RUN   TestDeliveryJournal_CheckRunsAfterEvaluationAndImmediatelyBeforeAppend/format_1,_the_v1_sidecar/position_count_during_evaluation
=== RUN   TestDeliveryJournal_CheckRunsAfterEvaluationAndImmediatelyBeforeAppend/format_1,_the_v1_sidecar/position_bytes_between_batches
=== RUN   TestDeliveryJournal_CheckRunsAfterEvaluationAndImmediatelyBeforeAppend/format_1,_the_v1_sidecar/position_bytes_during_evaluation
=== RUN   TestDeliveryJournal_CheckRunsAfterEvaluationAndImmediatelyBeforeAppend/format_1,_the_v1_sidecar/position_chain_between_batches
=== RUN   TestDeliveryJournal_CheckRunsAfterEvaluationAndImmediatelyBeforeAppend/format_1,_the_v1_sidecar/position_chain_during_evaluation
=== RUN   TestDeliveryJournal_CheckRunsAfterEvaluationAndImmediatelyBeforeAppend/format_2,_the_held_A/B_seal
=== RUN   TestDeliveryJournal_CheckRunsAfterEvaluationAndImmediatelyBeforeAppend/format_2,_the_held_A/B_seal/position_missing_between_batches
=== RUN   TestDeliveryJournal_CheckRunsAfterEvaluationAndImmediatelyBeforeAppend/format_2,_the_held_A/B_seal/position_missing_during_evaluation
=== RUN   TestDeliveryJournal_CheckRunsAfterEvaluationAndImmediatelyBeforeAppend/format_2,_the_held_A/B_seal/position_malformed_between_batches
=== RUN   TestDeliveryJournal_CheckRunsAfterEvaluationAndImmediatelyBeforeAppend/format_2,_the_held_A/B_seal/position_malformed_during_evaluation
=== RUN   TestDeliveryJournal_CheckRunsAfterEvaluationAndImmediatelyBeforeAppend/format_2,_the_held_A/B_seal/journal_truncated_between_batches
=== RUN   TestDeliveryJournal_CheckRunsAfterEvaluationAndImmediatelyBeforeAppend/format_2,_the_held_A/B_seal/journal_truncated_during_evaluation
=== RUN   TestDeliveryJournal_CheckRunsAfterEvaluationAndImmediatelyBeforeAppend/format_2,_the_held_A/B_seal/journal_extended_between_batches
=== RUN   TestDeliveryJournal_CheckRunsAfterEvaluationAndImmediatelyBeforeAppend/format_2,_the_held_A/B_seal/journal_extended_during_evaluation
=== RUN   TestDeliveryJournal_CheckRunsAfterEvaluationAndImmediatelyBeforeAppend/format_2,_the_held_A/B_seal/position_future_version_between_batches
=== RUN   TestDeliveryJournal_CheckRunsAfterEvaluationAndImmediatelyBeforeAppend/format_2,_the_held_A/B_seal/position_future_version_during_evaluation
=== RUN   TestDeliveryJournal_CheckRunsAfterEvaluationAndImmediatelyBeforeAppend/format_2,_the_held_A/B_seal/position_noncanonical_between_batches
=== RUN   TestDeliveryJournal_CheckRunsAfterEvaluationAndImmediatelyBeforeAppend/format_2,_the_held_A/B_seal/position_noncanonical_during_evaluation
=== RUN   TestDeliveryJournal_CheckRunsAfterEvaluationAndImmediatelyBeforeAppend/format_2,_the_held_A/B_seal/position_count_between_batches
=== RUN   TestDeliveryJournal_CheckRunsAfterEvaluationAndImmediatelyBeforeAppend/format_2,_the_held_A/B_seal/position_count_during_evaluation
=== RUN   TestDeliveryJournal_CheckRunsAfterEvaluationAndImmediatelyBeforeAppend/format_2,_the_held_A/B_seal/position_bytes_between_batches
=== RUN   TestDeliveryJournal_CheckRunsAfterEvaluationAndImmediatelyBeforeAppend/format_2,_the_held_A/B_seal/position_bytes_during_evaluation
=== RUN   TestDeliveryJournal_CheckRunsAfterEvaluationAndImmediatelyBeforeAppend/format_2,_the_held_A/B_seal/position_chain_between_batches
=== RUN   TestDeliveryJournal_CheckRunsAfterEvaluationAndImmediatelyBeforeAppend/format_2,_the_held_A/B_seal/position_chain_during_evaluation
=== RUN   TestDeliveryJournal_CheckRunsAfterEvaluationAndImmediatelyBeforeAppend/format_2,_the_held_A/B_seal/position_replaced_by_a_copy_of_itself_between_batches
=== RUN   TestDeliveryJournal_CheckRunsAfterEvaluationAndImmediatelyBeforeAppend/format_2,_the_held_A/B_seal/position_replaced_by_a_copy_of_itself_during_evaluation
--- PASS: TestDeliveryJournal_CheckRunsAfterEvaluationAndImmediatelyBeforeAppend (9.55s)
    --- PASS: TestDeliveryJournal_CheckRunsAfterEvaluationAndImmediatelyBeforeAppend/the_order_of_a_committed_batch (0.25s)
    --- PASS: TestDeliveryJournal_CheckRunsAfterEvaluationAndImmediatelyBeforeAppend/format_1,_the_v1_sidecar (4.36s)
        --- PASS: TestDeliveryJournal_CheckRunsAfterEvaluationAndImmediatelyBeforeAppend/format_1,_the_v1_sidecar/position_missing_between_batches (0.27s)
        --- PASS: TestDeliveryJournal_CheckRunsAfterEvaluationAndImmediatelyBeforeAppend/format_1,_the_v1_sidecar/position_missing_during_evaluation (0.24s)
        --- PASS: TestDeliveryJournal_CheckRunsAfterEvaluationAndImmediatelyBeforeAppend/format_1,_the_v1_sidecar/position_malformed_between_batches (0.22s)
        --- PASS: TestDeliveryJournal_CheckRunsAfterEvaluationAndImmediatelyBeforeAppend/format_1,_the_v1_sidecar/position_malformed_during_evaluation (0.24s)
        --- PASS: TestDeliveryJournal_CheckRunsAfterEvaluationAndImmediatelyBeforeAppend/format_1,_the_v1_sidecar/journal_truncated_between_batches (0.24s)
        --- PASS: TestDeliveryJournal_CheckRunsAfterEvaluationAndImmediatelyBeforeAppend/format_1,_the_v1_sidecar/journal_truncated_during_evaluation (0.39s)
        --- PASS: TestDeliveryJournal_CheckRunsAfterEvaluationAndImmediatelyBeforeAppend/format_1,_the_v1_sidecar/journal_extended_between_batches (0.22s)
        --- PASS: TestDeliveryJournal_CheckRunsAfterEvaluationAndImmediatelyBeforeAppend/format_1,_the_v1_sidecar/journal_extended_during_evaluation (0.22s)
        --- PASS: TestDeliveryJournal_CheckRunsAfterEvaluationAndImmediatelyBeforeAppend/format_1,_the_v1_sidecar/position_future_version_between_batches (0.21s)
        --- PASS: TestDeliveryJournal_CheckRunsAfterEvaluationAndImmediatelyBeforeAppend/format_1,_the_v1_sidecar/position_future_version_during_evaluation (0.22s)
        --- PASS: TestDeliveryJournal_CheckRunsAfterEvaluationAndImmediatelyBeforeAppend/format_1,_the_v1_sidecar/position_noncanonical_between_batches (0.22s)
        --- PASS: TestDeliveryJournal_CheckRunsAfterEvaluationAndImmediatelyBeforeAppend/format_1,_the_v1_sidecar/position_noncanonical_during_evaluation (0.22s)
        --- PASS: TestDeliveryJournal_CheckRunsAfterEvaluationAndImmediatelyBeforeAppend/format_1,_the_v1_sidecar/position_count_between_batches (0.23s)
        --- PASS: TestDeliveryJournal_CheckRunsAfterEvaluationAndImmediatelyBeforeAppend/format_1,_the_v1_sidecar/position_count_during_evaluation (0.23s)
        --- PASS: TestDeliveryJournal_CheckRunsAfterEvaluationAndImmediatelyBeforeAppend/format_1,_the_v1_sidecar/position_bytes_between_batches (0.24s)
        --- PASS: TestDeliveryJournal_CheckRunsAfterEvaluationAndImmediatelyBeforeAppend/format_1,_the_v1_sidecar/position_bytes_during_evaluation (0.22s)
        --- PASS: TestDeliveryJournal_CheckRunsAfterEvaluationAndImmediatelyBeforeAppend/format_1,_the_v1_sidecar/position_chain_between_batches (0.25s)
        --- PASS: TestDeliveryJournal_CheckRunsAfterEvaluationAndImmediatelyBeforeAppend/format_1,_the_v1_sidecar/position_chain_during_evaluation (0.26s)
    --- PASS: TestDeliveryJournal_CheckRunsAfterEvaluationAndImmediatelyBeforeAppend/format_2,_the_held_A/B_seal (4.95s)
        --- PASS: TestDeliveryJournal_CheckRunsAfterEvaluationAndImmediatelyBeforeAppend/format_2,_the_held_A/B_seal/position_missing_between_batches (0.21s)
        --- PASS: TestDeliveryJournal_CheckRunsAfterEvaluationAndImmediatelyBeforeAppend/format_2,_the_held_A/B_seal/position_missing_during_evaluation (0.21s)
        --- PASS: TestDeliveryJournal_CheckRunsAfterEvaluationAndImmediatelyBeforeAppend/format_2,_the_held_A/B_seal/position_malformed_between_batches (0.33s)
        --- PASS: TestDeliveryJournal_CheckRunsAfterEvaluationAndImmediatelyBeforeAppend/format_2,_the_held_A/B_seal/position_malformed_during_evaluation (0.24s)
        --- PASS: TestDeliveryJournal_CheckRunsAfterEvaluationAndImmediatelyBeforeAppend/format_2,_the_held_A/B_seal/journal_truncated_between_batches (0.24s)
        --- PASS: TestDeliveryJournal_CheckRunsAfterEvaluationAndImmediatelyBeforeAppend/format_2,_the_held_A/B_seal/journal_truncated_during_evaluation (0.23s)
        --- PASS: TestDeliveryJournal_CheckRunsAfterEvaluationAndImmediatelyBeforeAppend/format_2,_the_held_A/B_seal/journal_extended_between_batches (0.22s)
        --- PASS: TestDeliveryJournal_CheckRunsAfterEvaluationAndImmediatelyBeforeAppend/format_2,_the_held_A/B_seal/journal_extended_during_evaluation (0.26s)
        --- PASS: TestDeliveryJournal_CheckRunsAfterEvaluationAndImmediatelyBeforeAppend/format_2,_the_held_A/B_seal/position_future_version_between_batches (0.24s)
        --- PASS: TestDeliveryJournal_CheckRunsAfterEvaluationAndImmediatelyBeforeAppend/format_2,_the_held_A/B_seal/position_future_version_during_evaluation (0.26s)
        --- PASS: TestDeliveryJournal_CheckRunsAfterEvaluationAndImmediatelyBeforeAppend/format_2,_the_held_A/B_seal/position_noncanonical_between_batches (0.25s)
        --- PASS: TestDeliveryJournal_CheckRunsAfterEvaluationAndImmediatelyBeforeAppend/format_2,_the_held_A/B_seal/position_noncanonical_during_evaluation (0.27s)
        --- PASS: TestDeliveryJournal_CheckRunsAfterEvaluationAndImmediatelyBeforeAppend/format_2,_the_held_A/B_seal/position_count_between_batches (0.24s)
        --- PASS: TestDeliveryJournal_CheckRunsAfterEvaluationAndImmediatelyBeforeAppend/format_2,_the_held_A/B_seal/position_count_during_evaluation (0.27s)
        --- PASS: TestDeliveryJournal_CheckRunsAfterEvaluationAndImmediatelyBeforeAppend/format_2,_the_held_A/B_seal/position_bytes_between_batches (0.26s)
        --- PASS: TestDeliveryJournal_CheckRunsAfterEvaluationAndImmediatelyBeforeAppend/format_2,_the_held_A/B_seal/position_bytes_during_evaluation (0.21s)
        --- PASS: TestDeliveryJournal_CheckRunsAfterEvaluationAndImmediatelyBeforeAppend/format_2,_the_held_A/B_seal/position_chain_between_batches (0.32s)
        --- PASS: TestDeliveryJournal_CheckRunsAfterEvaluationAndImmediatelyBeforeAppend/format_2,_the_held_A/B_seal/position_chain_during_evaluation (0.24s)
        --- PASS: TestDeliveryJournal_CheckRunsAfterEvaluationAndImmediatelyBeforeAppend/format_2,_the_held_A/B_seal/position_replaced_by_a_copy_of_itself_between_batches (0.23s)
        --- PASS: TestDeliveryJournal_CheckRunsAfterEvaluationAndImmediatelyBeforeAppend/format_2,_the_held_A/B_seal/position_replaced_by_a_copy_of_itself_during_evaluation (0.23s)
=== RUN   TestDeliveryJournal_ReleaseWaitsForInFlightBatchesAndFailsQueued
=== RUN   TestDeliveryJournal_ReleaseWaitsForInFlightBatchesAndFailsQueued/lease_pipeline
=== RUN   TestDeliveryJournal_ReleaseWaitsForInFlightBatchesAndFailsQueued/acknowledgement_pipeline
=== RUN   TestDeliveryJournal_ReleaseWaitsForInFlightBatchesAndFailsQueued/both_pipelines_at_once
--- PASS: TestDeliveryJournal_ReleaseWaitsForInFlightBatchesAndFailsQueued (0.80s)
    --- PASS: TestDeliveryJournal_ReleaseWaitsForInFlightBatchesAndFailsQueued/lease_pipeline (0.23s)
    --- PASS: TestDeliveryJournal_ReleaseWaitsForInFlightBatchesAndFailsQueued/acknowledgement_pipeline (0.26s)
    --- PASS: TestDeliveryJournal_ReleaseWaitsForInFlightBatchesAndFailsQueued/both_pipelines_at_once (0.31s)
=== RUN   TestDeliveryJournal_AnyFaultPoisonsBothPipelines
=== RUN   TestDeliveryJournal_AnyFaultPoisonsBothPipelines/a_lease_Write_that_wrote_nothing
=== RUN   TestDeliveryJournal_AnyFaultPoisonsBothPipelines/an_acknowledgement_Write_that_wrote_nothing
=== RUN   TestDeliveryJournal_AnyFaultPoisonsBothPipelines/an_acknowledgement_whose_Sync_failed
=== RUN   TestDeliveryJournal_AnyFaultPoisonsBothPipelines/an_acknowledgement_whose_seal_failed
=== RUN   TestDeliveryJournal_AnyFaultPoisonsBothPipelines/an_acknowledgement_batch_that_panicked
--- PASS: TestDeliveryJournal_AnyFaultPoisonsBothPipelines (1.32s)
    --- PASS: TestDeliveryJournal_AnyFaultPoisonsBothPipelines/a_lease_Write_that_wrote_nothing (0.27s)
    --- PASS: TestDeliveryJournal_AnyFaultPoisonsBothPipelines/an_acknowledgement_Write_that_wrote_nothing (0.25s)
    --- PASS: TestDeliveryJournal_AnyFaultPoisonsBothPipelines/an_acknowledgement_whose_Sync_failed (0.25s)
    --- PASS: TestDeliveryJournal_AnyFaultPoisonsBothPipelines/an_acknowledgement_whose_seal_failed (0.27s)
    --- PASS: TestDeliveryJournal_AnyFaultPoisonsBothPipelines/an_acknowledgement_batch_that_panicked (0.27s)
=== RUN   TestDeliveryJournal_BatchOwnArrivalOverflowIsABudgetRefusal
--- PASS: TestDeliveryJournal_BatchOwnArrivalOverflowIsABudgetRefusal (0.48s)
=== RUN   TestDeliveryJournal_BatchKeepsEachCallsCheckOrder
=== RUN   TestDeliveryJournal_BatchKeepsEachCallsCheckOrder/a_cancelled_context_is_answered_before_the_gate
=== RUN   TestDeliveryJournal_BatchKeepsEachCallsCheckOrder/the_gate_is_answered_before_validation
=== RUN   TestDeliveryJournal_BatchKeepsEachCallsCheckOrder/a_known_nonce_is_answered_before_the_budget
=== RUN   TestDeliveryJournal_BatchKeepsEachCallsCheckOrder/the_context_is_checked_again_before_the_Write
--- PASS: TestDeliveryJournal_BatchKeepsEachCallsCheckOrder (1.28s)
    --- PASS: TestDeliveryJournal_BatchKeepsEachCallsCheckOrder/a_cancelled_context_is_answered_before_the_gate (0.18s)
    --- PASS: TestDeliveryJournal_BatchKeepsEachCallsCheckOrder/the_gate_is_answered_before_validation (0.17s)
    --- PASS: TestDeliveryJournal_BatchKeepsEachCallsCheckOrder/a_known_nonce_is_answered_before_the_budget (0.40s)
    --- PASS: TestDeliveryJournal_BatchKeepsEachCallsCheckOrder/the_context_is_checked_again_before_the_Write (0.55s)
=== RUN   TestDeliveryJournal_AdmissionIsUnderStBesideAcknowledge
--- PASS: TestDeliveryJournal_AdmissionIsUnderStBesideAcknowledge (0.28s)
=== RUN   TestDeliveryJournal_BatchMatchesSequentialOutcomes
=== RUN   TestDeliveryJournal_BatchMatchesSequentialOutcomes/seed_0
=== RUN   TestDeliveryJournal_BatchMatchesSequentialOutcomes/seed_1
=== RUN   TestDeliveryJournal_BatchMatchesSequentialOutcomes/seed_2
=== RUN   TestDeliveryJournal_BatchMatchesSequentialOutcomes/seed_3
=== RUN   TestDeliveryJournal_BatchMatchesSequentialOutcomes/seed_4
=== RUN   TestDeliveryJournal_BatchMatchesSequentialOutcomes/seed_5
=== RUN   TestDeliveryJournal_BatchMatchesSequentialOutcomes/seed_6
=== RUN   TestDeliveryJournal_BatchMatchesSequentialOutcomes/seed_7
=== RUN   TestDeliveryJournal_BatchMatchesSequentialOutcomes/entries_cap,_seed_0
=== RUN   TestDeliveryJournal_BatchMatchesSequentialOutcomes/entries_cap,_seed_1
=== RUN   TestDeliveryJournal_BatchMatchesSequentialOutcomes/bytes_cap
--- PASS: TestDeliveryJournal_BatchMatchesSequentialOutcomes (8.34s)
    --- PASS: TestDeliveryJournal_BatchMatchesSequentialOutcomes/seed_0 (0.78s)
    --- PASS: TestDeliveryJournal_BatchMatchesSequentialOutcomes/seed_1 (0.73s)
    --- PASS: TestDeliveryJournal_BatchMatchesSequentialOutcomes/seed_2 (0.72s)
    --- PASS: TestDeliveryJournal_BatchMatchesSequentialOutcomes/seed_3 (0.64s)
    --- PASS: TestDeliveryJournal_BatchMatchesSequentialOutcomes/seed_4 (0.90s)
    --- PASS: TestDeliveryJournal_BatchMatchesSequentialOutcomes/seed_5 (0.72s)
    --- PASS: TestDeliveryJournal_BatchMatchesSequentialOutcomes/seed_6 (0.80s)
    --- PASS: TestDeliveryJournal_BatchMatchesSequentialOutcomes/seed_7 (0.70s)
    --- PASS: TestDeliveryJournal_BatchMatchesSequentialOutcomes/entries_cap,_seed_0 (0.74s)
    --- PASS: TestDeliveryJournal_BatchMatchesSequentialOutcomes/entries_cap,_seed_1 (0.82s)
    --- PASS: TestDeliveryJournal_BatchMatchesSequentialOutcomes/bytes_cap (0.78s)
=== RUN   TestDeliveryJournal_EqualRequestsHaveDistinctDeliveries
--- PASS: TestDeliveryJournal_EqualRequestsHaveDistinctDeliveries (0.38s)
=== RUN   TestDeliveryJournal_RetryDoesNotAppendAndTokenMustKeepItsBinding
=== RUN   TestDeliveryJournal_RetryDoesNotAppendAndTokenMustKeepItsBinding/request
=== RUN   TestDeliveryJournal_RetryDoesNotAppendAndTokenMustKeepItsBinding/session
--- PASS: TestDeliveryJournal_RetryDoesNotAppendAndTokenMustKeepItsBinding (0.27s)
    --- PASS: TestDeliveryJournal_RetryDoesNotAppendAndTokenMustKeepItsBinding/request (0.00s)
    --- PASS: TestDeliveryJournal_RetryDoesNotAppendAndTokenMustKeepItsBinding/session (0.00s)
=== RUN   TestDeliveryJournal_EmptySessionIsAValidIdentityScope
--- PASS: TestDeliveryJournal_EmptySessionIsAValidIdentityScope (0.32s)
=== RUN   TestDeliveryJournal_RejectsCanceledAndInvalidLeaseInputsWithoutAppending
=== RUN   TestDeliveryJournal_RejectsCanceledAndInvalidLeaseInputsWithoutAppending/empty_token
=== RUN   TestDeliveryJournal_RejectsCanceledAndInvalidLeaseInputsWithoutAppending/short_token
=== RUN   TestDeliveryJournal_RejectsCanceledAndInvalidLeaseInputsWithoutAppending/upper_case_token
=== RUN   TestDeliveryJournal_RejectsCanceledAndInvalidLeaseInputsWithoutAppending/zero_token
=== RUN   TestDeliveryJournal_RejectsCanceledAndInvalidLeaseInputsWithoutAppending/zero_request_hash
--- PASS: TestDeliveryJournal_RejectsCanceledAndInvalidLeaseInputsWithoutAppending (0.21s)
    --- PASS: TestDeliveryJournal_RejectsCanceledAndInvalidLeaseInputsWithoutAppending/empty_token (0.00s)
    --- PASS: TestDeliveryJournal_RejectsCanceledAndInvalidLeaseInputsWithoutAppending/short_token (0.00s)
    --- PASS: TestDeliveryJournal_RejectsCanceledAndInvalidLeaseInputsWithoutAppending/upper_case_token (0.00s)
    --- PASS: TestDeliveryJournal_RejectsCanceledAndInvalidLeaseInputsWithoutAppending/zero_token (0.00s)
    --- PASS: TestDeliveryJournal_RejectsCanceledAndInvalidLeaseInputsWithoutAppending/zero_request_hash (0.00s)
=== RUN   TestDeliveryJournal_IsSingletonPerLockAndStopsWithItsLock
--- PASS: TestDeliveryJournal_IsSingletonPerLockAndStopsWithItsLock (0.22s)
=== RUN   TestDeliveryJournal_ReplacedLockCannotReleaseOrLeaseForNewOwner
--- PASS: TestDeliveryJournal_ReplacedLockCannotReleaseOrLeaseForNewOwner (0.36s)
=== RUN   TestDeliveryJournal_RejectsUntrustworthyRowsWithoutChangingThem
=== RUN   TestDeliveryJournal_RejectsUntrustworthyRowsWithoutChangingThem/malformed
=== RUN   TestDeliveryJournal_RejectsUntrustworthyRowsWithoutChangingThem/torn_final_row
=== RUN   TestDeliveryJournal_RejectsUntrustworthyRowsWithoutChangingThem/future_version
=== RUN   TestDeliveryJournal_RejectsUntrustworthyRowsWithoutChangingThem/invalid_derived_identity
=== RUN   TestDeliveryJournal_RejectsUntrustworthyRowsWithoutChangingThem/duplicate_identical_delivery
=== RUN   TestDeliveryJournal_RejectsUntrustworthyRowsWithoutChangingThem/gapped_sequence
--- PASS: TestDeliveryJournal_RejectsUntrustworthyRowsWithoutChangingThem (0.51s)
    --- PASS: TestDeliveryJournal_RejectsUntrustworthyRowsWithoutChangingThem/malformed (0.07s)
    --- PASS: TestDeliveryJournal_RejectsUntrustworthyRowsWithoutChangingThem/torn_final_row (0.08s)
    --- PASS: TestDeliveryJournal_RejectsUntrustworthyRowsWithoutChangingThem/future_version (0.07s)
    --- PASS: TestDeliveryJournal_RejectsUntrustworthyRowsWithoutChangingThem/invalid_derived_identity (0.08s)
    --- PASS: TestDeliveryJournal_RejectsUntrustworthyRowsWithoutChangingThem/duplicate_identical_delivery (0.08s)
    --- PASS: TestDeliveryJournal_RejectsUntrustworthyRowsWithoutChangingThem/gapped_sequence (0.13s)
=== RUN   TestDeliveryJournal_OneSyncAndOneSealPerLease
--- PASS: TestDeliveryJournal_OneSyncAndOneSealPerLease (0.78s)
=== RUN   TestDeliveryMigration_MissingLegacyAnchorsDoNotRecreateIdentity
=== RUN   TestDeliveryMigration_MissingLegacyAnchorsDoNotRecreateIdentity/delivery-generations
=== RUN   TestDeliveryMigration_MissingLegacyAnchorsDoNotRecreateIdentity/delivery-journal.json
=== RUN   TestDeliveryMigration_MissingLegacyAnchorsDoNotRecreateIdentity/delivery-segments
--- PASS: TestDeliveryMigration_MissingLegacyAnchorsDoNotRecreateIdentity (0.22s)
    --- PASS: TestDeliveryMigration_MissingLegacyAnchorsDoNotRecreateIdentity/delivery-generations (0.07s)
    --- PASS: TestDeliveryMigration_MissingLegacyAnchorsDoNotRecreateIdentity/delivery-journal.json (0.07s)
    --- PASS: TestDeliveryMigration_MissingLegacyAnchorsDoNotRecreateIdentity/delivery-segments (0.08s)
=== RUN   TestDeliveryMigration_OrphanArtifactsPreserveLegacyAnchorsWithoutContinuing
--- PASS: TestDeliveryMigration_OrphanArtifactsPreserveLegacyAnchorsWithoutContinuing (0.36s)
=== RUN   TestDeliveryMigration_MissingAckAnchorsAreNotRecreated
--- PASS: TestDeliveryMigration_MissingAckAnchorsAreNotRecreated (0.30s)
=== RUN   TestDeliveryJournal_AcceptsTheNonceTheHookClientMints
--- PASS: TestDeliveryJournal_AcceptsTheNonceTheHookClientMints (0.25s)
=== RUN   TestDeliveryOrder_LiveSameSessionArrivalsPublishWithoutDrain
--- PASS: TestDeliveryOrder_LiveSameSessionArrivalsPublishWithoutDrain (2.85s)
=== RUN   TestDeliveryOrder_LiveReversedRingOrderPublishesWithoutDrain
--- PASS: TestDeliveryOrder_LiveReversedRingOrderPublishesWithoutDrain (1.13s)
=== RUN   TestDeliveryOrder_LiveOtherSessionsAreNotSerialized
--- PASS: TestDeliveryOrder_LiveOtherSessionsAreNotSerialized (0.76s)
=== RUN   TestDeliveryOrder_DrainReleaseWakesParkedLiveSuccessor
--- PASS: TestDeliveryOrder_DrainReleaseWakesParkedLiveSuccessor (0.97s)
=== RUN   TestDeliveryOrder_LiveLanesAreBoundedAndOverflowIsLeftForTheDrain
--- PASS: TestDeliveryOrder_LiveLanesAreBoundedAndOverflowIsLeftForTheDrain (1.56s)
=== RUN   TestDeliveryOrder_LiveFailedHeadIsRetriedByTheNextArrivalNotSpun
--- PASS: TestDeliveryOrder_LiveFailedHeadIsRetriedByTheNextArrivalNotSpun (0.80s)
=== RUN   TestDispatchLanes_SignalsKeepTheOwnerFromParkingOnAStaleView
--- PASS: TestDispatchLanes_SignalsKeepTheOwnerFromParkingOnAStaleView (0.00s)
=== RUN   TestDeliveryOrder_DrainReleasesSessionsOnlyAfterItsPass
--- PASS: TestDeliveryOrder_DrainReleasesSessionsOnlyAfterItsPass (1.44s)
=== RUN   TestDeliveryOrder_FlushSettlesQueuedSessionEventsBeforeSessionEnd
--- PASS: TestDeliveryOrder_FlushSettlesQueuedSessionEventsBeforeSessionEnd (2.29s)
=== RUN   TestDeliveryOrder_FlushDrainsAParkedSessionBeforeSessionEnd
--- PASS: TestDeliveryOrder_FlushDrainsAParkedSessionBeforeSessionEnd (2.21s)
=== RUN   TestDeliveryOrder_FlushThatCannotSettleSaysSoAndLosesNothing
--- PASS: TestDeliveryOrder_FlushThatCannotSettleSaysSoAndLosesNothing (1.53s)
=== RUN   TestDeliveryOrder_PredecessorsAcknowledgedGate
--- PASS: TestDeliveryOrder_PredecessorsAcknowledgedGate (0.49s)
=== RUN   TestDeliveryOrder_DrainReversedWALvsLeaseOrder
--- PASS: TestDeliveryOrder_DrainReversedWALvsLeaseOrder (0.96s)
=== RUN   TestDeliveryOrder_UnreadableFrontierFailsClosed
--- PASS: TestDeliveryOrder_UnreadableFrontierFailsClosed (0.28s)
=== RUN   TestDeliveryOrder_MissingJournalGetterFailsClosed
--- PASS: TestDeliveryOrder_MissingJournalGetterFailsClosed (0.10s)
=== RUN   TestDeliveryOrder_UnreadableFrontierNoPublication
--- PASS: TestDeliveryOrder_UnreadableFrontierNoPublication (0.46s)
=== RUN   TestDeliveryOrder_DrainReversedPrefixBeyondBufferBoundDoesNotWedge
--- PASS: TestDeliveryOrder_DrainReversedPrefixBeyondBufferBoundDoesNotWedge (52.83s)
=== RUN   TestDeliveryOrder_DrainOrdersPerSessionIndependently
--- PASS: TestDeliveryOrder_DrainOrdersPerSessionIndependently (1.38s)
=== RUN   TestDeliveryOrder_DrainCancellationPreservesUnconsumed
--- PASS: TestDeliveryOrder_DrainCancellationPreservesUnconsumed (0.28s)
=== RUN   TestDeliveryOrder_LeasedDenyOnRetryPreservedPending
--- PASS: TestDeliveryOrder_LeasedDenyOnRetryPreservedPending (0.38s)
=== RUN   TestDeliveryPath_V6_ExtraStagedEvidenceRefusesAdoption
--- PASS: TestDeliveryPath_V6_ExtraStagedEvidenceRefusesAdoption (0.05s)
=== RUN   TestDeliveryPath_V6_RotationCloseFailureStopsTheLiveSwitch
--- PASS: TestDeliveryPath_V6_RotationCloseFailureStopsTheLiveSwitch (1.04s)
=== RUN   TestDeliveryPath_V6_PagePublicationPreservesAConflictingDestination
--- PASS: TestDeliveryPath_V6_PagePublicationPreservesAConflictingDestination (0.03s)
=== RUN   TestDeliveryPath_V6_TransitionLimitRefusesBeforeAppend
--- PASS: TestDeliveryPath_V6_TransitionLimitRefusesBeforeAppend (0.05s)
=== RUN   TestDeliveryPath_V6_RefusesAliasedSegmentParent
    delivery_path_v6_test.go:81: platform cannot create this symlink fixture: symlink C:\Users\Quant\AppData\Local\Temp\TestDeliveryPath_V6_RefusesAliasedSegmentParent3718575618\002 C:\Users\Quant\AppData\Local\Temp\TestDeliveryPath_V6_RefusesAliasedSegmentParent3718575618\001\delivery-segments: A required privilege is not held by the client.
--- SKIP: TestDeliveryPath_V6_RefusesAliasedSegmentParent (0.00s)
=== RUN   TestDeliveryJournal_AcknowledgementIsTheCommittedFrontier
--- PASS: TestDeliveryJournal_AcknowledgementIsTheCommittedFrontier (0.35s)
=== RUN   TestDeliveryJournal_AcknowledgementSurvivesReopen
--- PASS: TestDeliveryJournal_AcknowledgementSurvivesReopen (0.51s)
=== RUN   TestDeliveryJournal_AcknowledgementAheadOfItsLeaseIsRefused
--- PASS: TestDeliveryJournal_AcknowledgementAheadOfItsLeaseIsRefused (0.31s)
=== RUN   TestDispatchOpDeniesBeforeAnythingIsPersisted
--- PASS: TestDispatchOpDeniesBeforeAnythingIsPersisted (0.01s)
=== RUN   TestDispatchOpRefusesAnUndecidableCapture
--- PASS: TestDispatchOpRefusesAnUndecidableCapture (0.01s)
=== RUN   TestDispatchOpPersistsADegradedCaptureAsEvidence
--- PASS: TestDispatchOpPersistsADegradedCaptureAsEvidence (0.28s)
=== RUN   TestDispatchOpObservesAnOversizePayloadAtTheShippedDefault
--- PASS: TestDispatchOpObservesAnOversizePayloadAtTheShippedDefault (0.26s)
=== RUN   TestDispatchOpAdmitsARequestThatCarriesNoDecision
--- PASS: TestDispatchOpAdmitsARequestThatCarriesNoDecision (0.00s)
=== RUN   TestAdmissionNeverRestoresRemovedContent
--- PASS: TestAdmissionNeverRestoresRemovedContent (0.00s)
=== RUN   TestEqualContentDeliveriesStayDistinct
--- PASS: TestEqualContentDeliveriesStayDistinct (0.29s)
=== RUN   TestRedeliveryOfOneNonceIsObservedOnce
--- PASS: TestRedeliveryOfOneNonceIsObservedOnce (0.24s)
=== RUN   TestPublicationOrderIsObjectReferenceFrontier
--- PASS: TestPublicationOrderIsObjectReferenceFrontier (0.21s)
=== RUN   TestDrainAdmitsAndAcknowledgesInheritedRecords
--- PASS: TestDrainAdmitsAndAcknowledgesInheritedRecords (0.30s)
=== RUN   TestDrainReportsGapsInsteadOfSilentCompleteness
--- PASS: TestDrainReportsGapsInsteadOfSilentCompleteness (0.11s)
=== RUN   TestSessionEndRecordsRecoveryNeeded
--- PASS: TestSessionEndRecordsRecoveryNeeded (0.31s)
=== RUN   TestBoundedQueueDropsRatherThanBlocks
--- PASS: TestBoundedQueueDropsRatherThanBlocks (31.94s)
=== RUN   TestCrashCutBetweenReferenceAndFrontierRedelivers
--- PASS: TestCrashCutBetweenReferenceAndFrontierRedelivers (0.45s)
=== RUN   TestDeliveryRadix_EmptyTreeAbsence
--- PASS: TestDeliveryRadix_EmptyTreeAbsence (0.01s)
=== RUN   TestDeliveryRadix_ManyGenerationsOldRootsUsable
--- PASS: TestDeliveryRadix_ManyGenerationsOldRootsUsable (18.33s)
=== RUN   TestDeliveryRadix_UpdateValueSameKey
--- PASS: TestDeliveryRadix_UpdateValueSameKey (0.07s)
=== RUN   TestDeliveryRadix_ReopenPersists
--- PASS: TestDeliveryRadix_ReopenPersists (0.90s)
=== RUN   TestDeliveryRadix_CollisionRefused
--- PASS: TestDeliveryRadix_CollisionRefused (0.03s)
=== RUN   TestDeliveryRadix_WrongRootAndCorruptPageAreUnavailable
--- PASS: TestDeliveryRadix_WrongRootAndCorruptPageAreUnavailable (0.03s)
=== RUN   TestDeliveryRadix_MissingDescendantIsUnavailableWithoutTouchingTheOther
--- PASS: TestDeliveryRadix_MissingDescendantIsUnavailableWithoutTouchingTheOther (0.08s)
=== RUN   TestDeliveryRadix_LookupDoesNotTouchAnIrrelevantCorruptBranch
--- PASS: TestDeliveryRadix_LookupDoesNotTouchAnIrrelevantCorruptBranch (0.05s)
=== RUN   TestDeliveryRadix_LongCommonPrefixCompressesAndProvesAbsence
--- PASS: TestDeliveryRadix_LongCommonPrefixCompressesAndProvesAbsence (0.10s)
=== RUN   TestDeliveryRadix_Cancellation
--- PASS: TestDeliveryRadix_Cancellation (0.02s)
=== RUN   TestDeliveryRadix_CrashOrphanLeavesOldGenerationsUsable
--- PASS: TestDeliveryRadix_CrashOrphanLeavesOldGenerationsUsable (0.38s)
=== RUN   TestDeliveryRadix_InputBounds
--- PASS: TestDeliveryRadix_InputBounds (0.00s)
=== RUN   TestDeliveryRadix_DecodeRejectsMalformedPages
=== RUN   TestDeliveryRadix_DecodeRejectsMalformedPages/too_short
=== RUN   TestDeliveryRadix_DecodeRejectsMalformedPages/bad_magic
=== RUN   TestDeliveryRadix_DecodeRejectsMalformedPages/unknown_version
=== RUN   TestDeliveryRadix_DecodeRejectsMalformedPages/unknown_kind
=== RUN   TestDeliveryRadix_DecodeRejectsMalformedPages/branch_zero_child
=== RUN   TestDeliveryRadix_DecodeRejectsMalformedPages/leaf_trailing_byte
=== RUN   TestDeliveryRadix_DecodeRejectsMalformedPages/empty
--- PASS: TestDeliveryRadix_DecodeRejectsMalformedPages (0.00s)
    --- PASS: TestDeliveryRadix_DecodeRejectsMalformedPages/too_short (0.00s)
    --- PASS: TestDeliveryRadix_DecodeRejectsMalformedPages/bad_magic (0.00s)
    --- PASS: TestDeliveryRadix_DecodeRejectsMalformedPages/unknown_version (0.00s)
    --- PASS: TestDeliveryRadix_DecodeRejectsMalformedPages/unknown_kind (0.00s)
    --- PASS: TestDeliveryRadix_DecodeRejectsMalformedPages/branch_zero_child (0.00s)
    --- PASS: TestDeliveryRadix_DecodeRejectsMalformedPages/leaf_trailing_byte (0.00s)
    --- PASS: TestDeliveryRadix_DecodeRejectsMalformedPages/empty (0.00s)
=== RUN   TestDeliveryReaders_V6_GCRetainsActiveAndArchivedLeases
=== RUN   TestDeliveryReaders_V6_GCRetainsActiveAndArchivedLeases/complete
=== RUN   TestDeliveryReaders_V6_GCRetainsActiveAndArchivedLeases/delivery-lease-position.json
=== RUN   TestDeliveryReaders_V6_GCRetainsActiveAndArchivedLeases/delivery-acks.jsonl
--- PASS: TestDeliveryReaders_V6_GCRetainsActiveAndArchivedLeases (5.38s)
    --- PASS: TestDeliveryReaders_V6_GCRetainsActiveAndArchivedLeases/complete (2.05s)
    --- PASS: TestDeliveryReaders_V6_GCRetainsActiveAndArchivedLeases/delivery-lease-position.json (1.67s)
    --- PASS: TestDeliveryReaders_V6_GCRetainsActiveAndArchivedLeases/delivery-acks.jsonl (1.67s)
=== RUN   TestDeliveryReaders_V6_BackupRestoresHistoryAndAcceptsLaterWrites
--- PASS: TestDeliveryReaders_V6_BackupRestoresHistoryAndAcceptsLaterWrites (5.68s)
=== RUN   TestDeliveryRollover_CrossesCapacitySeamAndAdvancesSegment
--- PASS: TestDeliveryRollover_CrossesCapacitySeamAndAdvancesSegment (1.68s)
=== RUN   TestDeliveryRollover_SeventyLiveRotationsPreserveIdentity
--- PASS: TestDeliveryRollover_SeventyLiveRotationsPreserveIdentity (60.47s)
=== RUN   TestDeliveryRollover_RestartAcrossRotation
--- PASS: TestDeliveryRollover_RestartAcrossRotation (3.75s)
=== RUN   TestDeliveryRollover_DormantSessionContinuesArrivals
--- PASS: TestDeliveryRollover_DormantSessionContinuesArrivals (32.83s)
=== RUN   TestDeliveryRollover_ArchivedAckExactJoinAndFrontierRetained
--- PASS: TestDeliveryRollover_ArchivedAckExactJoinAndFrontierRetained (61.91s)
=== RUN   TestDeliverySeal_FormatTwoSealsEveryBatchInPlace
--- PASS: TestDeliverySeal_FormatTwoSealsEveryBatchInPlace (0.49s)
=== RUN   TestDeliverySeal_ConversionAndDowngrade
=== RUN   TestDeliverySeal_ConversionAndDowngrade/a_v1_project_converts,_but_only_after_a_load_that_succeeded
=== RUN   TestDeliverySeal_ConversionAndDowngrade/a_failed_load_leaves_the_v1_bytes_untouched:_a_torn_journal_tail
=== RUN   TestDeliverySeal_ConversionAndDowngrade/a_failed_load_leaves_the_v1_bytes_untouched:_a_position_that_names_a_count_the_journal_never_had
=== RUN   TestDeliverySeal_ConversionAndDowngrade/a_faulted_Release_writes_no_downgrade
=== RUN   TestDeliverySeal_ConversionAndDowngrade/a_Release_by_a_replaced_owner_writes_no_downgrade
=== RUN   TestDeliverySeal_ConversionAndDowngrade/a_format-1_build_converts_a_v2_file_back
--- PASS: TestDeliverySeal_ConversionAndDowngrade (1.60s)
    --- PASS: TestDeliverySeal_ConversionAndDowngrade/a_v1_project_converts,_but_only_after_a_load_that_succeeded (0.33s)
    --- PASS: TestDeliverySeal_ConversionAndDowngrade/a_failed_load_leaves_the_v1_bytes_untouched:_a_torn_journal_tail (0.21s)
    --- PASS: TestDeliverySeal_ConversionAndDowngrade/a_failed_load_leaves_the_v1_bytes_untouched:_a_position_that_names_a_count_the_journal_never_had (0.21s)
    --- PASS: TestDeliverySeal_ConversionAndDowngrade/a_faulted_Release_writes_no_downgrade (0.16s)
    --- PASS: TestDeliverySeal_ConversionAndDowngrade/a_Release_by_a_replaced_owner_writes_no_downgrade (0.27s)
    --- PASS: TestDeliverySeal_ConversionAndDowngrade/a_format-1_build_converts_a_v2_file_back (0.43s)
=== RUN   TestDeliveryJournal_RollbackDrillAcrossFormats
--- PASS: TestDeliveryJournal_RollbackDrillAcrossFormats (0.69s)
=== RUN   TestDeliverySeal_StepTwoTraceHoldsInFormatTwo
=== RUN   TestDeliverySeal_StepTwoTraceHoldsInFormatTwo/a_corrupted_position_cannot_be_repaired_by_an_open_writer:_truncated
=== RUN   TestDeliverySeal_StepTwoTraceHoldsInFormatTwo/a_corrupted_position_cannot_be_repaired_by_an_open_writer:_overwritten_with_a_v1_position_that_disagrees
=== RUN   TestDeliverySeal_StepTwoTraceHoldsInFormatTwo/a_corrupted_position_cannot_be_repaired_by_an_open_writer:_overwritten_with_the_journal's_own_v1_position
=== RUN   TestDeliverySeal_StepTwoTraceHoldsInFormatTwo/a_corrupted_position_cannot_be_repaired_by_an_open_writer:_removed
=== RUN   TestDeliverySeal_StepTwoTraceHoldsInFormatTwo/a_corrupted_position_cannot_be_repaired_by_an_open_writer:_replaced_by_a_copy_with_the_same_bytes
=== RUN   TestDeliverySeal_StepTwoTraceHoldsInFormatTwo/a_corrupted_position_cannot_be_repaired_by_an_open_writer:_a_digit_of_the_effective_record
=== RUN   TestDeliverySeal_StepTwoTraceHoldsInFormatTwo/a_corrupted_position_cannot_be_repaired_by_an_open_writer:_a_padding_byte
=== RUN   TestDeliverySeal_StepTwoTraceHoldsInFormatTwo/a_corrupted_position_cannot_be_repaired_by_an_open_writer:_a_static_byte
=== RUN   TestDeliverySeal_StepTwoTraceHoldsInFormatTwo/an_uncertain_append_poisons_until_recovery
=== RUN   TestDeliverySeal_StepTwoTraceHoldsInFormatTwo/a_lease_sync_serializes_with_release
=== RUN   TestDeliverySeal_StepTwoTraceHoldsInFormatTwo/a_close_failure_retains_ownership_and_leaves_v2_on_disk
=== RUN   TestDeliverySeal_StepTwoTraceHoldsInFormatTwo/a_v1_fixture_still_opens_a_format-2_build
--- PASS: TestDeliverySeal_StepTwoTraceHoldsInFormatTwo (2.92s)
    --- PASS: TestDeliverySeal_StepTwoTraceHoldsInFormatTwo/a_corrupted_position_cannot_be_repaired_by_an_open_writer:_truncated (0.25s)
    --- PASS: TestDeliverySeal_StepTwoTraceHoldsInFormatTwo/a_corrupted_position_cannot_be_repaired_by_an_open_writer:_overwritten_with_a_v1_position_that_disagrees (0.21s)
    --- PASS: TestDeliverySeal_StepTwoTraceHoldsInFormatTwo/a_corrupted_position_cannot_be_repaired_by_an_open_writer:_overwritten_with_the_journal's_own_v1_position (0.29s)
    --- PASS: TestDeliverySeal_StepTwoTraceHoldsInFormatTwo/a_corrupted_position_cannot_be_repaired_by_an_open_writer:_removed (0.20s)
    --- PASS: TestDeliverySeal_StepTwoTraceHoldsInFormatTwo/a_corrupted_position_cannot_be_repaired_by_an_open_writer:_replaced_by_a_copy_with_the_same_bytes (0.27s)
    --- PASS: TestDeliverySeal_StepTwoTraceHoldsInFormatTwo/a_corrupted_position_cannot_be_repaired_by_an_open_writer:_a_digit_of_the_effective_record (0.28s)
    --- PASS: TestDeliverySeal_StepTwoTraceHoldsInFormatTwo/a_corrupted_position_cannot_be_repaired_by_an_open_writer:_a_padding_byte (0.32s)
    --- PASS: TestDeliverySeal_StepTwoTraceHoldsInFormatTwo/a_corrupted_position_cannot_be_repaired_by_an_open_writer:_a_static_byte (0.23s)
    --- PASS: TestDeliverySeal_StepTwoTraceHoldsInFormatTwo/an_uncertain_append_poisons_until_recovery (0.30s)
    --- PASS: TestDeliverySeal_StepTwoTraceHoldsInFormatTwo/a_lease_sync_serializes_with_release (0.23s)
    --- PASS: TestDeliverySeal_StepTwoTraceHoldsInFormatTwo/a_close_failure_retains_ownership_and_leaves_v2_on_disk (0.18s)
    --- PASS: TestDeliverySeal_StepTwoTraceHoldsInFormatTwo/a_v1_fixture_still_opens_a_format-2_build (0.16s)
=== RUN   TestDeliveryJournal_CloseRetryAfterAFailedAckCloseReleasesOwnership
--- PASS: TestDeliveryJournal_CloseRetryAfterAFailedAckCloseReleasesOwnership (0.17s)
=== RUN   TestDeliveryJournal_CloseRetryAfterAFailedLeaseCloseReleasesOwnership
--- PASS: TestDeliveryJournal_CloseRetryAfterAFailedLeaseCloseReleasesOwnership (0.17s)
=== RUN   TestDeliverySeal_FormatOneRefusesAV2ImageAtEitherSidecar
=== RUN   TestDeliverySeal_FormatOneRefusesAV2ImageAtEitherSidecar/a_format-1_build_refuses_a_v2_image_at_its_lease_sidecar
=== RUN   TestDeliverySeal_FormatOneRefusesAV2ImageAtEitherSidecar/a_format-1_build_refuses_a_v2_image_at_its_acknowledgement_sidecar
--- PASS: TestDeliverySeal_FormatOneRefusesAV2ImageAtEitherSidecar (0.39s)
    --- PASS: TestDeliverySeal_FormatOneRefusesAV2ImageAtEitherSidecar/a_format-1_build_refuses_a_v2_image_at_its_lease_sidecar (0.20s)
    --- PASS: TestDeliverySeal_FormatOneRefusesAV2ImageAtEitherSidecar/a_format-1_build_refuses_a_v2_image_at_its_acknowledgement_sidecar (0.19s)
=== RUN   TestDeliverySeal_AFailedDowngradeIsRecordedAndStillReleases
--- PASS: TestDeliverySeal_AFailedDowngradeIsRecordedAndStillReleases (0.23s)
=== RUN   TestDeliverySeal_ACleanReleaseLeavesNoResidual
--- PASS: TestDeliverySeal_ACleanReleaseLeavesNoResidual (0.22s)
=== RUN   TestDeliverySeal_AResidualReachesTheOperatorFromStop
=== RUN   TestDeliverySeal_AResidualReachesTheOperatorFromStop/a_failed_downgrade_is_reported_once,_at_Warn,_naming_the_repair
=== RUN   TestDeliverySeal_AResidualReachesTheOperatorFromStop/a_clean_stop_says_nothing
--- PASS: TestDeliverySeal_AResidualReachesTheOperatorFromStop (0.46s)
    --- PASS: TestDeliverySeal_AResidualReachesTheOperatorFromStop/a_failed_downgrade_is_reported_once,_at_Warn,_naming_the_repair (0.23s)
    --- PASS: TestDeliverySeal_AResidualReachesTheOperatorFromStop/a_clean_stop_says_nothing (0.23s)
=== RUN   TestDeliverySealSegment_RefusesCorruptActiveSegmentThatLegacyOnlyAccepts
--- PASS: TestDeliverySealSegment_RefusesCorruptActiveSegmentThatLegacyOnlyAccepts (3.44s)
=== RUN   TestDeliverySealSegment_ValidMultiSegmentTreePasses
--- PASS: TestDeliverySealSegment_ValidMultiSegmentTreePasses (2.97s)
=== RUN   TestDeliverySealSegment_ArchivedAckExactJoinPasses
--- PASS: TestDeliverySealSegment_ArchivedAckExactJoinPasses (3.56s)
=== RUN   TestDeliverySealSegment_MissingActiveSegmentFilesRefused
--- PASS: TestDeliverySealSegment_MissingActiveSegmentFilesRefused (2.99s)
=== RUN   TestDeliverySealSegment_MissingHeadRefused
--- PASS: TestDeliverySealSegment_MissingHeadRefused (2.61s)
=== RUN   TestDeliverySealSegment_NewerAuthoritySchemaRefused
--- PASS: TestDeliverySealSegment_NewerAuthoritySchemaRefused (2.54s)
=== RUN   TestDeliverySealSegment_ConversionRefusedPreservesBytes
--- PASS: TestDeliverySealSegment_ConversionRefusedPreservesBytes (2.84s)
=== RUN   TestDeliverySealSegment_UnmigratedLegacyTreeStillChecks
--- PASS: TestDeliverySealSegment_UnmigratedLegacyTreeStillChecks (0.24s)
=== RUN   TestDeliverySealSegment_CorruptPredecessorPageWithFirstArrivalRefused
--- PASS: TestDeliverySealSegment_CorruptPredecessorPageWithFirstArrivalRefused (2.09s)
=== RUN   TestDeliverySealSegment_TornGenerationManifestRefused
--- PASS: TestDeliverySealSegment_TornGenerationManifestRefused (2.73s)
=== RUN   TestDeliverySealSegment_NonDenseActiveAuthorityRefused
--- PASS: TestDeliverySealSegment_NonDenseActiveAuthorityRefused (0.05s)
=== RUN   TestDeliverySealSegment_SegmentDirNotADirectoryRefused
--- PASS: TestDeliverySealSegment_SegmentDirNotADirectoryRefused (3.47s)
=== RUN   TestDeliverySeal_V2IsOneJSONDocumentAndTheOldReaderRefusesIt
=== RUN   TestDeliverySeal_V2IsOneJSONDocumentAndTheOldReaderRefusesIt/layout
=== RUN   TestDeliverySeal_V2IsOneJSONDocumentAndTheOldReaderRefusesIt/lease
=== RUN   TestDeliverySeal_V2IsOneJSONDocumentAndTheOldReaderRefusesIt/ack
--- PASS: TestDeliverySeal_V2IsOneJSONDocumentAndTheOldReaderRefusesIt (0.36s)
    --- PASS: TestDeliverySeal_V2IsOneJSONDocumentAndTheOldReaderRefusesIt/layout (0.00s)
    --- PASS: TestDeliverySeal_V2IsOneJSONDocumentAndTheOldReaderRefusesIt/lease (0.18s)
    --- PASS: TestDeliverySeal_V2IsOneJSONDocumentAndTheOldReaderRefusesIt/ack (0.18s)
=== RUN   TestDeliverySeal_StrictSelectionTable
=== RUN   TestDeliverySeal_StrictSelectionTable/accepted
=== RUN   TestDeliverySeal_StrictSelectionTable/accepted/a_fresh_seq_1_beside_an_empty_b
=== RUN   TestDeliverySeal_StrictSelectionTable/accepted/a_converted_seq_1_beside_an_empty_b
=== RUN   TestDeliverySeal_StrictSelectionTable/accepted/a_seq_1_and_b_seq_2:_b_is_effective
=== RUN   TestDeliverySeal_StrictSelectionTable/accepted/a_fresh_seq_1_and_b_seq_2
=== RUN   TestDeliverySeal_StrictSelectionTable/accepted/a_seq_3_and_b_seq_2:_a_is_effective
=== RUN   TestDeliverySeal_StrictSelectionTable/accepted/far_along:_a_seq_1001_and_b_seq_1000
=== RUN   TestDeliverySeal_StrictSelectionTable/a_torn_slot:_a_new_record's_first_differing_byte_over_the_old_one
=== RUN   TestDeliverySeal_StrictSelectionTable/a_torn_slot:_half_a_new_record_over_the_old_one
=== RUN   TestDeliverySeal_StrictSelectionTable/a_torn_slot:_all_but_the_last_byte_of_a_new_record
=== RUN   TestDeliverySeal_StrictSelectionTable/a_slot_of_random_garbage
=== RUN   TestDeliverySeal_StrictSelectionTable/a_slot_of_zero_bytes,_as_a_hole_reads
=== RUN   TestDeliverySeal_StrictSelectionTable/an_empty_slot_beside_seq_3
=== RUN   TestDeliverySeal_StrictSelectionTable/an_empty_a_beside_a_valid_b
=== RUN   TestDeliverySeal_StrictSelectionTable/both_slots_empty
=== RUN   TestDeliverySeal_StrictSelectionTable/a_seq_gap:_1_and_4
=== RUN   TestDeliverySeal_StrictSelectionTable/a_seq_gap:_5_and_2
=== RUN   TestDeliverySeal_StrictSelectionTable/a_seq_gap:_3_and_6
=== RUN   TestDeliverySeal_StrictSelectionTable/parity:_seq_2_in_a,_summed_for_a,_beside_seq_3_in_b,_summed_for_b
=== RUN   TestDeliverySeal_StrictSelectionTable/parity:_seq_2_in_a,_summed_for_a,_beside_an_empty_b
=== RUN   TestDeliverySeal_StrictSelectionTable/parity:_seq_1_in_b,_summed_for_b,_beside_seq_2_in_a,_summed_for_a
=== RUN   TestDeliverySeal_StrictSelectionTable/slot_b's_record_copied_into_slot_a
=== RUN   TestDeliverySeal_StrictSelectionTable/slot_a's_record_copied_into_slot_b
=== RUN   TestDeliverySeal_StrictSelectionTable/a_seq-1_record_in_a_whose_sum_is_for_slot_b
=== RUN   TestDeliverySeal_StrictSelectionTable/a_non-canonical_record:_its_chain_spelled_as_bare_hex
=== RUN   TestDeliverySeal_StrictSelectionTable/a_non-canonical_record:_its_keys_reordered
=== RUN   TestDeliverySeal_StrictSelectionTable/a_non-canonical_record:_a_duplicated_key
=== RUN   TestDeliverySeal_StrictSelectionTable/a_non-canonical_record:_a_key_in_upper_case
=== RUN   TestDeliverySeal_StrictSelectionTable/a_non-canonical_record:_an_unknown_key
=== RUN   TestDeliverySeal_StrictSelectionTable/records_from_the_ack_journal
=== RUN   TestDeliverySeal_StrictSelectionTable/the_ack_journal's_fresh_file
=== RUN   TestDeliverySeal_StrictSelectionTable/an_older_record_with_as_many_bytes
=== RUN   TestDeliverySeal_StrictSelectionTable/an_older_record_with_as_many_entries
=== RUN   TestDeliverySeal_StrictSelectionTable/an_older_record_that_seals_more
=== RUN   TestDeliverySeal_StrictSelectionTable/rot_of_the_newest_slot:_one_hex_digit_of_its_chain
=== RUN   TestDeliverySeal_StrictSelectionTable/rot_of_the_newest_slot:_its_seq_digit
=== RUN   TestDeliverySeal_StrictSelectionTable/rot_of_the_newest_slot:_its_record_replaced_by_null
=== RUN   TestDeliverySeal_StrictSelectionTable/rot_of_the_newest_slot:_a_torn_record
=== RUN   TestDeliverySeal_StrictSelectionTable/a_static_byte:_the_document's_first
=== RUN   TestDeliverySeal_StrictSelectionTable/a_static_byte:_the_version
=== RUN   TestDeliverySeal_StrictSelectionTable/a_static_byte:_the_padding_right_after_slot_a
=== RUN   TestDeliverySeal_StrictSelectionTable/a_static_byte:_the_last_before_the_second_stride
=== RUN   TestDeliverySeal_StrictSelectionTable/a_static_byte:_slot_b's_prefix
=== RUN   TestDeliverySeal_StrictSelectionTable/a_static_byte:_the_padding_right_after_slot_b
=== RUN   TestDeliverySeal_StrictSelectionTable/a_static_byte:_the_closing_brace
=== RUN   TestDeliverySeal_StrictSelectionTable/padding:_a_byte_right_after_slot_a's_record
=== RUN   TestDeliverySeal_StrictSelectionTable/padding:_slot_a's_last_byte
=== RUN   TestDeliverySeal_StrictSelectionTable/padding:_a_NUL_after_slot_b's_record
=== RUN   TestDeliverySeal_StrictSelectionTable/padding:_a_newline_after_slot_b's_record
=== RUN   TestDeliverySeal_StrictSelectionTable/padding:_a_space_before_slot_a's_record
=== RUN   TestDeliverySeal_StrictSelectionTable/the_wrong_size:_one_byte_short
=== RUN   TestDeliverySeal_StrictSelectionTable/the_wrong_size:_one_byte_long
=== RUN   TestDeliverySeal_StrictSelectionTable/the_wrong_size:_empty
=== RUN   TestDeliverySeal_StrictSelectionTable/a_v1_position_file
=== RUN   TestDeliverySeal_StrictSelectionTable/a_static_byte_at_offset_12859
=== RUN   TestDeliverySeal_StrictSelectionTable/a_static_byte_at_offset_19515
=== RUN   TestDeliverySeal_StrictSelectionTable/a_static_byte_at_offset_21137
=== RUN   TestDeliverySeal_StrictSelectionTable/a_static_byte_at_offset_8292
=== RUN   TestDeliverySeal_StrictSelectionTable/a_static_byte_at_offset_8137
=== RUN   TestDeliverySeal_StrictSelectionTable/a_static_byte_at_offset_9891
=== RUN   TestDeliverySeal_StrictSelectionTable/a_static_byte_at_offset_4113
=== RUN   TestDeliverySeal_StrictSelectionTable/a_static_byte_at_offset_15696
=== RUN   TestDeliverySeal_StrictSelectionTable/a_static_byte_at_offset_586
=== RUN   TestDeliverySeal_StrictSelectionTable/a_static_byte_at_offset_13037
=== RUN   TestDeliverySeal_StrictSelectionTable/a_static_byte_at_offset_18263
=== RUN   TestDeliverySeal_StrictSelectionTable/a_static_byte_at_offset_17861
=== RUN   TestDeliverySeal_StrictSelectionTable/a_static_byte_at_offset_2517
=== RUN   TestDeliverySeal_StrictSelectionTable/a_static_byte_at_offset_32198
=== RUN   TestDeliverySeal_StrictSelectionTable/a_static_byte_at_offset_9046
=== RUN   TestDeliverySeal_StrictSelectionTable/a_static_byte_at_offset_24536
=== RUN   TestDeliverySeal_StrictSelectionTable/a_static_byte_at_offset_13462
--- PASS: TestDeliverySeal_StrictSelectionTable (1.27s)
    --- PASS: TestDeliverySeal_StrictSelectionTable/accepted (0.00s)
        --- PASS: TestDeliverySeal_StrictSelectionTable/accepted/a_fresh_seq_1_beside_an_empty_b (0.00s)
        --- PASS: TestDeliverySeal_StrictSelectionTable/accepted/a_converted_seq_1_beside_an_empty_b (0.00s)
        --- PASS: TestDeliverySeal_StrictSelectionTable/accepted/a_seq_1_and_b_seq_2:_b_is_effective (0.00s)
        --- PASS: TestDeliverySeal_StrictSelectionTable/accepted/a_fresh_seq_1_and_b_seq_2 (0.00s)
        --- PASS: TestDeliverySeal_StrictSelectionTable/accepted/a_seq_3_and_b_seq_2:_a_is_effective (0.00s)
        --- PASS: TestDeliverySeal_StrictSelectionTable/accepted/far_along:_a_seq_1001_and_b_seq_1000 (0.00s)
    --- PASS: TestDeliverySeal_StrictSelectionTable/a_torn_slot:_a_new_record's_first_differing_byte_over_the_old_one (0.01s)
    --- PASS: TestDeliverySeal_StrictSelectionTable/a_torn_slot:_half_a_new_record_over_the_old_one (0.01s)
    --- PASS: TestDeliverySeal_StrictSelectionTable/a_torn_slot:_all_but_the_last_byte_of_a_new_record (0.02s)
    --- PASS: TestDeliverySeal_StrictSelectionTable/a_slot_of_random_garbage (0.02s)
    --- PASS: TestDeliverySeal_StrictSelectionTable/a_slot_of_zero_bytes,_as_a_hole_reads (0.02s)
    --- PASS: TestDeliverySeal_StrictSelectionTable/an_empty_slot_beside_seq_3 (0.03s)
    --- PASS: TestDeliverySeal_StrictSelectionTable/an_empty_a_beside_a_valid_b (0.03s)
    --- PASS: TestDeliverySeal_StrictSelectionTable/both_slots_empty (0.03s)
    --- PASS: TestDeliverySeal_StrictSelectionTable/a_seq_gap:_1_and_4 (0.04s)
    --- PASS: TestDeliverySeal_StrictSelectionTable/a_seq_gap:_5_and_2 (0.02s)
    --- PASS: TestDeliverySeal_StrictSelectionTable/a_seq_gap:_3_and_6 (0.02s)
    --- PASS: TestDeliverySeal_StrictSelectionTable/parity:_seq_2_in_a,_summed_for_a,_beside_seq_3_in_b,_summed_for_b (0.02s)
    --- PASS: TestDeliverySeal_StrictSelectionTable/parity:_seq_2_in_a,_summed_for_a,_beside_an_empty_b (0.02s)
    --- PASS: TestDeliverySeal_StrictSelectionTable/parity:_seq_1_in_b,_summed_for_b,_beside_seq_2_in_a,_summed_for_a (0.02s)
    --- PASS: TestDeliverySeal_StrictSelectionTable/slot_b's_record_copied_into_slot_a (0.02s)
    --- PASS: TestDeliverySeal_StrictSelectionTable/slot_a's_record_copied_into_slot_b (0.14s)
    --- PASS: TestDeliverySeal_StrictSelectionTable/a_seq-1_record_in_a_whose_sum_is_for_slot_b (0.02s)
    --- PASS: TestDeliverySeal_StrictSelectionTable/a_non-canonical_record:_its_chain_spelled_as_bare_hex (0.07s)
    --- PASS: TestDeliverySeal_StrictSelectionTable/a_non-canonical_record:_its_keys_reordered (0.02s)
    --- PASS: TestDeliverySeal_StrictSelectionTable/a_non-canonical_record:_a_duplicated_key (0.02s)
    --- PASS: TestDeliverySeal_StrictSelectionTable/a_non-canonical_record:_a_key_in_upper_case (0.04s)
    --- PASS: TestDeliverySeal_StrictSelectionTable/a_non-canonical_record:_an_unknown_key (0.02s)
    --- PASS: TestDeliverySeal_StrictSelectionTable/records_from_the_ack_journal (0.01s)
    --- PASS: TestDeliverySeal_StrictSelectionTable/the_ack_journal's_fresh_file (0.01s)
    --- PASS: TestDeliverySeal_StrictSelectionTable/an_older_record_with_as_many_bytes (0.01s)
    --- PASS: TestDeliverySeal_StrictSelectionTable/an_older_record_with_as_many_entries (0.01s)
    --- PASS: TestDeliverySeal_StrictSelectionTable/an_older_record_that_seals_more (0.02s)
    --- PASS: TestDeliverySeal_StrictSelectionTable/rot_of_the_newest_slot:_one_hex_digit_of_its_chain (0.02s)
    --- PASS: TestDeliverySeal_StrictSelectionTable/rot_of_the_newest_slot:_its_seq_digit (0.02s)
    --- PASS: TestDeliverySeal_StrictSelectionTable/rot_of_the_newest_slot:_its_record_replaced_by_null (0.02s)
    --- PASS: TestDeliverySeal_StrictSelectionTable/rot_of_the_newest_slot:_a_torn_record (0.02s)
    --- PASS: TestDeliverySeal_StrictSelectionTable/a_static_byte:_the_document's_first (0.02s)
    --- PASS: TestDeliverySeal_StrictSelectionTable/a_static_byte:_the_version (0.01s)
    --- PASS: TestDeliverySeal_StrictSelectionTable/a_static_byte:_the_padding_right_after_slot_a (0.01s)
    --- PASS: TestDeliverySeal_StrictSelectionTable/a_static_byte:_the_last_before_the_second_stride (0.02s)
    --- PASS: TestDeliverySeal_StrictSelectionTable/a_static_byte:_slot_b's_prefix (0.01s)
    --- PASS: TestDeliverySeal_StrictSelectionTable/a_static_byte:_the_padding_right_after_slot_b (0.01s)
    --- PASS: TestDeliverySeal_StrictSelectionTable/a_static_byte:_the_closing_brace (0.01s)
    --- PASS: TestDeliverySeal_StrictSelectionTable/padding:_a_byte_right_after_slot_a's_record (0.01s)
    --- PASS: TestDeliverySeal_StrictSelectionTable/padding:_slot_a's_last_byte (0.01s)
    --- PASS: TestDeliverySeal_StrictSelectionTable/padding:_a_NUL_after_slot_b's_record (0.02s)
    --- PASS: TestDeliverySeal_StrictSelectionTable/padding:_a_newline_after_slot_b's_record (0.02s)
    --- PASS: TestDeliverySeal_StrictSelectionTable/padding:_a_space_before_slot_a's_record (0.02s)
    --- PASS: TestDeliverySeal_StrictSelectionTable/the_wrong_size:_one_byte_short (0.01s)
    --- PASS: TestDeliverySeal_StrictSelectionTable/the_wrong_size:_one_byte_long (0.01s)
    --- PASS: TestDeliverySeal_StrictSelectionTable/the_wrong_size:_empty (0.00s)
    --- PASS: TestDeliverySeal_StrictSelectionTable/a_v1_position_file (0.01s)
    --- PASS: TestDeliverySeal_StrictSelectionTable/a_static_byte_at_offset_12859 (0.02s)
    --- PASS: TestDeliverySeal_StrictSelectionTable/a_static_byte_at_offset_19515 (0.01s)
    --- PASS: TestDeliverySeal_StrictSelectionTable/a_static_byte_at_offset_21137 (0.01s)
    --- PASS: TestDeliverySeal_StrictSelectionTable/a_static_byte_at_offset_8292 (0.01s)
    --- PASS: TestDeliverySeal_StrictSelectionTable/a_static_byte_at_offset_8137 (0.02s)
    --- PASS: TestDeliverySeal_StrictSelectionTable/a_static_byte_at_offset_9891 (0.01s)
    --- PASS: TestDeliverySeal_StrictSelectionTable/a_static_byte_at_offset_4113 (0.01s)
    --- PASS: TestDeliverySeal_StrictSelectionTable/a_static_byte_at_offset_15696 (0.01s)
    --- PASS: TestDeliverySeal_StrictSelectionTable/a_static_byte_at_offset_586 (0.02s)
    --- PASS: TestDeliverySeal_StrictSelectionTable/a_static_byte_at_offset_13037 (0.02s)
    --- PASS: TestDeliverySeal_StrictSelectionTable/a_static_byte_at_offset_18263 (0.02s)
    --- PASS: TestDeliverySeal_StrictSelectionTable/a_static_byte_at_offset_17861 (0.01s)
    --- PASS: TestDeliverySeal_StrictSelectionTable/a_static_byte_at_offset_2517 (0.01s)
    --- PASS: TestDeliverySeal_StrictSelectionTable/a_static_byte_at_offset_32198 (0.01s)
    --- PASS: TestDeliverySeal_StrictSelectionTable/a_static_byte_at_offset_9046 (0.02s)
    --- PASS: TestDeliverySeal_StrictSelectionTable/a_static_byte_at_offset_24536 (0.02s)
    --- PASS: TestDeliverySeal_StrictSelectionTable/a_static_byte_at_offset_13462 (0.01s)
=== RUN   TestDeliverySeal_WritesAlternateSlotsAndTheFileIsTheImage
=== RUN   TestDeliverySeal_WritesAlternateSlotsAndTheFileIsTheImage/lease
=== RUN   TestDeliverySeal_WritesAlternateSlotsAndTheFileIsTheImage/ack
--- PASS: TestDeliverySeal_WritesAlternateSlotsAndTheFileIsTheImage (0.25s)
    --- PASS: TestDeliverySeal_WritesAlternateSlotsAndTheFileIsTheImage/lease (0.12s)
    --- PASS: TestDeliverySeal_WritesAlternateSlotsAndTheFileIsTheImage/ack (0.12s)
=== RUN   TestDeliverySeal_EveryCrashReachableImageSelects
=== RUN   TestDeliverySeal_EveryCrashReachableImageSelects/lease
=== RUN   TestDeliverySeal_EveryCrashReachableImageSelects/ack
--- PASS: TestDeliverySeal_EveryCrashReachableImageSelects (0.31s)
    --- PASS: TestDeliverySeal_EveryCrashReachableImageSelects/lease (0.16s)
    --- PASS: TestDeliverySeal_EveryCrashReachableImageSelects/ack (0.15s)
=== RUN   TestDeliverySeal_CheckDetectsEveryChange
=== RUN   TestDeliverySeal_CheckDetectsEveryChange/an_untouched_file_passes
=== RUN   TestDeliverySeal_CheckDetectsEveryChange/the_file_grows_by_a_byte
=== RUN   TestDeliverySeal_CheckDetectsEveryChange/the_file_shrinks_by_a_byte
=== RUN   TestDeliverySeal_CheckDetectsEveryChange/the_path_names_a_replacement_with_the_same_bytes
=== RUN   TestDeliverySeal_CheckDetectsEveryChange/the_path_names_a_directory
=== RUN   TestDeliverySeal_CheckDetectsEveryChange/the_path_is_gone
=== RUN   TestDeliverySeal_CheckDetectsEveryChange/a_digit_of_the_effective_record
=== RUN   TestDeliverySeal_CheckDetectsEveryChange/a_digit_of_the_older_record
=== RUN   TestDeliverySeal_CheckDetectsEveryChange/a_padding_byte_of_a_slot
=== RUN   TestDeliverySeal_CheckDetectsEveryChange/a_static_byte
=== RUN   TestDeliverySeal_CheckDetectsEveryChange/a_cur_that_differs_from_the_journal's_position
--- PASS: TestDeliverySeal_CheckDetectsEveryChange (0.77s)
    --- PASS: TestDeliverySeal_CheckDetectsEveryChange/an_untouched_file_passes (0.03s)
    --- PASS: TestDeliverySeal_CheckDetectsEveryChange/the_file_grows_by_a_byte (0.05s)
    --- PASS: TestDeliverySeal_CheckDetectsEveryChange/the_file_shrinks_by_a_byte (0.05s)
    --- PASS: TestDeliverySeal_CheckDetectsEveryChange/the_path_names_a_replacement_with_the_same_bytes (0.07s)
    --- PASS: TestDeliverySeal_CheckDetectsEveryChange/the_path_names_a_directory (0.03s)
    --- PASS: TestDeliverySeal_CheckDetectsEveryChange/the_path_is_gone (0.03s)
    --- PASS: TestDeliverySeal_CheckDetectsEveryChange/a_digit_of_the_effective_record (0.31s)
    --- PASS: TestDeliverySeal_CheckDetectsEveryChange/a_digit_of_the_older_record (0.08s)
    --- PASS: TestDeliverySeal_CheckDetectsEveryChange/a_padding_byte_of_a_slot (0.05s)
    --- PASS: TestDeliverySeal_CheckDetectsEveryChange/a_static_byte (0.05s)
    --- PASS: TestDeliverySeal_CheckDetectsEveryChange/a_cur_that_differs_from_the_journal's_position (0.03s)
=== RUN   TestDeliverySeal_OpenVerifiesTheFileAndClosesOnFailure
=== RUN   TestDeliverySeal_OpenVerifiesTheFileAndClosesOnFailure/lease
=== RUN   TestDeliverySeal_OpenVerifiesTheFileAndClosesOnFailure/lease/a_file_that_reads_back_as_the_image
=== RUN   TestDeliverySeal_OpenVerifiesTheFileAndClosesOnFailure/lease/a_file_that_selects,_but_is_not_the_image_the_caller_read
=== RUN   TestDeliverySeal_OpenVerifiesTheFileAndClosesOnFailure/lease/a_file_one_byte_longer_than_the_image
=== RUN   TestDeliverySeal_OpenVerifiesTheFileAndClosesOnFailure/lease/a_file_one_byte_shorter_than_the_image
=== RUN   TestDeliverySeal_OpenVerifiesTheFileAndClosesOnFailure/lease/a_missing_file,_which_it_does_not_create
=== RUN   TestDeliverySeal_OpenVerifiesTheFileAndClosesOnFailure/lease/a_directory
=== RUN   TestDeliverySeal_OpenVerifiesTheFileAndClosesOnFailure/ack
=== RUN   TestDeliverySeal_OpenVerifiesTheFileAndClosesOnFailure/ack/a_file_that_reads_back_as_the_image
=== RUN   TestDeliverySeal_OpenVerifiesTheFileAndClosesOnFailure/ack/a_file_that_selects,_but_is_not_the_image_the_caller_read
=== RUN   TestDeliverySeal_OpenVerifiesTheFileAndClosesOnFailure/ack/a_file_one_byte_longer_than_the_image
=== RUN   TestDeliverySeal_OpenVerifiesTheFileAndClosesOnFailure/ack/a_file_one_byte_shorter_than_the_image
=== RUN   TestDeliverySeal_OpenVerifiesTheFileAndClosesOnFailure/ack/a_missing_file,_which_it_does_not_create
=== RUN   TestDeliverySeal_OpenVerifiesTheFileAndClosesOnFailure/ack/a_directory
--- PASS: TestDeliverySeal_OpenVerifiesTheFileAndClosesOnFailure (0.13s)
    --- PASS: TestDeliverySeal_OpenVerifiesTheFileAndClosesOnFailure/lease (0.07s)
        --- PASS: TestDeliverySeal_OpenVerifiesTheFileAndClosesOnFailure/lease/a_file_that_reads_back_as_the_image (0.01s)
        --- PASS: TestDeliverySeal_OpenVerifiesTheFileAndClosesOnFailure/lease/a_file_that_selects,_but_is_not_the_image_the_caller_read (0.03s)
        --- PASS: TestDeliverySeal_OpenVerifiesTheFileAndClosesOnFailure/lease/a_file_one_byte_longer_than_the_image (0.01s)
        --- PASS: TestDeliverySeal_OpenVerifiesTheFileAndClosesOnFailure/lease/a_file_one_byte_shorter_than_the_image (0.01s)
        --- PASS: TestDeliverySeal_OpenVerifiesTheFileAndClosesOnFailure/lease/a_missing_file,_which_it_does_not_create (0.00s)
        --- PASS: TestDeliverySeal_OpenVerifiesTheFileAndClosesOnFailure/lease/a_directory (0.00s)
    --- PASS: TestDeliverySeal_OpenVerifiesTheFileAndClosesOnFailure/ack (0.07s)
        --- PASS: TestDeliverySeal_OpenVerifiesTheFileAndClosesOnFailure/ack/a_file_that_reads_back_as_the_image (0.01s)
        --- PASS: TestDeliverySeal_OpenVerifiesTheFileAndClosesOnFailure/ack/a_file_that_selects,_but_is_not_the_image_the_caller_read (0.01s)
        --- PASS: TestDeliverySeal_OpenVerifiesTheFileAndClosesOnFailure/ack/a_file_one_byte_longer_than_the_image (0.01s)
        --- PASS: TestDeliverySeal_OpenVerifiesTheFileAndClosesOnFailure/ack/a_file_one_byte_shorter_than_the_image (0.02s)
        --- PASS: TestDeliverySeal_OpenVerifiesTheFileAndClosesOnFailure/ack/a_missing_file,_which_it_does_not_create (0.00s)
        --- PASS: TestDeliverySeal_OpenVerifiesTheFileAndClosesOnFailure/ack/a_directory (0.00s)
=== RUN   TestDeliverySeal_PathReplacedDuringSealReleasesNothing
=== RUN   TestDeliverySeal_PathReplacedDuringSealReleasesNothing/lease
=== RUN   TestDeliverySeal_PathReplacedDuringSealReleasesNothing/ack
--- PASS: TestDeliverySeal_PathReplacedDuringSealReleasesNothing (0.09s)
    --- PASS: TestDeliverySeal_PathReplacedDuringSealReleasesNothing/lease (0.04s)
    --- PASS: TestDeliverySeal_PathReplacedDuringSealReleasesNothing/ack (0.04s)
=== RUN   TestDeliverySeal_WriteRefusesWhatItsReaderWouldRefuse
=== RUN   TestDeliverySeal_WriteRefusesWhatItsReaderWouldRefuse/the_sealed_position_again
=== RUN   TestDeliverySeal_WriteRefusesWhatItsReaderWouldRefuse/fewer_bytes
=== RUN   TestDeliverySeal_WriteRefusesWhatItsReaderWouldRefuse/no_more_bytes
=== RUN   TestDeliverySeal_WriteRefusesWhatItsReaderWouldRefuse/no_more_entries
=== RUN   TestDeliverySeal_WriteRefusesWhatItsReaderWouldRefuse/fewer_entries
=== RUN   TestDeliverySeal_WriteRefusesWhatItsReaderWouldRefuse/bytes_past_the_journal's_cap
=== RUN   TestDeliverySeal_WriteRefusesWhatItsReaderWouldRefuse/entries_past_the_journal's_cap
=== RUN   TestDeliverySeal_WriteRefusesWhatItsReaderWouldRefuse/a_zero_chain
=== RUN   TestDeliverySeal_WriteRefusesWhatItsReaderWouldRefuse/a_seq_that_would_wrap
--- PASS: TestDeliverySeal_WriteRefusesWhatItsReaderWouldRefuse (0.15s)
    --- PASS: TestDeliverySeal_WriteRefusesWhatItsReaderWouldRefuse/the_sealed_position_again (0.02s)
    --- PASS: TestDeliverySeal_WriteRefusesWhatItsReaderWouldRefuse/fewer_bytes (0.01s)
    --- PASS: TestDeliverySeal_WriteRefusesWhatItsReaderWouldRefuse/no_more_bytes (0.01s)
    --- PASS: TestDeliverySeal_WriteRefusesWhatItsReaderWouldRefuse/no_more_entries (0.02s)
    --- PASS: TestDeliverySeal_WriteRefusesWhatItsReaderWouldRefuse/fewer_entries (0.02s)
    --- PASS: TestDeliverySeal_WriteRefusesWhatItsReaderWouldRefuse/bytes_past_the_journal's_cap (0.02s)
    --- PASS: TestDeliverySeal_WriteRefusesWhatItsReaderWouldRefuse/entries_past_the_journal's_cap (0.02s)
    --- PASS: TestDeliverySeal_WriteRefusesWhatItsReaderWouldRefuse/a_zero_chain (0.02s)
    --- PASS: TestDeliverySeal_WriteRefusesWhatItsReaderWouldRefuse/a_seq_that_would_wrap (0.02s)
=== RUN   TestDeliverySeal_AFailedWriteLatchesTheSeal
=== RUN   TestDeliverySeal_AFailedWriteLatchesTheSeal/a_failure_at_the_sync
=== RUN   TestDeliverySeal_AFailedWriteLatchesTheSeal/a_failure_at_the_post-seal_identity_check
=== RUN   TestDeliverySeal_AFailedWriteLatchesTheSeal/a_refusal_before_any_I/O
--- PASS: TestDeliverySeal_AFailedWriteLatchesTheSeal (0.13s)
    --- PASS: TestDeliverySeal_AFailedWriteLatchesTheSeal/a_failure_at_the_sync (0.04s)
    --- PASS: TestDeliverySeal_AFailedWriteLatchesTheSeal/a_failure_at_the_post-seal_identity_check (0.05s)
    --- PASS: TestDeliverySeal_AFailedWriteLatchesTheSeal/a_refusal_before_any_I/O (0.03s)
=== RUN   TestDeliverySeal_ClosedSealWritesAndPassesNothing
--- PASS: TestDeliverySeal_ClosedSealWritesAndPassesNothing (0.01s)
=== RUN   TestDeliverySeal_DowngradeWritesTodaysV1Bytes
=== RUN   TestDeliverySeal_DowngradeWritesTodaysV1Bytes/lease
=== RUN   TestDeliverySeal_DowngradeWritesTodaysV1Bytes/lease/fresh
=== RUN   TestDeliverySeal_DowngradeWritesTodaysV1Bytes/lease/written_twice
=== RUN   TestDeliverySeal_DowngradeWritesTodaysV1Bytes/lease/converted
=== RUN   TestDeliverySeal_DowngradeWritesTodaysV1Bytes/lease/maximal
=== RUN   TestDeliverySeal_DowngradeWritesTodaysV1Bytes/lease/a_fresh_project's_sidecar
=== RUN   TestDeliverySeal_DowngradeWritesTodaysV1Bytes/ack
=== RUN   TestDeliverySeal_DowngradeWritesTodaysV1Bytes/ack/fresh
=== RUN   TestDeliverySeal_DowngradeWritesTodaysV1Bytes/ack/written_twice
=== RUN   TestDeliverySeal_DowngradeWritesTodaysV1Bytes/ack/converted
=== RUN   TestDeliverySeal_DowngradeWritesTodaysV1Bytes/ack/maximal
=== RUN   TestDeliverySeal_DowngradeWritesTodaysV1Bytes/ack/a_fresh_project's_sidecar
--- PASS: TestDeliverySeal_DowngradeWritesTodaysV1Bytes (0.67s)
    --- PASS: TestDeliverySeal_DowngradeWritesTodaysV1Bytes/lease (0.37s)
        --- PASS: TestDeliverySeal_DowngradeWritesTodaysV1Bytes/lease/fresh (0.05s)
        --- PASS: TestDeliverySeal_DowngradeWritesTodaysV1Bytes/lease/written_twice (0.06s)
        --- PASS: TestDeliverySeal_DowngradeWritesTodaysV1Bytes/lease/converted (0.08s)
        --- PASS: TestDeliverySeal_DowngradeWritesTodaysV1Bytes/lease/maximal (0.05s)
        --- PASS: TestDeliverySeal_DowngradeWritesTodaysV1Bytes/lease/a_fresh_project's_sidecar (0.13s)
    --- PASS: TestDeliverySeal_DowngradeWritesTodaysV1Bytes/ack (0.30s)
        --- PASS: TestDeliverySeal_DowngradeWritesTodaysV1Bytes/ack/fresh (0.04s)
        --- PASS: TestDeliverySeal_DowngradeWritesTodaysV1Bytes/ack/written_twice (0.05s)
        --- PASS: TestDeliverySeal_DowngradeWritesTodaysV1Bytes/ack/converted (0.04s)
        --- PASS: TestDeliverySeal_DowngradeWritesTodaysV1Bytes/ack/maximal (0.05s)
        --- PASS: TestDeliverySeal_DowngradeWritesTodaysV1Bytes/ack/a_fresh_project's_sidecar (0.11s)
=== RUN   TestDeliveryPosition_CreateEmptyIsTheOneV1Encoders
=== RUN   TestDeliveryPosition_CreateEmptyIsTheOneV1Encoders/lease
=== RUN   TestDeliveryPosition_CreateEmptyIsTheOneV1Encoders/ack
--- PASS: TestDeliveryPosition_CreateEmptyIsTheOneV1Encoders (0.04s)
    --- PASS: TestDeliveryPosition_CreateEmptyIsTheOneV1Encoders/lease (0.02s)
    --- PASS: TestDeliveryPosition_CreateEmptyIsTheOneV1Encoders/ack (0.02s)
=== RUN   TestDeliverySeal_BoundsAreTheJournalReaders
=== RUN   TestDeliverySeal_BoundsAreTheJournalReaders/the_empty_position
=== RUN   TestDeliverySeal_BoundsAreTheJournalReaders/one_byte_and_one_entry
=== RUN   TestDeliverySeal_BoundsAreTheJournalReaders/the_caps
=== RUN   TestDeliverySeal_BoundsAreTheJournalReaders/negative_bytes
=== RUN   TestDeliverySeal_BoundsAreTheJournalReaders/bytes_past_the_cap
=== RUN   TestDeliverySeal_BoundsAreTheJournalReaders/negative_entries
=== RUN   TestDeliverySeal_BoundsAreTheJournalReaders/entries_past_the_cap
=== RUN   TestDeliverySeal_BoundsAreTheJournalReaders/bytes_without_entries
=== RUN   TestDeliverySeal_BoundsAreTheJournalReaders/entries_without_bytes
=== RUN   TestDeliverySeal_BoundsAreTheJournalReaders/a_zero_chain
=== RUN   TestDeliverySeal_BoundsAreTheJournalReaders/the_empty_position_with_another_chain
=== RUN   TestDeliverySeal_BoundsAreTheJournalReaders/the_empty_position_with_the_ack_journal's_seed
--- PASS: TestDeliverySeal_BoundsAreTheJournalReaders (0.17s)
    --- PASS: TestDeliverySeal_BoundsAreTheJournalReaders/the_empty_position (0.00s)
    --- PASS: TestDeliverySeal_BoundsAreTheJournalReaders/one_byte_and_one_entry (0.01s)
    --- PASS: TestDeliverySeal_BoundsAreTheJournalReaders/the_caps (0.01s)
    --- PASS: TestDeliverySeal_BoundsAreTheJournalReaders/negative_bytes (0.02s)
    --- PASS: TestDeliverySeal_BoundsAreTheJournalReaders/bytes_past_the_cap (0.02s)
    --- PASS: TestDeliverySeal_BoundsAreTheJournalReaders/negative_entries (0.01s)
    --- PASS: TestDeliverySeal_BoundsAreTheJournalReaders/entries_past_the_cap (0.02s)
    --- PASS: TestDeliverySeal_BoundsAreTheJournalReaders/bytes_without_entries (0.02s)
    --- PASS: TestDeliverySeal_BoundsAreTheJournalReaders/entries_without_bytes (0.02s)
    --- PASS: TestDeliverySeal_BoundsAreTheJournalReaders/a_zero_chain (0.02s)
    --- PASS: TestDeliverySeal_BoundsAreTheJournalReaders/the_empty_position_with_another_chain (0.02s)
    --- PASS: TestDeliverySeal_BoundsAreTheJournalReaders/the_empty_position_with_the_ack_journal's_seed (0.00s)
=== RUN   TestDeliverySeal_SumIsItsDocumentedEncoding
--- PASS: TestDeliverySeal_SumIsItsDocumentedEncoding (0.00s)
=== RUN   TestDeliverySeal_LongestRecordFitsItsSlot
--- PASS: TestDeliverySeal_LongestRecordFitsItsSlot (0.00s)
=== RUN   TestDeliverySeal_WriteFormatIsDeliberate
--- PASS: TestDeliverySeal_WriteFormatIsDeliberate (0.00s)
=== RUN   TestDeliverySealRuleR_AcceptsOnlyOneValidSlotBesideOneTornSlot
=== RUN   TestDeliverySealRuleR_AcceptsOnlyOneValidSlotBesideOneTornSlot/accepts_the_valid_record_beside_a_torn_slot
=== RUN   TestDeliverySealRuleR_AcceptsOnlyOneValidSlotBesideOneTornSlot/accepts_the_valid_record_beside_a_torn_slot/the_newest_slot_is_torn
=== RUN   TestDeliverySealRuleR_AcceptsOnlyOneValidSlotBesideOneTornSlot/accepts_the_valid_record_beside_a_torn_slot/the_older_slot_is_torn
=== RUN   TestDeliverySealRuleR_AcceptsOnlyOneValidSlotBesideOneTornSlot/accepts_the_valid_record_beside_a_torn_slot/a_fresh_file_whose_empty_slot_was_overwritten
=== RUN   TestDeliverySealRuleR_AcceptsOnlyOneValidSlotBesideOneTornSlot/accepts_the_valid_record_beside_a_torn_slot/a_slot_summed_for_the_other_slot:_a_foreign_write
=== RUN   TestDeliverySealRuleR_AcceptsOnlyOneValidSlotBesideOneTornSlot/accepts_the_valid_record_beside_a_torn_slot/a_slot_whose_seq_has_the_other_slot's_parity
=== RUN   TestDeliverySealRuleR_AcceptsOnlyOneValidSlotBesideOneTornSlot/accepts_the_valid_record_beside_a_torn_slot/a_slot_summed_for_the_other_journal
=== RUN   TestDeliverySealRuleR_AcceptsOnlyOneValidSlotBesideOneTornSlot/refuses_every_image_that_is_not_one_valid_slot_beside_one_torn_slot
=== RUN   TestDeliverySealRuleR_AcceptsOnlyOneValidSlotBesideOneTornSlot/refuses_every_image_that_is_not_one_valid_slot_beside_one_torn_slot/a_fresh_seq_1_beside_an_empty_slot
=== RUN   TestDeliverySealRuleR_AcceptsOnlyOneValidSlotBesideOneTornSlot/refuses_every_image_that_is_not_one_valid_slot_beside_one_torn_slot/two_valid_slots_one_seq_apart
=== RUN   TestDeliverySealRuleR_AcceptsOnlyOneValidSlotBesideOneTornSlot/refuses_every_image_that_is_not_one_valid_slot_beside_one_torn_slot/a_valid_seq_3_beside_an_empty_slot
=== RUN   TestDeliverySealRuleR_AcceptsOnlyOneValidSlotBesideOneTornSlot/refuses_every_image_that_is_not_one_valid_slot_beside_one_torn_slot/an_empty_slot_beside_a_valid_seq_2
=== RUN   TestDeliverySealRuleR_AcceptsOnlyOneValidSlotBesideOneTornSlot/refuses_every_image_that_is_not_one_valid_slot_beside_one_torn_slot/a_valid_seq_1001_beside_an_empty_slot
=== RUN   TestDeliverySealRuleR_AcceptsOnlyOneValidSlotBesideOneTornSlot/refuses_every_image_that_is_not_one_valid_slot_beside_one_torn_slot/both_slots_empty
=== RUN   TestDeliverySealRuleR_AcceptsOnlyOneValidSlotBesideOneTornSlot/refuses_every_image_that_is_not_one_valid_slot_beside_one_torn_slot/two_valid_slots_with_a_seq_gap
=== RUN   TestDeliverySealRuleR_AcceptsOnlyOneValidSlotBesideOneTornSlot/refuses_every_image_that_is_not_one_valid_slot_beside_one_torn_slot/two_valid_slots_whose_older_seals_as_many_bytes
=== RUN   TestDeliverySealRuleR_AcceptsOnlyOneValidSlotBesideOneTornSlot/refuses_every_image_that_is_not_one_valid_slot_beside_one_torn_slot/two_valid_slots_whose_older_seals_as_many_entries
=== RUN   TestDeliverySealRuleR_AcceptsOnlyOneValidSlotBesideOneTornSlot/refuses_every_image_that_is_not_one_valid_slot_beside_one_torn_slot/two_valid_slots_whose_older_seals_more
=== RUN   TestDeliverySealRuleR_AcceptsOnlyOneValidSlotBesideOneTornSlot/refuses_every_image_that_is_not_one_valid_slot_beside_one_torn_slot/both_slots_torn
=== RUN   TestDeliverySealRuleR_AcceptsOnlyOneValidSlotBesideOneTornSlot/refuses_every_image_that_is_not_one_valid_slot_beside_one_torn_slot/a_torn_slot_beside_an_empty_one
=== RUN   TestDeliverySealRuleR_AcceptsOnlyOneValidSlotBesideOneTornSlot/refuses_every_image_that_is_not_one_valid_slot_beside_one_torn_slot/both_slots_belong_to_the_other_journal
=== RUN   TestDeliverySealRuleR_AcceptsOnlyOneValidSlotBesideOneTornSlot/refuses_every_image_that_is_not_one_valid_slot_beside_one_torn_slot/a_v2_image_one_byte_short
=== RUN   TestDeliverySealRuleR_AcceptsOnlyOneValidSlotBesideOneTornSlot/refuses_every_image_that_is_not_one_valid_slot_beside_one_torn_slot/a_static_byte_changed
=== RUN   TestDeliverySealRuleR_AcceptsOnlyOneValidSlotBesideOneTornSlot/refuses_every_image_that_is_not_one_valid_slot_beside_one_torn_slot/an_empty_file
--- PASS: TestDeliverySealRuleR_AcceptsOnlyOneValidSlotBesideOneTornSlot (0.00s)
    --- PASS: TestDeliverySealRuleR_AcceptsOnlyOneValidSlotBesideOneTornSlot/accepts_the_valid_record_beside_a_torn_slot (0.00s)
        --- PASS: TestDeliverySealRuleR_AcceptsOnlyOneValidSlotBesideOneTornSlot/accepts_the_valid_record_beside_a_torn_slot/the_newest_slot_is_torn (0.00s)
        --- PASS: TestDeliverySealRuleR_AcceptsOnlyOneValidSlotBesideOneTornSlot/accepts_the_valid_record_beside_a_torn_slot/the_older_slot_is_torn (0.00s)
        --- PASS: TestDeliverySealRuleR_AcceptsOnlyOneValidSlotBesideOneTornSlot/accepts_the_valid_record_beside_a_torn_slot/a_fresh_file_whose_empty_slot_was_overwritten (0.00s)
        --- PASS: TestDeliverySealRuleR_AcceptsOnlyOneValidSlotBesideOneTornSlot/accepts_the_valid_record_beside_a_torn_slot/a_slot_summed_for_the_other_slot:_a_foreign_write (0.00s)
        --- PASS: TestDeliverySealRuleR_AcceptsOnlyOneValidSlotBesideOneTornSlot/accepts_the_valid_record_beside_a_torn_slot/a_slot_whose_seq_has_the_other_slot's_parity (0.00s)
        --- PASS: TestDeliverySealRuleR_AcceptsOnlyOneValidSlotBesideOneTornSlot/accepts_the_valid_record_beside_a_torn_slot/a_slot_summed_for_the_other_journal (0.00s)
    --- PASS: TestDeliverySealRuleR_AcceptsOnlyOneValidSlotBesideOneTornSlot/refuses_every_image_that_is_not_one_valid_slot_beside_one_torn_slot (0.00s)
        --- PASS: TestDeliverySealRuleR_AcceptsOnlyOneValidSlotBesideOneTornSlot/refuses_every_image_that_is_not_one_valid_slot_beside_one_torn_slot/a_fresh_seq_1_beside_an_empty_slot (0.00s)
        --- PASS: TestDeliverySealRuleR_AcceptsOnlyOneValidSlotBesideOneTornSlot/refuses_every_image_that_is_not_one_valid_slot_beside_one_torn_slot/two_valid_slots_one_seq_apart (0.00s)
        --- PASS: TestDeliverySealRuleR_AcceptsOnlyOneValidSlotBesideOneTornSlot/refuses_every_image_that_is_not_one_valid_slot_beside_one_torn_slot/a_valid_seq_3_beside_an_empty_slot (0.00s)
        --- PASS: TestDeliverySealRuleR_AcceptsOnlyOneValidSlotBesideOneTornSlot/refuses_every_image_that_is_not_one_valid_slot_beside_one_torn_slot/an_empty_slot_beside_a_valid_seq_2 (0.00s)
        --- PASS: TestDeliverySealRuleR_AcceptsOnlyOneValidSlotBesideOneTornSlot/refuses_every_image_that_is_not_one_valid_slot_beside_one_torn_slot/a_valid_seq_1001_beside_an_empty_slot (0.00s)
        --- PASS: TestDeliverySealRuleR_AcceptsOnlyOneValidSlotBesideOneTornSlot/refuses_every_image_that_is_not_one_valid_slot_beside_one_torn_slot/both_slots_empty (0.00s)
        --- PASS: TestDeliverySealRuleR_AcceptsOnlyOneValidSlotBesideOneTornSlot/refuses_every_image_that_is_not_one_valid_slot_beside_one_torn_slot/two_valid_slots_with_a_seq_gap (0.00s)
        --- PASS: TestDeliverySealRuleR_AcceptsOnlyOneValidSlotBesideOneTornSlot/refuses_every_image_that_is_not_one_valid_slot_beside_one_torn_slot/two_valid_slots_whose_older_seals_as_many_bytes (0.00s)
        --- PASS: TestDeliverySealRuleR_AcceptsOnlyOneValidSlotBesideOneTornSlot/refuses_every_image_that_is_not_one_valid_slot_beside_one_torn_slot/two_valid_slots_whose_older_seals_as_many_entries (0.00s)
        --- PASS: TestDeliverySealRuleR_AcceptsOnlyOneValidSlotBesideOneTornSlot/refuses_every_image_that_is_not_one_valid_slot_beside_one_torn_slot/two_valid_slots_whose_older_seals_more (0.00s)
        --- PASS: TestDeliverySealRuleR_AcceptsOnlyOneValidSlotBesideOneTornSlot/refuses_every_image_that_is_not_one_valid_slot_beside_one_torn_slot/both_slots_torn (0.00s)
        --- PASS: TestDeliverySealRuleR_AcceptsOnlyOneValidSlotBesideOneTornSlot/refuses_every_image_that_is_not_one_valid_slot_beside_one_torn_slot/a_torn_slot_beside_an_empty_one (0.00s)
        --- PASS: TestDeliverySealRuleR_AcceptsOnlyOneValidSlotBesideOneTornSlot/refuses_every_image_that_is_not_one_valid_slot_beside_one_torn_slot/both_slots_belong_to_the_other_journal (0.00s)
        --- PASS: TestDeliverySealRuleR_AcceptsOnlyOneValidSlotBesideOneTornSlot/refuses_every_image_that_is_not_one_valid_slot_beside_one_torn_slot/a_v2_image_one_byte_short (0.00s)
        --- PASS: TestDeliverySealRuleR_AcceptsOnlyOneValidSlotBesideOneTornSlot/refuses_every_image_that_is_not_one_valid_slot_beside_one_torn_slot/a_static_byte_changed (0.00s)
        --- PASS: TestDeliverySealRuleR_AcceptsOnlyOneValidSlotBesideOneTornSlot/refuses_every_image_that_is_not_one_valid_slot_beside_one_torn_slot/an_empty_file (0.00s)
=== RUN   TestDeliveryOfflineTool_SyncsTheJournalItScannedBeforeSealingIt
=== RUN   TestDeliveryOfflineTool_SyncsTheJournalItScannedBeforeSealingIt/syncs_the_file_its_scan_read_and_refuses_any_other
=== RUN   TestDeliveryOfflineTool_SyncsTheJournalItScannedBeforeSealingIt/seals_nothing_when_a_journal_cannot_be_made_durable
=== RUN   TestDeliveryOfflineTool_SyncsTheJournalItScannedBeforeSealingIt/seals_nothing_when_a_journal_cannot_be_made_durable/delivery-leases.jsonl
    delivery_seal_tool_test.go:362: report:
        delivery-seal: C:\Users\Quant\AppData\Local\Temp\TestDeliveryOfflineTool_SyncsTheJournalItScannedBeforeSealingIt3322156751\001
          lease seal C:\Users\Quant\AppData\Local\Temp\TestDeliveryOfflineTool_SyncsTheJournalItScannedBeforeSealingIt3322156751\001\.qompack\state\delivery-lease-position.json: v2, seq 3, 2 entries, 576 bytes
          lease journal C:\Users\Quant\AppData\Local\Temp\TestDeliveryOfflineTool_SyncsTheJournalItScannedBeforeSealingIt3322156751\001\.qompack\state\delivery-leases.jsonl: loads, 2 entries, 576 bytes, chain sha256:da4ee95f48b63dfa283b41184086cd032e6309052b7b93431526575fa9139e15
          ack seal C:\Users\Quant\AppData\Local\Temp\TestDeliveryOfflineTool_SyncsTheJournalItScannedBeforeSealingIt3322156751\001\.qompack\state\delivery-ack-position.json: v2, seq 2, 1 entries, 258 bytes
          ack journal C:\Users\Quant\AppData\Local\Temp\TestDeliveryOfflineTool_SyncsTheJournalItScannedBeforeSealingIt3322156751\001\.qompack\state\delivery-acks.jsonl: loads, 1 entries, 258 bytes, chain sha256:5ca0c2f7a6d63742f7c6cb0b0563dfd1b738c05a36ac9269e9a317b05ecbc0a2
=== RUN   TestDeliveryOfflineTool_SyncsTheJournalItScannedBeforeSealingIt/seals_nothing_when_a_journal_cannot_be_made_durable/delivery-acks.jsonl
    delivery_seal_tool_test.go:362: report:
        delivery-seal: C:\Users\Quant\AppData\Local\Temp\TestDeliveryOfflineTool_SyncsTheJournalItScannedBeforeSealingIt3862864930\001
          lease seal C:\Users\Quant\AppData\Local\Temp\TestDeliveryOfflineTool_SyncsTheJournalItScannedBeforeSealingIt3862864930\001\.qompack\state\delivery-lease-position.json: v2, seq 3, 2 entries, 576 bytes
          lease journal C:\Users\Quant\AppData\Local\Temp\TestDeliveryOfflineTool_SyncsTheJournalItScannedBeforeSealingIt3862864930\001\.qompack\state\delivery-leases.jsonl: loads, 2 entries, 576 bytes, chain sha256:da4ee95f48b63dfa283b41184086cd032e6309052b7b93431526575fa9139e15
          ack seal C:\Users\Quant\AppData\Local\Temp\TestDeliveryOfflineTool_SyncsTheJournalItScannedBeforeSealingIt3862864930\001\.qompack\state\delivery-ack-position.json: v2, seq 2, 1 entries, 258 bytes
          ack journal C:\Users\Quant\AppData\Local\Temp\TestDeliveryOfflineTool_SyncsTheJournalItScannedBeforeSealingIt3862864930\001\.qompack\state\delivery-acks.jsonl: loads, 1 entries, 258 bytes, chain sha256:5ca0c2f7a6d63742f7c6cb0b0563dfd1b738c05a36ac9269e9a317b05ecbc0a2
--- PASS: TestDeliveryOfflineTool_SyncsTheJournalItScannedBeforeSealingIt (0.81s)
    --- PASS: TestDeliveryOfflineTool_SyncsTheJournalItScannedBeforeSealingIt/syncs_the_file_its_scan_read_and_refuses_any_other (0.30s)
    --- PASS: TestDeliveryOfflineTool_SyncsTheJournalItScannedBeforeSealingIt/seals_nothing_when_a_journal_cannot_be_made_durable (0.50s)
        --- PASS: TestDeliveryOfflineTool_SyncsTheJournalItScannedBeforeSealingIt/seals_nothing_when_a_journal_cannot_be_made_durable/delivery-leases.jsonl (0.26s)
        --- PASS: TestDeliveryOfflineTool_SyncsTheJournalItScannedBeforeSealingIt/seals_nothing_when_a_journal_cannot_be_made_durable/delivery-acks.jsonl (0.25s)
=== RUN   TestDeliveryOfflineTool_ConvertsAndRefusesWhileADaemonHoldsTheLock
=== RUN   TestDeliveryOfflineTool_ConvertsAndRefusesWhileADaemonHoldsTheLock/refuses_while_a_daemon_holds_the_lock
    delivery_seal_tool_test.go:404: report:
    delivery_seal_tool_test.go:404: report:
=== RUN   TestDeliveryOfflineTool_ConvertsAndRefusesWhileADaemonHoldsTheLock/refuses_once_a_daemon_has_taken_the_lock_over_mid-run
    delivery_seal_tool_test.go:429: report:
        delivery-seal: C:\Users\Quant\AppData\Local\Temp\TestDeliveryOfflineTool_ConvertsAndRefusesWhileADaemonHoldsTheLo4113120527\001
          lease seal C:\Users\Quant\AppData\Local\Temp\TestDeliveryOfflineTool_ConvertsAndRefusesWhileADaemonHoldsTheLo4113120527\001\.qompack\state\delivery-lease-position.json: v2, seq 3, 2 entries, 576 bytes
          lease journal C:\Users\Quant\AppData\Local\Temp\TestDeliveryOfflineTool_ConvertsAndRefusesWhileADaemonHoldsTheLo4113120527\001\.qompack\state\delivery-leases.jsonl: loads, 2 entries, 576 bytes, chain sha256:da4ee95f48b63dfa283b41184086cd032e6309052b7b93431526575fa9139e15
          ack seal C:\Users\Quant\AppData\Local\Temp\TestDeliveryOfflineTool_ConvertsAndRefusesWhileADaemonHoldsTheLo4113120527\001\.qompack\state\delivery-ack-position.json: v2, seq 2, 1 entries, 258 bytes
          ack journal C:\Users\Quant\AppData\Local\Temp\TestDeliveryOfflineTool_ConvertsAndRefusesWhileADaemonHoldsTheLo4113120527\001\.qompack\state\delivery-acks.jsonl: loads, 1 entries, 258 bytes, chain sha256:5ca0c2f7a6d63742f7c6cb0b0563dfd1b738c05a36ac9269e9a317b05ecbc0a2
    delivery_seal_tool_test.go:429: report:
        delivery-seal: C:\Users\Quant\AppData\Local\Temp\TestDeliveryOfflineTool_ConvertsAndRefusesWhileADaemonHoldsTheLo4113120527\001
          lease seal C:\Users\Quant\AppData\Local\Temp\TestDeliveryOfflineTool_ConvertsAndRefusesWhileADaemonHoldsTheLo4113120527\001\.qompack\state\delivery-lease-position.json: v2, seq 3, 2 entries, 576 bytes
          lease journal C:\Users\Quant\AppData\Local\Temp\TestDeliveryOfflineTool_ConvertsAndRefusesWhileADaemonHoldsTheLo4113120527\001\.qompack\state\delivery-leases.jsonl: loads, 2 entries, 576 bytes, chain sha256:da4ee95f48b63dfa283b41184086cd032e6309052b7b93431526575fa9139e15
          ack seal C:\Users\Quant\AppData\Local\Temp\TestDeliveryOfflineTool_ConvertsAndRefusesWhileADaemonHoldsTheLo4113120527\001\.qompack\state\delivery-ack-position.json: v2, seq 2, 1 entries, 258 bytes
          ack journal C:\Users\Quant\AppData\Local\Temp\TestDeliveryOfflineTool_ConvertsAndRefusesWhileADaemonHoldsTheLo4113120527\001\.qompack\state\delivery-acks.jsonl: loads, 1 entries, 258 bytes, chain sha256:5ca0c2f7a6d63742f7c6cb0b0563dfd1b738c05a36ac9269e9a317b05ecbc0a2
=== RUN   TestDeliveryOfflineTool_ConvertsAndRefusesWhileADaemonHoldsTheLock/refuses_to_convert_once_a_daemon_has_taken_the_lock_after_the_scan
    delivery_seal_tool_test.go:447: report:
        delivery-seal: C:\Users\Quant\AppData\Local\Temp\TestDeliveryOfflineTool_ConvertsAndRefusesWhileADaemonHoldsTheLo3999741529\001
          lease seal C:\Users\Quant\AppData\Local\Temp\TestDeliveryOfflineTool_ConvertsAndRefusesWhileADaemonHoldsTheLo3999741529\001\.qompack\state\delivery-lease-position.json: v2, seq 3, 2 entries, 576 bytes
          lease journal C:\Users\Quant\AppData\Local\Temp\TestDeliveryOfflineTool_ConvertsAndRefusesWhileADaemonHoldsTheLo3999741529\001\.qompack\state\delivery-leases.jsonl: loads, 2 entries, 576 bytes, chain sha256:da4ee95f48b63dfa283b41184086cd032e6309052b7b93431526575fa9139e15
          ack seal C:\Users\Quant\AppData\Local\Temp\TestDeliveryOfflineTool_ConvertsAndRefusesWhileADaemonHoldsTheLo3999741529\001\.qompack\state\delivery-ack-position.json: v2, seq 2, 1 entries, 258 bytes
          ack journal C:\Users\Quant\AppData\Local\Temp\TestDeliveryOfflineTool_ConvertsAndRefusesWhileADaemonHoldsTheLo3999741529\001\.qompack\state\delivery-acks.jsonl: loads, 1 entries, 258 bytes, chain sha256:5ca0c2f7a6d63742f7c6cb0b0563dfd1b738c05a36ac9269e9a317b05ecbc0a2
=== RUN   TestDeliveryOfflineTool_ConvertsAndRefusesWhileADaemonHoldsTheLock/each_ownership_check_refreshes_the_heartbeat_the_staleness_protocol_reads
=== RUN   TestDeliveryOfflineTool_ConvertsAndRefusesWhileADaemonHoldsTheLock/a_run_directory_removed_after_the_scan_is_not_reported_as_a_daemon_takeover
    delivery_seal_tool_test.go:515: report:
        delivery-seal: C:\Users\Quant\AppData\Local\Temp\TestDeliveryOfflineTool_ConvertsAndRefusesWhileADaemonHoldsTheLo1517249473\001
          lease seal C:\Users\Quant\AppData\Local\Temp\TestDeliveryOfflineTool_ConvertsAndRefusesWhileADaemonHoldsTheLo1517249473\001\.qompack\state\delivery-lease-position.json: v2, seq 3, 2 entries, 576 bytes
          lease journal C:\Users\Quant\AppData\Local\Temp\TestDeliveryOfflineTool_ConvertsAndRefusesWhileADaemonHoldsTheLo1517249473\001\.qompack\state\delivery-leases.jsonl: loads, 2 entries, 576 bytes, chain sha256:da4ee95f48b63dfa283b41184086cd032e6309052b7b93431526575fa9139e15
          ack seal C:\Users\Quant\AppData\Local\Temp\TestDeliveryOfflineTool_ConvertsAndRefusesWhileADaemonHoldsTheLo1517249473\001\.qompack\state\delivery-ack-position.json: v2, seq 2, 1 entries, 258 bytes
          ack journal C:\Users\Quant\AppData\Local\Temp\TestDeliveryOfflineTool_ConvertsAndRefusesWhileADaemonHoldsTheLo1517249473\001\.qompack\state\delivery-acks.jsonl: loads, 1 entries, 258 bytes, chain sha256:5ca0c2f7a6d63742f7c6cb0b0563dfd1b738c05a36ac9269e9a317b05ecbc0a2
=== RUN   TestDeliveryOfflineTool_ConvertsAndRefusesWhileADaemonHoldsTheLock/a_run_directory_removed_between_the_two_seals_says_how_to_finish_the_pair
    delivery_seal_tool_test.go:546: report: delivery-seal: C:\Users\Quant\AppData\Local\Temp\TestDeliveryOfflineTool_ConvertsAndRefusesWhileADaemonHoldsTheLo1305458369\001
          lease seal C:\Users\Quant\AppData\Local\Temp\TestDeliveryOfflineTool_ConvertsAndRefusesWhileADaemonHoldsTheLo1305458369\001\.qompack\state\delivery-lease-position.json: v2, seq 3, 2 entries, 576 bytes
          lease journal C:\Users\Quant\AppData\Local\Temp\TestDeliveryOfflineTool_ConvertsAndRefusesWhileADaemonHoldsTheLo1305458369\001\.qompack\state\delivery-leases.jsonl: loads, 2 entries, 576 bytes, chain sha256:da4ee95f48b63dfa283b41184086cd032e6309052b7b93431526575fa9139e15
          ack seal C:\Users\Quant\AppData\Local\Temp\TestDeliveryOfflineTool_ConvertsAndRefusesWhileADaemonHoldsTheLo1305458369\001\.qompack\state\delivery-ack-position.json: v2, seq 2, 1 entries, 258 bytes
          ack journal C:\Users\Quant\AppData\Local\Temp\TestDeliveryOfflineTool_ConvertsAndRefusesWhileADaemonHoldsTheLo1305458369\001\.qompack\state\delivery-acks.jsonl: loads, 1 entries, 258 bytes, chain sha256:5ca0c2f7a6d63742f7c6cb0b0563dfd1b738c05a36ac9269e9a317b05ecbc0a2
          lease seal C:\Users\Quant\AppData\Local\Temp\TestDeliveryOfflineTool_ConvertsAndRefusesWhileADaemonHoldsTheLo1305458369\001\.qompack\state\delivery-lease-position.json: wrote v1 at 2 entries, 576 bytes (it sealed 2 entries, 576 bytes)
    delivery_seal_tool_test.go:563: report:
        delivery-seal: C:\Users\Quant\AppData\Local\Temp\TestDeliveryOfflineTool_ConvertsAndRefusesWhileADaemonHoldsTheLo1305458369\001
          lease seal C:\Users\Quant\AppData\Local\Temp\TestDeliveryOfflineTool_ConvertsAndRefusesWhileADaemonHoldsTheLo1305458369\001\.qompack\state\delivery-lease-position.json: v1, 2 entries, 576 bytes
          lease journal C:\Users\Quant\AppData\Local\Temp\TestDeliveryOfflineTool_ConvertsAndRefusesWhileADaemonHoldsTheLo1305458369\001\.qompack\state\delivery-leases.jsonl: loads, 2 entries, 576 bytes, chain sha256:da4ee95f48b63dfa283b41184086cd032e6309052b7b93431526575fa9139e15
          ack seal C:\Users\Quant\AppData\Local\Temp\TestDeliveryOfflineTool_ConvertsAndRefusesWhileADaemonHoldsTheLo1305458369\001\.qompack\state\delivery-ack-position.json: v2, seq 2, 1 entries, 258 bytes
          ack journal C:\Users\Quant\AppData\Local\Temp\TestDeliveryOfflineTool_ConvertsAndRefusesWhileADaemonHoldsTheLo1305458369\001\.qompack\state\delivery-acks.jsonl: loads, 1 entries, 258 bytes, chain sha256:5ca0c2f7a6d63742f7c6cb0b0563dfd1b738c05a36ac9269e9a317b05ecbc0a2
          lease seal C:\Users\Quant\AppData\Local\Temp\TestDeliveryOfflineTool_ConvertsAndRefusesWhileADaemonHoldsTheLo1305458369\001\.qompack\state\delivery-lease-position.json: wrote v1 at 2 entries, 576 bytes (it sealed 2 entries, 576 bytes)
          ack seal C:\Users\Quant\AppData\Local\Temp\TestDeliveryOfflineTool_ConvertsAndRefusesWhileADaemonHoldsTheLo1305458369\001\.qompack\state\delivery-ack-position.json: wrote v1 at 1 entries, 258 bytes (it sealed 1 entries, 258 bytes)
=== RUN   TestDeliveryOfflineTool_ConvertsAndRefusesWhileADaemonHoldsTheLock/a_daemon_that_takes_the_lock_between_the_two_seals_leaves_the_pair_half_converted
    delivery_seal_tool_test.go:586: report:
        delivery-seal: C:\Users\Quant\AppData\Local\Temp\TestDeliveryOfflineTool_ConvertsAndRefusesWhileADaemonHoldsTheLo1067864596\001
          lease seal C:\Users\Quant\AppData\Local\Temp\TestDeliveryOfflineTool_ConvertsAndRefusesWhileADaemonHoldsTheLo1067864596\001\.qompack\state\delivery-lease-position.json: v2, seq 3, 2 entries, 576 bytes
          lease journal C:\Users\Quant\AppData\Local\Temp\TestDeliveryOfflineTool_ConvertsAndRefusesWhileADaemonHoldsTheLo1067864596\001\.qompack\state\delivery-leases.jsonl: loads, 2 entries, 576 bytes, chain sha256:da4ee95f48b63dfa283b41184086cd032e6309052b7b93431526575fa9139e15
          ack seal C:\Users\Quant\AppData\Local\Temp\TestDeliveryOfflineTool_ConvertsAndRefusesWhileADaemonHoldsTheLo1067864596\001\.qompack\state\delivery-ack-position.json: v2, seq 2, 1 entries, 258 bytes
          ack journal C:\Users\Quant\AppData\Local\Temp\TestDeliveryOfflineTool_ConvertsAndRefusesWhileADaemonHoldsTheLo1067864596\001\.qompack\state\delivery-acks.jsonl: loads, 1 entries, 258 bytes, chain sha256:5ca0c2f7a6d63742f7c6cb0b0563dfd1b738c05a36ac9269e9a317b05ecbc0a2
          lease seal C:\Users\Quant\AppData\Local\Temp\TestDeliveryOfflineTool_ConvertsAndRefusesWhileADaemonHoldsTheLo1067864596\001\.qompack\state\delivery-lease-position.json: wrote v1 at 2 entries, 576 bytes (it sealed 2 entries, 576 bytes)
    delivery_seal_tool_test.go:610: report:
    delivery_seal_tool_test.go:615: report:
        delivery-seal: C:\Users\Quant\AppData\Local\Temp\TestDeliveryOfflineTool_ConvertsAndRefusesWhileADaemonHoldsTheLo1067864596\001
          lease seal C:\Users\Quant\AppData\Local\Temp\TestDeliveryOfflineTool_ConvertsAndRefusesWhileADaemonHoldsTheLo1067864596\001\.qompack\state\delivery-lease-position.json: v1, 2 entries, 576 bytes
          lease journal C:\Users\Quant\AppData\Local\Temp\TestDeliveryOfflineTool_ConvertsAndRefusesWhileADaemonHoldsTheLo1067864596\001\.qompack\state\delivery-leases.jsonl: loads, 2 entries, 576 bytes, chain sha256:da4ee95f48b63dfa283b41184086cd032e6309052b7b93431526575fa9139e15
          ack seal C:\Users\Quant\AppData\Local\Temp\TestDeliveryOfflineTool_ConvertsAndRefusesWhileADaemonHoldsTheLo1067864596\001\.qompack\state\delivery-ack-position.json: v2, seq 2, 1 entries, 258 bytes
          ack journal C:\Users\Quant\AppData\Local\Temp\TestDeliveryOfflineTool_ConvertsAndRefusesWhileADaemonHoldsTheLo1067864596\001\.qompack\state\delivery-acks.jsonl: loads, 1 entries, 258 bytes, chain sha256:5ca0c2f7a6d63742f7c6cb0b0563dfd1b738c05a36ac9269e9a317b05ecbc0a2
          lease seal C:\Users\Quant\AppData\Local\Temp\TestDeliveryOfflineTool_ConvertsAndRefusesWhileADaemonHoldsTheLo1067864596\001\.qompack\state\delivery-lease-position.json: wrote v1 at 2 entries, 576 bytes (it sealed 2 entries, 576 bytes)
          ack seal C:\Users\Quant\AppData\Local\Temp\TestDeliveryOfflineTool_ConvertsAndRefusesWhileADaemonHoldsTheLo1067864596\001\.qompack\state\delivery-ack-position.json: wrote v1 at 1 entries, 258 bytes (it sealed 1 entries, 258 bytes)
=== RUN   TestDeliveryOfflineTool_ConvertsAndRefusesWhileADaemonHoldsTheLock/converts_both_seals_to_v1_after_a_check_that_writes_nothing
    delivery_seal_tool_test.go:637: report:
        delivery-seal: C:\Users\Quant\AppData\Local\Temp\TestDeliveryOfflineTool_ConvertsAndRefusesWhileADaemonHoldsTheLo212394249\001
          lease seal C:\Users\Quant\AppData\Local\Temp\TestDeliveryOfflineTool_ConvertsAndRefusesWhileADaemonHoldsTheLo212394249\001\.qompack\state\delivery-lease-position.json: v2, seq 3, 2 entries, 576 bytes
          lease journal C:\Users\Quant\AppData\Local\Temp\TestDeliveryOfflineTool_ConvertsAndRefusesWhileADaemonHoldsTheLo212394249\001\.qompack\state\delivery-leases.jsonl: loads, 2 entries, 576 bytes, chain sha256:da4ee95f48b63dfa283b41184086cd032e6309052b7b93431526575fa9139e15
          ack seal C:\Users\Quant\AppData\Local\Temp\TestDeliveryOfflineTool_ConvertsAndRefusesWhileADaemonHoldsTheLo212394249\001\.qompack\state\delivery-ack-position.json: v2, seq 2, 1 entries, 258 bytes
          ack journal C:\Users\Quant\AppData\Local\Temp\TestDeliveryOfflineTool_ConvertsAndRefusesWhileADaemonHoldsTheLo212394249\001\.qompack\state\delivery-acks.jsonl: loads, 1 entries, 258 bytes, chain sha256:5ca0c2f7a6d63742f7c6cb0b0563dfd1b738c05a36ac9269e9a317b05ecbc0a2
          checked; nothing was written
    delivery_seal_tool_test.go:649: report:
        delivery-seal: C:\Users\Quant\AppData\Local\Temp\TestDeliveryOfflineTool_ConvertsAndRefusesWhileADaemonHoldsTheLo212394249\001
          lease seal C:\Users\Quant\AppData\Local\Temp\TestDeliveryOfflineTool_ConvertsAndRefusesWhileADaemonHoldsTheLo212394249\001\.qompack\state\delivery-lease-position.json: v2, seq 3, 2 entries, 576 bytes
          lease journal C:\Users\Quant\AppData\Local\Temp\TestDeliveryOfflineTool_ConvertsAndRefusesWhileADaemonHoldsTheLo212394249\001\.qompack\state\delivery-leases.jsonl: loads, 2 entries, 576 bytes, chain sha256:da4ee95f48b63dfa283b41184086cd032e6309052b7b93431526575fa9139e15
          ack seal C:\Users\Quant\AppData\Local\Temp\TestDeliveryOfflineTool_ConvertsAndRefusesWhileADaemonHoldsTheLo212394249\001\.qompack\state\delivery-ack-position.json: v2, seq 2, 1 entries, 258 bytes
          ack journal C:\Users\Quant\AppData\Local\Temp\TestDeliveryOfflineTool_ConvertsAndRefusesWhileADaemonHoldsTheLo212394249\001\.qompack\state\delivery-acks.jsonl: loads, 1 entries, 258 bytes, chain sha256:5ca0c2f7a6d63742f7c6cb0b0563dfd1b738c05a36ac9269e9a317b05ecbc0a2
          lease seal C:\Users\Quant\AppData\Local\Temp\TestDeliveryOfflineTool_ConvertsAndRefusesWhileADaemonHoldsTheLo212394249\001\.qompack\state\delivery-lease-position.json: wrote v1 at 2 entries, 576 bytes (it sealed 2 entries, 576 bytes)
          ack seal C:\Users\Quant\AppData\Local\Temp\TestDeliveryOfflineTool_ConvertsAndRefusesWhileADaemonHoldsTheLo212394249\001\.qompack\state\delivery-ack-position.json: wrote v1 at 1 entries, 258 bytes (it sealed 1 entries, 258 bytes)
=== RUN   TestDeliveryOfflineTool_ConvertsAndRefusesWhileADaemonHoldsTheLock/a_rerun_reads_the_v1_seals_it_wrote_and_converts_what_is_left
    delivery_seal_tool_test.go:677: report:
        delivery-seal: C:\Users\Quant\AppData\Local\Temp\TestDeliveryOfflineTool_ConvertsAndRefusesWhileADaemonHoldsTheLo1934983206\001
          lease seal C:\Users\Quant\AppData\Local\Temp\TestDeliveryOfflineTool_ConvertsAndRefusesWhileADaemonHoldsTheLo1934983206\001\.qompack\state\delivery-lease-position.json: v2, seq 3, 2 entries, 576 bytes
          lease journal C:\Users\Quant\AppData\Local\Temp\TestDeliveryOfflineTool_ConvertsAndRefusesWhileADaemonHoldsTheLo1934983206\001\.qompack\state\delivery-leases.jsonl: loads, 2 entries, 576 bytes, chain sha256:da4ee95f48b63dfa283b41184086cd032e6309052b7b93431526575fa9139e15
          ack seal C:\Users\Quant\AppData\Local\Temp\TestDeliveryOfflineTool_ConvertsAndRefusesWhileADaemonHoldsTheLo1934983206\001\.qompack\state\delivery-ack-position.json: v2, seq 2, 1 entries, 258 bytes
          ack journal C:\Users\Quant\AppData\Local\Temp\TestDeliveryOfflineTool_ConvertsAndRefusesWhileADaemonHoldsTheLo1934983206\001\.qompack\state\delivery-acks.jsonl: loads, 1 entries, 258 bytes, chain sha256:5ca0c2f7a6d63742f7c6cb0b0563dfd1b738c05a36ac9269e9a317b05ecbc0a2
          lease seal C:\Users\Quant\AppData\Local\Temp\TestDeliveryOfflineTool_ConvertsAndRefusesWhileADaemonHoldsTheLo1934983206\001\.qompack\state\delivery-lease-position.json: wrote v1 at 2 entries, 576 bytes (it sealed 2 entries, 576 bytes)
          ack seal C:\Users\Quant\AppData\Local\Temp\TestDeliveryOfflineTool_ConvertsAndRefusesWhileADaemonHoldsTheLo1934983206\001\.qompack\state\delivery-ack-position.json: wrote v1 at 1 entries, 258 bytes (it sealed 1 entries, 258 bytes)
    delivery_seal_tool_test.go:689: report:
        delivery-seal: C:\Users\Quant\AppData\Local\Temp\TestDeliveryOfflineTool_ConvertsAndRefusesWhileADaemonHoldsTheLo1934983206\001
          lease seal C:\Users\Quant\AppData\Local\Temp\TestDeliveryOfflineTool_ConvertsAndRefusesWhileADaemonHoldsTheLo1934983206\001\.qompack\state\delivery-lease-position.json: v1, 2 entries, 576 bytes
          lease journal C:\Users\Quant\AppData\Local\Temp\TestDeliveryOfflineTool_ConvertsAndRefusesWhileADaemonHoldsTheLo1934983206\001\.qompack\state\delivery-leases.jsonl: loads, 2 entries, 576 bytes, chain sha256:da4ee95f48b63dfa283b41184086cd032e6309052b7b93431526575fa9139e15
          ack seal C:\Users\Quant\AppData\Local\Temp\TestDeliveryOfflineTool_ConvertsAndRefusesWhileADaemonHoldsTheLo1934983206\001\.qompack\state\delivery-ack-position.json: v1, 1 entries, 258 bytes
          ack journal C:\Users\Quant\AppData\Local\Temp\TestDeliveryOfflineTool_ConvertsAndRefusesWhileADaemonHoldsTheLo1934983206\001\.qompack\state\delivery-acks.jsonl: loads, 1 entries, 258 bytes, chain sha256:5ca0c2f7a6d63742f7c6cb0b0563dfd1b738c05a36ac9269e9a317b05ecbc0a2
          checked; nothing was written
    delivery_seal_tool_test.go:694: report:
        delivery-seal: C:\Users\Quant\AppData\Local\Temp\TestDeliveryOfflineTool_ConvertsAndRefusesWhileADaemonHoldsTheLo1934983206\001
          lease seal C:\Users\Quant\AppData\Local\Temp\TestDeliveryOfflineTool_ConvertsAndRefusesWhileADaemonHoldsTheLo1934983206\001\.qompack\state\delivery-lease-position.json: v1, 2 entries, 576 bytes
          lease journal C:\Users\Quant\AppData\Local\Temp\TestDeliveryOfflineTool_ConvertsAndRefusesWhileADaemonHoldsTheLo1934983206\001\.qompack\state\delivery-leases.jsonl: loads, 2 entries, 576 bytes, chain sha256:da4ee95f48b63dfa283b41184086cd032e6309052b7b93431526575fa9139e15
          ack seal C:\Users\Quant\AppData\Local\Temp\TestDeliveryOfflineTool_ConvertsAndRefusesWhileADaemonHoldsTheLo1934983206\001\.qompack\state\delivery-ack-position.json: v1, 1 entries, 258 bytes
          ack journal C:\Users\Quant\AppData\Local\Temp\TestDeliveryOfflineTool_ConvertsAndRefusesWhileADaemonHoldsTheLo1934983206\001\.qompack\state\delivery-acks.jsonl: loads, 1 entries, 258 bytes, chain sha256:5ca0c2f7a6d63742f7c6cb0b0563dfd1b738c05a36ac9269e9a317b05ecbc0a2
          lease seal C:\Users\Quant\AppData\Local\Temp\TestDeliveryOfflineTool_ConvertsAndRefusesWhileADaemonHoldsTheLo1934983206\001\.qompack\state\delivery-lease-position.json: wrote v1 at 2 entries, 576 bytes (it sealed 2 entries, 576 bytes)
          ack seal C:\Users\Quant\AppData\Local\Temp\TestDeliveryOfflineTool_ConvertsAndRefusesWhileADaemonHoldsTheLo1934983206\001\.qompack\state\delivery-ack-position.json: wrote v1 at 1 entries, 258 bytes (it sealed 1 entries, 258 bytes)
=== RUN   TestDeliveryOfflineTool_ConvertsAndRefusesWhileADaemonHoldsTheLock/refuses_to_convert_a_journal_that_does_not_load
    delivery_seal_tool_test.go:709: report:
        delivery-seal: C:\Users\Quant\AppData\Local\Temp\TestDeliveryOfflineTool_ConvertsAndRefusesWhileADaemonHoldsTheLo4030591904\001
          lease seal C:\Users\Quant\AppData\Local\Temp\TestDeliveryOfflineTool_ConvertsAndRefusesWhileADaemonHoldsTheLo4030591904\001\.qompack\state\delivery-lease-position.json: v2, seq 3, 2 entries, 576 bytes
=== RUN   TestDeliveryOfflineTool_ConvertsAndRefusesWhileADaemonHoldsTheLock/refuses_to_convert_either_seal_when_the_ACK_journal_does_not_load
    delivery_seal_tool_test.go:730: report:
        delivery-seal: C:\Users\Quant\AppData\Local\Temp\TestDeliveryOfflineTool_ConvertsAndRefusesWhileADaemonHoldsTheLo2067846683\001
          lease seal C:\Users\Quant\AppData\Local\Temp\TestDeliveryOfflineTool_ConvertsAndRefusesWhileADaemonHoldsTheLo2067846683\001\.qompack\state\delivery-lease-position.json: v2, seq 3, 2 entries, 576 bytes
          lease journal C:\Users\Quant\AppData\Local\Temp\TestDeliveryOfflineTool_ConvertsAndRefusesWhileADaemonHoldsTheLo2067846683\001\.qompack\state\delivery-leases.jsonl: loads, 2 entries, 576 bytes, chain sha256:da4ee95f48b63dfa283b41184086cd032e6309052b7b93431526575fa9139e15
          ack seal C:\Users\Quant\AppData\Local\Temp\TestDeliveryOfflineTool_ConvertsAndRefusesWhileADaemonHoldsTheLo2067846683\001\.qompack\state\delivery-ack-position.json: v2, seq 2, 1 entries, 258 bytes
=== RUN   TestDeliveryOfflineTool_ConvertsAndRefusesWhileADaemonHoldsTheLock/refuses_an_acknowledgement_journal_whose_lease_journal_is_gone,_holding_an_acknowledgement
    delivery_seal_tool_test.go:769: report:
        delivery-seal: C:\Users\Quant\AppData\Local\Temp\TestDeliveryOfflineTool_ConvertsAndRefusesWhileADaemonHoldsTheLo3429185153\001
=== RUN   TestDeliveryOfflineTool_ConvertsAndRefusesWhileADaemonHoldsTheLock/refuses_an_acknowledgement_journal_whose_lease_journal_is_gone,_empty,_so_that_nothing_else_refuses_it
    delivery_seal_tool_test.go:769: report:
        delivery-seal: C:\Users\Quant\AppData\Local\Temp\TestDeliveryOfflineTool_ConvertsAndRefusesWhileADaemonHoldsTheLo1734525535\001
=== RUN   TestDeliveryOfflineTool_ConvertsAndRefusesWhileADaemonHoldsTheLock/refuses_a_seal_whose_older_record_is_not_a_prefix_of_this_journal
    delivery_seal_tool_test.go:822: report:
        delivery-seal: C:\Users\Quant\AppData\Local\Temp\TestDeliveryOfflineTool_ConvertsAndRefusesWhileADaemonHoldsTheLo2460950346\001
          lease seal C:\Users\Quant\AppData\Local\Temp\TestDeliveryOfflineTool_ConvertsAndRefusesWhileADaemonHoldsTheLo2460950346\001\.qompack\state\delivery-lease-position.json: v2, seq 4, 3 entries, 864 bytes
=== RUN   TestDeliveryOfflineTool_ConvertsAndRefusesWhileADaemonHoldsTheLock/refuses_a_half-present_pair:_the_journal_is_there_and_its_seal_is_gone
    delivery_seal_tool_test.go:847: report:
        delivery-seal: C:\Users\Quant\AppData\Local\Temp\TestDeliveryOfflineTool_ConvertsAndRefusesWhileADaemonHoldsTheLo155279065\001
=== RUN   TestDeliveryOfflineTool_ConvertsAndRefusesWhileADaemonHoldsTheLock/refuses_a_half-present_pair:_the_seal_is_there_and_its_journal_is_gone
    delivery_seal_tool_test.go:847: report:
        delivery-seal: C:\Users\Quant\AppData\Local\Temp\TestDeliveryOfflineTool_ConvertsAndRefusesWhileADaemonHoldsTheLo4066695625\001
=== RUN   TestDeliveryOfflineTool_ConvertsAndRefusesWhileADaemonHoldsTheLock/reports_a_project_with_no_delivery_journal
    delivery_seal_tool_test.go:860: report:
        delivery-seal: C:\Users\Quant\AppData\Local\Temp\TestDeliveryOfflineTool_ConvertsAndRefusesWhileADaemonHoldsTheLo3066223611\001
          no delivery journal in this project; nothing to check
=== RUN   TestDeliveryOfflineTool_ConvertsAndRefusesWhileADaemonHoldsTheLock/a_torn_slot_is_refused_without_consent
    delivery_seal_tool_test.go:874: report:
        delivery-seal: C:\Users\Quant\AppData\Local\Temp\TestDeliveryOfflineTool_ConvertsAndRefusesWhileADaemonHoldsTheLo2004962411\001
    delivery_seal_tool_test.go:878: report:
=== RUN   TestDeliveryOfflineTool_ConvertsAndRefusesWhileADaemonHoldsTheLock/a_conversion_refuses_when_the_acceptance_could_not_be_reported
    delivery_seal_tool_test.go:909: report:
        delivery-seal: C:\Users\Quant\AppData\Local\Temp\TestDeliveryOfflineTool_ConvertsAndRefusesWhileADaemonHoldsTheLo3371090197\001
          lease seal C:\Users\Quant\AppData\Local\Temp\TestDeliveryOfflineTool_ConvertsAndRefusesWhileADaemonHoldsTheLo3371090197\001\.qompack\state\delivery-lease-position.json: v2 with one torn slot; accepting seq 2, 1 entries, 288 bytes
          lease journal C:\Users\Quant\AppData\Local\Temp\TestDeliveryOfflineTool_ConvertsAndRefusesWhileADaemonHoldsTheLo3371090197\001\.qompack\state\delivery-leases.jsonl: loads, 2 entries, 576 bytes, chain sha256:da4ee95f48b63dfa283b41184086cd032e6309052b7b93431526575fa9139e15
          lease: --accept-torn-slot admitted 1 line(s) past the accepted record:
            {"v":1,"delivery":"bbbbbbbbbbbbbbbbbbbbbbbbbbbbbbbbbbbbbbbbbbbbbbbbbbbbbbbbbbbbbbbb","session":"s1","request":"sha256:112e50c3f3819c6e1fddb615c1837bcd020d96b4d817a636933b25020073e112","arrival":2,"observation_id":"sha256:11995782d9207a0434ebaef3169fa78b6d70637967dc642da9f06e6ce52dd8d7"}
          ack seal C:\Users\Quant\AppData\Local\Temp\TestDeliveryOfflineTool_ConvertsAndRefusesWhileADaemonHoldsTheLo3371090197\001\.qompack\state\delivery-ack-position.json: v2, seq 2, 1 entries, 258 bytes
          ack journal C:\Users\Quant\AppData\Local\Temp\TestDeliveryOfflineTool_ConvertsAndRefusesWhileADaemonHoldsTheLo3371090197\001\.qompack\state\delivery-acks.jsonl: loads, 1 entries, 258 bytes, chain sha256:5ca0c2f7a6d63742f7c6cb0b0563dfd1b738c05a36ac9269e9a317b05ecbc0a2
          lease seal C:\Users\Quant\AppData\Local\Temp\TestDeliveryOfflineTool_ConvertsAndRefusesWhileADaemonHoldsTheLo3371090197\001\.qompack\state\delivery-lease-position.json: wrote v1 at 2 entries, 576 bytes (it sealed 1 entries, 288 bytes)
          ack seal C:\Users\Quant\AppData\Local\Temp\TestDeliveryOfflineTool_ConvertsAndRefusesWhileADaemonHoldsTheLo3371090197\001\.qompack\state\delivery-ack-position.json: wrote v1 at 1 entries, 258 bytes (it sealed 1 entries, 258 bytes)
=== RUN   TestDeliveryOfflineTool_ConvertsAndRefusesWhileADaemonHoldsTheLock/a_check_whose_report_was_lost_still_reports_nothing_written
=== RUN   TestDeliveryOfflineTool_ConvertsAndRefusesWhileADaemonHoldsTheLock/the_accepted-lines_re-read_refuses_a_from_past_the_file's_end
=== RUN   TestDeliveryOfflineTool_ConvertsAndRefusesWhileADaemonHoldsTheLock/a_confirmed_torn_slot_accepts_the_complete_tail_and_names_it
    delivery_seal_tool_test.go:957: report:
        delivery-seal: C:\Users\Quant\AppData\Local\Temp\TestDeliveryOfflineTool_ConvertsAndRefusesWhileADaemonHoldsTheLo2832926217\001
          lease seal C:\Users\Quant\AppData\Local\Temp\TestDeliveryOfflineTool_ConvertsAndRefusesWhileADaemonHoldsTheLo2832926217\001\.qompack\state\delivery-lease-position.json: v2 with one torn slot; accepting seq 2, 1 entries, 288 bytes
          lease journal C:\Users\Quant\AppData\Local\Temp\TestDeliveryOfflineTool_ConvertsAndRefusesWhileADaemonHoldsTheLo2832926217\001\.qompack\state\delivery-leases.jsonl: loads, 2 entries, 576 bytes, chain sha256:da4ee95f48b63dfa283b41184086cd032e6309052b7b93431526575fa9139e15
          lease: --accept-torn-slot admitted 1 line(s) past the accepted record:
            {"v":1,"delivery":"bbbbbbbbbbbbbbbbbbbbbbbbbbbbbbbbbbbbbbbbbbbbbbbbbbbbbbbbbbbbbbbb","session":"s1","request":"sha256:112e50c3f3819c6e1fddb615c1837bcd020d96b4d817a636933b25020073e112","arrival":2,"observation_id":"sha256:11995782d9207a0434ebaef3169fa78b6d70637967dc642da9f06e6ce52dd8d7"}
          ack seal C:\Users\Quant\AppData\Local\Temp\TestDeliveryOfflineTool_ConvertsAndRefusesWhileADaemonHoldsTheLo2832926217\001\.qompack\state\delivery-ack-position.json: v2, seq 2, 1 entries, 258 bytes
          ack journal C:\Users\Quant\AppData\Local\Temp\TestDeliveryOfflineTool_ConvertsAndRefusesWhileADaemonHoldsTheLo2832926217\001\.qompack\state\delivery-acks.jsonl: loads, 1 entries, 258 bytes, chain sha256:5ca0c2f7a6d63742f7c6cb0b0563dfd1b738c05a36ac9269e9a317b05ecbc0a2
          lease seal C:\Users\Quant\AppData\Local\Temp\TestDeliveryOfflineTool_ConvertsAndRefusesWhileADaemonHoldsTheLo2832926217\001\.qompack\state\delivery-lease-position.json: wrote v1 at 2 entries, 576 bytes (it sealed 1 entries, 288 bytes)
          ack seal C:\Users\Quant\AppData\Local\Temp\TestDeliveryOfflineTool_ConvertsAndRefusesWhileADaemonHoldsTheLo2832926217\001\.qompack\state\delivery-ack-position.json: wrote v1 at 1 entries, 258 bytes (it sealed 1 entries, 258 bytes)
--- PASS: TestDeliveryOfflineTool_ConvertsAndRefusesWhileADaemonHoldsTheLock (6.92s)
    --- PASS: TestDeliveryOfflineTool_ConvertsAndRefusesWhileADaemonHoldsTheLock/refuses_while_a_daemon_holds_the_lock (0.21s)
    --- PASS: TestDeliveryOfflineTool_ConvertsAndRefusesWhileADaemonHoldsTheLock/refuses_once_a_daemon_has_taken_the_lock_over_mid-run (0.28s)
    --- PASS: TestDeliveryOfflineTool_ConvertsAndRefusesWhileADaemonHoldsTheLock/refuses_to_convert_once_a_daemon_has_taken_the_lock_after_the_scan (0.31s)
    --- PASS: TestDeliveryOfflineTool_ConvertsAndRefusesWhileADaemonHoldsTheLock/each_ownership_check_refreshes_the_heartbeat_the_staleness_protocol_reads (0.20s)
    --- PASS: TestDeliveryOfflineTool_ConvertsAndRefusesWhileADaemonHoldsTheLock/a_run_directory_removed_after_the_scan_is_not_reported_as_a_daemon_takeover (0.27s)
    --- PASS: TestDeliveryOfflineTool_ConvertsAndRefusesWhileADaemonHoldsTheLock/a_run_directory_removed_between_the_two_seals_says_how_to_finish_the_pair (0.47s)
    --- PASS: TestDeliveryOfflineTool_ConvertsAndRefusesWhileADaemonHoldsTheLock/a_daemon_that_takes_the_lock_between_the_two_seals_leaves_the_pair_half_converted (0.50s)
    --- PASS: TestDeliveryOfflineTool_ConvertsAndRefusesWhileADaemonHoldsTheLock/converts_both_seals_to_v1_after_a_check_that_writes_nothing (0.42s)
    --- PASS: TestDeliveryOfflineTool_ConvertsAndRefusesWhileADaemonHoldsTheLock/a_rerun_reads_the_v1_seals_it_wrote_and_converts_what_is_left (0.68s)
    --- PASS: TestDeliveryOfflineTool_ConvertsAndRefusesWhileADaemonHoldsTheLock/refuses_to_convert_a_journal_that_does_not_load (0.26s)
    --- PASS: TestDeliveryOfflineTool_ConvertsAndRefusesWhileADaemonHoldsTheLock/refuses_to_convert_either_seal_when_the_ACK_journal_does_not_load (0.25s)
    --- PASS: TestDeliveryOfflineTool_ConvertsAndRefusesWhileADaemonHoldsTheLock/refuses_an_acknowledgement_journal_whose_lease_journal_is_gone,_holding_an_acknowledgement (0.26s)
    --- PASS: TestDeliveryOfflineTool_ConvertsAndRefusesWhileADaemonHoldsTheLock/refuses_an_acknowledgement_journal_whose_lease_journal_is_gone,_empty,_so_that_nothing_else_refuses_it (0.27s)
    --- PASS: TestDeliveryOfflineTool_ConvertsAndRefusesWhileADaemonHoldsTheLock/refuses_a_seal_whose_older_record_is_not_a_prefix_of_this_journal (0.30s)
    --- PASS: TestDeliveryOfflineTool_ConvertsAndRefusesWhileADaemonHoldsTheLock/refuses_a_half-present_pair:_the_journal_is_there_and_its_seal_is_gone (0.23s)
    --- PASS: TestDeliveryOfflineTool_ConvertsAndRefusesWhileADaemonHoldsTheLock/refuses_a_half-present_pair:_the_seal_is_there_and_its_journal_is_gone (0.20s)
    --- PASS: TestDeliveryOfflineTool_ConvertsAndRefusesWhileADaemonHoldsTheLock/reports_a_project_with_no_delivery_journal (0.03s)
    --- PASS: TestDeliveryOfflineTool_ConvertsAndRefusesWhileADaemonHoldsTheLock/a_torn_slot_is_refused_without_consent (0.33s)
    --- PASS: TestDeliveryOfflineTool_ConvertsAndRefusesWhileADaemonHoldsTheLock/a_conversion_refuses_when_the_acceptance_could_not_be_reported (0.44s)
    --- PASS: TestDeliveryOfflineTool_ConvertsAndRefusesWhileADaemonHoldsTheLock/a_check_whose_report_was_lost_still_reports_nothing_written (0.32s)
    --- PASS: TestDeliveryOfflineTool_ConvertsAndRefusesWhileADaemonHoldsTheLock/the_accepted-lines_re-read_refuses_a_from_past_the_file's_end (0.30s)
    --- PASS: TestDeliveryOfflineTool_ConvertsAndRefusesWhileADaemonHoldsTheLock/a_confirmed_torn_slot_accepts_the_complete_tail_and_names_it (0.38s)
=== RUN   TestDeliverySeal_OlderSlotMustSealAJournalPrefix
=== RUN   TestDeliverySeal_OlderSlotMustSealAJournalPrefix/an_older_record_that_seals_a_real_prefix_opens
=== RUN   TestDeliverySeal_OlderSlotMustSealAJournalPrefix/a_count_the_journal_never_had_at_those_bytes_refuses
=== RUN   TestDeliverySeal_OlderSlotMustSealAJournalPrefix/a_chain_the_journal_never_had_at_those_bytes_refuses
=== RUN   TestDeliverySeal_OlderSlotMustSealAJournalPrefix/bytes_that_fall_inside_a_line_rather_than_after_one_refuses
=== RUN   TestDeliverySeal_OlderSlotMustSealAJournalPrefix/bytes_of_one_boundary_with_the_count_of_another_refuses
=== RUN   TestDeliverySeal_OlderSlotMustSealAJournalPrefix/the_acknowledgement_journal_checks_its_own_older_record
--- PASS: TestDeliverySeal_OlderSlotMustSealAJournalPrefix (2.07s)
    --- PASS: TestDeliverySeal_OlderSlotMustSealAJournalPrefix/an_older_record_that_seals_a_real_prefix_opens (0.39s)
    --- PASS: TestDeliverySeal_OlderSlotMustSealAJournalPrefix/a_count_the_journal_never_had_at_those_bytes_refuses (0.32s)
    --- PASS: TestDeliverySeal_OlderSlotMustSealAJournalPrefix/a_chain_the_journal_never_had_at_those_bytes_refuses (0.29s)
    --- PASS: TestDeliverySeal_OlderSlotMustSealAJournalPrefix/bytes_that_fall_inside_a_line_rather_than_after_one_refuses (0.31s)
    --- PASS: TestDeliverySeal_OlderSlotMustSealAJournalPrefix/bytes_of_one_boundary_with_the_count_of_another_refuses (0.36s)
    --- PASS: TestDeliverySeal_OlderSlotMustSealAJournalPrefix/the_acknowledgement_journal_checks_its_own_older_record (0.40s)
=== RUN   TestDeliverySegments_InitActiveZeroAndReopen
--- PASS: TestDeliverySegments_InitActiveZeroAndReopen (0.05s)
=== RUN   TestDeliverySegments_SeventyTransitionsAndReopen
--- PASS: TestDeliverySegments_SeventyTransitionsAndReopen (2.39s)
=== RUN   TestDeliverySegments_HeadLossWithLogIsUnavailable
--- PASS: TestDeliverySegments_HeadLossWithLogIsUnavailable (0.08s)
=== RUN   TestDeliverySegments_CompleteTailAdoptedNeverReverts
--- PASS: TestDeliverySegments_CompleteTailAdoptedNeverReverts (0.15s)
=== RUN   TestDeliverySegments_TornTailPreservedAndUnavailable
--- PASS: TestDeliverySegments_TornTailPreservedAndUnavailable (0.07s)
=== RUN   TestDeliverySegments_ConflictingHeadIsRefused
=== RUN   TestDeliverySegments_ConflictingHeadIsRefused/log_bytes_past_eof
=== RUN   TestDeliverySegments_ConflictingHeadIsRefused/active_disagrees_with_record
=== RUN   TestDeliverySegments_ConflictingHeadIsRefused/last_len_past_log_bytes
--- PASS: TestDeliverySegments_ConflictingHeadIsRefused (0.23s)
    --- PASS: TestDeliverySegments_ConflictingHeadIsRefused/log_bytes_past_eof (0.07s)
    --- PASS: TestDeliverySegments_ConflictingHeadIsRefused/active_disagrees_with_record (0.08s)
    --- PASS: TestDeliverySegments_ConflictingHeadIsRefused/last_len_past_log_bytes (0.08s)
=== RUN   TestDeliverySegments_CommitRequiresActiveZeroAndAdvances
--- PASS: TestDeliverySegments_CommitRequiresActiveZeroAndAdvances (0.10s)
=== RUN   TestDeliverySegments_CreateFreshSegmentIdempotentAndConflict
--- PASS: TestDeliverySegments_CreateFreshSegmentIdempotentAndConflict (0.05s)
=== RUN   TestDeliveryTerminal_ArchivedDenialSettlesOrderingWithoutCaptureAck
--- PASS: TestDeliveryTerminal_ArchivedDenialSettlesOrderingWithoutCaptureAck (1.62s)
=== RUN   TestDeliveryTerminal_RotationDefersDispositionWithoutDeadlock
--- PASS: TestDeliveryTerminal_RotationDefersDispositionWithoutDeadlock (0.41s)
=== RUN   TestDeliveryTerminal_DrainAfterPhysicalScopeChanges
    delivery_terminal_integration_test.go:45: directory symlink unavailable: symlink C:\Users\Quant\AppData\Local\Temp\TestDeliveryTerminal_DrainAfterPhysicalScopeChanges1119061605\002 C:\Users\Quant\AppData\Local\Temp\TestDeliveryTerminal_DrainAfterPhysicalScopeChanges1119061605\001\allowed: A required privilege is not held by the client.
--- SKIP: TestDeliveryTerminal_DrainAfterPhysicalScopeChanges (0.45s)
=== RUN   TestDeliveryTerminal_RetirementBeforeOffsetSurvivesRestart
--- PASS: TestDeliveryTerminal_RetirementBeforeOffsetSurvivesRestart (0.92s)
=== RUN   TestDeliveryTerminal_UnprovedPolicyAndUnavailableJournalRemainPending
=== RUN   TestDeliveryTerminal_UnprovedPolicyAndUnavailableJournalRemainPending/policy_unavailable
=== RUN   TestDeliveryTerminal_UnprovedPolicyAndUnavailableJournalRemainPending/journal_unavailable
=== RUN   TestDeliveryTerminal_UnprovedPolicyAndUnavailableJournalRemainPending/binding_conflict
--- PASS: TestDeliveryTerminal_UnprovedPolicyAndUnavailableJournalRemainPending (1.12s)
    --- PASS: TestDeliveryTerminal_UnprovedPolicyAndUnavailableJournalRemainPending/policy_unavailable (0.37s)
    --- PASS: TestDeliveryTerminal_UnprovedPolicyAndUnavailableJournalRemainPending/journal_unavailable (0.38s)
    --- PASS: TestDeliveryTerminal_UnprovedPolicyAndUnavailableJournalRemainPending/binding_conflict (0.37s)
=== RUN   TestDeliveryTerminal_LiveQueuePolicyChangeCreatesNoCapture
--- PASS: TestDeliveryTerminal_LiveQueuePolicyChangeCreatesNoCapture (0.43s)
=== RUN   TestDeliveryTerminal_DrainWaitsForLivePublicationOwner
--- PASS: TestDeliveryTerminal_DrainWaitsForLivePublicationOwner (0.72s)
=== RUN   TestDeliveryTerminal_RestartRetainsDenialWithoutCaptureACK
--- PASS: TestDeliveryTerminal_RestartRetainsDenialWithoutCaptureACK (0.38s)
=== RUN   TestDeliveryTerminal_RejectsUnknownOrChangedLease
--- PASS: TestDeliveryTerminal_RejectsUnknownOrChangedLease (0.21s)
=== RUN   TestDeliveryTerminal_MalformedEvidenceIsPreservedAndUnavailable
--- PASS: TestDeliveryTerminal_MalformedEvidenceIsPreservedAndUnavailable (0.38s)
=== RUN   TestDeliveryTerminal_StagingArtifactIsNotACompletion
--- PASS: TestDeliveryTerminal_StagingArtifactIsNotACompletion (0.36s)
=== RUN   TestDrainDoesNotRedeliverAnAcknowledgedClientCopy
--- PASS: TestDrainDoesNotRedeliverAnAcknowledgedClientCopy (0.30s)
=== RUN   TestDrainSkipsAnUnadmittableRecordAndDeliversWhatFollows
--- PASS: TestDrainSkipsAnUnadmittableRecordAndDeliversWhatFollows (0.43s)
=== RUN   TestDrainReportsADeniedRecordAsAGapAndMovesOn
--- PASS: TestDrainReportsADeniedRecordAsAGapAndMovesOn (0.41s)
=== RUN   TestDrainPersistsADegradedCaptureAsEvidence
--- PASS: TestDrainPersistsADegradedCaptureAsEvidence (0.35s)
=== RUN   TestNewDrainerIssuesTheRealSyncsByDefault
--- PASS: TestNewDrainerIssuesTheRealSyncsByDefault (0.00s)
=== RUN   TestDrainTakesNothingOfAFreshSegmentBeforeItsFirstSyncReturns
--- PASS: TestDrainTakesNothingOfAFreshSegmentBeforeItsFirstSyncReturns (0.35s)
=== RUN   TestDrainReadsAHeldSegmentNoFurtherThanItsStat
--- PASS: TestDrainReadsAHeldSegmentNoFurtherThanItsStat (0.12s)
=== RUN   TestDrainLeavesBytesAppendedAfterItsSyncForTheNextPass
--- PASS: TestDrainLeavesBytesAppendedAfterItsSyncForTheNextPass (0.17s)
=== RUN   TestDrainFsyncsASpoolFileOnAHandleOfItsOwnBeforeItsFirstDispatch
--- PASS: TestDrainFsyncsASpoolFileOnAHandleOfItsOwnBeforeItsFirstDispatch (0.17s)
=== RUN   TestDrainCountsTheBytesOfAFileItCouldNotSyncAsPending
--- PASS: TestDrainCountsTheBytesOfAFileItCouldNotSyncAsPending (0.23s)
=== RUN   TestDrainSyncsTheSpoolDirectoryOncePerPassBeforeItConsumesASyncedFile
--- PASS: TestDrainSyncsTheSpoolDirectoryOncePerPassBeforeItConsumesASyncedFile (0.56s)
=== RUN   TestDrainAnnouncesAFileItCannotSyncOncePerFailure
--- PASS: TestDrainAnnouncesAFileItCannotSyncOncePerFailure (0.22s)
=== RUN   TestDrainRecoversFromACrashThatTookAHeldSegmentsUnsyncedTail
--- PASS: TestDrainRecoversFromACrashThatTookAHeldSegmentsUnsyncedTail (0.25s)
=== RUN   TestDrainRefusesProgressWhoseFileLostItsDurableBytes
=== RUN   TestDrainRefusesProgressWhoseFileLostItsDurableBytes/a_file_truncated_below_the_bytes_the_drain_consumed
=== RUN   TestDrainRefusesProgressWhoseFileLostItsDurableBytes/a_file_replaced_by_different_bytes,_short_of_the_bound_its_progress_names
=== RUN   TestDrainRefusesProgressWhoseFileLostItsDurableBytes/a_held_segment_that_comes_back_short_of_the_synced_size_it_recorded
--- PASS: TestDrainRefusesProgressWhoseFileLostItsDurableBytes (0.47s)
    --- PASS: TestDrainRefusesProgressWhoseFileLostItsDurableBytes/a_file_truncated_below_the_bytes_the_drain_consumed (0.13s)
    --- PASS: TestDrainRefusesProgressWhoseFileLostItsDurableBytes/a_file_replaced_by_different_bytes,_short_of_the_bound_its_progress_names (0.11s)
    --- PASS: TestDrainRefusesProgressWhoseFileLostItsDurableBytes/a_held_segment_that_comes_back_short_of_the_synced_size_it_recorded (0.23s)
=== RUN   TestDrainConsumesNothingOfAFileWhoseFsyncFailed
--- PASS: TestDrainConsumesNothingOfAFileWhoseFsyncFailed (0.10s)
=== RUN   TestDrainConsumesNothingWhenItCannotCloseTheHandleItSynced
--- PASS: TestDrainConsumesNothingWhenItCannotCloseTheHandleItSynced (0.12s)
=== RUN   TestDrainSyncNeverCreatesASpoolFileThatIsGone
--- PASS: TestDrainSyncNeverCreatesASpoolFileThatIsGone (0.17s)
=== RUN   TestIngest_SyncedWALAdvancesOnlyPastASyncThatReturned
=== RUN   TestIngest_SyncedWALAdvancesOnlyPastASyncThatReturned/a_batch_in_flight_adds_nothing_until_its_Sync_returns
=== RUN   TestIngest_SyncedWALAdvancesOnlyPastASyncThatReturned/a_failed_Sync_freezes_it_until_a_segment_is_opened
=== RUN   TestIngest_SyncedWALAdvancesOnlyPastASyncThatReturned/a_segment_closed_by_CloseSession_or_Close_is_not_held
=== RUN   TestIngest_SyncedWALAdvancesOnlyPastASyncThatReturned/a_segment_opened_over_bytes_it_did_not_write_counts_none_of_them_synced
=== RUN   TestIngest_SyncedWALAdvancesOnlyPastASyncThatReturned/a_Sync_that_panics_freezes_it
--- PASS: TestIngest_SyncedWALAdvancesOnlyPastASyncThatReturned (0.22s)
    --- PASS: TestIngest_SyncedWALAdvancesOnlyPastASyncThatReturned/a_batch_in_flight_adds_nothing_until_its_Sync_returns (0.04s)
    --- PASS: TestIngest_SyncedWALAdvancesOnlyPastASyncThatReturned/a_failed_Sync_freezes_it_until_a_segment_is_opened (0.07s)
    --- PASS: TestIngest_SyncedWALAdvancesOnlyPastASyncThatReturned/a_segment_closed_by_CloseSession_or_Close_is_not_held (0.04s)
    --- PASS: TestIngest_SyncedWALAdvancesOnlyPastASyncThatReturned/a_segment_opened_over_bytes_it_did_not_write_counts_none_of_them_synced (0.02s)
    --- PASS: TestIngest_SyncedWALAdvancesOnlyPastASyncThatReturned/a_Sync_that_panics_freezes_it (0.05s)
=== RUN   TestDrainNeverLeasesAWALLineBeforeItsSyncReturns
=== RUN   TestDrainNeverLeasesAWALLineBeforeItsSyncReturns/wired_as_the_daemon_wires_it,_a_pass_takes_nothing_past_the_synced_size
=== RUN   TestDrainNeverLeasesAWALLineBeforeItsSyncReturns/a_drainer_with_no_ingest_behind_it_syncs_the_segment_before_it_leases
--- PASS: TestDrainNeverLeasesAWALLineBeforeItsSyncReturns (0.80s)
    --- PASS: TestDrainNeverLeasesAWALLineBeforeItsSyncReturns/wired_as_the_daemon_wires_it,_a_pass_takes_nothing_past_the_synced_size (0.47s)
    --- PASS: TestDrainNeverLeasesAWALLineBeforeItsSyncReturns/a_drainer_with_no_ingest_behind_it_syncs_the_segment_before_it_leases (0.32s)
=== RUN   TestDrainSyncsAFileTheIngestDoesNotHoldBeforeItsFirstLease
--- PASS: TestDrainSyncsAFileTheIngestDoesNotHoldBeforeItsFirstLease (0.91s)
=== RUN   TestDrainLeasesNothingFromAFileItCouldNotSync
--- PASS: TestDrainLeasesNothingFromAFileItCouldNotSync (0.54s)
=== RUN   TestDrainSyncsASpoolFileAHookStillHasOpen
--- PASS: TestDrainSyncsASpoolFileAHookStillHasOpen (0.16s)
=== RUN   TestCarriedDefect_SP05D1_IdleBudgetExpiryLeavesInterruptedLinePending
=== RUN   TestCarriedDefect_SP05D1_IdleBudgetExpiryLeavesInterruptedLinePending/restart_redelivers_the_interrupted_line
=== RUN   TestCarriedDefect_SP05D1_IdleBudgetExpiryLeavesInterruptedLinePending/same_process_retries_the_interrupted_line
--- PASS: TestCarriedDefect_SP05D1_IdleBudgetExpiryLeavesInterruptedLinePending (0.26s)
    --- PASS: TestCarriedDefect_SP05D1_IdleBudgetExpiryLeavesInterruptedLinePending/restart_redelivers_the_interrupted_line (0.14s)
    --- PASS: TestCarriedDefect_SP05D1_IdleBudgetExpiryLeavesInterruptedLinePending/same_process_retries_the_interrupted_line (0.12s)
=== RUN   TestDrainKeepsTheWALTheIngestHoldsForAnUnregisteredSession
=== PAUSE TestDrainKeepsTheWALTheIngestHoldsForAnUnregisteredSession
=== RUN   TestDrainKeepsTheWALOfASessionLiveByTrafficAlone
=== PAUSE TestDrainKeepsTheWALOfASessionLiveByTrafficAlone
=== RUN   TestDrainDoesNotRemoveAWALThatGrewBeforeTheRemovalDecision
=== PAUSE TestDrainDoesNotRemoveAWALThatGrewBeforeTheRemovalDecision
=== RUN   TestDrainPassIsBoundedByItsOwnSnapshotOfAGrowingSpoolFile
=== PAUSE TestDrainPassIsBoundedByItsOwnSnapshotOfAGrowingSpoolFile
=== RUN   TestDrainRemovesClosedRotatedSegmentsAndKeepsTheHeldOne
=== PAUSE TestDrainRemovesClosedRotatedSegmentsAndKeepsTheHeldOne
=== RUN   TestStragglerAfterSessionEndIsNotLostWithItsReopenedSegment
=== PAUSE TestStragglerAfterSessionEndIsNotLostWithItsReopenedSegment
=== RUN   TestIngestRemoveDrainedWALRefusesHeldAndGrownSegments
=== PAUSE TestIngestRemoveDrainedWALRefusesHeldAndGrownSegments
=== RUN   TestIngestHoldsWALAnswersForTheCurrentSegmentOnly
=== PAUSE TestIngestHoldsWALAnswersForTheCurrentSegmentOnly
=== RUN   TestCarriedDefect_SP08D3_ReplayedPromptIsCapturedAtTurnZero
--- PASS: TestCarriedDefect_SP08D3_ReplayedPromptIsCapturedAtTurnZero (0.92s)
=== RUN   TestSP08D3_DistinctSameTextRepliesStayDistinct
--- PASS: TestSP08D3_DistinctSameTextRepliesStayDistinct (1.04s)
=== RUN   TestSP08D3_CaptureFailureIsNotAcknowledged
--- PASS: TestSP08D3_CaptureFailureIsNotAcknowledged (0.36s)
=== RUN   TestSP08D3_ReplayThroughRunIngestedEmitsNoOutput
--- PASS: TestSP08D3_ReplayThroughRunIngestedEmitsNoOutput (0.23s)
=== RUN   TestDrainRoundTripsACleanupIntentThroughTheRecordCodec
=== RUN   TestDrainRoundTripsACleanupIntentThroughTheRecordCodec/the_intents_a_record_holds_survive_the_write_and_the_read
=== RUN   TestDrainRoundTripsACleanupIntentThroughTheRecordCodec/a_later_pass_removes_the_blob_an_inherited_intent_names
--- PASS: TestDrainRoundTripsACleanupIntentThroughTheRecordCodec (0.10s)
    --- PASS: TestDrainRoundTripsACleanupIntentThroughTheRecordCodec/the_intents_a_record_holds_survive_the_write_and_the_read (0.03s)
    --- PASS: TestDrainRoundTripsACleanupIntentThroughTheRecordCodec/a_later_pass_removes_the_blob_an_inherited_intent_names (0.07s)
=== RUN   TestDrainKeepsTheDurableBoundItRecordedWhenASegmentIsReopenedBelowIt
--- PASS: TestDrainKeepsTheDurableBoundItRecordedWhenASegmentIsReopenedBelowIt (0.10s)
=== RUN   TestDrainDoesNotKeepARawStatBoundItDidNotRecord
=== RUN   TestDrainDoesNotKeepARawStatBoundItDidNotRecord/a_record_written_before_the_mark,_whose_size_names_the_unsynced_tail
=== RUN   TestDrainDoesNotKeepARawStatBoundItDidNotRecord/a_record_this_code_wrote,_whose_size_names_only_durable_bytes
--- PASS: TestDrainDoesNotKeepARawStatBoundItDidNotRecord (0.36s)
    --- PASS: TestDrainDoesNotKeepARawStatBoundItDidNotRecord/a_record_written_before_the_mark,_whose_size_names_the_unsynced_tail (0.20s)
    --- PASS: TestDrainDoesNotKeepARawStatBoundItDidNotRecord/a_record_this_code_wrote,_whose_size_names_only_durable_bytes (0.16s)
=== RUN   TestDrainWritesALoadableRecordWhenAFileShrinksUnderThePass
--- PASS: TestDrainWritesALoadableRecordWhenAFileShrinksUnderThePass (0.29s)
=== RUN   TestDrainDoesNotMarkASizeThatRestsOnALegacyOffset
--- PASS: TestDrainDoesNotMarkASizeThatRestsOnALegacyOffset (0.18s)
=== RUN   TestDrainKeepsTheProvenanceOfARecordItDidNotVisit
--- PASS: TestDrainKeepsTheProvenanceOfARecordItDidNotVisit (0.12s)
=== RUN   TestDrainRejectedResponseIsRetryableAfterRestart
--- PASS: TestDrainRejectedResponseIsRetryableAfterRestart (0.15s)
=== RUN   TestDrainCanceledRejectedHandlerLeavesCurrentLinePending
--- PASS: TestDrainCanceledRejectedHandlerLeavesCurrentLinePending (0.13s)
=== RUN   TestDrainTrailingIncompleteLineWaitsForCompletion
--- PASS: TestDrainTrailingIncompleteLineWaitsForCompletion (0.16s)
=== RUN   TestDrainLoadStateTreatsAFileParentAsNoState
--- PASS: TestDrainLoadStateTreatsAFileParentAsNoState (0.00s)
=== RUN   TestDrainStatePersistenceFailurePreservesSpool
--- PASS: TestDrainStatePersistenceFailurePreservesSpool (0.10s)
=== RUN   TestDrainRejectedBlobResponseRetainsBlobForRestart
--- PASS: TestDrainRejectedBlobResponseRetainsBlobForRestart (0.15s)
=== RUN   TestDrainRestartCleansPersistedBlobWithoutRedispatching
--- PASS: TestDrainRestartCleansPersistedBlobWithoutRedispatching (0.07s)
=== RUN   TestDrainRestartCleansPriorBlobBeforeRetryingLaterRejectedLine
--- PASS: TestDrainRestartCleansPriorBlobBeforeRetryingLaterRejectedLine (0.15s)
=== RUN   TestDrainWindowsOpenBlobRetainsCleanupIntent
--- PASS: TestDrainWindowsOpenBlobRetainsCleanupIntent (0.15s)
=== RUN   TestDrainCrossFileSharedBlobWaitsForLaterRetry
--- PASS: TestDrainCrossFileSharedBlobWaitsForLaterRetry (0.22s)
=== RUN   TestDrainFreshSeenMayRedeliverWithoutPersistedOffset
--- PASS: TestDrainFreshSeenMayRedeliverWithoutPersistedOffset (0.09s)
=== RUN   TestDrainRejectsInvalidPersistedStateBeforeTouchingRecoveryResources
=== RUN   TestDrainRejectsInvalidPersistedStateBeforeTouchingRecoveryResources/malformed
=== RUN   TestDrainRejectsInvalidPersistedStateBeforeTouchingRecoveryResources/null_state
=== RUN   TestDrainRejectsInvalidPersistedStateBeforeTouchingRecoveryResources/null_file_entry
=== RUN   TestDrainRejectsInvalidPersistedStateBeforeTouchingRecoveryResources/negative_offset
=== RUN   TestDrainRejectsInvalidPersistedStateBeforeTouchingRecoveryResources/offset_beyond_spool_size
=== RUN   TestDrainRejectsInvalidPersistedStateBeforeTouchingRecoveryResources/done_without_complete_offset
--- PASS: TestDrainRejectsInvalidPersistedStateBeforeTouchingRecoveryResources (0.12s)
    --- PASS: TestDrainRejectsInvalidPersistedStateBeforeTouchingRecoveryResources/malformed (0.03s)
    --- PASS: TestDrainRejectsInvalidPersistedStateBeforeTouchingRecoveryResources/null_state (0.01s)
    --- PASS: TestDrainRejectsInvalidPersistedStateBeforeTouchingRecoveryResources/null_file_entry (0.01s)
    --- PASS: TestDrainRejectsInvalidPersistedStateBeforeTouchingRecoveryResources/negative_offset (0.02s)
    --- PASS: TestDrainRejectsInvalidPersistedStateBeforeTouchingRecoveryResources/offset_beyond_spool_size (0.02s)
    --- PASS: TestDrainRejectsInvalidPersistedStateBeforeTouchingRecoveryResources/done_without_complete_offset (0.02s)
=== RUN   TestDrainKeepsItsProgressLoadableWhenAStragglerReopensADrainedSegment
--- PASS: TestDrainKeepsItsProgressLoadableWhenAStragglerReopensADrainedSegment (0.25s)
=== RUN   TestCarriedDefect_SP08D2_ReusedLeaseRedeliveryIsNotIdempotent
--- PASS: TestCarriedDefect_SP08D2_ReusedLeaseRedeliveryIsNotIdempotent (1.49s)
=== RUN   TestDrainForgetsAFileDurablyBeforeUnlinkingIt
=== PAUSE TestDrainForgetsAFileDurablyBeforeUnlinkingIt
=== RUN   TestDrainCrashAtTheUnlinkLeavesNoProgressForARecreatedSegment
=== PAUSE TestDrainCrashAtTheUnlinkLeavesNoProgressForARecreatedSegment
=== RUN   TestDrainRestoresProgressWhenItDoesNotRemoveTheFile
=== PAUSE TestDrainRestoresProgressWhenItDoesNotRemoveTheFile
=== RUN   TestDrainDoesNotForgetASegmentTheIngestHolds
=== PAUSE TestDrainDoesNotForgetASegmentTheIngestHolds
=== RUN   TestDrainCrashBetweenForgettingAndUnlinkingReplaysOnlyWhatTheFrontierLacks
--- PASS: TestDrainCrashBetweenForgettingAndUnlinkingReplaysOnlyWhatTheFrontierLacks (0.51s)
=== RUN   TestDrainStartupForgetsStaleProgressBeforeTheSessionRecreatesItsSegment
=== PAUSE TestDrainStartupForgetsStaleProgressBeforeTheSessionRecreatesItsSegment
=== RUN   TestDrainForgetsReleasedProgressForMissingFilesBeforeReadingAny
=== PAUSE TestDrainForgetsReleasedProgressForMissingFilesBeforeReadingAny
=== RUN   TestDrainForgetsAFileAlreadyGoneAtItsRemoval
=== PAUSE TestDrainForgetsAFileAlreadyGoneAtItsRemoval
=== RUN   TestDrainKeepsProgressWhenItCannotPersistTheForgetting
=== PAUSE TestDrainKeepsProgressWhenItCannotPersistTheForgetting
=== RUN   TestDrainRejectsMismatchedProgressBeforePruningIt
=== PAUSE TestDrainRejectsMismatchedProgressBeforePruningIt
=== RUN   TestDrainKeepsCleanupIntentsForAFileDeletedAfterTheListing
=== PAUSE TestDrainKeepsCleanupIntentsForAFileDeletedAfterTheListing
=== RUN   TestDrainPersistsPerFileBeforeMovingOn
=== PAUSE TestDrainPersistsPerFileBeforeMovingOn
=== RUN   TestDrainPersistsAFileBeforeCleaningUpItsBlobs
=== PAUSE TestDrainPersistsAFileBeforeCleaningUpItsBlobs
=== RUN   TestDrainIsIdempotent
=== PAUSE TestDrainIsIdempotent
=== RUN   TestDrainResumesAfterCancel
=== PAUSE TestDrainResumesAfterCancel
=== RUN   TestDrainResolvesBlobs
=== PAUSE TestDrainResolvesBlobs
=== RUN   TestDrainSurvivesCorruptLine
=== PAUSE TestDrainSurvivesCorruptLine
=== RUN   TestDrainKeepsLiveSessionWAL
=== PAUSE TestDrainKeepsLiveSessionWAL
=== RUN   TestDrainNotesAStaleProgressOnceThenClears
=== PAUSE TestDrainNotesAStaleProgressOnceThenClears
=== RUN   TestWalSessionID
=== PAUSE TestWalSessionID
=== RUN   TestGroupQueue_FIFOBatchesEachRequestCommittedOnce
=== RUN   TestGroupQueue_FIFOBatchesEachRequestCommittedOnce/batches_are_the_longest_FIFO_prefixes_within_the_caps
=== RUN   TestGroupQueue_FIFOBatchesEachRequestCommittedOnce/concurrent_callers_are_each_committed_once_by_one_serial_leader_per_batch
=== RUN   TestGroupQueue_FIFOBatchesEachRequestCommittedOnce/the_zero_value_commits_one_request_per_batch
=== RUN   TestGroupQueue_FIFOBatchesEachRequestCommittedOnce/the_caps_hold_at_extreme_estimates_and_at_their_edges
=== RUN   TestGroupQueue_FIFOBatchesEachRequestCommittedOnce/a_drained_queue_keeps_nothing_it_cut_reachable
--- PASS: TestGroupQueue_FIFOBatchesEachRequestCommittedOnce (0.02s)
    --- PASS: TestGroupQueue_FIFOBatchesEachRequestCommittedOnce/batches_are_the_longest_FIFO_prefixes_within_the_caps (0.00s)
    --- PASS: TestGroupQueue_FIFOBatchesEachRequestCommittedOnce/concurrent_callers_are_each_committed_once_by_one_serial_leader_per_batch (0.02s)
    --- PASS: TestGroupQueue_FIFOBatchesEachRequestCommittedOnce/the_zero_value_commits_one_request_per_batch (0.00s)
    --- PASS: TestGroupQueue_FIFOBatchesEachRequestCommittedOnce/the_caps_hold_at_extreme_estimates_and_at_their_edges (0.00s)
    --- PASS: TestGroupQueue_FIFOBatchesEachRequestCommittedOnce/a_drained_queue_keeps_nothing_it_cut_reachable (0.00s)
=== RUN   TestGroupQueue_PanicInCommitHandsOffWithoutDeadlock
--- PASS: TestGroupQueue_PanicInCommitHandsOffWithoutDeadlock (0.02s)
=== RUN   TestGroupQueue_UnassignedResultStaysAFailure
=== RUN   TestGroupQueue_UnassignedResultStaysAFailure/commit_returns_early
=== RUN   TestGroupQueue_UnassignedResultStaysAFailure/commit_resolves_a_prefix_and_returns
=== RUN   TestGroupQueue_UnassignedResultStaysAFailure/commit_panics
=== RUN   TestGroupQueue_UnassignedResultStaysAFailure/commit_resolves_a_prefix_and_panics
=== RUN   TestGroupQueue_UnassignedResultStaysAFailure/commit_resolves_every_member_(control)
--- PASS: TestGroupQueue_UnassignedResultStaysAFailure (0.00s)
    --- PASS: TestGroupQueue_UnassignedResultStaysAFailure/commit_returns_early (0.00s)
    --- PASS: TestGroupQueue_UnassignedResultStaysAFailure/commit_resolves_a_prefix_and_returns (0.00s)
    --- PASS: TestGroupQueue_UnassignedResultStaysAFailure/commit_panics (0.00s)
    --- PASS: TestGroupQueue_UnassignedResultStaysAFailure/commit_resolves_a_prefix_and_panics (0.00s)
    --- PASS: TestGroupQueue_UnassignedResultStaysAFailure/commit_resolves_every_member_(control) (0.00s)
=== RUN   TestCarriedDefect_SP20D6_GatedBASampleIncludesThePreACKHandler
=== RUN   TestCarriedDefect_SP20D6_GatedBASampleIncludesThePreACKHandler/the_gated_sample_includes_the_handler_the_hook_waits_on
=== RUN   TestCarriedDefect_SP20D6_GatedBASampleIncludesThePreACKHandler/the_ack_byte_is_observed_only_after_the_handler_returned
--- PASS: TestCarriedDefect_SP20D6_GatedBASampleIncludesThePreACKHandler (0.03s)
    --- PASS: TestCarriedDefect_SP20D6_GatedBASampleIncludesThePreACKHandler/the_gated_sample_includes_the_handler_the_hook_waits_on (0.02s)
    --- PASS: TestCarriedDefect_SP20D6_GatedBASampleIncludesThePreACKHandler/the_ack_byte_is_observed_only_after_the_handler_returned (0.00s)
=== RUN   TestIdleRunsByPriority
=== PAUSE TestIdleRunsByPriority
=== RUN   TestIdleRespectsBudget
=== PAUSE TestIdleRespectsBudget
=== RUN   TestIdleTaskPanicIsolated
=== PAUSE TestIdleTaskPanicIsolated
=== RUN   TestIdleTaskErrorIsNotFatal
=== PAUSE TestIdleTaskErrorIsNotFatal
=== RUN   TestIsIdleUsesDetectAfterSeconds
=== PAUSE TestIsIdleUsesDetectAfterSeconds
=== RUN   TestIdleRegisterReplacesInPlace
=== PAUSE TestIdleRegisterReplacesInPlace
=== RUN   TestIdleActPrefixSkippedWhenNotMayAct
=== PAUSE TestIdleActPrefixSkippedWhenNotMayAct
=== RUN   TestIdleActPrefixRunsWhenMayAct
=== PAUSE TestIdleActPrefixRunsWhenMayAct
=== RUN   TestIngestWALIsExactBytes
=== PAUSE TestIngestWALIsExactBytes
=== RUN   TestIngestRingFullWALsEveryLineAndNeverSpills
--- PASS: TestIngestRingFullWALsEveryLineAndNeverSpills (0.10s)
=== RUN   TestIngestACKPrecedesProcessing
--- PASS: TestIngestACKPrecedesProcessing (0.02s)
=== RUN   TestIngestWALRotates
=== PAUSE TestIngestWALRotates
=== RUN   TestIngestResolvesBlobsEndToEnd
=== PAUSE TestIngestResolvesBlobsEndToEnd
=== RUN   TestAcceptWireLineWALsExactlyOneTerminator
=== PAUSE TestAcceptWireLineWALsExactlyOneTerminator
=== RUN   TestLiveDispatchedLineIsNotRedispatchedByDrain
=== PAUSE TestLiveDispatchedLineIsNotRedispatchedByDrain
=== RUN   TestIngest_WALGroupCommitOneSyncPerSegmentPerBatch
--- PASS: TestIngest_WALGroupCommitOneSyncPerSegmentPerBatch (0.06s)
=== RUN   TestIngest_AcceptNeverReturnsBeforeItsWALSync
--- PASS: TestIngest_AcceptNeverReturnsBeforeItsWALSync (0.06s)
=== RUN   TestIngest_CloseWaitsForTheWALBatchInFlight
=== RUN   TestIngest_CloseWaitsForTheWALBatchInFlight/CloseSession
=== RUN   TestIngest_CloseWaitsForTheWALBatchInFlight/Close
--- PASS: TestIngest_CloseWaitsForTheWALBatchInFlight (0.08s)
    --- PASS: TestIngest_CloseWaitsForTheWALBatchInFlight/CloseSession (0.04s)
    --- PASS: TestIngest_CloseWaitsForTheWALBatchInFlight/Close (0.03s)
=== RUN   TestIngest_WALBatchPreservesRotationBoundaries
--- PASS: TestIngest_WALBatchPreservesRotationBoundaries (0.42s)
=== RUN   TestIngest_WALFailureFailsExactlyItsSegment
=== RUN   TestIngest_WALFailureFailsExactlyItsSegment/a_write_error
=== RUN   TestIngest_WALFailureFailsExactlyItsSegment/a_short_write
=== RUN   TestIngest_WALFailureFailsExactlyItsSegment/a_sync_error
=== RUN   TestIngest_WALFailureFailsExactlyItsSegment/a_sync_error_on_a_batch's_only_segment
=== RUN   TestIngest_WALFailureFailsExactlyItsSegment/a_rotation's_sync_error_fails_only_the_outgoing_segment
=== RUN   TestIngest_WALFailureFailsExactlyItsSegment/a_rotation_flush's_write_error_fails_only_the_outgoing_segment
=== RUN   TestIngest_WALFailureFailsExactlyItsSegment/a_rotation_flush's_short_write_fails_only_the_outgoing_segment
=== RUN   TestIngest_WALFailureFailsExactlyItsSegment/a_line_after_a_rotation_whose_open_failed_goes_to_the_segment_it_reopens
=== RUN   TestIngest_WALFailureFailsExactlyItsSegment/a_rotation_whose_Close_fails_fails_its_session's_lines
=== RUN   TestIngest_WALFailureFailsExactlyItsSegment/a_Sync_that_panics_on_the_leader
=== RUN   TestIngest_WALFailureFailsExactlyItsSegment/a_Sync_that_panics_on_a_helper_goroutine
=== RUN   TestIngest_WALFailureFailsExactlyItsSegment/a_Sync_that_never_returns_on_a_helper_goroutine
=== RUN   TestIngest_WALFailureFailsExactlyItsSegment/a_Sync_that_never_returns_on_the_leader
--- PASS: TestIngest_WALFailureFailsExactlyItsSegment (0.91s)
    --- PASS: TestIngest_WALFailureFailsExactlyItsSegment/a_write_error (0.11s)
    --- PASS: TestIngest_WALFailureFailsExactlyItsSegment/a_short_write (0.08s)
    --- PASS: TestIngest_WALFailureFailsExactlyItsSegment/a_sync_error (0.07s)
    --- PASS: TestIngest_WALFailureFailsExactlyItsSegment/a_sync_error_on_a_batch's_only_segment (0.05s)
    --- PASS: TestIngest_WALFailureFailsExactlyItsSegment/a_rotation's_sync_error_fails_only_the_outgoing_segment (0.07s)
    --- PASS: TestIngest_WALFailureFailsExactlyItsSegment/a_rotation_flush's_write_error_fails_only_the_outgoing_segment (0.05s)
    --- PASS: TestIngest_WALFailureFailsExactlyItsSegment/a_rotation_flush's_short_write_fails_only_the_outgoing_segment (0.06s)
    --- PASS: TestIngest_WALFailureFailsExactlyItsSegment/a_line_after_a_rotation_whose_open_failed_goes_to_the_segment_it_reopens (0.11s)
    --- PASS: TestIngest_WALFailureFailsExactlyItsSegment/a_rotation_whose_Close_fails_fails_its_session's_lines (0.05s)
    --- PASS: TestIngest_WALFailureFailsExactlyItsSegment/a_Sync_that_panics_on_the_leader (0.04s)
    --- PASS: TestIngest_WALFailureFailsExactlyItsSegment/a_Sync_that_panics_on_a_helper_goroutine (0.09s)
    --- PASS: TestIngest_WALFailureFailsExactlyItsSegment/a_Sync_that_never_returns_on_a_helper_goroutine (0.05s)
    --- PASS: TestIngest_WALFailureFailsExactlyItsSegment/a_Sync_that_never_returns_on_the_leader (0.08s)
=== RUN   TestIngest_LeaseLineNeverPrecedesItsWALSync
--- PASS: TestIngest_LeaseLineNeverPrecedesItsWALSync (0.26s)
=== RUN   TestIngest_WALBatchStopsAtTheRequestCap
--- PASS: TestIngest_WALBatchStopsAtTheRequestCap (0.10s)
=== RUN   TestIngest_WALBatchByteCapCountsEveryTerminator
--- PASS: TestIngest_WALBatchByteCapCountsEveryTerminator (0.16s)
=== RUN   TestIngest_WALBatchByteCapAdmitsLinesThatFillItExactly
--- PASS: TestIngest_WALBatchByteCapAdmitsLinesThatFillItExactly (0.18s)
=== RUN   TestAcquireLockExclusive
=== PAUSE TestAcquireLockExclusive
=== RUN   TestStaleLockReclaimed
=== PAUSE TestStaleLockReclaimed
=== RUN   TestLiveLockNotReclaimed
=== PAUSE TestLiveLockNotReclaimed
=== RUN   TestAcquireLockRaceWindowIsNotStale
=== PAUSE TestAcquireLockRaceWindowIsNotStale
=== RUN   TestHeartbeatUpdatesMtime
=== PAUSE TestHeartbeatUpdatesMtime
=== RUN   TestLockRefusesAfterReclaim
=== PAUSE TestLockRefusesAfterReclaim
=== RUN   TestReleaseIsIdempotent
=== PAUSE TestReleaseIsIdempotent
=== RUN   TestReadLock_UnparseableFileReportsNotOK
=== PAUSE TestReadLock_UnparseableFileReportsNotOK
=== RUN   TestInstallMCPOpRegistersOp
=== PAUSE TestInstallMCPOpRegistersOp
=== RUN   TestInstallMCPOpRejectsANilOptions
=== PAUSE TestInstallMCPOpRejectsANilOptions
=== RUN   TestMCPInitializedSeamFlipsAfterInitialize
--- PASS: TestMCPInitializedSeamFlipsAfterInitialize (0.09s)
=== RUN   TestInitializedWritesContractHistory
--- PASS: TestInitializedWritesContractHistory (0.16s)
=== RUN   TestInitializedSurvivesHistoryWriteFailure
--- PASS: TestInitializedSurvivesHistoryWriteFailure (0.14s)
=== RUN   TestDaemonMCPOpDispatchesToolCall
--- PASS: TestDaemonMCPOpDispatchesToolCall (0.20s)
=== RUN   TestDaemonMCPOpUnknownToolIsPayloadError
--- PASS: TestDaemonMCPOpUnknownToolIsPayloadError (0.07s)
=== RUN   TestDaemonMCPOpMalformedPayloadIsTransportError
--- PASS: TestDaemonMCPOpMalformedPayloadIsTransportError (0.09s)
=== RUN   TestDaemonMCPOpResolvesSessionFromRegistry
--- PASS: TestDaemonMCPOpResolvesSessionFromRegistry (0.19s)
=== RUN   TestDaemonMCPOpEmptyRegistryDegrades
--- PASS: TestDaemonMCPOpEmptyRegistryDegrades (0.18s)
=== RUN   TestDaemonMCPOpResolvesTurnFromCurrentSegment
--- PASS: TestDaemonMCPOpResolvesTurnFromCurrentSegment (0.17s)
=== RUN   TestDaemonMCPOpHonoursAnExplicitTurn
--- PASS: TestDaemonMCPOpHonoursAnExplicitTurn (0.18s)
=== RUN   TestDaemonMCPOpUnknownKindIsRefused
--- PASS: TestDaemonMCPOpUnknownKindIsRefused (0.07s)
=== RUN   TestSessionStartRecordsCapabilityObservations
--- PASS: TestSessionStartRecordsCapabilityObservations (0.19s)
=== RUN   TestStoreWrapperDropsTheSupersedingCapability
--- PASS: TestStoreWrapperDropsTheSupersedingCapability (0.00s)
=== RUN   TestObserverAtomicPublicationFailureRemainsDrainRetryable
--- PASS: TestObserverAtomicPublicationFailureRemainsDrainRetryable (0.41s)
=== RUN   TestWireObserverStoreSupportsSupersedingRecorder
--- PASS: TestWireObserverStoreSupportsSupersedingRecorder (0.08s)
=== RUN   TestWireObserver
--- PASS: TestWireObserver (0.17s)
=== RUN   TestWireObserver_SessionStartRefreshesStaleness
--- PASS: TestWireObserver_SessionStartRefreshesStaleness (0.17s)
=== RUN   TestObserverPublicationFailureRemainsDrainRetryable
=== RUN   TestObserverPublicationFailureRemainsDrainRetryable/object_write
=== RUN   TestObserverPublicationFailureRemainsDrainRetryable/tool-use_reference
--- PASS: TestObserverPublicationFailureRemainsDrainRetryable (0.45s)
    --- PASS: TestObserverPublicationFailureRemainsDrainRetryable/object_write (0.23s)
    --- PASS: TestObserverPublicationFailureRemainsDrainRetryable/tool-use_reference (0.23s)
=== RUN   TestNewOptions_SeedsSaneDefaults
=== PAUSE TestNewOptions_SeedsSaneDefaults
=== RUN   TestHandleOnBareOptionsIsSafe
=== PAUSE TestHandleOnBareOptionsIsSafe
=== RUN   TestHandleOverridesDefaultRoute
=== PAUSE TestHandleOverridesDefaultRoute
=== RUN   TestBindRunsInOrderAndDeclaresProducers
--- PASS: TestBindRunsInOrderAndDeclaresProducers (0.00s)
=== RUN   TestDeclaredProducerSetMatchesArchitecture
--- PASS: TestDeclaredProducerSetMatchesArchitecture (0.00s)
=== RUN   TestServicesFromNeverReturnsNil
=== PAUSE TestServicesFromNeverReturnsNil
=== RUN   TestServicesModeIsAssignedBeforeBinds
--- PASS: TestServicesModeIsAssignedBeforeBinds (0.00s)
=== RUN   TestPromptOrder_V6_OrderingGateGivesTurnZeroToEarliestLeasedArrival
--- PASS: TestPromptOrder_V6_OrderingGateGivesTurnZeroToEarliestLeasedArrival (0.75s)
=== RUN   TestPromptOrder_V6_UnleasedEarlierSpooledIsSeparateUncertainty
--- PASS: TestPromptOrder_V6_UnleasedEarlierSpooledIsSeparateUncertainty (0.48s)
=== RUN   TestObservePrompt_RecordingOutlivesTheReplyDeadline
=== PAUSE TestObservePrompt_RecordingOutlivesTheReplyDeadline
=== RUN   TestObservePrompt_CancelledRequestIsNotAnOverrun
=== PAUSE TestObservePrompt_CancelledRequestIsNotAnOverrun
=== RUN   TestObservePrompt_PanickingSeamIsRecovered
=== PAUSE TestObservePrompt_PanickingSeamIsRecovered
=== RUN   TestObservePrompt_StopJoinsAnInFlightRecording
=== PAUSE TestObservePrompt_StopJoinsAnInFlightRecording
=== RUN   TestObservePrompt_StopCancelsARecordingThatOutlivesItsGrace
=== PAUSE TestObservePrompt_StopCancelsARecordingThatOutlivesItsGrace
=== RUN   TestObservePrompt_StopAbandonsACaptureThatIgnoresCancellation
=== PAUSE TestObservePrompt_StopAbandonsACaptureThatIgnoresCancellation
=== RUN   TestObservePrompt_RealObserverCaptureLandsBehindAHeldSessionLock
--- PASS: TestObservePrompt_RealObserverCaptureLandsBehindAHeldSessionLock (0.46s)
=== RUN   TestLoudPublicationGaps_AnnouncesAnUnpublishedCapture
--- PASS: TestLoudPublicationGaps_AnnouncesAnUnpublishedCapture (0.10s)
=== RUN   TestLoudPublicationGaps_QuietWhenClean
--- PASS: TestLoudPublicationGaps_QuietWhenClean (0.08s)
=== RUN   TestAccountPublicationGaps_UnobservedForNonAuditorStore
--- PASS: TestAccountPublicationGaps_UnobservedForNonAuditorStore (0.00s)
=== RUN   TestRegistryNewSessionResetsHotMode
=== PAUSE TestRegistryNewSessionResetsHotMode
=== RUN   TestRegistryEvictsEndedOverMax
=== PAUSE TestRegistryEvictsEndedOverMax
=== RUN   TestRegistryAllLiveOverMaxKeepsAll
=== PAUSE TestRegistryAllLiveOverMaxKeepsAll
=== RUN   TestRegistryTouchAndEnd
=== PAUSE TestRegistryTouchAndEnd
=== RUN   TestRegistryEnsureUpdatesSourceAndTranscript
=== PAUSE TestRegistryEnsureUpdatesSourceAndTranscript
=== RUN   TestSessionRegistry_IsLive
=== PAUSE TestSessionRegistry_IsLive
=== RUN   TestSessionRegistry_IsLiveConcurrentWithEndIsRaceFree
=== PAUSE TestSessionRegistry_IsLiveConcurrentWithEndIsRaceFree
=== RUN   TestRegistrySetMaxSessionsRejectsNonPositive
=== PAUSE TestRegistrySetMaxSessionsRejectsNonPositive
=== RUN   TestEndAbandonedEndsOnlySilentLiveSessions
=== PAUSE TestEndAbandonedEndsOnlySilentLiveSessions
=== RUN   TestRegistryTouchRegistersTrafficFromAnUnseenSession
=== PAUSE TestRegistryTouchRegistersTrafficFromAnUnseenSession
=== RUN   TestRegistryTouchRevivesAnAbandonedSessionButNotAnEndedOne
=== PAUSE TestRegistryTouchRevivesAnAbandonedSessionButNotAnEndedOne
=== RUN   TestIdleExitWaitsForAnUnregisteredSessionThatKeepsSendingTraffic
=== PAUSE TestIdleExitWaitsForAnUnregisteredSessionThatKeepsSendingTraffic
=== RUN   TestTrafficRegistrationLeavesHotSubmodeAndBreachDetectorAlone
=== PAUSE TestTrafficRegistrationLeavesHotSubmodeAndBreachDetectorAlone
=== RUN   TestSelectionFor_DisabledIsTheShippedPath
--- PASS: TestSelectionFor_DisabledIsTheShippedPath (0.00s)
=== RUN   TestSelectionFor_EnabledWithoutTheShipOrderGateDegrades
--- PASS: TestSelectionFor_EnabledWithoutTheShipOrderGateDegrades (0.00s)
=== RUN   TestSelectionFor_NoCandidatesIsNilNotAnEmptySelection
--- PASS: TestSelectionFor_NoCandidatesIsNilNotAnEmptySelection (0.00s)
=== RUN   TestSelectionFor_CarriesActiveEliminations
--- PASS: TestSelectionFor_CarriesActiveEliminations (0.00s)
=== RUN   TestEliminationCandidates_OnlyActiveRecordsBind
--- PASS: TestEliminationCandidates_OnlyActiveRecordsBind (0.00s)
=== RUN   TestEliminationCandidates_QualificationsSurviveTranslation
--- PASS: TestEliminationCandidates_QualificationsSurviveTranslation (0.00s)
=== RUN   TestEliminationCandidates_EveryItemOffersAPointerFallback
--- PASS: TestEliminationCandidates_EveryItemOffersAPointerFallback (0.00s)
=== RUN   TestSelectionFor_PressureDegradesToAPointerBeforeOverflowing
--- PASS: TestSelectionFor_PressureDegradesToAPointerBeforeOverflowing (0.00s)
=== RUN   TestSelectionFor_OverflowsRatherThanDroppingAConstraint
--- PASS: TestSelectionFor_OverflowsRatherThanDroppingAConstraint (0.00s)
=== RUN   TestSelectionFor_AStaleRecordNeverOverflows
--- PASS: TestSelectionFor_AStaleRecordNeverOverflows (0.00s)
=== RUN   TestSelectionFor_IsDeterministic
--- PASS: TestSelectionFor_IsDeterministic (0.00s)
=== RUN   TestSelectableEliminations_TheLedgerCopyWins
--- PASS: TestSelectableEliminations_TheLedgerCopyWins (0.00s)
=== RUN   TestSelectableEliminations_ALedgerErrorLeavesTheFrozenCopyStanding
--- PASS: TestSelectableEliminations_ALedgerErrorLeavesTheFrozenCopyStanding (0.00s)
=== RUN   TestAssemble_IntersectsChangepointsAndRounds
=== PAUSE TestAssemble_IntersectsChangepointsAndRounds
=== RUN   TestAssemble_SkipsUnresolvableTurns
=== PAUSE TestAssemble_SkipsUnresolvableTurns
=== RUN   TestAssemble_CouplingFromCrossingEdges
=== PAUSE TestAssemble_CouplingFromCrossingEdges
=== RUN   TestAssemble_CouplingRecomputedEveryCall
=== PAUSE TestAssemble_CouplingRecomputedEveryCall
=== RUN   TestAssemble_TurnPosCachedUntilTurnAdvances
=== PAUSE TestAssemble_TurnPosCachedUntilTurnAdvances
=== RUN   TestAssemble_TurnPosRebuiltWhenTurnAdvances
=== PAUSE TestAssemble_TurnPosRebuiltWhenTurnAdvances
=== RUN   TestAssemble_CapAt32KeepsHighestPos
=== PAUSE TestAssemble_CapAt32KeepsHighestPos
=== RUN   TestAssemble_CapPrefersRoundBoundaries
=== PAUSE TestAssemble_CapPrefersRoundBoundaries
=== RUN   TestAssemble_ReclaimableFromIndex
=== PAUSE TestAssemble_ReclaimableFromIndex
=== RUN   TestAssemble_NilGraphReturnsNoCandidates
=== PAUSE TestAssemble_NilGraphReturnsNoCandidates
=== RUN   TestAssemble_RecoversCrossingEdgesPanic
=== PAUSE TestAssemble_RecoversCrossingEdgesPanic
=== RUN   TestClassifyDrop_AdaptsStoreRecord
=== PAUSE TestClassifyDrop_AdaptsStoreRecord
=== RUN   TestReclaimableIndex_SuffixSums
=== PAUSE TestReclaimableIndex_SuffixSums
=== RUN   TestReclaimableIndex_ExcludesDropNone
=== PAUSE TestReclaimableIndex_ExcludesDropNone
=== RUN   TestReclaimableIndex_MonotoneNonIncreasing_Property
=== PAUSE TestReclaimableIndex_MonotoneNonIncreasing_Property
=== RUN   TestReclaimableIndex_Empty
=== PAUSE TestReclaimableIndex_Empty
=== RUN   TestFeaturesFrom_PathJaccard
=== PAUSE TestFeaturesFrom_PathJaccard
=== RUN   TestFeaturesFrom_PathJaccard_EmptyUnionIsOne
=== PAUSE TestFeaturesFrom_PathJaccard_EmptyUnionIsOne
=== RUN   TestFeaturesFrom_ToolShiftTotalVariation
=== PAUSE TestFeaturesFrom_ToolShiftTotalVariation
=== RUN   TestFeaturesFrom_GapSeconds
=== PAUSE TestFeaturesFrom_GapSeconds
=== RUN   TestFeaturesFrom_TodoTransition
=== PAUSE TestFeaturesFrom_TodoTransition
=== RUN   TestFeaturesFrom_WindowRoll
=== PAUSE TestFeaturesFrom_WindowRoll
=== RUN   TestFeaturesFrom_LexicalCohesionShingleCap
=== PAUSE TestFeaturesFrom_LexicalCohesionShingleCap
=== RUN   TestFrontier_CloseOnTodoCompleted
=== PAUSE TestFrontier_CloseOnTodoCompleted
=== RUN   TestFrontier_CloseOnTestPassed
=== PAUSE TestFrontier_CloseOnTestPassed
=== RUN   TestFrontier_CloseOnGitCommit
=== PAUSE TestFrontier_CloseOnGitCommit
=== RUN   TestFrontier_NoCloseWithoutCurrentSegment
=== PAUSE TestFrontier_NoCloseWithoutCurrentSegment
=== RUN   TestFrontier_AdvanceCallsWriterWithClosedUnencodedOnly
=== PAUSE TestFrontier_AdvanceCallsWriterWithClosedUnencodedOnly
=== RUN   TestFrontier_AdvanceNoWriterIsNoOp
=== PAUSE TestFrontier_AdvanceNoWriterIsNoOp
=== RUN   TestFrontier_AdvanceIdempotent
=== PAUSE TestFrontier_AdvanceIdempotent
=== RUN   TestFrontier_ConstructorUsesPortOrLegacyAdapter
=== RUN   TestFrontier_ConstructorUsesPortOrLegacyAdapter/legacy_adapter
=== RUN   TestFrontier_ConstructorUsesPortOrLegacyAdapter/explicit_port
--- PASS: TestFrontier_ConstructorUsesPortOrLegacyAdapter (0.00s)
    --- PASS: TestFrontier_ConstructorUsesPortOrLegacyAdapter/legacy_adapter (0.00s)
    --- PASS: TestFrontier_ConstructorUsesPortOrLegacyAdapter/explicit_port (0.00s)
=== RUN   TestFrontier_DPIGuardPreservesOwnerOutcomeWithoutRetry
=== PAUSE TestFrontier_DPIGuardPreservesOwnerOutcomeWithoutRetry
=== RUN   TestFrontier_SessionChangeDuringAdvancePreservesOwnerWork
--- PASS: TestFrontier_SessionChangeDuringAdvancePreservesOwnerWork (0.00s)
=== RUN   TestFrontier_CloseWritesRealSegmentTokens
=== PAUSE TestFrontier_CloseWritesRealSegmentTokens
=== RUN   TestFrontier_ResidualRecomputed
=== PAUSE TestFrontier_ResidualRecomputed
=== RUN   TestFrontier_ResidualNeverNegative
=== PAUSE TestFrontier_ResidualNeverNegative
=== RUN   TestFrontier_ResidualOverBudgetWarnsOnce
=== PAUSE TestFrontier_ResidualOverBudgetWarnsOnce
=== RUN   TestFrontier_AdvanceStopsAtAGapInDurableEvidence
=== PAUSE TestFrontier_AdvanceStopsAtAGapInDurableEvidence
=== RUN   TestFrontier_AdvanceRefusesUnreadableEvidence
=== PAUSE TestFrontier_AdvanceRefusesUnreadableEvidence
=== RUN   TestFrontier_AdvanceRefusesInFlightEvidence
=== PAUSE TestFrontier_AdvanceRefusesInFlightEvidence
=== RUN   TestFrontier_VerifyEvidenceStepsOverAnAlreadyEncodedNeighbour
=== PAUSE TestFrontier_VerifyEvidenceStepsOverAnAlreadyEncodedNeighbour
=== RUN   TestFrontier_AdvanceIsLoudAboutADPIViolation
--- PASS: TestFrontier_AdvanceIsLoudAboutADPIViolation (0.00s)
=== RUN   TestFrontier_AdvanceHonoursCancellation
=== PAUSE TestFrontier_AdvanceHonoursCancellation
=== RUN   TestFrontier_SegmentLogFailureLeavesTheFrontierUnchanged
=== PAUSE TestFrontier_SegmentLogFailureLeavesTheFrontierUnchanged
=== RUN   TestFrontier_VerifyEvidenceStopsOnCancellation
=== PAUSE TestFrontier_VerifyEvidenceStopsOnCancellation
=== RUN   TestIdleTasksRegistered
=== PAUSE TestIdleTasksRegistered
=== RUN   TestIdleActingTaskSkippedInDegradedPassive
=== PAUSE TestIdleActingTaskSkippedInDegradedPassive
=== RUN   TestIdleWorkBindsDaemon
=== PAUSE TestIdleWorkBindsDaemon
=== RUN   TestIdleTaskInertBeforeSessionBind
=== PAUSE TestIdleTaskInertBeforeSessionBind
=== RUN   TestIdleRefreshesDecisionOncePerPass
=== PAUSE TestIdleRefreshesDecisionOncePerPass
=== RUN   TestIdleFrontierSkippedCounted
=== PAUSE TestIdleFrontierSkippedCounted
=== RUN   TestIdleTaskGatedByDecisionBackground
=== PAUSE TestIdleTaskGatedByDecisionBackground
=== RUN   TestIdleTasksOffWhenBackgroundWorkFalse
=== PAUSE TestIdleTasksOffWhenBackgroundWorkFalse
=== RUN   TestIdleTaskRebuildBloomSkippedWhenLedgerNil
=== PAUSE TestIdleTaskRebuildBloomSkippedWhenLedgerNil
=== RUN   TestIdleTaskGCPassesRemainingDeadline
=== PAUSE TestIdleTaskGCPassesRemainingDeadline
=== RUN   TestIdleTasksHonourContextCancellation
--- PASS: TestIdleTasksHonourContextCancellation (0.00s)
=== RUN   TestIdle_RebuildBloomSeesALedgerOpenedAfterRegistration
--- PASS: TestIdle_RebuildBloomSeesALedgerOpenedAfterRegistration (0.00s)
=== RUN   TestIdle_RebuildBloomStaysInertWhenRebuildOnStaleIsNotNextIdle
--- PASS: TestIdle_RebuildBloomStaysInertWhenRebuildOnStaleIsNotNextIdle (0.00s)
=== RUN   TestNewSchedulerRuntime_RequiresDeps
--- PASS: TestNewSchedulerRuntime_RequiresDeps (0.00s)
=== RUN   TestNewSchedulerRuntime_EnablesPSelectionGate
--- PASS: TestNewSchedulerRuntime_EnablesPSelectionGate (0.00s)
=== RUN   TestRuntime_CloseThenRebindSameIDReopensGate
--- PASS: TestRuntime_CloseThenRebindSameIDReopensGate (0.02s)
=== RUN   TestNewSchedulerRuntime_EmptySessionIsLegal
=== PAUSE TestNewSchedulerRuntime_EmptySessionIsLegal
=== RUN   TestRuntime_WindowResolutionLadder
=== PAUSE TestRuntime_WindowResolutionLadder
=== RUN   TestResolveWindow_HostVariables
=== PAUSE TestResolveWindow_HostVariables
=== RUN   TestRuntime_ContextTokensFromSegments
=== PAUSE TestRuntime_ContextTokensFromSegments
=== RUN   TestRuntime_ObserveDeclaresAndRecordsChangepoint
=== PAUSE TestRuntime_ObserveDeclaresAndRecordsChangepoint
=== RUN   TestRuntime_ObserveNoOpWhenAdvanceOnSegmentCloseFalse
=== PAUSE TestRuntime_ObserveNoOpWhenAdvanceOnSegmentCloseFalse
=== RUN   TestRuntime_EvaluateProducesDecision
=== PAUSE TestRuntime_EvaluateProducesDecision
=== RUN   TestRuntime_EvaluateSuppliesLambdaFromSelectionConfig
=== PAUSE TestRuntime_EvaluateSuppliesLambdaFromSelectionConfig
=== RUN   TestRuntime_DeltaPtrNilUntilMeasured
=== PAUSE TestRuntime_DeltaPtrNilUntilMeasured
=== RUN   TestRuntime_DeltaEWMA
=== PAUSE TestRuntime_DeltaEWMA
=== RUN   TestRuntime_BurnRateEWMA
=== PAUSE TestRuntime_BurnRateEWMA
=== RUN   TestRuntime_NotifyActivitySetsAPICallClock
=== PAUSE TestRuntime_NotifyActivitySetsAPICallClock
=== RUN   TestRuntime_PersistRoundTrip
=== PAUSE TestRuntime_PersistRoundTrip
=== RUN   TestRuntime_PersistRoundTrip_FutureStampRepaired
=== PAUSE TestRuntime_PersistRoundTrip_FutureStampRepaired
=== RUN   TestRuntime_StateDiscardedOnSessionMismatch
=== PAUSE TestRuntime_StateDiscardedOnSessionMismatch
=== RUN   TestRuntime_StateDiscardedOnHazardChange
=== PAUSE TestRuntime_StateDiscardedOnHazardChange
=== RUN   TestRuntime_StateDiscardedOnFeatureListChange
=== PAUSE TestRuntime_StateDiscardedOnFeatureListChange
=== RUN   TestRuntime_CorruptStateFilesSelfHeal
=== PAUSE TestRuntime_CorruptStateFilesSelfHeal
=== RUN   TestRuntime_ChangepointTurnsCapped
=== PAUSE TestRuntime_ChangepointTurnsCapped
=== RUN   TestRuntime_NoteAPIRoundRecordsBoundary
=== PAUSE TestRuntime_NoteAPIRoundRecordsBoundary
=== RUN   TestRuntime_CloseIsIdempotent
=== PAUSE TestRuntime_CloseIsIdempotent
=== RUN   TestSchedulerSnapshotOf_ReportsRuntimeState
=== PAUSE TestSchedulerSnapshotOf_ReportsRuntimeState
=== RUN   TestRuntime_ConcurrentObserveEvaluatePersist
=== PAUSE TestRuntime_ConcurrentObserveEvaluatePersist
=== RUN   TestRuntime_OpenSegmentTokensResetOnClose
=== PAUSE TestRuntime_OpenSegmentTokensResetOnClose
=== RUN   TestRuntime_ObserveClosesSegmentOnChangepoint
=== PAUSE TestRuntime_ObserveClosesSegmentOnChangepoint
=== RUN   TestSchedulerRuntimeBuildsItsAdvancerFromTheWriterAndSourcePair
=== RUN   TestSchedulerRuntimeBuildsItsAdvancerFromTheWriterAndSourcePair/writer_and_sources_together_yield_an_advancer
=== RUN   TestSchedulerRuntimeBuildsItsAdvancerFromTheWriterAndSourcePair/a_writer_with_no_sources_stays_unavailable
=== RUN   TestSchedulerRuntimeBuildsItsAdvancerFromTheWriterAndSourcePair/sources_with_no_writer_stay_unavailable
--- PASS: TestSchedulerRuntimeBuildsItsAdvancerFromTheWriterAndSourcePair (0.00s)
    --- PASS: TestSchedulerRuntimeBuildsItsAdvancerFromTheWriterAndSourcePair/writer_and_sources_together_yield_an_advancer (0.00s)
    --- PASS: TestSchedulerRuntimeBuildsItsAdvancerFromTheWriterAndSourcePair/a_writer_with_no_sources_stays_unavailable (0.00s)
    --- PASS: TestSchedulerRuntimeBuildsItsAdvancerFromTheWriterAndSourcePair/sources_with_no_writer_stay_unavailable (0.00s)
=== RUN   TestStateCodec_BOCDRoundTrip
=== PAUSE TestStateCodec_BOCDRoundTrip
=== RUN   TestStateCodec_SchedulerRoundTrip
=== PAUSE TestStateCodec_SchedulerRoundTrip
=== RUN   TestStateCodec_UnknownFieldsIgnored
=== PAUSE TestStateCodec_UnknownFieldsIgnored
=== RUN   TestStateCodec_WritesAtomicallyNotAppendOnly
=== PAUSE TestStateCodec_WritesAtomicallyNotAppendOnly
=== RUN   TestStateCodec_TurnListsCapped
=== PAUSE TestStateCodec_TurnListsCapped
=== RUN   TestLocalCheckpointIsNeverConflatedWithHostCompaction
--- PASS: TestLocalCheckpointIsNeverConflatedWithHostCompaction (0.05s)
=== RUN   TestSchedulerSuite_DaemonRuntime
=== RUN   TestSchedulerSuite_DaemonRuntime/daemon/shape
=== RUN   TestSchedulerSuite_DaemonRuntime/daemon/behaviour
=== RUN   TestSchedulerSuite_DaemonRuntime/daemon/behaviour/runtime_evaluate_is_deterministic
=== RUN   TestSchedulerSuite_DaemonRuntime/daemon/behaviour/evaluate_young_daly_matches_formula
=== RUN   TestSchedulerSuite_DaemonRuntime/daemon/behaviour/composite_trigger_truth_table
=== RUN   TestSchedulerSuite_DaemonRuntime/daemon/behaviour/composite_trigger_truth_table/quiet_baseline_does_not_compact
=== RUN   TestSchedulerSuite_DaemonRuntime/daemon/behaviour/composite_trigger_truth_table/below_soft_floor_suppresses_every_other_trigger
=== RUN   TestSchedulerSuite_DaemonRuntime/daemon/behaviour/composite_trigger_truth_table/changepoint_fires
=== RUN   TestSchedulerSuite_DaemonRuntime/daemon/behaviour/composite_trigger_truth_table/hard_ceiling_fires
=== RUN   TestSchedulerSuite_DaemonRuntime/daemon/behaviour/composite_trigger_truth_table/young_daly_fires
=== RUN   TestSchedulerSuite_DaemonRuntime/daemon/behaviour/composite_trigger_truth_table/idle_cold_cache_fires
=== RUN   TestSchedulerSuite_DaemonRuntime/daemon/behaviour/threshold_arithmetic
=== RUN   TestSchedulerSuite_DaemonRuntime/daemon/behaviour/argmax_latest_when_warm
=== RUN   TestSchedulerSuite_DaemonRuntime/daemon/behaviour/argmax_deepest_when_cold
=== RUN   TestSchedulerSuite_DaemonRuntime/daemon/behaviour/evaluate_is_pure
=== RUN   TestSchedulerSuite_DaemonRuntime/daemon/behaviour/breakdown_carries_core_keys
=== RUN   TestSchedulerSuite_DaemonRuntime/daemon/behaviour/runtime_observe_returns_normalized_posterior
=== RUN   TestSchedulerSuite_DaemonRuntime/daemon/behaviour/runtime_notify_activity_anchors_idle_since
=== RUN   TestSchedulerSuite_DaemonRuntime/daemon/behaviour/runtime_persist_is_repeatable
--- PASS: TestSchedulerSuite_DaemonRuntime (0.09s)
    --- PASS: TestSchedulerSuite_DaemonRuntime/daemon/shape (0.02s)
    --- PASS: TestSchedulerSuite_DaemonRuntime/daemon/behaviour (0.07s)
        --- PASS: TestSchedulerSuite_DaemonRuntime/daemon/behaviour/runtime_evaluate_is_deterministic (0.00s)
        --- PASS: TestSchedulerSuite_DaemonRuntime/daemon/behaviour/evaluate_young_daly_matches_formula (0.00s)
        --- PASS: TestSchedulerSuite_DaemonRuntime/daemon/behaviour/composite_trigger_truth_table (0.00s)
            --- PASS: TestSchedulerSuite_DaemonRuntime/daemon/behaviour/composite_trigger_truth_table/quiet_baseline_does_not_compact (0.00s)
            --- PASS: TestSchedulerSuite_DaemonRuntime/daemon/behaviour/composite_trigger_truth_table/below_soft_floor_suppresses_every_other_trigger (0.00s)
            --- PASS: TestSchedulerSuite_DaemonRuntime/daemon/behaviour/composite_trigger_truth_table/changepoint_fires (0.00s)
            --- PASS: TestSchedulerSuite_DaemonRuntime/daemon/behaviour/composite_trigger_truth_table/hard_ceiling_fires (0.00s)
            --- PASS: TestSchedulerSuite_DaemonRuntime/daemon/behaviour/composite_trigger_truth_table/young_daly_fires (0.00s)
            --- PASS: TestSchedulerSuite_DaemonRuntime/daemon/behaviour/composite_trigger_truth_table/idle_cold_cache_fires (0.00s)
        --- PASS: TestSchedulerSuite_DaemonRuntime/daemon/behaviour/threshold_arithmetic (0.00s)
        --- PASS: TestSchedulerSuite_DaemonRuntime/daemon/behaviour/argmax_latest_when_warm (0.00s)
        --- PASS: TestSchedulerSuite_DaemonRuntime/daemon/behaviour/argmax_deepest_when_cold (0.00s)
        --- PASS: TestSchedulerSuite_DaemonRuntime/daemon/behaviour/evaluate_is_pure (0.00s)
        --- PASS: TestSchedulerSuite_DaemonRuntime/daemon/behaviour/breakdown_carries_core_keys (0.00s)
        --- PASS: TestSchedulerSuite_DaemonRuntime/daemon/behaviour/runtime_observe_returns_normalized_posterior (0.00s)
        --- PASS: TestSchedulerSuite_DaemonRuntime/daemon/behaviour/runtime_notify_activity_anchors_idle_since (0.00s)
        --- PASS: TestSchedulerSuite_DaemonRuntime/daemon/behaviour/runtime_persist_is_repeatable (0.06s)
=== RUN   TestSchedulerSuite_DaemonRuntimeUnbound
=== RUN   TestSchedulerSuite_DaemonRuntimeUnbound/daemon-unbound/shape
=== RUN   TestSchedulerSuite_DaemonRuntimeUnbound/daemon-unbound/behaviour
=== RUN   TestSchedulerSuite_DaemonRuntimeUnbound/daemon-unbound/behaviour/runtime_evaluate_is_deterministic
=== RUN   TestSchedulerSuite_DaemonRuntimeUnbound/daemon-unbound/behaviour/evaluate_young_daly_matches_formula
=== RUN   TestSchedulerSuite_DaemonRuntimeUnbound/daemon-unbound/behaviour/composite_trigger_truth_table
=== RUN   TestSchedulerSuite_DaemonRuntimeUnbound/daemon-unbound/behaviour/composite_trigger_truth_table/quiet_baseline_does_not_compact
=== RUN   TestSchedulerSuite_DaemonRuntimeUnbound/daemon-unbound/behaviour/composite_trigger_truth_table/below_soft_floor_suppresses_every_other_trigger
=== RUN   TestSchedulerSuite_DaemonRuntimeUnbound/daemon-unbound/behaviour/composite_trigger_truth_table/changepoint_fires
=== RUN   TestSchedulerSuite_DaemonRuntimeUnbound/daemon-unbound/behaviour/composite_trigger_truth_table/hard_ceiling_fires
=== RUN   TestSchedulerSuite_DaemonRuntimeUnbound/daemon-unbound/behaviour/composite_trigger_truth_table/young_daly_fires
=== RUN   TestSchedulerSuite_DaemonRuntimeUnbound/daemon-unbound/behaviour/composite_trigger_truth_table/idle_cold_cache_fires
=== RUN   TestSchedulerSuite_DaemonRuntimeUnbound/daemon-unbound/behaviour/threshold_arithmetic
=== RUN   TestSchedulerSuite_DaemonRuntimeUnbound/daemon-unbound/behaviour/argmax_latest_when_warm
=== RUN   TestSchedulerSuite_DaemonRuntimeUnbound/daemon-unbound/behaviour/argmax_deepest_when_cold
=== RUN   TestSchedulerSuite_DaemonRuntimeUnbound/daemon-unbound/behaviour/evaluate_is_pure
=== RUN   TestSchedulerSuite_DaemonRuntimeUnbound/daemon-unbound/behaviour/breakdown_carries_core_keys
=== RUN   TestSchedulerSuite_DaemonRuntimeUnbound/daemon-unbound/behaviour/runtime_observe_returns_normalized_posterior
=== RUN   TestSchedulerSuite_DaemonRuntimeUnbound/daemon-unbound/behaviour/runtime_notify_activity_anchors_idle_since
=== RUN   TestSchedulerSuite_DaemonRuntimeUnbound/daemon-unbound/behaviour/runtime_persist_is_repeatable
--- PASS: TestSchedulerSuite_DaemonRuntimeUnbound (0.01s)
    --- PASS: TestSchedulerSuite_DaemonRuntimeUnbound/daemon-unbound/shape (0.00s)
    --- PASS: TestSchedulerSuite_DaemonRuntimeUnbound/daemon-unbound/behaviour (0.01s)
        --- PASS: TestSchedulerSuite_DaemonRuntimeUnbound/daemon-unbound/behaviour/runtime_evaluate_is_deterministic (0.00s)
        --- PASS: TestSchedulerSuite_DaemonRuntimeUnbound/daemon-unbound/behaviour/evaluate_young_daly_matches_formula (0.00s)
        --- PASS: TestSchedulerSuite_DaemonRuntimeUnbound/daemon-unbound/behaviour/composite_trigger_truth_table (0.00s)
            --- PASS: TestSchedulerSuite_DaemonRuntimeUnbound/daemon-unbound/behaviour/composite_trigger_truth_table/quiet_baseline_does_not_compact (0.00s)
            --- PASS: TestSchedulerSuite_DaemonRuntimeUnbound/daemon-unbound/behaviour/composite_trigger_truth_table/below_soft_floor_suppresses_every_other_trigger (0.00s)
            --- PASS: TestSchedulerSuite_DaemonRuntimeUnbound/daemon-unbound/behaviour/composite_trigger_truth_table/changepoint_fires (0.00s)
            --- PASS: TestSchedulerSuite_DaemonRuntimeUnbound/daemon-unbound/behaviour/composite_trigger_truth_table/hard_ceiling_fires (0.00s)
            --- PASS: TestSchedulerSuite_DaemonRuntimeUnbound/daemon-unbound/behaviour/composite_trigger_truth_table/young_daly_fires (0.00s)
            --- PASS: TestSchedulerSuite_DaemonRuntimeUnbound/daemon-unbound/behaviour/composite_trigger_truth_table/idle_cold_cache_fires (0.00s)
        --- PASS: TestSchedulerSuite_DaemonRuntimeUnbound/daemon-unbound/behaviour/threshold_arithmetic (0.00s)
        --- PASS: TestSchedulerSuite_DaemonRuntimeUnbound/daemon-unbound/behaviour/argmax_latest_when_warm (0.00s)
        --- PASS: TestSchedulerSuite_DaemonRuntimeUnbound/daemon-unbound/behaviour/argmax_deepest_when_cold (0.00s)
        --- PASS: TestSchedulerSuite_DaemonRuntimeUnbound/daemon-unbound/behaviour/evaluate_is_pure (0.00s)
        --- PASS: TestSchedulerSuite_DaemonRuntimeUnbound/daemon-unbound/behaviour/breakdown_carries_core_keys (0.00s)
        --- PASS: TestSchedulerSuite_DaemonRuntimeUnbound/daemon-unbound/behaviour/runtime_observe_returns_normalized_posterior (0.00s)
        --- PASS: TestSchedulerSuite_DaemonRuntimeUnbound/daemon-unbound/behaviour/runtime_notify_activity_anchors_idle_since (0.00s)
        --- PASS: TestSchedulerSuite_DaemonRuntimeUnbound/daemon-unbound/behaviour/runtime_persist_is_repeatable (0.00s)
=== RUN   TestDetectorSuite_BOCD
=== RUN   TestDetectorSuite_BOCD/bocd/normalized_after_random_observations
=== RUN   TestDetectorSuite_BOCD/bocd/posterior_length_bounded
=== RUN   TestDetectorSuite_BOCD/bocd/marshal_round_trip_reproduces_state
=== RUN   TestDetectorSuite_BOCD/bocd/deterministic_across_instances
--- PASS: TestDetectorSuite_BOCD (0.03s)
    --- PASS: TestDetectorSuite_BOCD/bocd/normalized_after_random_observations (0.03s)
    --- PASS: TestDetectorSuite_BOCD/bocd/posterior_length_bounded (0.00s)
    --- PASS: TestDetectorSuite_BOCD/bocd/marshal_round_trip_reproduces_state (0.00s)
    --- PASS: TestDetectorSuite_BOCD/bocd/deterministic_across_instances (0.00s)
=== RUN   TestWrapServices_CallsInnerSeamsFirst
=== PAUSE TestWrapServices_CallsInnerSeamsFirst
=== RUN   TestWrapServices_UndecoratedSeamsUntouched
=== PAUSE TestWrapServices_UndecoratedSeamsUntouched
=== RUN   TestWrapServices_NilInnerSeamsTolerated
=== PAUSE TestWrapServices_NilInnerSeamsTolerated
=== RUN   TestWrapServices_ObserveToolDrivesObserve
=== PAUSE TestWrapServices_ObserveToolDrivesObserve
=== RUN   TestWrapServices_ObserveStopRecordsRoundBoundary
=== PAUSE TestWrapServices_ObserveStopRecordsRoundBoundary
=== RUN   TestWrapServices_BoundarySignalsCloseSegment
=== PAUSE TestWrapServices_BoundarySignalsCloseSegment
=== RUN   TestWrapServices_SessionStartBindsAndSessionEndCloses
=== PAUSE TestWrapServices_SessionStartBindsAndSessionEndCloses
=== RUN   TestWrapServices_PromptSeamDoesNoStoreIO
=== PAUSE TestWrapServices_PromptSeamDoesNoStoreIO
=== RUN   TestWrapServices_MissingRecordCounted
=== PAUSE TestWrapServices_MissingRecordCounted
=== RUN   TestWrapServices_NilRuntimeIsNoOp
=== PAUSE TestWrapServices_NilRuntimeIsNoOp
=== RUN   TestWrapServices_PanicRecoveredOncePerSession
=== PAUSE TestWrapServices_PanicRecoveredOncePerSession
=== RUN   TestSketchSetNeverWritesTriedBloom
=== PAUSE TestSketchSetNeverWritesTriedBloom
=== RUN   TestNewSketchSet_ConstructsAllFour
=== PAUSE TestNewSketchSet_ConstructsAllFour
=== RUN   TestSketchSetSaveIsNoopWhenNotDirty
=== PAUSE TestSketchSetSaveIsNoopWhenNotDirty
=== RUN   TestSketchSetLoadToleratesStubSketchPackage
=== PAUSE TestSketchSetLoadToleratesStubSketchPackage
=== RUN   TestSketchSetLoad_CorruptFileIsLoud
--- PASS: TestSketchSetLoad_CorruptFileIsLoud (0.05s)
=== RUN   TestSketchSetLoad_AbsentFileIsQuiet
--- PASS: TestSketchSetLoad_AbsentFileIsQuiet (0.00s)
=== RUN   TestBuildSpawnEnv_StripsFaultAddsProjectRoot
=== PAUSE TestBuildSpawnEnv_StripsFaultAddsProjectRoot
=== RUN   TestBuildSpawnEnv_StripIsCaseInsensitive
=== PAUSE TestBuildSpawnEnv_StripIsCaseInsensitive
=== RUN   TestBuildSpawnEnv_NoFaultEntryIsUnaffected
=== PAUSE TestBuildSpawnEnv_NoFaultEntryIsUnaffected
=== RUN   TestBuildSpawnCommand_ShapesArgvAndSysProcAttr
=== PAUSE TestBuildSpawnCommand_ShapesArgvAndSysProcAttr
=== RUN   TestEnsureRunning_AlreadyRunningNeverSpawns
--- PASS: TestEnsureRunning_AlreadyRunningNeverSpawns (0.01s)
=== RUN   TestEnsureRunning_SpawnFailureReportsImmediately
=== PAUSE TestEnsureRunning_SpawnFailureReportsImmediately
=== RUN   TestCadenceFinalizesWhenDraftReachesBudget
=== RUN   TestCadenceFinalizesWhenDraftReachesBudget/the_draft_prices_at_or_above_the_budget
=== RUN   TestCadenceFinalizesWhenDraftReachesBudget/the_draft_absorbed_eight_segments_while_still_under_budget
--- PASS: TestCadenceFinalizesWhenDraftReachesBudget (0.32s)
    --- PASS: TestCadenceFinalizesWhenDraftReachesBudget/the_draft_prices_at_or_above_the_budget (0.16s)
    --- PASS: TestCadenceFinalizesWhenDraftReachesBudget/the_draft_absorbed_eight_segments_while_still_under_budget (0.16s)
=== RUN   TestCadenceSealsNothingWhenNeitherConditionHolds
--- PASS: TestCadenceSealsNothingWhenNeitherConditionHolds (0.11s)
=== RUN   TestAdvanceFrontierOpensNoDraftForASessionWithNothingToEncode
--- PASS: TestAdvanceFrontierOpensNoDraftForASessionWithNothingToEncode (0.11s)
=== RUN   TestACancelledContextStopsTheFrontierSweep
--- PASS: TestACancelledContextStopsTheFrontierSweep (0.08s)
=== RUN   TestACancelledContextStopsTheCadenceLoop
--- PASS: TestACancelledContextStopsTheCadenceLoop (0.11s)
=== RUN   TestADPIViolationIsLoggedLoudAndSkipped
=== RUN   TestADPIViolationIsLoggedLoudAndSkipped/the_violation_is_the_only_thing_that_went_wrong
=== RUN   TestADPIViolationIsLoggedLoudAndSkipped/an_unrelated_failure_elsewhere_in_the_sweep_does_not_hide_it
--- PASS: TestADPIViolationIsLoggedLoudAndSkipped (0.19s)
    --- PASS: TestADPIViolationIsLoggedLoudAndSkipped/the_violation_is_the_only_thing_that_went_wrong (0.10s)
    --- PASS: TestADPIViolationIsLoggedLoudAndSkipped/an_unrelated_failure_elsewhere_in_the_sweep_does_not_hide_it (0.09s)
=== RUN   TestTheSweepReportsEvidenceItCannotVerify
--- PASS: TestTheSweepReportsEvidenceItCannotVerify (0.10s)
=== RUN   TestPrecompactDeadlineIsLeftUnsetWhenTheManifestDeclaresNoTimeout
=== PAUSE TestPrecompactDeadlineIsLeftUnsetWhenTheManifestDeclaresNoTimeout
=== RUN   TestPrecompactDeadlineIsNestedInsideTheClientWait
=== PAUSE TestPrecompactDeadlineIsNestedInsideTheClientWait
=== RUN   TestDaemonLogReachesTheConstructedDaemonsLogger
=== PAUSE TestDaemonLogReachesTheConstructedDaemonsLogger
=== RUN   TestWireCheckpointResolvesItsSourcesLive
--- PASS: TestWireCheckpointResolvesItsSourcesLive (0.11s)
=== RUN   TestWireCheckpointWithoutASupplierStillValidatesItsFrozenSet
--- PASS: TestWireCheckpointWithoutASupplierStillValidatesItsFrozenSet (0.09s)
=== RUN   TestBindCheckpointSealsOnTheFirstPreCompact
--- PASS: TestBindCheckpointSealsOnTheFirstPreCompact (0.20s)
=== RUN   TestBindCheckpointDegradesWhenTheLedgerCannotBeOpened
--- PASS: TestBindCheckpointDegradesWhenTheLedgerCannotBeOpened (0.07s)
=== RUN   TestArmSourcesOpensNothingWhenTheSourcesAlreadyResolve
--- PASS: TestArmSourcesOpensNothingWhenTheSourcesAlreadyResolve (0.15s)
=== RUN   TestStopClosesTheLedgerTheDaemonOpened
--- PASS: TestStopClosesTheLedgerTheDaemonOpened (0.05s)
=== RUN   TestService_CompactEmitsAdditionalContext
--- PASS: TestService_CompactEmitsAdditionalContext (0.09s)
=== RUN   TestService_ReinjectionKillSwitchEmitsNothing
--- PASS: TestService_ReinjectionKillSwitchEmitsNothing (0.03s)
=== RUN   TestService_DegradedPassiveEmitsNothing
--- PASS: TestService_DegradedPassiveEmitsNothing (0.03s)
=== RUN   TestService_CheckpointNotFoundStillEmits
--- PASS: TestService_CheckpointNotFoundStillEmits (0.07s)
=== RUN   TestService_CheckpointErrorEmitsNothing
--- PASS: TestService_CheckpointErrorEmitsNothing (0.04s)
=== RUN   TestService_ResumedOrForkedSessionInheritsProjectCheckpoint
--- PASS: TestService_ResumedOrForkedSessionInheritsProjectCheckpoint (0.05s)
=== RUN   TestService_FreshServiceInstanceNeedsNoWarmup
--- PASS: TestService_FreshServiceInstanceNeedsNoWarmup (0.05s)
=== RUN   TestService_RepeatedCompactionIsIndependentAndDoesNotReingestItsOwnInjection
--- PASS: TestService_RepeatedCompactionIsIndependentAndDoesNotReingestItsOwnInjection (0.06s)
=== RUN   TestService_DuplicateCompactEventIsHandledConsistently
--- PASS: TestService_DuplicateCompactEventIsHandledConsistently (0.05s)
=== RUN   TestService_OutOfOrderCheckpointDeliveryReflectsWhateverIsCurrentlyLatest
--- PASS: TestService_OutOfOrderCheckpointDeliveryReflectsWhateverIsCurrentlyLatest (0.06s)
=== RUN   TestService_MissingSessionIDDoesNotPanic
--- PASS: TestService_MissingSessionIDDoesNotPanic (0.04s)
=== RUN   TestService_PanicRecovered
--- PASS: TestService_PanicRecovered (0.03s)
=== RUN   TestService_RecordsState
--- PASS: TestService_RecordsState (0.05s)
=== RUN   TestService_StateWriteFailureStillEmits
    rehydrate_service_test.go:757: platform: a directory mode bit does not deny file creation on Windows
--- SKIP: TestService_StateWriteFailureStillEmits (0.00s)
=== RUN   TestService_ClearResetsState
--- PASS: TestService_ClearResetsState (0.05s)
=== RUN   TestService_ClearOnMissingStateIsNoOp
--- PASS: TestService_ClearOnMissingStateIsNoOp (0.05s)
=== RUN   TestService_DeclaresAdditionalContextProducer
--- PASS: TestService_DeclaresAdditionalContextProducer (0.04s)
=== RUN   TestScopedReuse_ReportOnlyIsAStateNotAnAbsence
=== PAUSE TestScopedReuse_ReportOnlyIsAStateNotAnAbsence
=== RUN   TestScopedReuse_ADisabledFeatureAndAnEmptyResultAreDifferent
=== PAUSE TestScopedReuse_ADisabledFeatureAndAnEmptyResultAreDifferent
=== RUN   TestScopedReuse_OffersASiblingWorktreesEliminationWithItsAttribution
=== PAUSE TestScopedReuse_OffersASiblingWorktreesEliminationWithItsAttribution
=== RUN   TestScopedReuse_NoGrantOffersNothingEvenWithTheSwitchOn
=== PAUSE TestScopedReuse_NoGrantOffersNothingEvenWithTheSwitchOn
=== RUN   TestScopedReuse_WithheldAndDeniedAreCountedApart
=== PAUSE TestScopedReuse_WithheldAndDeniedAreCountedApart
=== RUN   TestScopedReuse_CrossRepositoryIsDeniedByTheBroadestGrant
=== PAUSE TestScopedReuse_CrossRepositoryIsDeniedByTheBroadestGrant
=== RUN   TestScopedReuse_DegradedDependencyCoverageWithholdsEverything
=== PAUSE TestScopedReuse_DegradedDependencyCoverageWithholdsEverything
=== RUN   TestScopedReuse_UnobservedScopeWithholdsRatherThanMatching
=== PAUSE TestScopedReuse_UnobservedScopeWithholdsRatherThanMatching
=== RUN   TestScopedReuse_OmissionsAreGroupedByReason
=== PAUSE TestScopedReuse_OmissionsAreGroupedByReason
=== RUN   TestScopedReuse_ADaemonCannotMintItsOwnGrant
=== PAUSE TestScopedReuse_ADaemonCannotMintItsOwnGrant
=== RUN   TestObserveScope_TwoWorktreesShareARepositoryAndDifferInTree
=== PAUSE TestObserveScope_TwoWorktreesShareARepositoryAndDifferInTree
=== RUN   TestObserveScope_TwoUnrelatedRepositoriesNeverRelate
=== PAUSE TestObserveScope_TwoUnrelatedRepositoriesNeverRelate
=== RUN   TestObserveScope_SameWorktreeAcrossSessions
=== PAUSE TestObserveScope_SameWorktreeAcrossSessions
=== RUN   TestObserveScope_NothingFailsAndEveryGapIsNamed
=== PAUSE TestObserveScope_NothingFailsAndEveryGapIsNamed
=== RUN   TestObserveScope_DetachedHeadHasNoBranch
=== PAUSE TestObserveScope_DetachedHeadHasNoBranch
=== RUN   TestObserveScope_ReadsAPackedRef
=== PAUSE TestObserveScope_ReadsAPackedRef
=== RUN   TestObserveScope_AWorktreesOwnRefShadowsTheCommonOne
=== PAUSE TestObserveScope_AWorktreesOwnRefShadowsTheCommonOne
=== RUN   TestObserveScope_AWorktreeWithNoCommondirLooksLikeItsOwnRepository
=== PAUSE TestObserveScope_AWorktreeWithNoCommondirLooksLikeItsOwnRepository
=== RUN   TestObserveScope_IsStableAcrossCalls
=== PAUSE TestObserveScope_IsStableAcrossCalls
=== CONT  TestWrapServices_ObserveToolDrivesObserve
=== CONT  TestScopedReuse_ReportOnlyIsAStateNotAnAbsence
=== CONT  TestWrapServices_UndecoratedSeamsUntouched
=== CONT  TestObservePrompt_StopAbandonsACaptureThatIgnoresCancellation
=== CONT  TestFrontier_AdvanceStopsAtAGapInDurableEvidence
=== CONT  TestWrapServices_CallsInnerSeamsFirst
=== CONT  TestObserveScope_TwoUnrelatedRepositoriesNeverRelate
=== CONT  TestObserveScope_TwoWorktreesShareARepositoryAndDifferInTree
=== CONT  TestWrapServices_NilInnerSeamsTolerated
=== CONT  TestRuntime_EvaluateSuppliesLambdaFromSelectionConfig
=== CONT  TestObserveScope_IsStableAcrossCalls
=== CONT  TestObserveScope_AWorktreeWithNoCommondirLooksLikeItsOwnRepository
=== CONT  TestObserveScope_AWorktreesOwnRefShadowsTheCommonOne
=== CONT  TestObserveScope_ReadsAPackedRef
=== CONT  TestObserveScope_DetachedHeadHasNoBranch
=== CONT  TestObserveScope_NothingFailsAndEveryGapIsNamed
=== RUN   TestObserveScope_NothingFailsAndEveryGapIsNamed/no_git_at_all
=== CONT  TestObserveScope_SameWorktreeAcrossSessions
=== PAUSE TestObserveScope_NothingFailsAndEveryGapIsNamed/no_git_at_all
=== RUN   TestObserveScope_NothingFailsAndEveryGapIsNamed/no_session_id
=== CONT  TestScopedReuse_OmissionsAreGroupedByReason
=== CONT  TestScopedReuse_ADaemonCannotMintItsOwnGrant
=== CONT  TestRuntime_PersistRoundTrip_FutureStampRepaired
=== CONT  TestScopedReuse_CrossRepositoryIsDeniedByTheBroadestGrant
=== CONT  TestResolveBlob_NilEventLeavesBlobFileUntouched
=== PAUSE TestObserveScope_NothingFailsAndEveryGapIsNamed/no_session_id
=== RUN   TestObserveScope_NothingFailsAndEveryGapIsNamed/unreadable_HEAD
=== PAUSE TestObserveScope_NothingFailsAndEveryGapIsNamed/unreadable_HEAD
=== RUN   TestObserveScope_NothingFailsAndEveryGapIsNamed/a_branch_with_no_commit_yet
=== PAUSE TestObserveScope_NothingFailsAndEveryGapIsNamed/a_branch_with_no_commit_yet
=== RUN   TestObserveScope_NothingFailsAndEveryGapIsNamed/a_dangling_worktree_gitdir
=== PAUSE TestObserveScope_NothingFailsAndEveryGapIsNamed/a_dangling_worktree_gitdir
=== RUN   TestObserveScope_NothingFailsAndEveryGapIsNamed/a_.git_file_that_is_not_a_gitdir_pointer
=== PAUSE TestObserveScope_NothingFailsAndEveryGapIsNamed/a_.git_file_that_is_not_a_gitdir_pointer
=== CONT  TestRuntime_ChangepointTurnsCapped
--- PASS: TestWrapServices_ObserveToolDrivesObserve (0.02s)
=== CONT  TestRuntime_NoteAPIRoundRecordsBoundary
=== CONT  TestRuntime_CorruptStateFilesSelfHeal
--- PASS: TestWrapServices_UndecoratedSeamsUntouched (0.02s)
--- PASS: TestFrontier_AdvanceStopsAtAGapInDurableEvidence (0.02s)
=== CONT  TestStateCodec_TurnListsCapped
--- PASS: TestRuntime_EvaluateSuppliesLambdaFromSelectionConfig (0.02s)
=== CONT  TestRuntime_StateDiscardedOnFeatureListChange
--- PASS: TestRuntime_NoteAPIRoundRecordsBoundary (0.01s)
=== CONT  TestStateCodec_WritesAtomicallyNotAppendOnly
--- PASS: TestResolveBlob_NilEventLeavesBlobFileUntouched (0.03s)
=== CONT  TestRuntime_StateDiscardedOnHazardChange
--- PASS: TestObserveScope_ReadsAPackedRef (0.06s)
=== CONT  TestRuntime_StateDiscardedOnSessionMismatch
--- PASS: TestObserveScope_IsStableAcrossCalls (0.07s)
=== CONT  TestStateCodec_UnknownFieldsIgnored
=== CONT  TestRuntime_OpenSegmentTokensResetOnClose
--- PASS: TestObserveScope_SameWorktreeAcrossSessions (0.08s)
--- PASS: TestObserveScope_DetachedHeadHasNoBranch (0.08s)
=== CONT  TestRuntime_ConcurrentObserveEvaluatePersist
--- PASS: TestObserveScope_TwoUnrelatedRepositoriesNeverRelate (0.09s)
=== CONT  TestStateCodec_SchedulerRoundTrip
--- PASS: TestStateCodec_SchedulerRoundTrip (0.00s)
=== CONT  TestSchedulerSnapshotOf_ReportsRuntimeState
--- PASS: TestObserveScope_AWorktreeWithNoCommondirLooksLikeItsOwnRepository (0.09s)
=== CONT  TestStateCodec_BOCDRoundTrip
--- PASS: TestRuntime_OpenSegmentTokensResetOnClose (0.02s)
=== CONT  TestRuntime_ObserveClosesSegmentOnChangepoint
--- PASS: TestRuntime_CorruptStateFilesSelfHeal (0.08s)
=== CONT  TestRuntime_CloseIsIdempotent
--- PASS: TestScopedReuse_ReportOnlyIsAStateNotAnAbsence (0.10s)
=== CONT  TestDrainDoesNotForgetASegmentTheIngestHolds
--- PASS: TestScopedReuse_CrossRepositoryIsDeniedByTheBroadestGrant (0.11s)
=== CONT  TestScopedReuse_NoGrantOffersNothingEvenWithTheSwitchOn
--- PASS: TestSchedulerSnapshotOf_ReportsRuntimeState (0.02s)
=== CONT  TestScopedReuse_WithheldAndDeniedAreCountedApart
--- PASS: TestWrapServices_CallsInnerSeamsFirst (0.11s)
=== CONT  TestObservePrompt_StopCancelsARecordingThatOutlivesItsGrace
--- PASS: TestRuntime_StateDiscardedOnFeatureListChange (0.09s)
=== CONT  TestServicesAllNil
--- PASS: TestObserveScope_TwoWorktreesShareARepositoryAndDifferInTree (0.11s)
=== CONT  TestObservePrompt_StopJoinsAnInFlightRecording
--- PASS: TestRuntime_ObserveClosesSegmentOnChangepoint (0.02s)
=== CONT  TestHotModeTransitionPersistsBeforeItIsAnnounced
--- PASS: TestWrapServices_NilInnerSeamsTolerated (0.12s)
=== CONT  TestHotModeTransitionWritesStateAndNAKs
--- PASS: TestScopedReuse_OmissionsAreGroupedByReason (0.12s)
=== CONT  TestObservePrompt_PanickingSeamIsRecovered
=== CONT  TestSpoolOnBreachFalseDoesNotTransition
--- PASS: TestScopedReuse_ADaemonCannotMintItsOwnGrant (0.12s)
--- PASS: TestRuntime_PersistRoundTrip_FutureStampRepaired (0.13s)
=== CONT  TestObservePrompt_CancelledRequestIsNotAnOverrun
--- PASS: TestObserveScope_AWorktreesOwnRefShadowsTheCommonOne (0.14s)
=== CONT  TestDrainOfSpooledFlushLineDoesNotDeadlock
--- PASS: TestSpoolOnBreachFalseDoesNotTransition (0.03s)
=== CONT  TestObservePrompt_RecordingOutlivesTheReplyDeadline
--- PASS: TestRuntime_StateDiscardedOnHazardChange (0.11s)
=== CONT  TestServicesFromNeverReturnsNil
=== CONT  TestConfigReloadDefersChunkChange
=== CONT  TestHandleOverridesDefaultRoute
--- PASS: TestStateCodec_BOCDRoundTrip (0.05s)
--- PASS: TestServicesFromNeverReturnsNil (0.00s)
--- PASS: TestRuntime_StateDiscardedOnSessionMismatch (0.09s)
=== CONT  TestDrainRestoresProgressWhenItDoesNotRemoveTheFile
=== RUN   TestDrainRestoresProgressWhenItDoesNotRemoveTheFile/the_ingest_refuses_a_segment_reopened_after_the_drain_asked
=== PAUSE TestDrainRestoresProgressWhenItDoesNotRemoveTheFile/the_ingest_refuses_a_segment_reopened_after_the_drain_asked
=== RUN   TestDrainRestoresProgressWhenItDoesNotRemoveTheFile/the_unlink_fails
=== PAUSE TestDrainRestoresProgressWhenItDoesNotRemoveTheFile/the_unlink_fails
=== CONT  TestNAKDuplicateIsDedupedOnDrain
--- PASS: TestHandleOverridesDefaultRoute (0.02s)
=== CONT  TestHandleOnBareOptionsIsSafe
--- PASS: TestHandleOnBareOptionsIsSafe (0.01s)
=== CONT  TestDrainCrashAtTheUnlinkLeavesNoProgressForARecreatedSegment
=== RUN   TestDrainCrashAtTheUnlinkLeavesNoProgressForARecreatedSegment/recreated_smaller
=== PAUSE TestDrainCrashAtTheUnlinkLeavesNoProgressForARecreatedSegment/recreated_smaller
=== RUN   TestDrainCrashAtTheUnlinkLeavesNoProgressForARecreatedSegment/recreated_at_the_same_size
=== PAUSE TestDrainCrashAtTheUnlinkLeavesNoProgressForARecreatedSegment/recreated_at_the_same_size
=== RUN   TestDrainCrashAtTheUnlinkLeavesNoProgressForARecreatedSegment/recreated_larger
=== PAUSE TestDrainCrashAtTheUnlinkLeavesNoProgressForARecreatedSegment/recreated_larger
=== CONT  TestNewOptions_SeedsSaneDefaults
--- PASS: TestHotModeTransitionPersistsBeforeItIsAnnounced (0.06s)
=== CONT  TestDrainForgetsAFileDurablyBeforeUnlinkingIt
=== RUN   TestDrainForgetsAFileDurablyBeforeUnlinkingIt/read_to_its_end_by_the_same_pass
=== PAUSE TestDrainForgetsAFileDurablyBeforeUnlinkingIt/read_to_its_end_by_the_same_pass
=== RUN   TestDrainForgetsAFileDurablyBeforeUnlinkingIt/finished_by_an_earlier_pass
=== PAUSE TestDrainForgetsAFileDurablyBeforeUnlinkingIt/finished_by_an_earlier_pass
=== CONT  TestModeOffSkipsIngest
--- PASS: TestScopedReuse_NoGrantOffersNothingEvenWithTheSwitchOn (0.07s)
=== CONT  TestIngestHoldsWALAnswersForTheCurrentSegmentOnly
--- PASS: TestNewOptions_SeedsSaneDefaults (0.00s)
=== CONT  TestDegradedPassiveStillRecords
--- PASS: TestStateCodec_UnknownFieldsIgnored (0.11s)
=== CONT  TestDegradedPassiveSuppressesActingPaths
--- PASS: TestScopedReuse_WithheldAndDeniedAreCountedApart (0.08s)
=== CONT  TestIngestRemoveDrainedWALRefusesHeldAndGrownSegments
--- PASS: TestRuntime_CloseIsIdempotent (0.09s)
=== CONT  TestObservePromptWALFailureIsObservable
--- PASS: TestObservePrompt_CancelledRequestIsNotAnOverrun (0.06s)
=== CONT  TestStragglerAfterSessionEndIsNotLostWithItsReopenedSegment
--- PASS: TestObservePrompt_PanickingSeamIsRecovered (0.08s)
=== CONT  TestObservePromptBlockingVariantTimesOut
--- PASS: TestObservePromptWALFailureIsObservable (0.02s)
=== CONT  TestInstallMCPOpRejectsANilOptions
--- PASS: TestInstallMCPOpRejectsANilOptions (0.00s)
=== CONT  TestObservePromptRepliesWithinDeadline
--- PASS: TestIngestRemoveDrainedWALRefusesHeldAndGrownSegments (0.03s)
=== CONT  TestScopedReuse_OffersASiblingWorktreesEliminationWithItsAttribution
--- PASS: TestStateCodec_WritesAtomicallyNotAppendOnly (0.21s)
=== CONT  TestInstallMCPOpRegistersOp
--- PASS: TestIngestHoldsWALAnswersForTheCurrentSegmentOnly (0.06s)
=== CONT  TestDrainRemovesClosedRotatedSegmentsAndKeepsTheHeldOne
--- PASS: TestHotModeTransitionWritesStateAndNAKs (0.13s)
=== CONT  TestBreachDetectorPartialWindowNeverCloses
--- PASS: TestBreachDetectorPartialWindowNeverCloses (0.00s)
=== CONT  TestDrainPassIsBoundedByItsOwnSnapshotOfAGrowingSpoolFile
--- PASS: TestObservePromptRepliesWithinDeadline (0.03s)
=== CONT  TestBreachDetectorObserveReportsClosedOnlyOnTheWindowBoundary
--- PASS: TestBreachDetectorObserveReportsClosedOnlyOnTheWindowBoundary (0.00s)
=== CONT  TestReadLock_UnparseableFileReportsNotOK
--- PASS: TestInstallMCPOpRegistersOp (0.01s)
=== CONT  TestBreachDetectorReset
--- PASS: TestBreachDetectorReset (0.00s)
=== CONT  TestReleaseIsIdempotent
--- PASS: TestConfigReloadDefersChunkChange (0.12s)
=== CONT  TestLockRefusesAfterReclaim
--- PASS: TestReadLock_UnparseableFileReportsNotOK (0.16s)
=== CONT  TestSketchSetSaveIsNoopWhenNotDirty
--- PASS: TestStateCodec_TurnListsCapped (0.41s)
=== CONT  TestHeartbeatUpdatesMtime
--- PASS: TestRuntime_ChangepointTurnsCapped (0.43s)
=== CONT  TestDrainDoesNotRemoveAWALThatGrewBeforeTheRemovalDecision
--- PASS: TestScopedReuse_OffersASiblingWorktreesEliminationWithItsAttribution (0.22s)
=== CONT  TestDaemonLogReachesTheConstructedDaemonsLogger
--- PASS: TestSketchSetSaveIsNoopWhenNotDirty (0.03s)
=== CONT  TestDrainKeepsTheWALOfASessionLiveByTrafficAlone
--- PASS: TestModeOffSkipsIngest (0.26s)
=== CONT  TestPrecompactDeadlineIsNestedInsideTheClientWait
--- PASS: TestPrecompactDeadlineIsNestedInsideTheClientWait (0.00s)
=== CONT  TestDrainKeepsTheWALTheIngestHoldsForAnUnregisteredSession
--- PASS: TestObservePrompt_StopAbandonsACaptureThatIgnoresCancellation (0.44s)
=== CONT  TestPrecompactDeadlineIsLeftUnsetWhenTheManifestDeclaresNoTimeout
=== RUN   TestPrecompactDeadlineIsLeftUnsetWhenTheManifestDeclaresNoTimeout/the_shipped_manifest's_20s
=== PAUSE TestPrecompactDeadlineIsLeftUnsetWhenTheManifestDeclaresNoTimeout/the_shipped_manifest's_20s
=== RUN   TestPrecompactDeadlineIsLeftUnsetWhenTheManifestDeclaresNoTimeout/an_unreadable_manifest_shape
=== PAUSE TestPrecompactDeadlineIsLeftUnsetWhenTheManifestDeclaresNoTimeout/an_unreadable_manifest_shape
=== RUN   TestPrecompactDeadlineIsLeftUnsetWhenTheManifestDeclaresNoTimeout/a_negative_timeout_is_just_as_unusable
=== PAUSE TestPrecompactDeadlineIsLeftUnsetWhenTheManifestDeclaresNoTimeout/a_negative_timeout_is_just_as_unusable
=== CONT  TestBackupWatchedFiles_NamesTheDeliveryStateThisPackageWrites
--- PASS: TestDaemonLogReachesTheConstructedDaemonsLogger (0.03s)
=== CONT  TestEnsureRunning_SpawnFailureReportsImmediately
--- PASS: TestReleaseIsIdempotent (0.22s)
=== CONT  TestPercentileDurationP99
--- PASS: TestPercentileDurationP99 (0.00s)
=== CONT  TestObservePrompt_ModeOffNeverInvokesTheSeam
=== CONT  TestBuildSpawnCommand_ShapesArgvAndSysProcAttr
--- PASS: TestObservePrompt_RecordingOutlivesTheReplyDeadline (0.32s)
--- PASS: TestBuildSpawnCommand_ShapesArgvAndSysProcAttr (0.00s)
=== CONT  TestSketchSet_CarriesAllFourStructures
--- PASS: TestSketchSet_CarriesAllFourStructures (0.01s)
--- PASS: TestDrainDoesNotForgetASegmentTheIngestHolds (0.37s)
=== CONT  TestBuildSpawnEnv_NoFaultEntryIsUnaffected
--- PASS: TestBuildSpawnEnv_NoFaultEntryIsUnaffected (0.00s)
=== CONT  TestNew_SucceedsWithNoServices
=== CONT  TestAcquireLockRaceWindowIsNotStale
--- PASS: TestEnsureRunning_SpawnFailureReportsImmediately (0.01s)
=== CONT  TestLiveLockNotReclaimed
--- PASS: TestObservePromptBlockingVariantTimesOut (0.28s)
=== CONT  TestBuildSpawnEnv_StripIsCaseInsensitive
--- PASS: TestBuildSpawnEnv_StripIsCaseInsensitive (0.00s)
=== CONT  TestStaleLockReclaimed
--- PASS: TestNew_SucceedsWithNoServices (0.02s)
=== CONT  TestBuildSpawnEnv_StripsFaultAddsProjectRoot
--- PASS: TestBuildSpawnEnv_StripsFaultAddsProjectRoot (0.00s)
=== CONT  TestAcquireLockExclusive
--- PASS: TestLockRefusesAfterReclaim (0.25s)
=== CONT  TestScopedReuse_UnobservedScopeWithholdsRatherThanMatching
--- PASS: TestHeartbeatUpdatesMtime (0.09s)
=== CONT  TestScopedReuse_DegradedDependencyCoverageWithholdsEverything
--- PASS: TestAcquireLockRaceWindowIsNotStale (0.06s)
=== CONT  TestSketchSetLoadToleratesStubSketchPackage
--- PASS: TestSketchSetLoadToleratesStubSketchPackage (0.04s)
=== CONT  TestRuntime_BurnRateEWMA
--- PASS: TestNAKDuplicateIsDedupedOnDrain (0.42s)
=== CONT  TestScopedReuse_ADisabledFeatureAndAnEmptyResultAreDifferent
--- PASS: TestLiveLockNotReclaimed (0.11s)
=== CONT  TestBreachDetectorTransitionsAfterThreeWindows
--- PASS: TestBreachDetectorTransitionsAfterThreeWindows (0.00s)
=== CONT  TestObservePrompt_PassiveModeInvokesSeamButEmitsNothing
--- PASS: TestDrainOfSpooledFlushLineDoesNotDeadlock (0.46s)
=== CONT  TestBreachDetectorRevertsAfterThreeCleanWindows
--- PASS: TestBreachDetectorRevertsAfterThreeCleanWindows (0.00s)
=== CONT  TestObserveStopSeamSeesTheRestoredAgentName
--- PASS: TestRuntime_BurnRateEWMA (0.02s)
=== CONT  TestBreachDetectorResetsOnCleanWindow
--- PASS: TestBreachDetectorResetsOnCleanWindow (0.00s)
=== CONT  TestLiveDispatchedLineIsNotRedispatchedByDrain
--- PASS: TestAcquireLockExclusive (0.12s)
=== CONT  TestRuntime_DeltaEWMA
--- PASS: TestRuntime_DeltaEWMA (0.03s)
=== CONT  TestAcceptWireLineWALsExactlyOneTerminator
--- PASS: TestStaleLockReclaimed (0.17s)
=== CONT  TestResolveEvent_RestoresRawExtras
=== RUN   TestResolveEvent_RestoresRawExtras/an_object_Raw_becomes_Extra
=== RUN   TestResolveEvent_RestoresRawExtras/a_nil_Event_still_gets_the_restored_keys
=== RUN   TestResolveEvent_RestoresRawExtras/no_Raw_leaves_Extra_nil
=== RUN   TestResolveEvent_RestoresRawExtras/a_JSON_null_leaves_Extra_nil
=== RUN   TestResolveEvent_RestoresRawExtras/a_JSON_array_is_not_an_object
=== RUN   TestResolveEvent_RestoresRawExtras/a_JSON_string_is_not_an_object
=== RUN   TestResolveEvent_RestoresRawExtras/malformed_Raw_is_ignored,_never_fatal
--- PASS: TestResolveEvent_RestoresRawExtras (0.00s)
    --- PASS: TestResolveEvent_RestoresRawExtras/an_object_Raw_becomes_Extra (0.00s)
    --- PASS: TestResolveEvent_RestoresRawExtras/a_nil_Event_still_gets_the_restored_keys (0.00s)
    --- PASS: TestResolveEvent_RestoresRawExtras/no_Raw_leaves_Extra_nil (0.00s)
    --- PASS: TestResolveEvent_RestoresRawExtras/a_JSON_null_leaves_Extra_nil (0.00s)
    --- PASS: TestResolveEvent_RestoresRawExtras/a_JSON_array_is_not_an_object (0.00s)
    --- PASS: TestResolveEvent_RestoresRawExtras/a_JSON_string_is_not_an_object (0.00s)
    --- PASS: TestResolveEvent_RestoresRawExtras/malformed_Raw_is_ignored,_never_fatal (0.00s)
=== CONT  TestClassifyDrop_AdaptsStoreRecord
--- PASS: TestClassifyDrop_AdaptsStoreRecord (0.00s)
=== CONT  TestHandlerPanicIsRecovered
--- PASS: TestObservePrompt_StopCancelsARecordingThatOutlivesItsGrace (0.54s)
=== CONT  TestFrontier_ResidualOverBudgetWarnsOnce
=== RUN   TestFrontier_ResidualOverBudgetWarnsOnce/nothing_to_encode
=== PAUSE TestFrontier_ResidualOverBudgetWarnsOnce/nothing_to_encode
=== RUN   TestFrontier_ResidualOverBudgetWarnsOnce/three-segment_backlog
=== PAUSE TestFrontier_ResidualOverBudgetWarnsOnce/three-segment_backlog
=== CONT  TestUnknownOpIsRefusedNotPanicked
--- PASS: TestHandlerPanicIsRecovered (0.01s)
=== CONT  TestFrontier_ResidualNeverNegative
--- PASS: TestObservePrompt_ModeOffNeverInvokesTheSeam (0.21s)
=== CONT  TestAdminPingAlwaysAnswersOK
--- PASS: TestUnknownOpIsRefusedNotPanicked (0.03s)
=== CONT  TestFrontier_ResidualRecomputed
--- PASS: TestObserveStopSeamSeesTheRestoredAgentName (0.08s)
=== CONT  TestIngestResolvesBlobsEndToEnd
--- PASS: TestFrontier_ResidualRecomputed (0.00s)
=== CONT  TestFrontier_CloseWritesRealSegmentTokens
--- PASS: TestObservePrompt_StopJoinsAnInFlightRecording (0.57s)
=== CONT  TestDrainSurvivesCorruptLine
--- PASS: TestDegradedPassiveSuppressesActingPaths (0.50s)
=== CONT  TestFrontier_DPIGuardPreservesOwnerOutcomeWithoutRetry
--- PASS: TestFrontier_DPIGuardPreservesOwnerOutcomeWithoutRetry (0.00s)
=== CONT  TestRecordHotPathSampleRejectsInvalidTS
--- PASS: TestScopedReuse_UnobservedScopeWithholdsRatherThanMatching (0.18s)
=== CONT  TestDrainResolvesBlobs
--- PASS: TestFrontier_ResidualNeverNegative (0.03s)
=== CONT  TestSessionStartResetsBreachDetectorForNewSession
--- PASS: TestRecordHotPathSampleRejectsInvalidTS (0.01s)
=== CONT  TestDrainResumesAfterCancel
--- PASS: TestAcceptWireLineWALsExactlyOneTerminator (0.09s)
=== CONT  TestSessionStartNeverWipesSentinelObserved
--- PASS: TestObservePrompt_PassiveModeInvokesSeamButEmitsNothing (0.16s)
=== CONT  TestMarkerIsWrittenByFlushAndCheckpointOnly
--- PASS: TestIngestResolvesBlobsEndToEnd (0.05s)
=== CONT  TestDrainIsIdempotent
--- PASS: TestAdminPingAlwaysAnswersOK (0.06s)
=== CONT  TestDrainPersistsAFileBeforeCleaningUpItsBlobs
--- PASS: TestDrainRemovesClosedRotatedSegmentsAndKeepsTheHeldOne (0.50s)
=== CONT  TestDrainKeepsLiveSessionWAL
--- PASS: TestScopedReuse_ADisabledFeatureAndAnEmptyResultAreDifferent (0.16s)
=== CONT  TestFrontier_AdvanceIdempotent
--- PASS: TestFrontier_AdvanceIdempotent (0.01s)
=== CONT  TestIngestWALRotates
--- PASS: TestScopedReuse_DegradedDependencyCoverageWithholdsEverything (0.23s)
=== CONT  TestRuntime_DeltaPtrNilUntilMeasured
--- PASS: TestRuntime_DeltaPtrNilUntilMeasured (0.02s)
=== CONT  TestFrontier_AdvanceNoWriterIsNoOp
--- PASS: TestFrontier_AdvanceNoWriterIsNoOp (0.04s)
=== CONT  TestIngestWALIsExactBytes
--- PASS: TestDrainKeepsTheWALOfASessionLiveByTrafficAlone (0.38s)
=== CONT  TestDrainKeepsProgressWhenItCannotPersistTheForgetting
--- PASS: TestDrainKeepsTheWALTheIngestHoldsForAnUnregisteredSession (0.38s)
=== CONT  TestFrontier_AdvanceCallsWriterWithClosedUnencodedOnly
--- PASS: TestFrontier_AdvanceCallsWriterWithClosedUnencodedOnly (0.02s)
=== CONT  TestIdleActPrefixRunsWhenMayAct
--- PASS: TestIdleActPrefixRunsWhenMayAct (0.00s)
=== CONT  TestFrontier_NoCloseWithoutCurrentSegment
--- PASS: TestDrainPassIsBoundedByItsOwnSnapshotOfAGrowingSpoolFile (0.61s)
=== CONT  TestDrainPersistsPerFileBeforeMovingOn
--- PASS: TestIngestWALRotates (0.10s)
=== CONT  TestIdleActPrefixSkippedWhenNotMayAct
--- PASS: TestIdleActPrefixSkippedWhenNotMayAct (0.00s)
=== CONT  TestDrainForgetsAFileAlreadyGoneAtItsRemoval
--- PASS: TestFrontier_NoCloseWithoutCurrentSegment (0.04s)
=== CONT  TestIdleRegisterReplacesInPlace
--- PASS: TestIdleRegisterReplacesInPlace (0.00s)
=== CONT  TestDrainForgetsReleasedProgressForMissingFilesBeforeReadingAny
--- PASS: TestIngestWALIsExactBytes (0.07s)
=== CONT  TestFrontier_CloseOnGitCommit
--- PASS: TestDrainSurvivesCorruptLine (0.20s)
=== CONT  TestFrontier_CloseOnTestPassed
--- PASS: TestLiveDispatchedLineIsNotRedispatchedByDrain (0.29s)
=== CONT  TestDrainStartupForgetsStaleProgressBeforeTheSessionRecreatesItsSegment
=== RUN   TestDrainStartupForgetsStaleProgressBeforeTheSessionRecreatesItsSegment/recreated_smaller
=== PAUSE TestDrainStartupForgetsStaleProgressBeforeTheSessionRecreatesItsSegment/recreated_smaller
=== RUN   TestDrainStartupForgetsStaleProgressBeforeTheSessionRecreatesItsSegment/recreated_at_the_same_size
=== PAUSE TestDrainStartupForgetsStaleProgressBeforeTheSessionRecreatesItsSegment/recreated_at_the_same_size
=== RUN   TestDrainStartupForgetsStaleProgressBeforeTheSessionRecreatesItsSegment/recreated_larger
=== PAUSE TestDrainStartupForgetsStaleProgressBeforeTheSessionRecreatesItsSegment/recreated_larger
=== CONT  TestFrontier_CloseOnTodoCompleted
--- PASS: TestSessionStartResetsBreachDetectorForNewSession (0.20s)
=== CONT  TestIsIdleUsesDetectAfterSeconds
--- PASS: TestIsIdleUsesDetectAfterSeconds (0.00s)
=== CONT  TestIdleTaskErrorIsNotFatal
--- PASS: TestIdleTaskErrorIsNotFatal (0.00s)
=== CONT  TestIdleTaskPanicIsolated
--- PASS: TestIdleTaskPanicIsolated (0.00s)
=== CONT  TestIdleRespectsBudget
--- PASS: TestFrontier_CloseOnGitCommit (0.01s)
=== CONT  TestFeaturesFrom_PathJaccard_EmptyUnionIsOne
--- PASS: TestFeaturesFrom_PathJaccard_EmptyUnionIsOne (0.00s)
=== CONT  TestIdleRunsByPriority
--- PASS: TestIdleRunsByPriority (0.00s)
=== CONT  TestWalSessionID
=== CONT  TestDrainNotesAStaleProgressOnceThenClears
=== CONT  TestFeaturesFrom_TodoTransition
=== CONT  TestFeaturesFrom_LexicalCohesionShingleCap
--- PASS: TestIdleRespectsBudget (0.00s)
--- PASS: TestWalSessionID (0.00s)
--- PASS: TestFeaturesFrom_TodoTransition (0.00s)
--- PASS: TestFrontier_CloseOnTodoCompleted (0.00s)
=== CONT  TestFeaturesFrom_WindowRoll
--- PASS: TestFrontier_CloseOnTestPassed (0.01s)
=== CONT  TestFeaturesFrom_GapSeconds
=== CONT  TestFeaturesFrom_ToolShiftTotalVariation
--- PASS: TestDrainResolvesBlobs (0.20s)
--- PASS: TestFeaturesFrom_GapSeconds (0.00s)
=== CONT  TestTrafficRegistrationLeavesHotSubmodeAndBreachDetectorAlone
--- PASS: TestFeaturesFrom_ToolShiftTotalVariation (0.00s)
=== CONT  TestReclaimableIndex_Empty
--- PASS: TestReclaimableIndex_Empty (0.00s)
=== CONT  TestWrapServices_MissingRecordCounted
--- PASS: TestWrapServices_MissingRecordCounted (0.00s)
=== CONT  TestAssemble_RecoversCrossingEdgesPanic
--- PASS: TestAssemble_RecoversCrossingEdgesPanic (0.00s)
=== CONT  TestNewSketchSet_ConstructsAllFour
--- PASS: TestNewSketchSet_ConstructsAllFour (0.00s)
=== CONT  TestSketchSetNeverWritesTriedBloom
--- PASS: TestServicesAllNil (0.79s)
=== CONT  TestWrapServices_PanicRecoveredOncePerSession
--- PASS: TestWrapServices_PanicRecoveredOncePerSession (0.01s)
=== CONT  TestWrapServices_NilRuntimeIsNoOp
--- PASS: TestWrapServices_NilRuntimeIsNoOp (0.00s)
=== CONT  TestWrapServices_SessionStartBindsAndSessionEndCloses
--- PASS: TestBackupWatchedFiles_NamesTheDeliveryStateThisPackageWrites (0.47s)
=== CONT  TestFeaturesFrom_PathJaccard
--- PASS: TestFeaturesFrom_PathJaccard (0.00s)
=== CONT  TestReclaimableIndex_ExcludesDropNone
--- PASS: TestReclaimableIndex_ExcludesDropNone (0.00s)
=== CONT  TestReclaimableIndex_SuffixSums
--- PASS: TestReclaimableIndex_SuffixSums (0.00s)
=== CONT  TestWrapServices_PromptSeamDoesNoStoreIO
--- PASS: TestFeaturesFrom_LexicalCohesionShingleCap (0.02s)
=== CONT  TestAssemble_TurnPosRebuiltWhenTurnAdvances
--- PASS: TestAssemble_TurnPosRebuiltWhenTurnAdvances (0.00s)
=== CONT  TestReclaimableIndex_MonotoneNonIncreasing_Property
    scheduler_droppable_test.go:87: [rapid] OK, passed 100 tests (6.109ms)
--- PASS: TestReclaimableIndex_MonotoneNonIncreasing_Property (0.01s)
=== CONT  TestAssemble_NilGraphReturnsNoCandidates
--- PASS: TestAssemble_NilGraphReturnsNoCandidates (0.00s)
=== CONT  TestAssemble_ReclaimableFromIndex
--- PASS: TestAssemble_ReclaimableFromIndex (0.00s)
=== CONT  TestAssemble_TurnPosCachedUntilTurnAdvances
--- PASS: TestAssemble_TurnPosCachedUntilTurnAdvances (0.00s)
=== CONT  TestAssemble_CapPrefersRoundBoundaries
--- PASS: TestAssemble_CapPrefersRoundBoundaries (0.00s)
=== CONT  TestAssemble_SkipsUnresolvableTurns
--- PASS: TestAssemble_SkipsUnresolvableTurns (0.00s)
=== CONT  TestAssemble_CapAt32KeepsHighestPos
--- PASS: TestAssemble_CapAt32KeepsHighestPos (0.00s)
=== CONT  TestAssemble_IntersectsChangepointsAndRounds
--- PASS: TestAssemble_IntersectsChangepointsAndRounds (0.00s)
=== CONT  TestIdleFrontierSkippedCounted
--- PASS: TestFeaturesFrom_WindowRoll (0.05s)
=== CONT  TestRuntime_WindowResolutionLadder
=== RUN   TestRuntime_WindowResolutionLadder/autocompact
=== PAUSE TestRuntime_WindowResolutionLadder/autocompact
=== RUN   TestRuntime_WindowResolutionLadder/override
=== PAUSE TestRuntime_WindowResolutionLadder/override
=== RUN   TestRuntime_WindowResolutionLadder/host_default
=== PAUSE TestRuntime_WindowResolutionLadder/host_default
=== RUN   TestRuntime_WindowResolutionLadder/autocompact_below_range_clamped
=== PAUSE TestRuntime_WindowResolutionLadder/autocompact_below_range_clamped
=== RUN   TestRuntime_WindowResolutionLadder/autocompact_above_range_clamped
=== PAUSE TestRuntime_WindowResolutionLadder/autocompact_above_range_clamped
=== RUN   TestRuntime_WindowResolutionLadder/autocompact_garbage_falls_through
=== PAUSE TestRuntime_WindowResolutionLadder/autocompact_garbage_falls_through
=== RUN   TestRuntime_WindowResolutionLadder/autocompact_empty_falls_through
=== PAUSE TestRuntime_WindowResolutionLadder/autocompact_empty_falls_through
=== RUN   TestRuntime_WindowResolutionLadder/autocompact_zero_falls_through
=== PAUSE TestRuntime_WindowResolutionLadder/autocompact_zero_falls_through
=== RUN   TestRuntime_WindowResolutionLadder/autocompact_negative_falls_through
=== PAUSE TestRuntime_WindowResolutionLadder/autocompact_negative_falls_through
=== RUN   TestRuntime_WindowResolutionLadder/autocompact_outranks_override
=== PAUSE TestRuntime_WindowResolutionLadder/autocompact_outranks_override
=== RUN   TestRuntime_WindowResolutionLadder/override_without_max_output_uses_host_default_output
=== PAUSE TestRuntime_WindowResolutionLadder/override_without_max_output_uses_host_default_output
=== RUN   TestRuntime_WindowResolutionLadder/override_leaving_no_window_falls_through_to_host_default
=== PAUSE TestRuntime_WindowResolutionLadder/override_leaving_no_window_falls_through_to_host_default
=== CONT  TestDrainKeepsCleanupIntentsForAFileDeletedAfterTheListing
--- PASS: TestDrainDoesNotRemoveAWALThatGrewBeforeTheRemovalDecision (0.52s)
=== CONT  TestRuntime_NotifyActivitySetsAPICallClock
--- PASS: TestWrapServices_PromptSeamDoesNoStoreIO (0.04s)
=== CONT  TestFrontier_VerifyEvidenceStopsOnCancellation
--- PASS: TestRuntime_NotifyActivitySetsAPICallClock (0.01s)
=== CONT  TestDrainRejectsMismatchedProgressBeforePruningIt
--- PASS: TestFrontier_VerifyEvidenceStopsOnCancellation (0.01s)
=== CONT  TestIdleRefreshesDecisionOncePerPass
--- PASS: TestDrainKeepsLiveSessionWAL (0.22s)
=== CONT  TestRegistryTouchRegistersTrafficFromAnUnseenSession
--- PASS: TestRegistryTouchRegistersTrafficFromAnUnseenSession (0.00s)
=== CONT  TestIdleTaskInertBeforeSessionBind
--- PASS: TestIdleTaskInertBeforeSessionBind (0.02s)
=== CONT  TestIdleExitWaitsForAnUnregisteredSessionThatKeepsSendingTraffic
=== RUN   TestIdleExitWaitsForAnUnregisteredSessionThatKeepsSendingTraffic/abandoned
=== PAUSE TestIdleExitWaitsForAnUnregisteredSessionThatKeepsSendingTraffic/abandoned
=== RUN   TestIdleExitWaitsForAnUnregisteredSessionThatKeepsSendingTraffic/ended
=== PAUSE TestIdleExitWaitsForAnUnregisteredSessionThatKeepsSendingTraffic/ended
=== CONT  TestIdleWorkBindsDaemon
--- PASS: TestFrontier_CloseWritesRealSegmentTokens (0.31s)
=== CONT  TestRuntime_EvaluateProducesDecision
--- PASS: TestDrainIsIdempotent (0.25s)
=== CONT  TestRegistryTouchRevivesAnAbandonedSessionButNotAnEndedOne
--- PASS: TestRegistryTouchRevivesAnAbandonedSessionButNotAnEndedOne (0.00s)
=== CONT  TestIdleActingTaskSkippedInDegradedPassive
--- PASS: TestIdleWorkBindsDaemon (0.01s)
=== CONT  TestIdleTasksRegistered
--- PASS: TestDegradedPassiveStillRecords (0.82s)
=== CONT  TestRuntime_ObserveNoOpWhenAdvanceOnSegmentCloseFalse
--- PASS: TestSessionStartNeverWipesSentinelObserved (0.26s)
=== CONT  TestResolveBlob_NonBlobRawIsUntouched
--- PASS: TestSketchSetNeverWritesTriedBloom (0.11s)
=== CONT  TestRegistryTouchAndEnd
--- PASS: TestRegistryTouchAndEnd (0.00s)
=== CONT  TestSessionRegistry_IsLive
--- PASS: TestSessionRegistry_IsLive (0.00s)
=== CONT  TestResolveBlob_RefusesPathTraversal
=== CONT  TestRegistryEnsureUpdatesSourceAndTranscript
=== CONT  TestRuntime_ContextTokensFromSegments
--- PASS: TestResolveBlob_NonBlobRawIsUntouched (0.00s)
--- PASS: TestRegistryEnsureUpdatesSourceAndTranscript (0.00s)
=== RUN   TestResolveBlob_RefusesPathTraversal/parent-traversal
=== CONT  TestResolveBlob_RestoresAndDeletes
--- PASS: TestDrainRejectsMismatchedProgressBeforePruningIt (0.05s)
=== RUN   TestResolveBlob_RefusesPathTraversal/nested-traversal
--- PASS: TestRuntime_EvaluateProducesDecision (0.02s)
=== CONT  TestResolveWindow_HostVariables
=== RUN   TestResolveWindow_HostVariables/disable_compact_caps_urgency_at_advisory
=== PAUSE TestResolveWindow_HostVariables/disable_compact_caps_urgency_at_advisory
=== RUN   TestResolveWindow_HostVariables/hard_ceiling_without_disable_compact_is_urgency_now
=== PAUSE TestResolveWindow_HostVariables/hard_ceiling_without_disable_compact_is_urgency_now
=== RUN   TestResolveWindow_HostVariables/max_context_tokens_outranks_host_default
=== PAUSE TestResolveWindow_HostVariables/max_context_tokens_outranks_host_default
=== RUN   TestResolveWindow_HostVariables/max_context_tokens_does_not_outrank_autocompact
=== PAUSE TestResolveWindow_HostVariables/max_context_tokens_does_not_outrank_autocompact
=== RUN   TestResolveWindow_HostVariables/max_context_tokens_is_clamped_to_range
=== PAUSE TestResolveWindow_HostVariables/max_context_tokens_is_clamped_to_range
=== RUN   TestResolveWindow_HostVariables/disable_1m_context_without_a_clamp_stamps_nothing
=== PAUSE TestResolveWindow_HostVariables/disable_1m_context_without_a_clamp_stamps_nothing
=== RUN   TestResolveWindow_HostVariables/disable_1m_context_clamps_after_every_rung
=== PAUSE TestResolveWindow_HostVariables/disable_1m_context_clamps_after_every_rung
=== RUN   TestResolveWindow_HostVariables/disable_1m_context_clamps_the_autocompact_rung_too
=== PAUSE TestResolveWindow_HostVariables/disable_1m_context_clamps_the_autocompact_rung_too
=== RUN   TestResolveWindow_HostVariables/unknown_model_enforcement_off_is_advisory_with_a_normal_window
=== PAUSE TestResolveWindow_HostVariables/unknown_model_enforcement_off_is_advisory_with_a_normal_window
=== RUN   TestResolveWindow_HostVariables/falsy_spellings_do_not_bind
=== PAUSE TestResolveWindow_HostVariables/falsy_spellings_do_not_bind
=== CONT  TestEndAbandonedEndsOnlySilentLiveSessions
--- PASS: TestEndAbandonedEndsOnlySilentLiveSessions (0.00s)
=== CONT  TestRuntime_ObserveDeclaresAndRecordsChangepoint
=== RUN   TestResolveBlob_RefusesPathTraversal/absolute-path
=== RUN   TestResolveBlob_RefusesPathTraversal/missing-prefix
--- PASS: TestIdleTasksRegistered (0.03s)
=== CONT  TestRegistryEvictsEndedOverMax
--- PASS: TestRegistryEvictsEndedOverMax (0.00s)
=== CONT  TestRegistryNewSessionResetsHotMode
--- PASS: TestRegistryNewSessionResetsHotMode (0.00s)
=== CONT  TestRegistrySetMaxSessionsRejectsNonPositive
--- PASS: TestRegistrySetMaxSessionsRejectsNonPositive (0.00s)
=== CONT  TestIdleTaskRebuildBloomSkippedWhenLedgerNil
--- PASS: TestRuntime_ContextTokensFromSegments (0.02s)
=== CONT  TestWrapServices_BoundarySignalsCloseSegment
--- PASS: TestRuntime_ObserveNoOpWhenAdvanceOnSegmentCloseFalse (0.03s)
=== CONT  TestIdleTaskGCPassesRemainingDeadline
--- PASS: TestDrainResumesAfterCancel (0.33s)
=== CONT  TestIdleTasksOffWhenBackgroundWorkFalse
--- PASS: TestResolveBlob_RefusesPathTraversal (0.03s)
    --- PASS: TestResolveBlob_RefusesPathTraversal/parent-traversal (0.00s)
    --- PASS: TestResolveBlob_RefusesPathTraversal/nested-traversal (0.00s)
    --- PASS: TestResolveBlob_RefusesPathTraversal/absolute-path (0.00s)
    --- PASS: TestResolveBlob_RefusesPathTraversal/missing-prefix (0.00s)
=== CONT  TestFrontier_AdvanceRefusesInFlightEvidence
--- PASS: TestDrainPersistsAFileBeforeCleaningUpItsBlobs (0.29s)
=== CONT  TestRegistryAllLiveOverMaxKeepsAll
--- PASS: TestRegistryAllLiveOverMaxKeepsAll (0.00s)
=== CONT  TestAssemble_CouplingRecomputedEveryCall
--- PASS: TestAssemble_CouplingRecomputedEveryCall (0.00s)
=== CONT  TestFrontier_SegmentLogFailureLeavesTheFrontierUnchanged
--- PASS: TestRuntime_ObserveDeclaresAndRecordsChangepoint (0.03s)
=== CONT  TestFrontier_AdvanceRefusesUnreadableEvidence
--- PASS: TestIdleActingTaskSkippedInDegradedPassive (0.06s)
--- PASS: TestDrainNotesAStaleProgressOnceThenClears (0.16s)
=== CONT  TestWrapServices_ObserveStopRecordsRoundBoundary
=== CONT  TestIdleTaskGatedByDecisionBackground
--- PASS: TestWrapServices_BoundarySignalsCloseSegment (0.02s)
=== CONT  TestSessionRegistry_IsLiveConcurrentWithEndIsRaceFree
--- PASS: TestSessionRegistry_IsLiveConcurrentWithEndIsRaceFree (0.00s)
=== CONT  TestNewSchedulerRuntime_EmptySessionIsLegal
--- PASS: TestIdleTaskGCPassesRemainingDeadline (0.02s)
=== CONT  TestFrontier_VerifyEvidenceStepsOverAnAlreadyEncodedNeighbour
--- PASS: TestResolveBlob_RestoresAndDeletes (0.04s)
=== CONT  TestFrontier_AdvanceHonoursCancellation
--- PASS: TestTrafficRegistrationLeavesHotSubmodeAndBreachDetectorAlone (0.16s)
=== CONT  TestAssemble_CouplingFromCrossingEdges
--- PASS: TestAssemble_CouplingFromCrossingEdges (0.00s)
=== CONT  TestRuntime_PersistRoundTrip
--- PASS: TestIdleTaskRebuildBloomSkippedWhenLedgerNil (0.03s)
=== CONT  TestObserveScope_NothingFailsAndEveryGapIsNamed/no_git_at_all
--- PASS: TestFrontier_AdvanceRefusesInFlightEvidence (0.02s)
--- PASS: TestIdleTasksOffWhenBackgroundWorkFalse (0.02s)
=== CONT  TestObserveScope_NothingFailsAndEveryGapIsNamed/a_branch_with_no_commit_yet
=== CONT  TestObserveScope_NothingFailsAndEveryGapIsNamed/a_.git_file_that_is_not_a_gitdir_pointer
--- PASS: TestFrontier_SegmentLogFailureLeavesTheFrontierUnchanged (0.02s)
=== CONT  TestObserveScope_NothingFailsAndEveryGapIsNamed/a_dangling_worktree_gitdir
--- PASS: TestFrontier_AdvanceRefusesUnreadableEvidence (0.02s)
=== CONT  TestObserveScope_NothingFailsAndEveryGapIsNamed/unreadable_HEAD
--- PASS: TestDrainKeepsProgressWhenItCannotPersistTheForgetting (0.25s)
=== CONT  TestObserveScope_NothingFailsAndEveryGapIsNamed/no_session_id
--- PASS: TestWrapServices_ObserveStopRecordsRoundBoundary (0.02s)
=== CONT  TestDrainRestoresProgressWhenItDoesNotRemoveTheFile/the_ingest_refuses_a_segment_reopened_after_the_drain_asked
--- PASS: TestWrapServices_SessionStartBindsAndSessionEndCloses (0.16s)
=== CONT  TestDrainRestoresProgressWhenItDoesNotRemoveTheFile/the_unlink_fails
--- PASS: TestFrontier_VerifyEvidenceStepsOverAnAlreadyEncodedNeighbour (0.02s)
=== CONT  TestDrainCrashAtTheUnlinkLeavesNoProgressForARecreatedSegment/recreated_smaller
=== CONT  TestDrainCrashAtTheUnlinkLeavesNoProgressForARecreatedSegment/recreated_larger
--- PASS: TestNewSchedulerRuntime_EmptySessionIsLegal (0.02s)
=== CONT  TestDrainCrashAtTheUnlinkLeavesNoProgressForARecreatedSegment/recreated_at_the_same_size
--- PASS: TestFrontier_AdvanceHonoursCancellation (0.02s)
=== CONT  TestDrainForgetsAFileDurablyBeforeUnlinkingIt/read_to_its_end_by_the_same_pass
=== CONT  TestDrainForgetsAFileDurablyBeforeUnlinkingIt/finished_by_an_earlier_pass
=== CONT  TestPrecompactDeadlineIsLeftUnsetWhenTheManifestDeclaresNoTimeout/the_shipped_manifest's_20s
=== CONT  TestPrecompactDeadlineIsLeftUnsetWhenTheManifestDeclaresNoTimeout/a_negative_timeout_is_just_as_unusable
=== CONT  TestPrecompactDeadlineIsLeftUnsetWhenTheManifestDeclaresNoTimeout/an_unreadable_manifest_shape
--- PASS: TestPrecompactDeadlineIsLeftUnsetWhenTheManifestDeclaresNoTimeout (0.00s)
    --- PASS: TestPrecompactDeadlineIsLeftUnsetWhenTheManifestDeclaresNoTimeout/the_shipped_manifest's_20s (0.00s)
    --- PASS: TestPrecompactDeadlineIsLeftUnsetWhenTheManifestDeclaresNoTimeout/a_negative_timeout_is_just_as_unusable (0.00s)
    --- PASS: TestPrecompactDeadlineIsLeftUnsetWhenTheManifestDeclaresNoTimeout/an_unreadable_manifest_shape (0.00s)
=== CONT  TestFrontier_ResidualOverBudgetWarnsOnce/nothing_to_encode
=== CONT  TestFrontier_ResidualOverBudgetWarnsOnce/three-segment_backlog
=== CONT  TestDrainStartupForgetsStaleProgressBeforeTheSessionRecreatesItsSegment/recreated_smaller
--- PASS: TestObserveScope_NothingFailsAndEveryGapIsNamed (0.00s)
    --- PASS: TestObserveScope_NothingFailsAndEveryGapIsNamed/no_git_at_all (0.02s)
    --- PASS: TestObserveScope_NothingFailsAndEveryGapIsNamed/a_.git_file_that_is_not_a_gitdir_pointer (0.03s)
    --- PASS: TestObserveScope_NothingFailsAndEveryGapIsNamed/unreadable_HEAD (0.03s)
    --- PASS: TestObserveScope_NothingFailsAndEveryGapIsNamed/a_branch_with_no_commit_yet (0.06s)
    --- PASS: TestObserveScope_NothingFailsAndEveryGapIsNamed/a_dangling_worktree_gitdir (0.05s)
    --- PASS: TestObserveScope_NothingFailsAndEveryGapIsNamed/no_session_id (0.05s)
=== CONT  TestDrainStartupForgetsStaleProgressBeforeTheSessionRecreatesItsSegment/recreated_larger
=== CONT  TestDrainStartupForgetsStaleProgressBeforeTheSessionRecreatesItsSegment/recreated_at_the_same_size
--- PASS: TestStragglerAfterSessionEndIsNotLostWithItsReopenedSegment (0.92s)
=== CONT  TestRuntime_WindowResolutionLadder/autocompact
=== CONT  TestRuntime_WindowResolutionLadder/autocompact_zero_falls_through
=== CONT  TestRuntime_WindowResolutionLadder/autocompact_empty_falls_through
--- PASS: TestFrontier_ResidualOverBudgetWarnsOnce (0.00s)
    --- PASS: TestFrontier_ResidualOverBudgetWarnsOnce/three-segment_backlog (0.00s)
    --- PASS: TestFrontier_ResidualOverBudgetWarnsOnce/nothing_to_encode (0.04s)
--- PASS: TestIdleTaskGatedByDecisionBackground (0.08s)
=== CONT  TestRuntime_WindowResolutionLadder/autocompact_garbage_falls_through
=== CONT  TestRuntime_WindowResolutionLadder/autocompact_above_range_clamped
=== CONT  TestRuntime_WindowResolutionLadder/autocompact_below_range_clamped
=== CONT  TestRuntime_WindowResolutionLadder/host_default
=== CONT  TestRuntime_WindowResolutionLadder/override
=== CONT  TestRuntime_WindowResolutionLadder/override_leaving_no_window_falls_through_to_host_default
--- PASS: TestIdleRefreshesDecisionOncePerPass (0.19s)
=== CONT  TestRuntime_WindowResolutionLadder/autocompact_negative_falls_through
=== CONT  TestRuntime_WindowResolutionLadder/override_without_max_output_uses_host_default_output
=== CONT  TestRuntime_WindowResolutionLadder/autocompact_outranks_override
=== CONT  TestIdleExitWaitsForAnUnregisteredSessionThatKeepsSendingTraffic/abandoned
=== CONT  TestIdleExitWaitsForAnUnregisteredSessionThatKeepsSendingTraffic/ended
=== CONT  TestResolveWindow_HostVariables/disable_compact_caps_urgency_at_advisory
--- PASS: TestRuntime_WindowResolutionLadder (0.00s)
    --- PASS: TestRuntime_WindowResolutionLadder/autocompact (0.01s)
    --- PASS: TestRuntime_WindowResolutionLadder/autocompact_zero_falls_through (0.00s)
    --- PASS: TestRuntime_WindowResolutionLadder/autocompact_garbage_falls_through (0.01s)
    --- PASS: TestRuntime_WindowResolutionLadder/autocompact_above_range_clamped (0.01s)
    --- PASS: TestRuntime_WindowResolutionLadder/autocompact_empty_falls_through (0.02s)
    --- PASS: TestRuntime_WindowResolutionLadder/autocompact_below_range_clamped (0.01s)
    --- PASS: TestRuntime_WindowResolutionLadder/host_default (0.00s)
    --- PASS: TestRuntime_WindowResolutionLadder/override (0.01s)
    --- PASS: TestRuntime_WindowResolutionLadder/autocompact_negative_falls_through (0.00s)
    --- PASS: TestRuntime_WindowResolutionLadder/override_leaving_no_window_falls_through_to_host_default (0.00s)
    --- PASS: TestRuntime_WindowResolutionLadder/override_without_max_output_uses_host_default_output (0.00s)
    --- PASS: TestRuntime_WindowResolutionLadder/autocompact_outranks_override (0.00s)
=== CONT  TestResolveWindow_HostVariables/disable_1m_context_without_a_clamp_stamps_nothing
--- PASS: TestDrainPersistsPerFileBeforeMovingOn (0.31s)
=== CONT  TestResolveWindow_HostVariables/falsy_spellings_do_not_bind
=== CONT  TestResolveWindow_HostVariables/unknown_model_enforcement_off_is_advisory_with_a_normal_window
=== CONT  TestResolveWindow_HostVariables/disable_1m_context_clamps_the_autocompact_rung_too
=== CONT  TestResolveWindow_HostVariables/disable_1m_context_clamps_after_every_rung
=== CONT  TestResolveWindow_HostVariables/max_context_tokens_does_not_outrank_autocompact
=== CONT  TestResolveWindow_HostVariables/max_context_tokens_is_clamped_to_range
=== CONT  TestResolveWindow_HostVariables/max_context_tokens_outranks_host_default
--- PASS: TestDrainForgetsAFileAlreadyGoneAtItsRemoval (0.37s)
=== CONT  TestResolveWindow_HostVariables/hard_ceiling_without_disable_compact_is_urgency_now
--- PASS: TestRuntime_PersistRoundTrip (0.17s)
--- PASS: TestResolveWindow_HostVariables (0.00s)
    --- PASS: TestResolveWindow_HostVariables/disable_compact_caps_urgency_at_advisory (0.00s)
    --- PASS: TestResolveWindow_HostVariables/disable_1m_context_without_a_clamp_stamps_nothing (0.01s)
    --- PASS: TestResolveWindow_HostVariables/unknown_model_enforcement_off_is_advisory_with_a_normal_window (0.00s)
    --- PASS: TestResolveWindow_HostVariables/disable_1m_context_clamps_the_autocompact_rung_too (0.00s)
    --- PASS: TestResolveWindow_HostVariables/disable_1m_context_clamps_after_every_rung (0.00s)
    --- PASS: TestResolveWindow_HostVariables/max_context_tokens_does_not_outrank_autocompact (0.02s)
    --- PASS: TestResolveWindow_HostVariables/max_context_tokens_outranks_host_default (0.04s)
    --- PASS: TestResolveWindow_HostVariables/falsy_spellings_do_not_bind (0.07s)
    --- PASS: TestResolveWindow_HostVariables/max_context_tokens_is_clamped_to_range (0.06s)
    --- PASS: TestResolveWindow_HostVariables/hard_ceiling_without_disable_compact_is_urgency_now (0.00s)
--- PASS: TestDrainForgetsReleasedProgressForMissingFilesBeforeReadingAny (0.36s)
--- PASS: TestMarkerIsWrittenByFlushAndCheckpointOnly (0.50s)
--- PASS: TestDrainKeepsCleanupIntentsForAFileDeletedAfterTheListing (0.31s)
--- PASS: TestDrainForgetsAFileDurablyBeforeUnlinkingIt (0.00s)
    --- PASS: TestDrainForgetsAFileDurablyBeforeUnlinkingIt/read_to_its_end_by_the_same_pass (0.22s)
    --- PASS: TestDrainForgetsAFileDurablyBeforeUnlinkingIt/finished_by_an_earlier_pass (0.24s)
--- PASS: TestIdleExitWaitsForAnUnregisteredSessionThatKeepsSendingTraffic (0.00s)
    --- PASS: TestIdleExitWaitsForAnUnregisteredSessionThatKeepsSendingTraffic/abandoned (0.08s)
    --- PASS: TestIdleExitWaitsForAnUnregisteredSessionThatKeepsSendingTraffic/ended (0.25s)
--- PASS: TestIdleFrontierSkippedCounted (0.49s)
--- PASS: TestDrainCrashAtTheUnlinkLeavesNoProgressForARecreatedSegment (0.00s)
    --- PASS: TestDrainCrashAtTheUnlinkLeavesNoProgressForARecreatedSegment/recreated_smaller (0.33s)
    --- PASS: TestDrainCrashAtTheUnlinkLeavesNoProgressForARecreatedSegment/recreated_larger (0.34s)
    --- PASS: TestDrainCrashAtTheUnlinkLeavesNoProgressForARecreatedSegment/recreated_at_the_same_size (0.35s)
--- PASS: TestDrainRestoresProgressWhenItDoesNotRemoveTheFile (0.00s)
    --- PASS: TestDrainRestoresProgressWhenItDoesNotRemoveTheFile/the_ingest_refuses_a_segment_reopened_after_the_drain_asked (0.39s)
    --- PASS: TestDrainRestoresProgressWhenItDoesNotRemoveTheFile/the_unlink_fails (0.40s)
--- PASS: TestDrainStartupForgetsStaleProgressBeforeTheSessionRecreatesItsSegment (0.00s)
    --- PASS: TestDrainStartupForgetsStaleProgressBeforeTheSessionRecreatesItsSegment/recreated_smaller (0.35s)
    --- PASS: TestDrainStartupForgetsStaleProgressBeforeTheSessionRecreatesItsSegment/recreated_at_the_same_size (0.36s)
    --- PASS: TestDrainStartupForgetsStaleProgressBeforeTheSessionRecreatesItsSegment/recreated_larger (0.39s)
--- PASS: TestRuntime_ConcurrentObserveEvaluatePersist (1.95s)
=== RUN   FuzzDeliverySealSelect
=== RUN   FuzzDeliverySealSelect/seed#0
=== RUN   FuzzDeliverySealSelect/seed#1
=== RUN   FuzzDeliverySealSelect/seed#2
=== RUN   FuzzDeliverySealSelect/seed#3
=== RUN   FuzzDeliverySealSelect/seed#4
=== RUN   FuzzDeliverySealSelect/seed#5
=== RUN   FuzzDeliverySealSelect/seed#6
=== RUN   FuzzDeliverySealSelect/seed#7
=== RUN   FuzzDeliverySealSelect/seed#8
=== RUN   FuzzDeliverySealSelect/seed#9
--- PASS: FuzzDeliverySealSelect (0.00s)
    --- PASS: FuzzDeliverySealSelect/seed#0 (0.00s)
    --- PASS: FuzzDeliverySealSelect/seed#1 (0.00s)
    --- PASS: FuzzDeliverySealSelect/seed#2 (0.00s)
    --- PASS: FuzzDeliverySealSelect/seed#3 (0.00s)
    --- PASS: FuzzDeliverySealSelect/seed#4 (0.00s)
    --- PASS: FuzzDeliverySealSelect/seed#5 (0.00s)
    --- PASS: FuzzDeliverySealSelect/seed#6 (0.00s)
    --- PASS: FuzzDeliverySealSelect/seed#7 (0.00s)
    --- PASS: FuzzDeliverySealSelect/seed#8 (0.00s)
    --- PASS: FuzzDeliverySealSelect/seed#9 (0.00s)
PASS
ok  	github.com/qompack/qompack/internal/daemon	609.150s
exit=0
