=== RUN   TestDrainOfSpooledFlushLineDoesNotDeadlock
=== PAUSE TestDrainOfSpooledFlushLineDoesNotDeadlock
=== RUN   TestStartupDrainOfSpooledFlushLineDoesNotWedgeRun
--- PASS: TestStartupDrainOfSpooledFlushLineDoesNotWedgeRun (0.41s)
=== RUN   TestMarkerIsWrittenByFlushAndCheckpointOnly
=== PAUSE TestMarkerIsWrittenByFlushAndCheckpointOnly
=== RUN   TestDeliveryOrder_LiveSameSessionArrivalsPublishWithoutDrain
--- PASS: TestDeliveryOrder_LiveSameSessionArrivalsPublishWithoutDrain (10.31s)
=== RUN   TestDeliveryOrder_LiveReversedRingOrderPublishesWithoutDrain
--- PASS: TestDeliveryOrder_LiveReversedRingOrderPublishesWithoutDrain (1.13s)
=== RUN   TestDeliveryOrder_LiveOtherSessionsAreNotSerialized
--- PASS: TestDeliveryOrder_LiveOtherSessionsAreNotSerialized (0.94s)
=== RUN   TestDeliveryOrder_DrainReleaseWakesParkedLiveSuccessor
--- PASS: TestDeliveryOrder_DrainReleaseWakesParkedLiveSuccessor (1.16s)
=== RUN   TestDeliveryOrder_LiveLanesAreBoundedAndOverflowIsLeftForTheDrain
--- PASS: TestDeliveryOrder_LiveLanesAreBoundedAndOverflowIsLeftForTheDrain (2.41s)
=== RUN   TestDeliveryOrder_LiveFailedHeadIsRetriedByTheNextArrivalNotSpun
--- PASS: TestDeliveryOrder_LiveFailedHeadIsRetriedByTheNextArrivalNotSpun (1.28s)
=== RUN   TestDispatchLanes_SignalsKeepTheOwnerFromParkingOnAStaleView
--- PASS: TestDispatchLanes_SignalsKeepTheOwnerFromParkingOnAStaleView (0.00s)
=== RUN   TestDeliveryOrder_DrainReleasesSessionsOnlyAfterItsPass
--- PASS: TestDeliveryOrder_DrainReleasesSessionsOnlyAfterItsPass (2.68s)
=== RUN   TestDeliveryOrder_FlushSettlesQueuedSessionEventsBeforeSessionEnd
--- PASS: TestDeliveryOrder_FlushSettlesQueuedSessionEventsBeforeSessionEnd (5.67s)
=== RUN   TestDeliveryOrder_FlushDrainsAParkedSessionBeforeSessionEnd
--- PASS: TestDeliveryOrder_FlushDrainsAParkedSessionBeforeSessionEnd (4.55s)
=== RUN   TestDeliveryOrder_FlushThatCannotSettleSaysSoAndLosesNothing
--- PASS: TestDeliveryOrder_FlushThatCannotSettleSaysSoAndLosesNothing (2.39s)
=== RUN   TestDeliveryOrder_PredecessorsAcknowledgedGate
--- PASS: TestDeliveryOrder_PredecessorsAcknowledgedGate (0.45s)
=== RUN   TestDeliveryOrder_DrainReversedWALvsLeaseOrder
--- PASS: TestDeliveryOrder_DrainReversedWALvsLeaseOrder (1.09s)
=== RUN   TestDeliveryOrder_UnreadableFrontierFailsClosed
--- PASS: TestDeliveryOrder_UnreadableFrontierFailsClosed (0.34s)
=== RUN   TestDeliveryOrder_MissingJournalGetterFailsClosed
--- PASS: TestDeliveryOrder_MissingJournalGetterFailsClosed (0.11s)
=== RUN   TestDeliveryOrder_UnreadableFrontierNoPublication
--- PASS: TestDeliveryOrder_UnreadableFrontierNoPublication (0.36s)
=== RUN   TestDeliveryOrder_DrainReversedPrefixBeyondBufferBoundDoesNotWedge
--- PASS: TestDeliveryOrder_DrainReversedPrefixBeyondBufferBoundDoesNotWedge (86.33s)
=== RUN   TestDeliveryOrder_DrainOrdersPerSessionIndependently
--- PASS: TestDeliveryOrder_DrainOrdersPerSessionIndependently (2.76s)
=== RUN   TestDeliveryOrder_DrainCancellationPreservesUnconsumed
--- PASS: TestDeliveryOrder_DrainCancellationPreservesUnconsumed (0.59s)
=== RUN   TestDeliveryOrder_LeasedDenyOnRetryPreservedPending
--- PASS: TestDeliveryOrder_LeasedDenyOnRetryPreservedPending (0.73s)
=== RUN   TestDrainAdmitsAndAcknowledgesInheritedRecords
--- PASS: TestDrainAdmitsAndAcknowledgesInheritedRecords (0.44s)
=== RUN   TestDrainReportsGapsInsteadOfSilentCompleteness
--- PASS: TestDrainReportsGapsInsteadOfSilentCompleteness (0.17s)
=== RUN   TestSessionEndRecordsRecoveryNeeded
--- PASS: TestSessionEndRecordsRecoveryNeeded (0.56s)
=== RUN   TestDeliveryTerminal_ArchivedDenialSettlesOrderingWithoutCaptureAck
--- PASS: TestDeliveryTerminal_ArchivedDenialSettlesOrderingWithoutCaptureAck (1.86s)
=== RUN   TestDeliveryTerminal_RotationDefersDispositionWithoutDeadlock
--- PASS: TestDeliveryTerminal_RotationDefersDispositionWithoutDeadlock (0.79s)
=== RUN   TestDeliveryTerminal_DrainAfterPhysicalScopeChanges
    delivery_terminal_integration_test.go:45: directory symlink unavailable: symlink C:\Users\Quant\AppData\Local\Temp\TestDeliveryTerminal_DrainAfterPhysicalScopeChanges2315505098\002 C:\Users\Quant\AppData\Local\Temp\TestDeliveryTerminal_DrainAfterPhysicalScopeChanges2315505098\001\allowed: A required privilege is not held by the client.
--- SKIP: TestDeliveryTerminal_DrainAfterPhysicalScopeChanges (0.37s)
=== RUN   TestDeliveryTerminal_RetirementBeforeOffsetSurvivesRestart
--- PASS: TestDeliveryTerminal_RetirementBeforeOffsetSurvivesRestart (1.09s)
=== RUN   TestDeliveryTerminal_UnprovedPolicyAndUnavailableJournalRemainPending
=== RUN   TestDeliveryTerminal_UnprovedPolicyAndUnavailableJournalRemainPending/policy_unavailable
=== RUN   TestDeliveryTerminal_UnprovedPolicyAndUnavailableJournalRemainPending/journal_unavailable
=== RUN   TestDeliveryTerminal_UnprovedPolicyAndUnavailableJournalRemainPending/binding_conflict
--- PASS: TestDeliveryTerminal_UnprovedPolicyAndUnavailableJournalRemainPending (1.43s)
    --- PASS: TestDeliveryTerminal_UnprovedPolicyAndUnavailableJournalRemainPending/policy_unavailable (0.47s)
    --- PASS: TestDeliveryTerminal_UnprovedPolicyAndUnavailableJournalRemainPending/journal_unavailable (0.49s)
    --- PASS: TestDeliveryTerminal_UnprovedPolicyAndUnavailableJournalRemainPending/binding_conflict (0.46s)
=== RUN   TestDeliveryTerminal_LiveQueuePolicyChangeCreatesNoCapture
--- PASS: TestDeliveryTerminal_LiveQueuePolicyChangeCreatesNoCapture (0.49s)
=== RUN   TestDeliveryTerminal_DrainWaitsForLivePublicationOwner
--- PASS: TestDeliveryTerminal_DrainWaitsForLivePublicationOwner (1.11s)
=== RUN   TestDeliveryTerminal_RestartRetainsDenialWithoutCaptureACK
--- PASS: TestDeliveryTerminal_RestartRetainsDenialWithoutCaptureACK (0.53s)
=== RUN   TestDeliveryTerminal_RejectsUnknownOrChangedLease
--- PASS: TestDeliveryTerminal_RejectsUnknownOrChangedLease (0.48s)
=== RUN   TestDeliveryTerminal_MalformedEvidenceIsPreservedAndUnavailable
--- PASS: TestDeliveryTerminal_MalformedEvidenceIsPreservedAndUnavailable (0.57s)
=== RUN   TestDeliveryTerminal_StagingArtifactIsNotACompletion
--- PASS: TestDeliveryTerminal_StagingArtifactIsNotACompletion (0.45s)
=== RUN   TestDrainDoesNotRedeliverAnAcknowledgedClientCopy
--- PASS: TestDrainDoesNotRedeliverAnAcknowledgedClientCopy (0.47s)
=== RUN   TestDrainSkipsAnUnadmittableRecordAndDeliversWhatFollows
--- PASS: TestDrainSkipsAnUnadmittableRecordAndDeliversWhatFollows (0.60s)
=== RUN   TestDrainReportsADeniedRecordAsAGapAndMovesOn
--- PASS: TestDrainReportsADeniedRecordAsAGapAndMovesOn (0.44s)
=== RUN   TestDrainPersistsADegradedCaptureAsEvidence
--- PASS: TestDrainPersistsADegradedCaptureAsEvidence (0.46s)
=== RUN   TestNewDrainerIssuesTheRealSyncsByDefault
--- PASS: TestNewDrainerIssuesTheRealSyncsByDefault (0.00s)
=== RUN   TestDrainTakesNothingOfAFreshSegmentBeforeItsFirstSyncReturns
--- PASS: TestDrainTakesNothingOfAFreshSegmentBeforeItsFirstSyncReturns (0.61s)
=== RUN   TestDrainReadsAHeldSegmentNoFurtherThanItsStat
--- PASS: TestDrainReadsAHeldSegmentNoFurtherThanItsStat (0.15s)
=== RUN   TestDrainLeavesBytesAppendedAfterItsSyncForTheNextPass
--- PASS: TestDrainLeavesBytesAppendedAfterItsSyncForTheNextPass (0.22s)
=== RUN   TestDrainFsyncsASpoolFileOnAHandleOfItsOwnBeforeItsFirstDispatch
--- PASS: TestDrainFsyncsASpoolFileOnAHandleOfItsOwnBeforeItsFirstDispatch (0.16s)
=== RUN   TestDrainCountsTheBytesOfAFileItCouldNotSyncAsPending
--- PASS: TestDrainCountsTheBytesOfAFileItCouldNotSyncAsPending (0.25s)
=== RUN   TestDrainSyncsTheSpoolDirectoryOncePerPassBeforeItConsumesASyncedFile
--- PASS: TestDrainSyncsTheSpoolDirectoryOncePerPassBeforeItConsumesASyncedFile (0.65s)
=== RUN   TestDrainAnnouncesAFileItCannotSyncOncePerFailure
--- PASS: TestDrainAnnouncesAFileItCannotSyncOncePerFailure (0.28s)
=== RUN   TestDrainRecoversFromACrashThatTookAHeldSegmentsUnsyncedTail
--- PASS: TestDrainRecoversFromACrashThatTookAHeldSegmentsUnsyncedTail (0.29s)
=== RUN   TestDrainRefusesProgressWhoseFileLostItsDurableBytes
=== RUN   TestDrainRefusesProgressWhoseFileLostItsDurableBytes/a_file_truncated_below_the_bytes_the_drain_consumed
=== RUN   TestDrainRefusesProgressWhoseFileLostItsDurableBytes/a_file_replaced_by_different_bytes,_short_of_the_bound_its_progress_names
=== RUN   TestDrainRefusesProgressWhoseFileLostItsDurableBytes/a_held_segment_that_comes_back_short_of_the_synced_size_it_recorded
--- PASS: TestDrainRefusesProgressWhoseFileLostItsDurableBytes (0.33s)
    --- PASS: TestDrainRefusesProgressWhoseFileLostItsDurableBytes/a_file_truncated_below_the_bytes_the_drain_consumed (0.14s)
    --- PASS: TestDrainRefusesProgressWhoseFileLostItsDurableBytes/a_file_replaced_by_different_bytes,_short_of_the_bound_its_progress_names (0.10s)
    --- PASS: TestDrainRefusesProgressWhoseFileLostItsDurableBytes/a_held_segment_that_comes_back_short_of_the_synced_size_it_recorded (0.09s)
=== RUN   TestDrainConsumesNothingOfAFileWhoseFsyncFailed
--- PASS: TestDrainConsumesNothingOfAFileWhoseFsyncFailed (0.13s)
=== RUN   TestDrainConsumesNothingWhenItCannotCloseTheHandleItSynced
--- PASS: TestDrainConsumesNothingWhenItCannotCloseTheHandleItSynced (0.16s)
=== RUN   TestDrainSyncNeverCreatesASpoolFileThatIsGone
--- PASS: TestDrainSyncNeverCreatesASpoolFileThatIsGone (0.22s)
=== RUN   TestIngest_SyncedWALAdvancesOnlyPastASyncThatReturned
=== RUN   TestIngest_SyncedWALAdvancesOnlyPastASyncThatReturned/a_batch_in_flight_adds_nothing_until_its_Sync_returns
=== RUN   TestIngest_SyncedWALAdvancesOnlyPastASyncThatReturned/a_failed_Sync_freezes_it_until_a_segment_is_opened
=== RUN   TestIngest_SyncedWALAdvancesOnlyPastASyncThatReturned/a_segment_closed_by_CloseSession_or_Close_is_not_held
=== RUN   TestIngest_SyncedWALAdvancesOnlyPastASyncThatReturned/a_segment_opened_over_bytes_it_did_not_write_counts_none_of_them_synced
=== RUN   TestIngest_SyncedWALAdvancesOnlyPastASyncThatReturned/a_Sync_that_panics_freezes_it
--- PASS: TestIngest_SyncedWALAdvancesOnlyPastASyncThatReturned (0.30s)
    --- PASS: TestIngest_SyncedWALAdvancesOnlyPastASyncThatReturned/a_batch_in_flight_adds_nothing_until_its_Sync_returns (0.08s)
    --- PASS: TestIngest_SyncedWALAdvancesOnlyPastASyncThatReturned/a_failed_Sync_freezes_it_until_a_segment_is_opened (0.10s)
    --- PASS: TestIngest_SyncedWALAdvancesOnlyPastASyncThatReturned/a_segment_closed_by_CloseSession_or_Close_is_not_held (0.04s)
    --- PASS: TestIngest_SyncedWALAdvancesOnlyPastASyncThatReturned/a_segment_opened_over_bytes_it_did_not_write_counts_none_of_them_synced (0.04s)
    --- PASS: TestIngest_SyncedWALAdvancesOnlyPastASyncThatReturned/a_Sync_that_panics_freezes_it (0.04s)
=== RUN   TestDrainNeverLeasesAWALLineBeforeItsSyncReturns
=== RUN   TestDrainNeverLeasesAWALLineBeforeItsSyncReturns/wired_as_the_daemon_wires_it,_a_pass_takes_nothing_past_the_synced_size
=== RUN   TestDrainNeverLeasesAWALLineBeforeItsSyncReturns/a_drainer_with_no_ingest_behind_it_syncs_the_segment_before_it_leases
--- PASS: TestDrainNeverLeasesAWALLineBeforeItsSyncReturns (1.03s)
    --- PASS: TestDrainNeverLeasesAWALLineBeforeItsSyncReturns/wired_as_the_daemon_wires_it,_a_pass_takes_nothing_past_the_synced_size (0.67s)
    --- PASS: TestDrainNeverLeasesAWALLineBeforeItsSyncReturns/a_drainer_with_no_ingest_behind_it_syncs_the_segment_before_it_leases (0.37s)
=== RUN   TestDrainSyncsAFileTheIngestDoesNotHoldBeforeItsFirstLease
--- PASS: TestDrainSyncsAFileTheIngestDoesNotHoldBeforeItsFirstLease (1.07s)
=== RUN   TestDrainLeasesNothingFromAFileItCouldNotSync
--- PASS: TestDrainLeasesNothingFromAFileItCouldNotSync (0.59s)
=== RUN   TestDrainSyncsASpoolFileAHookStillHasOpen
--- PASS: TestDrainSyncsASpoolFileAHookStillHasOpen (0.16s)
=== RUN   TestDrainKeepsTheWALTheIngestHoldsForAnUnregisteredSession
=== PAUSE TestDrainKeepsTheWALTheIngestHoldsForAnUnregisteredSession
=== RUN   TestDrainKeepsTheWALOfASessionLiveByTrafficAlone
=== PAUSE TestDrainKeepsTheWALOfASessionLiveByTrafficAlone
=== RUN   TestDrainDoesNotRemoveAWALThatGrewBeforeTheRemovalDecision
=== PAUSE TestDrainDoesNotRemoveAWALThatGrewBeforeTheRemovalDecision
=== RUN   TestDrainPassIsBoundedByItsOwnSnapshotOfAGrowingSpoolFile
=== PAUSE TestDrainPassIsBoundedByItsOwnSnapshotOfAGrowingSpoolFile
=== RUN   TestDrainRemovesClosedRotatedSegmentsAndKeepsTheHeldOne
=== PAUSE TestDrainRemovesClosedRotatedSegmentsAndKeepsTheHeldOne
=== RUN   TestStragglerAfterSessionEndIsNotLostWithItsReopenedSegment
=== PAUSE TestStragglerAfterSessionEndIsNotLostWithItsReopenedSegment
=== RUN   TestIngestRemoveDrainedWALRefusesHeldAndGrownSegments
=== PAUSE TestIngestRemoveDrainedWALRefusesHeldAndGrownSegments
=== RUN   TestIngestHoldsWALAnswersForTheCurrentSegmentOnly
=== PAUSE TestIngestHoldsWALAnswersForTheCurrentSegmentOnly
=== RUN   TestCarriedDefect_SP08D3_ReplayedPromptIsCapturedAtTurnZero
--- PASS: TestCarriedDefect_SP08D3_ReplayedPromptIsCapturedAtTurnZero (1.26s)
=== RUN   TestSP08D3_DistinctSameTextRepliesStayDistinct
--- PASS: TestSP08D3_DistinctSameTextRepliesStayDistinct (1.05s)
=== RUN   TestSP08D3_CaptureFailureIsNotAcknowledged
--- PASS: TestSP08D3_CaptureFailureIsNotAcknowledged (0.43s)
=== RUN   TestSP08D3_ReplayThroughRunIngestedEmitsNoOutput
--- PASS: TestSP08D3_ReplayThroughRunIngestedEmitsNoOutput (0.26s)
=== RUN   TestDrainRoundTripsACleanupIntentThroughTheRecordCodec
=== RUN   TestDrainRoundTripsACleanupIntentThroughTheRecordCodec/the_intents_a_record_holds_survive_the_write_and_the_read
=== RUN   TestDrainRoundTripsACleanupIntentThroughTheRecordCodec/a_later_pass_removes_the_blob_an_inherited_intent_names
--- PASS: TestDrainRoundTripsACleanupIntentThroughTheRecordCodec (0.12s)
    --- PASS: TestDrainRoundTripsACleanupIntentThroughTheRecordCodec/the_intents_a_record_holds_survive_the_write_and_the_read (0.03s)
    --- PASS: TestDrainRoundTripsACleanupIntentThroughTheRecordCodec/a_later_pass_removes_the_blob_an_inherited_intent_names (0.08s)
=== RUN   TestDrainKeepsTheDurableBoundItRecordedWhenASegmentIsReopenedBelowIt
--- PASS: TestDrainKeepsTheDurableBoundItRecordedWhenASegmentIsReopenedBelowIt (0.16s)
=== RUN   TestDrainDoesNotKeepARawStatBoundItDidNotRecord
=== RUN   TestDrainDoesNotKeepARawStatBoundItDidNotRecord/a_record_written_before_the_mark,_whose_size_names_the_unsynced_tail
=== RUN   TestDrainDoesNotKeepARawStatBoundItDidNotRecord/a_record_this_code_wrote,_whose_size_names_only_durable_bytes
--- PASS: TestDrainDoesNotKeepARawStatBoundItDidNotRecord (0.54s)
    --- PASS: TestDrainDoesNotKeepARawStatBoundItDidNotRecord/a_record_written_before_the_mark,_whose_size_names_the_unsynced_tail (0.24s)
    --- PASS: TestDrainDoesNotKeepARawStatBoundItDidNotRecord/a_record_this_code_wrote,_whose_size_names_only_durable_bytes (0.30s)
=== RUN   TestDrainWritesALoadableRecordWhenAFileShrinksUnderThePass
--- PASS: TestDrainWritesALoadableRecordWhenAFileShrinksUnderThePass (0.31s)
=== RUN   TestDrainDoesNotMarkASizeThatRestsOnALegacyOffset
--- PASS: TestDrainDoesNotMarkASizeThatRestsOnALegacyOffset (0.23s)
=== RUN   TestDrainKeepsTheProvenanceOfARecordItDidNotVisit
--- PASS: TestDrainKeepsTheProvenanceOfARecordItDidNotVisit (0.20s)
=== RUN   TestDrainRejectedResponseIsRetryableAfterRestart
--- PASS: TestDrainRejectedResponseIsRetryableAfterRestart (0.17s)
=== RUN   TestDrainCanceledRejectedHandlerLeavesCurrentLinePending
--- PASS: TestDrainCanceledRejectedHandlerLeavesCurrentLinePending (0.13s)
=== RUN   TestDrainTrailingIncompleteLineWaitsForCompletion
--- PASS: TestDrainTrailingIncompleteLineWaitsForCompletion (0.15s)
=== RUN   TestDrainLoadStateTreatsAFileParentAsNoState
--- PASS: TestDrainLoadStateTreatsAFileParentAsNoState (0.00s)
=== RUN   TestDrainStatePersistenceFailurePreservesSpool
--- PASS: TestDrainStatePersistenceFailurePreservesSpool (0.08s)
=== RUN   TestDrainRejectedBlobResponseRetainsBlobForRestart
--- PASS: TestDrainRejectedBlobResponseRetainsBlobForRestart (0.15s)
=== RUN   TestDrainRestartCleansPersistedBlobWithoutRedispatching
--- PASS: TestDrainRestartCleansPersistedBlobWithoutRedispatching (0.08s)
=== RUN   TestDrainRestartCleansPriorBlobBeforeRetryingLaterRejectedLine
--- PASS: TestDrainRestartCleansPriorBlobBeforeRetryingLaterRejectedLine (0.13s)
=== RUN   TestDrainWindowsOpenBlobRetainsCleanupIntent
--- PASS: TestDrainWindowsOpenBlobRetainsCleanupIntent (0.10s)
=== RUN   TestDrainCrossFileSharedBlobWaitsForLaterRetry
--- PASS: TestDrainCrossFileSharedBlobWaitsForLaterRetry (0.22s)
=== RUN   TestDrainFreshSeenMayRedeliverWithoutPersistedOffset
--- PASS: TestDrainFreshSeenMayRedeliverWithoutPersistedOffset (0.10s)
=== RUN   TestDrainRejectsInvalidPersistedStateBeforeTouchingRecoveryResources
=== RUN   TestDrainRejectsInvalidPersistedStateBeforeTouchingRecoveryResources/malformed
=== RUN   TestDrainRejectsInvalidPersistedStateBeforeTouchingRecoveryResources/null_state
=== RUN   TestDrainRejectsInvalidPersistedStateBeforeTouchingRecoveryResources/null_file_entry
=== RUN   TestDrainRejectsInvalidPersistedStateBeforeTouchingRecoveryResources/negative_offset
=== RUN   TestDrainRejectsInvalidPersistedStateBeforeTouchingRecoveryResources/offset_beyond_spool_size
=== RUN   TestDrainRejectsInvalidPersistedStateBeforeTouchingRecoveryResources/done_without_complete_offset
--- PASS: TestDrainRejectsInvalidPersistedStateBeforeTouchingRecoveryResources (0.13s)
    --- PASS: TestDrainRejectsInvalidPersistedStateBeforeTouchingRecoveryResources/malformed (0.02s)
    --- PASS: TestDrainRejectsInvalidPersistedStateBeforeTouchingRecoveryResources/null_state (0.01s)
    --- PASS: TestDrainRejectsInvalidPersistedStateBeforeTouchingRecoveryResources/null_file_entry (0.02s)
    --- PASS: TestDrainRejectsInvalidPersistedStateBeforeTouchingRecoveryResources/negative_offset (0.02s)
    --- PASS: TestDrainRejectsInvalidPersistedStateBeforeTouchingRecoveryResources/offset_beyond_spool_size (0.02s)
    --- PASS: TestDrainRejectsInvalidPersistedStateBeforeTouchingRecoveryResources/done_without_complete_offset (0.02s)
=== RUN   TestDrainKeepsItsProgressLoadableWhenAStragglerReopensADrainedSegment
--- PASS: TestDrainKeepsItsProgressLoadableWhenAStragglerReopensADrainedSegment (0.44s)
=== RUN   TestDrainForgetsAFileDurablyBeforeUnlinkingIt
=== PAUSE TestDrainForgetsAFileDurablyBeforeUnlinkingIt
=== RUN   TestDrainCrashAtTheUnlinkLeavesNoProgressForARecreatedSegment
=== PAUSE TestDrainCrashAtTheUnlinkLeavesNoProgressForARecreatedSegment
=== RUN   TestDrainRestoresProgressWhenItDoesNotRemoveTheFile
=== PAUSE TestDrainRestoresProgressWhenItDoesNotRemoveTheFile
=== RUN   TestDrainDoesNotForgetASegmentTheIngestHolds
=== PAUSE TestDrainDoesNotForgetASegmentTheIngestHolds
=== RUN   TestDrainCrashBetweenForgettingAndUnlinkingReplaysOnlyWhatTheFrontierLacks
--- PASS: TestDrainCrashBetweenForgettingAndUnlinkingReplaysOnlyWhatTheFrontierLacks (0.51s)
=== RUN   TestDrainStartupForgetsStaleProgressBeforeTheSessionRecreatesItsSegment
=== PAUSE TestDrainStartupForgetsStaleProgressBeforeTheSessionRecreatesItsSegment
=== RUN   TestDrainForgetsReleasedProgressForMissingFilesBeforeReadingAny
=== PAUSE TestDrainForgetsReleasedProgressForMissingFilesBeforeReadingAny
=== RUN   TestDrainForgetsAFileAlreadyGoneAtItsRemoval
=== PAUSE TestDrainForgetsAFileAlreadyGoneAtItsRemoval
=== RUN   TestDrainKeepsProgressWhenItCannotPersistTheForgetting
=== PAUSE TestDrainKeepsProgressWhenItCannotPersistTheForgetting
=== RUN   TestDrainRejectsMismatchedProgressBeforePruningIt
=== PAUSE TestDrainRejectsMismatchedProgressBeforePruningIt
=== RUN   TestDrainKeepsCleanupIntentsForAFileDeletedAfterTheListing
=== PAUSE TestDrainKeepsCleanupIntentsForAFileDeletedAfterTheListing
=== RUN   TestDrainPersistsPerFileBeforeMovingOn
=== PAUSE TestDrainPersistsPerFileBeforeMovingOn
=== RUN   TestDrainPersistsAFileBeforeCleaningUpItsBlobs
=== PAUSE TestDrainPersistsAFileBeforeCleaningUpItsBlobs
=== RUN   TestDrainIsIdempotent
=== PAUSE TestDrainIsIdempotent
=== RUN   TestDrainResumesAfterCancel
=== PAUSE TestDrainResumesAfterCancel
=== RUN   TestDrainResolvesBlobs
=== PAUSE TestDrainResolvesBlobs
=== RUN   TestDrainSurvivesCorruptLine
=== PAUSE TestDrainSurvivesCorruptLine
=== RUN   TestDrainKeepsLiveSessionWAL
=== PAUSE TestDrainKeepsLiveSessionWAL
=== RUN   TestDrainNotesAStaleProgressOnceThenClears
=== PAUSE TestDrainNotesAStaleProgressOnceThenClears
=== RUN   TestWalSessionID
=== PAUSE TestWalSessionID
=== RUN   TestIngestWALIsExactBytes
=== PAUSE TestIngestWALIsExactBytes
=== RUN   TestIngestRingFullWALsEveryLineAndNeverSpills
--- PASS: TestIngestRingFullWALsEveryLineAndNeverSpills (0.11s)
=== RUN   TestIngestACKPrecedesProcessing
--- PASS: TestIngestACKPrecedesProcessing (0.02s)
=== RUN   TestIngestWALRotates
=== PAUSE TestIngestWALRotates
=== RUN   TestIngestResolvesBlobsEndToEnd
=== PAUSE TestIngestResolvesBlobsEndToEnd
=== RUN   TestLiveDispatchedLineIsNotRedispatchedByDrain
=== PAUSE TestLiveDispatchedLineIsNotRedispatchedByDrain
=== RUN   TestIngest_WALGroupCommitOneSyncPerSegmentPerBatch
--- PASS: TestIngest_WALGroupCommitOneSyncPerSegmentPerBatch (0.08s)
=== RUN   TestIngest_AcceptNeverReturnsBeforeItsWALSync
--- PASS: TestIngest_AcceptNeverReturnsBeforeItsWALSync (0.07s)
=== RUN   TestIngest_CloseWaitsForTheWALBatchInFlight
=== RUN   TestIngest_CloseWaitsForTheWALBatchInFlight/CloseSession
=== RUN   TestIngest_CloseWaitsForTheWALBatchInFlight/Close
--- PASS: TestIngest_CloseWaitsForTheWALBatchInFlight (0.07s)
    --- PASS: TestIngest_CloseWaitsForTheWALBatchInFlight/CloseSession (0.04s)
    --- PASS: TestIngest_CloseWaitsForTheWALBatchInFlight/Close (0.03s)
=== RUN   TestIngest_WALBatchPreservesRotationBoundaries
--- PASS: TestIngest_WALBatchPreservesRotationBoundaries (0.55s)
=== RUN   TestIngest_WALFailureFailsExactlyItsSegment
=== RUN   TestIngest_WALFailureFailsExactlyItsSegment/a_write_error
=== RUN   TestIngest_WALFailureFailsExactlyItsSegment/a_short_write
=== RUN   TestIngest_WALFailureFailsExactlyItsSegment/a_sync_error
=== RUN   TestIngest_WALFailureFailsExactlyItsSegment/a_sync_error_on_a_batch's_only_segment
=== RUN   TestIngest_WALFailureFailsExactlyItsSegment/a_rotation's_sync_error_fails_only_the_outgoing_segment
=== RUN   TestIngest_WALFailureFailsExactlyItsSegment/a_rotation_flush's_write_error_fails_only_the_outgoing_segment
=== RUN   TestIngest_WALFailureFailsExactlyItsSegment/a_rotation_flush's_short_write_fails_only_the_outgoing_segment
=== RUN   TestIngest_WALFailureFailsExactlyItsSegment/a_line_after_a_rotation_whose_open_failed_goes_to_the_segment_it_reopens
=== RUN   TestIngest_WALFailureFailsExactlyItsSegment/a_rotation_whose_Close_fails_fails_its_session's_lines
=== RUN   TestIngest_WALFailureFailsExactlyItsSegment/a_Sync_that_panics_on_the_leader
=== RUN   TestIngest_WALFailureFailsExactlyItsSegment/a_Sync_that_panics_on_a_helper_goroutine
=== RUN   TestIngest_WALFailureFailsExactlyItsSegment/a_Sync_that_never_returns_on_a_helper_goroutine
=== RUN   TestIngest_WALFailureFailsExactlyItsSegment/a_Sync_that_never_returns_on_the_leader
--- PASS: TestIngest_WALFailureFailsExactlyItsSegment (1.39s)
    --- PASS: TestIngest_WALFailureFailsExactlyItsSegment/a_write_error (0.09s)
    --- PASS: TestIngest_WALFailureFailsExactlyItsSegment/a_short_write (0.08s)
    --- PASS: TestIngest_WALFailureFailsExactlyItsSegment/a_sync_error (0.10s)
    --- PASS: TestIngest_WALFailureFailsExactlyItsSegment/a_sync_error_on_a_batch's_only_segment (0.07s)
    --- PASS: TestIngest_WALFailureFailsExactlyItsSegment/a_rotation's_sync_error_fails_only_the_outgoing_segment (0.12s)
    --- PASS: TestIngest_WALFailureFailsExactlyItsSegment/a_rotation_flush's_write_error_fails_only_the_outgoing_segment (0.08s)
    --- PASS: TestIngest_WALFailureFailsExactlyItsSegment/a_rotation_flush's_short_write_fails_only_the_outgoing_segment (0.08s)
    --- PASS: TestIngest_WALFailureFailsExactlyItsSegment/a_line_after_a_rotation_whose_open_failed_goes_to_the_segment_it_reopens (0.25s)
    --- PASS: TestIngest_WALFailureFailsExactlyItsSegment/a_rotation_whose_Close_fails_fails_its_session's_lines (0.08s)
    --- PASS: TestIngest_WALFailureFailsExactlyItsSegment/a_Sync_that_panics_on_the_leader (0.09s)
    --- PASS: TestIngest_WALFailureFailsExactlyItsSegment/a_Sync_that_panics_on_a_helper_goroutine (0.08s)
    --- PASS: TestIngest_WALFailureFailsExactlyItsSegment/a_Sync_that_never_returns_on_a_helper_goroutine (0.12s)
    --- PASS: TestIngest_WALFailureFailsExactlyItsSegment/a_Sync_that_never_returns_on_the_leader (0.13s)
=== RUN   TestIngest_LeaseLineNeverPrecedesItsWALSync
--- PASS: TestIngest_LeaseLineNeverPrecedesItsWALSync (0.54s)
=== RUN   TestIngest_WALBatchStopsAtTheRequestCap
--- PASS: TestIngest_WALBatchStopsAtTheRequestCap (0.24s)
=== RUN   TestIngest_WALBatchByteCapCountsEveryTerminator
--- PASS: TestIngest_WALBatchByteCapCountsEveryTerminator (1.17s)
=== RUN   TestIngest_WALBatchByteCapAdmitsLinesThatFillItExactly
--- PASS: TestIngest_WALBatchByteCapAdmitsLinesThatFillItExactly (1.17s)
=== RUN   TestPromptOrder_V6_OrderingGateGivesTurnZeroToEarliestLeasedArrival
--- PASS: TestPromptOrder_V6_OrderingGateGivesTurnZeroToEarliestLeasedArrival (1.43s)
=== RUN   TestPromptOrder_V6_UnleasedEarlierSpooledIsSeparateUncertainty
--- PASS: TestPromptOrder_V6_UnleasedEarlierSpooledIsSeparateUncertainty (0.70s)
=== CONT  TestDrainOfSpooledFlushLineDoesNotDeadlock
=== CONT  TestDrainPersistsPerFileBeforeMovingOn
=== CONT  TestDrainForgetsReleasedProgressForMissingFilesBeforeReadingAny
=== CONT  TestLiveDispatchedLineIsNotRedispatchedByDrain
=== CONT  TestIngestResolvesBlobsEndToEnd
=== CONT  TestIngestWALRotates
=== CONT  TestWalSessionID
=== CONT  TestDrainNotesAStaleProgressOnceThenClears
--- PASS: TestWalSessionID (0.00s)
=== CONT  TestDrainResolvesBlobs
=== CONT  TestIngestRemoveDrainedWALRefusesHeldAndGrownSegments
=== CONT  TestIngestWALIsExactBytes
=== CONT  TestDrainKeepsCleanupIntentsForAFileDeletedAfterTheListing
=== CONT  TestDrainKeepsLiveSessionWAL
=== CONT  TestDrainSurvivesCorruptLine
=== CONT  TestDrainStartupForgetsStaleProgressBeforeTheSessionRecreatesItsSegment
=== CONT  TestDrainDoesNotForgetASegmentTheIngestHolds
=== CONT  TestDrainForgetsAFileDurablyBeforeUnlinkingIt
=== CONT  TestDrainPersistsAFileBeforeCleaningUpItsBlobs
=== CONT  TestIngestHoldsWALAnswersForTheCurrentSegmentOnly
=== CONT  TestDrainResumesAfterCancel
=== CONT  TestDrainIsIdempotent
=== CONT  TestDrainRestoresProgressWhenItDoesNotRemoveTheFile
=== RUN   TestDrainRestoresProgressWhenItDoesNotRemoveTheFile/the_ingest_refuses_a_segment_reopened_after_the_drain_asked
=== CONT  TestDrainForgetsAFileAlreadyGoneAtItsRemoval
=== PAUSE TestDrainRestoresProgressWhenItDoesNotRemoveTheFile/the_ingest_refuses_a_segment_reopened_after_the_drain_asked
=== RUN   TestDrainStartupForgetsStaleProgressBeforeTheSessionRecreatesItsSegment/recreated_smaller
=== PAUSE TestDrainStartupForgetsStaleProgressBeforeTheSessionRecreatesItsSegment/recreated_smaller
=== RUN   TestDrainForgetsAFileDurablyBeforeUnlinkingIt/read_to_its_end_by_the_same_pass
=== PAUSE TestDrainForgetsAFileDurablyBeforeUnlinkingIt/read_to_its_end_by_the_same_pass
=== RUN   TestDrainForgetsAFileDurablyBeforeUnlinkingIt/finished_by_an_earlier_pass
=== PAUSE TestDrainForgetsAFileDurablyBeforeUnlinkingIt/finished_by_an_earlier_pass
=== RUN   TestDrainStartupForgetsStaleProgressBeforeTheSessionRecreatesItsSegment/recreated_at_the_same_size
=== PAUSE TestDrainStartupForgetsStaleProgressBeforeTheSessionRecreatesItsSegment/recreated_at_the_same_size
=== RUN   TestDrainRestoresProgressWhenItDoesNotRemoveTheFile/the_unlink_fails
=== PAUSE TestDrainRestoresProgressWhenItDoesNotRemoveTheFile/the_unlink_fails
=== CONT  TestDrainKeepsTheWALOfASessionLiveByTrafficAlone
=== CONT  TestDrainPassIsBoundedByItsOwnSnapshotOfAGrowingSpoolFile
=== RUN   TestDrainStartupForgetsStaleProgressBeforeTheSessionRecreatesItsSegment/recreated_larger
=== PAUSE TestDrainStartupForgetsStaleProgressBeforeTheSessionRecreatesItsSegment/recreated_larger
=== CONT  TestDrainRejectsMismatchedProgressBeforePruningIt
--- PASS: TestIngestRemoveDrainedWALRefusesHeldAndGrownSegments (0.13s)
=== CONT  TestStragglerAfterSessionEndIsNotLostWithItsReopenedSegment
=== CONT  TestDrainKeepsProgressWhenItCannotPersistTheForgetting
--- PASS: TestIngestWALRotates (0.15s)
--- PASS: TestIngestResolvesBlobsEndToEnd (0.15s)
=== CONT  TestDrainCrashAtTheUnlinkLeavesNoProgressForARecreatedSegment
=== RUN   TestDrainCrashAtTheUnlinkLeavesNoProgressForARecreatedSegment/recreated_smaller
=== PAUSE TestDrainCrashAtTheUnlinkLeavesNoProgressForARecreatedSegment/recreated_smaller
=== RUN   TestDrainCrashAtTheUnlinkLeavesNoProgressForARecreatedSegment/recreated_at_the_same_size
=== PAUSE TestDrainCrashAtTheUnlinkLeavesNoProgressForARecreatedSegment/recreated_at_the_same_size
=== RUN   TestDrainCrashAtTheUnlinkLeavesNoProgressForARecreatedSegment/recreated_larger
=== PAUSE TestDrainCrashAtTheUnlinkLeavesNoProgressForARecreatedSegment/recreated_larger
=== CONT  TestDrainRemovesClosedRotatedSegmentsAndKeepsTheHeldOne
--- PASS: TestIngestWALIsExactBytes (0.21s)
=== CONT  TestDrainKeepsTheWALTheIngestHoldsForAnUnregisteredSession
--- PASS: TestDrainRejectsMismatchedProgressBeforePruningIt (0.28s)
=== CONT  TestMarkerIsWrittenByFlushAndCheckpointOnly
--- PASS: TestIngestHoldsWALAnswersForTheCurrentSegmentOnly (0.29s)
=== CONT  TestDrainDoesNotRemoveAWALThatGrewBeforeTheRemovalDecision
--- PASS: TestDrainSurvivesCorruptLine (0.37s)
=== CONT  TestDrainForgetsAFileDurablyBeforeUnlinkingIt/read_to_its_end_by_the_same_pass
--- PASS: TestLiveDispatchedLineIsNotRedispatchedByDrain (0.38s)
=== CONT  TestDrainForgetsAFileDurablyBeforeUnlinkingIt/finished_by_an_earlier_pass
--- PASS: TestDrainResolvesBlobs (0.43s)
=== CONT  TestDrainRestoresProgressWhenItDoesNotRemoveTheFile/the_ingest_refuses_a_segment_reopened_after_the_drain_asked
--- PASS: TestDrainKeepsLiveSessionWAL (0.43s)
=== CONT  TestDrainRestoresProgressWhenItDoesNotRemoveTheFile/the_unlink_fails
--- PASS: TestDrainNotesAStaleProgressOnceThenClears (0.45s)
=== CONT  TestDrainStartupForgetsStaleProgressBeforeTheSessionRecreatesItsSegment/recreated_smaller
--- PASS: TestDrainPersistsPerFileBeforeMovingOn (0.57s)
=== CONT  TestDrainStartupForgetsStaleProgressBeforeTheSessionRecreatesItsSegment/recreated_larger
--- PASS: TestDrainIsIdempotent (0.58s)
=== CONT  TestDrainStartupForgetsStaleProgressBeforeTheSessionRecreatesItsSegment/recreated_at_the_same_size
--- PASS: TestDrainPersistsAFileBeforeCleaningUpItsBlobs (0.66s)
=== CONT  TestDrainCrashAtTheUnlinkLeavesNoProgressForARecreatedSegment/recreated_at_the_same_size
--- PASS: TestDrainKeepsProgressWhenItCannotPersistTheForgetting (0.54s)
=== CONT  TestDrainCrashAtTheUnlinkLeavesNoProgressForARecreatedSegment/recreated_larger
--- PASS: TestDrainDoesNotForgetASegmentTheIngestHolds (0.70s)
=== CONT  TestDrainCrashAtTheUnlinkLeavesNoProgressForARecreatedSegment/recreated_smaller
--- PASS: TestDrainKeepsTheWALOfASessionLiveByTrafficAlone (0.72s)
--- PASS: TestDrainOfSpooledFlushLineDoesNotDeadlock (0.74s)
--- PASS: TestDrainForgetsReleasedProgressForMissingFilesBeforeReadingAny (0.75s)
--- PASS: TestDrainResumesAfterCancel (0.75s)
--- PASS: TestDrainKeepsCleanupIntentsForAFileDeletedAfterTheListing (0.77s)
--- PASS: TestDrainForgetsAFileAlreadyGoneAtItsRemoval (0.78s)
--- PASS: TestDrainPassIsBoundedByItsOwnSnapshotOfAGrowingSpoolFile (0.79s)
--- PASS: TestDrainForgetsAFileDurablyBeforeUnlinkingIt (0.00s)
    --- PASS: TestDrainForgetsAFileDurablyBeforeUnlinkingIt/read_to_its_end_by_the_same_pass (0.41s)
    --- PASS: TestDrainForgetsAFileDurablyBeforeUnlinkingIt/finished_by_an_earlier_pass (0.44s)
--- PASS: TestDrainKeepsTheWALTheIngestHoldsForAnUnregisteredSession (0.61s)
--- PASS: TestDrainRemovesClosedRotatedSegmentsAndKeepsTheHeldOne (0.68s)
--- PASS: TestDrainDoesNotRemoveAWALThatGrewBeforeTheRemovalDecision (0.58s)
--- PASS: TestMarkerIsWrittenByFlushAndCheckpointOnly (0.74s)
--- PASS: TestDrainRestoresProgressWhenItDoesNotRemoveTheFile (0.00s)
    --- PASS: TestDrainRestoresProgressWhenItDoesNotRemoveTheFile/the_unlink_fails (0.66s)
    --- PASS: TestDrainRestoresProgressWhenItDoesNotRemoveTheFile/the_ingest_refuses_a_segment_reopened_after_the_drain_asked (0.69s)
--- PASS: TestDrainCrashAtTheUnlinkLeavesNoProgressForARecreatedSegment (0.00s)
    --- PASS: TestDrainCrashAtTheUnlinkLeavesNoProgressForARecreatedSegment/recreated_at_the_same_size (0.36s)
    --- PASS: TestDrainCrashAtTheUnlinkLeavesNoProgressForARecreatedSegment/recreated_smaller (0.37s)
    --- PASS: TestDrainCrashAtTheUnlinkLeavesNoProgressForARecreatedSegment/recreated_larger (0.44s)
--- PASS: TestDrainStartupForgetsStaleProgressBeforeTheSessionRecreatesItsSegment (0.00s)
    --- PASS: TestDrainStartupForgetsStaleProgressBeforeTheSessionRecreatesItsSegment/recreated_smaller (0.61s)
    --- PASS: TestDrainStartupForgetsStaleProgressBeforeTheSessionRecreatesItsSegment/recreated_larger (0.58s)
    --- PASS: TestDrainStartupForgetsStaleProgressBeforeTheSessionRecreatesItsSegment/recreated_at_the_same_size (0.61s)
--- PASS: TestStragglerAfterSessionEndIsNotLostWithItsReopenedSegment (1.15s)
=== RUN   TestDrainOfSpooledFlushLineDoesNotDeadlock
=== PAUSE TestDrainOfSpooledFlushLineDoesNotDeadlock
=== RUN   TestStartupDrainOfSpooledFlushLineDoesNotWedgeRun
--- PASS: TestStartupDrainOfSpooledFlushLineDoesNotWedgeRun (0.33s)
=== RUN   TestMarkerIsWrittenByFlushAndCheckpointOnly
=== PAUSE TestMarkerIsWrittenByFlushAndCheckpointOnly
=== RUN   TestDeliveryOrder_LiveSameSessionArrivalsPublishWithoutDrain
--- PASS: TestDeliveryOrder_LiveSameSessionArrivalsPublishWithoutDrain (3.56s)
=== RUN   TestDeliveryOrder_LiveReversedRingOrderPublishesWithoutDrain
--- PASS: TestDeliveryOrder_LiveReversedRingOrderPublishesWithoutDrain (1.14s)
=== RUN   TestDeliveryOrder_LiveOtherSessionsAreNotSerialized
--- PASS: TestDeliveryOrder_LiveOtherSessionsAreNotSerialized (1.00s)
=== RUN   TestDeliveryOrder_DrainReleaseWakesParkedLiveSuccessor
--- PASS: TestDeliveryOrder_DrainReleaseWakesParkedLiveSuccessor (1.16s)
=== RUN   TestDeliveryOrder_LiveLanesAreBoundedAndOverflowIsLeftForTheDrain
--- PASS: TestDeliveryOrder_LiveLanesAreBoundedAndOverflowIsLeftForTheDrain (2.94s)
=== RUN   TestDeliveryOrder_LiveFailedHeadIsRetriedByTheNextArrivalNotSpun
--- PASS: TestDeliveryOrder_LiveFailedHeadIsRetriedByTheNextArrivalNotSpun (1.02s)
=== RUN   TestDispatchLanes_SignalsKeepTheOwnerFromParkingOnAStaleView
--- PASS: TestDispatchLanes_SignalsKeepTheOwnerFromParkingOnAStaleView (0.00s)
=== RUN   TestDeliveryOrder_DrainReleasesSessionsOnlyAfterItsPass
--- PASS: TestDeliveryOrder_DrainReleasesSessionsOnlyAfterItsPass (1.33s)
=== RUN   TestDeliveryOrder_FlushSettlesQueuedSessionEventsBeforeSessionEnd
--- PASS: TestDeliveryOrder_FlushSettlesQueuedSessionEventsBeforeSessionEnd (3.24s)
=== RUN   TestDeliveryOrder_FlushDrainsAParkedSessionBeforeSessionEnd
--- PASS: TestDeliveryOrder_FlushDrainsAParkedSessionBeforeSessionEnd (2.30s)
=== RUN   TestDeliveryOrder_FlushThatCannotSettleSaysSoAndLosesNothing
--- PASS: TestDeliveryOrder_FlushThatCannotSettleSaysSoAndLosesNothing (1.78s)
=== RUN   TestDeliveryOrder_PredecessorsAcknowledgedGate
--- PASS: TestDeliveryOrder_PredecessorsAcknowledgedGate (0.49s)
=== RUN   TestDeliveryOrder_DrainReversedWALvsLeaseOrder
--- PASS: TestDeliveryOrder_DrainReversedWALvsLeaseOrder (1.20s)
=== RUN   TestDeliveryOrder_UnreadableFrontierFailsClosed
--- PASS: TestDeliveryOrder_UnreadableFrontierFailsClosed (0.55s)
=== RUN   TestDeliveryOrder_MissingJournalGetterFailsClosed
--- PASS: TestDeliveryOrder_MissingJournalGetterFailsClosed (0.20s)
=== RUN   TestDeliveryOrder_UnreadableFrontierNoPublication
--- PASS: TestDeliveryOrder_UnreadableFrontierNoPublication (0.82s)
=== RUN   TestDeliveryOrder_DrainReversedPrefixBeyondBufferBoundDoesNotWedge
--- PASS: TestDeliveryOrder_DrainReversedPrefixBeyondBufferBoundDoesNotWedge (131.44s)
=== RUN   TestDeliveryOrder_DrainOrdersPerSessionIndependently
--- PASS: TestDeliveryOrder_DrainOrdersPerSessionIndependently (4.86s)
=== RUN   TestDeliveryOrder_DrainCancellationPreservesUnconsumed
--- PASS: TestDeliveryOrder_DrainCancellationPreservesUnconsumed (1.37s)
=== RUN   TestDeliveryOrder_LeasedDenyOnRetryPreservedPending
--- PASS: TestDeliveryOrder_LeasedDenyOnRetryPreservedPending (1.80s)
=== RUN   TestDrainAdmitsAndAcknowledgesInheritedRecords
--- PASS: TestDrainAdmitsAndAcknowledgesInheritedRecords (1.00s)
=== RUN   TestDrainReportsGapsInsteadOfSilentCompleteness
--- PASS: TestDrainReportsGapsInsteadOfSilentCompleteness (0.44s)
=== RUN   TestSessionEndRecordsRecoveryNeeded
--- PASS: TestSessionEndRecordsRecoveryNeeded (0.61s)
=== RUN   TestDeliveryTerminal_ArchivedDenialSettlesOrderingWithoutCaptureAck
--- PASS: TestDeliveryTerminal_ArchivedDenialSettlesOrderingWithoutCaptureAck (3.02s)
=== RUN   TestDeliveryTerminal_RotationDefersDispositionWithoutDeadlock
--- PASS: TestDeliveryTerminal_RotationDefersDispositionWithoutDeadlock (1.32s)
=== RUN   TestDeliveryTerminal_DrainAfterPhysicalScopeChanges
    delivery_terminal_integration_test.go:45: directory symlink unavailable: symlink C:\Users\Quant\AppData\Local\Temp\TestDeliveryTerminal_DrainAfterPhysicalScopeChanges556360325\002 C:\Users\Quant\AppData\Local\Temp\TestDeliveryTerminal_DrainAfterPhysicalScopeChanges556360325\001\allowed: A required privilege is not held by the client.
--- SKIP: TestDeliveryTerminal_DrainAfterPhysicalScopeChanges (0.95s)
=== RUN   TestDeliveryTerminal_RetirementBeforeOffsetSurvivesRestart
--- PASS: TestDeliveryTerminal_RetirementBeforeOffsetSurvivesRestart (1.57s)
=== RUN   TestDeliveryTerminal_UnprovedPolicyAndUnavailableJournalRemainPending
=== RUN   TestDeliveryTerminal_UnprovedPolicyAndUnavailableJournalRemainPending/policy_unavailable
=== RUN   TestDeliveryTerminal_UnprovedPolicyAndUnavailableJournalRemainPending/journal_unavailable
=== RUN   TestDeliveryTerminal_UnprovedPolicyAndUnavailableJournalRemainPending/binding_conflict
--- PASS: TestDeliveryTerminal_UnprovedPolicyAndUnavailableJournalRemainPending (1.72s)
    --- PASS: TestDeliveryTerminal_UnprovedPolicyAndUnavailableJournalRemainPending/policy_unavailable (0.65s)
    --- PASS: TestDeliveryTerminal_UnprovedPolicyAndUnavailableJournalRemainPending/journal_unavailable (0.47s)
    --- PASS: TestDeliveryTerminal_UnprovedPolicyAndUnavailableJournalRemainPending/binding_conflict (0.60s)
=== RUN   TestDeliveryTerminal_LiveQueuePolicyChangeCreatesNoCapture
--- PASS: TestDeliveryTerminal_LiveQueuePolicyChangeCreatesNoCapture (0.85s)
=== RUN   TestDeliveryTerminal_DrainWaitsForLivePublicationOwner
--- PASS: TestDeliveryTerminal_DrainWaitsForLivePublicationOwner (1.33s)
=== RUN   TestDeliveryTerminal_RestartRetainsDenialWithoutCaptureACK
--- PASS: TestDeliveryTerminal_RestartRetainsDenialWithoutCaptureACK (1.18s)
=== RUN   TestDeliveryTerminal_RejectsUnknownOrChangedLease
--- PASS: TestDeliveryTerminal_RejectsUnknownOrChangedLease (0.85s)
=== RUN   TestDeliveryTerminal_MalformedEvidenceIsPreservedAndUnavailable
--- PASS: TestDeliveryTerminal_MalformedEvidenceIsPreservedAndUnavailable (1.44s)
=== RUN   TestDeliveryTerminal_StagingArtifactIsNotACompletion
--- PASS: TestDeliveryTerminal_StagingArtifactIsNotACompletion (0.68s)
=== RUN   TestDrainDoesNotRedeliverAnAcknowledgedClientCopy
--- PASS: TestDrainDoesNotRedeliverAnAcknowledgedClientCopy (0.95s)
=== RUN   TestDrainSkipsAnUnadmittableRecordAndDeliversWhatFollows
--- PASS: TestDrainSkipsAnUnadmittableRecordAndDeliversWhatFollows (0.98s)
=== RUN   TestDrainReportsADeniedRecordAsAGapAndMovesOn
--- PASS: TestDrainReportsADeniedRecordAsAGapAndMovesOn (1.00s)
=== RUN   TestDrainPersistsADegradedCaptureAsEvidence
--- PASS: TestDrainPersistsADegradedCaptureAsEvidence (0.92s)
=== RUN   TestNewDrainerIssuesTheRealSyncsByDefault
--- PASS: TestNewDrainerIssuesTheRealSyncsByDefault (0.01s)
=== RUN   TestDrainTakesNothingOfAFreshSegmentBeforeItsFirstSyncReturns
--- PASS: TestDrainTakesNothingOfAFreshSegmentBeforeItsFirstSyncReturns (0.87s)
=== RUN   TestDrainReadsAHeldSegmentNoFurtherThanItsStat
--- PASS: TestDrainReadsAHeldSegmentNoFurtherThanItsStat (0.57s)
=== RUN   TestDrainLeavesBytesAppendedAfterItsSyncForTheNextPass
--- PASS: TestDrainLeavesBytesAppendedAfterItsSyncForTheNextPass (0.44s)
=== RUN   TestDrainFsyncsASpoolFileOnAHandleOfItsOwnBeforeItsFirstDispatch
--- PASS: TestDrainFsyncsASpoolFileOnAHandleOfItsOwnBeforeItsFirstDispatch (0.53s)
=== RUN   TestDrainCountsTheBytesOfAFileItCouldNotSyncAsPending
--- PASS: TestDrainCountsTheBytesOfAFileItCouldNotSyncAsPending (0.68s)
=== RUN   TestDrainSyncsTheSpoolDirectoryOncePerPassBeforeItConsumesASyncedFile
--- PASS: TestDrainSyncsTheSpoolDirectoryOncePerPassBeforeItConsumesASyncedFile (1.37s)
=== RUN   TestDrainAnnouncesAFileItCannotSyncOncePerFailure
--- PASS: TestDrainAnnouncesAFileItCannotSyncOncePerFailure (0.74s)
=== RUN   TestDrainRecoversFromACrashThatTookAHeldSegmentsUnsyncedTail
--- PASS: TestDrainRecoversFromACrashThatTookAHeldSegmentsUnsyncedTail (0.82s)
=== RUN   TestDrainRefusesProgressWhoseFileLostItsDurableBytes
=== RUN   TestDrainRefusesProgressWhoseFileLostItsDurableBytes/a_file_truncated_below_the_bytes_the_drain_consumed
=== RUN   TestDrainRefusesProgressWhoseFileLostItsDurableBytes/a_file_replaced_by_different_bytes,_short_of_the_bound_its_progress_names
=== RUN   TestDrainRefusesProgressWhoseFileLostItsDurableBytes/a_held_segment_that_comes_back_short_of_the_synced_size_it_recorded
--- PASS: TestDrainRefusesProgressWhoseFileLostItsDurableBytes (0.90s)
    --- PASS: TestDrainRefusesProgressWhoseFileLostItsDurableBytes/a_file_truncated_below_the_bytes_the_drain_consumed (0.31s)
    --- PASS: TestDrainRefusesProgressWhoseFileLostItsDurableBytes/a_file_replaced_by_different_bytes,_short_of_the_bound_its_progress_names (0.23s)
    --- PASS: TestDrainRefusesProgressWhoseFileLostItsDurableBytes/a_held_segment_that_comes_back_short_of_the_synced_size_it_recorded (0.36s)
=== RUN   TestDrainConsumesNothingOfAFileWhoseFsyncFailed
--- PASS: TestDrainConsumesNothingOfAFileWhoseFsyncFailed (0.20s)
=== RUN   TestDrainConsumesNothingWhenItCannotCloseTheHandleItSynced
--- PASS: TestDrainConsumesNothingWhenItCannotCloseTheHandleItSynced (0.40s)
=== RUN   TestDrainSyncNeverCreatesASpoolFileThatIsGone
--- PASS: TestDrainSyncNeverCreatesASpoolFileThatIsGone (0.42s)
=== RUN   TestIngest_SyncedWALAdvancesOnlyPastASyncThatReturned
=== RUN   TestIngest_SyncedWALAdvancesOnlyPastASyncThatReturned/a_batch_in_flight_adds_nothing_until_its_Sync_returns
=== RUN   TestIngest_SyncedWALAdvancesOnlyPastASyncThatReturned/a_failed_Sync_freezes_it_until_a_segment_is_opened
=== RUN   TestIngest_SyncedWALAdvancesOnlyPastASyncThatReturned/a_segment_closed_by_CloseSession_or_Close_is_not_held
=== RUN   TestIngest_SyncedWALAdvancesOnlyPastASyncThatReturned/a_segment_opened_over_bytes_it_did_not_write_counts_none_of_them_synced
=== RUN   TestIngest_SyncedWALAdvancesOnlyPastASyncThatReturned/a_Sync_that_panics_freezes_it
--- PASS: TestIngest_SyncedWALAdvancesOnlyPastASyncThatReturned (0.89s)
    --- PASS: TestIngest_SyncedWALAdvancesOnlyPastASyncThatReturned/a_batch_in_flight_adds_nothing_until_its_Sync_returns (0.11s)
    --- PASS: TestIngest_SyncedWALAdvancesOnlyPastASyncThatReturned/a_failed_Sync_freezes_it_until_a_segment_is_opened (0.35s)
    --- PASS: TestIngest_SyncedWALAdvancesOnlyPastASyncThatReturned/a_segment_closed_by_CloseSession_or_Close_is_not_held (0.18s)
    --- PASS: TestIngest_SyncedWALAdvancesOnlyPastASyncThatReturned/a_segment_opened_over_bytes_it_did_not_write_counts_none_of_them_synced (0.06s)
    --- PASS: TestIngest_SyncedWALAdvancesOnlyPastASyncThatReturned/a_Sync_that_panics_freezes_it (0.19s)
=== RUN   TestDrainNeverLeasesAWALLineBeforeItsSyncReturns
=== RUN   TestDrainNeverLeasesAWALLineBeforeItsSyncReturns/wired_as_the_daemon_wires_it,_a_pass_takes_nothing_past_the_synced_size
=== RUN   TestDrainNeverLeasesAWALLineBeforeItsSyncReturns/a_drainer_with_no_ingest_behind_it_syncs_the_segment_before_it_leases
--- PASS: TestDrainNeverLeasesAWALLineBeforeItsSyncReturns (1.89s)
    --- PASS: TestDrainNeverLeasesAWALLineBeforeItsSyncReturns/wired_as_the_daemon_wires_it,_a_pass_takes_nothing_past_the_synced_size (1.19s)
    --- PASS: TestDrainNeverLeasesAWALLineBeforeItsSyncReturns/a_drainer_with_no_ingest_behind_it_syncs_the_segment_before_it_leases (0.70s)
=== RUN   TestDrainSyncsAFileTheIngestDoesNotHoldBeforeItsFirstLease
--- PASS: TestDrainSyncsAFileTheIngestDoesNotHoldBeforeItsFirstLease (1.99s)
=== RUN   TestDrainLeasesNothingFromAFileItCouldNotSync
--- PASS: TestDrainLeasesNothingFromAFileItCouldNotSync (0.95s)
=== RUN   TestDrainSyncsASpoolFileAHookStillHasOpen
--- PASS: TestDrainSyncsASpoolFileAHookStillHasOpen (0.32s)
=== RUN   TestDrainKeepsTheWALTheIngestHoldsForAnUnregisteredSession
=== PAUSE TestDrainKeepsTheWALTheIngestHoldsForAnUnregisteredSession
=== RUN   TestDrainKeepsTheWALOfASessionLiveByTrafficAlone
=== PAUSE TestDrainKeepsTheWALOfASessionLiveByTrafficAlone
=== RUN   TestDrainDoesNotRemoveAWALThatGrewBeforeTheRemovalDecision
=== PAUSE TestDrainDoesNotRemoveAWALThatGrewBeforeTheRemovalDecision
=== RUN   TestDrainPassIsBoundedByItsOwnSnapshotOfAGrowingSpoolFile
=== PAUSE TestDrainPassIsBoundedByItsOwnSnapshotOfAGrowingSpoolFile
=== RUN   TestDrainRemovesClosedRotatedSegmentsAndKeepsTheHeldOne
=== PAUSE TestDrainRemovesClosedRotatedSegmentsAndKeepsTheHeldOne
=== RUN   TestStragglerAfterSessionEndIsNotLostWithItsReopenedSegment
=== PAUSE TestStragglerAfterSessionEndIsNotLostWithItsReopenedSegment
=== RUN   TestIngestRemoveDrainedWALRefusesHeldAndGrownSegments
=== PAUSE TestIngestRemoveDrainedWALRefusesHeldAndGrownSegments
=== RUN   TestIngestHoldsWALAnswersForTheCurrentSegmentOnly
=== PAUSE TestIngestHoldsWALAnswersForTheCurrentSegmentOnly
=== RUN   TestCarriedDefect_SP08D3_ReplayedPromptIsCapturedAtTurnZero
--- PASS: TestCarriedDefect_SP08D3_ReplayedPromptIsCapturedAtTurnZero (2.06s)
=== RUN   TestSP08D3_DistinctSameTextRepliesStayDistinct
--- PASS: TestSP08D3_DistinctSameTextRepliesStayDistinct (2.63s)
=== RUN   TestSP08D3_CaptureFailureIsNotAcknowledged
--- PASS: TestSP08D3_CaptureFailureIsNotAcknowledged (0.75s)
=== RUN   TestSP08D3_ReplayThroughRunIngestedEmitsNoOutput
--- PASS: TestSP08D3_ReplayThroughRunIngestedEmitsNoOutput (0.41s)
=== RUN   TestDrainRoundTripsACleanupIntentThroughTheRecordCodec
=== RUN   TestDrainRoundTripsACleanupIntentThroughTheRecordCodec/the_intents_a_record_holds_survive_the_write_and_the_read
=== RUN   TestDrainRoundTripsACleanupIntentThroughTheRecordCodec/a_later_pass_removes_the_blob_an_inherited_intent_names
--- PASS: TestDrainRoundTripsACleanupIntentThroughTheRecordCodec (0.30s)
    --- PASS: TestDrainRoundTripsACleanupIntentThroughTheRecordCodec/the_intents_a_record_holds_survive_the_write_and_the_read (0.15s)
    --- PASS: TestDrainRoundTripsACleanupIntentThroughTheRecordCodec/a_later_pass_removes_the_blob_an_inherited_intent_names (0.14s)
=== RUN   TestDrainKeepsTheDurableBoundItRecordedWhenASegmentIsReopenedBelowIt
--- PASS: TestDrainKeepsTheDurableBoundItRecordedWhenASegmentIsReopenedBelowIt (0.20s)
=== RUN   TestDrainDoesNotKeepARawStatBoundItDidNotRecord
=== RUN   TestDrainDoesNotKeepARawStatBoundItDidNotRecord/a_record_written_before_the_mark,_whose_size_names_the_unsynced_tail
=== RUN   TestDrainDoesNotKeepARawStatBoundItDidNotRecord/a_record_this_code_wrote,_whose_size_names_only_durable_bytes
--- PASS: TestDrainDoesNotKeepARawStatBoundItDidNotRecord (0.97s)
    --- PASS: TestDrainDoesNotKeepARawStatBoundItDidNotRecord/a_record_written_before_the_mark,_whose_size_names_the_unsynced_tail (0.52s)
    --- PASS: TestDrainDoesNotKeepARawStatBoundItDidNotRecord/a_record_this_code_wrote,_whose_size_names_only_durable_bytes (0.45s)
=== RUN   TestDrainWritesALoadableRecordWhenAFileShrinksUnderThePass
--- PASS: TestDrainWritesALoadableRecordWhenAFileShrinksUnderThePass (0.64s)
=== RUN   TestDrainDoesNotMarkASizeThatRestsOnALegacyOffset
--- PASS: TestDrainDoesNotMarkASizeThatRestsOnALegacyOffset (0.46s)
=== RUN   TestDrainKeepsTheProvenanceOfARecordItDidNotVisit
--- PASS: TestDrainKeepsTheProvenanceOfARecordItDidNotVisit (0.25s)
=== RUN   TestDrainRejectedResponseIsRetryableAfterRestart
--- PASS: TestDrainRejectedResponseIsRetryableAfterRestart (0.29s)
=== RUN   TestDrainCanceledRejectedHandlerLeavesCurrentLinePending
--- PASS: TestDrainCanceledRejectedHandlerLeavesCurrentLinePending (0.26s)
=== RUN   TestDrainTrailingIncompleteLineWaitsForCompletion
--- PASS: TestDrainTrailingIncompleteLineWaitsForCompletion (0.24s)
=== RUN   TestDrainLoadStateTreatsAFileParentAsNoState
--- PASS: TestDrainLoadStateTreatsAFileParentAsNoState (0.01s)
=== RUN   TestDrainStatePersistenceFailurePreservesSpool
--- PASS: TestDrainStatePersistenceFailurePreservesSpool (0.22s)
=== RUN   TestDrainRejectedBlobResponseRetainsBlobForRestart
--- PASS: TestDrainRejectedBlobResponseRetainsBlobForRestart (0.39s)
=== RUN   TestDrainRestartCleansPersistedBlobWithoutRedispatching
--- PASS: TestDrainRestartCleansPersistedBlobWithoutRedispatching (0.21s)
=== RUN   TestDrainRestartCleansPriorBlobBeforeRetryingLaterRejectedLine
--- PASS: TestDrainRestartCleansPriorBlobBeforeRetryingLaterRejectedLine (0.30s)
=== RUN   TestDrainWindowsOpenBlobRetainsCleanupIntent
--- PASS: TestDrainWindowsOpenBlobRetainsCleanupIntent (0.29s)
=== RUN   TestDrainCrossFileSharedBlobWaitsForLaterRetry
--- PASS: TestDrainCrossFileSharedBlobWaitsForLaterRetry (0.70s)
=== RUN   TestDrainFreshSeenMayRedeliverWithoutPersistedOffset
--- PASS: TestDrainFreshSeenMayRedeliverWithoutPersistedOffset (0.16s)
=== RUN   TestDrainRejectsInvalidPersistedStateBeforeTouchingRecoveryResources
=== RUN   TestDrainRejectsInvalidPersistedStateBeforeTouchingRecoveryResources/malformed
=== RUN   TestDrainRejectsInvalidPersistedStateBeforeTouchingRecoveryResources/null_state
=== RUN   TestDrainRejectsInvalidPersistedStateBeforeTouchingRecoveryResources/null_file_entry
=== RUN   TestDrainRejectsInvalidPersistedStateBeforeTouchingRecoveryResources/negative_offset
=== RUN   TestDrainRejectsInvalidPersistedStateBeforeTouchingRecoveryResources/offset_beyond_spool_size
=== RUN   TestDrainRejectsInvalidPersistedStateBeforeTouchingRecoveryResources/done_without_complete_offset
--- PASS: TestDrainRejectsInvalidPersistedStateBeforeTouchingRecoveryResources (0.44s)
    --- PASS: TestDrainRejectsInvalidPersistedStateBeforeTouchingRecoveryResources/malformed (0.08s)
    --- PASS: TestDrainRejectsInvalidPersistedStateBeforeTouchingRecoveryResources/null_state (0.13s)
    --- PASS: TestDrainRejectsInvalidPersistedStateBeforeTouchingRecoveryResources/null_file_entry (0.09s)
    --- PASS: TestDrainRejectsInvalidPersistedStateBeforeTouchingRecoveryResources/negative_offset (0.06s)
    --- PASS: TestDrainRejectsInvalidPersistedStateBeforeTouchingRecoveryResources/offset_beyond_spool_size (0.04s)
    --- PASS: TestDrainRejectsInvalidPersistedStateBeforeTouchingRecoveryResources/done_without_complete_offset (0.04s)
=== RUN   TestDrainKeepsItsProgressLoadableWhenAStragglerReopensADrainedSegment
--- PASS: TestDrainKeepsItsProgressLoadableWhenAStragglerReopensADrainedSegment (0.49s)
=== RUN   TestDrainForgetsAFileDurablyBeforeUnlinkingIt
=== PAUSE TestDrainForgetsAFileDurablyBeforeUnlinkingIt
=== RUN   TestDrainCrashAtTheUnlinkLeavesNoProgressForARecreatedSegment
=== PAUSE TestDrainCrashAtTheUnlinkLeavesNoProgressForARecreatedSegment
=== RUN   TestDrainRestoresProgressWhenItDoesNotRemoveTheFile
=== PAUSE TestDrainRestoresProgressWhenItDoesNotRemoveTheFile
=== RUN   TestDrainDoesNotForgetASegmentTheIngestHolds
=== PAUSE TestDrainDoesNotForgetASegmentTheIngestHolds
=== RUN   TestDrainCrashBetweenForgettingAndUnlinkingReplaysOnlyWhatTheFrontierLacks
--- PASS: TestDrainCrashBetweenForgettingAndUnlinkingReplaysOnlyWhatTheFrontierLacks (0.91s)
=== RUN   TestDrainStartupForgetsStaleProgressBeforeTheSessionRecreatesItsSegment
=== PAUSE TestDrainStartupForgetsStaleProgressBeforeTheSessionRecreatesItsSegment
=== RUN   TestDrainForgetsReleasedProgressForMissingFilesBeforeReadingAny
=== PAUSE TestDrainForgetsReleasedProgressForMissingFilesBeforeReadingAny
=== RUN   TestDrainForgetsAFileAlreadyGoneAtItsRemoval
=== PAUSE TestDrainForgetsAFileAlreadyGoneAtItsRemoval
=== RUN   TestDrainKeepsProgressWhenItCannotPersistTheForgetting
=== PAUSE TestDrainKeepsProgressWhenItCannotPersistTheForgetting
=== RUN   TestDrainRejectsMismatchedProgressBeforePruningIt
=== PAUSE TestDrainRejectsMismatchedProgressBeforePruningIt
=== RUN   TestDrainKeepsCleanupIntentsForAFileDeletedAfterTheListing
=== PAUSE TestDrainKeepsCleanupIntentsForAFileDeletedAfterTheListing
=== RUN   TestDrainPersistsPerFileBeforeMovingOn
=== PAUSE TestDrainPersistsPerFileBeforeMovingOn
=== RUN   TestDrainPersistsAFileBeforeCleaningUpItsBlobs
=== PAUSE TestDrainPersistsAFileBeforeCleaningUpItsBlobs
=== RUN   TestDrainIsIdempotent
=== PAUSE TestDrainIsIdempotent
=== RUN   TestDrainResumesAfterCancel
=== PAUSE TestDrainResumesAfterCancel
=== RUN   TestDrainResolvesBlobs
=== PAUSE TestDrainResolvesBlobs
=== RUN   TestDrainSurvivesCorruptLine
=== PAUSE TestDrainSurvivesCorruptLine
=== RUN   TestDrainKeepsLiveSessionWAL
=== PAUSE TestDrainKeepsLiveSessionWAL
=== RUN   TestDrainNotesAStaleProgressOnceThenClears
=== PAUSE TestDrainNotesAStaleProgressOnceThenClears
=== RUN   TestWalSessionID
=== PAUSE TestWalSessionID
=== RUN   TestIngestWALIsExactBytes
=== PAUSE TestIngestWALIsExactBytes
=== RUN   TestIngestRingFullWALsEveryLineAndNeverSpills
--- PASS: TestIngestRingFullWALsEveryLineAndNeverSpills (0.10s)
=== RUN   TestIngestACKPrecedesProcessing
--- PASS: TestIngestACKPrecedesProcessing (0.04s)
=== RUN   TestIngestWALRotates
=== PAUSE TestIngestWALRotates
=== RUN   TestIngestResolvesBlobsEndToEnd
=== PAUSE TestIngestResolvesBlobsEndToEnd
=== RUN   TestLiveDispatchedLineIsNotRedispatchedByDrain
=== PAUSE TestLiveDispatchedLineIsNotRedispatchedByDrain
=== RUN   TestIngest_WALGroupCommitOneSyncPerSegmentPerBatch
--- PASS: TestIngest_WALGroupCommitOneSyncPerSegmentPerBatch (0.12s)
=== RUN   TestIngest_AcceptNeverReturnsBeforeItsWALSync
--- PASS: TestIngest_AcceptNeverReturnsBeforeItsWALSync (0.17s)
=== RUN   TestIngest_CloseWaitsForTheWALBatchInFlight
=== RUN   TestIngest_CloseWaitsForTheWALBatchInFlight/CloseSession
=== RUN   TestIngest_CloseWaitsForTheWALBatchInFlight/Close
--- PASS: TestIngest_CloseWaitsForTheWALBatchInFlight (0.16s)
    --- PASS: TestIngest_CloseWaitsForTheWALBatchInFlight/CloseSession (0.07s)
    --- PASS: TestIngest_CloseWaitsForTheWALBatchInFlight/Close (0.09s)
=== RUN   TestIngest_WALBatchPreservesRotationBoundaries
--- PASS: TestIngest_WALBatchPreservesRotationBoundaries (0.47s)
=== RUN   TestIngest_WALFailureFailsExactlyItsSegment
=== RUN   TestIngest_WALFailureFailsExactlyItsSegment/a_write_error
=== RUN   TestIngest_WALFailureFailsExactlyItsSegment/a_short_write
=== RUN   TestIngest_WALFailureFailsExactlyItsSegment/a_sync_error
=== RUN   TestIngest_WALFailureFailsExactlyItsSegment/a_sync_error_on_a_batch's_only_segment
=== RUN   TestIngest_WALFailureFailsExactlyItsSegment/a_rotation's_sync_error_fails_only_the_outgoing_segment
=== RUN   TestIngest_WALFailureFailsExactlyItsSegment/a_rotation_flush's_write_error_fails_only_the_outgoing_segment
=== RUN   TestIngest_WALFailureFailsExactlyItsSegment/a_rotation_flush's_short_write_fails_only_the_outgoing_segment
=== RUN   TestIngest_WALFailureFailsExactlyItsSegment/a_line_after_a_rotation_whose_open_failed_goes_to_the_segment_it_reopens
=== RUN   TestIngest_WALFailureFailsExactlyItsSegment/a_rotation_whose_Close_fails_fails_its_session's_lines
=== RUN   TestIngest_WALFailureFailsExactlyItsSegment/a_Sync_that_panics_on_the_leader
=== RUN   TestIngest_WALFailureFailsExactlyItsSegment/a_Sync_that_panics_on_a_helper_goroutine
=== RUN   TestIngest_WALFailureFailsExactlyItsSegment/a_Sync_that_never_returns_on_a_helper_goroutine
=== RUN   TestIngest_WALFailureFailsExactlyItsSegment/a_Sync_that_never_returns_on_the_leader
--- PASS: TestIngest_WALFailureFailsExactlyItsSegment (1.44s)
    --- PASS: TestIngest_WALFailureFailsExactlyItsSegment/a_write_error (0.10s)
    --- PASS: TestIngest_WALFailureFailsExactlyItsSegment/a_short_write (0.09s)
    --- PASS: TestIngest_WALFailureFailsExactlyItsSegment/a_sync_error (0.11s)
    --- PASS: TestIngest_WALFailureFailsExactlyItsSegment/a_sync_error_on_a_batch's_only_segment (0.10s)
    --- PASS: TestIngest_WALFailureFailsExactlyItsSegment/a_rotation's_sync_error_fails_only_the_outgoing_segment (0.12s)
    --- PASS: TestIngest_WALFailureFailsExactlyItsSegment/a_rotation_flush's_write_error_fails_only_the_outgoing_segment (0.10s)
    --- PASS: TestIngest_WALFailureFailsExactlyItsSegment/a_rotation_flush's_short_write_fails_only_the_outgoing_segment (0.10s)
    --- PASS: TestIngest_WALFailureFailsExactlyItsSegment/a_line_after_a_rotation_whose_open_failed_goes_to_the_segment_it_reopens (0.16s)
    --- PASS: TestIngest_WALFailureFailsExactlyItsSegment/a_rotation_whose_Close_fails_fails_its_session's_lines (0.13s)
    --- PASS: TestIngest_WALFailureFailsExactlyItsSegment/a_Sync_that_panics_on_the_leader (0.09s)
    --- PASS: TestIngest_WALFailureFailsExactlyItsSegment/a_Sync_that_panics_on_a_helper_goroutine (0.11s)
    --- PASS: TestIngest_WALFailureFailsExactlyItsSegment/a_Sync_that_never_returns_on_a_helper_goroutine (0.11s)
    --- PASS: TestIngest_WALFailureFailsExactlyItsSegment/a_Sync_that_never_returns_on_the_leader (0.12s)
=== RUN   TestIngest_LeaseLineNeverPrecedesItsWALSync
--- PASS: TestIngest_LeaseLineNeverPrecedesItsWALSync (0.40s)
=== RUN   TestIngest_WALBatchStopsAtTheRequestCap
--- PASS: TestIngest_WALBatchStopsAtTheRequestCap (0.24s)
=== RUN   TestIngest_WALBatchByteCapCountsEveryTerminator
--- PASS: TestIngest_WALBatchByteCapCountsEveryTerminator (1.22s)
=== RUN   TestIngest_WALBatchByteCapAdmitsLinesThatFillItExactly
--- PASS: TestIngest_WALBatchByteCapAdmitsLinesThatFillItExactly (1.28s)
=== RUN   TestPromptOrder_V6_OrderingGateGivesTurnZeroToEarliestLeasedArrival
--- PASS: TestPromptOrder_V6_OrderingGateGivesTurnZeroToEarliestLeasedArrival (1.30s)
=== RUN   TestPromptOrder_V6_UnleasedEarlierSpooledIsSeparateUncertainty
--- PASS: TestPromptOrder_V6_UnleasedEarlierSpooledIsSeparateUncertainty (1.05s)
=== CONT  TestDrainOfSpooledFlushLineDoesNotDeadlock
=== CONT  TestDrainForgetsAFileAlreadyGoneAtItsRemoval
=== CONT  TestIngestRemoveDrainedWALRefusesHeldAndGrownSegments
=== CONT  TestDrainRestoresProgressWhenItDoesNotRemoveTheFile
=== CONT  TestDrainForgetsAFileDurablyBeforeUnlinkingIt
=== CONT  TestIngestHoldsWALAnswersForTheCurrentSegmentOnly
=== CONT  TestIngestWALIsExactBytes
=== RUN   TestDrainForgetsAFileDurablyBeforeUnlinkingIt/read_to_its_end_by_the_same_pass
=== PAUSE TestDrainForgetsAFileDurablyBeforeUnlinkingIt/read_to_its_end_by_the_same_pass
=== CONT  TestDrainPersistsAFileBeforeCleaningUpItsBlobs
=== RUN   TestDrainForgetsAFileDurablyBeforeUnlinkingIt/finished_by_an_earlier_pass
=== CONT  TestDrainDoesNotRemoveAWALThatGrewBeforeTheRemovalDecision
=== CONT  TestDrainDoesNotForgetASegmentTheIngestHolds
=== PAUSE TestDrainForgetsAFileDurablyBeforeUnlinkingIt/finished_by_an_earlier_pass
=== CONT  TestDrainRemovesClosedRotatedSegmentsAndKeepsTheHeldOne
=== CONT  TestDrainRejectsMismatchedProgressBeforePruningIt
=== CONT  TestDrainKeepsTheWALOfASessionLiveByTrafficAlone
=== CONT  TestDrainPassIsBoundedByItsOwnSnapshotOfAGrowingSpoolFile
=== CONT  TestMarkerIsWrittenByFlushAndCheckpointOnly
=== CONT  TestDrainCrashAtTheUnlinkLeavesNoProgressForARecreatedSegment
=== CONT  TestDrainKeepsCleanupIntentsForAFileDeletedAfterTheListing
=== CONT  TestDrainForgetsReleasedProgressForMissingFilesBeforeReadingAny
=== CONT  TestDrainKeepsLiveSessionWAL
=== CONT  TestLiveDispatchedLineIsNotRedispatchedByDrain
=== CONT  TestIngestWALRotates
=== RUN   TestDrainRestoresProgressWhenItDoesNotRemoveTheFile/the_ingest_refuses_a_segment_reopened_after_the_drain_asked
=== CONT  TestDrainStartupForgetsStaleProgressBeforeTheSessionRecreatesItsSegment
=== CONT  TestStragglerAfterSessionEndIsNotLostWithItsReopenedSegment
=== RUN   TestDrainCrashAtTheUnlinkLeavesNoProgressForARecreatedSegment/recreated_smaller
=== RUN   TestDrainStartupForgetsStaleProgressBeforeTheSessionRecreatesItsSegment/recreated_smaller
=== PAUSE TestDrainRestoresProgressWhenItDoesNotRemoveTheFile/the_ingest_refuses_a_segment_reopened_after_the_drain_asked
=== PAUSE TestDrainCrashAtTheUnlinkLeavesNoProgressForARecreatedSegment/recreated_smaller
=== PAUSE TestDrainStartupForgetsStaleProgressBeforeTheSessionRecreatesItsSegment/recreated_smaller
=== RUN   TestDrainRestoresProgressWhenItDoesNotRemoveTheFile/the_unlink_fails
=== RUN   TestDrainCrashAtTheUnlinkLeavesNoProgressForARecreatedSegment/recreated_at_the_same_size
=== PAUSE TestDrainRestoresProgressWhenItDoesNotRemoveTheFile/the_unlink_fails
=== RUN   TestDrainStartupForgetsStaleProgressBeforeTheSessionRecreatesItsSegment/recreated_at_the_same_size
=== CONT  TestDrainPersistsPerFileBeforeMovingOn
=== PAUSE TestDrainCrashAtTheUnlinkLeavesNoProgressForARecreatedSegment/recreated_at_the_same_size
=== PAUSE TestDrainStartupForgetsStaleProgressBeforeTheSessionRecreatesItsSegment/recreated_at_the_same_size
=== RUN   TestDrainCrashAtTheUnlinkLeavesNoProgressForARecreatedSegment/recreated_larger
=== PAUSE TestDrainCrashAtTheUnlinkLeavesNoProgressForARecreatedSegment/recreated_larger
=== RUN   TestDrainStartupForgetsStaleProgressBeforeTheSessionRecreatesItsSegment/recreated_larger
=== CONT  TestDrainResumesAfterCancel
=== PAUSE TestDrainStartupForgetsStaleProgressBeforeTheSessionRecreatesItsSegment/recreated_larger
=== CONT  TestDrainResolvesBlobs
--- PASS: TestIngestRemoveDrainedWALRefusesHeldAndGrownSegments (0.20s)
=== CONT  TestWalSessionID
--- PASS: TestWalSessionID (0.00s)
=== CONT  TestIngestResolvesBlobsEndToEnd
--- PASS: TestIngestWALIsExactBytes (0.22s)
=== CONT  TestDrainNotesAStaleProgressOnceThenClears
--- PASS: TestIngestHoldsWALAnswersForTheCurrentSegmentOnly (0.26s)
=== CONT  TestDrainKeepsTheWALTheIngestHoldsForAnUnregisteredSession
--- PASS: TestDrainRejectsMismatchedProgressBeforePruningIt (0.27s)
=== CONT  TestDrainKeepsProgressWhenItCannotPersistTheForgetting
=== CONT  TestDrainSurvivesCorruptLine
--- PASS: TestIngestWALRotates (0.43s)
--- PASS: TestDrainKeepsLiveSessionWAL (0.65s)
=== CONT  TestDrainIsIdempotent
--- PASS: TestIngestResolvesBlobsEndToEnd (0.51s)
=== CONT  TestDrainForgetsAFileDurablyBeforeUnlinkingIt/finished_by_an_earlier_pass
--- PASS: TestLiveDispatchedLineIsNotRedispatchedByDrain (0.72s)
=== CONT  TestDrainForgetsAFileDurablyBeforeUnlinkingIt/read_to_its_end_by_the_same_pass
--- PASS: TestDrainPersistsAFileBeforeCleaningUpItsBlobs (0.76s)
=== CONT  TestDrainRestoresProgressWhenItDoesNotRemoveTheFile/the_unlink_fails
--- PASS: TestDrainResolvesBlobs (0.83s)
=== CONT  TestDrainRestoresProgressWhenItDoesNotRemoveTheFile/the_ingest_refuses_a_segment_reopened_after_the_drain_asked
--- PASS: TestDrainForgetsAFileAlreadyGoneAtItsRemoval (0.96s)
=== CONT  TestDrainCrashAtTheUnlinkLeavesNoProgressForARecreatedSegment/recreated_smaller
--- PASS: TestDrainNotesAStaleProgressOnceThenClears (0.76s)
=== CONT  TestDrainCrashAtTheUnlinkLeavesNoProgressForARecreatedSegment/recreated_larger
--- PASS: TestDrainKeepsTheWALOfASessionLiveByTrafficAlone (0.99s)
=== CONT  TestDrainCrashAtTheUnlinkLeavesNoProgressForARecreatedSegment/recreated_at_the_same_size
--- PASS: TestDrainOfSpooledFlushLineDoesNotDeadlock (1.04s)
=== CONT  TestDrainStartupForgetsStaleProgressBeforeTheSessionRecreatesItsSegment/recreated_larger
--- PASS: TestDrainSurvivesCorruptLine (0.61s)
=== CONT  TestDrainStartupForgetsStaleProgressBeforeTheSessionRecreatesItsSegment/recreated_at_the_same_size
--- PASS: TestDrainRemovesClosedRotatedSegmentsAndKeepsTheHeldOne (1.05s)
=== CONT  TestDrainStartupForgetsStaleProgressBeforeTheSessionRecreatesItsSegment/recreated_smaller
--- PASS: TestDrainPersistsPerFileBeforeMovingOn (1.06s)
--- PASS: TestDrainDoesNotForgetASegmentTheIngestHolds (1.07s)
--- PASS: TestDrainPassIsBoundedByItsOwnSnapshotOfAGrowingSpoolFile (1.07s)
--- PASS: TestDrainIsIdempotent (0.42s)
--- PASS: TestDrainResumesAfterCancel (1.08s)
--- PASS: TestDrainKeepsCleanupIntentsForAFileDeletedAfterTheListing (1.10s)
--- PASS: TestDrainKeepsTheWALTheIngestHoldsForAnUnregisteredSession (0.85s)
--- PASS: TestDrainKeepsProgressWhenItCannotPersistTheForgetting (0.85s)
--- PASS: TestDrainDoesNotRemoveAWALThatGrewBeforeTheRemovalDecision (1.13s)
--- PASS: TestDrainForgetsAFileDurablyBeforeUnlinkingIt (0.00s)
    --- PASS: TestDrainForgetsAFileDurablyBeforeUnlinkingIt/read_to_its_end_by_the_same_pass (0.40s)
    --- PASS: TestDrainForgetsAFileDurablyBeforeUnlinkingIt/finished_by_an_earlier_pass (0.42s)
--- PASS: TestMarkerIsWrittenByFlushAndCheckpointOnly (1.22s)
--- PASS: TestDrainForgetsReleasedProgressForMissingFilesBeforeReadingAny (1.24s)
--- PASS: TestDrainRestoresProgressWhenItDoesNotRemoveTheFile (0.00s)
    --- PASS: TestDrainRestoresProgressWhenItDoesNotRemoveTheFile/the_ingest_refuses_a_segment_reopened_after_the_drain_asked (0.64s)
    --- PASS: TestDrainRestoresProgressWhenItDoesNotRemoveTheFile/the_unlink_fails (0.73s)
--- PASS: TestDrainCrashAtTheUnlinkLeavesNoProgressForARecreatedSegment (0.00s)
    --- PASS: TestDrainCrashAtTheUnlinkLeavesNoProgressForARecreatedSegment/recreated_smaller (0.52s)
    --- PASS: TestDrainCrashAtTheUnlinkLeavesNoProgressForARecreatedSegment/recreated_larger (0.63s)
    --- PASS: TestDrainCrashAtTheUnlinkLeavesNoProgressForARecreatedSegment/recreated_at_the_same_size (0.69s)
--- PASS: TestStragglerAfterSessionEndIsNotLostWithItsReopenedSegment (1.69s)
--- PASS: TestDrainStartupForgetsStaleProgressBeforeTheSessionRecreatesItsSegment (0.00s)
    --- PASS: TestDrainStartupForgetsStaleProgressBeforeTheSessionRecreatesItsSegment/recreated_smaller (0.68s)
    --- PASS: TestDrainStartupForgetsStaleProgressBeforeTheSessionRecreatesItsSegment/recreated_larger (0.70s)
    --- PASS: TestDrainStartupForgetsStaleProgressBeforeTheSessionRecreatesItsSegment/recreated_at_the_same_size (0.85s)
=== RUN   TestDrainOfSpooledFlushLineDoesNotDeadlock
=== PAUSE TestDrainOfSpooledFlushLineDoesNotDeadlock
=== RUN   TestStartupDrainOfSpooledFlushLineDoesNotWedgeRun
--- PASS: TestStartupDrainOfSpooledFlushLineDoesNotWedgeRun (0.68s)
=== RUN   TestMarkerIsWrittenByFlushAndCheckpointOnly
=== PAUSE TestMarkerIsWrittenByFlushAndCheckpointOnly
=== RUN   TestDeliveryOrder_LiveSameSessionArrivalsPublishWithoutDrain
--- PASS: TestDeliveryOrder_LiveSameSessionArrivalsPublishWithoutDrain (3.65s)
=== RUN   TestDeliveryOrder_LiveReversedRingOrderPublishesWithoutDrain
--- PASS: TestDeliveryOrder_LiveReversedRingOrderPublishesWithoutDrain (2.05s)
=== RUN   TestDeliveryOrder_LiveOtherSessionsAreNotSerialized
--- PASS: TestDeliveryOrder_LiveOtherSessionsAreNotSerialized (1.84s)
=== RUN   TestDeliveryOrder_DrainReleaseWakesParkedLiveSuccessor
--- PASS: TestDeliveryOrder_DrainReleaseWakesParkedLiveSuccessor (1.92s)
=== RUN   TestDeliveryOrder_LiveLanesAreBoundedAndOverflowIsLeftForTheDrain
--- PASS: TestDeliveryOrder_LiveLanesAreBoundedAndOverflowIsLeftForTheDrain (2.71s)
=== RUN   TestDeliveryOrder_LiveFailedHeadIsRetriedByTheNextArrivalNotSpun
--- PASS: TestDeliveryOrder_LiveFailedHeadIsRetriedByTheNextArrivalNotSpun (2.11s)
=== RUN   TestDispatchLanes_SignalsKeepTheOwnerFromParkingOnAStaleView
--- PASS: TestDispatchLanes_SignalsKeepTheOwnerFromParkingOnAStaleView (0.00s)
=== RUN   TestDeliveryOrder_DrainReleasesSessionsOnlyAfterItsPass
--- PASS: TestDeliveryOrder_DrainReleasesSessionsOnlyAfterItsPass (2.06s)
=== RUN   TestDeliveryOrder_FlushSettlesQueuedSessionEventsBeforeSessionEnd
--- PASS: TestDeliveryOrder_FlushSettlesQueuedSessionEventsBeforeSessionEnd (5.21s)
=== RUN   TestDeliveryOrder_FlushDrainsAParkedSessionBeforeSessionEnd
--- PASS: TestDeliveryOrder_FlushDrainsAParkedSessionBeforeSessionEnd (4.95s)
=== RUN   TestDeliveryOrder_FlushThatCannotSettleSaysSoAndLosesNothing
--- PASS: TestDeliveryOrder_FlushThatCannotSettleSaysSoAndLosesNothing (3.96s)
=== RUN   TestDeliveryOrder_PredecessorsAcknowledgedGate
--- PASS: TestDeliveryOrder_PredecessorsAcknowledgedGate (0.92s)
=== RUN   TestDeliveryOrder_DrainReversedWALvsLeaseOrder
--- PASS: TestDeliveryOrder_DrainReversedWALvsLeaseOrder (2.11s)
=== RUN   TestDeliveryOrder_UnreadableFrontierFailsClosed
--- PASS: TestDeliveryOrder_UnreadableFrontierFailsClosed (0.91s)
=== RUN   TestDeliveryOrder_MissingJournalGetterFailsClosed
--- PASS: TestDeliveryOrder_MissingJournalGetterFailsClosed (0.32s)
=== RUN   TestDeliveryOrder_UnreadableFrontierNoPublication
--- PASS: TestDeliveryOrder_UnreadableFrontierNoPublication (0.72s)
=== RUN   TestDeliveryOrder_DrainReversedPrefixBeyondBufferBoundDoesNotWedge
--- PASS: TestDeliveryOrder_DrainReversedPrefixBeyondBufferBoundDoesNotWedge (106.15s)
=== RUN   TestDeliveryOrder_DrainOrdersPerSessionIndependently
--- PASS: TestDeliveryOrder_DrainOrdersPerSessionIndependently (2.45s)
=== RUN   TestDeliveryOrder_DrainCancellationPreservesUnconsumed
--- PASS: TestDeliveryOrder_DrainCancellationPreservesUnconsumed (0.77s)
=== RUN   TestDeliveryOrder_LeasedDenyOnRetryPreservedPending
--- PASS: TestDeliveryOrder_LeasedDenyOnRetryPreservedPending (1.05s)
=== RUN   TestDrainAdmitsAndAcknowledgesInheritedRecords
--- PASS: TestDrainAdmitsAndAcknowledgesInheritedRecords (0.70s)
=== RUN   TestDrainReportsGapsInsteadOfSilentCompleteness
--- PASS: TestDrainReportsGapsInsteadOfSilentCompleteness (0.32s)
=== RUN   TestSessionEndRecordsRecoveryNeeded
--- PASS: TestSessionEndRecordsRecoveryNeeded (0.67s)
=== RUN   TestDeliveryTerminal_ArchivedDenialSettlesOrderingWithoutCaptureAck
--- PASS: TestDeliveryTerminal_ArchivedDenialSettlesOrderingWithoutCaptureAck (3.20s)
=== RUN   TestDeliveryTerminal_RotationDefersDispositionWithoutDeadlock
--- PASS: TestDeliveryTerminal_RotationDefersDispositionWithoutDeadlock (0.93s)
=== RUN   TestDeliveryTerminal_DrainAfterPhysicalScopeChanges
    delivery_terminal_integration_test.go:45: directory symlink unavailable: symlink C:\Users\Quant\AppData\Local\Temp\TestDeliveryTerminal_DrainAfterPhysicalScopeChanges3443890139\002 C:\Users\Quant\AppData\Local\Temp\TestDeliveryTerminal_DrainAfterPhysicalScopeChanges3443890139\001\allowed: A required privilege is not held by the client.
--- SKIP: TestDeliveryTerminal_DrainAfterPhysicalScopeChanges (0.71s)
=== RUN   TestDeliveryTerminal_RetirementBeforeOffsetSurvivesRestart
--- PASS: TestDeliveryTerminal_RetirementBeforeOffsetSurvivesRestart (1.48s)
=== RUN   TestDeliveryTerminal_UnprovedPolicyAndUnavailableJournalRemainPending
=== RUN   TestDeliveryTerminal_UnprovedPolicyAndUnavailableJournalRemainPending/policy_unavailable
=== RUN   TestDeliveryTerminal_UnprovedPolicyAndUnavailableJournalRemainPending/journal_unavailable
=== RUN   TestDeliveryTerminal_UnprovedPolicyAndUnavailableJournalRemainPending/binding_conflict
--- PASS: TestDeliveryTerminal_UnprovedPolicyAndUnavailableJournalRemainPending (1.98s)
    --- PASS: TestDeliveryTerminal_UnprovedPolicyAndUnavailableJournalRemainPending/policy_unavailable (0.66s)
    --- PASS: TestDeliveryTerminal_UnprovedPolicyAndUnavailableJournalRemainPending/journal_unavailable (0.56s)
    --- PASS: TestDeliveryTerminal_UnprovedPolicyAndUnavailableJournalRemainPending/binding_conflict (0.75s)
=== RUN   TestDeliveryTerminal_LiveQueuePolicyChangeCreatesNoCapture
--- PASS: TestDeliveryTerminal_LiveQueuePolicyChangeCreatesNoCapture (0.49s)
=== RUN   TestDeliveryTerminal_DrainWaitsForLivePublicationOwner
--- PASS: TestDeliveryTerminal_DrainWaitsForLivePublicationOwner (1.88s)
=== RUN   TestDeliveryTerminal_RestartRetainsDenialWithoutCaptureACK
--- PASS: TestDeliveryTerminal_RestartRetainsDenialWithoutCaptureACK (0.64s)
=== RUN   TestDeliveryTerminal_RejectsUnknownOrChangedLease
--- PASS: TestDeliveryTerminal_RejectsUnknownOrChangedLease (0.32s)
=== RUN   TestDeliveryTerminal_MalformedEvidenceIsPreservedAndUnavailable
--- PASS: TestDeliveryTerminal_MalformedEvidenceIsPreservedAndUnavailable (0.89s)
=== RUN   TestDeliveryTerminal_StagingArtifactIsNotACompletion
--- PASS: TestDeliveryTerminal_StagingArtifactIsNotACompletion (0.90s)
=== RUN   TestDrainDoesNotRedeliverAnAcknowledgedClientCopy
--- PASS: TestDrainDoesNotRedeliverAnAcknowledgedClientCopy (0.90s)
=== RUN   TestDrainSkipsAnUnadmittableRecordAndDeliversWhatFollows
--- PASS: TestDrainSkipsAnUnadmittableRecordAndDeliversWhatFollows (1.10s)
=== RUN   TestDrainReportsADeniedRecordAsAGapAndMovesOn
--- PASS: TestDrainReportsADeniedRecordAsAGapAndMovesOn (0.90s)
=== RUN   TestDrainPersistsADegradedCaptureAsEvidence
--- PASS: TestDrainPersistsADegradedCaptureAsEvidence (0.69s)
=== RUN   TestNewDrainerIssuesTheRealSyncsByDefault
--- PASS: TestNewDrainerIssuesTheRealSyncsByDefault (0.01s)
=== RUN   TestDrainTakesNothingOfAFreshSegmentBeforeItsFirstSyncReturns
--- PASS: TestDrainTakesNothingOfAFreshSegmentBeforeItsFirstSyncReturns (0.63s)
=== RUN   TestDrainReadsAHeldSegmentNoFurtherThanItsStat
--- PASS: TestDrainReadsAHeldSegmentNoFurtherThanItsStat (0.30s)
=== RUN   TestDrainLeavesBytesAppendedAfterItsSyncForTheNextPass
--- PASS: TestDrainLeavesBytesAppendedAfterItsSyncForTheNextPass (0.30s)
=== RUN   TestDrainFsyncsASpoolFileOnAHandleOfItsOwnBeforeItsFirstDispatch
--- PASS: TestDrainFsyncsASpoolFileOnAHandleOfItsOwnBeforeItsFirstDispatch (0.29s)
=== RUN   TestDrainCountsTheBytesOfAFileItCouldNotSyncAsPending
--- PASS: TestDrainCountsTheBytesOfAFileItCouldNotSyncAsPending (0.39s)
=== RUN   TestDrainSyncsTheSpoolDirectoryOncePerPassBeforeItConsumesASyncedFile
--- PASS: TestDrainSyncsTheSpoolDirectoryOncePerPassBeforeItConsumesASyncedFile (1.08s)
=== RUN   TestDrainAnnouncesAFileItCannotSyncOncePerFailure
--- PASS: TestDrainAnnouncesAFileItCannotSyncOncePerFailure (0.33s)
=== RUN   TestDrainRecoversFromACrashThatTookAHeldSegmentsUnsyncedTail
--- PASS: TestDrainRecoversFromACrashThatTookAHeldSegmentsUnsyncedTail (0.29s)
=== RUN   TestDrainRefusesProgressWhoseFileLostItsDurableBytes
=== RUN   TestDrainRefusesProgressWhoseFileLostItsDurableBytes/a_file_truncated_below_the_bytes_the_drain_consumed
=== RUN   TestDrainRefusesProgressWhoseFileLostItsDurableBytes/a_file_replaced_by_different_bytes,_short_of_the_bound_its_progress_names
=== RUN   TestDrainRefusesProgressWhoseFileLostItsDurableBytes/a_held_segment_that_comes_back_short_of_the_synced_size_it_recorded
--- PASS: TestDrainRefusesProgressWhoseFileLostItsDurableBytes (0.43s)
    --- PASS: TestDrainRefusesProgressWhoseFileLostItsDurableBytes/a_file_truncated_below_the_bytes_the_drain_consumed (0.15s)
    --- PASS: TestDrainRefusesProgressWhoseFileLostItsDurableBytes/a_file_replaced_by_different_bytes,_short_of_the_bound_its_progress_names (0.13s)
    --- PASS: TestDrainRefusesProgressWhoseFileLostItsDurableBytes/a_held_segment_that_comes_back_short_of_the_synced_size_it_recorded (0.15s)
=== RUN   TestDrainConsumesNothingOfAFileWhoseFsyncFailed
--- PASS: TestDrainConsumesNothingOfAFileWhoseFsyncFailed (0.17s)
=== RUN   TestDrainConsumesNothingWhenItCannotCloseTheHandleItSynced
--- PASS: TestDrainConsumesNothingWhenItCannotCloseTheHandleItSynced (0.17s)
=== RUN   TestDrainSyncNeverCreatesASpoolFileThatIsGone
--- PASS: TestDrainSyncNeverCreatesASpoolFileThatIsGone (0.36s)
=== RUN   TestIngest_SyncedWALAdvancesOnlyPastASyncThatReturned
=== RUN   TestIngest_SyncedWALAdvancesOnlyPastASyncThatReturned/a_batch_in_flight_adds_nothing_until_its_Sync_returns
=== RUN   TestIngest_SyncedWALAdvancesOnlyPastASyncThatReturned/a_failed_Sync_freezes_it_until_a_segment_is_opened
=== RUN   TestIngest_SyncedWALAdvancesOnlyPastASyncThatReturned/a_segment_closed_by_CloseSession_or_Close_is_not_held
=== RUN   TestIngest_SyncedWALAdvancesOnlyPastASyncThatReturned/a_segment_opened_over_bytes_it_did_not_write_counts_none_of_them_synced
=== RUN   TestIngest_SyncedWALAdvancesOnlyPastASyncThatReturned/a_Sync_that_panics_freezes_it
--- PASS: TestIngest_SyncedWALAdvancesOnlyPastASyncThatReturned (0.31s)
    --- PASS: TestIngest_SyncedWALAdvancesOnlyPastASyncThatReturned/a_batch_in_flight_adds_nothing_until_its_Sync_returns (0.08s)
    --- PASS: TestIngest_SyncedWALAdvancesOnlyPastASyncThatReturned/a_failed_Sync_freezes_it_until_a_segment_is_opened (0.08s)
    --- PASS: TestIngest_SyncedWALAdvancesOnlyPastASyncThatReturned/a_segment_closed_by_CloseSession_or_Close_is_not_held (0.06s)
    --- PASS: TestIngest_SyncedWALAdvancesOnlyPastASyncThatReturned/a_segment_opened_over_bytes_it_did_not_write_counts_none_of_them_synced (0.04s)
    --- PASS: TestIngest_SyncedWALAdvancesOnlyPastASyncThatReturned/a_Sync_that_panics_freezes_it (0.06s)
=== RUN   TestDrainNeverLeasesAWALLineBeforeItsSyncReturns
=== RUN   TestDrainNeverLeasesAWALLineBeforeItsSyncReturns/wired_as_the_daemon_wires_it,_a_pass_takes_nothing_past_the_synced_size
=== RUN   TestDrainNeverLeasesAWALLineBeforeItsSyncReturns/a_drainer_with_no_ingest_behind_it_syncs_the_segment_before_it_leases
--- PASS: TestDrainNeverLeasesAWALLineBeforeItsSyncReturns (1.15s)
    --- PASS: TestDrainNeverLeasesAWALLineBeforeItsSyncReturns/wired_as_the_daemon_wires_it,_a_pass_takes_nothing_past_the_synced_size (0.70s)
    --- PASS: TestDrainNeverLeasesAWALLineBeforeItsSyncReturns/a_drainer_with_no_ingest_behind_it_syncs_the_segment_before_it_leases (0.45s)
=== RUN   TestDrainSyncsAFileTheIngestDoesNotHoldBeforeItsFirstLease
--- PASS: TestDrainSyncsAFileTheIngestDoesNotHoldBeforeItsFirstLease (1.55s)
=== RUN   TestDrainLeasesNothingFromAFileItCouldNotSync
--- PASS: TestDrainLeasesNothingFromAFileItCouldNotSync (0.89s)
=== RUN   TestDrainSyncsASpoolFileAHookStillHasOpen
--- PASS: TestDrainSyncsASpoolFileAHookStillHasOpen (0.25s)
=== RUN   TestDrainKeepsTheWALTheIngestHoldsForAnUnregisteredSession
=== PAUSE TestDrainKeepsTheWALTheIngestHoldsForAnUnregisteredSession
=== RUN   TestDrainKeepsTheWALOfASessionLiveByTrafficAlone
=== PAUSE TestDrainKeepsTheWALOfASessionLiveByTrafficAlone
=== RUN   TestDrainDoesNotRemoveAWALThatGrewBeforeTheRemovalDecision
=== PAUSE TestDrainDoesNotRemoveAWALThatGrewBeforeTheRemovalDecision
=== RUN   TestDrainPassIsBoundedByItsOwnSnapshotOfAGrowingSpoolFile
=== PAUSE TestDrainPassIsBoundedByItsOwnSnapshotOfAGrowingSpoolFile
=== RUN   TestDrainRemovesClosedRotatedSegmentsAndKeepsTheHeldOne
=== PAUSE TestDrainRemovesClosedRotatedSegmentsAndKeepsTheHeldOne
=== RUN   TestStragglerAfterSessionEndIsNotLostWithItsReopenedSegment
=== PAUSE TestStragglerAfterSessionEndIsNotLostWithItsReopenedSegment
=== RUN   TestIngestRemoveDrainedWALRefusesHeldAndGrownSegments
=== PAUSE TestIngestRemoveDrainedWALRefusesHeldAndGrownSegments
=== RUN   TestIngestHoldsWALAnswersForTheCurrentSegmentOnly
=== PAUSE TestIngestHoldsWALAnswersForTheCurrentSegmentOnly
=== RUN   TestCarriedDefect_SP08D3_ReplayedPromptIsCapturedAtTurnZero
--- PASS: TestCarriedDefect_SP08D3_ReplayedPromptIsCapturedAtTurnZero (1.55s)
=== RUN   TestSP08D3_DistinctSameTextRepliesStayDistinct
--- PASS: TestSP08D3_DistinctSameTextRepliesStayDistinct (1.67s)
=== RUN   TestSP08D3_CaptureFailureIsNotAcknowledged
--- PASS: TestSP08D3_CaptureFailureIsNotAcknowledged (0.89s)
=== RUN   TestSP08D3_ReplayThroughRunIngestedEmitsNoOutput
--- PASS: TestSP08D3_ReplayThroughRunIngestedEmitsNoOutput (0.50s)
=== RUN   TestDrainRoundTripsACleanupIntentThroughTheRecordCodec
=== RUN   TestDrainRoundTripsACleanupIntentThroughTheRecordCodec/the_intents_a_record_holds_survive_the_write_and_the_read
=== RUN   TestDrainRoundTripsACleanupIntentThroughTheRecordCodec/a_later_pass_removes_the_blob_an_inherited_intent_names
--- PASS: TestDrainRoundTripsACleanupIntentThroughTheRecordCodec (0.20s)
    --- PASS: TestDrainRoundTripsACleanupIntentThroughTheRecordCodec/the_intents_a_record_holds_survive_the_write_and_the_read (0.11s)
    --- PASS: TestDrainRoundTripsACleanupIntentThroughTheRecordCodec/a_later_pass_removes_the_blob_an_inherited_intent_names (0.09s)
=== RUN   TestDrainKeepsTheDurableBoundItRecordedWhenASegmentIsReopenedBelowIt
--- PASS: TestDrainKeepsTheDurableBoundItRecordedWhenASegmentIsReopenedBelowIt (0.17s)
=== RUN   TestDrainDoesNotKeepARawStatBoundItDidNotRecord
=== RUN   TestDrainDoesNotKeepARawStatBoundItDidNotRecord/a_record_written_before_the_mark,_whose_size_names_the_unsynced_tail
=== RUN   TestDrainDoesNotKeepARawStatBoundItDidNotRecord/a_record_this_code_wrote,_whose_size_names_only_durable_bytes
--- PASS: TestDrainDoesNotKeepARawStatBoundItDidNotRecord (0.63s)
    --- PASS: TestDrainDoesNotKeepARawStatBoundItDidNotRecord/a_record_written_before_the_mark,_whose_size_names_the_unsynced_tail (0.29s)
    --- PASS: TestDrainDoesNotKeepARawStatBoundItDidNotRecord/a_record_this_code_wrote,_whose_size_names_only_durable_bytes (0.35s)
=== RUN   TestDrainWritesALoadableRecordWhenAFileShrinksUnderThePass
--- PASS: TestDrainWritesALoadableRecordWhenAFileShrinksUnderThePass (0.59s)
=== RUN   TestDrainDoesNotMarkASizeThatRestsOnALegacyOffset
--- PASS: TestDrainDoesNotMarkASizeThatRestsOnALegacyOffset (0.37s)
=== RUN   TestDrainKeepsTheProvenanceOfARecordItDidNotVisit
--- PASS: TestDrainKeepsTheProvenanceOfARecordItDidNotVisit (0.23s)
=== RUN   TestDrainRejectedResponseIsRetryableAfterRestart
--- PASS: TestDrainRejectedResponseIsRetryableAfterRestart (0.23s)
=== RUN   TestDrainCanceledRejectedHandlerLeavesCurrentLinePending
--- PASS: TestDrainCanceledRejectedHandlerLeavesCurrentLinePending (0.23s)
=== RUN   TestDrainTrailingIncompleteLineWaitsForCompletion
--- PASS: TestDrainTrailingIncompleteLineWaitsForCompletion (0.25s)
=== RUN   TestDrainLoadStateTreatsAFileParentAsNoState
--- PASS: TestDrainLoadStateTreatsAFileParentAsNoState (0.01s)
=== RUN   TestDrainStatePersistenceFailurePreservesSpool
--- PASS: TestDrainStatePersistenceFailurePreservesSpool (0.18s)
=== RUN   TestDrainRejectedBlobResponseRetainsBlobForRestart
--- PASS: TestDrainRejectedBlobResponseRetainsBlobForRestart (0.20s)
=== RUN   TestDrainRestartCleansPersistedBlobWithoutRedispatching
--- PASS: TestDrainRestartCleansPersistedBlobWithoutRedispatching (0.18s)
=== RUN   TestDrainRestartCleansPriorBlobBeforeRetryingLaterRejectedLine
--- PASS: TestDrainRestartCleansPriorBlobBeforeRetryingLaterRejectedLine (0.29s)
=== RUN   TestDrainWindowsOpenBlobRetainsCleanupIntent
--- PASS: TestDrainWindowsOpenBlobRetainsCleanupIntent (0.17s)
=== RUN   TestDrainCrossFileSharedBlobWaitsForLaterRetry
--- PASS: TestDrainCrossFileSharedBlobWaitsForLaterRetry (0.48s)
=== RUN   TestDrainFreshSeenMayRedeliverWithoutPersistedOffset
--- PASS: TestDrainFreshSeenMayRedeliverWithoutPersistedOffset (0.22s)
=== RUN   TestDrainRejectsInvalidPersistedStateBeforeTouchingRecoveryResources
=== RUN   TestDrainRejectsInvalidPersistedStateBeforeTouchingRecoveryResources/malformed
=== RUN   TestDrainRejectsInvalidPersistedStateBeforeTouchingRecoveryResources/null_state
=== RUN   TestDrainRejectsInvalidPersistedStateBeforeTouchingRecoveryResources/null_file_entry
=== RUN   TestDrainRejectsInvalidPersistedStateBeforeTouchingRecoveryResources/negative_offset
=== RUN   TestDrainRejectsInvalidPersistedStateBeforeTouchingRecoveryResources/offset_beyond_spool_size
=== RUN   TestDrainRejectsInvalidPersistedStateBeforeTouchingRecoveryResources/done_without_complete_offset
--- PASS: TestDrainRejectsInvalidPersistedStateBeforeTouchingRecoveryResources (0.69s)
    --- PASS: TestDrainRejectsInvalidPersistedStateBeforeTouchingRecoveryResources/malformed (0.26s)
    --- PASS: TestDrainRejectsInvalidPersistedStateBeforeTouchingRecoveryResources/null_state (0.12s)
    --- PASS: TestDrainRejectsInvalidPersistedStateBeforeTouchingRecoveryResources/null_file_entry (0.07s)
    --- PASS: TestDrainRejectsInvalidPersistedStateBeforeTouchingRecoveryResources/negative_offset (0.08s)
    --- PASS: TestDrainRejectsInvalidPersistedStateBeforeTouchingRecoveryResources/offset_beyond_spool_size (0.06s)
    --- PASS: TestDrainRejectsInvalidPersistedStateBeforeTouchingRecoveryResources/done_without_complete_offset (0.10s)
=== RUN   TestDrainKeepsItsProgressLoadableWhenAStragglerReopensADrainedSegment
--- PASS: TestDrainKeepsItsProgressLoadableWhenAStragglerReopensADrainedSegment (0.48s)
=== RUN   TestDrainForgetsAFileDurablyBeforeUnlinkingIt
=== PAUSE TestDrainForgetsAFileDurablyBeforeUnlinkingIt
=== RUN   TestDrainCrashAtTheUnlinkLeavesNoProgressForARecreatedSegment
=== PAUSE TestDrainCrashAtTheUnlinkLeavesNoProgressForARecreatedSegment
=== RUN   TestDrainRestoresProgressWhenItDoesNotRemoveTheFile
=== PAUSE TestDrainRestoresProgressWhenItDoesNotRemoveTheFile
=== RUN   TestDrainDoesNotForgetASegmentTheIngestHolds
=== PAUSE TestDrainDoesNotForgetASegmentTheIngestHolds
=== RUN   TestDrainCrashBetweenForgettingAndUnlinkingReplaysOnlyWhatTheFrontierLacks
--- PASS: TestDrainCrashBetweenForgettingAndUnlinkingReplaysOnlyWhatTheFrontierLacks (1.29s)
=== RUN   TestDrainStartupForgetsStaleProgressBeforeTheSessionRecreatesItsSegment
=== PAUSE TestDrainStartupForgetsStaleProgressBeforeTheSessionRecreatesItsSegment
=== RUN   TestDrainForgetsReleasedProgressForMissingFilesBeforeReadingAny
=== PAUSE TestDrainForgetsReleasedProgressForMissingFilesBeforeReadingAny
=== RUN   TestDrainForgetsAFileAlreadyGoneAtItsRemoval
=== PAUSE TestDrainForgetsAFileAlreadyGoneAtItsRemoval
=== RUN   TestDrainKeepsProgressWhenItCannotPersistTheForgetting
=== PAUSE TestDrainKeepsProgressWhenItCannotPersistTheForgetting
=== RUN   TestDrainRejectsMismatchedProgressBeforePruningIt
=== PAUSE TestDrainRejectsMismatchedProgressBeforePruningIt
=== RUN   TestDrainKeepsCleanupIntentsForAFileDeletedAfterTheListing
=== PAUSE TestDrainKeepsCleanupIntentsForAFileDeletedAfterTheListing
=== RUN   TestDrainPersistsPerFileBeforeMovingOn
=== PAUSE TestDrainPersistsPerFileBeforeMovingOn
=== RUN   TestDrainPersistsAFileBeforeCleaningUpItsBlobs
=== PAUSE TestDrainPersistsAFileBeforeCleaningUpItsBlobs
=== RUN   TestDrainIsIdempotent
=== PAUSE TestDrainIsIdempotent
=== RUN   TestDrainResumesAfterCancel
=== PAUSE TestDrainResumesAfterCancel
=== RUN   TestDrainResolvesBlobs
=== PAUSE TestDrainResolvesBlobs
=== RUN   TestDrainSurvivesCorruptLine
=== PAUSE TestDrainSurvivesCorruptLine
=== RUN   TestDrainKeepsLiveSessionWAL
=== PAUSE TestDrainKeepsLiveSessionWAL
=== RUN   TestDrainNotesAStaleProgressOnceThenClears
=== PAUSE TestDrainNotesAStaleProgressOnceThenClears
=== RUN   TestWalSessionID
=== PAUSE TestWalSessionID
=== RUN   TestIngestWALIsExactBytes
=== PAUSE TestIngestWALIsExactBytes
=== RUN   TestIngestRingFullWALsEveryLineAndNeverSpills
--- PASS: TestIngestRingFullWALsEveryLineAndNeverSpills (0.12s)
=== RUN   TestIngestACKPrecedesProcessing
--- PASS: TestIngestACKPrecedesProcessing (0.03s)
=== RUN   TestIngestWALRotates
=== PAUSE TestIngestWALRotates
=== RUN   TestIngestResolvesBlobsEndToEnd
=== PAUSE TestIngestResolvesBlobsEndToEnd
=== RUN   TestLiveDispatchedLineIsNotRedispatchedByDrain
=== PAUSE TestLiveDispatchedLineIsNotRedispatchedByDrain
=== RUN   TestIngest_WALGroupCommitOneSyncPerSegmentPerBatch
--- PASS: TestIngest_WALGroupCommitOneSyncPerSegmentPerBatch (0.10s)
=== RUN   TestIngest_AcceptNeverReturnsBeforeItsWALSync
--- PASS: TestIngest_AcceptNeverReturnsBeforeItsWALSync (0.08s)
=== RUN   TestIngest_CloseWaitsForTheWALBatchInFlight
=== RUN   TestIngest_CloseWaitsForTheWALBatchInFlight/CloseSession
=== RUN   TestIngest_CloseWaitsForTheWALBatchInFlight/Close
--- PASS: TestIngest_CloseWaitsForTheWALBatchInFlight (0.08s)
    --- PASS: TestIngest_CloseWaitsForTheWALBatchInFlight/CloseSession (0.04s)
    --- PASS: TestIngest_CloseWaitsForTheWALBatchInFlight/Close (0.04s)
=== RUN   TestIngest_WALBatchPreservesRotationBoundaries
--- PASS: TestIngest_WALBatchPreservesRotationBoundaries (0.33s)
=== RUN   TestIngest_WALFailureFailsExactlyItsSegment
=== RUN   TestIngest_WALFailureFailsExactlyItsSegment/a_write_error
=== RUN   TestIngest_WALFailureFailsExactlyItsSegment/a_short_write
=== RUN   TestIngest_WALFailureFailsExactlyItsSegment/a_sync_error
=== RUN   TestIngest_WALFailureFailsExactlyItsSegment/a_sync_error_on_a_batch's_only_segment
=== RUN   TestIngest_WALFailureFailsExactlyItsSegment/a_rotation's_sync_error_fails_only_the_outgoing_segment
=== RUN   TestIngest_WALFailureFailsExactlyItsSegment/a_rotation_flush's_write_error_fails_only_the_outgoing_segment
=== RUN   TestIngest_WALFailureFailsExactlyItsSegment/a_rotation_flush's_short_write_fails_only_the_outgoing_segment
=== RUN   TestIngest_WALFailureFailsExactlyItsSegment/a_line_after_a_rotation_whose_open_failed_goes_to_the_segment_it_reopens
=== RUN   TestIngest_WALFailureFailsExactlyItsSegment/a_rotation_whose_Close_fails_fails_its_session's_lines
=== RUN   TestIngest_WALFailureFailsExactlyItsSegment/a_Sync_that_panics_on_the_leader
=== RUN   TestIngest_WALFailureFailsExactlyItsSegment/a_Sync_that_panics_on_a_helper_goroutine
=== RUN   TestIngest_WALFailureFailsExactlyItsSegment/a_Sync_that_never_returns_on_a_helper_goroutine
=== RUN   TestIngest_WALFailureFailsExactlyItsSegment/a_Sync_that_never_returns_on_the_leader
--- PASS: TestIngest_WALFailureFailsExactlyItsSegment (1.71s)
    --- PASS: TestIngest_WALFailureFailsExactlyItsSegment/a_write_error (0.08s)
    --- PASS: TestIngest_WALFailureFailsExactlyItsSegment/a_short_write (0.14s)
    --- PASS: TestIngest_WALFailureFailsExactlyItsSegment/a_sync_error (0.15s)
    --- PASS: TestIngest_WALFailureFailsExactlyItsSegment/a_sync_error_on_a_batch's_only_segment (0.12s)
    --- PASS: TestIngest_WALFailureFailsExactlyItsSegment/a_rotation's_sync_error_fails_only_the_outgoing_segment (0.10s)
    --- PASS: TestIngest_WALFailureFailsExactlyItsSegment/a_rotation_flush's_write_error_fails_only_the_outgoing_segment (0.07s)
    --- PASS: TestIngest_WALFailureFailsExactlyItsSegment/a_rotation_flush's_short_write_fails_only_the_outgoing_segment (0.15s)
    --- PASS: TestIngest_WALFailureFailsExactlyItsSegment/a_line_after_a_rotation_whose_open_failed_goes_to_the_segment_it_reopens (0.36s)
    --- PASS: TestIngest_WALFailureFailsExactlyItsSegment/a_rotation_whose_Close_fails_fails_its_session's_lines (0.18s)
    --- PASS: TestIngest_WALFailureFailsExactlyItsSegment/a_Sync_that_panics_on_the_leader (0.08s)
    --- PASS: TestIngest_WALFailureFailsExactlyItsSegment/a_Sync_that_panics_on_a_helper_goroutine (0.10s)
    --- PASS: TestIngest_WALFailureFailsExactlyItsSegment/a_Sync_that_never_returns_on_a_helper_goroutine (0.08s)
    --- PASS: TestIngest_WALFailureFailsExactlyItsSegment/a_Sync_that_never_returns_on_the_leader (0.10s)
=== RUN   TestIngest_LeaseLineNeverPrecedesItsWALSync
--- PASS: TestIngest_LeaseLineNeverPrecedesItsWALSync (0.35s)
=== RUN   TestIngest_WALBatchStopsAtTheRequestCap
--- PASS: TestIngest_WALBatchStopsAtTheRequestCap (0.22s)
=== RUN   TestIngest_WALBatchByteCapCountsEveryTerminator
--- PASS: TestIngest_WALBatchByteCapCountsEveryTerminator (1.35s)
=== RUN   TestIngest_WALBatchByteCapAdmitsLinesThatFillItExactly
--- PASS: TestIngest_WALBatchByteCapAdmitsLinesThatFillItExactly (3.07s)
=== RUN   TestPromptOrder_V6_OrderingGateGivesTurnZeroToEarliestLeasedArrival
--- PASS: TestPromptOrder_V6_OrderingGateGivesTurnZeroToEarliestLeasedArrival (1.79s)
=== RUN   TestPromptOrder_V6_UnleasedEarlierSpooledIsSeparateUncertainty
--- PASS: TestPromptOrder_V6_UnleasedEarlierSpooledIsSeparateUncertainty (1.71s)
=== CONT  TestDrainOfSpooledFlushLineDoesNotDeadlock
=== CONT  TestDrainForgetsAFileAlreadyGoneAtItsRemoval
=== CONT  TestLiveDispatchedLineIsNotRedispatchedByDrain
=== CONT  TestIngestResolvesBlobsEndToEnd
=== CONT  TestIngestWALRotates
=== CONT  TestWalSessionID
--- PASS: TestWalSessionID (0.00s)
=== CONT  TestDrainDoesNotForgetASegmentTheIngestHolds
=== CONT  TestDrainNotesAStaleProgressOnceThenClears
=== CONT  TestDrainKeepsLiveSessionWAL
=== CONT  TestDrainSurvivesCorruptLine
=== CONT  TestIngestWALIsExactBytes
=== CONT  TestDrainResumesAfterCancel
=== CONT  TestDrainIsIdempotent
=== CONT  TestDrainResolvesBlobs
=== CONT  TestDrainPersistsAFileBeforeCleaningUpItsBlobs
=== CONT  TestDrainKeepsCleanupIntentsForAFileDeletedAfterTheListing
=== CONT  TestDrainRejectsMismatchedProgressBeforePruningIt
=== CONT  TestDrainPersistsPerFileBeforeMovingOn
=== CONT  TestDrainForgetsAFileDurablyBeforeUnlinkingIt
=== CONT  TestDrainKeepsProgressWhenItCannotPersistTheForgetting
=== CONT  TestDrainStartupForgetsStaleProgressBeforeTheSessionRecreatesItsSegment
=== CONT  TestDrainForgetsReleasedProgressForMissingFilesBeforeReadingAny
=== CONT  TestDrainRestoresProgressWhenItDoesNotRemoveTheFile
=== RUN   TestDrainForgetsAFileDurablyBeforeUnlinkingIt/read_to_its_end_by_the_same_pass
=== PAUSE TestDrainForgetsAFileDurablyBeforeUnlinkingIt/read_to_its_end_by_the_same_pass
=== RUN   TestDrainRestoresProgressWhenItDoesNotRemoveTheFile/the_ingest_refuses_a_segment_reopened_after_the_drain_asked
=== PAUSE TestDrainRestoresProgressWhenItDoesNotRemoveTheFile/the_ingest_refuses_a_segment_reopened_after_the_drain_asked
=== RUN   TestDrainForgetsAFileDurablyBeforeUnlinkingIt/finished_by_an_earlier_pass
=== PAUSE TestDrainForgetsAFileDurablyBeforeUnlinkingIt/finished_by_an_earlier_pass
=== RUN   TestDrainRestoresProgressWhenItDoesNotRemoveTheFile/the_unlink_fails
=== RUN   TestDrainStartupForgetsStaleProgressBeforeTheSessionRecreatesItsSegment/recreated_smaller
=== PAUSE TestDrainStartupForgetsStaleProgressBeforeTheSessionRecreatesItsSegment/recreated_smaller
=== CONT  TestDrainCrashAtTheUnlinkLeavesNoProgressForARecreatedSegment
=== RUN   TestDrainCrashAtTheUnlinkLeavesNoProgressForARecreatedSegment/recreated_smaller
=== PAUSE TestDrainRestoresProgressWhenItDoesNotRemoveTheFile/the_unlink_fails
=== RUN   TestDrainStartupForgetsStaleProgressBeforeTheSessionRecreatesItsSegment/recreated_at_the_same_size
=== PAUSE TestDrainCrashAtTheUnlinkLeavesNoProgressForARecreatedSegment/recreated_smaller
=== PAUSE TestDrainStartupForgetsStaleProgressBeforeTheSessionRecreatesItsSegment/recreated_at_the_same_size
=== RUN   TestDrainCrashAtTheUnlinkLeavesNoProgressForARecreatedSegment/recreated_at_the_same_size
=== PAUSE TestDrainCrashAtTheUnlinkLeavesNoProgressForARecreatedSegment/recreated_at_the_same_size
=== RUN   TestDrainCrashAtTheUnlinkLeavesNoProgressForARecreatedSegment/recreated_larger
=== PAUSE TestDrainCrashAtTheUnlinkLeavesNoProgressForARecreatedSegment/recreated_larger
=== CONT  TestIngestHoldsWALAnswersForTheCurrentSegmentOnly
=== RUN   TestDrainStartupForgetsStaleProgressBeforeTheSessionRecreatesItsSegment/recreated_larger
=== PAUSE TestDrainStartupForgetsStaleProgressBeforeTheSessionRecreatesItsSegment/recreated_larger
=== CONT  TestDrainRemovesClosedRotatedSegmentsAndKeepsTheHeldOne
=== CONT  TestIngestRemoveDrainedWALRefusesHeldAndGrownSegments
--- PASS: TestIngestWALIsExactBytes (1.07s)
=== CONT  TestStragglerAfterSessionEndIsNotLostWithItsReopenedSegment
--- PASS: TestIngestResolvesBlobsEndToEnd (1.08s)
=== CONT  TestDrainPassIsBoundedByItsOwnSnapshotOfAGrowingSpoolFile
--- PASS: TestIngestWALRotates (1.09s)
=== CONT  TestDrainKeepsTheWALTheIngestHoldsForAnUnregisteredSession
--- PASS: TestIngestHoldsWALAnswersForTheCurrentSegmentOnly (1.29s)
=== CONT  TestDrainDoesNotRemoveAWALThatGrewBeforeTheRemovalDecision
--- PASS: TestIngestRemoveDrainedWALRefusesHeldAndGrownSegments (1.31s)
=== CONT  TestDrainKeepsTheWALOfASessionLiveByTrafficAlone
--- PASS: TestDrainRejectsMismatchedProgressBeforePruningIt (1.53s)
=== CONT  TestMarkerIsWrittenByFlushAndCheckpointOnly
--- PASS: TestDrainOfSpooledFlushLineDoesNotDeadlock (1.61s)
=== CONT  TestDrainForgetsAFileDurablyBeforeUnlinkingIt/read_to_its_end_by_the_same_pass
--- PASS: TestLiveDispatchedLineIsNotRedispatchedByDrain (1.63s)
=== CONT  TestDrainForgetsAFileDurablyBeforeUnlinkingIt/finished_by_an_earlier_pass
--- PASS: TestDrainKeepsLiveSessionWAL (1.82s)
=== CONT  TestDrainRestoresProgressWhenItDoesNotRemoveTheFile/the_unlink_fails
--- PASS: TestDrainNotesAStaleProgressOnceThenClears (1.83s)
=== CONT  TestDrainRestoresProgressWhenItDoesNotRemoveTheFile/the_ingest_refuses_a_segment_reopened_after_the_drain_asked
--- PASS: TestDrainSurvivesCorruptLine (2.11s)
=== CONT  TestDrainStartupForgetsStaleProgressBeforeTheSessionRecreatesItsSegment/recreated_smaller
--- PASS: TestDrainIsIdempotent (2.11s)
=== CONT  TestDrainCrashAtTheUnlinkLeavesNoProgressForARecreatedSegment/recreated_smaller
--- PASS: TestDrainResumesAfterCancel (2.19s)
=== CONT  TestDrainStartupForgetsStaleProgressBeforeTheSessionRecreatesItsSegment/recreated_at_the_same_size
--- PASS: TestDrainResolvesBlobs (2.27s)
=== CONT  TestDrainStartupForgetsStaleProgressBeforeTheSessionRecreatesItsSegment/recreated_larger
--- PASS: TestDrainForgetsAFileAlreadyGoneAtItsRemoval (2.31s)
=== CONT  TestDrainCrashAtTheUnlinkLeavesNoProgressForARecreatedSegment/recreated_at_the_same_size
--- PASS: TestDrainPersistsPerFileBeforeMovingOn (2.35s)
=== CONT  TestDrainCrashAtTheUnlinkLeavesNoProgressForARecreatedSegment/recreated_larger
--- PASS: TestDrainPersistsAFileBeforeCleaningUpItsBlobs (2.35s)
--- PASS: TestDrainKeepsProgressWhenItCannotPersistTheForgetting (2.35s)
--- PASS: TestDrainDoesNotForgetASegmentTheIngestHolds (2.39s)
--- PASS: TestDrainRemovesClosedRotatedSegmentsAndKeepsTheHeldOne (2.40s)
--- PASS: TestDrainKeepsCleanupIntentsForAFileDeletedAfterTheListing (2.53s)
--- PASS: TestDrainKeepsTheWALOfASessionLiveByTrafficAlone (1.21s)
--- PASS: TestDrainKeepsTheWALTheIngestHoldsForAnUnregisteredSession (1.47s)
--- PASS: TestDrainPassIsBoundedByItsOwnSnapshotOfAGrowingSpoolFile (1.48s)
--- PASS: TestDrainForgetsReleasedProgressForMissingFilesBeforeReadingAny (2.55s)
--- PASS: TestDrainForgetsAFileDurablyBeforeUnlinkingIt (0.01s)
    --- PASS: TestDrainForgetsAFileDurablyBeforeUnlinkingIt/read_to_its_end_by_the_same_pass (0.95s)
    --- PASS: TestDrainForgetsAFileDurablyBeforeUnlinkingIt/finished_by_an_earlier_pass (1.04s)
--- PASS: TestDrainDoesNotRemoveAWALThatGrewBeforeTheRemovalDecision (1.45s)
--- PASS: TestMarkerIsWrittenByFlushAndCheckpointOnly (1.62s)
--- PASS: TestDrainRestoresProgressWhenItDoesNotRemoveTheFile (0.00s)
    --- PASS: TestDrainRestoresProgressWhenItDoesNotRemoveTheFile/the_unlink_fails (1.62s)
    --- PASS: TestDrainRestoresProgressWhenItDoesNotRemoveTheFile/the_ingest_refuses_a_segment_reopened_after_the_drain_asked (1.64s)
--- PASS: TestDrainCrashAtTheUnlinkLeavesNoProgressForARecreatedSegment (0.01s)
    --- PASS: TestDrainCrashAtTheUnlinkLeavesNoProgressForARecreatedSegment/recreated_smaller (1.34s)
    --- PASS: TestDrainCrashAtTheUnlinkLeavesNoProgressForARecreatedSegment/recreated_at_the_same_size (1.23s)
    --- PASS: TestDrainCrashAtTheUnlinkLeavesNoProgressForARecreatedSegment/recreated_larger (1.38s)
--- PASS: TestDrainStartupForgetsStaleProgressBeforeTheSessionRecreatesItsSegment (0.01s)
    --- PASS: TestDrainStartupForgetsStaleProgressBeforeTheSessionRecreatesItsSegment/recreated_at_the_same_size (1.48s)
    --- PASS: TestDrainStartupForgetsStaleProgressBeforeTheSessionRecreatesItsSegment/recreated_smaller (1.57s)
    --- PASS: TestDrainStartupForgetsStaleProgressBeforeTheSessionRecreatesItsSegment/recreated_larger (1.53s)
--- PASS: TestStragglerAfterSessionEndIsNotLostWithItsReopenedSegment (2.74s)
=== RUN   TestDrainOfSpooledFlushLineDoesNotDeadlock
=== PAUSE TestDrainOfSpooledFlushLineDoesNotDeadlock
=== RUN   TestStartupDrainOfSpooledFlushLineDoesNotWedgeRun
--- PASS: TestStartupDrainOfSpooledFlushLineDoesNotWedgeRun (0.87s)
=== RUN   TestMarkerIsWrittenByFlushAndCheckpointOnly
=== PAUSE TestMarkerIsWrittenByFlushAndCheckpointOnly
=== RUN   TestDeliveryOrder_LiveSameSessionArrivalsPublishWithoutDrain
--- PASS: TestDeliveryOrder_LiveSameSessionArrivalsPublishWithoutDrain (5.66s)
=== RUN   TestDeliveryOrder_LiveReversedRingOrderPublishesWithoutDrain
--- PASS: TestDeliveryOrder_LiveReversedRingOrderPublishesWithoutDrain (1.92s)
=== RUN   TestDeliveryOrder_LiveOtherSessionsAreNotSerialized
--- PASS: TestDeliveryOrder_LiveOtherSessionsAreNotSerialized (1.13s)
=== RUN   TestDeliveryOrder_DrainReleaseWakesParkedLiveSuccessor
--- PASS: TestDeliveryOrder_DrainReleaseWakesParkedLiveSuccessor (1.44s)
=== RUN   TestDeliveryOrder_LiveLanesAreBoundedAndOverflowIsLeftForTheDrain
--- PASS: TestDeliveryOrder_LiveLanesAreBoundedAndOverflowIsLeftForTheDrain (3.20s)
=== RUN   TestDeliveryOrder_LiveFailedHeadIsRetriedByTheNextArrivalNotSpun
--- PASS: TestDeliveryOrder_LiveFailedHeadIsRetriedByTheNextArrivalNotSpun (3.52s)
=== RUN   TestDispatchLanes_SignalsKeepTheOwnerFromParkingOnAStaleView
--- PASS: TestDispatchLanes_SignalsKeepTheOwnerFromParkingOnAStaleView (0.00s)
=== RUN   TestDeliveryOrder_DrainReleasesSessionsOnlyAfterItsPass
--- PASS: TestDeliveryOrder_DrainReleasesSessionsOnlyAfterItsPass (3.44s)
=== RUN   TestDeliveryOrder_FlushSettlesQueuedSessionEventsBeforeSessionEnd
    delivery_order_live_test.go:680: 
        	Error Trace:	C:/Users/Quant/Documents/Programming/Projects/qompack-cx-ingest/internal/daemon/delivery_order_live_test.go:680
        	Error:      	Should be zero, but was 1
        	Test:       	TestDeliveryOrder_FlushSettlesQueuedSessionEventsBeforeSessionEnd
--- FAIL: TestDeliveryOrder_FlushSettlesQueuedSessionEventsBeforeSessionEnd (11.82s)
=== RUN   TestDeliveryOrder_FlushDrainsAParkedSessionBeforeSessionEnd
--- PASS: TestDeliveryOrder_FlushDrainsAParkedSessionBeforeSessionEnd (8.48s)
=== RUN   TestDeliveryOrder_FlushThatCannotSettleSaysSoAndLosesNothing
--- PASS: TestDeliveryOrder_FlushThatCannotSettleSaysSoAndLosesNothing (4.02s)
=== RUN   TestDeliveryOrder_PredecessorsAcknowledgedGate
--- PASS: TestDeliveryOrder_PredecessorsAcknowledgedGate (0.75s)
=== RUN   TestDeliveryOrder_DrainReversedWALvsLeaseOrder
--- PASS: TestDeliveryOrder_DrainReversedWALvsLeaseOrder (2.74s)
=== RUN   TestDeliveryOrder_UnreadableFrontierFailsClosed
--- PASS: TestDeliveryOrder_UnreadableFrontierFailsClosed (1.39s)
=== RUN   TestDeliveryOrder_MissingJournalGetterFailsClosed
--- PASS: TestDeliveryOrder_MissingJournalGetterFailsClosed (0.75s)
=== RUN   TestDeliveryOrder_UnreadableFrontierNoPublication
--- PASS: TestDeliveryOrder_UnreadableFrontierNoPublication (0.98s)
=== RUN   TestDeliveryOrder_DrainReversedPrefixBeyondBufferBoundDoesNotWedge
--- PASS: TestDeliveryOrder_DrainReversedPrefixBeyondBufferBoundDoesNotWedge (219.13s)
=== RUN   TestDeliveryOrder_DrainOrdersPerSessionIndependently
--- PASS: TestDeliveryOrder_DrainOrdersPerSessionIndependently (15.58s)
=== RUN   TestDeliveryOrder_DrainCancellationPreservesUnconsumed
--- PASS: TestDeliveryOrder_DrainCancellationPreservesUnconsumed (2.46s)
=== RUN   TestDeliveryOrder_LeasedDenyOnRetryPreservedPending
--- PASS: TestDeliveryOrder_LeasedDenyOnRetryPreservedPending (1.68s)
=== RUN   TestDrainAdmitsAndAcknowledgesInheritedRecords
--- PASS: TestDrainAdmitsAndAcknowledgesInheritedRecords (3.76s)
=== RUN   TestDrainReportsGapsInsteadOfSilentCompleteness
--- PASS: TestDrainReportsGapsInsteadOfSilentCompleteness (1.15s)
=== RUN   TestSessionEndRecordsRecoveryNeeded
--- PASS: TestSessionEndRecordsRecoveryNeeded (3.73s)
=== RUN   TestDeliveryTerminal_ArchivedDenialSettlesOrderingWithoutCaptureAck
--- PASS: TestDeliveryTerminal_ArchivedDenialSettlesOrderingWithoutCaptureAck (20.11s)
=== RUN   TestDeliveryTerminal_RotationDefersDispositionWithoutDeadlock
--- PASS: TestDeliveryTerminal_RotationDefersDispositionWithoutDeadlock (4.56s)
=== RUN   TestDeliveryTerminal_DrainAfterPhysicalScopeChanges
    delivery_terminal_integration_test.go:45: directory symlink unavailable: symlink C:\Users\Quant\AppData\Local\Temp\TestDeliveryTerminal_DrainAfterPhysicalScopeChanges1832161285\002 C:\Users\Quant\AppData\Local\Temp\TestDeliveryTerminal_DrainAfterPhysicalScopeChanges1832161285\001\allowed: A required privilege is not held by the client.
--- SKIP: TestDeliveryTerminal_DrainAfterPhysicalScopeChanges (1.74s)
=== RUN   TestDeliveryTerminal_RetirementBeforeOffsetSurvivesRestart
--- PASS: TestDeliveryTerminal_RetirementBeforeOffsetSurvivesRestart (3.62s)
=== RUN   TestDeliveryTerminal_UnprovedPolicyAndUnavailableJournalRemainPending
=== RUN   TestDeliveryTerminal_UnprovedPolicyAndUnavailableJournalRemainPending/policy_unavailable
=== RUN   TestDeliveryTerminal_UnprovedPolicyAndUnavailableJournalRemainPending/journal_unavailable
=== RUN   TestDeliveryTerminal_UnprovedPolicyAndUnavailableJournalRemainPending/binding_conflict
--- PASS: TestDeliveryTerminal_UnprovedPolicyAndUnavailableJournalRemainPending (2.72s)
    --- PASS: TestDeliveryTerminal_UnprovedPolicyAndUnavailableJournalRemainPending/policy_unavailable (0.72s)
    --- PASS: TestDeliveryTerminal_UnprovedPolicyAndUnavailableJournalRemainPending/journal_unavailable (0.58s)
    --- PASS: TestDeliveryTerminal_UnprovedPolicyAndUnavailableJournalRemainPending/binding_conflict (1.41s)
=== RUN   TestDeliveryTerminal_LiveQueuePolicyChangeCreatesNoCapture
--- PASS: TestDeliveryTerminal_LiveQueuePolicyChangeCreatesNoCapture (1.66s)
=== RUN   TestDeliveryTerminal_DrainWaitsForLivePublicationOwner
--- PASS: TestDeliveryTerminal_DrainWaitsForLivePublicationOwner (1.28s)
=== RUN   TestDeliveryTerminal_RestartRetainsDenialWithoutCaptureACK
--- PASS: TestDeliveryTerminal_RestartRetainsDenialWithoutCaptureACK (1.05s)
=== RUN   TestDeliveryTerminal_RejectsUnknownOrChangedLease
--- PASS: TestDeliveryTerminal_RejectsUnknownOrChangedLease (0.94s)
=== RUN   TestDeliveryTerminal_MalformedEvidenceIsPreservedAndUnavailable
--- PASS: TestDeliveryTerminal_MalformedEvidenceIsPreservedAndUnavailable (1.14s)
=== RUN   TestDeliveryTerminal_StagingArtifactIsNotACompletion
--- PASS: TestDeliveryTerminal_StagingArtifactIsNotACompletion (0.88s)
=== RUN   TestDrainDoesNotRedeliverAnAcknowledgedClientCopy
--- PASS: TestDrainDoesNotRedeliverAnAcknowledgedClientCopy (1.49s)
=== RUN   TestDrainSkipsAnUnadmittableRecordAndDeliversWhatFollows
--- PASS: TestDrainSkipsAnUnadmittableRecordAndDeliversWhatFollows (1.18s)
=== RUN   TestDrainReportsADeniedRecordAsAGapAndMovesOn
--- PASS: TestDrainReportsADeniedRecordAsAGapAndMovesOn (1.04s)
=== RUN   TestDrainPersistsADegradedCaptureAsEvidence
--- PASS: TestDrainPersistsADegradedCaptureAsEvidence (0.61s)
=== RUN   TestNewDrainerIssuesTheRealSyncsByDefault
--- PASS: TestNewDrainerIssuesTheRealSyncsByDefault (0.01s)
=== RUN   TestDrainTakesNothingOfAFreshSegmentBeforeItsFirstSyncReturns
--- PASS: TestDrainTakesNothingOfAFreshSegmentBeforeItsFirstSyncReturns (1.30s)
=== RUN   TestDrainReadsAHeldSegmentNoFurtherThanItsStat
--- PASS: TestDrainReadsAHeldSegmentNoFurtherThanItsStat (0.57s)
=== RUN   TestDrainLeavesBytesAppendedAfterItsSyncForTheNextPass
--- PASS: TestDrainLeavesBytesAppendedAfterItsSyncForTheNextPass (0.60s)
=== RUN   TestDrainFsyncsASpoolFileOnAHandleOfItsOwnBeforeItsFirstDispatch
--- PASS: TestDrainFsyncsASpoolFileOnAHandleOfItsOwnBeforeItsFirstDispatch (0.31s)
=== RUN   TestDrainCountsTheBytesOfAFileItCouldNotSyncAsPending
--- PASS: TestDrainCountsTheBytesOfAFileItCouldNotSyncAsPending (1.20s)
=== RUN   TestDrainSyncsTheSpoolDirectoryOncePerPassBeforeItConsumesASyncedFile
--- PASS: TestDrainSyncsTheSpoolDirectoryOncePerPassBeforeItConsumesASyncedFile (9.90s)
=== RUN   TestDrainAnnouncesAFileItCannotSyncOncePerFailure
--- PASS: TestDrainAnnouncesAFileItCannotSyncOncePerFailure (6.94s)
=== RUN   TestDrainRecoversFromACrashThatTookAHeldSegmentsUnsyncedTail
--- PASS: TestDrainRecoversFromACrashThatTookAHeldSegmentsUnsyncedTail (2.24s)
=== RUN   TestDrainRefusesProgressWhoseFileLostItsDurableBytes
=== RUN   TestDrainRefusesProgressWhoseFileLostItsDurableBytes/a_file_truncated_below_the_bytes_the_drain_consumed
=== RUN   TestDrainRefusesProgressWhoseFileLostItsDurableBytes/a_file_replaced_by_different_bytes,_short_of_the_bound_its_progress_names
=== RUN   TestDrainRefusesProgressWhoseFileLostItsDurableBytes/a_held_segment_that_comes_back_short_of_the_synced_size_it_recorded
--- PASS: TestDrainRefusesProgressWhoseFileLostItsDurableBytes (2.72s)
    --- PASS: TestDrainRefusesProgressWhoseFileLostItsDurableBytes/a_file_truncated_below_the_bytes_the_drain_consumed (1.96s)
    --- PASS: TestDrainRefusesProgressWhoseFileLostItsDurableBytes/a_file_replaced_by_different_bytes,_short_of_the_bound_its_progress_names (0.52s)
    --- PASS: TestDrainRefusesProgressWhoseFileLostItsDurableBytes/a_held_segment_that_comes_back_short_of_the_synced_size_it_recorded (0.23s)
=== RUN   TestDrainConsumesNothingOfAFileWhoseFsyncFailed
--- PASS: TestDrainConsumesNothingOfAFileWhoseFsyncFailed (0.20s)
=== RUN   TestDrainConsumesNothingWhenItCannotCloseTheHandleItSynced
--- PASS: TestDrainConsumesNothingWhenItCannotCloseTheHandleItSynced (0.26s)
=== RUN   TestDrainSyncNeverCreatesASpoolFileThatIsGone
--- PASS: TestDrainSyncNeverCreatesASpoolFileThatIsGone (0.36s)
=== RUN   TestIngest_SyncedWALAdvancesOnlyPastASyncThatReturned
=== RUN   TestIngest_SyncedWALAdvancesOnlyPastASyncThatReturned/a_batch_in_flight_adds_nothing_until_its_Sync_returns
=== RUN   TestIngest_SyncedWALAdvancesOnlyPastASyncThatReturned/a_failed_Sync_freezes_it_until_a_segment_is_opened
=== RUN   TestIngest_SyncedWALAdvancesOnlyPastASyncThatReturned/a_segment_closed_by_CloseSession_or_Close_is_not_held
=== RUN   TestIngest_SyncedWALAdvancesOnlyPastASyncThatReturned/a_segment_opened_over_bytes_it_did_not_write_counts_none_of_them_synced
=== RUN   TestIngest_SyncedWALAdvancesOnlyPastASyncThatReturned/a_Sync_that_panics_freezes_it
--- PASS: TestIngest_SyncedWALAdvancesOnlyPastASyncThatReturned (0.51s)
    --- PASS: TestIngest_SyncedWALAdvancesOnlyPastASyncThatReturned/a_batch_in_flight_adds_nothing_until_its_Sync_returns (0.16s)
    --- PASS: TestIngest_SyncedWALAdvancesOnlyPastASyncThatReturned/a_failed_Sync_freezes_it_until_a_segment_is_opened (0.14s)
    --- PASS: TestIngest_SyncedWALAdvancesOnlyPastASyncThatReturned/a_segment_closed_by_CloseSession_or_Close_is_not_held (0.08s)
    --- PASS: TestIngest_SyncedWALAdvancesOnlyPastASyncThatReturned/a_segment_opened_over_bytes_it_did_not_write_counts_none_of_them_synced (0.05s)
    --- PASS: TestIngest_SyncedWALAdvancesOnlyPastASyncThatReturned/a_Sync_that_panics_freezes_it (0.07s)
=== RUN   TestDrainNeverLeasesAWALLineBeforeItsSyncReturns
=== RUN   TestDrainNeverLeasesAWALLineBeforeItsSyncReturns/wired_as_the_daemon_wires_it,_a_pass_takes_nothing_past_the_synced_size
=== RUN   TestDrainNeverLeasesAWALLineBeforeItsSyncReturns/a_drainer_with_no_ingest_behind_it_syncs_the_segment_before_it_leases
--- PASS: TestDrainNeverLeasesAWALLineBeforeItsSyncReturns (3.01s)
    --- PASS: TestDrainNeverLeasesAWALLineBeforeItsSyncReturns/wired_as_the_daemon_wires_it,_a_pass_takes_nothing_past_the_synced_size (2.39s)
    --- PASS: TestDrainNeverLeasesAWALLineBeforeItsSyncReturns/a_drainer_with_no_ingest_behind_it_syncs_the_segment_before_it_leases (0.62s)
=== RUN   TestDrainSyncsAFileTheIngestDoesNotHoldBeforeItsFirstLease
--- PASS: TestDrainSyncsAFileTheIngestDoesNotHoldBeforeItsFirstLease (2.07s)
=== RUN   TestDrainLeasesNothingFromAFileItCouldNotSync
--- PASS: TestDrainLeasesNothingFromAFileItCouldNotSync (0.87s)
=== RUN   TestDrainSyncsASpoolFileAHookStillHasOpen
--- PASS: TestDrainSyncsASpoolFileAHookStillHasOpen (0.43s)
=== RUN   TestDrainKeepsTheWALTheIngestHoldsForAnUnregisteredSession
=== PAUSE TestDrainKeepsTheWALTheIngestHoldsForAnUnregisteredSession
=== RUN   TestDrainKeepsTheWALOfASessionLiveByTrafficAlone
=== PAUSE TestDrainKeepsTheWALOfASessionLiveByTrafficAlone
=== RUN   TestDrainDoesNotRemoveAWALThatGrewBeforeTheRemovalDecision
=== PAUSE TestDrainDoesNotRemoveAWALThatGrewBeforeTheRemovalDecision
=== RUN   TestDrainPassIsBoundedByItsOwnSnapshotOfAGrowingSpoolFile
=== PAUSE TestDrainPassIsBoundedByItsOwnSnapshotOfAGrowingSpoolFile
=== RUN   TestDrainRemovesClosedRotatedSegmentsAndKeepsTheHeldOne
=== PAUSE TestDrainRemovesClosedRotatedSegmentsAndKeepsTheHeldOne
=== RUN   TestStragglerAfterSessionEndIsNotLostWithItsReopenedSegment
=== PAUSE TestStragglerAfterSessionEndIsNotLostWithItsReopenedSegment
=== RUN   TestIngestRemoveDrainedWALRefusesHeldAndGrownSegments
=== PAUSE TestIngestRemoveDrainedWALRefusesHeldAndGrownSegments
=== RUN   TestIngestHoldsWALAnswersForTheCurrentSegmentOnly
=== PAUSE TestIngestHoldsWALAnswersForTheCurrentSegmentOnly
=== RUN   TestCarriedDefect_SP08D3_ReplayedPromptIsCapturedAtTurnZero
--- PASS: TestCarriedDefect_SP08D3_ReplayedPromptIsCapturedAtTurnZero (4.11s)
=== RUN   TestSP08D3_DistinctSameTextRepliesStayDistinct
--- PASS: TestSP08D3_DistinctSameTextRepliesStayDistinct (2.68s)
=== RUN   TestSP08D3_CaptureFailureIsNotAcknowledged
--- PASS: TestSP08D3_CaptureFailureIsNotAcknowledged (0.59s)
=== RUN   TestSP08D3_ReplayThroughRunIngestedEmitsNoOutput
--- PASS: TestSP08D3_ReplayThroughRunIngestedEmitsNoOutput (0.33s)
=== RUN   TestDrainRoundTripsACleanupIntentThroughTheRecordCodec
=== RUN   TestDrainRoundTripsACleanupIntentThroughTheRecordCodec/the_intents_a_record_holds_survive_the_write_and_the_read
=== RUN   TestDrainRoundTripsACleanupIntentThroughTheRecordCodec/a_later_pass_removes_the_blob_an_inherited_intent_names
--- PASS: TestDrainRoundTripsACleanupIntentThroughTheRecordCodec (0.50s)
    --- PASS: TestDrainRoundTripsACleanupIntentThroughTheRecordCodec/the_intents_a_record_holds_survive_the_write_and_the_read (0.29s)
    --- PASS: TestDrainRoundTripsACleanupIntentThroughTheRecordCodec/a_later_pass_removes_the_blob_an_inherited_intent_names (0.21s)
=== RUN   TestDrainKeepsTheDurableBoundItRecordedWhenASegmentIsReopenedBelowIt
--- PASS: TestDrainKeepsTheDurableBoundItRecordedWhenASegmentIsReopenedBelowIt (0.45s)
=== RUN   TestDrainDoesNotKeepARawStatBoundItDidNotRecord
=== RUN   TestDrainDoesNotKeepARawStatBoundItDidNotRecord/a_record_written_before_the_mark,_whose_size_names_the_unsynced_tail
=== RUN   TestDrainDoesNotKeepARawStatBoundItDidNotRecord/a_record_this_code_wrote,_whose_size_names_only_durable_bytes
--- PASS: TestDrainDoesNotKeepARawStatBoundItDidNotRecord (2.93s)
    --- PASS: TestDrainDoesNotKeepARawStatBoundItDidNotRecord/a_record_written_before_the_mark,_whose_size_names_the_unsynced_tail (1.35s)
    --- PASS: TestDrainDoesNotKeepARawStatBoundItDidNotRecord/a_record_this_code_wrote,_whose_size_names_only_durable_bytes (1.58s)
=== RUN   TestDrainWritesALoadableRecordWhenAFileShrinksUnderThePass
--- PASS: TestDrainWritesALoadableRecordWhenAFileShrinksUnderThePass (0.82s)
=== RUN   TestDrainDoesNotMarkASizeThatRestsOnALegacyOffset
--- PASS: TestDrainDoesNotMarkASizeThatRestsOnALegacyOffset (0.85s)
=== RUN   TestDrainKeepsTheProvenanceOfARecordItDidNotVisit
--- PASS: TestDrainKeepsTheProvenanceOfARecordItDidNotVisit (1.19s)
=== RUN   TestDrainRejectedResponseIsRetryableAfterRestart
--- PASS: TestDrainRejectedResponseIsRetryableAfterRestart (1.50s)
=== RUN   TestDrainCanceledRejectedHandlerLeavesCurrentLinePending
--- PASS: TestDrainCanceledRejectedHandlerLeavesCurrentLinePending (1.47s)
=== RUN   TestDrainTrailingIncompleteLineWaitsForCompletion
--- PASS: TestDrainTrailingIncompleteLineWaitsForCompletion (2.87s)
=== RUN   TestDrainLoadStateTreatsAFileParentAsNoState
--- PASS: TestDrainLoadStateTreatsAFileParentAsNoState (0.31s)
=== RUN   TestDrainStatePersistenceFailurePreservesSpool
--- PASS: TestDrainStatePersistenceFailurePreservesSpool (2.06s)
=== RUN   TestDrainRejectedBlobResponseRetainsBlobForRestart
--- PASS: TestDrainRejectedBlobResponseRetainsBlobForRestart (0.98s)
=== RUN   TestDrainRestartCleansPersistedBlobWithoutRedispatching
--- PASS: TestDrainRestartCleansPersistedBlobWithoutRedispatching (0.49s)
=== RUN   TestDrainRestartCleansPriorBlobBeforeRetryingLaterRejectedLine
--- PASS: TestDrainRestartCleansPriorBlobBeforeRetryingLaterRejectedLine (1.91s)
=== RUN   TestDrainWindowsOpenBlobRetainsCleanupIntent
--- PASS: TestDrainWindowsOpenBlobRetainsCleanupIntent (2.44s)
=== RUN   TestDrainCrossFileSharedBlobWaitsForLaterRetry
--- PASS: TestDrainCrossFileSharedBlobWaitsForLaterRetry (1.35s)
=== RUN   TestDrainFreshSeenMayRedeliverWithoutPersistedOffset
--- PASS: TestDrainFreshSeenMayRedeliverWithoutPersistedOffset (0.57s)
=== RUN   TestDrainRejectsInvalidPersistedStateBeforeTouchingRecoveryResources
=== RUN   TestDrainRejectsInvalidPersistedStateBeforeTouchingRecoveryResources/malformed
=== RUN   TestDrainRejectsInvalidPersistedStateBeforeTouchingRecoveryResources/null_state
=== RUN   TestDrainRejectsInvalidPersistedStateBeforeTouchingRecoveryResources/null_file_entry
=== RUN   TestDrainRejectsInvalidPersistedStateBeforeTouchingRecoveryResources/negative_offset
=== RUN   TestDrainRejectsInvalidPersistedStateBeforeTouchingRecoveryResources/offset_beyond_spool_size
=== RUN   TestDrainRejectsInvalidPersistedStateBeforeTouchingRecoveryResources/done_without_complete_offset
--- PASS: TestDrainRejectsInvalidPersistedStateBeforeTouchingRecoveryResources (3.33s)
    --- PASS: TestDrainRejectsInvalidPersistedStateBeforeTouchingRecoveryResources/malformed (0.69s)
    --- PASS: TestDrainRejectsInvalidPersistedStateBeforeTouchingRecoveryResources/null_state (1.26s)
    --- PASS: TestDrainRejectsInvalidPersistedStateBeforeTouchingRecoveryResources/null_file_entry (1.08s)
    --- PASS: TestDrainRejectsInvalidPersistedStateBeforeTouchingRecoveryResources/negative_offset (0.15s)
    --- PASS: TestDrainRejectsInvalidPersistedStateBeforeTouchingRecoveryResources/offset_beyond_spool_size (0.08s)
    --- PASS: TestDrainRejectsInvalidPersistedStateBeforeTouchingRecoveryResources/done_without_complete_offset (0.05s)
=== RUN   TestDrainKeepsItsProgressLoadableWhenAStragglerReopensADrainedSegment
--- PASS: TestDrainKeepsItsProgressLoadableWhenAStragglerReopensADrainedSegment (0.68s)
=== RUN   TestDrainForgetsAFileDurablyBeforeUnlinkingIt
=== PAUSE TestDrainForgetsAFileDurablyBeforeUnlinkingIt
=== RUN   TestDrainCrashAtTheUnlinkLeavesNoProgressForARecreatedSegment
=== PAUSE TestDrainCrashAtTheUnlinkLeavesNoProgressForARecreatedSegment
=== RUN   TestDrainRestoresProgressWhenItDoesNotRemoveTheFile
=== PAUSE TestDrainRestoresProgressWhenItDoesNotRemoveTheFile
=== RUN   TestDrainDoesNotForgetASegmentTheIngestHolds
=== PAUSE TestDrainDoesNotForgetASegmentTheIngestHolds
=== RUN   TestDrainCrashBetweenForgettingAndUnlinkingReplaysOnlyWhatTheFrontierLacks
--- PASS: TestDrainCrashBetweenForgettingAndUnlinkingReplaysOnlyWhatTheFrontierLacks (1.00s)
=== RUN   TestDrainStartupForgetsStaleProgressBeforeTheSessionRecreatesItsSegment
=== PAUSE TestDrainStartupForgetsStaleProgressBeforeTheSessionRecreatesItsSegment
=== RUN   TestDrainForgetsReleasedProgressForMissingFilesBeforeReadingAny
=== PAUSE TestDrainForgetsReleasedProgressForMissingFilesBeforeReadingAny
=== RUN   TestDrainForgetsAFileAlreadyGoneAtItsRemoval
=== PAUSE TestDrainForgetsAFileAlreadyGoneAtItsRemoval
=== RUN   TestDrainKeepsProgressWhenItCannotPersistTheForgetting
=== PAUSE TestDrainKeepsProgressWhenItCannotPersistTheForgetting
=== RUN   TestDrainRejectsMismatchedProgressBeforePruningIt
=== PAUSE TestDrainRejectsMismatchedProgressBeforePruningIt
=== RUN   TestDrainKeepsCleanupIntentsForAFileDeletedAfterTheListing
=== PAUSE TestDrainKeepsCleanupIntentsForAFileDeletedAfterTheListing
=== RUN   TestDrainPersistsPerFileBeforeMovingOn
=== PAUSE TestDrainPersistsPerFileBeforeMovingOn
=== RUN   TestDrainPersistsAFileBeforeCleaningUpItsBlobs
=== PAUSE TestDrainPersistsAFileBeforeCleaningUpItsBlobs
=== RUN   TestDrainIsIdempotent
=== PAUSE TestDrainIsIdempotent
=== RUN   TestDrainResumesAfterCancel
=== PAUSE TestDrainResumesAfterCancel
=== RUN   TestDrainResolvesBlobs
=== PAUSE TestDrainResolvesBlobs
=== RUN   TestDrainSurvivesCorruptLine
=== PAUSE TestDrainSurvivesCorruptLine
=== RUN   TestDrainKeepsLiveSessionWAL
=== PAUSE TestDrainKeepsLiveSessionWAL
=== RUN   TestDrainNotesAStaleProgressOnceThenClears
=== PAUSE TestDrainNotesAStaleProgressOnceThenClears
=== RUN   TestWalSessionID
=== PAUSE TestWalSessionID
=== RUN   TestIngestWALIsExactBytes
=== PAUSE TestIngestWALIsExactBytes
=== RUN   TestIngestRingFullWALsEveryLineAndNeverSpills
--- PASS: TestIngestRingFullWALsEveryLineAndNeverSpills (0.12s)
=== RUN   TestIngestACKPrecedesProcessing
--- PASS: TestIngestACKPrecedesProcessing (0.04s)
=== RUN   TestIngestWALRotates
=== PAUSE TestIngestWALRotates
=== RUN   TestIngestResolvesBlobsEndToEnd
=== PAUSE TestIngestResolvesBlobsEndToEnd
=== RUN   TestLiveDispatchedLineIsNotRedispatchedByDrain
=== PAUSE TestLiveDispatchedLineIsNotRedispatchedByDrain
=== RUN   TestIngest_WALGroupCommitOneSyncPerSegmentPerBatch
--- PASS: TestIngest_WALGroupCommitOneSyncPerSegmentPerBatch (0.45s)
=== RUN   TestIngest_AcceptNeverReturnsBeforeItsWALSync
--- PASS: TestIngest_AcceptNeverReturnsBeforeItsWALSync (0.11s)
=== RUN   TestIngest_CloseWaitsForTheWALBatchInFlight
=== RUN   TestIngest_CloseWaitsForTheWALBatchInFlight/CloseSession
=== RUN   TestIngest_CloseWaitsForTheWALBatchInFlight/Close
--- PASS: TestIngest_CloseWaitsForTheWALBatchInFlight (0.15s)
    --- PASS: TestIngest_CloseWaitsForTheWALBatchInFlight/CloseSession (0.10s)
    --- PASS: TestIngest_CloseWaitsForTheWALBatchInFlight/Close (0.04s)
=== RUN   TestIngest_WALBatchPreservesRotationBoundaries
--- PASS: TestIngest_WALBatchPreservesRotationBoundaries (0.41s)
=== RUN   TestIngest_WALFailureFailsExactlyItsSegment
=== RUN   TestIngest_WALFailureFailsExactlyItsSegment/a_write_error
=== RUN   TestIngest_WALFailureFailsExactlyItsSegment/a_short_write
=== RUN   TestIngest_WALFailureFailsExactlyItsSegment/a_sync_error
=== RUN   TestIngest_WALFailureFailsExactlyItsSegment/a_sync_error_on_a_batch's_only_segment
=== RUN   TestIngest_WALFailureFailsExactlyItsSegment/a_rotation's_sync_error_fails_only_the_outgoing_segment
=== RUN   TestIngest_WALFailureFailsExactlyItsSegment/a_rotation_flush's_write_error_fails_only_the_outgoing_segment
=== RUN   TestIngest_WALFailureFailsExactlyItsSegment/a_rotation_flush's_short_write_fails_only_the_outgoing_segment
=== RUN   TestIngest_WALFailureFailsExactlyItsSegment/a_line_after_a_rotation_whose_open_failed_goes_to_the_segment_it_reopens
=== RUN   TestIngest_WALFailureFailsExactlyItsSegment/a_rotation_whose_Close_fails_fails_its_session's_lines
=== RUN   TestIngest_WALFailureFailsExactlyItsSegment/a_Sync_that_panics_on_the_leader
=== RUN   TestIngest_WALFailureFailsExactlyItsSegment/a_Sync_that_panics_on_a_helper_goroutine
=== RUN   TestIngest_WALFailureFailsExactlyItsSegment/a_Sync_that_never_returns_on_a_helper_goroutine
=== RUN   TestIngest_WALFailureFailsExactlyItsSegment/a_Sync_that_never_returns_on_the_leader
--- PASS: TestIngest_WALFailureFailsExactlyItsSegment (1.63s)
    --- PASS: TestIngest_WALFailureFailsExactlyItsSegment/a_write_error (0.11s)
    --- PASS: TestIngest_WALFailureFailsExactlyItsSegment/a_short_write (0.13s)
    --- PASS: TestIngest_WALFailureFailsExactlyItsSegment/a_sync_error (0.18s)
    --- PASS: TestIngest_WALFailureFailsExactlyItsSegment/a_sync_error_on_a_batch's_only_segment (0.08s)
    --- PASS: TestIngest_WALFailureFailsExactlyItsSegment/a_rotation's_sync_error_fails_only_the_outgoing_segment (0.12s)
    --- PASS: TestIngest_WALFailureFailsExactlyItsSegment/a_rotation_flush's_write_error_fails_only_the_outgoing_segment (0.08s)
    --- PASS: TestIngest_WALFailureFailsExactlyItsSegment/a_rotation_flush's_short_write_fails_only_the_outgoing_segment (0.10s)
    --- PASS: TestIngest_WALFailureFailsExactlyItsSegment/a_line_after_a_rotation_whose_open_failed_goes_to_the_segment_it_reopens (0.26s)
    --- PASS: TestIngest_WALFailureFailsExactlyItsSegment/a_rotation_whose_Close_fails_fails_its_session's_lines (0.13s)
    --- PASS: TestIngest_WALFailureFailsExactlyItsSegment/a_Sync_that_panics_on_the_leader (0.07s)
    --- PASS: TestIngest_WALFailureFailsExactlyItsSegment/a_Sync_that_panics_on_a_helper_goroutine (0.12s)
    --- PASS: TestIngest_WALFailureFailsExactlyItsSegment/a_Sync_that_never_returns_on_a_helper_goroutine (0.11s)
    --- PASS: TestIngest_WALFailureFailsExactlyItsSegment/a_Sync_that_never_returns_on_the_leader (0.14s)
=== RUN   TestIngest_LeaseLineNeverPrecedesItsWALSync
--- PASS: TestIngest_LeaseLineNeverPrecedesItsWALSync (0.45s)
=== RUN   TestIngest_WALBatchStopsAtTheRequestCap
--- PASS: TestIngest_WALBatchStopsAtTheRequestCap (0.37s)
=== RUN   TestIngest_WALBatchByteCapCountsEveryTerminator
--- PASS: TestIngest_WALBatchByteCapCountsEveryTerminator (1.71s)
=== RUN   TestIngest_WALBatchByteCapAdmitsLinesThatFillItExactly
--- PASS: TestIngest_WALBatchByteCapAdmitsLinesThatFillItExactly (1.73s)
=== RUN   TestPromptOrder_V6_OrderingGateGivesTurnZeroToEarliestLeasedArrival
--- PASS: TestPromptOrder_V6_OrderingGateGivesTurnZeroToEarliestLeasedArrival (4.69s)
=== RUN   TestPromptOrder_V6_UnleasedEarlierSpooledIsSeparateUncertainty
--- PASS: TestPromptOrder_V6_UnleasedEarlierSpooledIsSeparateUncertainty (2.41s)
=== CONT  TestDrainKeepsTheWALTheIngestHoldsForAnUnregisteredSession
=== CONT  TestIngestResolvesBlobsEndToEnd
=== CONT  TestDrainKeepsProgressWhenItCannotPersistTheForgetting
=== CONT  TestIngestHoldsWALAnswersForTheCurrentSegmentOnly
=== CONT  TestStragglerAfterSessionEndIsNotLostWithItsReopenedSegment
=== CONT  TestDrainDoesNotRemoveAWALThatGrewBeforeTheRemovalDecision
=== CONT  TestIngestRemoveDrainedWALRefusesHeldAndGrownSegments
=== CONT  TestDrainResolvesBlobs
=== CONT  TestDrainStartupForgetsStaleProgressBeforeTheSessionRecreatesItsSegment
=== RUN   TestDrainStartupForgetsStaleProgressBeforeTheSessionRecreatesItsSegment/recreated_smaller
=== PAUSE TestDrainStartupForgetsStaleProgressBeforeTheSessionRecreatesItsSegment/recreated_smaller
=== RUN   TestDrainStartupForgetsStaleProgressBeforeTheSessionRecreatesItsSegment/recreated_at_the_same_size
=== CONT  TestDrainForgetsReleasedProgressForMissingFilesBeforeReadingAny
=== PAUSE TestDrainStartupForgetsStaleProgressBeforeTheSessionRecreatesItsSegment/recreated_at_the_same_size
=== RUN   TestDrainStartupForgetsStaleProgressBeforeTheSessionRecreatesItsSegment/recreated_larger
=== PAUSE TestDrainStartupForgetsStaleProgressBeforeTheSessionRecreatesItsSegment/recreated_larger
=== CONT  TestDrainKeepsCleanupIntentsForAFileDeletedAfterTheListing
=== CONT  TestDrainRestoresProgressWhenItDoesNotRemoveTheFile
=== RUN   TestDrainRestoresProgressWhenItDoesNotRemoveTheFile/the_ingest_refuses_a_segment_reopened_after_the_drain_asked
=== CONT  TestDrainForgetsAFileDurablyBeforeUnlinkingIt
=== PAUSE TestDrainRestoresProgressWhenItDoesNotRemoveTheFile/the_ingest_refuses_a_segment_reopened_after_the_drain_asked
=== RUN   TestDrainRestoresProgressWhenItDoesNotRemoveTheFile/the_unlink_fails
=== PAUSE TestDrainRestoresProgressWhenItDoesNotRemoveTheFile/the_unlink_fails
=== CONT  TestDrainResumesAfterCancel
=== CONT  TestDrainPassIsBoundedByItsOwnSnapshotOfAGrowingSpoolFile
=== CONT  TestDrainCrashAtTheUnlinkLeavesNoProgressForARecreatedSegment
=== RUN   TestDrainCrashAtTheUnlinkLeavesNoProgressForARecreatedSegment/recreated_smaller
=== PAUSE TestDrainCrashAtTheUnlinkLeavesNoProgressForARecreatedSegment/recreated_smaller
=== RUN   TestDrainCrashAtTheUnlinkLeavesNoProgressForARecreatedSegment/recreated_at_the_same_size
=== PAUSE TestDrainCrashAtTheUnlinkLeavesNoProgressForARecreatedSegment/recreated_at_the_same_size
=== CONT  TestWalSessionID
--- PASS: TestWalSessionID (0.00s)
=== CONT  TestDrainPersistsAFileBeforeCleaningUpItsBlobs
=== RUN   TestDrainCrashAtTheUnlinkLeavesNoProgressForARecreatedSegment/recreated_larger
=== PAUSE TestDrainCrashAtTheUnlinkLeavesNoProgressForARecreatedSegment/recreated_larger
=== CONT  TestDrainIsIdempotent
=== CONT  TestLiveDispatchedLineIsNotRedispatchedByDrain
=== CONT  TestIngestWALIsExactBytes
=== CONT  TestDrainKeepsLiveSessionWAL
=== CONT  TestDrainNotesAStaleProgressOnceThenClears
=== CONT  TestIngestWALRotates
=== CONT  TestDrainSurvivesCorruptLine
=== CONT  TestDrainDoesNotForgetASegmentTheIngestHolds
=== RUN   TestDrainForgetsAFileDurablyBeforeUnlinkingIt/read_to_its_end_by_the_same_pass
=== PAUSE TestDrainForgetsAFileDurablyBeforeUnlinkingIt/read_to_its_end_by_the_same_pass
=== RUN   TestDrainForgetsAFileDurablyBeforeUnlinkingIt/finished_by_an_earlier_pass
=== PAUSE TestDrainForgetsAFileDurablyBeforeUnlinkingIt/finished_by_an_earlier_pass
=== CONT  TestDrainRemovesClosedRotatedSegmentsAndKeepsTheHeldOne
--- PASS: TestIngestResolvesBlobsEndToEnd (0.63s)
=== CONT  TestMarkerIsWrittenByFlushAndCheckpointOnly
--- PASS: TestDrainKeepsTheWALTheIngestHoldsForAnUnregisteredSession (1.11s)
=== CONT  TestDrainKeepsTheWALOfASessionLiveByTrafficAlone
--- PASS: TestIngestRemoveDrainedWALRefusesHeldAndGrownSegments (1.11s)
=== CONT  TestDrainPersistsPerFileBeforeMovingOn
--- PASS: TestIngestHoldsWALAnswersForTheCurrentSegmentOnly (1.12s)
=== CONT  TestDrainRejectsMismatchedProgressBeforePruningIt
--- PASS: TestIngestWALIsExactBytes (1.21s)
=== CONT  TestDrainForgetsAFileAlreadyGoneAtItsRemoval
--- PASS: TestIngestWALRotates (1.29s)
=== CONT  TestDrainOfSpooledFlushLineDoesNotDeadlock
--- PASS: TestDrainKeepsProgressWhenItCannotPersistTheForgetting (1.67s)
=== CONT  TestDrainStartupForgetsStaleProgressBeforeTheSessionRecreatesItsSegment/recreated_smaller
--- PASS: TestDrainRejectsMismatchedProgressBeforePruningIt (0.54s)
=== CONT  TestDrainStartupForgetsStaleProgressBeforeTheSessionRecreatesItsSegment/recreated_larger
--- PASS: TestDrainResolvesBlobs (1.84s)
=== CONT  TestDrainStartupForgetsStaleProgressBeforeTheSessionRecreatesItsSegment/recreated_at_the_same_size
--- PASS: TestDrainSurvivesCorruptLine (1.87s)
=== CONT  TestDrainRestoresProgressWhenItDoesNotRemoveTheFile/the_unlink_fails
--- PASS: TestLiveDispatchedLineIsNotRedispatchedByDrain (1.93s)
=== CONT  TestDrainRestoresProgressWhenItDoesNotRemoveTheFile/the_ingest_refuses_a_segment_reopened_after_the_drain_asked
--- PASS: TestDrainNotesAStaleProgressOnceThenClears (2.05s)
=== CONT  TestDrainCrashAtTheUnlinkLeavesNoProgressForARecreatedSegment/recreated_smaller
--- PASS: TestDrainKeepsLiveSessionWAL (2.06s)
=== CONT  TestDrainCrashAtTheUnlinkLeavesNoProgressForARecreatedSegment/recreated_at_the_same_size
--- PASS: TestDrainPersistsAFileBeforeCleaningUpItsBlobs (2.07s)
=== CONT  TestDrainCrashAtTheUnlinkLeavesNoProgressForARecreatedSegment/recreated_larger
--- PASS: TestDrainIsIdempotent (2.14s)
=== CONT  TestDrainForgetsAFileDurablyBeforeUnlinkingIt/finished_by_an_earlier_pass
--- PASS: TestDrainResumesAfterCancel (2.33s)
=== CONT  TestDrainForgetsAFileDurablyBeforeUnlinkingIt/read_to_its_end_by_the_same_pass
--- PASS: TestDrainKeepsCleanupIntentsForAFileDeletedAfterTheListing (2.42s)
--- PASS: TestDrainDoesNotForgetASegmentTheIngestHolds (2.40s)
--- PASS: TestDrainKeepsTheWALOfASessionLiveByTrafficAlone (1.44s)
--- PASS: TestDrainDoesNotRemoveAWALThatGrewBeforeTheRemovalDecision (2.49s)
--- PASS: TestDrainPassIsBoundedByItsOwnSnapshotOfAGrowingSpoolFile (2.50s)
--- PASS: TestDrainForgetsReleasedProgressForMissingFilesBeforeReadingAny (2.59s)
--- PASS: TestDrainPersistsPerFileBeforeMovingOn (1.50s)
--- PASS: TestDrainForgetsAFileAlreadyGoneAtItsRemoval (1.40s)
--- PASS: TestDrainOfSpooledFlushLineDoesNotDeadlock (1.30s)
--- PASS: TestDrainRemovesClosedRotatedSegmentsAndKeepsTheHeldOne (2.59s)
--- PASS: TestMarkerIsWrittenByFlushAndCheckpointOnly (2.29s)
--- PASS: TestDrainForgetsAFileDurablyBeforeUnlinkingIt (0.06s)
    --- PASS: TestDrainForgetsAFileDurablyBeforeUnlinkingIt/read_to_its_end_by_the_same_pass (0.52s)
    --- PASS: TestDrainForgetsAFileDurablyBeforeUnlinkingIt/finished_by_an_earlier_pass (0.69s)
--- PASS: TestDrainStartupForgetsStaleProgressBeforeTheSessionRecreatesItsSegment (0.02s)
    --- PASS: TestDrainStartupForgetsStaleProgressBeforeTheSessionRecreatesItsSegment/recreated_at_the_same_size (1.18s)
    --- PASS: TestDrainStartupForgetsStaleProgressBeforeTheSessionRecreatesItsSegment/recreated_larger (1.37s)
    --- PASS: TestDrainStartupForgetsStaleProgressBeforeTheSessionRecreatesItsSegment/recreated_smaller (1.47s)
--- PASS: TestDrainCrashAtTheUnlinkLeavesNoProgressForARecreatedSegment (0.01s)
    --- PASS: TestDrainCrashAtTheUnlinkLeavesNoProgressForARecreatedSegment/recreated_smaller (0.90s)
    --- PASS: TestDrainCrashAtTheUnlinkLeavesNoProgressForARecreatedSegment/recreated_larger (0.99s)
    --- PASS: TestDrainCrashAtTheUnlinkLeavesNoProgressForARecreatedSegment/recreated_at_the_same_size (1.00s)
--- PASS: TestDrainRestoresProgressWhenItDoesNotRemoveTheFile (0.01s)
    --- PASS: TestDrainRestoresProgressWhenItDoesNotRemoveTheFile/the_unlink_fails (1.14s)
    --- PASS: TestDrainRestoresProgressWhenItDoesNotRemoveTheFile/the_ingest_refuses_a_segment_reopened_after_the_drain_asked (1.15s)
--- PASS: TestStragglerAfterSessionEndIsNotLostWithItsReopenedSegment (3.17s)
=== RUN   TestDrainOfSpooledFlushLineDoesNotDeadlock
=== PAUSE TestDrainOfSpooledFlushLineDoesNotDeadlock
=== RUN   TestStartupDrainOfSpooledFlushLineDoesNotWedgeRun
--- PASS: TestStartupDrainOfSpooledFlushLineDoesNotWedgeRun (0.64s)
=== RUN   TestMarkerIsWrittenByFlushAndCheckpointOnly
=== PAUSE TestMarkerIsWrittenByFlushAndCheckpointOnly
=== RUN   TestDeliveryOrder_LiveSameSessionArrivalsPublishWithoutDrain
--- PASS: TestDeliveryOrder_LiveSameSessionArrivalsPublishWithoutDrain (21.63s)
=== RUN   TestDeliveryOrder_LiveReversedRingOrderPublishesWithoutDrain
--- PASS: TestDeliveryOrder_LiveReversedRingOrderPublishesWithoutDrain (10.07s)
=== RUN   TestDeliveryOrder_LiveOtherSessionsAreNotSerialized
--- PASS: TestDeliveryOrder_LiveOtherSessionsAreNotSerialized (6.59s)
=== RUN   TestDeliveryOrder_DrainReleaseWakesParkedLiveSuccessor
--- PASS: TestDeliveryOrder_DrainReleaseWakesParkedLiveSuccessor (3.19s)
=== RUN   TestDeliveryOrder_LiveLanesAreBoundedAndOverflowIsLeftForTheDrain
--- PASS: TestDeliveryOrder_LiveLanesAreBoundedAndOverflowIsLeftForTheDrain (5.14s)
=== RUN   TestDeliveryOrder_LiveFailedHeadIsRetriedByTheNextArrivalNotSpun
--- PASS: TestDeliveryOrder_LiveFailedHeadIsRetriedByTheNextArrivalNotSpun (2.28s)
=== RUN   TestDispatchLanes_SignalsKeepTheOwnerFromParkingOnAStaleView
--- PASS: TestDispatchLanes_SignalsKeepTheOwnerFromParkingOnAStaleView (0.00s)
=== RUN   TestDeliveryOrder_DrainReleasesSessionsOnlyAfterItsPass
--- PASS: TestDeliveryOrder_DrainReleasesSessionsOnlyAfterItsPass (1.95s)
=== RUN   TestDeliveryOrder_FlushSettlesQueuedSessionEventsBeforeSessionEnd
--- PASS: TestDeliveryOrder_FlushSettlesQueuedSessionEventsBeforeSessionEnd (3.70s)
=== RUN   TestDeliveryOrder_FlushDrainsAParkedSessionBeforeSessionEnd
--- PASS: TestDeliveryOrder_FlushDrainsAParkedSessionBeforeSessionEnd (2.90s)
=== RUN   TestDeliveryOrder_FlushThatCannotSettleSaysSoAndLosesNothing
--- PASS: TestDeliveryOrder_FlushThatCannotSettleSaysSoAndLosesNothing (2.09s)
=== RUN   TestDeliveryOrder_PredecessorsAcknowledgedGate
--- PASS: TestDeliveryOrder_PredecessorsAcknowledgedGate (0.39s)
=== RUN   TestDeliveryOrder_DrainReversedWALvsLeaseOrder
--- PASS: TestDeliveryOrder_DrainReversedWALvsLeaseOrder (1.28s)
=== RUN   TestDeliveryOrder_UnreadableFrontierFailsClosed
--- PASS: TestDeliveryOrder_UnreadableFrontierFailsClosed (0.41s)
=== RUN   TestDeliveryOrder_MissingJournalGetterFailsClosed
--- PASS: TestDeliveryOrder_MissingJournalGetterFailsClosed (0.17s)
=== RUN   TestDeliveryOrder_UnreadableFrontierNoPublication
--- PASS: TestDeliveryOrder_UnreadableFrontierNoPublication (0.40s)
=== RUN   TestDeliveryOrder_DrainReversedPrefixBeyondBufferBoundDoesNotWedge
--- PASS: TestDeliveryOrder_DrainReversedPrefixBeyondBufferBoundDoesNotWedge (179.58s)
=== RUN   TestDeliveryOrder_DrainOrdersPerSessionIndependently
--- PASS: TestDeliveryOrder_DrainOrdersPerSessionIndependently (2.81s)
=== RUN   TestDeliveryOrder_DrainCancellationPreservesUnconsumed
--- PASS: TestDeliveryOrder_DrainCancellationPreservesUnconsumed (3.45s)
=== RUN   TestDeliveryOrder_LeasedDenyOnRetryPreservedPending
--- PASS: TestDeliveryOrder_LeasedDenyOnRetryPreservedPending (6.59s)
=== RUN   TestDrainAdmitsAndAcknowledgesInheritedRecords
--- PASS: TestDrainAdmitsAndAcknowledgesInheritedRecords (2.70s)
=== RUN   TestDrainReportsGapsInsteadOfSilentCompleteness
--- PASS: TestDrainReportsGapsInsteadOfSilentCompleteness (2.44s)
=== RUN   TestSessionEndRecordsRecoveryNeeded
--- PASS: TestSessionEndRecordsRecoveryNeeded (1.37s)
=== RUN   TestDeliveryTerminal_ArchivedDenialSettlesOrderingWithoutCaptureAck
--- PASS: TestDeliveryTerminal_ArchivedDenialSettlesOrderingWithoutCaptureAck (5.10s)
=== RUN   TestDeliveryTerminal_RotationDefersDispositionWithoutDeadlock
--- PASS: TestDeliveryTerminal_RotationDefersDispositionWithoutDeadlock (0.82s)
=== RUN   TestDeliveryTerminal_DrainAfterPhysicalScopeChanges
    delivery_terminal_integration_test.go:45: directory symlink unavailable: symlink C:\Users\Quant\AppData\Local\Temp\TestDeliveryTerminal_DrainAfterPhysicalScopeChanges234538820\002 C:\Users\Quant\AppData\Local\Temp\TestDeliveryTerminal_DrainAfterPhysicalScopeChanges234538820\001\allowed: A required privilege is not held by the client.
--- SKIP: TestDeliveryTerminal_DrainAfterPhysicalScopeChanges (0.90s)
=== RUN   TestDeliveryTerminal_RetirementBeforeOffsetSurvivesRestart
--- PASS: TestDeliveryTerminal_RetirementBeforeOffsetSurvivesRestart (1.86s)
=== RUN   TestDeliveryTerminal_UnprovedPolicyAndUnavailableJournalRemainPending
=== RUN   TestDeliveryTerminal_UnprovedPolicyAndUnavailableJournalRemainPending/policy_unavailable
=== RUN   TestDeliveryTerminal_UnprovedPolicyAndUnavailableJournalRemainPending/journal_unavailable
=== RUN   TestDeliveryTerminal_UnprovedPolicyAndUnavailableJournalRemainPending/binding_conflict
--- PASS: TestDeliveryTerminal_UnprovedPolicyAndUnavailableJournalRemainPending (2.36s)
    --- PASS: TestDeliveryTerminal_UnprovedPolicyAndUnavailableJournalRemainPending/policy_unavailable (0.77s)
    --- PASS: TestDeliveryTerminal_UnprovedPolicyAndUnavailableJournalRemainPending/journal_unavailable (0.65s)
    --- PASS: TestDeliveryTerminal_UnprovedPolicyAndUnavailableJournalRemainPending/binding_conflict (0.94s)
=== RUN   TestDeliveryTerminal_LiveQueuePolicyChangeCreatesNoCapture
--- PASS: TestDeliveryTerminal_LiveQueuePolicyChangeCreatesNoCapture (1.39s)
=== RUN   TestDeliveryTerminal_DrainWaitsForLivePublicationOwner
--- PASS: TestDeliveryTerminal_DrainWaitsForLivePublicationOwner (1.83s)
=== RUN   TestDeliveryTerminal_RestartRetainsDenialWithoutCaptureACK
--- PASS: TestDeliveryTerminal_RestartRetainsDenialWithoutCaptureACK (0.85s)
=== RUN   TestDeliveryTerminal_RejectsUnknownOrChangedLease
--- PASS: TestDeliveryTerminal_RejectsUnknownOrChangedLease (0.96s)
=== RUN   TestDeliveryTerminal_MalformedEvidenceIsPreservedAndUnavailable
--- PASS: TestDeliveryTerminal_MalformedEvidenceIsPreservedAndUnavailable (0.80s)
=== RUN   TestDeliveryTerminal_StagingArtifactIsNotACompletion
--- PASS: TestDeliveryTerminal_StagingArtifactIsNotACompletion (0.84s)
=== RUN   TestDrainDoesNotRedeliverAnAcknowledgedClientCopy
--- PASS: TestDrainDoesNotRedeliverAnAcknowledgedClientCopy (2.67s)
=== RUN   TestDrainSkipsAnUnadmittableRecordAndDeliversWhatFollows
--- PASS: TestDrainSkipsAnUnadmittableRecordAndDeliversWhatFollows (6.25s)
=== RUN   TestDrainReportsADeniedRecordAsAGapAndMovesOn
--- PASS: TestDrainReportsADeniedRecordAsAGapAndMovesOn (4.58s)
=== RUN   TestDrainPersistsADegradedCaptureAsEvidence
--- PASS: TestDrainPersistsADegradedCaptureAsEvidence (5.76s)
=== RUN   TestNewDrainerIssuesTheRealSyncsByDefault
--- PASS: TestNewDrainerIssuesTheRealSyncsByDefault (0.47s)
=== RUN   TestDrainTakesNothingOfAFreshSegmentBeforeItsFirstSyncReturns
--- PASS: TestDrainTakesNothingOfAFreshSegmentBeforeItsFirstSyncReturns (2.15s)
=== RUN   TestDrainReadsAHeldSegmentNoFurtherThanItsStat
--- PASS: TestDrainReadsAHeldSegmentNoFurtherThanItsStat (0.31s)
=== RUN   TestDrainLeavesBytesAppendedAfterItsSyncForTheNextPass
--- PASS: TestDrainLeavesBytesAppendedAfterItsSyncForTheNextPass (1.13s)
=== RUN   TestDrainFsyncsASpoolFileOnAHandleOfItsOwnBeforeItsFirstDispatch
--- PASS: TestDrainFsyncsASpoolFileOnAHandleOfItsOwnBeforeItsFirstDispatch (1.42s)
=== RUN   TestDrainCountsTheBytesOfAFileItCouldNotSyncAsPending
--- PASS: TestDrainCountsTheBytesOfAFileItCouldNotSyncAsPending (0.68s)
=== RUN   TestDrainSyncsTheSpoolDirectoryOncePerPassBeforeItConsumesASyncedFile
--- PASS: TestDrainSyncsTheSpoolDirectoryOncePerPassBeforeItConsumesASyncedFile (1.68s)
=== RUN   TestDrainAnnouncesAFileItCannotSyncOncePerFailure
--- PASS: TestDrainAnnouncesAFileItCannotSyncOncePerFailure (1.60s)
=== RUN   TestDrainRecoversFromACrashThatTookAHeldSegmentsUnsyncedTail
--- PASS: TestDrainRecoversFromACrashThatTookAHeldSegmentsUnsyncedTail (1.21s)
=== RUN   TestDrainRefusesProgressWhoseFileLostItsDurableBytes
=== RUN   TestDrainRefusesProgressWhoseFileLostItsDurableBytes/a_file_truncated_below_the_bytes_the_drain_consumed
=== RUN   TestDrainRefusesProgressWhoseFileLostItsDurableBytes/a_file_replaced_by_different_bytes,_short_of_the_bound_its_progress_names
=== RUN   TestDrainRefusesProgressWhoseFileLostItsDurableBytes/a_held_segment_that_comes_back_short_of_the_synced_size_it_recorded
--- PASS: TestDrainRefusesProgressWhoseFileLostItsDurableBytes (0.64s)
    --- PASS: TestDrainRefusesProgressWhoseFileLostItsDurableBytes/a_file_truncated_below_the_bytes_the_drain_consumed (0.24s)
    --- PASS: TestDrainRefusesProgressWhoseFileLostItsDurableBytes/a_file_replaced_by_different_bytes,_short_of_the_bound_its_progress_names (0.20s)
    --- PASS: TestDrainRefusesProgressWhoseFileLostItsDurableBytes/a_held_segment_that_comes_back_short_of_the_synced_size_it_recorded (0.20s)
=== RUN   TestDrainConsumesNothingOfAFileWhoseFsyncFailed
--- PASS: TestDrainConsumesNothingOfAFileWhoseFsyncFailed (0.33s)
=== RUN   TestDrainConsumesNothingWhenItCannotCloseTheHandleItSynced
--- PASS: TestDrainConsumesNothingWhenItCannotCloseTheHandleItSynced (0.37s)
=== RUN   TestDrainSyncNeverCreatesASpoolFileThatIsGone
--- PASS: TestDrainSyncNeverCreatesASpoolFileThatIsGone (0.24s)
=== RUN   TestIngest_SyncedWALAdvancesOnlyPastASyncThatReturned
=== RUN   TestIngest_SyncedWALAdvancesOnlyPastASyncThatReturned/a_batch_in_flight_adds_nothing_until_its_Sync_returns
=== RUN   TestIngest_SyncedWALAdvancesOnlyPastASyncThatReturned/a_failed_Sync_freezes_it_until_a_segment_is_opened
=== RUN   TestIngest_SyncedWALAdvancesOnlyPastASyncThatReturned/a_segment_closed_by_CloseSession_or_Close_is_not_held
=== RUN   TestIngest_SyncedWALAdvancesOnlyPastASyncThatReturned/a_segment_opened_over_bytes_it_did_not_write_counts_none_of_them_synced
=== RUN   TestIngest_SyncedWALAdvancesOnlyPastASyncThatReturned/a_Sync_that_panics_freezes_it
--- PASS: TestIngest_SyncedWALAdvancesOnlyPastASyncThatReturned (0.46s)
    --- PASS: TestIngest_SyncedWALAdvancesOnlyPastASyncThatReturned/a_batch_in_flight_adds_nothing_until_its_Sync_returns (0.08s)
    --- PASS: TestIngest_SyncedWALAdvancesOnlyPastASyncThatReturned/a_failed_Sync_freezes_it_until_a_segment_is_opened (0.13s)
    --- PASS: TestIngest_SyncedWALAdvancesOnlyPastASyncThatReturned/a_segment_closed_by_CloseSession_or_Close_is_not_held (0.12s)
    --- PASS: TestIngest_SyncedWALAdvancesOnlyPastASyncThatReturned/a_segment_opened_over_bytes_it_did_not_write_counts_none_of_them_synced (0.05s)
    --- PASS: TestIngest_SyncedWALAdvancesOnlyPastASyncThatReturned/a_Sync_that_panics_freezes_it (0.06s)
=== RUN   TestDrainNeverLeasesAWALLineBeforeItsSyncReturns
=== RUN   TestDrainNeverLeasesAWALLineBeforeItsSyncReturns/wired_as_the_daemon_wires_it,_a_pass_takes_nothing_past_the_synced_size
=== RUN   TestDrainNeverLeasesAWALLineBeforeItsSyncReturns/a_drainer_with_no_ingest_behind_it_syncs_the_segment_before_it_leases
--- PASS: TestDrainNeverLeasesAWALLineBeforeItsSyncReturns (2.49s)
    --- PASS: TestDrainNeverLeasesAWALLineBeforeItsSyncReturns/wired_as_the_daemon_wires_it,_a_pass_takes_nothing_past_the_synced_size (1.32s)
    --- PASS: TestDrainNeverLeasesAWALLineBeforeItsSyncReturns/a_drainer_with_no_ingest_behind_it_syncs_the_segment_before_it_leases (1.16s)
=== RUN   TestDrainSyncsAFileTheIngestDoesNotHoldBeforeItsFirstLease
--- PASS: TestDrainSyncsAFileTheIngestDoesNotHoldBeforeItsFirstLease (2.44s)
=== RUN   TestDrainLeasesNothingFromAFileItCouldNotSync
--- PASS: TestDrainLeasesNothingFromAFileItCouldNotSync (1.32s)
=== RUN   TestDrainSyncsASpoolFileAHookStillHasOpen
--- PASS: TestDrainSyncsASpoolFileAHookStillHasOpen (0.36s)
=== RUN   TestDrainKeepsTheWALTheIngestHoldsForAnUnregisteredSession
=== PAUSE TestDrainKeepsTheWALTheIngestHoldsForAnUnregisteredSession
=== RUN   TestDrainKeepsTheWALOfASessionLiveByTrafficAlone
=== PAUSE TestDrainKeepsTheWALOfASessionLiveByTrafficAlone
=== RUN   TestDrainDoesNotRemoveAWALThatGrewBeforeTheRemovalDecision
=== PAUSE TestDrainDoesNotRemoveAWALThatGrewBeforeTheRemovalDecision
=== RUN   TestDrainPassIsBoundedByItsOwnSnapshotOfAGrowingSpoolFile
=== PAUSE TestDrainPassIsBoundedByItsOwnSnapshotOfAGrowingSpoolFile
=== RUN   TestDrainRemovesClosedRotatedSegmentsAndKeepsTheHeldOne
=== PAUSE TestDrainRemovesClosedRotatedSegmentsAndKeepsTheHeldOne
=== RUN   TestStragglerAfterSessionEndIsNotLostWithItsReopenedSegment
=== PAUSE TestStragglerAfterSessionEndIsNotLostWithItsReopenedSegment
=== RUN   TestIngestRemoveDrainedWALRefusesHeldAndGrownSegments
=== PAUSE TestIngestRemoveDrainedWALRefusesHeldAndGrownSegments
=== RUN   TestIngestHoldsWALAnswersForTheCurrentSegmentOnly
=== PAUSE TestIngestHoldsWALAnswersForTheCurrentSegmentOnly
=== RUN   TestCarriedDefect_SP08D3_ReplayedPromptIsCapturedAtTurnZero
--- PASS: TestCarriedDefect_SP08D3_ReplayedPromptIsCapturedAtTurnZero (1.89s)
=== RUN   TestSP08D3_DistinctSameTextRepliesStayDistinct
--- PASS: TestSP08D3_DistinctSameTextRepliesStayDistinct (3.98s)
=== RUN   TestSP08D3_CaptureFailureIsNotAcknowledged
--- PASS: TestSP08D3_CaptureFailureIsNotAcknowledged (6.08s)
=== RUN   TestSP08D3_ReplayThroughRunIngestedEmitsNoOutput
--- PASS: TestSP08D3_ReplayThroughRunIngestedEmitsNoOutput (6.90s)
=== RUN   TestDrainRoundTripsACleanupIntentThroughTheRecordCodec
=== RUN   TestDrainRoundTripsACleanupIntentThroughTheRecordCodec/the_intents_a_record_holds_survive_the_write_and_the_read
=== RUN   TestDrainRoundTripsACleanupIntentThroughTheRecordCodec/a_later_pass_removes_the_blob_an_inherited_intent_names
--- PASS: TestDrainRoundTripsACleanupIntentThroughTheRecordCodec (4.49s)
    --- PASS: TestDrainRoundTripsACleanupIntentThroughTheRecordCodec/the_intents_a_record_holds_survive_the_write_and_the_read (2.02s)
    --- PASS: TestDrainRoundTripsACleanupIntentThroughTheRecordCodec/a_later_pass_removes_the_blob_an_inherited_intent_names (2.44s)
=== RUN   TestDrainKeepsTheDurableBoundItRecordedWhenASegmentIsReopenedBelowIt
--- PASS: TestDrainKeepsTheDurableBoundItRecordedWhenASegmentIsReopenedBelowIt (0.70s)
=== RUN   TestDrainDoesNotKeepARawStatBoundItDidNotRecord
=== RUN   TestDrainDoesNotKeepARawStatBoundItDidNotRecord/a_record_written_before_the_mark,_whose_size_names_the_unsynced_tail
=== RUN   TestDrainDoesNotKeepARawStatBoundItDidNotRecord/a_record_this_code_wrote,_whose_size_names_only_durable_bytes
--- PASS: TestDrainDoesNotKeepARawStatBoundItDidNotRecord (1.66s)
    --- PASS: TestDrainDoesNotKeepARawStatBoundItDidNotRecord/a_record_written_before_the_mark,_whose_size_names_the_unsynced_tail (0.69s)
    --- PASS: TestDrainDoesNotKeepARawStatBoundItDidNotRecord/a_record_this_code_wrote,_whose_size_names_only_durable_bytes (0.97s)
=== RUN   TestDrainWritesALoadableRecordWhenAFileShrinksUnderThePass
--- PASS: TestDrainWritesALoadableRecordWhenAFileShrinksUnderThePass (1.71s)
=== RUN   TestDrainDoesNotMarkASizeThatRestsOnALegacyOffset
--- PASS: TestDrainDoesNotMarkASizeThatRestsOnALegacyOffset (0.95s)
=== RUN   TestDrainKeepsTheProvenanceOfARecordItDidNotVisit
--- PASS: TestDrainKeepsTheProvenanceOfARecordItDidNotVisit (0.45s)
=== RUN   TestDrainRejectedResponseIsRetryableAfterRestart
--- PASS: TestDrainRejectedResponseIsRetryableAfterRestart (0.30s)
=== RUN   TestDrainCanceledRejectedHandlerLeavesCurrentLinePending
--- PASS: TestDrainCanceledRejectedHandlerLeavesCurrentLinePending (0.35s)
=== RUN   TestDrainTrailingIncompleteLineWaitsForCompletion
--- PASS: TestDrainTrailingIncompleteLineWaitsForCompletion (0.39s)
=== RUN   TestDrainLoadStateTreatsAFileParentAsNoState
--- PASS: TestDrainLoadStateTreatsAFileParentAsNoState (0.01s)
=== RUN   TestDrainStatePersistenceFailurePreservesSpool
--- PASS: TestDrainStatePersistenceFailurePreservesSpool (0.21s)
=== RUN   TestDrainRejectedBlobResponseRetainsBlobForRestart
--- PASS: TestDrainRejectedBlobResponseRetainsBlobForRestart (0.26s)
=== RUN   TestDrainRestartCleansPersistedBlobWithoutRedispatching
--- PASS: TestDrainRestartCleansPersistedBlobWithoutRedispatching (0.21s)
=== RUN   TestDrainRestartCleansPriorBlobBeforeRetryingLaterRejectedLine
--- PASS: TestDrainRestartCleansPriorBlobBeforeRetryingLaterRejectedLine (0.26s)
=== RUN   TestDrainWindowsOpenBlobRetainsCleanupIntent
--- PASS: TestDrainWindowsOpenBlobRetainsCleanupIntent (0.24s)
=== RUN   TestDrainCrossFileSharedBlobWaitsForLaterRetry
--- PASS: TestDrainCrossFileSharedBlobWaitsForLaterRetry (0.38s)
=== RUN   TestDrainFreshSeenMayRedeliverWithoutPersistedOffset
--- PASS: TestDrainFreshSeenMayRedeliverWithoutPersistedOffset (0.12s)
=== RUN   TestDrainRejectsInvalidPersistedStateBeforeTouchingRecoveryResources
=== RUN   TestDrainRejectsInvalidPersistedStateBeforeTouchingRecoveryResources/malformed
=== RUN   TestDrainRejectsInvalidPersistedStateBeforeTouchingRecoveryResources/null_state
=== RUN   TestDrainRejectsInvalidPersistedStateBeforeTouchingRecoveryResources/null_file_entry
=== RUN   TestDrainRejectsInvalidPersistedStateBeforeTouchingRecoveryResources/negative_offset
=== RUN   TestDrainRejectsInvalidPersistedStateBeforeTouchingRecoveryResources/offset_beyond_spool_size
=== RUN   TestDrainRejectsInvalidPersistedStateBeforeTouchingRecoveryResources/done_without_complete_offset
--- PASS: TestDrainRejectsInvalidPersistedStateBeforeTouchingRecoveryResources (0.31s)
    --- PASS: TestDrainRejectsInvalidPersistedStateBeforeTouchingRecoveryResources/malformed (0.05s)
    --- PASS: TestDrainRejectsInvalidPersistedStateBeforeTouchingRecoveryResources/null_state (0.07s)
    --- PASS: TestDrainRejectsInvalidPersistedStateBeforeTouchingRecoveryResources/null_file_entry (0.06s)
    --- PASS: TestDrainRejectsInvalidPersistedStateBeforeTouchingRecoveryResources/negative_offset (0.04s)
    --- PASS: TestDrainRejectsInvalidPersistedStateBeforeTouchingRecoveryResources/offset_beyond_spool_size (0.06s)
    --- PASS: TestDrainRejectsInvalidPersistedStateBeforeTouchingRecoveryResources/done_without_complete_offset (0.04s)
=== RUN   TestDrainKeepsItsProgressLoadableWhenAStragglerReopensADrainedSegment
--- PASS: TestDrainKeepsItsProgressLoadableWhenAStragglerReopensADrainedSegment (0.43s)
=== RUN   TestDrainForgetsAFileDurablyBeforeUnlinkingIt
=== PAUSE TestDrainForgetsAFileDurablyBeforeUnlinkingIt
=== RUN   TestDrainCrashAtTheUnlinkLeavesNoProgressForARecreatedSegment
=== PAUSE TestDrainCrashAtTheUnlinkLeavesNoProgressForARecreatedSegment
=== RUN   TestDrainRestoresProgressWhenItDoesNotRemoveTheFile
=== PAUSE TestDrainRestoresProgressWhenItDoesNotRemoveTheFile
=== RUN   TestDrainDoesNotForgetASegmentTheIngestHolds
=== PAUSE TestDrainDoesNotForgetASegmentTheIngestHolds
=== RUN   TestDrainCrashBetweenForgettingAndUnlinkingReplaysOnlyWhatTheFrontierLacks
--- PASS: TestDrainCrashBetweenForgettingAndUnlinkingReplaysOnlyWhatTheFrontierLacks (1.48s)
=== RUN   TestDrainStartupForgetsStaleProgressBeforeTheSessionRecreatesItsSegment
=== PAUSE TestDrainStartupForgetsStaleProgressBeforeTheSessionRecreatesItsSegment
=== RUN   TestDrainForgetsReleasedProgressForMissingFilesBeforeReadingAny
=== PAUSE TestDrainForgetsReleasedProgressForMissingFilesBeforeReadingAny
=== RUN   TestDrainForgetsAFileAlreadyGoneAtItsRemoval
=== PAUSE TestDrainForgetsAFileAlreadyGoneAtItsRemoval
=== RUN   TestDrainKeepsProgressWhenItCannotPersistTheForgetting
=== PAUSE TestDrainKeepsProgressWhenItCannotPersistTheForgetting
=== RUN   TestDrainRejectsMismatchedProgressBeforePruningIt
=== PAUSE TestDrainRejectsMismatchedProgressBeforePruningIt
=== RUN   TestDrainKeepsCleanupIntentsForAFileDeletedAfterTheListing
=== PAUSE TestDrainKeepsCleanupIntentsForAFileDeletedAfterTheListing
=== RUN   TestDrainPersistsPerFileBeforeMovingOn
=== PAUSE TestDrainPersistsPerFileBeforeMovingOn
=== RUN   TestDrainPersistsAFileBeforeCleaningUpItsBlobs
=== PAUSE TestDrainPersistsAFileBeforeCleaningUpItsBlobs
=== RUN   TestDrainIsIdempotent
=== PAUSE TestDrainIsIdempotent
=== RUN   TestDrainResumesAfterCancel
=== PAUSE TestDrainResumesAfterCancel
=== RUN   TestDrainResolvesBlobs
=== PAUSE TestDrainResolvesBlobs
=== RUN   TestDrainSurvivesCorruptLine
=== PAUSE TestDrainSurvivesCorruptLine
=== RUN   TestDrainKeepsLiveSessionWAL
=== PAUSE TestDrainKeepsLiveSessionWAL
=== RUN   TestDrainNotesAStaleProgressOnceThenClears
=== PAUSE TestDrainNotesAStaleProgressOnceThenClears
=== RUN   TestWalSessionID
=== PAUSE TestWalSessionID
=== RUN   TestIngestWALIsExactBytes
=== PAUSE TestIngestWALIsExactBytes
=== RUN   TestIngestRingFullWALsEveryLineAndNeverSpills
--- PASS: TestIngestRingFullWALsEveryLineAndNeverSpills (0.14s)
=== RUN   TestIngestACKPrecedesProcessing
--- PASS: TestIngestACKPrecedesProcessing (0.07s)
=== RUN   TestIngestWALRotates
=== PAUSE TestIngestWALRotates
=== RUN   TestIngestResolvesBlobsEndToEnd
=== PAUSE TestIngestResolvesBlobsEndToEnd
=== RUN   TestLiveDispatchedLineIsNotRedispatchedByDrain
=== PAUSE TestLiveDispatchedLineIsNotRedispatchedByDrain
=== RUN   TestIngest_WALGroupCommitOneSyncPerSegmentPerBatch
--- PASS: TestIngest_WALGroupCommitOneSyncPerSegmentPerBatch (0.66s)
=== RUN   TestIngest_AcceptNeverReturnsBeforeItsWALSync
--- PASS: TestIngest_AcceptNeverReturnsBeforeItsWALSync (0.60s)
=== RUN   TestIngest_CloseWaitsForTheWALBatchInFlight
=== RUN   TestIngest_CloseWaitsForTheWALBatchInFlight/CloseSession
=== RUN   TestIngest_CloseWaitsForTheWALBatchInFlight/Close
--- PASS: TestIngest_CloseWaitsForTheWALBatchInFlight (0.66s)
    --- PASS: TestIngest_CloseWaitsForTheWALBatchInFlight/CloseSession (0.40s)
    --- PASS: TestIngest_CloseWaitsForTheWALBatchInFlight/Close (0.26s)
=== RUN   TestIngest_WALBatchPreservesRotationBoundaries
--- PASS: TestIngest_WALBatchPreservesRotationBoundaries (0.44s)
=== RUN   TestIngest_WALFailureFailsExactlyItsSegment
=== RUN   TestIngest_WALFailureFailsExactlyItsSegment/a_write_error
=== RUN   TestIngest_WALFailureFailsExactlyItsSegment/a_short_write
=== RUN   TestIngest_WALFailureFailsExactlyItsSegment/a_sync_error
=== RUN   TestIngest_WALFailureFailsExactlyItsSegment/a_sync_error_on_a_batch's_only_segment
=== RUN   TestIngest_WALFailureFailsExactlyItsSegment/a_rotation's_sync_error_fails_only_the_outgoing_segment
=== RUN   TestIngest_WALFailureFailsExactlyItsSegment/a_rotation_flush's_write_error_fails_only_the_outgoing_segment
=== RUN   TestIngest_WALFailureFailsExactlyItsSegment/a_rotation_flush's_short_write_fails_only_the_outgoing_segment
=== RUN   TestIngest_WALFailureFailsExactlyItsSegment/a_line_after_a_rotation_whose_open_failed_goes_to_the_segment_it_reopens
=== RUN   TestIngest_WALFailureFailsExactlyItsSegment/a_rotation_whose_Close_fails_fails_its_session's_lines
=== RUN   TestIngest_WALFailureFailsExactlyItsSegment/a_Sync_that_panics_on_the_leader
=== RUN   TestIngest_WALFailureFailsExactlyItsSegment/a_Sync_that_panics_on_a_helper_goroutine
=== RUN   TestIngest_WALFailureFailsExactlyItsSegment/a_Sync_that_never_returns_on_a_helper_goroutine
=== RUN   TestIngest_WALFailureFailsExactlyItsSegment/a_Sync_that_never_returns_on_the_leader
--- PASS: TestIngest_WALFailureFailsExactlyItsSegment (3.85s)
    --- PASS: TestIngest_WALFailureFailsExactlyItsSegment/a_write_error (0.26s)
    --- PASS: TestIngest_WALFailureFailsExactlyItsSegment/a_short_write (0.31s)
    --- PASS: TestIngest_WALFailureFailsExactlyItsSegment/a_sync_error (0.26s)
    --- PASS: TestIngest_WALFailureFailsExactlyItsSegment/a_sync_error_on_a_batch's_only_segment (0.14s)
    --- PASS: TestIngest_WALFailureFailsExactlyItsSegment/a_rotation's_sync_error_fails_only_the_outgoing_segment (0.16s)
    --- PASS: TestIngest_WALFailureFailsExactlyItsSegment/a_rotation_flush's_write_error_fails_only_the_outgoing_segment (0.18s)
    --- PASS: TestIngest_WALFailureFailsExactlyItsSegment/a_rotation_flush's_short_write_fails_only_the_outgoing_segment (0.10s)
    --- PASS: TestIngest_WALFailureFailsExactlyItsSegment/a_line_after_a_rotation_whose_open_failed_goes_to_the_segment_it_reopens (0.33s)
    --- PASS: TestIngest_WALFailureFailsExactlyItsSegment/a_rotation_whose_Close_fails_fails_its_session's_lines (0.21s)
    --- PASS: TestIngest_WALFailureFailsExactlyItsSegment/a_Sync_that_panics_on_the_leader (0.24s)
    --- PASS: TestIngest_WALFailureFailsExactlyItsSegment/a_Sync_that_panics_on_a_helper_goroutine (0.39s)
    --- PASS: TestIngest_WALFailureFailsExactlyItsSegment/a_Sync_that_never_returns_on_a_helper_goroutine (0.38s)
    --- PASS: TestIngest_WALFailureFailsExactlyItsSegment/a_Sync_that_never_returns_on_the_leader (0.89s)
=== RUN   TestIngest_LeaseLineNeverPrecedesItsWALSync
--- PASS: TestIngest_LeaseLineNeverPrecedesItsWALSync (0.63s)
=== RUN   TestIngest_WALBatchStopsAtTheRequestCap
--- PASS: TestIngest_WALBatchStopsAtTheRequestCap (0.49s)
=== RUN   TestIngest_WALBatchByteCapCountsEveryTerminator
--- PASS: TestIngest_WALBatchByteCapCountsEveryTerminator (1.57s)
=== RUN   TestIngest_WALBatchByteCapAdmitsLinesThatFillItExactly
--- PASS: TestIngest_WALBatchByteCapAdmitsLinesThatFillItExactly (1.16s)
=== RUN   TestPromptOrder_V6_OrderingGateGivesTurnZeroToEarliestLeasedArrival
--- PASS: TestPromptOrder_V6_OrderingGateGivesTurnZeroToEarliestLeasedArrival (2.28s)
=== RUN   TestPromptOrder_V6_UnleasedEarlierSpooledIsSeparateUncertainty
--- PASS: TestPromptOrder_V6_UnleasedEarlierSpooledIsSeparateUncertainty (1.46s)
=== CONT  TestDrainOfSpooledFlushLineDoesNotDeadlock
=== CONT  TestDrainRejectsMismatchedProgressBeforePruningIt
=== CONT  TestIngestHoldsWALAnswersForTheCurrentSegmentOnly
=== CONT  TestIngestResolvesBlobsEndToEnd
=== CONT  TestIngestRemoveDrainedWALRefusesHeldAndGrownSegments
=== CONT  TestDrainKeepsTheWALOfASessionLiveByTrafficAlone
=== CONT  TestDrainDoesNotRemoveAWALThatGrewBeforeTheRemovalDecision
=== CONT  TestDrainRestoresProgressWhenItDoesNotRemoveTheFile
=== RUN   TestDrainRestoresProgressWhenItDoesNotRemoveTheFile/the_ingest_refuses_a_segment_reopened_after_the_drain_asked
=== CONT  TestIngestWALIsExactBytes
=== PAUSE TestDrainRestoresProgressWhenItDoesNotRemoveTheFile/the_ingest_refuses_a_segment_reopened_after_the_drain_asked
=== RUN   TestDrainRestoresProgressWhenItDoesNotRemoveTheFile/the_unlink_fails
=== PAUSE TestDrainRestoresProgressWhenItDoesNotRemoveTheFile/the_unlink_fails
=== CONT  TestWalSessionID
--- PASS: TestWalSessionID (0.00s)
=== CONT  TestDrainNotesAStaleProgressOnceThenClears
=== CONT  TestIngestWALRotates
=== CONT  TestLiveDispatchedLineIsNotRedispatchedByDrain
=== CONT  TestMarkerIsWrittenByFlushAndCheckpointOnly
=== CONT  TestDrainIsIdempotent
=== CONT  TestDrainResumesAfterCancel
=== CONT  TestDrainResolvesBlobs
=== CONT  TestDrainStartupForgetsStaleProgressBeforeTheSessionRecreatesItsSegment
=== CONT  TestDrainPersistsAFileBeforeCleaningUpItsBlobs
=== CONT  TestDrainKeepsTheWALTheIngestHoldsForAnUnregisteredSession
=== CONT  TestDrainPersistsPerFileBeforeMovingOn
=== CONT  TestDrainKeepsCleanupIntentsForAFileDeletedAfterTheListing
=== CONT  TestDrainKeepsProgressWhenItCannotPersistTheForgetting
=== CONT  TestDrainForgetsAFileAlreadyGoneAtItsRemoval
=== RUN   TestDrainStartupForgetsStaleProgressBeforeTheSessionRecreatesItsSegment/recreated_smaller
=== PAUSE TestDrainStartupForgetsStaleProgressBeforeTheSessionRecreatesItsSegment/recreated_smaller
=== RUN   TestDrainStartupForgetsStaleProgressBeforeTheSessionRecreatesItsSegment/recreated_at_the_same_size
=== PAUSE TestDrainStartupForgetsStaleProgressBeforeTheSessionRecreatesItsSegment/recreated_at_the_same_size
=== RUN   TestDrainStartupForgetsStaleProgressBeforeTheSessionRecreatesItsSegment/recreated_larger
=== PAUSE TestDrainStartupForgetsStaleProgressBeforeTheSessionRecreatesItsSegment/recreated_larger
=== CONT  TestDrainKeepsLiveSessionWAL
--- PASS: TestIngestRemoveDrainedWALRefusesHeldAndGrownSegments (0.42s)
=== CONT  TestDrainForgetsReleasedProgressForMissingFilesBeforeReadingAny
--- PASS: TestIngestWALIsExactBytes (0.47s)
=== CONT  TestDrainDoesNotForgetASegmentTheIngestHolds
--- PASS: TestIngestHoldsWALAnswersForTheCurrentSegmentOnly (0.53s)
=== CONT  TestDrainForgetsAFileDurablyBeforeUnlinkingIt
=== RUN   TestDrainForgetsAFileDurablyBeforeUnlinkingIt/read_to_its_end_by_the_same_pass
=== PAUSE TestDrainForgetsAFileDurablyBeforeUnlinkingIt/read_to_its_end_by_the_same_pass
=== RUN   TestDrainForgetsAFileDurablyBeforeUnlinkingIt/finished_by_an_earlier_pass
=== PAUSE TestDrainForgetsAFileDurablyBeforeUnlinkingIt/finished_by_an_earlier_pass
=== CONT  TestDrainCrashAtTheUnlinkLeavesNoProgressForARecreatedSegment
=== RUN   TestDrainCrashAtTheUnlinkLeavesNoProgressForARecreatedSegment/recreated_smaller
=== PAUSE TestDrainCrashAtTheUnlinkLeavesNoProgressForARecreatedSegment/recreated_smaller
=== RUN   TestDrainCrashAtTheUnlinkLeavesNoProgressForARecreatedSegment/recreated_at_the_same_size
=== PAUSE TestDrainCrashAtTheUnlinkLeavesNoProgressForARecreatedSegment/recreated_at_the_same_size
=== RUN   TestDrainCrashAtTheUnlinkLeavesNoProgressForARecreatedSegment/recreated_larger
=== PAUSE TestDrainCrashAtTheUnlinkLeavesNoProgressForARecreatedSegment/recreated_larger
=== CONT  TestDrainPassIsBoundedByItsOwnSnapshotOfAGrowingSpoolFile
--- PASS: TestIngestResolvesBlobsEndToEnd (0.54s)
=== CONT  TestDrainSurvivesCorruptLine
--- PASS: TestIngestWALRotates (0.55s)
=== CONT  TestStragglerAfterSessionEndIsNotLostWithItsReopenedSegment
--- PASS: TestDrainRejectsMismatchedProgressBeforePruningIt (0.56s)
=== CONT  TestDrainRemovesClosedRotatedSegmentsAndKeepsTheHeldOne
--- PASS: TestLiveDispatchedLineIsNotRedispatchedByDrain (1.08s)
=== CONT  TestDrainRestoresProgressWhenItDoesNotRemoveTheFile/the_unlink_fails
--- PASS: TestDrainNotesAStaleProgressOnceThenClears (1.08s)
=== CONT  TestDrainRestoresProgressWhenItDoesNotRemoveTheFile/the_ingest_refuses_a_segment_reopened_after_the_drain_asked
--- PASS: TestDrainIsIdempotent (1.08s)
=== CONT  TestDrainStartupForgetsStaleProgressBeforeTheSessionRecreatesItsSegment/recreated_at_the_same_size
--- PASS: TestDrainKeepsTheWALOfASessionLiveByTrafficAlone (1.21s)
=== CONT  TestDrainStartupForgetsStaleProgressBeforeTheSessionRecreatesItsSegment/recreated_larger
--- PASS: TestDrainResolvesBlobs (1.21s)
=== CONT  TestDrainStartupForgetsStaleProgressBeforeTheSessionRecreatesItsSegment/recreated_smaller
--- PASS: TestDrainKeepsLiveSessionWAL (1.20s)
=== CONT  TestDrainForgetsAFileDurablyBeforeUnlinkingIt/read_to_its_end_by_the_same_pass
--- PASS: TestDrainOfSpooledFlushLineDoesNotDeadlock (1.24s)
=== CONT  TestDrainForgetsAFileDurablyBeforeUnlinkingIt/finished_by_an_earlier_pass
--- PASS: TestDrainPersistsAFileBeforeCleaningUpItsBlobs (1.35s)
=== CONT  TestDrainCrashAtTheUnlinkLeavesNoProgressForARecreatedSegment/recreated_smaller
--- PASS: TestDrainResumesAfterCancel (1.45s)
=== CONT  TestDrainCrashAtTheUnlinkLeavesNoProgressForARecreatedSegment/recreated_at_the_same_size
--- PASS: TestDrainKeepsProgressWhenItCannotPersistTheForgetting (1.50s)
=== CONT  TestDrainCrashAtTheUnlinkLeavesNoProgressForARecreatedSegment/recreated_larger
--- PASS: TestDrainKeepsTheWALTheIngestHoldsForAnUnregisteredSession (1.51s)
--- PASS: TestDrainSurvivesCorruptLine (1.09s)
--- PASS: TestDrainDoesNotRemoveAWALThatGrewBeforeTheRemovalDecision (1.74s)
--- PASS: TestDrainPersistsPerFileBeforeMovingOn (1.79s)
--- PASS: TestDrainForgetsAFileAlreadyGoneAtItsRemoval (1.79s)
--- PASS: TestDrainKeepsCleanupIntentsForAFileDeletedAfterTheListing (1.80s)
--- PASS: TestDrainDoesNotForgetASegmentTheIngestHolds (1.40s)
--- PASS: TestMarkerIsWrittenByFlushAndCheckpointOnly (1.97s)
--- PASS: TestDrainPassIsBoundedByItsOwnSnapshotOfAGrowingSpoolFile (1.48s)
--- PASS: TestDrainForgetsReleasedProgressForMissingFilesBeforeReadingAny (1.69s)
--- PASS: TestDrainRemovesClosedRotatedSegmentsAndKeepsTheHeldOne (1.61s)
--- PASS: TestDrainForgetsAFileDurablyBeforeUnlinkingIt (0.00s)
    --- PASS: TestDrainForgetsAFileDurablyBeforeUnlinkingIt/read_to_its_end_by_the_same_pass (0.90s)
    --- PASS: TestDrainForgetsAFileDurablyBeforeUnlinkingIt/finished_by_an_earlier_pass (1.02s)
--- PASS: TestDrainRestoresProgressWhenItDoesNotRemoveTheFile (0.00s)
    --- PASS: TestDrainRestoresProgressWhenItDoesNotRemoveTheFile/the_ingest_refuses_a_segment_reopened_after_the_drain_asked (1.33s)
    --- PASS: TestDrainRestoresProgressWhenItDoesNotRemoveTheFile/the_unlink_fails (1.49s)
--- PASS: TestDrainStartupForgetsStaleProgressBeforeTheSessionRecreatesItsSegment (0.00s)
    --- PASS: TestDrainStartupForgetsStaleProgressBeforeTheSessionRecreatesItsSegment/recreated_at_the_same_size (1.47s)
    --- PASS: TestDrainStartupForgetsStaleProgressBeforeTheSessionRecreatesItsSegment/recreated_larger (1.37s)
    --- PASS: TestDrainStartupForgetsStaleProgressBeforeTheSessionRecreatesItsSegment/recreated_smaller (1.46s)
--- PASS: TestDrainCrashAtTheUnlinkLeavesNoProgressForARecreatedSegment (0.00s)
    --- PASS: TestDrainCrashAtTheUnlinkLeavesNoProgressForARecreatedSegment/recreated_smaller (1.02s)
    --- PASS: TestDrainCrashAtTheUnlinkLeavesNoProgressForARecreatedSegment/recreated_at_the_same_size (1.04s)
    --- PASS: TestDrainCrashAtTheUnlinkLeavesNoProgressForARecreatedSegment/recreated_larger (1.18s)
--- PASS: TestStragglerAfterSessionEndIsNotLostWithItsReopenedSegment (2.52s)
FAIL
FAIL	github.com/qompack/qompack/internal/daemon	1381.805s
FAIL
exit=1
