id	original_assertion_reference	current_assertion	current_test_symbols	source_paths	disposition	limitation	c6_result	c6_evidence	c7_result	c7_evidence
1.1.1	main+develop, root commit contents [V6-VERIFY-plan sec1 / inventory.md 1.1.1]	repo shape provenance (SP-19 baseline)	`git`-shape check; no unit test (meta-row)	internal/config;internal/paths;internal/core;tools/devtool (family default; no explicit pkg cited)	retained	result=implemented_unverified; Full current assertion not executed: focused prerequisite failure blocks release evaluation; retirements/replacements retain the explicit inventory disposition.	documented	FREEZE; meta row: candidate 6 identity is FREEZE (99d0b18, bundle and exe sha256); no test exists by design	documented	meta row: candidate 7 identity: verify/v6 d20309c03ffc364e4cc48663be73cfbb1f2309b2 (code b31d0753); no test exists by design
1.1.2	go build/go vet clean [V6-VERIFY-plan sec1 / inventory.md 1.1.2]	build/vet clean	`devtool build-all`/`vet` (toolchain)	internal/config;internal/paths;internal/core;tools/devtool (family default; no explicit pkg cited)	retained	result=implemented_unverified; Full current assertion not executed: focused prerequisite failure blocks release evaluation; retirements/replacements retain the explicit inventory disposition.	verified_in_target	XBUILD+GATE	verified_in_target	C7-CARRY; internal/core differs only in core.Version's default literal (D57(c)); PRE7 gate and internal green on c7's code
1.1.3	full lint suite clean [V6-VERIFY-plan sec1 / inventory.md 1.1.3]	lint suite clean	`devtool lint` (tools/lint)	internal/config;internal/paths;internal/core;tools/devtool (family default; no explicit pkg cited)	retained	result=implemented_unverified; Full current assertion not executed: focused prerequisite failure blocks release evaluation; retirements/replacements retain the explicit inventory disposition.	verified_in_target	GATE	verified_in_target	C7-CARRY; internal/core differs only in core.Version's default literal (D57(c)); PRE7 gate and internal green on c7's code
1.1.4	fmt clean [V6-VERIFY-plan sec1 / inventory.md 1.1.4]	fmt clean	`devtool fmt-check`	internal/config;internal/paths;internal/core;tools/devtool (family default; no explicit pkg cited)	retained	result=implemented_unverified; Full current assertion not executed: focused prerequisite failure blocks release evaluation; retirements/replacements retain the explicit inventory disposition.	verified_in_target	GATE	verified_in_target	C7-CARRY; internal/core differs only in core.Version's default literal (D57(c)); PRE7 gate and internal green on c7's code
1.1.5	binary dep closure closed [V6-VERIFY-plan sec1 / inventory.md 1.1.5]	dep closure allowlist	`devtool` bindeps + `TestGoModVersions` (tools/devtool)	tools/devtool	retained	result=implemented_unverified; Full current assertion not executed: focused prerequisite failure blocks release evaluation; retirements/replacements retain the explicit inventory disposition.	verified_in_target	GATE+WIN	verified_in_target	C7-CARRY
1.1.6	test-only deps isolated [V6-VERIFY-plan sec1 / inventory.md 1.1.6]	testdeps sub-check	`devtool lint` testdeps	internal/config;internal/paths;internal/core;tools/devtool (family default; no explicit pkg cited)	retained	result=implemented_unverified; Full current assertion not executed: focused prerequisite failure blocks release evaluation; retirements/replacements retain the explicit inventory disposition.	verified_in_target	GATE	verified_in_target	C7-CARRY; internal/core differs only in core.Version's default literal (D57(c)); PRE7 gate and internal green on c7's code
1.1.7	import-graph layer DAG [V6-VERIFY-plan sec1 / inventory.md 1.1.7]	importgraph sub-check	`devtool lint` importgraph; `TestImports_FoundationOnly` (multiple pkgs)	internal/config;internal/paths;internal/core;tools/devtool (family default; no explicit pkg cited)	retained	result=implemented_unverified; Full current assertion not executed: focused prerequisite failure blocks release evaluation; retirements/replacements retain the explicit inventory disposition.	verified_in_target	GATE+WIN+LNX	verified_in_target	C7-CARRY; internal/core differs only in core.Version's default literal (D57(c)); PRE7 gate and internal green on c7's code
1.1.8	Defaults() = Appendix C verbatim [V6-VERIFY-plan sec1 / inventory.md 1.1.8]	defaults match spec	`TestDefaults_MatchesAppendixCVerbatim` · config	internal/config	retained	result=implemented_unverified; Full current assertion not executed: focused prerequisite failure blocks release evaluation; retirements/replacements retain the explicit inventory disposition.	verified_in_target	WIN+LNX	verified_in_target	C7-CARRY
1.1.9	5-layer precedence/env/--set [V6-VERIFY-plan sec1 / inventory.md 1.1.9]	config precedence	`internal/config/...` suite incl. `TestLoad_SchedulerCacheRegime*`	internal/config	retained	result=implemented_unverified; Full current assertion not executed: focused prerequisite failure blocks release evaluation; retirements/replacements retain the explicit inventory disposition.	verified_in_target	WIN+LNX	verified_in_target	C7-CARRY
1.1.10	validation fallback-not-crash [V6-VERIFY-plan sec1 / inventory.md 1.1.10]	per-leaf fallback + Loud	`TestLoad_InvalidLeafFallsBackNotCrash`, `TestLoad_WrongTypeFallsBackWithWarning` · config	internal/config	renamed	result=implemented_unverified; Full current assertion not executed: focused prerequisite failure blocks release evaluation; retirements/replacements retain the explicit inventory disposition.	verified_in_target	WIN+LNX	verified_in_target	C7-CARRY
1.1.11	provenance + JSON Schema [V6-VERIFY-plan sec1 / inventory.md 1.1.11]	provenance/schema emission	config schema/provenance emitters	internal/config;internal/paths;internal/core;tools/devtool (family default; no explicit pkg cited)	retained	result=implemented_unverified; Full current assertion not executed: focused prerequisite failure blocks release evaluation; retirements/replacements retain the explicit inventory disposition.	verified_in_target	WIN+LNX+GATE+DOCS	verified_in_target	C7-CARRY; internal/core differs only in core.Version's default literal (D57(c)); PRE7 gate and internal green on c7's code
1.1.12	append-only guard [V6-VERIFY-plan sec1 / inventory.md 1.1.12]	append-only invariant	`TestAppendOnlyGuard` · paths	internal/paths	retained	result=implemented_unverified; Full current assertion not executed: focused prerequisite failure blocks release evaluation; retirements/replacements retain the explicit inventory disposition.	verified_in_target	WIN+LNX	verified_in_target	C7-CARRY
1.1.13	atomic/Norm/Key/long-path [V6-VERIFY-plan sec1 / inventory.md 1.1.13]	path primitives (Windows)	`internal/paths/...` incl. `TestWriteAtomic_*`	internal/paths	retained	result=implemented_unverified; Full current assertion not executed: focused prerequisite failure blocks release evaluation; retirements/replacements retain the explicit inventory disposition.	verified_in_target	WIN+LNX	verified_in_target	C7-CARRY
1.1.14	core primitives + sentinels [V6-VERIFY-plan sec1 / inventory.md 1.1.14]	core hash/clock/sentinels	`internal/core/...`	internal/core	retained	result=implemented_unverified; Full current assertion not executed: focused prerequisite failure blocks release evaluation; retirements/replacements retain the explicit inventory disposition.	verified_in_target	WIN+LNX	verified_in_target	C7-CARRY; internal/core differs only in core.Version's default literal (D57(c)); PRE7 gate and internal green on c7's code
1.1.15	logging Loud + rotation [V6-VERIFY-plan sec1 / inventory.md 1.1.15]	Loud channel	`internal/logging/...`	internal/logging	retained	result=implemented_unverified; Full current assertion not executed: focused prerequisite failure blocks release evaluation; retirements/replacements retain the explicit inventory disposition.	verified_in_target	WIN+LNX	verified_in_target	C7-CARRY
1.1.16	obs histograms/budget IDs [V6-VERIFY-plan sec1 / inventory.md 1.1.16]	obs + B-A…B-F ids	`internal/obs/...`, `BenchmarkHistogram_Observe`	internal/obs	retained	result=implemented_unverified; Full current assertion not executed: focused prerequisite failure blocks release evaluation; retirements/replacements retain the explicit inventory disposition.	verified_in_target	WIN+LNX+C52; C52 measured and reported (diagnostic); C52 carry (D57(e)): measured on c5 0d06ab12; no file the benchmark executes changed c5->c6, product or _test.go (runs/c52-executed-files.txt and runs/c52-test-files.txt); internal/obs's two new files are not executed by it (runs/c52-package-diffs-c5-to-c6.txt)	verified_in_target	C7-CARRY
1.1.17	hookio codecs + Extra [V6-VERIFY-plan sec1 / inventory.md 1.1.17]	tolerant codecs	`internal/hookio/...`, `FuzzReadEvent`	internal/hookio	retained	result=implemented_unverified; Full current assertion not executed: focused prerequisite failure blocks release evaluation; retirements/replacements retain the explicit inventory disposition.	verified_in_target	WIN+LNX+FUZZ	verified_in_target	C7-CARRY
1.1.18	CLI dispatch exit policy [V6-VERIFY-plan sec1 / inventory.md 1.1.18]	hook-always-zero dispatch	`TestDispatch_HookAlwaysExitsZero` · cli	internal/cli	retained	result=implemented_unverified; Full current assertion not executed: focused prerequisite failure blocks release evaluation; retirements/replacements retain the explicit inventory disposition.	verified_in_target	WIN+LNX	verified_in_target	C7-CARRY
1.1.19	six hooks exit 0 (real bin) [V6-VERIFY-plan sec1 / inventory.md 1.1.19]	e2e hooks exit 0	`TestE2E_AllSixHooksExitZero` · test/e2e	test/e2e;test	retained	result=implemented_unverified; Full current assertion not executed: focused prerequisite failure blocks release evaluation; retirements/replacements retain the explicit inventory disposition.	verified_in_target	WIN+LE2E	verified_in_target	C7-CARRY
1.1.20	plugin manifest no drift [V6-VERIFY-plan sec1 / inventory.md 1.1.20]	manifest≡generator	`devtool plugin-validate`; `TestBundle_OnDiskMatchesGenerator` · pluginmanifest	internal/pluginmanifest	retained	result=implemented_unverified; Full current assertion not executed: focused prerequisite failure blocks release evaluation; retirements/replacements retain the explicit inventory disposition.	verified_in_target	PV+BUNDLES+WIN	verified_in_target	C7-CARRY; plugin.json changed only its version, and c7's source plugin.json is byte-identical to the plugin.json inside every frozen c6 bundle that PV and BUNDLES validated (w17-release); TestBundle_OnDiskMatchesGenerator and TestManifest_GoldenBytes: PRE7 internal green on c7's code; c7's bundles built and validated by the installed CLI (phase3/c7/host-validate.txt); hosted plugin-validate 110757119388 green on c7 (ci.yml 36981590450)
1.1.21	config docs never stale [V6-VERIFY-plan sec1 / inventory.md 1.1.21]	gen-config-docs check	`TestGenConfigDocs_CommittedPageIsCurrent` · tools/devtool	tools/devtool;tools	renamed	result=implemented_unverified; Full current assertion not executed: focused prerequisite failure blocks release evaluation; retirements/replacements retain the explicit inventory disposition.	verified_in_target	WIN+GATE+DOCS	verified_in_target	C7-CARRY
1.1.22	six-target cross-build [V6-VERIFY-plan sec1 / inventory.md 1.1.22]	build-all	`devtool build-all`	internal/config;internal/paths;internal/core;tools/devtool (family default; no explicit pkg cited)	retained	result=implemented_unverified; Full current assertion not executed: focused prerequisite failure blocks release evaluation; retirements/replacements retain the explicit inventory disposition.	verified_in_target	XBUILD+BUNDLES	verified_in_target	C7-CARRY; internal/core differs only in core.Version's default literal (D57(c)); PRE7 gate and internal green on c7's code
1.1.23	contract fresh posture ModeFull [V6-VERIFY-plan sec1 / inventory.md 1.1.23]	producer-presence posture	`TestFreshBuildReportsModeFull` · contract & `TestGuard_FreshBuildReportsModeFull` · test/guards	test/guards;internal/contract;test	retained	result=implemented_unverified; Full current assertion not executed: focused prerequisite failure blocks release evaluation; retirements/replacements retain the explicit inventory disposition.	verified_in_target	WIN+LNX	verified_in_target	C7-CARRY; test/guards' only change c6->c7 is nonrefdisk_test.go, not this row's tests; test/guards: PRE7 testpkgs green on c7's code
1.1.24	six closing-note guards; SP-15 re-points SubmodularDefaultsOff→SubmodularEnabledOnlyAfterPSelection [V6-VERIFY-plan sec1 / inventory.md 1.1.24]	build-order/write-set/network guards intact	present: `TestGuard_Phase0BeforeStore`, `_StoreAndNegknowBeforeCheckpoint`, `_SubmodularInertWithoutPSelection`, `_SelectorRefusesWithoutPSelection`, `_O1FlagDefaults`, `_SubmodularDefaultsOff` · test/guards	test/guards;test	gap/divergence — see F-1	result=implemented_unverified; Full current assertion not executed: focused prerequisite failure blocks release evaluation; retirements/replacements retain the explicit inventory disposition.	verified_in_target	WIN+LNX; test/guards green on c6 (WIN, LNX); F-1's historical guard-rename expectation is retired, D23 ratified TestGuard_EveryProductReadIsClassified as a standing guard	verified_in_target	C7-CARRY; test/guards' only change c6->c7 is nonrefdisk_test.go, not this row's tests; test/guards: PRE7 testpkgs green on c7's code
1.1.25	zero W-1/W-2 skips tree-wide [V6-VERIFY-plan sec1 / inventory.md 1.1.25]	no stub skips	`classifySkips`/`stubskips` lint; `TestClassifySkips_BlocksW1ForSP01OwnedPackage` · tools/devtool	tools/devtool;tools	retained	result=implemented_unverified; Full current assertion not executed: focused prerequisite failure blocks release evaluation; retirements/replacements retain the explicit inventory disposition.	verified_in_target	GATE+WIN	verified_in_target	C7-CARRY
1.1.26	testutil fixture [V6-VERIFY-plan sec1 / inventory.md 1.1.26]	fixtures present	`internal/testutil/...`	internal/testutil	retained	result=implemented_unverified; Full current assertion not executed: focused prerequisite failure blocks release evaluation; retirements/replacements retain the explicit inventory disposition.	verified_in_target	WIN+LNX	verified_in_target	C7-CARRY
1.1.27	SP-01 baseline benchmarks in budget [V6-VERIFY-plan sec1 / inventory.md 1.1.27]	baseline benches (diagnostic)	`BenchmarkConfigLoad_ColdNoFiles` etc. · multiple	internal/config;internal/paths;internal/core;tools/devtool (family default; no explicit pkg cited)	superseded-guarantee	result=implemented_unverified; Full current assertion not executed: focused prerequisite failure blocks release evaluation; retirements/replacements retain the explicit inventory disposition.	partial_verified	C52; C52 measured config, paths and cli benches (reported, diagnostic); internal/core and tools/devtool have no benchmark (c52-names.tsv). The config and paths benches carry: C52 carry (D57(e)): measured on c5 0d06ab12; no file the benchmark executes changed c5->c6, product or _test.go (runs/c52-executed-files.txt and runs/c52-test-files.txt). BenchmarkHookNoop_InProcess does not: it executes changed lines of internal/pluginmanifest/manifest.go (ForTarget's Description, lines 276 and 279) and the changed internal/cli/dispatch.go, internal/cli/doctor.go and internal/ipc/spool.go, and its test binary runs two package initializers of precompact_spool_submode_test.go, new c5->c6 (runs/c52-test-files.txt); pending P-C52R (a quiet C5.2 re-run on c7) of BenchmarkHookNoop_InProcess	partial_verified	C7-CARRY; internal/core differs only in core.Version's default literal (D57(c)); PRE7 gate and internal green on c7's code; its P-C52R part (a quiet C5.2 re-run) runs on c7's code
1.1.28	Qompack.md unmodified since root [V6-VERIFY-plan sec1 / inventory.md 1.1.28]	—	design doc now v1.5 with Revision log	internal/config;internal/paths;internal/core;tools/devtool (family default; no explicit pkg cited)	retired — see E-3	result=implemented_unverified; Full current assertion not executed: focused prerequisite failure blocks release evaluation; retirements/replacements retain the explicit inventory disposition.	documented	retired E-3: Qompack.md is v1.8 with its Revision log (v1.6 D5, v1.7 D36, v1.8 D41); no test by design	documented	C7-CARRY; internal/core differs only in core.Version's default literal (D57(c)); PRE7 gate and internal green on c7's code
1.2.1	eval suite -race [V6-VERIFY-plan sec1 / inventory.md 1.2.1]	eval suite -race	`internal/eval/...`	internal/eval	retained	result=implemented_unverified; Full current assertion not executed: focused prerequisite failure blocks release evaluation; retirements/replacements retain the explicit inventory disposition.	verified_in_target	WRACE+LNX	verified_in_target	C7-CARRY
1.2.2	harness conformance live [V6-VERIFY-plan sec1 / inventory.md 1.2.2]	harness conformance live	`TestRunHarnessSuite_AgainstEvalNew` · eval	internal/eval	retained	result=implemented_unverified; Full current assertion not executed: focused prerequisite failure blocks release evaluation; retirements/replacements retain the explicit inventory disposition.	verified_in_target	WIN+LNX	verified_in_target	C7-CARRY
1.2.3	24-session corpus hash-stable [V6-VERIFY-plan sec1 / inventory.md 1.2.3]	24-session corpus hash-stable	`TestCorpus_ManifestHashesMatch`, `TestSynthesize_MatchesCommittedCorpus` · eval	internal/eval	retained	result=implemented_unverified; Full current assertion not executed: focused prerequisite failure blocks release evaluation; retirements/replacements retain the explicit inventory disposition.	verified_in_target	WIN+LNX	verified_in_target	C7-CARRY
1.2.4	Phase-0 baseline reproducible/tiered [V6-VERIFY-plan sec1 / inventory.md 1.2.4]	Phase-0 baseline reproducible/tiered	`test/replay` write-baseline; `TestPhase0_Reproducibility`	test/replay	retained	result=implemented_unverified; Full current assertion not executed: focused prerequisite failure blocks release evaluation; retirements/replacements retain the explicit inventory disposition.	verified_in_target	WIN+REPLAY	verified_in_target	C7-CARRY
1.2.5	Belady OPT ceiling/floor bracket [V6-VERIFY-plan sec1 / inventory.md 1.2.5]	Preserve Belady/null synthetic policy diagnostics with corpus and objective provenance; paging OPT is not a task-quality ceiling or release correctness bound	`TestOraclePolicy_DelegatesToBelady`, `TestNullPolicy_Empty` · eval	internal/eval	replaced; historical synthetic comparisons retained	result=implemented_unverified; V6 section 5 retires the ceiling/floor acceptance claim. Existing policy tests certify their synthetic objective only. Held-out task completion, constraints and recoverability require independent evidence.	verified_in_target	WIN+LNX+REPLAY	verified_in_target	C7-CARRY
1.2.6	five divergence metrics [V6-VERIFY-plan sec1 / inventory.md 1.2.6]	five divergence metrics	`TestCompare_*` · eval	internal/eval	retained	result=implemented_unverified; Full current assertion not executed: focused prerequisite failure blocks release evaluation; retirements/replacements retain the explicit inventory disposition.	verified_in_target	WIN+LNX	verified_in_target	C7-CARRY
1.2.7	ten secondary metrics + latency trio [V6-VERIFY-plan sec1 / inventory.md 1.2.7]	ten secondary metrics + latency trio	`TestMetricsOf` · eval (latency tagged modelled)	internal/eval	retained	result=implemented_unverified; Full current assertion not executed: focused prerequisite failure blocks release evaluation; retirements/replacements retain the explicit inventory disposition.	verified_in_target	WIN+LNX	verified_in_target	C7-CARRY
1.2.8	breakpoint OPT not-plugin-actionable [V6-VERIFY-plan sec1 / inventory.md 1.2.8]	breakpoint OPT not-plugin-actionable	replay `--out` breakpoint note	internal/eval;test/replay (family default; no explicit pkg cited)	retained	result=implemented_unverified; Full current assertion not executed: focused prerequisite failure blocks release evaluation; retirements/replacements retain the explicit inventory disposition.	verified_in_target	REPLAY; REPLAY: the replay-gate job log prints the breakpoint OPT line (4 markers, 161 candidates), a diagnostic only	verified_in_target	C7-CARRY
1.2.9	replay-gate: 2%/trailer/phase/growth/max-wall [V6-VERIFY-plan sec1 / inventory.md 1.2.9]	replay-gate: 2%/trailer/phase/growth/max-wall	`devtool replay --ci`; gate suite	internal/eval;test/replay (family default; no explicit pkg cited)	retained	result=implemented_unverified; Full current assertion not executed: focused prerequisite failure blocks release evaluation; retirements/replacements retain the explicit inventory disposition.	verified_in_target	REPLAY+WIN	verified_in_target	C7-CARRY
1.2.10	every gate failure mode has a test [V6-VERIFY-plan sec1 / inventory.md 1.2.10]	every gate failure mode has a test	`TestGate_TwoPercentBoundaryExclusive`, `TestPhase0_SessionCountFloor`, `TestReplayDriver_MaxWallExceeded`, `TestGate_BloomFPCeiling`, `_CorpusStaleness`, `_GrowthInconclusiveFails` · test/replay	test/replay;test	retained	result=implemented_unverified; Full current assertion not executed: focused prerequisite failure blocks release evaluation; retirements/replacements retain the explicit inventory disposition.	verified_in_target	WIN+LNX	verified_in_target	C7-CARRY
1.2.11	redacting importer idempotent [V6-VERIFY-plan sec1 / inventory.md 1.2.11]	redacting importer idempotent	`TestRedact*`, `FuzzRedact` · eval	internal/eval	retained	result=implemented_unverified; Full current assertion not executed: focused prerequisite failure blocks release evaluation; retirements/replacements retain the explicit inventory disposition.	verified_in_target	WIN+LNX+FUZZ	verified_in_target	C7-CARRY
1.2.12	eval benches in budget (E-1…E-5) [V6-VERIFY-plan sec1 / inventory.md 1.2.12]	eval benches in budget (E-1…E-5)	`BenchmarkBeladyDetail_400Turns` etc.; E-1 read as CPU	internal/eval;test/replay (family default; no explicit pkg cited)	superseded-guarantee	result=implemented_unverified; Full current assertion not executed: focused prerequisite failure blocks release evaluation; retirements/replacements retain the explicit inventory disposition.	verified_in_target	C52; C52 measured and reported (diagnostic); C52 carry (D57(e)): measured on c5 0d06ab12; the one executed file that changed c5->c6 is the test helper internal/paths/pathstest/home.go, by comment lines only, and no changed _test.go file is executed, so the executed code is byte-identical (runs/c52-executed-files.txt and runs/c52-test-files.txt; the comment-only reading is wave 17b's, for the owner to ratify)	verified_in_target	C7-CARRY
1.2.13	eval imports foundation only [V6-VERIFY-plan sec1 / inventory.md 1.2.13]	eval imports foundation only	importgraph	internal/eval;test/replay (family default; no explicit pkg cited)	retained	result=implemented_unverified; Full current assertion not executed: focused prerequisite failure blocks release evaluation; retirements/replacements retain the explicit inventory disposition.	verified_in_target	GATE	verified_in_target	C7-CARRY
1.2.14	coverage ≥85% [V6-VERIFY-plan sec1 / inventory.md 1.2.14]	coverage ≥85%	`devtool cover`	internal/eval;test/replay (family default; no explicit pkg cited)	retained	result=implemented_unverified; Full current assertion not executed: focused prerequisite failure blocks release evaluation; retirements/replacements retain the explicit inventory disposition.	verified_in_target	COVER	verified_in_target	C7-CARRY
1.3.1	five sketches implement Sketch [V6-VERIFY-plan sec1 / inventory.md 1.3.1]	five sketches implement Sketch	`internal/sketch/...`	internal/sketch	retained	result=implemented_unverified; Full current assertion not executed: focused prerequisite failure blocks release evaluation; retirements/replacements retain the explicit inventory disposition.	verified_in_target	WIN+LNX	verified_in_target	C7-CARRY
1.3.2	Bloom sizing [V6-VERIFY-plan sec1 / inventory.md 1.3.2]	Bloom sizing	`TestBloom_AppendixASizing`	internal/sketch (family default; no explicit pkg cited)	retained	result=implemented_unverified; Full current assertion not executed: focused prerequisite failure blocks release evaluation; retirements/replacements retain the explicit inventory disposition.	verified_in_target	WIN+LNX	verified_in_target	C7-CARRY
1.3.3	CMS sizing [V6-VERIFY-plan sec1 / inventory.md 1.3.3]	CMS sizing	`TestCMS_AppendixASizing`	internal/sketch (family default; no explicit pkg cited)	retained	result=implemented_unverified; Full current assertion not executed: focused prerequisite failure blocks release evaluation; retirements/replacements retain the explicit inventory disposition.	verified_in_target	WIN+LNX	verified_in_target	C7-CARRY
1.3.4	HLL sizing/error [V6-VERIFY-plan sec1 / inventory.md 1.3.4]	HLL sizing/error	`TestHLL_AppendixSizing`	internal/sketch (family default; no explicit pkg cited)	retained	result=implemented_unverified; Full current assertion not executed: focused prerequisite failure blocks release evaluation; retirements/replacements retain the explicit inventory disposition.	verified_in_target	WIN+LNX	verified_in_target	C7-CARRY
1.3.5	measured Bloom FP=1% [V6-VERIFY-plan sec1 / inventory.md 1.3.5]	measured Bloom FP=1%	`TestBloom_EstimatedFPRateMatchesEmpirical`	internal/sketch (family default; no explicit pkg cited)	retained	result=implemented_unverified; Full current assertion not executed: focused prerequisite failure blocks release evaluation; retirements/replacements retain the explicit inventory disposition.	verified_in_target	WIN+LNX	verified_in_target	C7-CARRY
1.3.6	resize/saturation alarm [V6-VERIFY-plan sec1 / inventory.md 1.3.6]	resize/saturation alarm	`TestBloom_ResizeFiresBeforeCapacity`, `_SaturatedThreshold`	internal/sketch (family default; no explicit pkg cited)	retained	result=implemented_unverified; Full current assertion not executed: focused prerequisite failure blocks release evaluation; retirements/replacements retain the explicit inventory disposition.	verified_in_target	WIN+LNX	verified_in_target	C7-CARRY
1.3.7	RebuildBloom from iterator [V6-VERIFY-plan sec1 / inventory.md 1.3.7]	RebuildBloom from iterator	`TestBloom_RebuildFromIterator`; `BenchmarkRebuildBloom5000`	internal/sketch (family default; no explicit pkg cited)	retained	result=implemented_unverified; Full current assertion not executed: focused prerequisite failure blocks release evaluation; retirements/replacements retain the explicit inventory disposition.	verified_in_target	WIN+LNX+C52; C52 measured and reported (diagnostic); C52 carry (D57(e)): measured on c5 0d06ab12; the one executed file that changed c5->c6 is the test helper internal/paths/pathstest/home.go, by comment lines only, and no changed _test.go file is executed, so the executed code is byte-identical (runs/c52-executed-files.txt and runs/c52-test-files.txt; the comment-only reading is wave 17b's, for the owner to ratify)	verified_in_target	C7-CARRY
1.3.8	Merge/Scale CMS/HLL/MG [V6-VERIFY-plan sec1 / inventory.md 1.3.8]	Merge/Scale CMS/HLL/MG	`TestMG_MergeFrom`, `TestCMS_Merge`, `TestHLL_Merge` · sketch	internal/sketch	renamed	result=implemented_unverified; Full current assertion not executed: focused prerequisite failure blocks release evaluation; retirements/replacements retain the explicit inventory disposition.	verified_in_target	WIN+LNX	verified_in_target	C7-CARRY
1.3.9	MG Top(n) no false positives [V6-VERIFY-plan sec1 / inventory.md 1.3.9]	MG Top(n) no false positives	`TestMG_NoFalsePositives`, `TestMG_FrequentItemGuarantee`	internal/sketch (family default; no explicit pkg cited)	retained	result=implemented_unverified; Full current assertion not executed: focused prerequisite failure blocks release evaluation; retirements/replacements retain the explicit inventory disposition.	verified_in_target	WIN+LNX	verified_in_target	C7-CARRY
1.3.10	MinHash/Jaccard/near-dup [V6-VERIFY-plan sec1 / inventory.md 1.3.10]	MinHash/Jaccard/near-dup	`TestMinHash*`	internal/sketch (family default; no explicit pkg cited)	retained	result=implemented_unverified; Full current assertion not executed: focused prerequisite failure blocks release evaluation; retirements/replacements retain the explicit inventory disposition.	verified_in_target	WIN+LNX	verified_in_target	C7-CARRY
1.3.11	tried.bloom generational [V6-VERIFY-plan sec1 / inventory.md 1.3.11]	tried.bloom generational	`TestSave_RefusesTriedBloom`, `TestReplaceGenerational_*`	internal/sketch (family default; no explicit pkg cited)	retained	result=implemented_unverified; Full current assertion not executed: focused prerequisite failure blocks release evaluation; retirements/replacements retain the explicit inventory disposition.	verified_in_target	WIN+LNX	verified_in_target	C7-CARRY
1.3.12	corruption loud+typed [V6-VERIFY-plan sec1 / inventory.md 1.3.12]	corruption loud+typed	`TestLoadWithLog_LoudOnCorrupt`, `TestLoad_CorruptIsNotFoundAndCorrupt`	internal/sketch (family default; no explicit pkg cited)	retained	result=implemented_unverified; Full current assertion not executed: focused prerequisite failure blocks release evaluation; retirements/replacements retain the explicit inventory disposition.	verified_in_target	WIN+LNX	verified_in_target	C7-CARRY
1.3.13	frozen v1 wire decodes [V6-VERIFY-plan sec1 / inventory.md 1.3.13]	frozen v1 wire decodes	`TestGolden_V1StillDecodes`, `TestHeader_*`	internal/sketch (family default; no explicit pkg cited)	retained	result=implemented_unverified; Full current assertion not executed: focused prerequisite failure blocks release evaluation; retirements/replacements retain the explicit inventory disposition.	verified_in_target	WIN+LNX	verified_in_target	C7-CARRY
1.3.14	frame-size guards [V6-VERIFY-plan sec1 / inventory.md 1.3.14]	frame-size guards	`TestHeader_EncodeRejectsOversizeFrame` etc.	internal/sketch (family default; no explicit pkg cited)	retained	result=implemented_unverified; Full current assertion not executed: focused prerequisite failure blocks release evaluation; retirements/replacements retain the explicit inventory disposition.	verified_in_target	WIN+LNX	verified_in_target	C7-CARRY
1.3.15	five fuzz targets clean [V6-VERIFY-plan sec1 / inventory.md 1.3.15]	five fuzz targets clean	`FuzzBloomUnmarshalBinary`, `FuzzCMSUnmarshalBinary`, `FuzzHLLUnmarshalBinary`, `FuzzMisraGriesUnmarshalBinary`, `FuzzSignatureUnmarshalBinary` (no `FuzzSketchUnmarshal` — historical confirms)	internal/sketch (family default; no explicit pkg cited)	retained	result=implemented_unverified; Full current assertion not executed: focused prerequisite failure blocks release evaluation; retirements/replacements retain the explicit inventory disposition.	verified_in_target	FUZZ+WIN	verified_in_target	C7-CARRY
1.3.16	hot-path sketch update 0-alloc [V6-VERIFY-plan sec1 / inventory.md 1.3.16]	hot-path sketch update 0-alloc	`TestL0SketchUpdate_ZeroAlloc`, `BenchmarkL0SketchUpdate`	internal/sketch (family default; no explicit pkg cited)	retained	result=implemented_unverified; Full current assertion not executed: focused prerequisite failure blocks release evaluation; retirements/replacements retain the explicit inventory disposition.	verified_in_target	WIN+LNX+C52; C52 measured and reported (diagnostic); C52 carry (D57(e)): measured on c5 0d06ab12; the one executed file that changed c5->c6 is the test helper internal/paths/pathstest/home.go, by comment lines only, and no changed _test.go file is executed, so the executed code is byte-identical (runs/c52-executed-files.txt and runs/c52-test-files.txt; the comment-only reading is wave 17b's, for the owner to ratify)	verified_in_target	C7-CARRY
1.3.17	foundation-only + coverage [V6-VERIFY-plan sec1 / inventory.md 1.3.17]	foundation-only + coverage	`TestImports_FoundationOnly`	internal/sketch (family default; no explicit pkg cited)	retained	result=implemented_unverified; Full current assertion not executed: focused prerequisite failure blocks release evaluation; retirements/replacements retain the explicit inventory disposition.	verified_in_target	WIN+GATE+COVER	verified_in_target	C7-CARRY
1.4.1	FastCDC Split/SplitStream [V6-VERIFY-plan sec1 / inventory.md 1.4.1]	FastCDC Split/SplitStream	`internal/chunk/...`	internal/chunk	retained	result=implemented_unverified; Full current assertion not executed: focused prerequisite failure blocks release evaluation; retirements/replacements retain the explicit inventory disposition.	verified_in_target	WIN+LNX	verified_in_target	C7-CARRY
1.4.2	boundary stability [V6-VERIFY-plan sec1 / inventory.md 1.4.2]	boundary stability	`TestPropBoundaryStability_Insertion/_Deletion` · chunk	internal/chunk	retained	result=implemented_unverified; Full current assertion not executed: focused prerequisite failure blocks release evaluation; retirements/replacements retain the explicit inventory disposition.	verified_in_target	WIN+LNX	verified_in_target	C7-CARRY
1.4.3	cross-platform gear/boundary goldens [V6-VERIFY-plan sec1 / inventory.md 1.4.3]	cross-platform gear/boundary goldens	`TestGearTableGolden`, `TestSplit_GoldenBoundaries` · chunk	internal/chunk	retained	result=implemented_unverified; Full current assertion not executed: focused prerequisite failure blocks release evaluation; retirements/replacements retain the explicit inventory disposition.	verified_in_target	WIN+LNX	verified_in_target	C7-CARRY
1.4.4	Merkle RootHash domain-sep [V6-VERIFY-plan sec1 / inventory.md 1.4.4]	Merkle RootHash domain-sep	`TestRootHash` · chunk	internal/chunk	retained	result=implemented_unverified; Full current assertion not executed: focused prerequisite failure blocks release evaluation; retirements/replacements retain the explicit inventory disposition.	verified_in_target	WIN+LNX	verified_in_target	C7-CARRY
1.4.5	14 canonicalizers reg-order [V6-VERIFY-plan sec1 / inventory.md 1.4.5]	14 canonicalizers reg-order	`TestKnownClasses_RegistrationOrder` · canon	internal/canon	retained	result=implemented_unverified; Full current assertion not executed: focused prerequisite failure blocks release evaluation; retirements/replacements retain the explicit inventory disposition.	verified_in_target	WIN+LNX	verified_in_target	C7-CARRY
1.4.6	idempotence [V6-VERIFY-plan sec1 / inventory.md 1.4.6]	idempotence	`*Idempot*` · canon	internal/canon	retained	result=implemented_unverified; Full current assertion not executed: focused prerequisite failure blocks release evaluation; retirements/replacements retain the explicit inventory disposition.	verified_in_target	WIN+LNX	verified_in_target	C7-CARRY
1.4.7	byte-exact inverse [V6-VERIFY-plan sec1 / inventory.md 1.4.7]	byte-exact inverse	`TestRestore*`, `FuzzRestore` · canon	internal/canon	retained	result=implemented_unverified; Full current assertion not executed: focused prerequisite failure blocks release evaluation; retirements/replacements retain the explicit inventory disposition.	verified_in_target	WIN+LNX+FUZZ	verified_in_target	C7-CARRY
1.4.8	no canonicalizer grows [V6-VERIFY-plan sec1 / inventory.md 1.4.8]	no canonicalizer grows	`TestEveryCanonicalizer_NeverGrows` · canon	internal/canon	retained	result=implemented_unverified; Full current assertion not executed: focused prerequisite failure blocks release evaluation; retirements/replacements retain the explicit inventory disposition.	verified_in_target	WIN+LNX	verified_in_target	C7-CARRY
1.4.9	every rule emits Class [V6-VERIFY-plan sec1 / inventory.md 1.4.9]	every rule emits Class	`TestMatcherClassAssigned` · canon	internal/canon	retained	result=implemented_unverified; Full current assertion not executed: focused prerequisite failure blocks release evaluation; retirements/replacements retain the explicit inventory disposition.	verified_in_target	WIN+LNX	verified_in_target	C7-CARRY
1.4.10	MinHash on Run result [V6-VERIFY-plan sec1 / inventory.md 1.4.10]	MinHash on Run result	`TestSignature_OnlyWhenEnabled`, `TestNearDup_DelegatesToSignature` · canon	internal/canon	retained	result=implemented_unverified; Full current assertion not executed: focused prerequisite failure blocks release evaluation; retirements/replacements retain the explicit inventory disposition.	verified_in_target	WIN+LNX	verified_in_target	C7-CARRY
1.4.11	dedup measurement (O2) [V6-VERIFY-plan sec1 / inventory.md 1.4.11]	dedup measurement (O2)	`test/dedup/...`; canon-dedup-report	test/dedup	retained	result=implemented_unverified; Full current assertion not executed: focused prerequisite failure blocks release evaluation; retirements/replacements retain the explicit inventory disposition.	verified_in_target	WIN+LNX	verified_in_target	C7-CARRY
1.4.12	symbol Extract/Enclosing/References [V6-VERIFY-plan sec1 / inventory.md 1.4.12]	symbol Extract/Enclosing/References	`internal/symbols/...`	internal/symbols	retained	result=implemented_unverified; Full current assertion not executed: focused prerequisite failure blocks release evaluation; retirements/replacements retain the explicit inventory disposition.	verified_in_target	WIN+LNX	verified_in_target	C7-CARRY
1.4.13	Enclosing minimal span [V6-VERIFY-plan sec1 / inventory.md 1.4.13]	Enclosing minimal span	`TestEnclosing_SmallestSpanWins`, `_OutsideAnySymbol`, `_OutOfRange` · symbols	internal/symbols	renamed	result=implemented_unverified; Full current assertion not executed: focused prerequisite failure blocks release evaluation; retirements/replacements retain the explicit inventory disposition.	verified_in_target	WIN+LNX	verified_in_target	C7-CARRY
1.4.14	chunk/canon/symbol benches [V6-VERIFY-plan sec1 / inventory.md 1.4.14]	chunk/canon/symbol benches	superseded-guarantee (measure per §5)	internal/chunk;internal/canon;internal/symbols (family default; no explicit pkg cited)	superseded-guarantee	result=implemented_unverified; Full current assertion not executed: focused prerequisite failure blocks release evaluation; retirements/replacements retain the explicit inventory disposition.	verified_in_target	C52; C52 measured and reported (diagnostic); C52 carry (D57(e)): measured on c5 0d06ab12; the one executed file that changed c5->c6 is the test helper internal/paths/pathstest/home.go, by comment lines only, and no changed _test.go file is executed, so the executed code is byte-identical (runs/c52-executed-files.txt and runs/c52-test-files.txt; the comment-only reading is wave 17b's, for the owner to ratify)	verified_in_target	C7-CARRY
1.4.15	fuzz targets clean [V6-VERIFY-plan sec1 / inventory.md 1.4.15]	fuzz targets clean	`FuzzSplit` · chunk; `FuzzCanonicalize` (historical `FuzzCanonicalizeRun` → this) · canon; `FuzzRestore` · canon; `FuzzExtract` · symbols	internal/chunk;internal/canon;internal/symbols	renamed	result=implemented_unverified; Full current assertion not executed: focused prerequisite failure blocks release evaluation; retirements/replacements retain the explicit inventory disposition.	verified_in_target	FUZZ+WIN	verified_in_target	C7-CARRY
1.4.16	import discipline + coverage [V6-VERIFY-plan sec1 / inventory.md 1.4.16]	import discipline + coverage	lint/cover	internal/chunk;internal/canon;internal/symbols (family default; no explicit pkg cited)	retained	result=implemented_unverified; Full current assertion not executed: focused prerequisite failure blocks release evaluation; retirements/replacements retain the explicit inventory disposition.	verified_in_target	GATE+COVER	verified_in_target	C7-CARRY
1.4.17	corpus hygiene (no secrets) [V6-VERIFY-plan sec1 / inventory.md 1.4.17]	corpus hygiene (no secrets)	grep guard + `.gitattributes`	internal/chunk;internal/canon;internal/symbols (family default; no explicit pkg cited)	retained	result=implemented_unverified; Full current assertion not executed: focused prerequisite failure blocks release evaluation; retirements/replacements retain the explicit inventory disposition.	verified_in_target	GATE+WIN	verified_in_target	C7-CARRY
1.5.1	IPC address per platform [V6-VERIFY-plan sec1 / inventory.md 1.5.1]	IPC address per platform	`internal/ipc/...` (`TestResolveFor_*`)	internal/ipc	retained	result=implemented_unverified; Full current assertion not executed: focused prerequisite failure blocks release evaluation; retirements/replacements retain the explicit inventory disposition.	verified_in_target	WIN+LNX	verified_in_target	C7-CARRY
1.5.2	NDJSON framing/ACK-NAK [V6-VERIFY-plan sec1 / inventory.md 1.5.2]	NDJSON framing/ACK-NAK	`TestMaxLineBytes_IsOneMebibyte` etc.; `FuzzDecodeRequest`	internal/daemon;internal/ipc;internal/contract (family default; no explicit pkg cited)	retained	result=implemented_unverified; Full current assertion not executed: focused prerequisite failure blocks release evaluation; retirements/replacements retain the explicit inventory disposition.	verified_in_target	WIN+LNX+FUZZ	verified_in_target	C7-CARRY
1.5.3	Client.Send never errors, spools [V6-VERIFY-plan sec1 / inventory.md 1.5.3]	Client.Send never errors, spools	`TestSendNeverReturnsError`, `TestSendNAKSwitchesToSpool` · ipc	internal/ipc	retained	result=implemented_unverified; Full current assertion not executed: focused prerequisite failure blocks release evaluation; retirements/replacements retain the explicit inventory disposition.	verified_in_target	WIN+LNX	verified_in_target	C7-CARRY
1.5.4	ipctest conformance live [V6-VERIFY-plan sec1 / inventory.md 1.5.4]	ipctest conformance live	`internal/ipc/ipctest`	internal/ipc	retained	result=implemented_unverified; Full current assertion not executed: focused prerequisite failure blocks release evaluation; retirements/replacements retain the explicit inventory disposition.	verified_in_target	WIN+LNX	verified_in_target	C7-CARRY
1.5.5	daemon singleton lock/stale reclaim [V6-VERIFY-plan sec1 / inventory.md 1.5.5]	daemon singleton lock/stale reclaim	`TestLock*` · daemon	internal/daemon	retained	result=implemented_unverified; Full current assertion not executed: focused prerequisite failure blocks release evaluation; retirements/replacements retain the explicit inventory disposition.	verified_in_target	WIN+LNX	verified_in_target	C7-CARRY
1.5.6	lazy detached spawn [V6-VERIFY-plan sec1 / inventory.md 1.5.6]	lazy detached spawn	`TestLazySpawn_*` · ipc; `TestE2ELazySpawn` · test/e2e	test/e2e;internal/ipc;test	retained	result=implemented_unverified; Full current assertion not executed: focused prerequisite failure blocks release evaluation; retirements/replacements retain the explicit inventory disposition.	verified_in_target	WIN+LNX+LE2E	verified_in_target	C7-CARRY
1.5.7	WAL ingest, ACK after WAL [V6-VERIFY-plan sec1 / inventory.md 1.5.7]	WAL ingest, ACK after WAL	`TestIngest*`, `TestAcceptWireLineWALsExactlyOneTerminator` · daemon || LANDED verify/v6 (c78f610): TestCarriedDefect_SP20D6_GatedBASampleIncludesThePreACKHandler (hotpath_ack_tail_test.go clean/committed) · daemon; ingest.go pre-ACK impl LANDED verify/v6 (c34acb4)	internal/daemon;internal/daemon/ingest.go;internal/daemon/budget.go;internal/daemon/hotpath_ack_tail_test.go	retained	result=implemented_unverified; Full current assertion not executed: focused prerequisite failure blocks release evaluation; retirements/replacements retain the explicit inventory disposition. || LANDED verify/v6: SP20-D6 pre-ACK guard test committed (c78f610); the B-A sample now includes the pre-ACK handler. ingest.go implementation change LANDED verify/v6 (c34acb4); working tree clean at candidate 65bc8d7. implemented_unverified pending Main's re-measure on the candidate (final integrated run pending).	verified_in_target	WIN+LNX	verified_in_target	C7-CARRY
1.5.8	Drain idempotent [V6-VERIFY-plan sec1 / inventory.md 1.5.8]	Drain idempotent	`TestDrain*`, `TestDrainSurvivesCorruptLine` · daemon	internal/daemon	retained	result=implemented_unverified; Full current assertion not executed: focused prerequisite failure blocks release evaluation; retirements/replacements retain the explicit inventory disposition.	verified_in_target	WIN+LNX	verified_in_target	C7-CARRY
1.5.9	idle controller / idle exit [V6-VERIFY-plan sec1 / inventory.md 1.5.9]	idle controller / idle exit	`TestIdle*`, `TestE2EIdleExit`	internal/daemon;internal/ipc;internal/contract (family default; no explicit pkg cited)	retained	result=implemented_unverified; Full current assertion not executed: focused prerequisite failure blocks release evaluation; retirements/replacements retain the explicit inventory disposition.	verified_in_target	WIN+LNX+LE2E	verified_in_target	C7-CARRY
1.5.10	config hot reload [V6-VERIFY-plan sec1 / inventory.md 1.5.10]	config hot reload	`TestConfigReload` · daemon	internal/daemon	retained	result=implemented_unverified; Full current assertion not executed: focused prerequisite failure blocks release evaluation; retirements/replacements retain the explicit inventory disposition.	verified_in_target	WIN+LNX	verified_in_target	C7-CARRY
1.5.11	extension seams nil-tolerant [V6-VERIFY-plan sec1 / inventory.md 1.5.11]	extension seams nil-tolerant	`TestServicesAllNil` · daemon	internal/daemon	retained	result=implemented_unverified; Full current assertion not executed: focused prerequisite failure blocks release evaluation; retirements/replacements retain the explicit inventory disposition.	verified_in_target	WIN+LNX	verified_in_target	C7-CARRY
1.5.12	B-A p99<15ms / B-B p99<2ms on real bin [V6-VERIFY-plan sec1 / inventory.md 1.5.12]	hot-path budget (re-measure, no universal claim)	`devtool bench-hotpath`; CI bench-gate || LANDED verify/v6 (c78f610): pre-ACK handler now inside the measured B-A window (hotpath_ack_tail_test.go committed); ingest.go change LANDED verify/v6 (c34acb4)	internal/daemon;internal/ipc;internal/contract (family default; no explicit pkg cited);internal/daemon/budget.go;internal/daemon/ingest.go	superseded-guarantee (see E-2)	result=implemented_unverified; Full current assertion not executed: focused prerequisite failure blocks release evaluation; retirements/replacements retain the explicit inventory disposition. || LANDED verify/v6 (c78f610 test; ingest.go impl c34acb4): pre-ACK correction alters the measured B-A window; numeric budget stays a diagnostic (E-2). implemented_unverified pending Main's re-measure on candidate 65bc8d7 (final integrated run pending).	partial_verified	WTIME+LTIME+C51+X11-E1; Windows half verified on the designated quiet C5.1 run on AC (D57(e)): C51 B-A p99 30.72 ms, B-B 24.58 ms against 50; X11's own rows pass on AC on c6's tree (X11-E1: 3/3, 0 deferred, D57(g)), and the isolated hot-path row passes (WTIME, on AC); hosted bench-gate 110676058217, 110676058253, 110676058353 succeeded, report-only (Q1). Not counted (X11-BAT): X11's two c6 Windows failures, its no-ledger arm in both isolated executions (p3-win-e2e-timing.log B-A/B-B p99 81.9/57.3 ms, p3-win-x11-alone.log 98.3/81.9 ms; the ledger phase is not reached), ran on battery and are invalid as reference measurements, neither pass nor fail (D57(d)). Open half: Linux B-A/B-B fail in LTIME and C51, fsync-bound, not verified in target (D53(b))	partial_verified	C7-CARRY
1.5.13	overrun degradation state transition [V6-VERIFY-plan sec1 / inventory.md 1.5.13]	overrun degradation state transition	`TestBreachDetectorTransitionsAfterThreeWindows` · daemon	internal/daemon	retained	result=implemented_unverified; Full current assertion not executed: focused prerequisite failure blocks release evaluation; retirements/replacements retain the explicit inventory disposition.	verified_in_target	WIN+LNX	verified_in_target	C7-CARRY
1.5.14	nine contract assertions at SessionStart [V6-VERIFY-plan sec1 / inventory.md 1.5.14]	nine contract assertions at SessionStart	`internal/contract/...`	internal/contract	retained	result=implemented_unverified; Full current assertion not executed: focused prerequisite failure blocks release evaluation; retirements/replacements retain the explicit inventory disposition.	verified_in_target	WIN+LNX	verified_in_target	C7-CARRY
1.5.15	post-wave-5 every producer real, not not-yet-implemented [V6-VERIFY-plan sec1 / inventory.md 1.5.15]	producers declared for shipped services	wired at `internal/daemon/options.go:339-352` (`DeclareProducer` ×9, PreCompact/AdditionalContext/MCPRegistered conditional); `TestStandardAssertions_MatchTheNormativeTable`, `checkMCPServerRegistered` · contract	internal/daemon;internal/contract	retained — implemented in source; real-observation is NOT-RUN (F-2)	result=implemented_unverified; Full current assertion not executed: focused prerequisite failure blocks release evaluation; retirements/replacements retain the explicit inventory disposition.	partial_verified	WIN+LNX; producers and their tests green on c6; the real-observation half (F-2) needs a real session: CARRY-C4 (C4.2 passed on c4, not in the c6 lane); the c6 lane's status/doctor reads (P-LIVE) refresh it	partial_verified	C7-CARRY; its P-LIVE and P-C55 parts run on candidate 7's frozen bundles (D57(c))
1.5.16	degradation semantics [V6-VERIFY-plan sec1 / inventory.md 1.5.16]	degradation semantics	`TestDegradedPassiveSuppressesActingPaths`, `_StillRecords`, `TestModeOffSkipsIngest` · daemon/contract	internal/daemon;internal/contract	retained	result=implemented_unverified; Full current assertion not executed: focused prerequisite failure blocks release evaluation; retirements/replacements retain the explicit inventory disposition.	verified_in_target	WIN+LNX	verified_in_target	C7-CARRY
1.5.17	restoration after two clean runs [V6-VERIFY-plan sec1 / inventory.md 1.5.17]	restoration after two clean runs	`TestMonitor_TwoConsecutiveCleanRunsRestore` · contract	internal/contract	retained	result=implemented_unverified; Full current assertion not executed: focused prerequisite failure blocks release evaluation; retirements/replacements retain the explicit inventory disposition.	verified_in_target	WIN+LNX	verified_in_target	C7-CARRY
1.5.18	session-start marker terminal-only [V6-VERIFY-plan sec1 / inventory.md 1.5.18]	session-start marker terminal-only	`TestMarkerIsWrittenByFlushAndCheckpointOnly` · daemon	internal/daemon	retained	result=implemented_unverified; Full current assertion not executed: focused prerequisite failure blocks release evaluation; retirements/replacements retain the explicit inventory disposition.	verified_in_target	WIN+LNX	verified_in_target	C7-CARRY
1.5.19	every hook exits 0 under faults [V6-VERIFY-plan sec1 / inventory.md 1.5.19]	every hook exits 0 under faults	`TestFaultActive_UnsetIsInertForAllElevenSites` + cli fault suite; `test/fault/*`	test/fault	renamed/relocated	result=implemented_unverified; Full current assertion not executed: focused prerequisite failure blocks release evaluation; retirements/replacements retain the explicit inventory disposition.	failed	WIN+LNX; RED-FAULT: the row names the whole test/fault package, which has one red on c6 (hosted windows-latest -count=2, TestFault_Lifecycle/out_of_order_sessionend); root cause recorded, not a product defect: a read-order race in test/fault's audit (D57(b)); the test-only fix is not in c6's tree, so c6's own result stays failed; TestFaultActive_UnsetIsInertForAllElevenSites green (WIN, LNX); candidate 7's result is in c7_result	partial_verified	PRE7; test/fault carries the claim-before-evidence fix (dd8e9fd2, 88626fdd; D57(b)) and passes on Windows on c7's code (PRE7 testpkgs, -count=1), with TestFault_AuditRetentionRootsReadsTheClaimBeforeItsEvidence; hosted test (ubuntu-latest) 110757119503 and test (macos-latest) 110757119443, which run test/fault, are green on c7 (ci.yml 36981590450, at 2026-10-02 08:31Z); closes when hosted test (windows-latest) at -count=2, the job that was red on c6, is green on c7 (P-CI7); TestFaultActive_UnsetIsInertForAllElevenSites carries (internal/cli unchanged, C7-CARRY)
1.5.20	transport security posture [V6-VERIFY-plan sec1 / inventory.md 1.5.20]	transport security posture	`TestGuard_NoNetworkImports` · test/guards; `TestSecurity_MCPServerNeverImportsOSExec` · test/security; historical `devtool security-audit` has no current entry point || LANDED verify/v6 (c9b5251 mcp authorization, 00e0c98 capture-scope refusal): +TestV6_* mcp; capture-scope guard suite (notes N-CAP) — implemented_unverified on candidate	test/guards;test/security;test;internal/mcp/authorize.go;internal/daemon/capture_scope_v6_test.go;test/security	replaced	result=implemented_unverified; Full current assertion not executed: focused prerequisite failure blocks release evaluation; retirements/replacements retain the explicit inventory disposition. || EARLIER-HANDOFF archive-provenance + capture-scope address the transport/authorization posture; still failed per execution 1.17.12 until re-run. implemented_unverified.	verified_in_target	WIN+LNX+GATE	verified_in_target	C7-CARRY; test/guards' only change c6->c7 is nonrefdisk_test.go, not this row's tests; test/guards: PRE7 testpkgs green on c7's code
1.5.21	coverage floors [V6-VERIFY-plan sec1 / inventory.md 1.5.21]	coverage floors	`devtool cover`	internal/daemon;internal/ipc;internal/contract (family default; no explicit pkg cited)	retained	result=implemented_unverified; Full current assertion not executed: focused prerequisite failure blocks release evaluation; retirements/replacements retain the explicit inventory disposition.	verified_in_target	COVER	verified_in_target	C7-CARRY
1.6.1	object fanout/zstd [V6-VERIFY-plan sec1 / inventory.md 1.6.1]	object fanout/zstd	`TestPutBytes_FanoutLayout` · store	internal/store	retained	result=implemented_unverified; Full current assertion not executed: focused prerequisite failure blocks release evaluation; retirements/replacements retain the explicit inventory disposition.	verified_in_target	WIN+LNX	verified_in_target	C7-CARRY
1.6.2	global dedup [V6-VERIFY-plan sec1 / inventory.md 1.6.2]	global dedup	`TestPutBytes_GlobalDedup` · store	internal/store	retained	result=implemented_unverified; Full current assertion not executed: focused prerequisite failure blocks release evaluation; retirements/replacements retain the explicit inventory disposition.	verified_in_target	WIN+LNX	verified_in_target	C7-CARRY
1.6.3	canonicalize-before-chunk [V6-VERIFY-plan sec1 / inventory.md 1.6.3]	canonicalize-before-chunk	`TestPutBytes_CanonicalizeBeforeChunk` · store	internal/store	retained	result=implemented_unverified; Full current assertion not executed: focused prerequisite failure blocks release evaluation; retirements/replacements retain the explicit inventory disposition.	verified_in_target	WIN+LNX	verified_in_target	C7-CARRY
1.6.4	redaction at choke point [V6-VERIFY-plan sec1 / inventory.md 1.6.4]	redaction at choke point	`TestPutBytes_RedactionBeforeChunking`; `TestE2E_SecretNeverLandsInObjects`	internal/store;internal/redact;internal/tokens (family default; no explicit pkg cited)	retained	result=implemented_unverified; Full current assertion not executed: focused prerequisite failure blocks release evaluation; retirements/replacements retain the explicit inventory disposition.	partial_verified	WIN+LNX+LE2E; pending P-LIVE (UAT-12, C4.6)	partial_verified	C7-CARRY; its P-LIVE and P-C55 parts run on candidate 7's frozen bundles (D57(c))
1.6.5	ten redaction rules idempotent [V6-VERIFY-plan sec1 / inventory.md 1.6.5]	ten redaction rules idempotent	`internal/redact/...`, `FuzzRedactIdempotent`	internal/redact	retained	result=implemented_unverified; Full current assertion not executed: focused prerequisite failure blocks release evaluation; retirements/replacements retain the explicit inventory disposition.	verified_in_target	WIN+LNX+FUZZ	verified_in_target	C7-CARRY
1.6.6	tool_use index/preview [V6-VERIFY-plan sec1 / inventory.md 1.6.6]	tool_use index/preview	`TestRecordToolUse`/`TestToolUse*` · store	internal/store	retained	result=implemented_unverified; Full current assertion not executed: focused prerequisite failure blocks release evaluation; retirements/replacements retain the explicit inventory disposition.	verified_in_target	WIN+LNX	verified_in_target	C7-CARRY
1.6.7	supersession marking [V6-VERIFY-plan sec1 / inventory.md 1.6.7]	supersession marking	`TestMarkSuperseded` · store	internal/store	retained	result=implemented_unverified; Full current assertion not executed: focused prerequisite failure blocks release evaluation; retirements/replacements retain the explicit inventory disposition.	verified_in_target	WIN+LNX	verified_in_target	C7-CARRY
1.6.8	file version history [V6-VERIFY-plan sec1 / inventory.md 1.6.8]	file version history	`TestAppendFileVersion_History`, `TestFileAt` · store	internal/store	retained	result=implemented_unverified; Full current assertion not executed: focused prerequisite failure blocks release evaluation; retirements/replacements retain the explicit inventory disposition.	verified_in_target	WIN+LNX	verified_in_target	C7-CARRY
1.6.9	ChangedSince([]core.Dep) [V6-VERIFY-plan sec1 / inventory.md 1.6.9]	ChangedSince([]core.Dep)	`TestChangedSince` · store	internal/store	retained	result=implemented_unverified; Full current assertion not executed: focused prerequisite failure blocks release evaluation; retirements/replacements retain the explicit inventory disposition.	verified_in_target	WIN+LNX	verified_in_target	C7-CARRY
1.6.10	Search backing recall [V6-VERIFY-plan sec1 / inventory.md 1.6.10]	Search backing recall	`TestSearch` · store	internal/store	retained	result=implemented_unverified; Full current assertion not executed: focused prerequisite failure blocks release evaluation; retirements/replacements retain the explicit inventory disposition.	verified_in_target	WIN+LNX	verified_in_target	C7-CARRY
1.6.11	OpenSpan minimal-span [V6-VERIFY-plan sec1 / inventory.md 1.6.11]	OpenSpan minimal-span	`TestOpenSpan_Boundaries` · store	internal/store	retained	result=implemented_unverified; Full current assertion not executed: focused prerequisite failure blocks release evaluation; retirements/replacements retain the explicit inventory disposition.	verified_in_target	WIN+LNX	verified_in_target	C7-CARRY
1.6.12	segment log encoded-once DPI [V6-VERIFY-plan sec1 / inventory.md 1.6.12]	segment log encoded-once DPI	`TestSegment_MarkEncodedRefusesDifferentSeq`, `_BatchIsAllOrNothing` · store	internal/store	retained	result=implemented_unverified; Full current assertion not executed: focused prerequisite failure blocks release evaluation; retirements/replacements retain the explicit inventory disposition.	verified_in_target	WIN+LNX	verified_in_target	C7-CARRY
1.6.13	Frontier/Unencoded [V6-VERIFY-plan sec1 / inventory.md 1.6.13]	Frontier/Unencoded	`TestSegment_Frontier*`, `TestSegment_Unencoded` · store	internal/store	retained	result=implemented_unverified; Full current assertion not executed: focused prerequisite failure blocks release evaluation; retirements/replacements retain the explicit inventory disposition.	verified_in_target	WIN+LNX	verified_in_target	C7-CARRY
1.6.14	mark-sweep GC resumable/retention [V6-VERIFY-plan sec1 / inventory.md 1.6.14]	mark-sweep GC resumable/retention	`TestGC_RetentionIsWhicheverIsLonger`, `_DeadlineTruncatesAndResumes`, `_MarkPhaseHonoursTheDeadline` · store	internal/store	retained	result=implemented_unverified; Full current assertion not executed: focused prerequisite failure blocks release evaluation; retirements/replacements retain the explicit inventory disposition.	verified_in_target	WTIME+LTIME+WIN	verified_in_target	C7-CARRY
1.6.15	DedupRatio responds to toggle [V6-VERIFY-plan sec1 / inventory.md 1.6.15]	DedupRatio responds to toggle	`TestStats_DedupRatio` · store	internal/store	retained	result=implemented_unverified; Full current assertion not executed: focused prerequisite failure blocks release evaluation; retirements/replacements retain the explicit inventory disposition.	verified_in_target	WIN+LNX	verified_in_target	C7-CARRY
1.6.16	Phase-1 dedup ≥4.0 read-heavy [V6-VERIFY-plan sec1 / inventory.md 1.6.16]	dedup gain (diagnostic, not acceptance)	`TestPhase1ExitCriterion_ReadHeavy` · store	internal/store	superseded-guarantee (E-2)	result=implemented_unverified; Full current assertion not executed: focused prerequisite failure blocks release evaluation; retirements/replacements retain the explicit inventory disposition.	verified_in_target	WIN+LNX	verified_in_target	C7-CARRY
1.6.17	sublinear growth [V6-VERIFY-plan sec1 / inventory.md 1.6.17]	sublinear growth	`TestStats_SublinearGrowth` · store	internal/store	superseded-guarantee	result=implemented_unverified; Full current assertion not executed: focused prerequisite failure blocks release evaluation; retirements/replacements retain the explicit inventory disposition.	verified_in_target	WIN+LNX	verified_in_target	C7-CARRY
1.6.18	exact chunk token accounting [V6-VERIFY-plan sec1 / inventory.md 1.6.18]	Estimate the complete assembled representation including wrappers and separators, enforce its budget, and calibrate against reported usage; summed chunk estimates are a compatible diagnostic, not exact model tokens	`TestEstimateRoot_SumsChunks` (legacy diagnostic); assembled_budget_v6_test.go; budget_test.go; `TestState_MatchesFrozenGolden` (frozen bytes preserved, numeric assertion mapped)	internal/tokens/estimate_test.go;internal/rehydrate/build.go;internal/rehydrate/render.go;internal/rehydrate/budget_test.go	replaced; exact chunk-sum claim retired	result=implemented_unverified in target; assembled-budget correction committed at 06681ef. Focused negative control and rehydrate package passes recorded in assembled-budget-main-resolution.md. Provider usage calibration and final installed-artifact validation remain unverified; no exact token count claim.	verified_in_target	WIN+LNX	verified_in_target	C7-CARRY
1.6.19	store benches in budget [V6-VERIFY-plan sec1 / inventory.md 1.6.19]	store benches in budget	`BenchmarkPutBytes_100KB_Cold` etc.	internal/store;internal/redact;internal/tokens (family default; no explicit pkg cited)	superseded-guarantee	result=implemented_unverified; Full current assertion not executed: focused prerequisite failure blocks release evaluation; retirements/replacements retain the explicit inventory disposition.	partial_verified	C52; C52 measured on c5 (superseded-guarantee): PutBytes cold/warm 6-8x over the 3 ms/400 us budgets, SP06-D2 wontfix for 0.3.0 (D54); the store product files are unchanged c5->c6 (runs/c52-executed-files.txt), but the internal/store benches' c5 figures do not carry by D57(e): their test binary executes _test.go files changed c5->c6 (runs/c52-test-files.txt). BenchmarkGC_50kObjects and both BenchmarkSearch_1000Roots* execute changed lines (gc_test.go, search_test.go and the helpers in testdouble_test.go now take testing.TB): the fix of the zero testing.T that leaked HOME in c5's own run, where pathstest failed the store binary after PASS and every bench after GC ran against the leaked home (phase3/c5/quiet/c52-win/c52-win-r*-candidate-store-1s.log). The other store benches reach no changed line of a function (PutBytes*, PutObject, GetChunk, OpenSpan and OpenStore reach testdouble_test.go's newFakeClock and storeOpt helpers), but the binary runs the package initializer of maint_edge_test.go, new c5->c6 (errInjectedBarrier), and testdouble_test.go is not byte-unchanged; CountFold and MarkEncoded ran after the leak on c5; pending P-C52R (a quiet C5.2 re-run on c7) of the store set, or, for the PutBytes, PutObject, GetChunk and OpenSpan figures (which ran before the leak on c5), a coordinator ruling that an executed _test.go file whose changes the benchmark does not reach, plus a new package-level initializer, leaves D57(e) met; BenchmarkSearch_1000Roots needs P-C52R under either reading	partial_verified	C7-CARRY; its P-C52R part (a quiet C5.2 re-run) runs on c7's code
1.6.20	conformance live [V6-VERIFY-plan sec1 / inventory.md 1.6.20]	conformance live	storetest/redacttest/tokenstest	test/redacttest/tokenstest	retained	result=implemented_unverified; Full current assertion not executed: focused prerequisite failure blocks release evaluation; retirements/replacements retain the explicit inventory disposition.	verified_in_target	WIN+LNX	verified_in_target	C7-CARRY
1.6.21	import discipline/coverage [V6-VERIFY-plan sec1 / inventory.md 1.6.21]	import discipline/coverage	lint/cover	internal/store;internal/redact;internal/tokens (family default; no explicit pkg cited)	retained	result=implemented_unverified; Full current assertion not executed: focused prerequisite failure blocks release evaluation; retirements/replacements retain the explicit inventory disposition.	verified_in_target	GATE+COVER	verified_in_target	C7-CARRY
1.7.1	9 node/8 edge kinds, NodeID [V6-VERIFY-plan sec1 / inventory.md 1.7.1]	9 node/8 edge kinds, NodeID	`internal/dag/...`	internal/dag	retained	result=implemented_unverified; Full current assertion not executed: focused prerequisite failure blocks release evaluation; retirements/replacements retain the explicit inventory disposition.	verified_in_target	WIN+LNX	verified_in_target	C7-CARRY
1.7.2	append-only deps.jsonl round-trip [V6-VERIFY-plan sec1 / inventory.md 1.7.2]	append-only deps.jsonl round-trip	`TestPropLogRoundTrip`, `TestFlushIsAppendOnly` · dag	internal/dag	retained	result=implemented_unverified; Full current assertion not executed: focused prerequisite failure blocks release evaluation; retirements/replacements retain the explicit inventory disposition.	verified_in_target	WIN+LNX	verified_in_target	C7-CARRY
1.7.3	torn tail tolerated [V6-VERIFY-plan sec1 / inventory.md 1.7.3]	torn tail tolerated	`TestOpenTornTail`, `TestOpenCorruptLines` · dag	internal/dag	retained	result=implemented_unverified; Full current assertion not executed: focused prerequisite failure blocks release evaluation; retirements/replacements retain the explicit inventory disposition.	verified_in_target	WIN+LNX	verified_in_target	C7-CARRY
1.7.4	idle Compact drops tombstones [V6-VERIFY-plan sec1 / inventory.md 1.7.4]	idle Compact drops tombstones	`TestCompact` · dag	internal/dag	retained	result=implemented_unverified; Full current assertion not executed: focused prerequisite failure blocks release evaluation; retirements/replacements retain the explicit inventory disposition.	verified_in_target	WIN+LNX	verified_in_target	C7-CARRY
1.7.5	slices return scores not keep/drop [V6-VERIFY-plan sec1 / inventory.md 1.7.5]	slices return scores not keep/drop	`TestBackwardSlice`, `TestForwardSlice`, `TestNoBooleanKeepAPI` · dag	internal/dag	retained	result=implemented_unverified; Full current assertion not executed: focused prerequisite failure blocks release evaluation; retirements/replacements retain the explicit inventory disposition.	verified_in_target	WIN+LNX	verified_in_target	C7-CARRY
1.7.6	thin slicing default [V6-VERIFY-plan sec1 / inventory.md 1.7.6]	thin slicing default	`TestDefaultSliceOptions` · dag	internal/dag	retained	result=implemented_unverified; Full current assertion not executed: focused prerequisite failure blocks release evaluation; retirements/replacements retain the explicit inventory disposition.	verified_in_target	WIN+LNX	verified_in_target	C7-CARRY
1.7.7	measured thin-vs-full [V6-VERIFY-plan sec1 / inventory.md 1.7.7]	measured thin-vs-full	`TestThinVsFullComparison` · dag	internal/dag	superseded-guarantee	result=implemented_unverified; Full current assertion not executed: focused prerequisite failure blocks release evaluation; retirements/replacements retain the explicit inventory disposition.	verified_in_target	WIN+LNX	verified_in_target	C7-CARRY
1.7.8	CrossingEdges = coupling [V6-VERIFY-plan sec1 / inventory.md 1.7.8]	CrossingEdges = coupling	`TestCrossingEdges`, `BenchmarkCrossingEdges` · dag	internal/dag	retained	result=implemented_unverified; Full current assertion not executed: focused prerequisite failure blocks release evaluation; retirements/replacements retain the explicit inventory disposition.	verified_in_target	WIN+LNX+C52; C52 measured and reported (diagnostic); C52 carry (D57(e)): measured on c5 0d06ab12; no file the benchmark executes changed c5->c6, product or _test.go (runs/c52-executed-files.txt and runs/c52-test-files.txt)	verified_in_target	C7-CARRY
1.7.9	NodesAfter ordered/live-only [V6-VERIFY-plan sec1 / inventory.md 1.7.9]	NodesAfter ordered/live-only	`TestNodesAfter` · dag	internal/dag	retained	result=implemented_unverified; Full current assertion not executed: focused prerequisite failure blocks release evaluation; retirements/replacements retain the explicit inventory disposition.	verified_in_target	WIN+LNX	verified_in_target	C7-CARRY
1.7.10	slice latency budget [V6-VERIFY-plan sec1 / inventory.md 1.7.10]	slice latency budget	`TestSliceLatencyBudget`, `BenchmarkBackwardSlice5000` · dag	internal/dag	superseded-guarantee	result=implemented_unverified; Full current assertion not executed: focused prerequisite failure blocks release evaluation; retirements/replacements retain the explicit inventory disposition.	verified_in_target	WIN+LNX+C52; C52 measured and reported (diagnostic); C52 carry (D57(e)): measured on c5 0d06ab12; no file the benchmark executes changed c5->c6, product or _test.go (runs/c52-executed-files.txt and runs/c52-test-files.txt)	verified_in_target	C7-CARRY
1.7.11	builder output acyclic [V6-VERIFY-plan sec1 / inventory.md 1.7.11]	builder output acyclic	`TestBuilderOutputIsAcyclic` · dag	internal/dag	retained	result=implemented_unverified; Full current assertion not executed: focused prerequisite failure blocks release evaluation; retirements/replacements retain the explicit inventory disposition.	verified_in_target	WIN+LNX	verified_in_target	C7-CARRY
1.7.12	concurrency safe [V6-VERIFY-plan sec1 / inventory.md 1.7.12]	concurrency safe	`TestConcurrent*` -race · dag	internal/dag	retained	result=implemented_unverified; Full current assertion not executed: focused prerequisite failure blocks release evaluation; retirements/replacements retain the explicit inventory disposition.	verified_in_target	WRACE+LNX	verified_in_target	C7-CARRY
1.7.13	golden fixtures [V6-VERIFY-plan sec1 / inventory.md 1.7.13]	golden fixtures	`TestGraphBasicGolden`, `TestSliceGoldenBackward` · dag	internal/dag	retained	result=implemented_unverified; Full current assertion not executed: focused prerequisite failure blocks release evaluation; retirements/replacements retain the explicit inventory disposition.	verified_in_target	WIN+LNX	verified_in_target	C7-CARRY
1.7.14	conformance/imports/coverage [V6-VERIFY-plan sec1 / inventory.md 1.7.14]	conformance/imports/coverage	dagtest; lint/cover	internal/dag (family default; no explicit pkg cited)	retained	result=implemented_unverified; Full current assertion not executed: focused prerequisite failure blocks release evaluation; retirements/replacements retain the explicit inventory disposition.	verified_in_target	WIN+GATE+COVER	verified_in_target	C7-CARRY
1.8.1	OnToolUse 14-step [V6-VERIFY-plan sec1 / inventory.md 1.8.1]	OnToolUse 14-step	`internal/observer/...`	internal/observer	retained	result=implemented_unverified; Full current assertion not executed: focused prerequisite failure blocks release evaluation; retirements/replacements retain the explicit inventory disposition.	verified_in_target	WIN+LNX	verified_in_target	C7-CARRY
1.8.2	addressable tombstone [V6-VERIFY-plan sec1 / inventory.md 1.8.2]	addressable tombstone	`TestTombstone*`, `BenchmarkTombstone` · observer	internal/observer	retained	result=implemented_unverified; Full current assertion not executed: focused prerequisite failure blocks release evaluation; retirements/replacements retain the explicit inventory disposition.	partial_verified	WIN+LNX+C52; tombstone tests green (WIN, LNX). C52 measured BenchmarkTombstone on c5 (diagnostic); it executes internal/core/toolnames.go, which gained CutHostPluginTool c5->c6; no executed block covers a changed line, but D57(e) asks for the file byte-unchanged, so the c5 figure does not carry (runs/c52-executed-files.txt), and no changed _test.go file (runs/c52-test-files.txt); pending P-C52R (a quiet C5.2 re-run on c7) of BenchmarkTombstone, or a coordinator ruling that an appended, unexecuted function leaves D57(e) met	partial_verified	C7-CARRY; its P-C52R part (a quiet C5.2 re-run) runs on c7's code
1.8.3	supersession marks earlier read [V6-VERIFY-plan sec1 / inventory.md 1.8.3]	supersession marks earlier read	`TestSupersede*` · observer	internal/observer	retained	result=implemented_unverified; Full current assertion not executed: focused prerequisite failure blocks release evaluation; retirements/replacements retain the explicit inventory disposition.	verified_in_target	WIN+LNX	verified_in_target	C7-CARRY
1.8.4	DAG edges recorded [V6-VERIFY-plan sec1 / inventory.md 1.8.4]	DAG edges recorded	`TestGraph_*` · observer	internal/observer	retained	result=implemented_unverified; Full current assertion not executed: focused prerequisite failure blocks release evaluation; retirements/replacements retain the explicit inventory disposition.	verified_in_target	WIN+LNX	verified_in_target	C7-CARRY
1.8.5	CMS/HLL fed; Bloom never fed [V6-VERIFY-plan sec1 / inventory.md 1.8.5]	CMS/HLL fed; Bloom never fed	`TestOnSessionEnd_NeverWritesTriedBloom`, `TestObserverNeverFeedsBloom` · observer	internal/observer	retained	result=implemented_unverified; Full current assertion not executed: focused prerequisite failure blocks release evaluation; retirements/replacements retain the explicit inventory disposition.	verified_in_target	WIN+LNX	verified_in_target	C7-CARRY
1.8.6	verbatim prompt capture [V6-VERIFY-plan sec1 / inventory.md 1.8.6]	verbatim prompt capture	`TestOnUserPrompt_NeverRegenerated`; `TestE2E_VerbatimPromptSurvivesRestart` || LANDED verify/v6 (62f268f durable prompt publication recovery, 46613fd recover-leased-prompts-before-advancing, c78f610 retain-refused/capture-replayed-prompt) — SP08-D3 test now TestCarriedDefect_SP08D3_ReplayedPromptIsCapturedAtTurnZero (inverted); + LANDED verify/v6 (891582e delivery segments/order/terminal, c34acb4 leased-replay order, 22ff16c/99108a2 observation-binding): TestDerivedPublication_V6_IndexBeforeLinkCutDuplicatesAcrossRestart, TestObservePrompt_* committed — implemented_unverified on candidate 65bc8d7; verbatim-across-crash now recovered but delivery-journal rollover (enableDeliveryGenerations=false, default-off) NOT accepted	internal/observer (family default; no explicit pkg cited);internal/daemon/drain_prompt_capture_test.go;internal/daemon/prompt_record_test.go;internal/observer/prompt_delivery.go;internal/store/prompt_recovery.go;internal/store/publication_sync.go;internal/observer/prompt_restart_v6_test.go	retained	result=implemented_unverified; Full current assertion not executed: focused prerequisite failure blocks release evaluation; retirements/replacements retain the explicit inventory disposition. || LANDED verify/v6: SP08-D3 prompt-replay recovery now COMMITTED (prompt_recovery.go, prompt_restart_v6_test.go, drain_prompt_capture_test.go, prompt_record_test.go all clean; inverted TestCarriedDefect at c78f610). prompt_delivery.go (22ff16c), publication_sync.go (99108a2), delivery_order/terminal (891582e) and leased-replay order (c34acb4) now COMMITTED; working tree clean at candidate 65bc8d7. implemented_unverified on candidate (Main's full integrated gate NOT-RUN, final integrated run pending); delivery-journal rollover (enableDeliveryGenerations=false, default-off) NOT accepted — a mandatory capacity-carry-blocker, not a silent waiver, so no rollover promise.	partial_verified	WIN+LNX+LE2E+CHILD; pending P-LIVE (UAT-06); not in the c6 lane: UAT-02, C4.2 (CARRY-C4)	partial_verified	C7-CARRY; its P-LIVE and P-C55 parts run on candidate 7's frozen bundles (D57(c))
1.8.7	subagent capture + hashes [V6-VERIFY-plan sec1 / inventory.md 1.8.7]	subagent capture + hashes	`TestOnStop_RetrievalPathG10_1` · observer	internal/observer	retained	result=implemented_unverified; Full current assertion not executed: focused prerequisite failure blocks release evaluation; retirements/replacements retain the explicit inventory disposition.	verified_in_target	WIN+LNX	verified_in_target	C7-CARRY
1.8.8	task-boundary signals [V6-VERIFY-plan sec1 / inventory.md 1.8.8]	task-boundary signals	`TestExtractSignals`; `TestWireObserver` · observer/daemon	internal/observer;internal/daemon	retained	result=implemented_unverified; Full current assertion not executed: focused prerequisite failure blocks release evaluation; retirements/replacements retain the explicit inventory disposition.	verified_in_target	WIN+LNX+FUZZ	verified_in_target	C7-CARRY
1.8.9	SessionStart/End branches [V6-VERIFY-plan sec1 / inventory.md 1.8.9]	SessionStart/End branches	`TestOnSessionStart*`, `TestOnSessionEnd*` · observer	internal/observer	retained	result=implemented_unverified; Full current assertion not executed: focused prerequisite failure blocks release evaluation; retirements/replacements retain the explicit inventory disposition.	verified_in_target	WIN+LNX	verified_in_target	C7-CARRY
1.8.10	Phase-1 dedup half [V6-VERIFY-plan sec1 / inventory.md 1.8.10]	Phase-1 dedup half	`TestPhase1_DedupRatioReadHeavy` · test/e2e	test/e2e;test	superseded-guarantee	result=implemented_unverified; Full current assertion not executed: focused prerequisite failure blocks release evaluation; retirements/replacements retain the explicit inventory disposition.	verified_in_target	WIN+LE2E	verified_in_target	C7-CARRY
1.8.11	canonicalization gap [V6-VERIFY-plan sec1 / inventory.md 1.8.11]	canonicalization gap	`TestPhase1_CanonicalizationGapOnTestOutput` · test/e2e	test/e2e;test	superseded-guarantee	result=implemented_unverified; Full current assertion not executed: focused prerequisite failure blocks release evaluation; retirements/replacements retain the explicit inventory disposition.	verified_in_target	WIN+LE2E	verified_in_target	C7-CARRY
1.8.12	sublinear growth w/ observer [V6-VERIFY-plan sec1 / inventory.md 1.8.12]	sublinear growth w/ observer	`TestPhase1_StoreGrowthSublinear` · test/e2e	test/e2e;test	retained	result=implemented_unverified; Full current assertion not executed: focused prerequisite failure blocks release evaluation; retirements/replacements retain the explicit inventory disposition.	verified_in_target	WIN+LE2E	verified_in_target	C7-CARRY
1.8.13	observer-side latency [V6-VERIFY-plan sec1 / inventory.md 1.8.13]	observer-side latency	`BenchmarkOnToolUse_*` (B-C)	internal/observer (family default; no explicit pkg cited)	superseded-guarantee	result=implemented_unverified; Full current assertion not executed: focused prerequisite failure blocks release evaluation; retirements/replacements retain the explicit inventory disposition.	implemented_unverified	C52 measured on c5 (superseded-guarantee): OnToolUse 256 KB Delta p99 59-74 ms against B-C's soft 50 ms, SP08-D1 wontfix for 0.3.0 (D54). The figure does not carry by D57(e): the three BenchmarkOnToolUse_* execute internal/observer/observer.go, whose sessionState gained two fields (ThrashFloor, ReplyWarning), a layout change on the measured path, and internal/core/toolnames.go, which gained CutHostPluginTool c5->c6; no executed block covers a changed line, but D57(e) asks for the file byte-unchanged, so the c5 figure does not carry (runs/c52-executed-files.txt); pending P-C52R (a quiet C5.2 re-run on c7) of the three BenchmarkOnToolUse_*	implemented_unverified	C7-CARRY; its P-C52R part (a quiet C5.2 re-run) runs on c7's code
1.8.14	observer conformance [V6-VERIFY-plan sec1 / inventory.md 1.8.14]	observer conformance	observertest	internal/observer (family default; no explicit pkg cited)	retained	result=implemented_unverified; Full current assertion not executed: focused prerequisite failure blocks release evaluation; retirements/replacements retain the explicit inventory disposition.	verified_in_target	WIN+LNX	verified_in_target	C7-CARRY
1.8.15	import discipline/coverage [V6-VERIFY-plan sec1 / inventory.md 1.8.15]	import discipline/coverage	lint/cover	internal/observer (family default; no explicit pkg cited)	retained	result=implemented_unverified; Full current assertion not executed: focused prerequisite failure blocks release evaluation; retirements/replacements retain the explicit inventory disposition.	verified_in_target	GATE+COVER	verified_in_target	C7-CARRY
1.9.1	4-field descriptor/Key [V6-VERIFY-plan sec1 / inventory.md 1.9.1]	4-field descriptor/Key	`TestCanonicalize` · negknow	internal/negknow	retained	result=implemented_unverified; Full current assertion not executed: focused prerequisite failure blocks release evaluation; retirements/replacements retain the explicit inventory disposition.	verified_in_target	WIN+LNX	verified_in_target	C7-CARRY
1.9.2	append-only eliminations.jsonl [V6-VERIFY-plan sec1 / inventory.md 1.9.2]	append-only eliminations.jsonl	`TestRecord` · negknow	internal/negknow	retained	result=implemented_unverified; Full current assertion not executed: focused prerequisite failure blocks release evaluation; retirements/replacements retain the explicit inventory disposition.	verified_in_target	WIN+LNX	verified_in_target	C7-CARRY
1.9.3	three-way already_tried [V6-VERIFY-plan sec1 / inventory.md 1.9.3]	three-way already_tried	`TestQuery_Absent/_Active/_Stale` · negknow	internal/negknow	retained	result=implemented_unverified; Full current assertion not executed: focused prerequisite failure blocks release evaluation; retirements/replacements retain the explicit inventory disposition.	verified_in_target	WIN+LNX	verified_in_target	C7-CARRY
1.9.4	stale note byte-identical [V6-VERIFY-plan sec1 / inventory.md 1.9.4]	stale note byte-identical	`TestQuery_Stale_FlagNote` · negknow	internal/negknow	retained	result=implemented_unverified; Full current assertion not executed: focused prerequisite failure blocks release evaluation; retirements/replacements retain the explicit inventory disposition.	verified_in_target	WIN+LNX	verified_in_target	C7-CARRY
1.9.5	bloom-only never masquerades [V6-VERIFY-plan sec1 / inventory.md 1.9.5]	bloom-only never masquerades	`TestQuery_BloomOnly`, `TestBloomLoadFailure_NoRecords_NeverFalsePositive` · negknow	internal/negknow	retained	result=implemented_unverified; Full current assertion not executed: focused prerequisite failure blocks release evaluation; retirements/replacements retain the explicit inventory disposition.	verified_in_target	WIN+LNX	verified_in_target	C7-CARRY
1.9.6	RefreshStaleness via ChangedSince [V6-VERIFY-plan sec1 / inventory.md 1.9.6]	RefreshStaleness via ChangedSince	`TestRefreshStaleness` · negknow	internal/negknow	retained	result=implemented_unverified; Full current assertion not executed: focused prerequisite failure blocks release evaluation; retirements/replacements retain the explicit inventory disposition.	verified_in_target	WIN+LNX	verified_in_target	C7-CARRY
1.9.7	RebuildBloom active-only [V6-VERIFY-plan sec1 / inventory.md 1.9.7]	RebuildBloom active-only	`TestRebuildBloom_Resizes`, `_NeverFromCheckpoint` · negknow	internal/negknow	retained	result=implemented_unverified; Full current assertion not executed: focused prerequisite failure blocks release evaluation; retirements/replacements retain the explicit inventory disposition.	verified_in_target	WIN+LNX	verified_in_target	C7-CARRY
1.9.8	scope session/project [V6-VERIFY-plan sec1 / inventory.md 1.9.8]	scope session/project	`TestScope` · negknow	internal/negknow	retained	result=implemented_unverified; Full current assertion not executed: focused prerequisite failure blocks release evaluation; retirements/replacements retain the explicit inventory disposition.	verified_in_target	WIN+LNX	verified_in_target	C7-CARRY
1.9.9	heuristic Detector [V6-VERIFY-plan sec1 / inventory.md 1.9.9]	heuristic Detector	`TestDetector*` · negknow	internal/negknow	retained	result=implemented_unverified; Full current assertion not executed: focused prerequisite failure blocks release evaluation; retirements/replacements retain the explicit inventory disposition.	verified_in_target	WIN+LNX	verified_in_target	C7-CARRY
1.9.10	Health() surfaces fill/FP [V6-VERIFY-plan sec1 / inventory.md 1.9.10]	Health() surfaces fill/FP	`TestHealth` · negknow	internal/negknow	retained	result=implemented_unverified; Full current assertion not executed: focused prerequisite failure blocks release evaluation; retirements/replacements retain the explicit inventory disposition.	verified_in_target	WIN+LNX	verified_in_target	C7-CARRY
1.9.11	Phase-2 exit in replay [V6-VERIFY-plan sec1 / inventory.md 1.9.11]	Phase-2 exit in replay	`TestPhase2ExitCriterion` · test/replay	test/replay;test	superseded-guarantee	result=implemented_unverified; Full current assertion not executed: focused prerequisite failure blocks release evaluation; retirements/replacements retain the explicit inventory disposition.	verified_in_target	WIN+LNX	verified_in_target	C7-CARRY
1.9.12	performance budgets [V6-VERIFY-plan sec1 / inventory.md 1.9.12]	performance budgets	`TestBudget_*` · negknow	internal/negknow	superseded-guarantee	result=implemented_unverified; Full current assertion not executed: focused prerequisite failure blocks release evaluation; retirements/replacements retain the explicit inventory disposition.	verified_in_target	WTIME+LTIME+C52; all seven TestBudget_* pass in WTIME and LTIME on c6 (TestBudget_DetectorScan, once a pre-existing red, passes on both); negknow Open 61.6/77.0 ms against 300 ms in C52 (SP09-D1 fixed, D54); C52 carry (D57(e)): measured on c5 0d06ab12; the one executed file that changed c5->c6 is the test helper internal/paths/pathstest/home.go, by comment lines only, and no changed _test.go file is executed, so the executed code is byte-identical (runs/c52-executed-files.txt and runs/c52-test-files.txt; the comment-only reading is wave 17b's, for the owner to ratify)	verified_in_target	C7-CARRY
1.9.13	conformance/imports/coverage/write-set [V6-VERIFY-plan sec1 / inventory.md 1.9.13]	conformance/imports/coverage/write-set	negknowtest; lint/cover	internal/negknow (family default; no explicit pkg cited)	retained	result=implemented_unverified; Full current assertion not executed: focused prerequisite failure blocks release evaluation; retirements/replacements retain the explicit inventory disposition.	verified_in_target	WIN+GATE+COVER	verified_in_target	C7-CARRY
1.10.1	§8.5 schema, importance-order [V6-VERIFY-plan sec1 / inventory.md 1.10.1]	§8.5 schema, importance-order	`TestSchemaFieldOrderIsImportanceOrder` · checkpoint	internal/checkpoint	retained	result=implemented_unverified; Full current assertion not executed: focused prerequisite failure blocks release evaluation; retirements/replacements retain the explicit inventory disposition.	verified_in_target	WIN+LNX	verified_in_target	C7-CARRY
1.10.2	Writer Begin/Advance/Finalize/Abort [V6-VERIFY-plan sec1 / inventory.md 1.10.2]	Writer Begin/Advance/Finalize/Abort	`internal/checkpoint/...`	internal/checkpoint	retained	result=implemented_unverified; Full current assertion not executed: focused prerequisite failure blocks release evaluation; retirements/replacements retain the explicit inventory disposition.	verified_in_target	WIN+LNX	verified_in_target	C7-CARRY
1.10.3	SourceSet carries no text [V6-VERIFY-plan sec1 / inventory.md 1.10.3]	SourceSet carries no text	`TestSourceSetCarriesNoText` · checkpoint	internal/checkpoint	retained	result=implemented_unverified; Full current assertion not executed: focused prerequisite failure blocks release evaluation; retirements/replacements retain the explicit inventory disposition.	verified_in_target	WIN+LNX	verified_in_target	C7-CARRY
1.10.4	Advance DPI-guarded [V6-VERIFY-plan sec1 / inventory.md 1.10.4]	Advance DPI-guarded	`TestAdvanceIsDPIGuarded` · checkpoint	internal/checkpoint	retained	result=implemented_unverified; Full current assertion not executed: focused prerequisite failure blocks release evaluation; retirements/replacements retain the explicit inventory disposition.	verified_in_target	WIN+LNX	verified_in_target	C7-CARRY
1.10.5	Finalize immutable artifact [V6-VERIFY-plan sec1 / inventory.md 1.10.5]	Finalize immutable artifact	`TestFinalize*`; `TestAppendOnlyGuard`	internal/checkpoint;internal/pins (family default; no explicit pkg cited)	retained	result=implemented_unverified; Full current assertion not executed: focused prerequisite failure blocks release evaluation; retirements/replacements retain the explicit inventory disposition.	verified_in_target	WIN+LNX	verified_in_target	C7-CARRY
1.10.6	Reader Latest/Get/Chain/Verify [V6-VERIFY-plan sec1 / inventory.md 1.10.6]	Reader Latest/Get/Chain/Verify	`TestReader*`, `TestVerify*`, `TestLatestFallsBackToParent` · checkpoint	internal/checkpoint	retained	result=implemented_unverified; Full current assertion not executed: focused prerequisite failure blocks release evaluation; retirements/replacements retain the explicit inventory disposition.	verified_in_target	WIN+LNX	verified_in_target	C7-CARRY
1.10.7	Truncate tiering [V6-VERIFY-plan sec1 / inventory.md 1.10.7]	Truncate tiering	`TestTruncate*` · checkpoint	internal/checkpoint	retained	result=implemented_unverified; Full current assertion not executed: focused prerequisite failure blocks release evaluation; retirements/replacements retain the explicit inventory disposition.	verified_in_target	WIN+LNX	verified_in_target	C7-CARRY
1.10.8	no code snippets [V6-VERIFY-plan sec1 / inventory.md 1.10.8]	no code snippets	`TestGoldenCheckpointsContainNoCodeBlocks`, `TestCheckpointGolden_ContainsNoCodeBlocks` · checkpoint	internal/checkpoint	retained	result=implemented_unverified; Full current assertion not executed: focused prerequisite failure blocks release evaluation; retirements/replacements retain the explicit inventory disposition.	verified_in_target	WIN+LNX	verified_in_target	C7-CARRY
1.10.9	ExtractDecisions sole producer [V6-VERIFY-plan sec1 / inventory.md 1.10.9]	ExtractDecisions sole producer	`TestExtractDecisionTargetAndRuneCaps`, `BenchmarkExtractDecisions` · checkpoint	internal/checkpoint	renamed	result=implemented_unverified; Full current assertion not executed: focused prerequisite failure blocks release evaluation; retirements/replacements retain the explicit inventory disposition.	verified_in_target	WIN+LNX	verified_in_target	C7-CARRY
1.10.10	ValidatePointers vs tree [V6-VERIFY-plan sec1 / inventory.md 1.10.10]	ValidatePointers vs tree	`TestValidatePointers` · checkpoint	internal/checkpoint	retained	result=implemented_unverified; Full current assertion not executed: focused prerequisite failure blocks release evaluation; retirements/replacements retain the explicit inventory disposition.	verified_in_target	WIN+LNX	verified_in_target	C7-CARRY
1.10.11	FocusInstructions verbatim [V6-VERIFY-plan sec1 / inventory.md 1.10.11]	FocusInstructions verbatim	`TestFocus*` · checkpoint	internal/checkpoint	retained	result=implemented_unverified; Full current assertion not executed: focused prerequisite failure blocks release evaluation; retirements/replacements retain the explicit inventory disposition.	verified_in_target	WIN+LNX	verified_in_target	C7-CARRY
1.10.12	injection tagging/strip [V6-VERIFY-plan sec1 / inventory.md 1.10.12]	injection tagging/strip	`TestInjectionTags` · checkpoint	internal/checkpoint	retained	result=implemented_unverified; Full current assertion not executed: focused prerequisite failure blocks release evaluation; retirements/replacements retain the explicit inventory disposition.	verified_in_target	WIN+LNX	verified_in_target	C7-CARRY
1.10.13	pins append-only + tombstone [V6-VERIFY-plan sec1 / inventory.md 1.10.13]	pins append-only + tombstone	`internal/pins/...`	internal/pins	retained	result=implemented_unverified; Full current assertion not executed: focused prerequisite failure blocks release evaluation; retirements/replacements retain the explicit inventory disposition.	verified_in_target	WIN+LNX	verified_in_target	C7-CARRY
1.10.14	PreCompact writes checkpoint [V6-VERIFY-plan sec1 / inventory.md 1.10.14]	PreCompact writes checkpoint	`TestE2E_Checkpoint*` · test/e2e	test/e2e;test	retained	result=implemented_unverified; Full current assertion not executed: focused prerequisite failure blocks release evaluation; retirements/replacements retain the explicit inventory disposition.	partial_verified	WIN+LE2E; pending P-LIVE (C4.3, UAT-03)	partial_verified	C7-CARRY; its P-LIVE and P-C55 parts run on candidate 7's frozen bundles (D57(c))
1.10.15	independent cadence [V6-VERIFY-plan sec1 / inventory.md 1.10.15]	independent cadence	`TestCadenceFinalizesWhenDraftReachesBudget`, `TestCadenceSealsNothingWhenNeitherConditionHolds` · daemon/checkpoint (note: `TestCadenceIsOffInDegradedPassive` → `TestE2E_CheckpointDegradedPassiveSealsNothing`)	internal/daemon;internal/checkpoint	renamed	result=implemented_unverified; Full current assertion not executed: focused prerequisite failure blocks release evaluation; retirements/replacements retain the explicit inventory disposition.	verified_in_target	WIN+LNX+LE2E	verified_in_target	C7-CARRY
1.10.16	B-E p99<2s PreCompact [V6-VERIFY-plan sec1 / inventory.md 1.10.16]	checkpoint budget (re-measure)	`bench-hotpath` B-E	internal/checkpoint;internal/pins (family default; no explicit pkg cited)	superseded-guarantee (E-2)	result=implemented_unverified; Full current assertion not executed: focused prerequisite failure blocks release evaluation; retirements/replacements retain the explicit inventory disposition.	verified_in_target	C51; quiet B-E passes on both OSes (C51: Windows p99 170.75 ms, CPU 31.25 ms, on AC; Linux 384.11 ms, CPU 7.76 ms; against 2000 ms). The B-E figures of X11's c6 Windows runs are not cited: those runs were on battery, invalid as reference measurements (X11-BAT, D57(d))	verified_in_target	C7-CARRY
1.10.17	checkpoint micro-benches [V6-VERIFY-plan sec1 / inventory.md 1.10.17]	checkpoint micro-benches	`BenchmarkFinalize/AdvanceSegment/ExtractDecisions`	internal/checkpoint;internal/pins (family default; no explicit pkg cited)	superseded-guarantee	result=implemented_unverified; Full current assertion not executed: focused prerequisite failure blocks release evaluation; retirements/replacements retain the explicit inventory disposition.	verified_in_target	C52; C52 measured and reported (diagnostic); C52 carry (D57(e)): measured on c5 0d06ab12; the one executed file that changed c5->c6 is the test helper internal/paths/pathstest/home.go, by comment lines only, and no changed _test.go file is executed, so the executed code is byte-identical (runs/c52-executed-files.txt and runs/c52-test-files.txt; the comment-only reading is wave 17b's, for the owner to ratify); checkpoint's own product changes (precompact.go, types.go) are not executed by its benchmarks (runs/c52-package-diffs-c5-to-c6.txt)	verified_in_target	C7-CARRY
1.10.18	residual-span reduction ≥30% [V6-VERIFY-plan sec1 / inventory.md 1.10.18]	residual-span reduction ≥30%	two replay --phase 4 runs (frontier toggle)	internal/checkpoint;internal/pins (family default; no explicit pkg cited)	superseded-guarantee/unknown	result=implemented_unverified; Full current assertion not executed: focused prerequisite failure blocks release evaluation; retirements/replacements retain the explicit inventory disposition.	unknown	D37(c): no step runs the two replay --phase 4 runs with the frontier toggled; not verified in target, no new harness before release	unknown	C7-CARRY
1.10.19	conformance/imports/coverage [V6-VERIFY-plan sec1 / inventory.md 1.10.19]	conformance/imports/coverage	checkpointtest/pinstest; RunPinsSuite	test/pinstest	retained	result=implemented_unverified; Full current assertion not executed: focused prerequisite failure blocks release evaluation; retirements/replacements retain the explicit inventory disposition.	verified_in_target	WIN+LNX	verified_in_target	C7-CARRY
1.11.1	eight-item order [V6-VERIFY-plan sec1 / inventory.md 1.11.1]	eight-item order	`TestBuild_ItemOrderInPayload` · rehydrate	internal/rehydrate	retained	result=implemented_unverified; Full current assertion not executed: focused prerequisite failure blocks release evaluation; retirements/replacements retain the explicit inventory disposition.	verified_in_target	WIN+LNX	verified_in_target	C7-CARRY
1.11.2	item 2 = L0 verbatim [V6-VERIFY-plan sec1 / inventory.md 1.11.2]	item 2 = L0 verbatim	`TestUserIntent_EarliestTurnOfThisSessionWins`, `_IgnoresOtherSessions` · rehydrate	internal/rehydrate	retained	result=implemented_unverified; Full current assertion not executed: focused prerequisite failure blocks release evaluation; retirements/replacements retain the explicit inventory disposition.	verified_in_target	WIN+LNX	verified_in_target	C7-CARRY
1.11.3	eliminations digest + standing instruction [V6-VERIFY-plan sec1 / inventory.md 1.11.3]	eliminations digest + standing instruction	`TestStandingInstruction_IsTheVerbatimSentence`, `_IsOneBareLine`; `TestEliminations_StaleRendersTheVerbatimNote` · rehydrate	internal/rehydrate	renamed	result=implemented_unverified; Full current assertion not executed: focused prerequisite failure blocks release evaluation; retirements/replacements retain the explicit inventory disposition.	verified_in_target	WIN+LNX	verified_in_target	C7-CARRY
1.11.4	pointers not contents [V6-VERIFY-plan sec1 / inventory.md 1.11.4]	pointers not contents	`TestPointers` · rehydrate	internal/rehydrate	retained	result=implemented_unverified; Full current assertion not executed: focused prerequisite failure blocks release evaluation; retirements/replacements retain the explicit inventory disposition.	verified_in_target	WIN+LNX	verified_in_target	C7-CARRY
1.11.5	drop report + persistence [V6-VERIFY-plan sec1 / inventory.md 1.11.5]	drop report + persistence	`TestDropReport*` · rehydrate	internal/rehydrate	retained	result=implemented_unverified; Full current assertion not executed: focused prerequisite failure blocks release evaluation; retirements/replacements retain the explicit inventory disposition.	verified_in_target	WIN+LNX	verified_in_target	C7-CARRY
1.11.6	rules PathScoped [V6-VERIFY-plan sec1 / inventory.md 1.11.6]	rules PathScoped	`TestRestored_PathScoped` · rules/rehydrate	internal/rules;internal/rehydrate	retained	result=implemented_unverified; Full current assertion not executed: focused prerequisite failure blocks release evaluation; retirements/replacements retain the explicit inventory disposition.	verified_in_target	WIN+LNX	verified_in_target	C7-CARRY
1.11.7	rules NestedClaudeMD [V6-VERIFY-plan sec1 / inventory.md 1.11.7]	rules NestedClaudeMD	`TestRestored_NestedClaudeMD` · rules	internal/rules	retained	result=implemented_unverified; Full current assertion not executed: focused prerequisite failure blocks release evaluation; retirements/replacements retain the explicit inventory disposition.	verified_in_target	WIN+LNX	verified_in_target	C7-CARRY
1.11.8	skills index budget, no literal 450 [V6-VERIFY-plan sec1 / inventory.md 1.11.8]	skills index budget, no literal 450	`TestSkillIndex_*`, `TestIndex_DescriptionFallsBackToFirstBodyLine` · skills	internal/skills	retained	result=implemented_unverified; Full current assertion not executed: focused prerequisite failure blocks release evaluation; retirements/replacements retain the explicit inventory disposition.	verified_in_target	WIN+LNX	verified_in_target	C7-CARRY
1.11.9	injection tagging seq [V6-VERIFY-plan sec1 / inventory.md 1.11.9]	injection tagging seq	`TestBuild_InjectionTagging` · rehydrate	internal/rehydrate	retained	result=implemented_unverified; Full current assertion not executed: focused prerequisite failure blocks release evaluation; retirements/replacements retain the explicit inventory disposition.	verified_in_target	WIN+LNX	verified_in_target	C7-CARRY
1.11.10	budget 8–12K < stock [V6-VERIFY-plan sec1 / inventory.md 1.11.10]	budget 8–12K < stock	`TestBuild_NeverExceedsMaxTokens`, `_SmallerThanStock`, `PropBuild_MonotoneInBudget` · rehydrate	internal/rehydrate	retained	result=implemented_unverified; Full current assertion not executed: focused prerequisite failure blocks release evaluation; retirements/replacements retain the explicit inventory disposition.	verified_in_target	WIN+LNX	verified_in_target	C7-CARRY
1.11.11	checkpoint-as-fallback [V6-VERIFY-plan sec1 / inventory.md 1.11.11]	checkpoint-as-fallback	`TestBuild_NoTranscriptRead_ClosesG75`; `TestE2E_SessionStartCompactAfterFailedSummary`	internal/rehydrate;internal/rules;internal/skills (family default; no explicit pkg cited)	retained	result=implemented_unverified; Full current assertion not executed: focused prerequisite failure blocks release evaluation; retirements/replacements retain the explicit inventory disposition.	partial_verified	WIN+LNX+LE2E; pending P-LIVE (C4.3, UAT-04)	partial_verified	C7-CARRY; its P-LIVE and P-C55 parts run on candidate 7's frozen bundles (D57(c))
1.11.12	SessionStart compact/clear wired [V6-VERIFY-plan sec1 / inventory.md 1.11.12]	SessionStart compact/clear wired	`TestE2E_SessionStartCompactUnderBudget` · test/e2e	test/e2e;test	retained	result=implemented_unverified; Full current assertion not executed: focused prerequisite failure blocks release evaluation; retirements/replacements retain the explicit inventory disposition.	partial_verified	WIN+LE2E+CHILD; pending P-LIVE (C4.3, UAT-03, UAT-05)	partial_verified	C7-CARRY; its P-LIVE and P-C55 parts run on candidate 7's frozen bundles (D57(c))
1.11.13	degraded-passive emits nothing [V6-VERIFY-plan sec1 / inventory.md 1.11.13]	degraded-passive emits nothing	`TestService_DegradedPassiveEmitsNothing` · daemon	internal/daemon	retained	result=implemented_unverified; Full current assertion not executed: focused prerequisite failure blocks release evaluation; retirements/replacements retain the explicit inventory disposition.	verified_in_target	WIN+LNX	verified_in_target	C7-CARRY
1.11.14	Reporter satisfies mcp.DropReporter [V6-VERIFY-plan sec1 / inventory.md 1.11.14]	Reporter satisfies mcp.DropReporter	`TestE2E_DropReporterSatisfiesMCP` · test/e2e	test/e2e;test	renamed	result=implemented_unverified; Full current assertion not executed: focused prerequisite failure blocks release evaluation; retirements/replacements retain the explicit inventory disposition.	verified_in_target	WIN+LE2E	verified_in_target	C7-CARRY
1.11.15	Phase-3 exit [V6-VERIFY-plan sec1 / inventory.md 1.11.15]	Phase-3 exit	`TestPhase3` · test/replay	test/replay;test	superseded-guarantee	result=implemented_unverified; Full current assertion not executed: focused prerequisite failure blocks release evaluation; retirements/replacements retain the explicit inventory disposition.	verified_in_target	WIN+LNX	verified_in_target	C7-CARRY
1.11.16	L5 latency budgets [V6-VERIFY-plan sec1 / inventory.md 1.11.16]	L5 latency budgets	rehydrate/rules/skills benches	internal/rehydrate;internal/rules;internal/skills (family default; no explicit pkg cited)	superseded-guarantee	result=implemented_unverified; Full current assertion not executed: focused prerequisite failure blocks release evaluation; retirements/replacements retain the explicit inventory disposition.	partial_verified	C52; C52 measured rules BenchmarkPathScoped and skills BenchmarkIndex; C52 carry (D57(e)): measured on c5 0d06ab12; no file the benchmark executes changed c5->c6, product or _test.go (runs/c52-executed-files.txt and runs/c52-test-files.txt); internal/rehydrate has no benchmark, so the rehydrate share of L5 latency has no artifact	partial_verified	C7-CARRY
1.11.17	conformance/imports/coverage [V6-VERIFY-plan sec1 / inventory.md 1.11.17]	conformance/imports/coverage	rehydratetest; lint/cover	internal/rehydrate;internal/rules;internal/skills (family default; no explicit pkg cited)	retained	result=implemented_unverified; Full current assertion not executed: focused prerequisite failure blocks release evaluation; retirements/replacements retain the explicit inventory disposition.	verified_in_target	WIN+GATE+COVER	verified_in_target	C7-CARRY
1.12.1	Evaluate pure [V6-VERIFY-plan sec1 / inventory.md 1.12.1]	Evaluate pure	`internal/scheduler/...`	internal/scheduler	retained	result=implemented_unverified; Full current assertion not executed: focused prerequisite failure blocks release evaluation; retirements/replacements retain the explicit inventory disposition.	verified_in_target	WIN+LNX	verified_in_target	C7-CARRY
1.12.2	composite trigger 4 clauses [V6-VERIFY-plan sec1 / inventory.md 1.12.2]	composite trigger 4 clauses	`TestEvaluate_BelowSoftFloor_NoCompact`, `_Changepoint_Fires`, `_YoungDaly_Fires`, `_HardCeiling_Fires_UrgencyNow`, `_IdleColdCache_Fires` · scheduler	internal/scheduler	renamed	result=implemented_unverified; Full current assertion not executed: focused prerequisite failure blocks release evaluation; retirements/replacements retain the explicit inventory disposition.	verified_in_target	WIN+LNX	verified_in_target	C7-CARRY
1.12.3	soft-floor/hard-ceiling from config [V6-VERIFY-plan sec1 / inventory.md 1.12.3]	soft-floor/hard-ceiling from config	`TestSoftFloor_55PctOfEffectiveWindow`, `TestHardCeiling_OneTurnBelowHostThreshold`, `TestSoftFloorBelowHardCeiling_Property` · scheduler	internal/scheduler	renamed	result=implemented_unverified; Full current assertion not executed: focused prerequisite failure blocks release evaluation; retirements/replacements retain the explicit inventory disposition.	verified_in_target	WIN+LNX	verified_in_target	C7-CARRY
1.12.4	p-selection argmax [V6-VERIFY-plan sec1 / inventory.md 1.12.4]	p-selection argmax	`TestChooseP_TieBreakLatestWhenWarmDeepestWhenCold`, `_EmptyReturnsNotOK` · scheduler	internal/scheduler	renamed	result=implemented_unverified; Full current assertion not executed: focused prerequisite failure blocks release evaluation; retirements/replacements retain the explicit inventory disposition.	verified_in_target	WIN+LNX	verified_in_target	C7-CARRY
1.12.5	sliding-TTL idle model [V6-VERIFY-plan sec1 / inventory.md 1.12.5]	sliding-TTL idle model	`TestTTL*`, `PropCacheFactor_MonotoneDecreasing` · scheduler	internal/scheduler	retained	result=implemented_unverified; Full current assertion not executed: focused prerequisite failure blocks release evaluation; retirements/replacements retain the explicit inventory disposition.	verified_in_target	WIN+LNX	verified_in_target	C7-CARRY
1.12.6	Young–Daly measured δ [V6-VERIFY-plan sec1 / inventory.md 1.12.6]	Young–Daly measured δ	`TestYoungDaly_Formula`, `_UnmeasuredDeltaDisablesClause`, `_NoBaselineDisablesClause` (replaces `TestRecordCompactionCost`) · scheduler	internal/scheduler	renamed	result=implemented_unverified; Full current assertion not executed: focused prerequisite failure blocks release evaluation; retirements/replacements retain the explicit inventory disposition.	verified_in_target	WIN+LNX	verified_in_target	C7-CARRY
1.12.7	BOCD over paths/tools/time [V6-VERIFY-plan sec1 / inventory.md 1.12.7]	BOCD over paths/tools/time	`TestBOCD*`, `TestBOCD_UnmarshalRejectsCorruption` · scheduler	internal/scheduler	retained	result=implemented_unverified; Full current assertion not executed: focused prerequisite failure blocks release evaluation; retirements/replacements retain the explicit inventory disposition.	verified_in_target	WIN+LNX	verified_in_target	C7-CARRY
1.12.8	droppable-block ranking [V6-VERIFY-plan sec1 / inventory.md 1.12.8]	droppable-block ranking	`TestDropClassOf`/`TestClassifyDrop` · scheduler/daemon	internal/scheduler;internal/daemon	retained	result=implemented_unverified; Full current assertion not executed: focused prerequisite failure blocks release evaluation; retirements/replacements retain the explicit inventory disposition.	verified_in_target	WIN+LNX	verified_in_target	C7-CARRY
1.12.9	six idle tasks [V6-VERIFY-plan sec1 / inventory.md 1.12.9]	six idle tasks	`TestIdleTasks`; `TestDaemonIdleRunsSchedulerWork` · daemon/e2e	internal/daemon	renamed	result=implemented_unverified; Full current assertion not executed: focused prerequisite failure blocks release evaluation; retirements/replacements retain the explicit inventory disposition.	verified_in_target	WIN+LNX+LE2E	verified_in_target	C7-CARRY
1.12.10	acting idle task suppressed [V6-VERIFY-plan sec1 / inventory.md 1.12.10]	acting idle task suppressed	`TestIdleActingTaskSkippedInDegradedPassive` · daemon	internal/daemon	retained	result=implemented_unverified; Full current assertion not executed: focused prerequisite failure blocks release evaluation; retirements/replacements retain the explicit inventory disposition.	verified_in_target	WIN+LNX	verified_in_target	C7-CARRY
1.12.11	O5 frontier advancement [V6-VERIFY-plan sec1 / inventory.md 1.12.11]	O5 frontier advancement	`TestAdvanceFrontier*` · daemon	internal/daemon	retained	result=implemented_unverified; Full current assertion not executed: focused prerequisite failure blocks release evaluation; retirements/replacements retain the explicit inventory disposition.	verified_in_target	WIN+LNX	verified_in_target	C7-CARRY
1.12.12	persistence/self-heal [V6-VERIFY-plan sec1 / inventory.md 1.12.12]	persistence/self-heal	`TestRuntime_CorruptStateFilesSelfHeal` · daemon (replaces `TestStateCorrupt`)	internal/daemon	renamed	result=implemented_unverified; Full current assertion not executed: focused prerequisite failure blocks release evaluation; retirements/replacements retain the explicit inventory disposition.	verified_in_target	WIN+LNX	verified_in_target	C7-CARRY
1.12.13	event path end-to-end [V6-VERIFY-plan sec1 / inventory.md 1.12.13]	event path end-to-end	`TestWrapServices_*`; `TestDaemonIdleRunsSchedulerWork`	internal/scheduler (family default; no explicit pkg cited)	renamed	result=implemented_unverified; Full current assertion not executed: focused prerequisite failure blocks release evaluation; retirements/replacements retain the explicit inventory disposition.	verified_in_target	WIN+LNX+LE2E	verified_in_target	C7-CARRY
1.12.14	scheduler off hot path; B-A<15ms unchanged [V6-VERIFY-plan sec1 / inventory.md 1.12.14]	scheduler off hot path; B-A<15ms unchanged	`TestSchedulerNotOnHotPath`; bench-hotpath	internal/scheduler (family default; no explicit pkg cited)	retained + superseded-guarantee(E-2)	result=implemented_unverified; Full current assertion not executed: focused prerequisite failure blocks release evaluation; retirements/replacements retain the explicit inventory disposition.	partial_verified	WIN+LNX+C51+X11-E1; structural half TestSchedulerNotOnHotPath green (WIN, LNX); Windows B-A half verified on the designated quiet C5.1 run on AC (D57(e)): C51 B-A p99 30.72 ms against 50, corroborated by X11-E1 (B-A p99 36.9 ms, 3/3); the c6 battery runs are not counted (X11-BAT, D57(d)). Open half: Linux B-A is not verified in target (D53(b))	partial_verified	C7-CARRY
1.12.15	PSelectionAvailable gate [V6-VERIFY-plan sec1 / inventory.md 1.12.15]	PSelectionAvailable gate	`TestPSelectionAvailable` · scheduler/daemon	internal/scheduler;internal/daemon	retained	result=implemented_unverified; Full current assertion not executed: focused prerequisite failure blocks release evaluation; retirements/replacements retain the explicit inventory disposition.	verified_in_target	WIN+LNX	verified_in_target	C7-CARRY
1.12.16	Phase-4 exit [V6-VERIFY-plan sec1 / inventory.md 1.12.16]	Phase-4 exit	`TestPhase4` · test/replay	test/replay;test	superseded-guarantee	result=implemented_unverified; Full current assertion not executed: focused prerequisite failure blocks release evaluation; retirements/replacements retain the explicit inventory disposition.	verified_in_target	WIN+LNX	verified_in_target	C7-CARRY
1.12.17	scheduler benches [V6-VERIFY-plan sec1 / inventory.md 1.12.17]	scheduler benches	`BenchmarkEvaluate` etc.	internal/scheduler (family default; no explicit pkg cited)	superseded-guarantee	result=implemented_unverified; Full current assertion not executed: focused prerequisite failure blocks release evaluation; retirements/replacements retain the explicit inventory disposition.	partial_verified	C52; C52 measured the internal/scheduler benches and the daemon's scheduler_bench_test.go benches on c5. The internal/scheduler benches carry: C52 carry (D57(e)): measured on c5 0d06ab12; no file the benchmark executes changed c5->c6, product or _test.go (runs/c52-executed-files.txt and runs/c52-test-files.txt). The five daemon benches execute internal/core/toolnames.go, which gained CutHostPluginTool c5->c6; no executed block covers a changed line, but D57(e) asks for the file byte-unchanged, so the c5 figure does not carry (runs/c52-executed-files.txt), and their test binary runs the package initializer of precompact_settle_retry_test.go, new c5->c6 (errInjectedSpoolLock, runs/c52-test-files.txt); pending P-C52R (a quiet C5.2 re-run on c7) of the daemon scheduler benches, or a coordinator ruling that covers both an appended, unexecuted function and a new, unreached package-level initializer in a test file. The map's internal/hostperm BenchmarkEvaluate is a name collision, not a scheduler bench, and its c5 figure does not carry (hostperm/policy.go changed)	partial_verified	C7-CARRY; its P-C52R part (a quiet C5.2 re-run) runs on c7's code
1.12.18	conformance/imports/coverage [V6-VERIFY-plan sec1 / inventory.md 1.12.18]	conformance/imports/coverage	schedulertest; lint/cover	internal/scheduler (family default; no explicit pkg cited)	retained	result=implemented_unverified; Full current assertion not executed: focused prerequisite failure blocks release evaluation; retirements/replacements retain the explicit inventory disposition.	verified_in_target	WIN+GATE+COVER	verified_in_target	C7-CARRY
1.13.1	JSON-RPC stdio server [V6-VERIFY-plan sec1 / inventory.md 1.13.1]	JSON-RPC stdio server	`internal/mcp/...`	internal/mcp	retained	result=implemented_unverified; Full current assertion not executed: focused prerequisite failure blocks release evaluation; retirements/replacements retain the explicit inventory disposition.	verified_in_target	WIN+LNX	verified_in_target	C7-CARRY
1.13.2	eight tools registered [V6-VERIFY-plan sec1 / inventory.md 1.13.2]	eight tools registered	`TestToolsList` · mcp	internal/mcp	retained	result=implemented_unverified; Full current assertion not executed: focused prerequisite failure blocks release evaluation; retirements/replacements retain the explicit inventory disposition.	verified_in_target	WIN+LNX	verified_in_target	C7-CARRY
1.13.3	recall vs real store [V6-VERIFY-plan sec1 / inventory.md 1.13.3]	recall vs real store	`TestRecall` · mcp	internal/mcp	retained	result=implemented_unverified; Full current assertion not executed: focused prerequisite failure blocks release evaluation; retirements/replacements retain the explicit inventory disposition.	verified_in_target	WIN+LNX	verified_in_target	C7-CARRY
1.13.4	expand re-materializes [V6-VERIFY-plan sec1 / inventory.md 1.13.4]	expand re-materializes	`TestExpand` · mcp || LANDED verify/v6 (c9b5251 enforce archive origin checks + redact metadata): TestV6_LostFilePathDoesNotBecomePathlessAuthority, TestV6_DedupDoesNotLaunderARestrictedHash, TestV6_HashRefusesStoreWithoutProvenance / mcp — historical execution=FAILED; fix committed, implemented_unverified pending Main's security re-run on the candidate	internal/mcp;internal/mcp/authorize.go;internal/mcp/handlers.go;internal/mcp/handlers_common.go;internal/mcp/authorize_v6_test.go	retained	result=failed; runs=security-regressions-original;security-real-capture; ID after lost path and root/chunk hashes after real capture violate authorization. || execution.tsv=FAILED (V6-AUTH-1/2). EARLIER-HANDOFF archive-provenance/authorization fix now present in mcp; implemented_unverified pending Main's security re-run.	partial_verified	WIN+LNX; the historical V6-AUTH FAIL is cleared for the automated half: test/security and the internal/mcp TestV6_* suites pass on c6 on Windows, Linux and macOS (WIN, LNX); the real-session half is pending; pending P-LIVE (C4.4, C4.6, UAT-12)	partial_verified	C7-CARRY; its P-LIVE and P-C55 parts run on candidate 7's frozen bundles (D57(c))
1.13.5	re_read current/historical [V6-VERIFY-plan sec1 / inventory.md 1.13.5]	re_read current/historical	`TestReRead`, `TestReReadFallsBackToStoreWhenFileDeleted` · mcp || LANDED verify/v6 (00e0c98 capture-scope refusal): +capture-scope guard tests / cli,observer,hookio (see notes N-CAP) — implemented_unverified on candidate	internal/mcp;internal/mcp/handlers.go;internal/cli/capture_scope_v6_test.go;internal/observer/capture_scope_v6_test.go	retained	result=implemented_unverified; Full current assertion not executed: focused prerequisite failure blocks release evaluation; retirements/replacements retain the explicit inventory disposition. || EARLIER-HANDOFF capture-scope containment strengthens re_read authorization; implemented_unverified.	partial_verified	WIN+LNX; automated half green on c6 (D7 deny-rule honouring, capture-scope suites); the real-session half is pending; pending P-LIVE (C4.4, C4.6, UAT-12)	partial_verified	C7-CARRY; its P-LIVE and P-C55 parts run on candidate 7's frozen bundles (D57(c))
1.13.6	already_tried three-way [V6-VERIFY-plan sec1 / inventory.md 1.13.6]	already_tried three-way	`TestAlreadyTried` · mcp	internal/mcp	retained	result=implemented_unverified; Full current assertion not executed: focused prerequisite failure blocks release evaluation; retirements/replacements retain the explicit inventory disposition.	verified_in_target	WIN+LNX	verified_in_target	C7-CARRY
1.13.7	record_eliminated through ledger [V6-VERIFY-plan sec1 / inventory.md 1.13.7]	record_eliminated through ledger	`TestRecordEliminated` · mcp	internal/mcp	retained	result=implemented_unverified; Full current assertion not executed: focused prerequisite failure blocks release evaluation; retirements/replacements retain the explicit inventory disposition.	verified_in_target	WIN+LNX	verified_in_target	C7-CARRY
1.13.8	timeline returns segments [V6-VERIFY-plan sec1 / inventory.md 1.13.8]	timeline returns segments	`TestTimeline` · mcp	internal/mcp	retained	result=implemented_unverified; Full current assertion not executed: focused prerequisite failure blocks release evaluation; retirements/replacements retain the explicit inventory disposition.	verified_in_target	WIN+LNX	verified_in_target	C7-CARRY
1.13.9	why vs ExtractDecisions [V6-VERIFY-plan sec1 / inventory.md 1.13.9]	why vs ExtractDecisions	`TestWhy` · mcp	internal/mcp	retained	result=implemented_unverified; Full current assertion not executed: focused prerequisite failure blocks release evaluation; retirements/replacements retain the explicit inventory disposition.	verified_in_target	WIN+LNX	verified_in_target	C7-CARRY
1.13.10	dropped vs DropReporter [V6-VERIFY-plan sec1 / inventory.md 1.13.10]	dropped vs DropReporter	`TestDropped` · mcp	internal/mcp	retained	result=implemented_unverified; Full current assertion not executed: focused prerequisite failure blocks release evaluation; retirements/replacements retain the explicit inventory disposition.	verified_in_target	WIN+LNX	verified_in_target	C7-CARRY
1.13.11	ephemeral-at-birth (7 tools) [V6-VERIFY-plan sec1 / inventory.md 1.13.11]	ephemeral-at-birth (7 tools)	`TestEphemeral` · mcp	internal/mcp	retained	result=implemented_unverified; Full current assertion not executed: focused prerequisite failure blocks release evaluation; retirements/replacements retain the explicit inventory disposition.	verified_in_target	WIN+LNX	verified_in_target	C7-CARRY
1.13.12	minimal-span + full escape [V6-VERIFY-plan sec1 / inventory.md 1.13.12]	minimal-span + full escape	`TestSpan*`, `PropPagingReconstructs` · mcp	internal/mcp	retained	result=implemented_unverified; Full current assertion not executed: focused prerequisite failure blocks release evaluation; retirements/replacements retain the explicit inventory disposition.	verified_in_target	WIN+LNX	verified_in_target	C7-CARRY
1.13.13	promoter counts expansions [V6-VERIFY-plan sec1 / inventory.md 1.13.13]	promoter counts expansions	`TestNoteExpansion`/`TestPromoted*` · mcp	internal/mcp	retained	result=implemented_unverified; Full current assertion not executed: focused prerequisite failure blocks release evaluation; retirements/replacements retain the explicit inventory disposition.	verified_in_target	WIN+LNX	verified_in_target	C7-CARRY
1.13.14	mcp.server_registered real [V6-VERIFY-plan sec1 / inventory.md 1.13.14]	mcp.server_registered real	producer declared `options.go:352` (`if MCPInitialized`); `TestMCPInitializedSeamFlipsAfterInitialize`, `TestInitializedWritesContractHistory` · daemon; `checkMCPServerRegistered` · contract	internal/daemon;internal/contract	retained — real-obs NOT-RUN (F-2)	result=implemented_unverified; Full current assertion not executed: focused prerequisite failure blocks release evaluation; retirements/replacements retain the explicit inventory disposition.	partial_verified	WIN+LNX; producer and seam tests green on c6; real mcp.server_registered observation (F-2) needs a real session: pending P-LIVE (C4.4 sessions run the MCP server)	partial_verified	C7-CARRY; its P-LIVE and P-C55 parts run on candidate 7's frozen bundles (D57(c))
1.13.15	panic isolation/hostile input [V6-VERIFY-plan sec1 / inventory.md 1.13.15]	panic isolation/hostile input	`TestHandlerPanicIsolated`, `TestDispatchIsolatesHandlerPanic`, `TestMalformedJSONReturnsParseErrorAndKeepsServing`, `FuzzServeLine` · mcp	internal/mcp	renamed	result=implemented_unverified; Full current assertion not executed: focused prerequisite failure blocks release evaluation; retirements/replacements retain the explicit inventory disposition.	verified_in_target	WIN+LNX+FUZZ	verified_in_target	C7-CARRY
1.13.16	B-F p95<250ms [V6-VERIFY-plan sec1 / inventory.md 1.13.16]	mcp budget (re-measure)	`TestBudgetBF` · mcp	internal/mcp	superseded-guarantee(E-2)	result=implemented_unverified; Full current assertion not executed: focused prerequisite failure blocks release evaluation; retirements/replacements retain the explicit inventory disposition.	verified_in_target	WTIME+LTIME; TestBudgetBF passes in WTIME and LTIME on c6 (a pre-existing red on develop, now green on both)	verified_in_target	C7-CARRY
1.13.17	docs from tool table [V6-VERIFY-plan sec1 / inventory.md 1.13.17]	docs from tool table	`TestGenMCPDocsCheckDetectsDrift`, `TestMCPToolsDocsUpToDate` · tools/devtool	tools/devtool;tools	renamed	result=partial_verified; runs=docs-integrated; Source-derived MCP docs checks; not every documented command against installed host.	partial_verified	WIN+GATE+DOCS; generator and drift tests green (WIN), gen-mcp-docs --check clean (GATE, DOCS); the installed-host half, every documented tool checked against the installed host, is pending P-LIVE (C4.4)	partial_verified	C7-CARRY; its P-LIVE and P-C55 parts run on candidate 7's frozen bundles (D57(c))
1.13.18	conformance/imports/coverage [V6-VERIFY-plan sec1 / inventory.md 1.13.18]	conformance/imports/coverage	mcptest; lint/cover	internal/mcp (family default; no explicit pkg cited)	retained	result=implemented_unverified; Full current assertion not executed: focused prerequisite failure blocks release evaluation; retirements/replacements retain the explicit inventory disposition.	verified_in_target	WIN+GATE+COVER	verified_in_target	C7-CARRY
1.14.1	seven commands order [V6-VERIFY-plan sec1 / inventory.md 1.14.1]	seven commands order	`commands.Names()`; `TestNames`/`TestSpecs_*` · commands	internal/commands	retained	result=implemented_unverified; Full current assertion not executed: focused prerequisite failure blocks release evaluation; retirements/replacements retain the explicit inventory disposition.	verified_in_target	WIN+LNX; D36: six commands ship; wantCommands in internal/commands is the six (status, recall, pin, why, dropped, eval)	verified_in_target	C7-CARRY
1.14.2	status renders 11 sections [V6-VERIFY-plan sec1 / inventory.md 1.14.2]	status renders 11 sections	`TestRenderStatus_Golden`, `_JSONGolden`, `_NeverPrintsAZeroForAnAbsentMeasurement` · commands	internal/commands	renamed	result=implemented_unverified; Full current assertion not executed: focused prerequisite failure blocks release evaluation; retirements/replacements retain the explicit inventory disposition.	verified_in_target	WIN+LNX	verified_in_target	C7-CARRY
1.14.3	no 2nd retrieval impl [V6-VERIFY-plan sec1 / inventory.md 1.14.3]	no 2nd retrieval impl	`TestRetrieval_NoServerIsUnavailableNotEmpty`, `TestRetrieval_UnregisteredToolIsUnavailable` · commands	internal/commands	renamed	result=implemented_unverified; Full current assertion not executed: focused prerequisite failure blocks release evaluation; retirements/replacements retain the explicit inventory disposition.	verified_in_target	WIN+LNX	verified_in_target	C7-CARRY
1.14.4	pin/pin --eliminated [V6-VERIFY-plan sec1 / inventory.md 1.14.4]	pin/pin --eliminated	`TestPin*`, `TestPin_AgentClaimIsNotUpgradedToAUserInstruction` · commands	internal/commands	retained	result=implemented_unverified; Full current assertion not executed: focused prerequisite failure blocks release evaluation; retirements/replacements retain the explicit inventory disposition.	verified_in_target	WIN+LNX	verified_in_target	C7-CARRY
1.14.5	checkpoint-now DPI [V6-VERIFY-plan sec1 / inventory.md 1.14.5]	checkpoint-now DPI	`TestCheckpoint_NeverRequestsNativeCompaction`, `_TransportFailureStillReportsAndDoesNotClaimSuccess`, `_WithoutARouteIsUnavailable` · commands	internal/commands	renamed	result=implemented_unverified; Full current assertion not executed: focused prerequisite failure blocks release evaluation; retirements/replacements retain the explicit inventory disposition.	unsupported	WIN+LNX; retired by D36(a): 0.3.0 ships no manual checkpoint, /qompack:checkpoint is removed with exit criterion SP14-M3-01 and its three TestCheckpoint_* tests; TestAll_CoversEverySlashCommand pins the six on c6 (WIN, LNX); the c6 lane's C4.5 (P-LIVE) runs the six in a real session	unsupported	C7-CARRY; its P-LIVE and P-C55 parts run on candidate 7's frozen bundles (D57(c))
1.14.6	eval reports OPT/secondaries [V6-VERIFY-plan sec1 / inventory.md 1.14.6]	eval reports OPT/secondaries	`TestEval_TaskAndRecoveryLeadNotFractionOfOPT`, `_MissingUsageIsUnknownNotZero`, `_CheapWrongResultCannotPass` · commands	internal/commands	renamed	result=implemented_unverified; Full current assertion not executed: focused prerequisite failure blocks release evaluation; retirements/replacements retain the explicit inventory disposition.	partial_verified	WIN+LNX; reporting-rule unit tests green (WIN, LNX); the live trials are pending P-C55 (D53(g))	partial_verified	C7-CARRY; its P-LIVE and P-C55 parts run on candidate 7's frozen bundles (D57(c))
1.14.7	uniform --json envelope + help [V6-VERIFY-plan sec1 / inventory.md 1.14.7]	uniform --json envelope + help	`TestEnvelope_CarriesSchemaAndCommand`, `TestRun_HelpFlagPrintsHelpAndSucceeds`, `TestRun_JSONEnvelopeCarriesTheError` · commands	internal/commands	renamed	result=implemented_unverified; Full current assertion not executed: focused prerequisite failure blocks release evaluation; retirements/replacements retain the explicit inventory disposition.	verified_in_target	WIN+LNX	verified_in_target	C7-CARRY
1.14.8	deterministic ANSI-free render [V6-VERIFY-plan sec1 / inventory.md 1.14.8]	deterministic ANSI-free render	`TestRenderStatus_IsDeterministic`, `_CarriesNoANSI` · commands	internal/commands	renamed	result=implemented_unverified; Full current assertion not executed: focused prerequisite failure blocks release evaluation; retirements/replacements retain the explicit inventory disposition.	verified_in_target	WIN+LNX	verified_in_target	C7-CARRY
1.14.9	manifest≡binary≡docs [V6-VERIFY-plan sec1 / inventory.md 1.14.9]	manifest≡binary≡docs	`TestGenCommandDocs_*` · tools/devtool	tools/devtool;tools	renamed	result=implemented_unverified; Full current assertion not executed: focused prerequisite failure blocks release evaluation; retirements/replacements retain the explicit inventory disposition.	verified_in_target	WIN+DOCS	verified_in_target	C7-CARRY
1.14.10	conformance/benches/coverage [V6-VERIFY-plan sec1 / inventory.md 1.14.10]	conformance/benches/coverage	commandstest; `BenchmarkRenderStatus` etc.	internal/commands (family default; no explicit pkg cited)	retained/superseded-guarantee	result=implemented_unverified; Full current assertion not executed: focused prerequisite failure blocks release evaluation; retirements/replacements retain the explicit inventory disposition.	partial_verified	COVER; coverage half green (COVER); no commandstest conformance package and no internal/commands benchmark exist, so those halves have no artifact	partial_verified	C7-CARRY
1.15.1	cheap Δ-scorer [0,1] [V6-VERIFY-plan sec1 / inventory.md 1.15.1]	cheap Δ-scorer [0,1]	`TestCheapScorer_EveryBlockIsScoredInTheUnitInterval`, `_IsDeterministic` · analyzer	internal/analyzer	renamed	result=implemented_unverified; Full current assertion not executed: focused prerequisite failure blocks release evaluation; retirements/replacements retain the explicit inventory disposition.	verified_in_target	WIN+LNX	verified_in_target	C7-CARRY
1.15.2	Δ ranks negknow highest [V6-VERIFY-plan sec1 / inventory.md 1.15.2]	Δ ranks negknow highest	`TestCheapScorer_ACoveringContinuationOutscoresAnEmptyOne` (+ `TestPropose_AnAuthoritativeEliminationIsCarriedWithItsOwnEvidence`) · analyzer	internal/analyzer	renamed/verify (F-3)	result=implemented_unverified; Full current assertion not executed: focused prerequisite failure blocks release evaluation; retirements/replacements retain the explicit inventory disposition.	verified_in_target	WIN+LNX	verified_in_target	C7-CARRY
1.15.3	DetectRedundancy superseded+near-dup [V6-VERIFY-plan sec1 / inventory.md 1.15.3]	DetectRedundancy superseded+near-dup	`TestDetectRedundancy_HonoursTheStoresOwnSupersededStatus`, `_NearDuplicatesAreCandidatesNotEquivalence` · analyzer	internal/analyzer	renamed	result=implemented_unverified; Full current assertion not executed: focused prerequisite failure blocks release evaluation; retirements/replacements retain the explicit inventory disposition.	verified_in_target	WIN+LNX	verified_in_target	C7-CARRY
1.15.4	suffix constraint structural [V6-VERIFY-plan sec1 / inventory.md 1.15.4]	suffix constraint structural	`TestNewSelector_RefusesABlockBeforeP`, `TestSelect_NothingBeforePIsEverKept`, `TestPropose_RunsTheConstructorPosGuard` · analyzer	internal/analyzer	renamed	result=implemented_unverified; Full current assertion not executed: focused prerequisite failure blocks release evaluation; retirements/replacements retain the explicit inventory disposition.	verified_in_target	WIN+LNX	verified_in_target	C7-CARRY
1.15.5	ship-order guard inert w/o p-sel [V6-VERIFY-plan sec1 / inventory.md 1.15.5]	ship-order guard inert w/o p-sel	`TestNewSelector_ShipOrderGateDecidesTheLegalCandidateSet`, `TestSelector_SelectIsRealBehindTheGate`, `TestPropose_RunsTheShipOrderGuard` · analyzer	internal/analyzer	renamed	result=implemented_unverified; Full current assertion not executed: focused prerequisite failure blocks release evaluation; retirements/replacements retain the explicit inventory disposition.	verified_in_target	WIN+LNX	verified_in_target	C7-CARRY
1.15.6	submodular lazy-greedy (1−1/e) bound [V6-VERIFY-plan sec1 / inventory.md 1.15.6]	submodular lazy-greedy (1−1/e) bound	`TestSelect_LazyGreedyPrunesEvaluationsWithoutChangingTheAnswer` · analyzer; submodular ships DISABLED (`SubmodularEnabled:false`); explicit `PropGuaranteeUnitCost/Knapsack` not found under historical names	internal/analyzer	superseded/unsupported — see F-3	result=implemented_unverified; Full current assertion not executed: focused prerequisite failure blocks release evaluation; retirements/replacements retain the explicit inventory disposition.	unsupported	WIN+LNX; F-3: the (1-1/e) guarantee is retired; the held substance TestSelect_LazyGreedyPrunesEvaluationsWithoutChangingTheAnswer is green on c6 (WIN, LNX) and submodular selection ships disabled	unsupported	C7-CARRY
1.15.7	ephemeral results rank first [V6-VERIFY-plan sec1 / inventory.md 1.15.7]	ephemeral results rank first	representation choice now in `TestPropose_ChoosesAtMostOneRepresentationPerItem`; native ephemeral-eviction retired per current §3.5	internal/analyzer;internal/grammar (family default; no explicit pkg cited)	replaced (E-1/§3.5)	result=implemented_unverified; Full current assertion not executed: focused prerequisite failure blocks release evaluation; retirements/replacements retain the explicit inventory disposition.	unsupported	WIN+LNX; E-1/section 3.5: native ephemeral eviction is retired; its replacement TestPropose_ChoosesAtMostOneRepresentationPerItem is green on c6 (WIN, LNX)	unsupported	C7-CARRY
1.15.8	Sequitur invariants online [V6-VERIFY-plan sec1 / inventory.md 1.15.8]	Sequitur invariants online	`Prop*` · grammar (`internal/grammar`)	internal/grammar	retained	result=implemented_unverified; Full current assertion not executed: focused prerequisite failure blocks release evaluation; retirements/replacements retain the explicit inventory disposition.	verified_in_target	WIN+LNX; the executed evidence is TestSequitur_InvariantsHoldAfterEveryAppend (internal/grammar), green in WIN and LNX; the symbol column's `Prop*` names no grammar test, and symidx.py's match of internal/analyzer Propose was a false positive (runs/map-symbols-at-c6.txt)	verified_in_target	C7-CARRY
1.15.9	thrash detection + warning [V6-VERIFY-plan sec1 / inventory.md 1.15.9]	thrash detection + warning	`TestSequitur_ThrashThreshold`, `_ThrashIgnoresUnrepeatedWork`, `TestFormatWarning`, `TestDetector_RendersThroughFormatWarning` · grammar	internal/grammar	renamed	result=implemented_unverified; Full current assertion not executed: focused prerequisite failure blocks release evaluation; retirements/replacements retain the explicit inventory disposition.	verified_in_target	WIN+LNX	verified_in_target	C7-CARRY
1.15.10	versioned CRC codec [V6-VERIFY-plan sec1 / inventory.md 1.15.10]	versioned CRC codec	`TestSave*`/`TestLoad*` · grammar	internal/grammar	retained	result=implemented_unverified; Full current assertion not executed: focused prerequisite failure blocks release evaluation; retirements/replacements retain the explicit inventory disposition.	verified_in_target	WIN+LNX	verified_in_target	C7-CARRY
1.15.11	grammar folded into checkpoint [V6-VERIFY-plan sec1 / inventory.md 1.15.11]	grammar folded into checkpoint	relocated → `TestV5_GrammarAndPromotionCoexistInFinalize` · test/integration/v5_x08; `TestV5_TruncationOrdersActionHistoryAndPromotionCorrectly` · v5_x09	test/integration/v5_x08;test	relocated	result=implemented_unverified; Full current assertion not executed: focused prerequisite failure blocks release evaluation; retirements/replacements retain the explicit inventory disposition.	verified_in_target	WIN+LNX	verified_in_target	C7-CARRY
1.15.12	Phase-5 exit [V6-VERIFY-plan sec1 / inventory.md 1.15.12]	Phase-5 exit	`TestPhase5` · test/replay	test/replay;test	superseded-guarantee	result=implemented_unverified; Full current assertion not executed: focused prerequisite failure blocks release evaluation; retirements/replacements retain the explicit inventory disposition.	verified_in_target	WIN+LNX	verified_in_target	C7-CARRY
1.15.13	Phase-6 exit [V6-VERIFY-plan sec1 / inventory.md 1.15.13]	Phase-6 exit	`TestPhase6` · test/replay	test/replay;test	superseded-guarantee	result=implemented_unverified; Full current assertion not executed: focused prerequisite failure blocks release evaluation; retirements/replacements retain the explicit inventory disposition.	verified_in_target	WIN+LNX	verified_in_target	C7-CARRY
1.15.14	analyzer/grammar benches [V6-VERIFY-plan sec1 / inventory.md 1.15.14]	analyzer/grammar benches	benches	internal/analyzer;internal/grammar (family default; no explicit pkg cited)	superseded-guarantee	result=implemented_unverified; Full current assertion not executed: focused prerequisite failure blocks release evaluation; retirements/replacements retain the explicit inventory disposition.	unknown	C52: internal/analyzer and internal/grammar have no benchmark (c52-names.tsv), so the row has nothing to measure; not verified in target	unknown	C7-CARRY
1.15.15	conformance/imports/coverage [V6-VERIFY-plan sec1 / inventory.md 1.15.15]	conformance/imports/coverage	analyzertest/grammartest	test/grammartest	retained	result=implemented_unverified; Full current assertion not executed: focused prerequisite failure blocks release evaluation; retirements/replacements retain the explicit inventory disposition.	verified_in_target	WIN+LNX	verified_in_target	C7-CARRY
1.16.1	O4 warm start CMS decay+merge [V6-VERIFY-plan sec1 / inventory.md 1.16.1]	O4 warm start CMS decay+merge	`TestWarmStart*` · daemon	internal/daemon	retained	result=implemented_unverified; Full current assertion not executed: focused prerequisite failure blocks release evaluation; retirements/replacements retain the explicit inventory disposition.	verified_in_target	WIN+LNX	verified_in_target	C7-CARRY
1.16.2	warm-start honours config both ways [V6-VERIFY-plan sec1 / inventory.md 1.16.2]	warm-start honours config both ways	`TestWarmStart_AgeingCanBeDisabledButTheCapStillHolds`, `TestWarmStart_RefusalLadder`, `TestWarmStart_UnauthorizedIsARefusalNotADiscount` · scheduler/warmprior_test.go	internal/scheduler	renamed	result=implemented_unverified; Full current assertion not executed: focused prerequisite failure blocks release evaluation; retirements/replacements retain the explicit inventory disposition.	verified_in_target	WIN+LNX	verified_in_target	C7-CARRY
1.16.3	project-scope eliminations carried [V6-VERIFY-plan sec1 / inventory.md 1.16.3]	project-scope eliminations carried	`TestV5_WarmStartImprovesTheFirstCompactionOfTheNextSession` · test/integration/v5_x12; carry-forward at daemon start	test/integration/v5_x12;test	relocated	result=implemented_unverified; Full current assertion not executed: focused prerequisite failure blocks release evaluation; retirements/replacements retain the explicit inventory disposition.	verified_in_target	WIN+LNX	verified_in_target	C7-CARRY
1.16.4	BOCD priors seeded [V6-VERIFY-plan sec1 / inventory.md 1.16.4]	BOCD priors seeded	`TestWarmPriorAblation_M6G16D`, `_IsDeterministic`, `_ARefusedPriorIsExactlyTheBaseline` · scheduler	internal/scheduler	renamed	result=implemented_unverified; Full current assertion not executed: focused prerequisite failure blocks release evaluation; retirements/replacements retain the explicit inventory disposition.	verified_in_target	WIN+LNX	verified_in_target	C7-CARRY
1.16.5	O4 measured benefit [V6-VERIFY-plan sec1 / inventory.md 1.16.5]	O4 measured benefit	warm vs cold delta (diagnostic)	internal/scheduler;internal/checkpoint;internal/store (family default; no explicit pkg cited)	superseded-guarantee	result=implemented_unverified; Full current assertion not executed: focused prerequisite failure blocks release evaluation; retirements/replacements retain the explicit inventory disposition.	unknown	D37(c): no test or step computes the warm-vs-cold O4 delta; not verified in target, no new harness before release	unknown	C7-CARRY
1.16.6	demand-driven promotion [V6-VERIFY-plan sec1 / inventory.md 1.16.6]	demand-driven promotion	`TestPromote_PromotedPointersSurviveTruncation` · checkpoint; `TestV5_...Promotion...` · integration	internal/checkpoint	relocated	result=implemented_unverified; Full current assertion not executed: focused prerequisite failure blocks release evaluation; retirements/replacements retain the explicit inventory disposition.	verified_in_target	WIN+LNX	verified_in_target	C7-CARRY
1.16.7	per-segment Bloom (LSM) [V6-VERIFY-plan sec1 / inventory.md 1.16.7]	per-segment Bloom (LSM)	`TestSegmentFilter_*` family, `TestSegment_BloomRefParsed`, `TestPublishFilter_*`, `TestReadSegmentFilter_*`, `TestSweepSegmentFilters_*`, `TestRunSegmentLogSuite_AgainstRealStore` · store	internal/store	renamed	result=implemented_unverified; Full current assertion not executed: focused prerequisite failure blocks release evaluation; retirements/replacements retain the explicit inventory disposition.	verified_in_target	WIN+LNX	verified_in_target	C7-CARRY
1.16.8	ski-rental computed not literal [V6-VERIFY-plan sec1 / inventory.md 1.16.8]	ski-rental computed not literal	`TestSkiRental_ComputedNotLiteral`, `TestSkiRental_ThresholdLiteralOnlyInTests`, `TestSkiRentalThreshold_TracksRegimeNotConfig` · scheduler	internal/scheduler	renamed	result=implemented_unverified; Full current assertion not executed: focused prerequisite failure blocks release evaluation; retirements/replacements retain the explicit inventory disposition.	verified_in_target	WIN+LNX	verified_in_target	C7-CARRY
1.16.9	progressive truncation argmax [V6-VERIFY-plan sec1 / inventory.md 1.16.9]	progressive truncation argmax	`TestGoldenTruncationFixtures` · checkpoint (replaces `TestTruncationCurve`)	internal/checkpoint	renamed	result=implemented_unverified; Full current assertion not executed: focused prerequisite failure blocks release evaluation; retirements/replacements retain the explicit inventory disposition.	verified_in_target	WIN+LNX	verified_in_target	C7-CARRY
1.16.10	declared non-delivery of prefix reorder [V6-VERIFY-plan sec1 / inventory.md 1.16.10]	declared non-delivery of prefix reorder	"ceremonial test `TestPrefixReorderingNotAttempted` absent; non-delivery now carried as an ADR-prose declaration (verify `docs/adr/0016`), consistent with SP-16's ""declared non-delivery"" criterion"	docs/adr/0016	replaced — see F-8	result=implemented_unverified; Full current assertion not executed: focused prerequisite failure blocks release evaluation; retirements/replacements retain the explicit inventory disposition.	unknown	D37(c): TestPrefixReorderingNotAttempted is absent and no declaration exists (no docs/adr/0016; no file under docs/ or Qompack.md declares prefix-reorder non-delivery); not verified in target	unknown	C7-CARRY
1.16.11	phase-7 benches [V6-VERIFY-plan sec1 / inventory.md 1.16.11]	phase-7 benches	benches	internal/scheduler;internal/checkpoint;internal/store (family default; no explicit pkg cited)	superseded-guarantee	result=implemented_unverified; Full current assertion not executed: focused prerequisite failure blocks release evaluation; retirements/replacements retain the explicit inventory disposition.	partial_verified	C52; C52 measured the phase-7 store, checkpoint and scheduler families on c5. The checkpoint benches carry (C52 carry (D57(e)): measured on c5 0d06ab12; the one executed file that changed c5->c6 is the test helper internal/paths/pathstest/home.go, by comment lines only, and no changed _test.go file is executed, so the executed code is byte-identical (runs/c52-executed-files.txt and runs/c52-test-files.txt; the comment-only reading is wave 17b's, for the owner to ratify)), and the internal/scheduler benches carry (no executed file changed, product or _test.go). The phase-7 store benches (GC_50kObjects, CountFold_4MiB, MarkEncoded_100, OpenStore_50kRoots and the PutBytes NoRedact/KeepRaw variants) do not: the internal/store benches' c5 figures do not carry by D57(e): their test binary executes _test.go files changed c5->c6 (runs/c52-test-files.txt). BenchmarkGC_50kObjects and both BenchmarkSearch_1000Roots* execute changed lines (gc_test.go, search_test.go and the helpers in testdouble_test.go now take testing.TB): the fix of the zero testing.T that leaked HOME in c5's own run, where pathstest failed the store binary after PASS and every bench after GC ran against the leaked home (phase3/c5/quiet/c52-win/c52-win-r*-candidate-store-1s.log). The other store benches reach no changed line of a function (PutBytes*, PutObject, GetChunk, OpenSpan and OpenStore reach testdouble_test.go's newFakeClock and storeOpt helpers), but the binary runs the package initializer of maint_edge_test.go, new c5->c6 (errInjectedBarrier), and testdouble_test.go is not byte-unchanged; CountFold and MarkEncoded ran after the leak on c5. The daemon scheduler benches execute internal/core/toolnames.go, which gained CutHostPluginTool c5->c6; no executed block covers a changed line, but D57(e) asks for the file byte-unchanged, so the c5 figure does not carry, and their test binary runs the package initializer of precompact_settle_retry_test.go, new c5->c6 (errInjectedSpoolLock, runs/c52-test-files.txt); pending P-C52R (a quiet C5.2 re-run on c7) of the store and daemon scheduler benches, or a coordinator ruling covering both kinds of unreached change	partial_verified	C7-CARRY; its P-C52R part (a quiet C5.2 re-run) runs on c7's code
1.16.12	artifacts reproducible w/o golden flag [V6-VERIFY-plan sec1 / inventory.md 1.16.12]	artifacts reproducible w/o golden flag	golden reproducibility tests w/ `QOMPACK_UPDATE_GOLDEN` unset	internal/scheduler;internal/checkpoint;internal/store (family default; no explicit pkg cited)	retained	result=implemented_unverified; Full current assertion not executed: focused prerequisite failure blocks release evaluation; retirements/replacements retain the explicit inventory disposition.	verified_in_target	WIN+LNX	verified_in_target	C7-CARRY
1.16.13	coverage floors [V6-VERIFY-plan sec1 / inventory.md 1.16.13]	coverage floors	cover	internal/scheduler;internal/checkpoint;internal/store (family default; no explicit pkg cited)	retained	result=implemented_unverified; Full current assertion not executed: focused prerequisite failure blocks release evaluation; retirements/replacements retain the explicit inventory disposition.	verified_in_target	COVER	verified_in_target	C7-CARRY
1.17.1	deterministic bundle, byte-identical [V6-VERIFY-plan sec1 / inventory.md 1.17.1]	deterministic bundle, byte-identical	`TestAssembleBundle_Deterministic`, `_Identity`, `_Layout`, `TestWriteArchive_Deterministic`, `TestWriteArchive_MembersMatchTheBundleDirectory`, `TestArchiveAssembledBundles_RemovesStaleArchives` · tools/devtool; `TestBundle_OnDiskMatchesGenerator` · pluginmanifest; `TestCanary_PackagingShape` · test/canary	tools/devtool;test/canary;tools;internal/pluginmanifest;test	renamed — reproducibility NOT-RUN	result=implemented_unverified; Full current assertion not executed: focused prerequisite failure blocks release evaluation; retirements/replacements retain the explicit inventory disposition.	verified_in_target	BUNDLES+WIN; two six-target bundle builds byte-identical on c6 (BUNDLES), assembler/archive determinism units green (WIN)	verified_in_target	C7-CARRY by the byte proof (D57(c), w17-release): c6's two builds are byte-identical (91 files) and every c7 bin/ differs from c6's by the one unreferenced version literal; every c7 bin/ sha256 equals w17-release's independent build (phase3/c7/night.log)
1.17.2	bundle layout §3.4 [V6-VERIFY-plan sec1 / inventory.md 1.17.2]	bundle layout §3.4	`TestCanary_PackagingShape`, `TestCanary_PluginValidate` · test/canary	test/canary;test	retained	result=implemented_unverified; Full current assertion not executed: focused prerequisite failure blocks release evaluation; retirements/replacements retain the explicit inventory disposition.	verified_in_target	WIN+BUNDLES	verified_in_target	C7-CARRY
1.17.3	binary size budget [V6-VERIFY-plan sec1 / inventory.md 1.17.3]	binary size budget	`devtool` size check	tools/devtool;test/e2e;test/platform;test/canary;test/release (family default; no explicit pkg cited)	superseded-guarantee	result=implemented_unverified; Full current assertion not executed: focused prerequisite failure blocks release evaluation; retirements/replacements retain the explicit inventory disposition.	unknown	BUNDLES; D37(c): no binary-size check exists; diagnostic only, the frozen c6 binaries measure 9.29-10.49 MB (windows-amd64 qompack.exe 10,416,640 B); not verified in target	unknown	C7-CARRY
1.17.4	universal launcher shims [V6-VERIFY-plan sec1 / inventory.md 1.17.4]	universal launcher shims	`TestPlatform_WindowsHookLauncherForms`, `TestPlatform_PluginRootWithSpacesAndUnicode` · test/platform	test/platform;test	renamed	result=implemented_unverified; Full current assertion not executed: focused prerequisite failure blocks release evaluation; retirements/replacements retain the explicit inventory disposition.	verified_in_target	WIN+LNX; judged on TestPlatform_HookLauncherForms, renamed from TestPlatform_WindowsHookLauncherForms and now run on every OS (D37(b), inventory-map.tsv), with TestPlatform_PluginRootWithSpacesAndUnicode: green in WIN and LNX	verified_in_target	C7-CARRY
1.17.5	launcher overhead in B-D [V6-VERIFY-plan sec1 / inventory.md 1.17.5]	launcher overhead in B-D	bench-hotpath --bundle universal	tools/devtool;test/e2e;test/platform;test/canary;test/release (family default; no explicit pkg cited)	superseded-guarantee(E-2)	result=implemented_unverified; Full current assertion not executed: focused prerequisite failure blocks release evaluation; retirements/replacements retain the explicit inventory disposition.	unknown	D37(c): bench-hotpath has no --bundle universal/native mode, so the launcher-overhead split cannot run as written; not verified in target. Diagnostic only: quiet B-D p99 72.23 ms on Windows, 24.06 ms on Linux, reported without a limit (C51)	unknown	C7-CARRY
1.17.6	per-platform pays no launcher cost; B-A<15/B-E<2s [V6-VERIFY-plan sec1 / inventory.md 1.17.6]	per-platform pays no launcher cost; B-A<15/B-E<2s	bench-hotpath --bundle native	tools/devtool;test/e2e;test/platform;test/canary;test/release (family default; no explicit pkg cited)	superseded-guarantee(E-2)	result=implemented_unverified; Full current assertion not executed: focused prerequisite failure blocks release evaluation; retirements/replacements retain the explicit inventory disposition.	partial_verified	C51; B-A and B-E halves: Windows verified on the designated quiet C5.1 run on AC (D57(e); C51 B-A p99 30.72 ms against 50, B-E p99 170.75 ms against 2000); Linux B-E passes (384.11 ms), Linux B-A is not verified in target (D53(b)); the c6 battery runs are not counted (X11-BAT, D57(d)). The launcher-cost half has no possible artifact: bench-hotpath has no --bundle native mode (D37(c), see 1.17.5). Unlike 1.17.5, whose whole assertion is that split, this row also asserts budgets C51 measures, so it is partial_verified, not unknown	partial_verified	C7-CARRY
1.17.7	install-gate works [V6-VERIFY-plan sec1 / inventory.md 1.17.7]	install-gate works	`TestInstall_HostCLIInstallUpgradeUninstall` · test/e2e; historical `devtool install-check` has no current entry point || LANDED verify/v6 (3ab1523 maintenance recovery, 4a12eff backup CLI): +TestMaintenance_* / store; TestBackupCLI_* / cli; TestBorrowedLease_* / daemon — implemented_unverified on candidate (full packaged install NOT-RUN)	test/e2e;test;internal/store/maintenance.go;internal/cli/backup.go;internal/cli/writer_lease.go;internal/daemon/borrowed_lease.go;docs/backup.md	replaced — live NOT-RUN	result=partial_verified; runs=install-recovery; Real Windows CLI disposable install/upgrade; no live model session or other OS. || execution.tsv=partial_verified. EARLIER-HANDOFF V6-RECOVERY-2 operator backup/restore (maintenance) newly landed; implemented_unverified pending Main's run.	partial_verified	WIN+LE2E; backup/maintenance units and test/e2e install tests green (WIN, LE2E); TestInstall_HostCLIInstallUpgradeUninstall skips without the claude CLI (container and hosted runs), RED-RELDRY stopped release-check before its rollback-rehearsal step (the step's two tests pass in the e2e lanes); pending P-LIVE (C4.1, C4.8, UAT-01)	partial_verified	C7-CARRY; its P-LIVE and P-C55 parts run on candidate 7's frozen bundles (D57(c))
1.17.8	clean uninstall byte-identical [V6-VERIFY-plan sec1 / inventory.md 1.17.8]	Installed bundle install/upgrade/uninstall preserves project work and declared retention policy; rehearse rollback before and after new-format writes	`TestInstall_HostCLIInstallUpgradeUninstall` · test/e2e (replaces `test/install/TestUninstallLeavesNothing`) || LANDED verify/v6 (3ab1523 maintenance recovery, 4a12eff backup CLI): +TestMaintenance_TakeVerifyRestoreRoundTrip, _RestoreRefusesExistingDestination, _RestoreLeavesSourceLaterWritesIntact / store; TestBackupCLI_* / cli — implemented_unverified on candidate	test/e2e;test/install;test;internal/store/maintenance.go;internal/cli/backup.go;internal/cli/backup_test.go	replaced/relocated; retention policy qualifies byte-identity claim	result=implemented_unverified; historical run=install-recovery covered disposable Windows keep-data/default cases on its recorded artifact only. Commits 3ab1523 and 4a12eff add maintenance and backup CLI; final bundle, target matrix and pre/post-write rollback remain unverified.	partial_verified	WIN+LE2E; maintenance/backup units green (WIN); TestRollbackRehearsal_BeforeAndAfterTheFirstNewFormatWrite passes in the e2e lanes (WIN, LE2E); release-check's rollback step not reached (RED-RELDRY); the installed upgrade/uninstall is pending; pending P-LIVE (C4.8, UAT-12)	partial_verified	C7-CARRY; its P-LIVE and P-C55 parts run on candidate 7's frozen bundles (D57(c))
1.17.9	upgrade safety / schema-bump quarantine [V6-VERIFY-plan sec1 / inventory.md 1.17.9]	upgrade safety / schema-bump quarantine	`TestFsck_ANewerCheckpointSchemaIsNotCorrupt` · cli; `TestGetRefusesANewerSchemaVersion` · checkpoint; `TestInstall_...Upgrade...` (replaces `TestUpgradeAcrossVersions`/`_CheckpointSchemaBump`) || LANDED verify/v6 (3ab1523 certified maintenance recovery) — TestMaintenance_CorruptedBackupIsRefused, _AdversarialManifestRefusedBeforeReadingFiles, _StagedRehashCatchesPostCopyCorruption committed (maintenance_test.go clean); maintenance.go refinements LANDED verify/v6 (99108a2; backup pre-copy frontier e950486); working tree clean at candidate 65bc8d7 — implemented_unverified pending Main's full recovery/restore gate; packaged install NOT-RUN	internal/cli;internal/checkpoint;internal/store/maintenance.go;internal/store/maintenance_test.go	renamed	result=partial_verified; runs=install-recovery; Unknown-schema refusal and same-source version-stamped upgrade; no old released binary matrix. || execution.tsv=partial_verified. EARLIER-HANDOFF backup verification/refusal present; implemented_unverified.	partial_verified	WIN+LNX; schema-bump units green (WIN, LNX); TestUnknownSchema_NewerThanThisBuildDegradesWithoutRewriting skips without the claude CLI (container, hosted) and the Windows chain log is non-verbose, so its execution on c6 is unproven; the old-released-reader matrix has no artifact (D37 map); C4.8 upgrade from the c5 bundle is pending; pending P-LIVE (C4.8)	partial_verified	C7-CARRY; its P-LIVE and P-C55 parts run on candidate 7's frozen bundles (D57(c))
1.17.10	cross-platform matrix [V6-VERIFY-plan sec1 / inventory.md 1.17.10]	cross-platform matrix	`test/platform/*` (`TestPlatform_ProjectRootShapes`, `_ReadOnly*`, `_MixedCaseProjectRoot`)	test/platform	renamed	result=implemented_unverified; Full current assertion not executed: focused prerequisite failure blocks release evaluation; retirements/replacements retain the explicit inventory disposition.	partial_verified	WIN+LNX; test/platform green on windows/amd64 (WIN; also hosted test windows-latest, where only test/fault was red), linux/amd64 (LNX) and darwin/arm64 (hosted macos-latest); windows/arm64, linux/arm64 and darwin/amd64 are cross-compile only (XBUILD), unknown; C4.11 Linux installed host: model sessions unknown (D34(c)), no-model half not run on c6; not in the c6 lane: C4.11 (D34(c): recorded unknown)	partial_verified	C7-CARRY
1.17.11	hooks exit 0 full fault matrix (54) [V6-VERIFY-plan sec1 / inventory.md 1.17.11]	hooks exit 0 full fault matrix (54)	`test/fault/*` (`TestFault_Lifecycle`, child/resources/publication) + cli `TestFaultActive_*` (replaces `TestHooksExitZero_Matrix`)	test/fault	renamed/relocated	result=implemented_unverified; Full current assertion not executed: focused prerequisite failure blocks release evaluation; retirements/replacements retain the explicit inventory disposition.	failed	WIN+LNX; RED-FAULT: TestFault_Lifecycle/out_of_order_sessionend left a dangling retention root on hosted windows-latest's second -count=2 pass on c6 (passed in WIN and LNX); root cause recorded, not a product defect: test/fault's audit read the sidecars before retention-roots.jsonl beside a daemon still publishing a Stop (D57(b)); the test-only fix is not in c6's tree, so c6's own result stays failed; candidate 7's result is in c7_result	partial_verified	PRE7; test/fault carries the claim-before-evidence fix (dd8e9fd2, 88626fdd; D57(b)) and passes on Windows on c7's code (PRE7 testpkgs, -count=1), with TestFault_AuditRetentionRootsReadsTheClaimBeforeItsEvidence; hosted test (ubuntu-latest) 110757119503 and test (macos-latest) 110757119443, which run test/fault, are green on c7 (ci.yml 36981590450, at 2026-10-02 08:31Z); closes when hosted test (windows-latest) at -count=2, the job that was red on c6, is green on c7 (P-CI7)
1.17.12	security audit, 3 proofs [V6-VERIFY-plan sec1 / inventory.md 1.17.12]	security audit, 3 proofs	`test/security/*` (`TestSecurity_TelemetryCannotBeTurnedOn`, `_NoSecretReachesAnyDurableSurface`, `_MCPServerNeverImportsOSExec`); `TestGuard_NoNetworkImports` · test/guards; historical `devtool security-audit` has no current entry point || LANDED verify/v6 (c9b5251 archive origin checks, 00e0c98 unprovable-file-payload refusal): TestV6_ArchivedReadRetainsItsAuthorizationBoundary, TestV6_HashAddressesDoNotBypassPathAuthorization / test/security; +authorize_v6/capture_scope suites — historical execution=FAILED; fix committed, implemented_unverified pending Main's full security gate on the candidate	test/security;test/guards;test;test/security;internal/mcp/authorize.go;internal/mcp/authorize_v6_test.go;internal/daemon/capture_scope_v6_test.go	replaced	result=failed; runs=security-focused;security-regressions-original;security-real-capture; Focused redaction/telemetry controls pass, but archive authorization fails; full security gate blocked. || execution.tsv=FAILED (archive authorization). EARLIER-HANDOFF V6-AUTH fix + capture-scope now present; implemented_unverified pending Main's full security re-run.	partial_verified	WIN+LNX; the historical FAIL is cleared for the automated half: test/security (incl. TestV6_ArchivedReadRetainsItsAuthorizationBoundary) and test/guards pass on c6 on Windows, Linux and macOS; the real-session privacy half is pending; pending P-LIVE (C4.6, UAT-12)	partial_verified	C7-CARRY; test/guards' only change c6->c7 is nonrefdisk_test.go, not this row's tests; test/guards: PRE7 testpkgs green on c7's code; its P-LIVE and P-C55 parts run on candidate 7's frozen bundles (D57(c))
1.17.13	govulncheck/gosec [V6-VERIFY-plan sec1 / inventory.md 1.17.13]	govulncheck/gosec	CI security job	tools/devtool;test/e2e;test/platform;test/canary;test/release (family default; no explicit pkg cited)	retained — NOT-RUN	result=implemented_unverified; Full current assertion not executed: focused prerequisite failure blocks release evaluation; retirements/replacements retain the explicit inventory disposition.	verified_in_target	SEC+GATE; govulncheck clean in hosted security (SEC); gosec inside golangci-lint clean (GATE)	verified_in_target	C7-CARRY
1.17.14	§12.3 nine degradation rows [V6-VERIFY-plan sec1 / inventory.md 1.17.14]	§12.3 nine degradation rows	replaced by `test/fault/*` suite (different decomposition, not the 9 `TestDegradation_*` names)	test/fault	replaced — see F-4	result=implemented_unverified; Full current assertion not executed: focused prerequisite failure blocks release evaluation; retirements/replacements retain the explicit inventory disposition.	failed	WIN+LNX; RED-FAULT: the test/fault suite that replaces the section 12.3 rows has one red on c6 (hosted windows-latest -count=2), a read-order race in its audit (D57(b)), whose test-only fix is not in c6's tree; otherwise green in WIN and LNX; F-4's per-row mapping is still owed; candidate 7's result is in c7_result	partial_verified	PRE7; test/fault carries the claim-before-evidence fix (dd8e9fd2, 88626fdd; D57(b)) and passes on Windows on c7's code (PRE7 testpkgs, -count=1), with TestFault_AuditRetentionRootsReadsTheClaimBeforeItsEvidence; hosted test (ubuntu-latest) 110757119503 and test (macos-latest) 110757119443, which run test/fault, are green on c7 (ci.yml 36981590450, at 2026-10-02 08:31Z); closes when hosted test (windows-latest) at -count=2, the job that was red on c6, is green on c7 (P-CI7); F-4's per-row mapping is still owed, and keeps the row partial after P-CI7
1.17.15	qompack fsck [V6-VERIFY-plan sec1 / inventory.md 1.17.15]	qompack fsck	`internal/cli/fsck_test.go` (`TestFsck_ReportsEachSeededDefectAndRepairsNone`, `_RepairQuarantinesAFailingObjectAndRebuildsTheFilter`, `_ReportsEveryDanglingReferenceClass`) || LANDED verify/v6 (80a3e04 bounded publication gap accounting): TestAuditPublication_* / store; TestLoudPublicationGaps_*/TestAccountPublicationGaps_* / daemon; TestV6_FsckReportsUnpublishedCaptureWithoutDiscardingEvidence, TestV6_StartupAccountingReportsUnpublishedCaptureViaStatus / test/fault; + LANDED verify/v6 (7e5a141) fsck_publication.go/_test.go — DETECTION not recovery; implemented_unverified on candidate 65bc8d7	internal/cli;internal/store/publication_audit.go;internal/daemon/publication_audit.go;internal/cli/fsck.go;test/fault/v6_fsck_test.go	renamed	result=partial_verified; runs=diagnostics-focused;fsck-packaged-tool-capture-fixed; Selected in-process repair checks and packaged read-only capture audit; automatic recovery still fails. || execution.tsv=partial_verified. EARLIER-HANDOFF V6-RECOVERY-1 publication accounting adds automatic startup detection (detection, NOT recovery); implemented_unverified pending Main's packaged run.	partial_verified	WIN+LNX; fsck and publication-accounting tests green (WIN, LNX), detection not recovery; the live restore smoke C1.7 is pending P-LIVE	partial_verified	C7-CARRY; its P-LIVE and P-C55 parts run on candidate 7's frozen bundles (D57(c))
1.17.16	qompack doctor 16 checks [V6-VERIFY-plan sec1 / inventory.md 1.17.16]	qompack doctor 16 checks	`internal/cli/doctor_test.go` (`TestDoctor_ReportsCapabilityEvidenceWithoutInventingIt`, `_AgreesWithStatusOnModeAndProvenance`, `_EveryMigrationGateIsPendingInThisBuild`)	internal/cli	renamed	result=partial_verified; runs=diagnostics-focused; Selected doctor/status semantics only; not live capability canaries.	partial_verified	WIN+LNX; doctor tests green (WIN, LNX); D34(e)'s self-test fix is on c6; the real-session half passed on c4 only; not in the c6 lane: C4.2 (CARRY-C4)	partial_verified	C7-CARRY
1.17.17	version drift guard; single source [V6-VERIFY-plan sec1 / inventory.md 1.17.17]	version drift guard; single source	`TestVersionLdflags`, `TestReleaseCheckVersion`, `TestValidateBundleVersion`, `TestGoModVersions` · tools/devtool	tools/devtool;tools	renamed	result=partial_verified; runs=docs-integrated; Devtool version guard unit tests; release tag agreement not evaluated.	partial_verified	WIN; version units green (WIN); release-check's version agreement SKIPPED without a tag, and core.Version and plugin.json still read 0.1.0 at c6 while the bundles are stamped 0.3.0 by bundle --version; c6 cannot pass release-check --tag v0.3.0 (w17-release), so the agreement half is candidate 7's (c7_result)	partial_verified	C7-CARRY+PRE7; core.Version and plugin.json read 0.3.0 in c7's code (runs/c7-carry-proof.txt); TestManifest_GoldenBytes, TestVersionLdflags and TestReleaseCheckVersion: PRE7 internal green on c7's code; release-check --tag v0.3.0 at the untagged version commit stops only at 'HEAD carries no tag' (w17-release), so the version agreement closes at the tag (P-TAG, C7.4)
1.17.18	release pipeline dry run [V6-VERIFY-plan sec1 / inventory.md 1.17.18]	release pipeline dry run	actionlint/goreleaser snapshot; `TestReleaseCheckDeterminismVersion`	tools/devtool;test/e2e;test/platform;test/canary;test/release (family default; no explicit pkg cited)	retained — NOT-RUN	result=implemented_unverified; Full current assertion not executed: focused prerequisite failure blocks release evaluation; retirements/replacements retain the explicit inventory disposition.	failed	WIN; RED-RELDRY: ci.yml release-dry-run on c6 failed in release-check's ci-local cover step (X11 at the hosted fsync tail on ubuntu, without the non-reference-disk declaration, D57(a)); build-all, generated docs, guards, licenses, determinism, rollback rehearsal, plugin-validate and marketplace were not reached; actionlint and the goreleaser snapshot run only on a tag; candidate 7's result is in c7_result	partial_verified	PRE7; re-judged on c7 (c6's red, RED-RELDRY, is a workflow cause fixed in c7's ci.yml, D57(a)); executed green on c7's code: release-check's own steps that PRE7 runs (gate: build, vet, fmt-check, gen-config-docs and gen-mcp-docs --check, lint subset; testpkgs: test/release with TestReleaseCheckDeterminismVersion); c7's release-dry-run declares QOMPACK_NONREFERENCE_DISK (D57(a)) and builds the six bundles at the release version (D57(c)); closes on a green release-check: hosted release-dry-run on c7 (P-CI7) and release-check --tag v0.3.0 on the reference host (P-REL7, docs/release.md section 1); actionlint and the goreleaser snapshot run only at the tag (P-TAG)
1.17.19	four new CI jobs required [V6-VERIFY-plan sec1 / inventory.md 1.17.19]	four new CI jobs required	inspect branch protection / ci.yml	tools/devtool;test/e2e;test/platform;test/canary;test/release (family default; no explicit pkg cited)	unknown (needs repo/CI inspection)	result=implemented_unverified; Full current assertion not executed: focused prerequisite failure blocks release evaluation; retirements/replacements retain the explicit inventory disposition.	failed	ci.yml 36955046276 on c6: 19 of 21 jobs green, release-dry-run (RED-RELDRY, D57(a)) and test (windows-latest) (RED-FAULT, D57(b)) red; the four SP-17-era jobs (package-gate, platform-matrix, fault-gate, install-gate) were never created, their scope runs inside test/test-e2e/crossbuild/plugin-validate/release-dry-run; develop has no branch protection (gh api: Branch not protected) and main is absent on origin, which C7.3 closes; candidate 7's result is in c7_result	partial_verified	P-CI7; re-judged on c7: ci.yml run 36981590450 on c7 (started when night.log records 'pushed verify/v6 d20309c0') had 18 of its 21 jobs green at 2026-10-02 08:31Z (verify, cover, docs 110757119402, plugin-validate 110757119388, crossbuild, security, replay-gate, test (ubuntu-latest) 110757119503, test (macos-latest) 110757119443, test-e2e on ubuntu, macos and windows, timing and bench-gate on all three OSes); closes when the rest are green on c7: test (windows-latest) 110757119316, lint-windows 110757119431 and release-dry-run 110757119491, where test (windows-latest) is RED-FAULT's job (D57(b)) and release-dry-run RED-RELDRY's (D57(a)), and branch protection is set on develop and main (C7.3)
1.17.20	checksum file format [V6-VERIFY-plan sec1 / inventory.md 1.17.20]	checksum file format	`head SHA256SUMS`; packaging shape canary	tools/devtool;test/e2e;test/platform;test/canary;test/release (family default; no explicit pkg cited)	retained	result=partial_verified; runs=docs-integrated;forensic-bundle; Assembler checksum tests and saved local bundle metadata; no published artifact.	verified_in_target	BUNDLES+WIN; checksums.txt over the six archives in BUNDLES and freeze.log; checksum-format units green (WIN)	verified_in_target	C7-CARRY
1.18.1	owned doc set = 21 docs [V6-VERIFY-plan sec1 / inventory.md 1.18.1]	owned doc set = 21 docs	`TestOwnedDocsExist` · test/docs (the `IsTwentyOne`/`HasNoDuplicates`/`StartWithH1` count assertions not present under those names)	test/docs;test	renamed/partial	result=partial_verified; runs=docs-integrated; Current mapped docs/devtool checks passed; human workflow and unmapped historical subassertions remain unverified.	partial_verified	WIN+LNX+DOCS; TestOwnedDocsExist green (WIN, LNX, DOCS); the historical count assertions (IsTwentyOne, HasNoDuplicates, StartWithH1) have no current test (F-5)	partial_verified	PRE7; docs/ changed c6->c7 (wave 17 docs; runs/c7-carry-proof.txt); test/docs passes on Windows on c7's code (PRE7 testpkgs); hosted docs 110757119402 (test/docs and the gen-*-docs checks), test (ubuntu-latest) 110757119503 and test (macos-latest) 110757119443 are green on c7 (ci.yml 36981590450, at 2026-10-02 08:31Z); on c6: TestOwnedDocsExist green (WIN, LNX, DOCS); the historical count assertions (IsTwentyOne, HasNoDuplicates, StartWithH1) have no current test (F-5)
1.18.2	config ref never stale/complete [V6-VERIFY-plan sec1 / inventory.md 1.18.2]	config ref never stale/complete	`TestGenConfigDocs_CheckDetectsMissingAndStale`, `_CommittedPageIsCurrent`, `_LeavesMatchDefaultsOneToOne`, `_GatedSwitchesRenderFromSource` · tools/devtool	tools/devtool;tools	renamed	result=partial_verified; runs=docs-integrated; Current mapped docs/devtool checks passed; human workflow and unmapped historical subassertions remain unverified.	verified_in_target	WIN+GATE+DOCS	verified_in_target	C7-CARRY
1.18.3	config-ref ranges = Validate() [V6-VERIFY-plan sec1 / inventory.md 1.18.3]	config-ref ranges = Validate()	no standalone `TestMetaRangesMatchValidate`; range/leaf agreement carried by `TestGenConfigDocs_LeavesMatchDefaultsOneToOne` · tools/devtool	tools/devtool;tools	partial — F-5	result=partial_verified; runs=docs-integrated; Current mapped docs/devtool checks passed; human workflow and unmapped historical subassertions remain unverified.	partial_verified	WIN+GATE+DOCS; replacement TestGenConfigDocs_LeavesMatchDefaultsOneToOne green (WIN, GATE, DOCS); it pins leaves to defaults, not documented ranges to Validate() (F-5)	partial_verified	C7-CARRY
1.18.4	runtime namespace additive [V6-VERIFY-plan sec1 / inventory.md 1.18.4]	runtime namespace additive	no standalone `TestConfigReferenceRuntimeSectionIsMarkedAdditive`; additive/gated rendering carried by `TestGenConfigDocs_GatedSwitchesRenderFromSource` · tools/devtool	tools/devtool;tools	partial — F-5	result=partial_verified; runs=docs-integrated; Current mapped docs/devtool checks passed; human workflow and unmapped historical subassertions remain unverified.	partial_verified	WIN+GATE+DOCS; replacement TestGenConfigDocs_GatedSwitchesRenderFromSource green (WIN, DOCS); the runtime-section additivity marker has no standalone test (F-5)	partial_verified	C7-CARRY
1.18.5	cannot-do list verbatim [V6-VERIFY-plan sec1 / inventory.md 1.18.5]	cannot-do list verbatim	`TestCannotDoCoversSection12Limits`, `TestCannotDoNamesTheUnimplementedChecks` · test/docs (replaces `TestCannotDoListVerbatim` + 3)	test/docs;test	renamed	result=partial_verified; runs=docs-integrated; Current mapped docs/devtool checks passed; human workflow and unmapped historical subassertions remain unverified.	verified_in_target	WIN+LNX+DOCS	verified_in_target	PRE7; docs/ changed c6->c7 (wave 17 docs; runs/c7-carry-proof.txt); test/docs passes on Windows on c7's code (PRE7 testpkgs); hosted docs 110757119402 (test/docs and the gen-*-docs checks), test (ubuntu-latest) 110757119503 and test (macos-latest) 110757119443 are green on c7 (ci.yml 36981590450, at 2026-10-02 08:31Z)
1.18.6	upstream issues + template [V6-VERIFY-plan sec1 / inventory.md 1.18.6]	upstream issues + template	`TestUpstreamIssuesAreAllUnfiled` · test/docs	test/docs;test	renamed	result=partial_verified; runs=docs-integrated; Current mapped docs/devtool checks passed; human workflow and unmapped historical subassertions remain unverified.	verified_in_target	WIN+LNX+DOCS	verified_in_target	PRE7; docs/ changed c6->c7 (wave 17 docs; runs/c7-carry-proof.txt); test/docs passes on Windows on c7's code (PRE7 testpkgs); hosted docs 110757119402 (test/docs and the gen-*-docs checks), test (ubuntu-latest) 110757119503 and test (macos-latest) 110757119443 are green on c7 (ci.yml 36981590450, at 2026-10-02 08:31Z)
1.18.7	loud glossary covers contract IDs/failures [V6-VERIFY-plan sec1 / inventory.md 1.18.7]	loud glossary covers contract IDs/failures	`TestTroubleshootingNamesEveryContractAssertion`, `_NamesEveryEvidenceOutcome`, `_NamesEverySelfTestCheck` · test/docs (replaces `TestLoudGlossary*`)	test/docs;test	renamed	result=partial_verified; runs=docs-integrated; Current mapped docs/devtool checks passed; human workflow and unmapped historical subassertions remain unverified.	verified_in_target	WIN+LNX+DOCS	verified_in_target	PRE7; docs/ changed c6->c7 (wave 17 docs; runs/c7-carry-proof.txt); test/docs passes on Windows on c7's code (PRE7 testpkgs); hosted docs 110757119402 (test/docs and the gen-*-docs checks), test (ubuntu-latest) 110757119503 and test (macos-latest) 110757119443 are green on c7 (ci.yml 36981590450, at 2026-10-02 08:31Z)
1.18.8	ADRs D1–D12 present/correct [V6-VERIFY-plan sec1 / inventory.md 1.18.8]	ADRs D1–D12 present/correct	`TestADRIndexListsEveryADR` · test/docs (replaces `TestAdrShape`/`_IndexEntriesExist`/`_NamesItsDecisionID`)	test/docs;test	renamed/partial	result=partial_verified; runs=docs-integrated; Current mapped docs/devtool checks passed; human workflow and unmapped historical subassertions remain unverified.	partial_verified	WIN+LNX+DOCS; TestADRIndexListsEveryADR green (WIN, LNX, DOCS); the per-ADR shape and decision-id checks have no current test (F-5)	partial_verified	PRE7; docs/ changed c6->c7 (wave 17 docs; runs/c7-carry-proof.txt); test/docs passes on Windows on c7's code (PRE7 testpkgs); hosted docs 110757119402 (test/docs and the gen-*-docs checks), test (ubuntu-latest) 110757119503 and test (macos-latest) 110757119443 are green on c7 (ci.yml 36981590450, at 2026-10-02 08:31Z); on c6: TestADRIndexListsEveryADR green (WIN, LNX, DOCS); the per-ADR shape and decision-id checks have no current test (F-5)
1.18.9	architecture quotes ten invariants [V6-VERIFY-plan sec1 / inventory.md 1.18.9]	architecture quotes ten invariants	no verbatim-invariants test (`TestArchitectureQuotesTenInvariants`/`_DigestSections`/`_LinksEveryADR` absent); ADR presence held by `TestADRIndexListsEveryADR` · test/docs	test/docs;test	replaced/retired — see F-5	result=partial_verified; runs=docs-integrated; Current mapped docs/devtool checks passed; human workflow and unmapped historical subassertions remain unverified.	documented	WIN+LNX+DOCS; F-5: the verbatim ten-invariants claim is retired; 00-ARCHITECTURE.md carries the invariants, only ADR-index presence is executed (TestADRIndexListsEveryADR green on c6)	documented	docs/ changed c6->c7 (wave 17 docs; runs/c7-carry-proof.txt); test/docs: PRE7 testpkgs green on c7's code; disposition as on c6
1.18.10	hygiene: no placeholders/links resolve [V6-VERIFY-plan sec1 / inventory.md 1.18.10]	hygiene: no placeholders/links resolve	`TestRelativeLinksResolve`, `TestNoPlannedPointerToAnExistingPage` · test/docs (subset of historical `TestNo*`)	test/docs;test	renamed/partial	result=partial_verified; runs=docs-integrated; Current mapped docs/devtool checks passed; human workflow and unmapped historical subassertions remain unverified.	verified_in_target	WIN+LNX+DOCS	verified_in_target	PRE7; docs/ changed c6->c7 (wave 17 docs; runs/c7-carry-proof.txt); test/docs passes on Windows on c7's code (PRE7 testpkgs); hosted docs 110757119402 (test/docs and the gen-*-docs checks), test (ubuntu-latest) 110757119503 and test (macos-latest) 110757119443 are green on c7 (ci.yml 36981590450, at 2026-10-02 08:31Z)
1.18.11	12 UAT scenarios conformant + quote phase criteria [V6-VERIFY-plan sec1 / inventory.md 1.18.11]	12 UAT scenarios conformant + quote phase criteria	`TestUATRetainsAllTwelveIDs`, `TestUATSectionsHaveTheRecordShape`, `TestUATConfigKeysExist`, `TestUATUnexecutedRowsSayUnverified` · test/docs (no `TestUATQuotesPhaseExitCriteria`)	test/docs;test	renamed/partial	result=partial_verified; runs=docs-integrated; Current mapped docs/devtool checks passed; human workflow and unmapped historical subassertions remain unverified.	partial_verified	WIN+LNX+DOCS; UAT shape tests green (WIN, LNX, DOCS); no test quotes the phase exit criteria	partial_verified	PRE7; docs/ changed c6->c7 (wave 17 docs; runs/c7-carry-proof.txt); test/docs passes on Windows on c7's code (PRE7 testpkgs); hosted docs 110757119402 (test/docs and the gen-*-docs checks), test (ubuntu-latest) 110757119503 and test (macos-latest) 110757119443 are green on c7 (ci.yml 36981590450, at 2026-10-02 08:31Z); on c6: UAT shape tests green (WIN, LNX, DOCS); no test quotes the phase exit criteria
1.18.12	UAT executed end-to-end by a human [V6-VERIFY-plan sec1 / inventory.md 1.18.12]	UAT executed end-to-end by a human	manual, mandatory; test/docs only checks doc shape (`TestUATUnexecutedRowsSayUnverified`)	test/docs	unknown — human UAT NOT-RUN (F-7)	result=unknown; Human UAT-01 through UAT-12 not run; privacy/recovery prerequisites fail.	unknown	DOCS; D3: the human half has no possible artifact; the agent-run form is the c6 live lane UAT-01, 03, 04, 05, 06, 09, 10, 12 (P-LIVE) plus earlier-candidate UAT-02/07/08/11 results CARRY-C4; TestUATUnexecutedRowsSayUnverified green (DOCS)	unknown	docs/ changed c6->c7 (wave 17 docs; runs/c7-carry-proof.txt); test/docs: PRE7 testpkgs green on c7's code; disposition as on c6; its P-LIVE and P-C55 parts run on candidate 7's frozen bundles (D57(c))
1.18.13	generator determinism + B-DOC <25ms [V6-VERIFY-plan sec1 / inventory.md 1.18.13]	generator determinism + B-DOC <25ms	generator relocated to `tools/devtool` root; determinism substance held by `TestGenConfigDocs_CommittedPageIsCurrent`/`_LeavesMatchDefaultsOneToOne`; B-DOC numeric budget demoted to diagnostic per E-2 (no `BenchmarkGenerate`)	tools/devtool	replaced — see F-6	result=partial_verified; runs=docs-integrated; Current mapped docs/devtool checks passed; human workflow and unmapped historical subassertions remain unverified.	verified_in_target	WIN+GATE+DOCS; generator determinism tests green (WIN, GATE, DOCS); B-DOC is a diagnostic with no benchmark (E-2)	verified_in_target	C7-CARRY
1.18.14	doc-package import discipline (configdocs) [V6-VERIFY-plan sec1 / inventory.md 1.18.14]	doc-package import discipline (configdocs)	historical `configdocs` package removed; import discipline now applies to the relocated generator + `test/docs`	test/docs	replaced — see F-6	result=partial_verified; runs=docs-integrated; Current mapped docs/devtool checks passed; human workflow and unmapped historical subassertions remain unverified.	verified_in_target	GATE	verified_in_target	C7-CARRY
