C:/Users/Quant/Documents/Programming/Projects/qompack-v6/plans/sdd/V6-closeout/phase3/c5/quiet/c52-linux/candidate.txt:382: parsing iteration count: invalid syntax
D8: need >= 6 samples for confidence interval at level 0.95
D9: need >= 6 samples for confidence interval at level 0.95
D10: need >= 6 samples for confidence interval at level 0.95
D11: need >= 6 samples for confidence interval at level 0.95
D16: need >= 6 samples for confidence interval at level 0.95
D17: need >= 6 samples for confidence interval at level 0.95
D18: need >= 6 samples for confidence interval at level 0.95
D19: need >= 6 samples for confidence interval at level 0.95
D24: need >= 6 samples for confidence interval at level 0.95
D25: need >= 6 samples for confidence interval at level 0.95
D26: need >= 6 samples for confidence interval at level 0.95
D27: need >= 6 samples for confidence interval at level 0.95
F27: all samples are equal
D32: need >= 6 samples for confidence interval at level 0.95
D33: need >= 6 samples for confidence interval at level 0.95
D34: need >= 6 samples for confidence interval at level 0.95
D35: need >= 6 samples for confidence interval at level 0.95
F35: all samples are equal
B41: need >= 6 samples for confidence interval at level 0.95
B42: need >= 6 samples for confidence interval at level 0.95
B43: need >= 6 samples for confidence interval at level 0.95
B44: need >= 6 samples for confidence interval at level 0.95
B49: need >= 6 samples for confidence interval at level 0.95
B50: need >= 6 samples for confidence interval at level 0.95
B51: need >= 6 samples for confidence interval at level 0.95
B52: need >= 6 samples for confidence interval at level 0.95
B57: need >= 6 samples for confidence interval at level 0.95
B58: need >= 6 samples for confidence interval at level 0.95
B59: need >= 6 samples for confidence interval at level 0.95
B60: need >= 6 samples for confidence interval at level 0.95
B65: need >= 6 samples for confidence interval at level 0.95
B66: need >= 6 samples for confidence interval at level 0.95
B67: need >= 6 samples for confidence interval at level 0.95
B68: need >= 6 samples for confidence interval at level 0.95
B74: need >= 6 samples for confidence interval at level 0.95
B75: need >= 6 samples for confidence interval at level 0.95
B76: need >= 6 samples for confidence interval at level 0.95
B77: need >= 6 samples for confidence interval at level 0.95
B82: need >= 6 samples for confidence interval at level 0.95
B83: need >= 6 samples for confidence interval at level 0.95
B84: need >= 6 samples for confidence interval at level 0.95
B85: need >= 6 samples for confidence interval at level 0.95
B90: need >= 6 samples for confidence interval at level 0.95
B91: need >= 6 samples for confidence interval at level 0.95
B92: need >= 6 samples for confidence interval at level 0.95
B93: need >= 6 samples for confidence interval at level 0.95
B98: need >= 6 samples for confidence interval at level 0.95
B99: need >= 6 samples for confidence interval at level 0.95
B100: need >= 6 samples for confidence interval at level 0.95
B101: need >= 6 samples for confidence interval at level 0.95
B107: need >= 6 samples for confidence interval at level 0.95
B108: need >= 6 samples for confidence interval at level 0.95
B109: need >= 6 samples for confidence interval at level 0.95
B110: need >= 6 samples for confidence interval at level 0.95
B115: need >= 6 samples for confidence interval at level 0.95
B116: need >= 6 samples for confidence interval at level 0.95
B117: need >= 6 samples for confidence interval at level 0.95
B118: need >= 6 samples for confidence interval at level 0.95
B123: need >= 6 samples for confidence interval at level 0.95
B124: need >= 6 samples for confidence interval at level 0.95
B125: need >= 6 samples for confidence interval at level 0.95
B126: need >= 6 samples for confidence interval at level 0.95
B131: need >= 6 samples for confidence interval at level 0.95
goos: linux
goarch: amd64
pkg: github.com/qompack/qompack/internal/canon
cpu: Intel(R) Core(TM) Ultra 7 155H
pathstest: 
,base,,candidate,,,
,sec/op,CI,sec/op,CI,vs base,P
Run_Bash100KB-4,0.002640461,2%,0.002070096,∞,~,p=0.182 n=10+1
Run_GoTest-4,0.000846067,2%,0.000623458,∞,~,p=0.182 n=10+1
Run_KeepDeltas-4,0.0026501575,3%,0.002025673,∞,~,p=0.182 n=10+1
Restore_100KB-4,1.51945e-05,12%,1.481e-05,∞,~,p=1.000 n=10+1
geomean,0.000547659534554427,,0.00044358874817976735,,-19.00%,

,base,,candidate,,,
,B/s,CI,B/s,CI,vs base,P
Run_Bash100KB-4,3.8785e+07,2%,4.947e+07,∞,~,p=0.182 n=10+1
Run_GoTest-4,1.41e+07,2%,1.913e+07,∞,~,p=0.182 n=10+1
Run_KeepDeltas-4,3.864e+07,3%,5.056e+07,∞,~,p=0.182 n=10+1
Restore_100KB-4,6.744735e+09,10%,6.91465e+09,∞,~,p=1.000 n=10+1
geomean,1.092625241621246e+08,,1.3486788190443295e+08,,+23.43%,

,base,,candidate,,,
,B/op,CI,B/op,CI,vs base,P
Run_Bash100KB-4,1.070513e+06,0%,1.06142e+06,∞,~,p=0.182 n=10+1
Run_GoTest-4,545066.5,0%,512949,∞,~,p=0.182 n=10+1
Run_KeepDeltas-4,1.070933e+06,0%,1.061561e+06,∞,~,p=0.182 n=10+1
Restore_100KB-4,106496,0%,106496,∞,~,p=1.000 n=10+1
geomean,507907.07027704676,,498092.41263273364,,-1.93%,

,base,,candidate,,,
,allocs/op,CI,allocs/op,CI,vs base,P
Run_Bash100KB-4,38,3%,36,∞,-5.26%,n=10+1
Run_GoTest-4,285,0%,168,∞,-41.05%,n=10+1
Run_KeepDeltas-4,38.5,1%,37,∞,-3.90%,n=10+1
Restore_100KB-4,1,0%,1,∞,~,p=1.000 n=10+1
geomean,25.4110316158696,,21.749705291480357,,-14.41%,

"pathstest: HOME is ""/tmp/1925223897/001/home"" at the end of the run, not the isolated home ""/tmp/qompack-test-home-963714756"": a test changed it without restoring it, and every test after it ran against that directory"
,candidate,
,sec/op,CI
Run_Bash100KB-4,0.00199503,∞
Run_GoTest-4,0.00061383,∞
Run_KeepDeltas-4,0.0020189120000000003,∞
Restore_100KB-4,1.5252e-05,∞
geomean,0.00044066690133296653,

,candidate,
,B/s,CI
Run_Bash100KB-4,5.133e+07,∞
Run_GoTest-4,1.943e+07,∞
Run_KeepDeltas-4,5.072e+07,∞
Restore_100KB-4,6.71435e+09,∞
geomean,1.3575530863786963e+08,

,candidate,
,B/op,CI
Run_Bash100KB-4,1.061307e+06,∞
Run_GoTest-4,513288,∞
Run_KeepDeltas-4,1.061321e+06,∞
Restore_100KB-4,106496,∞
geomean,498133.2692908942,

,candidate,
,allocs/op,CI
Run_Bash100KB-4,36,∞
Run_GoTest-4,168,∞
Run_KeepDeltas-4,36,∞
Restore_100KB-4,1,∞
geomean,21.601234462071048,

"pathstest: HOME is ""/tmp/2768512412/001/home"" at the end of the run, not the isolated home ""/tmp/qompack-test-home-1018763912"": a test changed it without restoring it, and every test after it ran against that directory"
,candidate,
,sec/op,CI
Run_Bash100KB-4,0.002033909,∞
Run_GoTest-4,0.0006189300000000001,∞
Run_KeepDeltas-4,0.002048074,∞
Restore_100KB-4,1.5172000000000001e-05,∞
geomean,0.00044472381086768686,

,candidate,
,B/s,CI
Run_Bash100KB-4,5.035e+07,∞
Run_GoTest-4,1.927e+07,∞
Run_KeepDeltas-4,5e+07,∞
Restore_100KB-4,6.75001e+09,∞
geomean,1.3452063308212572e+08,

,candidate,
,B/op,CI
Run_Bash100KB-4,1.061425e+06,∞
Run_GoTest-4,513804,∞
Run_KeepDeltas-4,1.061407e+06,∞
Restore_100KB-4,106496,∞
geomean,498282.3559744931,

,candidate,
,allocs/op,CI
Run_Bash100KB-4,36,∞
Run_GoTest-4,168,∞
Run_KeepDeltas-4,36,∞
Restore_100KB-4,1,∞
geomean,21.601234462071048,

"pathstest: HOME is ""/tmp/2974957428/001/home"" at the end of the run, not the isolated home ""/tmp/qompack-test-home-99215005"": a test changed it without restoring it, and every test after it ran against that directory"
,candidate,
,sec/op,CI
Run_Bash100KB-4,0.00199483,∞
Run_GoTest-4,0.0006034780000000001,∞
Run_KeepDeltas-4,0.002046945,∞
Restore_100KB-4,1.6791000000000002e-05,∞
geomean,0.0004510113975673126,

,candidate,
,B/s,CI
Run_Bash100KB-4,5.134e+07,∞
Run_GoTest-4,1.976e+07,∞
Run_KeepDeltas-4,5.003e+07,∞
Restore_100KB-4,6.09904e+09,∞
geomean,1.3264280498239698e+08,

,candidate,
,B/op,CI
Run_Bash100KB-4,1.061537e+06,∞
Run_GoTest-4,513016,∞
Run_KeepDeltas-4,1.061623e+06,∞
Restore_100KB-4,106496,∞
geomean,498129.67572384066,

,candidate,
,allocs/op,CI
Run_Bash100KB-4,37,∞B132: need >= 6 samples for confidence interval at level 0.95
B133: need >= 6 samples for confidence interval at level 0.95
B134: need >= 6 samples for confidence interval at level 0.95
B140: need >= 6 samples for confidence interval at level 0.95
B141: need >= 6 samples for confidence interval at level 0.95
B142: need >= 6 samples for confidence interval at level 0.95
B143: need >= 6 samples for confidence interval at level 0.95
B148: need >= 6 samples for confidence interval at level 0.95
B149: need >= 6 samples for confidence interval at level 0.95
B150: need >= 6 samples for confidence interval at level 0.95
B151: need >= 6 samples for confidence interval at level 0.95
B156: need >= 6 samples for confidence interval at level 0.95
B157: need >= 6 samples for confidence interval at level 0.95
B158: need >= 6 samples for confidence interval at level 0.95
B159: need >= 6 samples for confidence interval at level 0.95
B164: need >= 6 samples for confidence interval at level 0.95
B165: need >= 6 samples for confidence interval at level 0.95
B166: need >= 6 samples for confidence interval at level 0.95
B167: need >= 6 samples for confidence interval at level 0.95
B173: need >= 6 samples for confidence interval at level 0.95
B174: need >= 6 samples for confidence interval at level 0.95
B175: need >= 6 samples for confidence interval at level 0.95
B176: need >= 6 samples for confidence interval at level 0.95
B181: need >= 6 samples for confidence interval at level 0.95
B182: need >= 6 samples for confidence interval at level 0.95
B183: need >= 6 samples for confidence interval at level 0.95
B184: need >= 6 samples for confidence interval at level 0.95
B189: need >= 6 samples for confidence interval at level 0.95
B190: need >= 6 samples for confidence interval at level 0.95
B191: need >= 6 samples for confidence interval at level 0.95
B192: need >= 6 samples for confidence interval at level 0.95
B197: need >= 6 samples for confidence interval at level 0.95
B198: need >= 6 samples for confidence interval at level 0.95
B199: need >= 6 samples for confidence interval at level 0.95
B200: need >= 6 samples for confidence interval at level 0.95
B206: need >= 6 samples for confidence interval at level 0.95
B207: need >= 6 samples for confidence interval at level 0.95
B208: need >= 6 samples for confidence interval at level 0.95
B209: need >= 6 samples for confidence interval at level 0.95
B214: need >= 6 samples for confidence interval at level 0.95
B215: need >= 6 samples for confidence interval at level 0.95
B216: need >= 6 samples for confidence interval at level 0.95
B217: need >= 6 samples for confidence interval at level 0.95
B222: need >= 6 samples for confidence interval at level 0.95
B223: need >= 6 samples for confidence interval at level 0.95
B224: need >= 6 samples for confidence interval at level 0.95
B225: need >= 6 samples for confidence interval at level 0.95
B230: need >= 6 samples for confidence interval at level 0.95
B231: need >= 6 samples for confidence interval at level 0.95
B232: need >= 6 samples for confidence interval at level 0.95
B233: need >= 6 samples for confidence interval at level 0.95
B239: need >= 6 samples for confidence interval at level 0.95
B240: need >= 6 samples for confidence interval at level 0.95
B241: need >= 6 samples for confidence interval at level 0.95
B242: need >= 6 samples for confidence interval at level 0.95
B247: need >= 6 samples for confidence interval at level 0.95
B248: need >= 6 samples for confidence interval at level 0.95
B249: need >= 6 samples for confidence interval at level 0.95
B250: need >= 6 samples for confidence interval at level 0.95
B255: need >= 6 samples for confidence interval at level 0.95
B256: need >= 6 samples for confidence interval at level 0.95
B257: need >= 6 samples for confidence interval at level 0.95
B258: need >= 6 samples for confidence interval at level 0.95
B263: need >= 6 samples for confidence interval at level 0.95
B264: need >= 6 samples for confidence interval at level 0.95
B265: need >= 6 samples for confidence interval at level 0.95
B266: need >= 6 samples for confidence interval at level 0.95
B272: need >= 6 samples for confidence interval at level 0.95
B273: need >= 6 samples for confidence interval at level 0.95
B274: need >= 6 samples for confidence interval at level 0.95
B275: need >= 6 samples for confidence interval at level 0.95

Run_GoTest-4,168,∞
Run_KeepDeltas-4,37,∞
Restore_100KB-4,1,∞
geomean,21.89919659901207,

"pathstest: HOME is ""/tmp/3178765180/001/home"" at the end of the run, not the isolated home ""/tmp/qompack-test-home-1482751880"": a test changed it without restoring it, and every test after it ran against that directory"
,candidate,
,sec/op,CI
Run_Bash100KB-4,0.002101393,∞
Run_GoTest-4,0.0006331700000000001,∞
Run_KeepDeltas-4,0.0021041740000000003,∞
Restore_100KB-4,1.7203e-05,∞
geomean,0.0004684663085870977,

,candidate,
,B/s,CI
Run_Bash100KB-4,4.873e+07,∞
Run_GoTest-4,1.884e+07,∞
Run_KeepDeltas-4,4.867e+07,∞
Restore_100KB-4,5.95291e+09,∞
geomean,1.2770767347792302e+08,

,candidate,
,B/op,CI
Run_Bash100KB-4,1.061517e+06,∞
Run_GoTest-4,513522,∞
Run_KeepDeltas-4,1.061351e+06,∞
Restore_100KB-4,106496,∞
geomean,498218.19535655074,

,candidate,
,allocs/op,CI
Run_Bash100KB-4,37,∞
Run_GoTest-4,168,∞
Run_KeepDeltas-4,36,∞
Restore_100KB-4,1,∞
geomean,21.749705291480357,

"pathstest: HOME is ""/tmp/3430838114/001/home"" at the end of the run, not the isolated home ""/tmp/qompack-test-home-1101472913"": a test changed it without restoring it, and every test after it ran against that directory"
,candidate,
,sec/op,CI
Run_Bash100KB-4,0.0020656760000000002,∞
Run_GoTest-4,0.0006572500000000001,∞
Run_KeepDeltas-4,0.002065167,∞
Restore_100KB-4,1.6151000000000002e-05,∞
geomean,0.0004613036044976806,

,candidate,
,B/s,CI
Run_Bash100KB-4,4.958e+07,∞
Run_GoTest-4,1.815e+07,∞
Run_KeepDeltas-4,4.959e+07,∞
Restore_100KB-4,6.34051e+09,∞
geomean,1.2969563593968076e+08,

,candidate,
,B/op,CI
Run_Bash100KB-4,1.061473e+06,∞
Run_GoTest-4,513893,∞
Run_KeepDeltas-4,1.061476e+06,∞
Restore_100KB-4,106496,∞
geomean,498317.66426027846,

,candidate,
,allocs/op,CI
Run_Bash100KB-4,36,∞
Run_GoTest-4,168,∞
Run_KeepDeltas-4,36,∞
Restore_100KB-4,1,∞
geomean,21.601234462071048,

"pathstest: HOME is ""/tmp/360400775/001/home"" at the end of the run, not the isolated home ""/tmp/qompack-test-home-2332057623"": a test changed it without restoring it, and every test after it ran against that directory"
,candidate,
,sec/op,CI
Run_Bash100KB-4,0.0019612095,∞
Run_GoTest-4,0.000622119,∞
Run_KeepDeltas-4,0.0020108995,∞
Restore_100KB-4,1.63745e-05,∞
geomean,0.0004477019302190574,

,candidate,
,B/s,CI
Run_Bash100KB-4,5.222e+07,∞
Run_GoTest-4,1.917e+07,∞
Run_KeepDeltas-4,5.094e+07,∞
Restore_100KB-4,6.307075e+09,∞
geomean,1.3391723662470625e+08,

,candidate,
,B/op,CI
Run_Bash100KB-4,1.0612375e+06,∞
Run_GoTest-4,512774,∞
Run_KeepDeltas-4,1.061323e+06,∞
Restore_100KB-4,106496,∞
geomean,498000.597726614,

,candidate,
,allocs/op,CI
Run_Bash100KB-4,36,∞
Run_GoTest-4,168,∞
Run_KeepDeltas-4,36,∞
Restore_100KB-4,1,∞
geomean,21.601234462071048,

"pathstest: HOME is ""/tmp/3768425099/001/home"" at the end of the run, not the isolated home ""/tmp/qompack-test-home-1296488687"": a test changed it without restoring it, and every test after it ran against that directory"
,candidate,
,sec/op,CI
Run_Bash100KB-4,0.002001567,∞
Run_GoTest-4,0.0006013570000000001,∞
Run_KeepDeltas-4,0.0020131190000000003,∞
Restore_100KB-4,1.7331e-05,∞
geomean,0.0004526879072170212,

,candidate,
,B/s,CI
Run_Bash100KB-4,5.116e+07,∞
Run_GoTest-4,1.983e+07,∞
Run_KeepDeltas-4,5.087e+07,∞
Restore_100KB-4,5.90883e+09,∞
geomean,1.3214603011287871e+08,

,candidate,
,B/op,CI
Run_Bash100KB-4,1.061256e+06,∞
Run_GoTest-4,514559,∞
Run_KeepDeltas-4,1.06132e+06,∞
Restore_100KB-4,106496,∞
geomean,498435.246316117,

,candidate,
,allocs/op,CI
Run_Bash100KB-4,36,∞
Run_GoTest-4,168,∞
Run_KeepDeltas-4,36,∞
Restore_100KB-4,1,∞
geomean,21.601234462071048,

"pathstest: HOME is ""/tmp/426110959/001/home"" at the end of the run, not the isolated home ""/tmp/qompack-test-home-2219520244"": a test changed it without restoring it, and every test after it ran against that directory"
,candidate,
,sec/op,CI
Run_Bash100KB-4,0.002050126,∞
Run_GoTest-4,0.0006108250000000001,∞
Run_KeepDeltas-4,0.002016229,∞
Restore_100KB-B280: need >= 6 samples for confidence interval at level 0.95
B281: need >= 6 samples for confidence interval at level 0.95
B282: need >= 6 samples for confidence interval at level 0.95
B283: need >= 6 samples for confidence interval at level 0.95
B288: need >= 6 samples for confidence interval at level 0.95
B289: need >= 6 samples for confidence interval at level 0.95
B290: need >= 6 samples for confidence interval at level 0.95
B291: need >= 6 samples for confidence interval at level 0.95
B296: need >= 6 samples for confidence interval at level 0.95
B297: need >= 6 samples for confidence interval at level 0.95
B298: need >= 6 samples for confidence interval at level 0.95
B299: need >= 6 samples for confidence interval at level 0.95
D306: need >= 6 samples for confidence interval at level 0.95
D307: need >= 6 samples for confidence interval at level 0.95
D308: need >= 6 samples for confidence interval at level 0.95
D309: need >= 6 samples for confidence interval at level 0.95
D310: need >= 6 samples for confidence interval at level 0.95
D315: need >= 6 samples for confidence interval at level 0.95
D320: need >= 6 samples for confidence interval at level 0.95
D321: need >= 6 samples for confidence interval at level 0.95
D322: need >= 6 samples for confidence interval at level 0.95
D323: need >= 6 samples for confidence interval at level 0.95
D324: need >= 6 samples for confidence interval at level 0.95
D329: need >= 6 samples for confidence interval at level 0.95
D330: need >= 6 samples for confidence interval at level 0.95
D331: need >= 6 samples for confidence interval at level 0.95
F331: all samples are equal
D332: need >= 6 samples for confidence interval at level 0.95
D333: need >= 6 samples for confidence interval at level 0.95
B339: need >= 6 samples for confidence interval at level 0.95
B340: need >= 6 samples for confidence interval at level 0.95
B341: need >= 6 samples for confidence interval at level 0.95
B342: need >= 6 samples for confidence interval at level 0.95
B343: need >= 6 samples for confidence interval at level 0.95
B348: need >= 6 samples for confidence interval at level 0.95
B353: need >= 6 samples for confidence interval at level 0.95
B354: need >= 6 samples for confidence interval at level 0.95
B355: need >= 6 samples for confidence interval at level 0.95
B356: need >= 6 samples for confidence interval at level 0.95
B357: need >= 6 samples for confidence interval at level 0.95
B362: need >= 6 samples for confidence interval at level 0.95
B363: need >= 6 samples for confidence interval at level 0.95
B364: need >= 6 samples for confidence interval at level 0.95
B365: need >= 6 samples for confidence interval at level 0.95
B366: need >= 6 samples for confidence interval at level 0.95
B372: need >= 6 samples for confidence interval at level 0.95
B373: need >= 6 samples for confidence interval at level 0.95
B374: need >= 6 samples for confidence interval at level 0.95
B375: need >= 6 samples for confidence interval at level 0.95
B376: need >= 6 samples for confidence interval at level 0.95
B381: need >= 6 samples for confidence interval at level 0.95
B386: need >= 6 samples for confidence interval at level 0.95
B387: need >= 6 samples for confidence interval at level 0.95
B388: need >= 6 samples for confidence interval at level 0.95
B389: need >= 6 samples for confidence interval at level 0.95
B390: need >= 6 samples for confidence interval at level 0.95
B395: need >= 6 samples for confidence interval at level 0.95
B396: need >= 6 samples for confidence interval at level 0.95
B397: need >= 6 samples for confidence interval at level 0.95
B398: need >= 6 samples for confidence interval at level 0.95
B399: need >= 6 samples for confidence interval at level 0.95
4,1.5076000000000001e-05,∞
geomean,0.00044170349508634556,

,candidate,
,B/s,CI
Run_Bash100KB-4,4.995e+07,∞
Run_GoTest-4,1.953e+07,∞
Run_KeepDeltas-4,5.079e+07,∞
Restore_100KB-4,6.79258e+09,∞
geomean,1.354449064849434e+08,

,candidate,
,B/op,CI
Run_Bash100KB-4,1.061225e+06,∞
Run_GoTest-4,512938,∞
Run_KeepDeltas-4,1.061362e+06,∞
Restore_100KB-4,106496,∞
geomean,498043.52038236236,

,candidate,
,allocs/op,CI
Run_Bash100KB-4,36,∞
Run_GoTest-4,168,∞
Run_KeepDeltas-4,36,∞
Restore_100KB-4,1,∞
geomean,21.601234462071048,

pkg: github.com/qompack/qompack/internal/checkpoint
pathstest: 
,base,,candidate,,,
,sec/op,CI,sec/op,CI,vs base,P
Finalize-4,0.03436676550000001,3%,0.046041669,∞,~,p=0.182 n=10+1
ExtractDecisions-4,0.005901543,2%,0.005752215000000001,∞,~,p=0.364 n=10+1
StripInjections-4,0.00020934650000000002,6%,0.000129135,∞,~,p=0.182 n=10+1
Truncate-4,0.001154677,7%,0.001024091,∞,~,p=0.182 n=10+1
AdvanceSegment-4,0.021715157500000002,3%,0.020767427,∞,~,p=0.182 n=10+1
geomean,0.004031240306997958,,0.0037355132008371926,,-7.34%,

,base,,candidate,,,
,B/s,CI,B/s,CI,vs base,P
StripInjections-4,1.252205e+09,6%,2.03e+09,∞,~,p=0.182 n=10+1
geomean,1.252204999999998e+09,,2.029999999999999e+09,,+62.11%,

,base,,candidate,,,
,B/op,CI,B/op,CI,vs base,P
Finalize-4,3.995802e+06,1%,3.343189e+06,∞,~,p=0.182 n=10+1
ExtractDecisions-4,7.166423e+06,0%,7.456996e+06,∞,~,p=0.182 n=10+1
StripInjections-4,1.162116e+06,0%,1.162112e+06,∞,~,p=0.182 n=10+1
Truncate-4,742314,0%,736929,∞,~,p=0.182 n=10+1
AdvanceSegment-4,6.783285e+06,5%,5.827591e+06,∞,~,p=0.364 n=10+1
geomean,2.7850738722587223e+06,,2.6240826349681057e+06,,-5.78%,

,base,,candidate,,,
,allocs/op,CI,allocs/op,CI,vs base,P
Finalize-4,22493.5,0%,15821,∞,~,p=0.182 n=10+1
ExtractDecisions-4,32646,0%,32481,∞,-0.51%,n=10+1
StripInjections-4,14,0%,14,∞,~,p=1.000 n=10+1
Truncate-4,1571,0%,1562,∞,-0.57%,n=10+1
AdvanceSegment-4,6678,5%,5656,∞,~,p=0.545 n=10+1
geomean,2550.1605892120124,,2294.226847245,,-10.04%,

"pathstest: HOME is ""/tmp/1925223897/001/home"" at the end of the run, not the isolated home ""/tmp/qompack-test-home-963714756"": a test changed it without restoring it, and every test after it ran against that directory"
,candidate,
,sec/op,CI
Finalize-4,0.047755778000000006,∞
ExtractDecisions-4,0.0058555460000000005,∞
StripInjections-4,0.000137107,∞
Truncate-4,0.000997925,∞
AdvanceSegment-4,0.021617071,∞
geomean,0.003832741598516314,

,candidate,
,B/s,CI
StripInjections-4,1.91197e+09,∞
geomean,1.9119699999999974e+09,

,candidate,
,B/op,CI
Finalize-4,3.381496e+06,∞
ExtractDecisions-4,7.458041e+06,∞
StripInjections-4,1.162112e+06,∞
Truncate-4,737248,∞
AdvanceSegment-4,6.516664e+06,∞
geomean,2.6898255376694608e+06,

,candidate,
,allocs/op,CI
Finalize-4,15827,∞
ExtractDecisions-4,32481,∞
StripInjections-4,14,∞
Truncate-4,1562,∞
AdvanceSegment-4,6356,∞
geomean,2348.573680011484,

"pathstest: HOME is ""/tmp/2768512412/001/home"" at the end of the run, not the isolated home ""/tmp/qompack-test-home-1018763912"": a test changed it without restoring it, and every test after it ran against that directory"
,candidate,
,sec/op,CI
Finalize-4,0.047691261000000006,∞
ExtractDecisions-4,0.005611561,∞
StripInjections-4,0.00013167000000000002,∞
Truncate-4,0.001010424,∞
AdvanceSegment-4,0.020440843,∞
geomean,0.0037359611988169654,

,candidate,
,B/s,CI
StripInjections-4,1.99092e+09,∞
geomean,1.9909199999999983e+09,

,candidate,
,B/op,CI
Finalize-4,3.407456e+06,∞
ExtractDecisions-4,7.45713e+06,∞
StripInjections-4,1.162112e+06,∞
Truncate-4,736921,∞
AdvanceSegment-4,5.77461e+06,∞
geomean,2.629291331371908e+06,

,candidate,
,allocs/op,CI
Finalize-4,15827,∞
ExtractDecisions-4,32481,∞
StripInjections-4,14,∞
Truncate-4,1562,∞
AdvanceSegment-4,5656,∞
geomean,2294.4008346464684,

"pathstest: HOME is ""/tmp/2974957428/001/home"" at the end of the run, not the isolated home ""/tmp/qompack-test-home-99215005"": a test changed it without restoring it, and every test after it ran against that directB405: need >= 6 samples for confidence interval at level 0.95
B406: need >= 6 samples for confidence interval at level 0.95
B407: need >= 6 samples for confidence interval at level 0.95
B408: need >= 6 samples for confidence interval at level 0.95
B409: need >= 6 samples for confidence interval at level 0.95
B414: need >= 6 samples for confidence interval at level 0.95
B419: need >= 6 samples for confidence interval at level 0.95
B420: need >= 6 samples for confidence interval at level 0.95
B421: need >= 6 samples for confidence interval at level 0.95
B422: need >= 6 samples for confidence interval at level 0.95
B423: need >= 6 samples for confidence interval at level 0.95
B428: need >= 6 samples for confidence interval at level 0.95
B429: need >= 6 samples for confidence interval at level 0.95
B430: need >= 6 samples for confidence interval at level 0.95
B431: need >= 6 samples for confidence interval at level 0.95
B432: need >= 6 samples for confidence interval at level 0.95
B438: need >= 6 samples for confidence interval at level 0.95
B439: need >= 6 samples for confidence interval at level 0.95
B440: need >= 6 samples for confidence interval at level 0.95
B441: need >= 6 samples for confidence interval at level 0.95
B442: need >= 6 samples for confidence interval at level 0.95
B447: need >= 6 samples for confidence interval at level 0.95
B452: need >= 6 samples for confidence interval at level 0.95
B453: need >= 6 samples for confidence interval at level 0.95
B454: need >= 6 samples for confidence interval at level 0.95
B455: need >= 6 samples for confidence interval at level 0.95
B456: need >= 6 samples for confidence interval at level 0.95
B461: need >= 6 samples for confidence interval at level 0.95
B462: need >= 6 samples for confidence interval at level 0.95
B463: need >= 6 samples for confidence interval at level 0.95
B464: need >= 6 samples for confidence interval at level 0.95
B465: need >= 6 samples for confidence interval at level 0.95
B471: need >= 6 samples for confidence interval at level 0.95
B472: need >= 6 samples for confidence interval at level 0.95
B473: need >= 6 samples for confidence interval at level 0.95
B474: need >= 6 samples for confidence interval at level 0.95
B475: need >= 6 samples for confidence interval at level 0.95
B480: need >= 6 samples for confidence interval at level 0.95
B485: need >= 6 samples for confidence interval at level 0.95
B486: need >= 6 samples for confidence interval at level 0.95
B487: need >= 6 samples for confidence interval at level 0.95
B488: need >= 6 samples for confidence interval at level 0.95
B489: need >= 6 samples for confidence interval at level 0.95
B494: need >= 6 samples for confidence interval at level 0.95
B495: need >= 6 samples for confidence interval at level 0.95
B496: need >= 6 samples for confidence interval at level 0.95
B497: need >= 6 samples for confidence interval at level 0.95
B498: need >= 6 samples for confidence interval at level 0.95
B504: need >= 6 samples for confidence interval at level 0.95
B505: need >= 6 samples for confidence interval at level 0.95
B506: need >= 6 samples for confidence interval at level 0.95
B507: need >= 6 samples for confidence interval at level 0.95
B508: need >= 6 samples for confidence interval at level 0.95
B513: need >= 6 samples for confidence interval at level 0.95
B518: need >= 6 samples for confidence interval at level 0.95
B519: need >= 6 samples for confidence interval at level 0.95
B520: need >= 6 samples for confidence interval at level 0.95
B521: need >= 6 samples for confidence interval at level 0.95
B522: need >= 6 samples for confidence interval at level 0.95
B527: need >= 6 samples for confidence interval at level 0.95
B528: need >= 6 samples for confidence interval at level 0.95
B529: need >= 6 samples for confidence interval at level 0.95
B530: need >= 6 samples for confidence interval at level 0.95
B531: need >= 6 samples for confidence interval at level 0.95
B537: need >= 6 samples for confidence interval at level 0.95
B538: need >= 6 samples for confidence interval at level 0.95
B539: need >= 6 samples for confidence interval at level 0.95
B540: need >= 6 samples for confidence interval at level 0.95
B541: need >= 6 samples for confidence interval at level 0.95
B546: need >= 6 samples for confidence interval at level 0.95
B551: need >= 6 samples for confidence interval at level 0.95
B552: need >= 6 samples for confidence interval at level 0.95
B553: need >= 6 samples for confidence interval at level 0.95
ory"
,candidate,
,sec/op,CI
Finalize-4,0.04491216,∞
ExtractDecisions-4,0.00571767,∞
StripInjections-4,0.00013066300000000002,∞
Truncate-4,0.001016039,∞
AdvanceSegment-4,0.022430118000000002,∞
geomean,0.0037730756954930523,

,candidate,
,B/s,CI
StripInjections-4,2.00626e+09,∞
geomean,2.006260000000002e+09,

,candidate,
,B/op,CI
Finalize-4,3.355816e+06,∞
ExtractDecisions-4,7.456911e+06,∞
StripInjections-4,1.162112e+06,∞
Truncate-4,737255,∞
AdvanceSegment-4,7.046005e+06,∞
geomean,2.7279295600948283e+06,

,candidate,
,allocs/op,CI
Finalize-4,15826,∞
ExtractDecisions-4,32480,∞
StripInjections-4,14,∞
Truncate-4,1562,∞
AdvanceSegment-4,6759,∞
geomean,2377.583284077003,

"pathstest: HOME is ""/tmp/3178765180/001/home"" at the end of the run, not the isolated home ""/tmp/qompack-test-home-1482751880"": a test changed it without restoring it, and every test after it ran against that directory"
,candidate,
,sec/op,CI
Finalize-4,0.046301926,∞
ExtractDecisions-4,0.005970647000000001,∞
StripInjections-4,0.000126457,∞
Truncate-4,0.0010132630000000001,∞
AdvanceSegment-4,0.022037647,∞
geomean,0.003788699377590344,

,candidate,
,B/s,CI
StripInjections-4,2.0729899999999998e+09,∞
geomean,2.0729899999999976e+09,

,candidate,
,B/op,CI
Finalize-4,3.370112e+06,∞
ExtractDecisions-4,7.457472e+06,∞
StripInjections-4,1.162112e+06,∞
Truncate-4,736981,∞
AdvanceSegment-4,5.862414e+06,∞
geomean,2.6314998253380843e+06,

,candidate,
,allocs/op,CI
Finalize-4,15826,∞
ExtractDecisions-4,32482,∞
StripInjections-4,14,∞
Truncate-4,1562,∞
AdvanceSegment-4,5755,∞
geomean,2302.3622894875857,

"pathstest: HOME is ""/tmp/3430838114/001/home"" at the end of the run, not the isolated home ""/tmp/qompack-test-home-1101472913"": a test changed it without restoring it, and every test after it ran against that directory"
,candidate,
,sec/op,CI
Finalize-4,0.046057752,∞
ExtractDecisions-4,0.005721844,∞
StripInjections-4,0.00014055300000000002,∞
Truncate-4,0.001027015,∞
AdvanceSegment-4,0.022553428,∞
geomean,0.0038609452540550996,

,candidate,
,B/s,CI
StripInjections-4,1.86509e+09,∞
geomean,1.8650899999999988e+09,

,candidate,
,B/op,CI
Finalize-4,3.317596e+06,∞
ExtractDecisions-4,7.457756e+06,∞
StripInjections-4,1.162112e+06,∞
Truncate-4,737154,∞
AdvanceSegment-4,5.247041e+06,∞
geomean,2.565845296705344e+06,

,candidate,
,allocs/op,CI
Finalize-4,15823,∞
ExtractDecisions-4,32481,∞
StripInjections-4,14,∞
Truncate-4,1562,∞
AdvanceSegment-4,5153,∞
geomean,2251.9434758441153,

"pathstest: HOME is ""/tmp/360400775/001/home"" at the end of the run, not the isolated home ""/tmp/qompack-test-home-2332057623"": a test changed it without restoring it, and every test after it ran against that directory"
,candidate,
,sec/op,CI
Finalize-4,0.04449916350000001,∞
ExtractDecisions-4,0.005677805000000001,∞
StripInjections-4,0.000133103,∞
Truncate-4,0.0010104915,∞
AdvanceSegment-4,0.021702909,∞
geomean,0.0037458825453631915,

,candidate,
,B/s,CI
StripInjections-4,1.97158e+09,∞
geomean,1.9715800000000005e+09,

,candidate,
,B/op,CI
Finalize-4,3.384918e+06,∞
ExtractDecisions-4,7.4579375e+06,∞
StripInjections-4,1.1621125e+06,∞
Truncate-4,737064,∞
AdvanceSegment-4,6.577481e+06,∞
geomean,2.695230876550252e+06,

,candidate,
,allocs/op,CI
Finalize-4,15824.5,∞
ExtractDecisions-4,32481,∞
StripInjections-4,14,∞
Truncate-4,1562,∞
AdvanceSegment-4,6356.5,∞
geomean,2348.536428328882,

"pathstest: HOME is ""/tmp/3768425099/001/home"" at the end of the run, not the isolated home ""/tmp/qompack-test-home-1296488687"": a test changed it without restoring it, and every test after it ran against that directory"
,candidate,
,sec/op,CI
Finalize-4,0.045290228,∞
ExtractDecisions-4,0.005652878,∞
StripInjections-4,0.000131295,∞
Truncate-4,0.001033752,∞
AdvanceSegment-4,0.022107601,∞
geomean,0.0037765571184024734,

,candidate,
,B/s,CI
StripInjections-4,1.99661e+09,∞
geomean,1.9966099999999988e+09,

,candidate,
,B/op,CI
Finalize-4,3.35588e+06,∞
ExtractDecisions-4,7.45797e+06,∞
StB554: need >= 6 samples for confidence interval at level 0.95
B555: need >= 6 samples for confidence interval at level 0.95
B560: need >= 6 samples for confidence interval at level 0.95
B561: need >= 6 samples for confidence interval at level 0.95
B562: need >= 6 samples for confidence interval at level 0.95
B563: need >= 6 samples for confidence interval at level 0.95
B564: need >= 6 samples for confidence interval at level 0.95
B570: need >= 6 samples for confidence interval at level 0.95
B571: need >= 6 samples for confidence interval at level 0.95
B572: need >= 6 samples for confidence interval at level 0.95
B573: need >= 6 samples for confidence interval at level 0.95
B574: need >= 6 samples for confidence interval at level 0.95
B579: need >= 6 samples for confidence interval at level 0.95
B584: need >= 6 samples for confidence interval at level 0.95
B585: need >= 6 samples for confidence interval at level 0.95
B586: need >= 6 samples for confidence interval at level 0.95
B587: need >= 6 samples for confidence interval at level 0.95
B588: need >= 6 samples for confidence interval at level 0.95
B593: need >= 6 samples for confidence interval at level 0.95
B594: need >= 6 samples for confidence interval at level 0.95
B595: need >= 6 samples for confidence interval at level 0.95
B596: need >= 6 samples for confidence interval at level 0.95
B597: need >= 6 samples for confidence interval at level 0.95
D604: need >= 6 samples for confidence interval at level 0.95
D605: need >= 6 samples for confidence interval at level 0.95
D606: need >= 6 samples for confidence interval at level 0.95
D607: need >= 6 samples for confidence interval at level 0.95
D608: need >= 6 samples for confidence interval at level 0.95
D613: need >= 6 samples for confidence interval at level 0.95
D614: need >= 6 samples for confidence interval at level 0.95
D615: need >= 6 samples for confidence interval at level 0.95
D616: need >= 6 samples for confidence interval at level 0.95
D621: need >= 6 samples for confidence interval at level 0.95
F621: all samples are equal
D622: need >= 6 samples for confidence interval at level 0.95
F622: all samples are equal
D623: need >= 6 samples for confidence interval at level 0.95
F623: all samples are equal
D624: need >= 6 samples for confidence interval at level 0.95
F624: all samples are equal
D625: need >= 6 samples for confidence interval at level 0.95
F625: all samples are equal
B626: summaries must be >0 to compute geomean
D626: summaries must be >0 to compute geomean
D630: need >= 6 samples for confidence interval at level 0.95
F630: all samples are equal
D631: need >= 6 samples for confidence interval at level 0.95
F631: all samples are equal
D632: need >= 6 samples for confidence interval at level 0.95
F632: all samples are equal
D633: need >= 6 samples for confidence interval at level 0.95
F633: all samples are equal
D634: need >= 6 samples for confidence interval at level 0.95
F634: all samples are equal
B635: summaries must be >0 to compute geomean
D635: summaries must be >0 to compute geomean
B640: need >= 6 samples for confidence interval at level 0.95
B641: need >= 6 samples for confidence interval at level 0.95
B642: need >= 6 samples for confidence interval at level 0.95
B643: need >= 6 samples for confidence interval at level 0.95
B644: need >= 6 samples for confidence interval at level 0.95
B649: need >= 6 samples for confidence interval at level 0.95
B650: need >= 6 samples for confidence interval at level 0.95
B651: need >= 6 samples for confidence interval at level 0.95
B652: need >= 6 samples for confidence interval at level 0.95
B657: need >= 6 samples for confidence interval at level 0.95
B658: need >= 6 samples for confidence interval at level 0.95
B659: need >= 6 samples for confidence interval at level 0.95
B660: need >= 6 samples for confidence interval at level 0.95
B661: need >= 6 samples for confidence interval at level 0.95
B662: summaries must be >0 to compute geomean
B666: need >= 6 samples for confidence interval at level 0.95
B667: need >= 6 samples for confidence interval at level 0.95
B668: need >= 6 samples for confidence interval at level 0.95
B669: need >= 6 samples for confidence interval at level 0.95
B670: need >= 6 samples for confidence interval at level 0.95
B671: summaries must be >0 to compute geomean
B676: need >= 6 samples for confidence interval at level 0.95
B677: need >= 6 samples for confidence interval at level 0.95
B678: need >= 6 samples for confidence interval at level 0.95
B679: need >= 6 samples for confidence interval at level 0.95
B680: need >= 6 samples for confidence interval at level 0.95
ripInjections-4,1.162113e+06,∞
Truncate-4,737048,∞
AdvanceSegment-4,6.66664e+06,∞
geomean,2.6978365741939256e+06,

,candidate,
,allocs/op,CI
Finalize-4,15825,∞
ExtractDecisions-4,32481,∞
StripInjections-4,14,∞
Truncate-4,1562,∞
AdvanceSegment-4,6358,∞
geomean,2348.6621005397683,

"pathstest: HOME is ""/tmp/426110959/001/home"" at the end of the run, not the isolated home ""/tmp/qompack-test-home-2219520244"": a test changed it without restoring it, and every test after it ran against that directory"
,candidate,
,sec/op,CI
Finalize-4,0.046233084,∞
ExtractDecisions-4,0.005884719,∞
StripInjections-4,0.000126701,∞
Truncate-4,0.000996338,∞
AdvanceSegment-4,0.022325838,∞
geomean,0.003775153543808702,

,candidate,
,B/s,CI
StripInjections-4,2.069e+09,∞
geomean,2.0690000000000021e+09,

,candidate,
,B/op,CI
Finalize-4,3.433715e+06,∞
ExtractDecisions-4,7.45767e+06,∞
StripInjections-4,1.162112e+06,∞
Truncate-4,737171,∞
AdvanceSegment-4,6.887452e+06,∞
geomean,2.7280256166734044e+06,

,candidate,
,allocs/op,CI
Finalize-4,15828,∞
ExtractDecisions-4,32481,∞
StripInjections-4,14,∞
Truncate-4,1562,∞
AdvanceSegment-4,6658,∞
geomean,2370.509269110867,

pkg: github.com/qompack/qompack/internal/chunk
pathstest: 
,base,,candidate,,,
,sec/op,CI,sec/op,CI,vs base,P
Split_100KB-4,8.905500000000001e-05,3%,8.8152e-05,∞,~,p=0.364 n=10+1
GearScan_1MiB-4,0.0004081665,3%,0.00040470500000000005,∞,~,p=0.182 n=10+1
Split_1MiB-4,0.000925108,3%,0.0009169520000000001,∞,~,p=0.364 n=10+1
SplitStream_4MiB-4,0.0043892375,3%,0.004273460000000001,∞,~,p=0.364 n=10+1
RootHash_1000Chunks-4,2.0864500000000003e-05,2%,2.1136000000000002e-05,∞,~,p=0.545 n=10+1
geomean,0.0003145553187154069,,0.0003119636242555083,,-0.82%,

,base,,candidate,,,
,B/s,CI,B/s,CI,vs base,P
Split_100KB-4,1.14986e+09,3%,1.16163e+09,∞,~,p=0.364 n=10+1
GearScan_1MiB-4,2.569055e+09,3%,2.59096e+09,∞,~,p=0.182 n=10+1
Split_1MiB-4,1.13347e+09,3%,1.14355e+09,∞,~,p=0.364 n=10+1
SplitStream_4MiB-4,9.55605e+08,2%,9.8148e+08,∞,~,p=0.364 n=10+1
geomean,1.3374473758869114e+09,,1.3557083940717607e+09,,+1.37%,

,base,,candidate,,,
,B/op,CI,B/op,CI,vs base,P
Split_100KB-4,4992,0%,4992,∞,~,p=1.000 n=10+1
GearScan_1MiB-4,0,0%,0,∞,~,p=1.000 n=10+1
Split_1MiB-4,57472,0%,57472,∞,~,p=1.000 n=10+1
SplitStream_4MiB-4,33000,0%,33000,∞,~,p=1.000 n=10+1
RootHash_1000Chunks-4,32,0%,32,∞,~,p=1.000 n=10+1
geomean,,,,,+0.00%,

,base,,candidate,,,
,allocs/op,CI,allocs/op,CI,vs base,P
Split_100KB-4,2,0%,2,∞,~,p=1.000 n=10+1
GearScan_1MiB-4,0,0%,0,∞,~,p=1.000 n=10+1
Split_1MiB-4,2,0%,2,∞,~,p=1.000 n=10+1
SplitStream_4MiB-4,6,0%,6,∞,~,p=1.000 n=10+1
RootHash_1000Chunks-4,1,0%,1,∞,~,p=1.000 n=10+1
geomean,,,,,+0.00%,

"pathstest: HOME is ""/tmp/1925223897/001/home"" at the end of the run, not the isolated home ""/tmp/qompack-test-home-963714756"": a test changed it without restoring it, and every test after it ran against that directory"
,candidate,
,sec/op,CI
Split_100KB-4,9.138500000000001e-05,∞
GearScan_1MiB-4,0.000407347,∞
Split_1MiB-4,0.0009228750000000001,∞
SplitStream_4MiB-4,0.004284125000000001,∞
RootHash_1000Chunks-4,2.1126e-05,∞
geomean,0.0003151609100343012,

,candidate,
,B/s,CI
Split_100KB-4,1.12053e+09,∞
GearScan_1MiB-4,2.57416e+09,∞
Split_1MiB-4,1.13621e+09,∞
SplitStream_4MiB-4,9.7903e+08,∞
geomean,1.3383768261949966e+09,

,candidate,
,B/op,CI
Split_100KB-4,4992,∞
GearScan_1MiB-4,0,∞
Split_1MiB-4,57472,∞
SplitStream_4MiB-4,33000,∞
RootHash_1000Chunks-4,32,∞
geomean,,

,candidate,
,allocs/op,CI
Split_100KB-4,2,∞
GearScan_1MiB-4,0,∞
Split_1MiB-4,2,∞
SplitStream_4MiB-4,6,∞
RootHash_1000Chunks-4,1,∞
geomean,,

"pathstest: HOME is ""/tmp/2768512412/001/home"" at the end of the run, not the isolated home ""/tmp/qompack-test-home-1018763912"": a test changed it without restoring it, and every test after it ran against that directory"
,candidate,
,sec/op,CI
Split_100KB-4,9.0642e-05,∞
GearScan_1MiB-4,0.000414185,∞
Split_1MiB-4,0.00096369,∞
SplitStream_4MiB-4,0.004506327,∞
RootHash_1000Chunks-4,2.0B685: need >= 6 samples for confidence interval at level 0.95
B686: need >= 6 samples for confidence interval at level 0.95
B687: need >= 6 samples for confidence interval at level 0.95
B688: need >= 6 samples for confidence interval at level 0.95
B693: need >= 6 samples for confidence interval at level 0.95
B694: need >= 6 samples for confidence interval at level 0.95
B695: need >= 6 samples for confidence interval at level 0.95
B696: need >= 6 samples for confidence interval at level 0.95
B697: need >= 6 samples for confidence interval at level 0.95
B698: summaries must be >0 to compute geomean
B702: need >= 6 samples for confidence interval at level 0.95
B703: need >= 6 samples for confidence interval at level 0.95
B704: need >= 6 samples for confidence interval at level 0.95
B705: need >= 6 samples for confidence interval at level 0.95
B706: need >= 6 samples for confidence interval at level 0.95
B707: summaries must be >0 to compute geomean
B712: need >= 6 samples for confidence interval at level 0.95
B713: need >= 6 samples for confidence interval at level 0.95
B714: need >= 6 samples for confidence interval at level 0.95
B715: need >= 6 samples for confidence interval at level 0.95
B716: need >= 6 samples for confidence interval at level 0.95
B721: need >= 6 samples for confidence interval at level 0.95
B722: need >= 6 samples for confidence interval at level 0.95
B723: need >= 6 samples for confidence interval at level 0.95
B724: need >= 6 samples for confidence interval at level 0.95
B729: need >= 6 samples for confidence interval at level 0.95
B730: need >= 6 samples for confidence interval at level 0.95
B731: need >= 6 samples for confidence interval at level 0.95
B732: need >= 6 samples for confidence interval at level 0.95
B733: need >= 6 samples for confidence interval at level 0.95
B734: summaries must be >0 to compute geomean
B738: need >= 6 samples for confidence interval at level 0.95
B739: need >= 6 samples for confidence interval at level 0.95
B740: need >= 6 samples for confidence interval at level 0.95
B741: need >= 6 samples for confidence interval at level 0.95
B742: need >= 6 samples for confidence interval at level 0.95
B743: summaries must be >0 to compute geomean
B748: need >= 6 samples for confidence interval at level 0.95
B749: need >= 6 samples for confidence interval at level 0.95
B750: need >= 6 samples for confidence interval at level 0.95
B751: need >= 6 samples for confidence interval at level 0.95
B752: need >= 6 samples for confidence interval at level 0.95
B757: need >= 6 samples for confidence interval at level 0.95
B758: need >= 6 samples for confidence interval at level 0.95
B759: need >= 6 samples for confidence interval at level 0.95
B760: need >= 6 samples for confidence interval at level 0.95
B765: need >= 6 samples for confidence interval at level 0.95
B766: need >= 6 samples for confidence interval at level 0.95
B767: need >= 6 samples for confidence interval at level 0.95
B768: need >= 6 samples for confidence interval at level 0.95
B769: need >= 6 samples for confidence interval at level 0.95
B770: summaries must be >0 to compute geomean
B774: need >= 6 samples for confidence interval at level 0.95
B775: need >= 6 samples for confidence interval at level 0.95
B776: need >= 6 samples for confidence interval at level 0.95
B777: need >= 6 samples for confidence interval at level 0.95
B778: need >= 6 samples for confidence interval at level 0.95
B779: summaries must be >0 to compute geomean
B784: need >= 6 samples for confidence interval at level 0.95
B785: need >= 6 samples for confidence interval at level 0.95
B786: need >= 6 samples for confidence interval at level 0.95
B787: need >= 6 samples for confidence interval at level 0.95
B788: need >= 6 samples for confidence interval at level 0.95
B793: need >= 6 samples for confidence interval at level 0.95
B794: need >= 6 samples for confidence interval at level 0.95
B795: need >= 6 samples for confidence interval at level 0.95
B796: need >= 6 samples for confidence interval at level 0.95
B801: need >= 6 samples for confidence interval at level 0.95
B802: need >= 6 samples for confidence interval at level 0.95
B803: need >= 6 samples for confidence interval at level 0.95
B804: need >= 6 samples for confidence interval at level 0.95
B805: need >= 6 samples for confidence interval at level 0.95
B806: summaries must be >0 to compute geomean
B810: need >= 6 samples for confidence interval at level 0.95
B811: need >= 6 samples for confidence interval at level 0.95
B812: need >= 6 samples for confidence interval at level 0.95
B813: need >= 6 samples for confidence interval at level 0.95
B814: need >= 6 samples for confidence interval at level 0.95
B815: summaries must be >0 to compute geomean
B820: need >= 6 samples for confidence interval at level 0.95
B821: need >= 6 samples for confidence interval at level 0.95
B822: need >= 6 samples for confidence interval at level 0.95
B823: need >= 6 samples for confidence interval at level 0.95
B824: need >= 6 samples for confidence interval at level 0.95
B829: need >= 6 samples for confidence interval at level 0.95
B830: need >= 6 samples for confidence interval at level 0.95
B831: need >= 6 samples for confidence interval at level 0.95
B832: need >= 6 samples for confidence interval at level 0.95
B837: need >= 6 samples for confidence interval at level 0.95
B838: need >= 6 samples for confidence interval at level 0.95
503e-05,∞
geomean,0.00031975714871201405,

,candidate,
,B/s,CI
Split_100KB-4,1.12972e+09,∞
GearScan_1MiB-4,2.53166e+09,∞
Split_1MiB-4,1.08808e+09,∞
SplitStream_4MiB-4,9.3076e+08,∞
geomean,1.3045738951608813e+09,

,candidate,
,B/op,CI
Split_100KB-4,4992,∞
GearScan_1MiB-4,0,∞
Split_1MiB-4,57472,∞
SplitStream_4MiB-4,33000,∞
RootHash_1000Chunks-4,32,∞
geomean,,

,candidate,
,allocs/op,CI
Split_100KB-4,2,∞
GearScan_1MiB-4,0,∞
Split_1MiB-4,2,∞
SplitStream_4MiB-4,6,∞
RootHash_1000Chunks-4,1,∞
geomean,,

"pathstest: HOME is ""/tmp/2974957428/001/home"" at the end of the run, not the isolated home ""/tmp/qompack-test-home-99215005"": a test changed it without restoring it, and every test after it ran against that directory"
,candidate,
,sec/op,CI
Split_100KB-4,8.790000000000001e-05,∞
GearScan_1MiB-4,0.00039950500000000003,∞
Split_1MiB-4,0.000927071,∞
SplitStream_4MiB-4,0.004338511000000001,∞
RootHash_1000Chunks-4,2.1346000000000002e-05,∞
geomean,0.00031322488584538264,

,candidate,
,B/s,CI
Split_100KB-4,1.16496e+09,∞
GearScan_1MiB-4,2.62469e+09,∞
Split_1MiB-4,1.13106e+09,∞
SplitStream_4MiB-4,9.6676e+08,∞
geomean,1.3522230566637607e+09,

,candidate,
,B/op,CI
Split_100KB-4,4992,∞
GearScan_1MiB-4,0,∞
Split_1MiB-4,57472,∞
SplitStream_4MiB-4,33000,∞
RootHash_1000Chunks-4,32,∞
geomean,,

,candidate,
,allocs/op,CI
Split_100KB-4,2,∞
GearScan_1MiB-4,0,∞
Split_1MiB-4,2,∞
SplitStream_4MiB-4,6,∞
RootHash_1000Chunks-4,1,∞
geomean,,

"pathstest: HOME is ""/tmp/3178765180/001/home"" at the end of the run, not the isolated home ""/tmp/qompack-test-home-1482751880"": a test changed it without restoring it, and every test after it ran against that directory"
,candidate,
,sec/op,CI
Split_100KB-4,8.9166e-05,∞
GearScan_1MiB-4,0.00043624900000000004,∞
Split_1MiB-4,0.00094868,∞
SplitStream_4MiB-4,0.004445037000000001,∞
RootHash_1000Chunks-4,2.1202e-05,∞
geomean,0.0003223006169838893,

,candidate,
,B/s,CI
Split_100KB-4,1.14842e+09,∞
GearScan_1MiB-4,2.40362e+09,∞
Split_1MiB-4,1.1053e+09,∞
SplitStream_4MiB-4,9.4359e+08,∞
geomean,1.3025893228078349e+09,

,candidate,
,B/op,CI
Split_100KB-4,4992,∞
GearScan_1MiB-4,0,∞
Split_1MiB-4,57472,∞
SplitStream_4MiB-4,33000,∞
RootHash_1000Chunks-4,32,∞
geomean,,

,candidate,
,allocs/op,CI
Split_100KB-4,2,∞
GearScan_1MiB-4,0,∞
Split_1MiB-4,2,∞
SplitStream_4MiB-4,6,∞
RootHash_1000Chunks-4,1,∞
geomean,,

"pathstest: HOME is ""/tmp/3430838114/001/home"" at the end of the run, not the isolated home ""/tmp/qompack-test-home-1101472913"": a test changed it without restoring it, and every test after it ran against that directory"
,candidate,
,sec/op,CI
Split_100KB-4,9.052700000000001e-05,∞
GearScan_1MiB-4,0.000413203,∞
Split_1MiB-4,0.000938406,∞
SplitStream_4MiB-4,0.004466613,∞
RootHash_1000Chunks-4,2.1052e-05,∞
geomean,0.0003189486817111536,

,candidate,
,B/s,CI
Split_100KB-4,1.13115e+09,∞
GearScan_1MiB-4,2.53768e+09,∞
Split_1MiB-4,1.1174e+09,∞
SplitStream_4MiB-4,9.3903e+08,∞
geomean,1.317380703488576e+09,

,candidate,
,B/op,CI
Split_100KB-4,4992,∞
GearScan_1MiB-4,0,∞
Split_1MiB-4,57472,∞
SplitStream_4MiB-4,33000,∞
RootHash_1000Chunks-4,32,∞
geomean,,

,candidate,
,allocs/op,CI
Split_100KB-4,2,∞
GearScan_1MiB-4,0,∞
Split_1MiB-4,2,∞
SplitStream_4MiB-4,6,∞
RootHash_1000Chunks-4,1,∞
geomean,,

"pathstest: HOME is ""/tmp/360400775/001/home"" at the end of the run, not the isolated home ""/tmp/qompack-test-home-2332057623"": a test changed it without restoring it, and every test after it ran against that directory"
,candidate,
,sec/op,CI
Split_100KB-4,8.8218e-05,∞
GearScan_1MiB-4,0.00039750950000000005,∞
Split_1MiB-4,0.0009409335000000001,∞
SplitStream_4MiB-4,0.004273577000000001,∞
RootHash_1000Chunks-4,2.05805e-05,∞
geomean,0.0003108438083660574,

,candidate,
,B/s,CI
Split_100KB-4,1.16101e+09,∞
GearScan_1MiB-4,2.63791e+09,∞
Split_1MiB-4,1.114455e+09,∞
SplitStream_4MiB-4,9.8157e+08,∞
geomean,1.3529132091613803e+09,

,candidate,
,B/op,CI
Split_100KB-4,4992,∞
GearScan_1MiBB839: need >= 6 samples for confidence interval at level 0.95
B840: need >= 6 samples for confidence interval at level 0.95
B841: need >= 6 samples for confidence interval at level 0.95
B842: summaries must be >0 to compute geomean
B846: need >= 6 samples for confidence interval at level 0.95
B847: need >= 6 samples for confidence interval at level 0.95
B848: need >= 6 samples for confidence interval at level 0.95
B849: need >= 6 samples for confidence interval at level 0.95
B850: need >= 6 samples for confidence interval at level 0.95
B851: summaries must be >0 to compute geomean
B856: need >= 6 samples for confidence interval at level 0.95
B857: need >= 6 samples for confidence interval at level 0.95
B858: need >= 6 samples for confidence interval at level 0.95
B859: need >= 6 samples for confidence interval at level 0.95
B860: need >= 6 samples for confidence interval at level 0.95
B865: need >= 6 samples for confidence interval at level 0.95
B866: need >= 6 samples for confidence interval at level 0.95
B867: need >= 6 samples for confidence interval at level 0.95
B868: need >= 6 samples for confidence interval at level 0.95
B873: need >= 6 samples for confidence interval at level 0.95
B874: need >= 6 samples for confidence interval at level 0.95
B875: need >= 6 samples for confidence interval at level 0.95
B876: need >= 6 samples for confidence interval at level 0.95
B877: need >= 6 samples for confidence interval at level 0.95
B878: summaries must be >0 to compute geomean
B882: need >= 6 samples for confidence interval at level 0.95
B883: need >= 6 samples for confidence interval at level 0.95
B884: need >= 6 samples for confidence interval at level 0.95
B885: need >= 6 samples for confidence interval at level 0.95
B886: need >= 6 samples for confidence interval at level 0.95
B887: summaries must be >0 to compute geomean
B892: need >= 6 samples for confidence interval at level 0.95
B893: need >= 6 samples for confidence interval at level 0.95
B894: need >= 6 samples for confidence interval at level 0.95
B895: need >= 6 samples for confidence interval at level 0.95
B896: need >= 6 samples for confidence interval at level 0.95
B901: need >= 6 samples for confidence interval at level 0.95
B902: need >= 6 samples for confidence interval at level 0.95
B903: need >= 6 samples for confidence interval at level 0.95
B904: need >= 6 samples for confidence interval at level 0.95
B909: need >= 6 samples for confidence interval at level 0.95
B910: need >= 6 samples for confidence interval at level 0.95
B911: need >= 6 samples for confidence interval at level 0.95
B912: need >= 6 samples for confidence interval at level 0.95
B913: need >= 6 samples for confidence interval at level 0.95
B914: summaries must be >0 to compute geomean
B918: need >= 6 samples for confidence interval at level 0.95
B919: need >= 6 samples for confidence interval at level 0.95
B920: need >= 6 samples for confidence interval at level 0.95
B921: need >= 6 samples for confidence interval at level 0.95
B922: need >= 6 samples for confidence interval at level 0.95
B923: summaries must be >0 to compute geomean
D929: need >= 6 samples for confidence interval at level 0.95
D934: need >= 6 samples for confidence interval at level 0.95
D939: need >= 6 samples for confidence interval at level 0.95
B945: need >= 6 samples for confidence interval at level 0.95
B950: need >= 6 samples for confidence interval at level 0.95
B955: need >= 6 samples for confidence interval at level 0.95
B961: need >= 6 samples for confidence interval at level 0.95
B966: need >= 6 samples for confidence interval at level 0.95
B971: need >= 6 samples for confidence interval at level 0.95
B977: need >= 6 samples for confidence interval at level 0.95
B982: need >= 6 samples for confidence interval at level 0.95
-4,0,∞
Split_1MiB-4,57472,∞
SplitStream_4MiB-4,33000,∞
RootHash_1000Chunks-4,32,∞
geomean,,

,candidate,
,allocs/op,CI
Split_100KB-4,2,∞
GearScan_1MiB-4,0,∞
Split_1MiB-4,2,∞
SplitStream_4MiB-4,6,∞
RootHash_1000Chunks-4,1,∞
geomean,,

"pathstest: HOME is ""/tmp/3768425099/001/home"" at the end of the run, not the isolated home ""/tmp/qompack-test-home-1296488687"": a test changed it without restoring it, and every test after it ran against that directory"
,candidate,
,sec/op,CI
Split_100KB-4,8.7348e-05,∞
GearScan_1MiB-4,0.00039930900000000004,∞
Split_1MiB-4,0.000923139,∞
SplitStream_4MiB-4,0.004406838000000001,∞
RootHash_1000Chunks-4,2.0551e-05,∞
geomean,0.0003111414287557022,

,candidate,
,B/s,CI
Split_100KB-4,1.17232e+09,∞
GearScan_1MiB-4,2.62597e+09,∞
Split_1MiB-4,1.13588e+09,∞
SplitStream_4MiB-4,9.5177e+08,∞
geomean,1.3506726309030898e+09,

,candidate,
,B/op,CI
Split_100KB-4,4992,∞
GearScan_1MiB-4,0,∞
Split_1MiB-4,57472,∞
SplitStream_4MiB-4,33000,∞
RootHash_1000Chunks-4,32,∞
geomean,,

,candidate,
,allocs/op,CI
Split_100KB-4,2,∞
GearScan_1MiB-4,0,∞
Split_1MiB-4,2,∞
SplitStream_4MiB-4,6,∞
RootHash_1000Chunks-4,1,∞
geomean,,

"pathstest: HOME is ""/tmp/426110959/001/home"" at the end of the run, not the isolated home ""/tmp/qompack-test-home-2219520244"": a test changed it without restoring it, and every test after it ran against that directory"
,candidate,
,sec/op,CI
Split_100KB-4,8.7917e-05,∞
GearScan_1MiB-4,0.000401851,∞
Split_1MiB-4,0.0009176980000000001,∞
SplitStream_4MiB-4,0.0043848540000000005,∞
RootHash_1000Chunks-4,2.0510000000000002e-05,∞
geomean,0.00031113702824810553,

,candidate,
,B/s,CI
Split_100KB-4,1.16473e+09,∞
GearScan_1MiB-4,2.60937e+09,∞
Split_1MiB-4,1.14262e+09,∞
SplitStream_4MiB-4,9.5654e+08,∞
geomean,1.3500239434195685e+09,

,candidate,
,B/op,CI
Split_100KB-4,4992,∞
GearScan_1MiB-4,0,∞
Split_1MiB-4,57472,∞
SplitStream_4MiB-4,33000,∞
RootHash_1000Chunks-4,32,∞
geomean,,

,candidate,
,allocs/op,CI
Split_100KB-4,2,∞
GearScan_1MiB-4,0,∞
Split_1MiB-4,2,∞
SplitStream_4MiB-4,6,∞
RootHash_1000Chunks-4,1,∞
geomean,,

pkg: github.com/qompack/qompack/internal/cli
pathstest: 
,base,,candidate,,,
,sec/op,CI,sec/op,CI,vs base,P
HookNoop_InProcess-4,0.000565101,1%,0.000544798,∞,~,p=0.182 n=10+1
geomean,0.0005651010000000001,,0.000544798,,-3.59%,

,base,,candidate,,,
,B/op,CI,B/op,CI,vs base,P
HookNoop_InProcess-4,280573,0%,266394,∞,~,p=0.182 n=10+1
geomean,280572.9999999998,,266393.9999999999,,-5.05%,

,base,,candidate,,,
,allocs/op,CI,allocs/op,CI,vs base,P
HookNoop_InProcess-4,4156,0%,3795,∞,-8.69%,n=10+1
geomean,4155.999999999997,,3795.0000000000023,,-8.69%,

"pathstest: HOME is ""/tmp/1925223897/001/home"" at the end of the run, not the isolated home ""/tmp/qompack-test-home-963714756"": a test changed it without restoring it, and every test after it ran against that directory"
,candidate,
,sec/op,CI
HookNoop_InProcess-4,0.000521842,∞
geomean,0.0005218419999999998,

,candidate,
,B/op,CI
HookNoop_InProcess-4,265935,∞
geomean,265934.9999999998,

,candidate,
,allocs/op,CI
HookNoop_InProcess-4,3795,∞
geomean,3795.0000000000023,

"pathstest: HOME is ""/tmp/2768512412/001/home"" at the end of the run, not the isolated home ""/tmp/qompack-test-home-1018763912"": a test changed it without restoring it, and every test after it ran against that directory"
,candidate,
,sec/op,CI
HookNoop_InProcess-4,0.0005198480000000001,∞
geomean,0.0005198480000000003,

,candidate,
,B/op,CI
HookNoop_InProcess-4,266130,∞
geomean,266130.00000000006,

,candidate,
,allocs/op,CI
HookNoop_InProcess-4,3795,∞
geomean,3795.0000000000023,

"pathstest: HOME is ""/tmp/2974957428/001/home"" at the end of the run, not the isolated home ""/tmp/qompack-test-home-99215005"": a test changed it without restoring it, and every test after it ran against that directory"
,candidate,
,sec/op,CI
HookNoop_InProcess-4,0.000526038,∞
geomean,0.000526038,

,candidate,
,B/op,CI
HookNoop_InProcess-4,266395,∞
geomean,266395.00000000006,

,candidate,
,alB987: need >= 6 samples for confidence interval at level 0.95
B993: need >= 6 samples for confidence interval at level 0.95
B998: need >= 6 samples for confidence interval at level 0.95
B1003: need >= 6 samples for confidence interval at level 0.95
B1009: need >= 6 samples for confidence interval at level 0.95
B1014: need >= 6 samples for confidence interval at level 0.95
B1019: need >= 6 samples for confidence interval at level 0.95
B1025: need >= 6 samples for confidence interval at level 0.95
B1030: need >= 6 samples for confidence interval at level 0.95
B1035: need >= 6 samples for confidence interval at level 0.95
B1041: need >= 6 samples for confidence interval at level 0.95
B1046: need >= 6 samples for confidence interval at level 0.95
B1051: need >= 6 samples for confidence interval at level 0.95
B1057: need >= 6 samples for confidence interval at level 0.95
B1062: need >= 6 samples for confidence interval at level 0.95
B1067: need >= 6 samples for confidence interval at level 0.95
D1074: need >= 6 samples for confidence interval at level 0.95
D1079: need >= 6 samples for confidence interval at level 0.95
D1084: need >= 6 samples for confidence interval at level 0.95
B1090: need >= 6 samples for confidence interval at level 0.95
B1095: need >= 6 samples for confidence interval at level 0.95
B1100: need >= 6 samples for confidence interval at level 0.95
B1106: need >= 6 samples for confidence interval at level 0.95
B1111: need >= 6 samples for confidence interval at level 0.95
B1116: need >= 6 samples for confidence interval at level 0.95
locs/op,CI
HookNoop_InProcess-4,3795,∞
geomean,3795.0000000000023,

"pathstest: HOME is ""/tmp/3178765180/001/home"" at the end of the run, not the isolated home ""/tmp/qompack-test-home-1482751880"": a test changed it without restoring it, and every test after it ran against that directory"
,candidate,
,sec/op,CI
HookNoop_InProcess-4,0.0005368580000000001,∞
geomean,0.0005368580000000003,

,candidate,
,B/op,CI
HookNoop_InProcess-4,266192,∞
geomean,266192,

,candidate,
,allocs/op,CI
HookNoop_InProcess-4,3795,∞
geomean,3795.0000000000023,

"pathstest: HOME is ""/tmp/3430838114/001/home"" at the end of the run, not the isolated home ""/tmp/qompack-test-home-1101472913"": a test changed it without restoring it, and every test after it ran against that directory"
,candidate,
,sec/op,CI
HookNoop_InProcess-4,0.0005627620000000001,∞
geomean,0.0005627620000000001,

,candidate,
,B/op,CI
HookNoop_InProcess-4,266195,∞
geomean,266195.0000000002,

,candidate,
,allocs/op,CI
HookNoop_InProcess-4,3795,∞
geomean,3795.0000000000023,

"pathstest: HOME is ""/tmp/360400775/001/home"" at the end of the run, not the isolated home ""/tmp/qompack-test-home-2332057623"": a test changed it without restoring it, and every test after it ran against that directory"
,candidate,
,sec/op,CI
HookNoop_InProcess-4,0.0005146640000000001,∞
geomean,0.0005146640000000003,

,candidate,
,B/op,CI
HookNoop_InProcess-4,266049,∞
geomean,266049.00000000006,

,candidate,
,allocs/op,CI
HookNoop_InProcess-4,3795,∞
geomean,3795.0000000000023,

"pathstest: HOME is ""/tmp/3768425099/001/home"" at the end of the run, not the isolated home ""/tmp/qompack-test-home-1296488687"": a test changed it without restoring it, and every test after it ran against that directory"
,candidate,
,sec/op,CI
HookNoop_InProcess-4,0.0005249730000000001,∞
geomean,0.000524973,

,candidate,
,B/op,CI
HookNoop_InProcess-4,266102,∞
geomean,266102.00000000023,

,candidate,
,allocs/op,CI
HookNoop_InProcess-4,3795,∞
geomean,3795.0000000000023,

"pathstest: HOME is ""/tmp/426110959/001/home"" at the end of the run, not the isolated home ""/tmp/qompack-test-home-2219520244"": a test changed it without restoring it, and every test after it ran against that directory"
,candidate,
,sec/op,CI
HookNoop_InProcess-4,0.000516997,∞
geomean,0.000516997,

,candidate,
,B/op,CI
HookNoop_InProcess-4,265893,∞
geomean,265893.0000000001,

,candidate,
,allocs/op,CI
HookNoop_InProcess-4,3795,∞
geomean,3795.0000000000023,

pkg: github.com/qompack/qompack/internal/config
pathstest: 
,base,,candidate,,,
,sec/op,CI,sec/op,CI,vs base,P
ConfigLoad_ColdNoFiles-4,0.0002150905,3%,0.000218246,∞,~,p=0.727 n=10+1
geomean,0.0002150905000000001,,0.00021824599999999998,,+1.47%,

,base,,candidate,,,
,B/op,CI,B/op,CI,vs base,P
ConfigLoad_ColdNoFiles-4,100156.5,0%,101553,∞,~,p=0.182 n=10+1
geomean,100156.50000000007,,101553.00000000007,,+1.39%,

,base,,candidate,,,
,allocs/op,CI,allocs/op,CI,vs base,P
ConfigLoad_ColdNoFiles-4,2012,0%,2031,∞,~,p=0.182 n=10+1
geomean,2012.0000000000005,,2031.0000000000007,,+0.94%,

"pathstest: HOME is ""/tmp/1925223897/001/home"" at the end of the run, not the isolated home ""/tmp/qompack-test-home-963714756"": a test changed it without restoring it, and every test after it ran against that directory"
,candidate,
,sec/op,CI
ConfigLoad_ColdNoFiles-4,0.00021963900000000002,∞
geomean,0.00021963899999999983,

,candidate,
,B/op,CI
ConfigLoad_ColdNoFiles-4,101574,∞
geomean,101574.00000000007,

,candidate,
,allocs/op,CI
ConfigLoad_ColdNoFiles-4,2031,∞
geomean,2031.0000000000007,

"pathstest: HOME is ""/tmp/2768512412/001/home"" at the end of the run, not the isolated home ""/tmp/qompack-test-home-1018763912"": a test changed it without restoring it, and every test after it ran against that directory"
,candidate,
,sec/op,CI
ConfigLoad_ColdNoFiles-4,0.00022385500000000002,∞
geomean,0.0002238550000000001,

,candidate,
,B/op,CI
ConfigLoad_ColdNoFiles-4,101567,∞
geomean,101566.99999999994,

,candidate,
,allocs/op,CI
ConfigLoad_ColdNoFiles-4,2031,∞
geomean,2031.0000000000007B1122: need >= 6 samples for confidence interval at level 0.95
B1127: need >= 6 samples for confidence interval at level 0.95
B1132: need >= 6 samples for confidence interval at level 0.95
B1138: need >= 6 samples for confidence interval at level 0.95
B1143: need >= 6 samples for confidence interval at level 0.95
B1148: need >= 6 samples for confidence interval at level 0.95
B1154: need >= 6 samples for confidence interval at level 0.95
B1159: need >= 6 samples for confidence interval at level 0.95
B1164: need >= 6 samples for confidence interval at level 0.95
B1170: need >= 6 samples for confidence interval at level 0.95
B1175: need >= 6 samples for confidence interval at level 0.95
B1180: need >= 6 samples for confidence interval at level 0.95
B1186: need >= 6 samples for confidence interval at level 0.95
B1191: need >= 6 samples for confidence interval at level 0.95
B1196: need >= 6 samples for confidence interval at level 0.95
B1202: need >= 6 samples for confidence interval at level 0.95
B1207: need >= 6 samples for confidence interval at level 0.95
B1212: need >= 6 samples for confidence interval at level 0.95
D1219: need >= 6 samples for confidence interval at level 0.95
D1220: need >= 6 samples for confidence interval at level 0.95
D1221: need >= 6 samples for confidence interval at level 0.95
D1222: need >= 6 samples for confidence interval at level 0.95
D1223: need >= 6 samples for confidence interval at level 0.95
D1224: need >= 6 samples for confidence interval at level 0.95
D1225: need >= 6 samples for confidence interval at level 0.95
D1226: need >= 6 samples for confidence interval at level 0.95
D1227: need >= 6 samples for confidence interval at level 0.95
D1228: need >= 6 samples for confidence interval at level 0.95
D1233: need >= 6 samples for confidence interval at level 0.95
F1233: all samples are equal
D1234: need >= 6 samples for confidence interval at level 0.95
,

"pathstest: HOME is ""/tmp/2974957428/001/home"" at the end of the run, not the isolated home ""/tmp/qompack-test-home-99215005"": a test changed it without restoring it, and every test after it ran against that directory"
,candidate,
,sec/op,CI
ConfigLoad_ColdNoFiles-4,0.000228513,∞
geomean,0.00022851300000000018,

,candidate,
,B/op,CI
ConfigLoad_ColdNoFiles-4,101510,∞
geomean,101509.99999999993,

,candidate,
,allocs/op,CI
ConfigLoad_ColdNoFiles-4,2031,∞
geomean,2031.0000000000007,

"pathstest: HOME is ""/tmp/3178765180/001/home"" at the end of the run, not the isolated home ""/tmp/qompack-test-home-1482751880"": a test changed it without restoring it, and every test after it ran against that directory"
,candidate,
,sec/op,CI
ConfigLoad_ColdNoFiles-4,0.00021383,∞
geomean,0.00021383000000000014,

,candidate,
,B/op,CI
ConfigLoad_ColdNoFiles-4,101502,∞
geomean,101501.99999999999,

,candidate,
,allocs/op,CI
ConfigLoad_ColdNoFiles-4,2031,∞
geomean,2031.0000000000007,

"pathstest: HOME is ""/tmp/3430838114/001/home"" at the end of the run, not the isolated home ""/tmp/qompack-test-home-1101472913"": a test changed it without restoring it, and every test after it ran against that directory"
,candidate,
,sec/op,CI
ConfigLoad_ColdNoFiles-4,0.000234147,∞
geomean,0.00023414700000000014,

,candidate,
,B/op,CI
ConfigLoad_ColdNoFiles-4,101549,∞
geomean,101549.00000000009,

,candidate,
,allocs/op,CI
ConfigLoad_ColdNoFiles-4,2031,∞
geomean,2031.0000000000007,

"pathstest: HOME is ""/tmp/360400775/001/home"" at the end of the run, not the isolated home ""/tmp/qompack-test-home-2332057623"": a test changed it without restoring it, and every test after it ran against that directory"
,candidate,
,sec/op,CI
ConfigLoad_ColdNoFiles-4,0.00021634600000000002,∞
geomean,0.00021634600000000013,

,candidate,
,B/op,CI
ConfigLoad_ColdNoFiles-4,101518.5,∞
geomean,101518.50000000003,

,candidate,
,allocs/op,CI
ConfigLoad_ColdNoFiles-4,2031,∞
geomean,2031.0000000000007,

"pathstest: HOME is ""/tmp/3768425099/001/home"" at the end of the run, not the isolated home ""/tmp/qompack-test-home-1296488687"": a test changed it without restoring it, and every test after it ran against that directory"
,candidate,
,sec/op,CI
ConfigLoad_ColdNoFiles-4,0.00022164800000000002,∞
geomean,0.0002216480000000002,

,candidate,
,B/op,CI
ConfigLoad_ColdNoFiles-4,101511,∞
geomean,101511,

,candidate,
,allocs/op,CI
ConfigLoad_ColdNoFiles-4,2031,∞
geomean,2031.0000000000007,

"pathstest: HOME is ""/tmp/426110959/001/home"" at the end of the run, not the isolated home ""/tmp/qompack-test-home-2219520244"": a test changed it without restoring it, and every test after it ran against that directory"
,candidate,
,sec/op,CI
ConfigLoad_ColdNoFiles-4,0.00021985,∞
geomean,0.00021985000000000003,

,candidate,
,B/op,CI
ConfigLoad_ColdNoFiles-4,101579,∞
geomean,101579.00000000009,

,candidate,
,allocs/op,CI
ConfigLoad_ColdNoFiles-4,2031,∞
geomean,2031.0000000000007,

pkg: github.com/qompack/qompack/internal/daemon
pathstest: 
,base,,candidate,,,
,sec/op,CI,sec/op,CI,vs base,P
IngestAccept-4,0.007502107000000001,8%,0.00739505,∞,~,p=0.909 n=10+1
IngestAcceptLeased-4,0.018665229,5%,0.018569870000000002,∞,~,p=0.909 n=10+1
FeaturesFrom-4,1.80325e-05,4%,1.7559000000000002e-05,∞,~,p=0.364 n=10+1
ReclaimableIndexBuild_5000Blocks-4,0.000352245,3%,0.000337073,∞,~,p=0.182 n=10+1
AssembleCandidates_2000ToolUses/cold-4,0.0011989625000000002,2%,0.0011870160000000002,∞,~,p=0.545 n=10+1
AssembleCandidates_2000ToolUses/warm-4,4.371e-06,16%,3.875e-06,∞,~,p=0.909 n=10+1
RuntimeEvaluate_2000ToolUses_32Candidates/warm-4,1.3469000000000001e-05,6%,1.2632e-05,∞,~,p=0.182 n=10+1
RuntimeEvaluate_2000ToolUses_32Candidates/cold-4,0.0020896815,2%,0.001969011,∞,~,p=0.182 n=10+1
SchedulerTap_ObserveTool-4,3.1666000000000005e-05,5%,3.0747e-05,∞,~,p=0.364 n=10+1
IngestAcceptExternalized-4,,,0.015665063,∞
geomean,0.0002523811619397141,,0.0003673801740862513,,-4.07%,

,base,,candidate,,,
,B/op,CI,B/op,CI,vs base,P
IngestAccept-4,384,0%,384,∞,~,p=1.000 n=10+1
IngestD1235: need >= 6 samples for confidence interval at level 0.95
F1235: all samples are equal
D1236: need >= 6 samples for confidence interval at level 0.95
D1237: need >= 6 samples for confidence interval at level 0.95
D1238: need >= 6 samples for confidence interval at level 0.95
D1239: need >= 6 samples for confidence interval at level 0.95
D1240: need >= 6 samples for confidence interval at level 0.95
D1241: need >= 6 samples for confidence interval at level 0.95
D1242: need >= 6 samples for confidence interval at level 0.95
D1247: need >= 6 samples for confidence interval at level 0.95
F1247: all samples are equal
D1248: need >= 6 samples for confidence interval at level 0.95
D1249: need >= 6 samples for confidence interval at level 0.95
F1249: all samples are equal
D1250: need >= 6 samples for confidence interval at level 0.95
F1250: all samples are equal
D1251: need >= 6 samples for confidence interval at level 0.95
F1251: all samples are equal
D1252: need >= 6 samples for confidence interval at level 0.95
F1252: all samples are equal
D1253: need >= 6 samples for confidence interval at level 0.95
F1253: all samples are equal
D1254: need >= 6 samples for confidence interval at level 0.95
F1254: all samples are equal
D1255: need >= 6 samples for confidence interval at level 0.95
F1255: all samples are equal
D1256: need >= 6 samples for confidence interval at level 0.95
B1262: need >= 6 samples for confidence interval at level 0.95
B1263: need >= 6 samples for confidence interval at level 0.95
B1264: need >= 6 samples for confidence interval at level 0.95
B1265: need >= 6 samples for confidence interval at level 0.95
B1266: need >= 6 samples for confidence interval at level 0.95
B1267: need >= 6 samples for confidence interval at level 0.95
B1268: need >= 6 samples for confidence interval at level 0.95
B1269: need >= 6 samples for confidence interval at level 0.95
B1270: need >= 6 samples for confidence interval at level 0.95
B1271: need >= 6 samples for confidence interval at level 0.95
B1276: need >= 6 samples for confidence interval at level 0.95
B1277: need >= 6 samples for confidence interval at level 0.95
B1278: need >= 6 samples for confidence interval at level 0.95
B1279: need >= 6 samples for confidence interval at level 0.95
B1280: need >= 6 samples for confidence interval at level 0.95
B1281: need >= 6 samples for confidence interval at level 0.95
B1282: need >= 6 samples for confidence interval at level 0.95
B1283: need >= 6 samples for confidence interval at level 0.95
B1284: need >= 6 samples for confidence interval at level 0.95
B1285: need >= 6 samples for confidence interval at level 0.95
B1290: need >= 6 samples for confidence interval at level 0.95
B1291: need >= 6 samples for confidence interval at level 0.95
B1292: need >= 6 samples for confidence interval at level 0.95
B1293: need >= 6 samples for confidence interval at level 0.95
B1294: need >= 6 samples for confidence interval at level 0.95
B1295: need >= 6 samples for confidence interval at level 0.95
B1296: need >= 6 samples for confidence interval at level 0.95
B1297: need >= 6 samples for confidence interval at level 0.95
B1298: need >= 6 samples for confidence interval at level 0.95
B1299: need >= 6 samples for confidence interval at level 0.95
B1305: need >= 6 samples for confidence interval at level 0.95
B1306: need >= 6 samples for confidence interval at level 0.95
B1307: need >= 6 samples for confidence interval at level 0.95
B1308: need >= 6 samples for confidence interval at level 0.95
B1309: need >= 6 samples for confidence interval at level 0.95
B1310: need >= 6 samples for confidence interval at level 0.95
B1311: need >= 6 samples for confidence interval at level 0.95
B1312: need >= 6 samples for confidence interval at level 0.95
B1313: need >= 6 samples for confidence interval at level 0.95
B1314: need >= 6 samples for confidence interval at level 0.95
B1319: need >= 6 samples for confidence interval at level 0.95
B1320: need >= 6 samples for confidence interval at level 0.95
B1321: need >= 6 samples for confidence interval at level 0.95
B1322: need >= 6 samples for confidence interval at level 0.95
B1323: need >= 6 samples for confidence interval at level 0.95
B1324: need >= 6 samples for confidence interval at level 0.95
AcceptLeased-4,8792.5,1%,8947,∞,~,p=0.182 n=10+1
FeaturesFrom-4,17056,0%,17056,∞,~,p=1.000 n=10+1
ReclaimableIndexBuild_5000Blocks-4,364593,0%,364593,∞,~,p=1.000 n=10+1
AssembleCandidates_2000ToolUses/cold-4,931435,0%,930707,∞,~,p=0.545 n=10+1
AssembleCandidates_2000ToolUses/warm-4,9921.5,1%,9970,∞,~,p=0.545 n=10+1
RuntimeEvaluate_2000ToolUses_32Candidates/warm-4,46378.5,0%,46351,∞,~,p=0.909 n=10+1
RuntimeEvaluate_2000ToolUses_32Candidates/cold-4,1.727469e+06,2%,1.75915e+06,∞,~,p=0.182 n=10+1
SchedulerTap_ObserveTool-4,20022,0%,20034,∞,~,p=0.909 n=10+1
IngestAcceptExternalized-4,,,1799,∞
geomean,40770.2818344098,,29959.620839714567,,+0.44%,

,base,,candidate,,,
,allocs/op,CI,allocs/op,CI,vs base,P
IngestAccept-4,9,0%,9,∞,~,p=1.000 n=10+1
IngestAcceptLeased-4,72,0%,76,∞,~,p=0.182 n=10+1
FeaturesFrom-4,39,0%,39,∞,~,p=1.000 n=10+1
ReclaimableIndexBuild_5000Blocks-4,17,0%,17,∞,~,p=1.000 n=10+1
AssembleCandidates_2000ToolUses/cold-4,536,0%,536,∞,~,p=1.000 n=10+1
AssembleCandidates_2000ToolUses/warm-4,11,0%,11,∞,~,p=1.000 n=10+1
RuntimeEvaluate_2000ToolUses_32Candidates/warm-4,25,0%,25,∞,~,p=1.000 n=10+1
RuntimeEvaluate_2000ToolUses_32Candidates/cold-4,1970,0%,1970,∞,~,p=1.000 n=10+1
SchedulerTap_ObserveTool-4,73,0%,73,∞,~,p=1.000 n=10+1
IngestAcceptExternalized-4,,,25,∞
geomean,59.328572706926714,,54.7116258605793,,+0.60%,

"pathstest: HOME is ""/tmp/1925223897/001/home"" at the end of the run, not the isolated home ""/tmp/qompack-test-home-963714756"": a test changed it without restoring it, and every test after it ran against that directory"
,candidate,
,sec/op,CI
IngestAccept-4,0.007249627000000001,∞
IngestAcceptLeased-4,0.017972147,∞
FeaturesFrom-4,1.8200000000000002e-05,∞
ReclaimableIndexBuild_5000Blocks-4,0.00035668500000000003,∞
AssembleCandidates_2000ToolUses/cold-4,0.0012168980000000001,∞
AssembleCandidates_2000ToolUses/warm-4,3.824e-06,∞
RuntimeEvaluate_2000ToolUses_32Candidates/warm-4,1.4267e-05,∞
RuntimeEvaluate_2000ToolUses_32Candidates/cold-4,0.002064998,∞
SchedulerTap_ObserveTool-4,3.1139e-05,∞
IngestAcceptExternalized-4,0.015729471000000002,∞
geomean,0.00037621100844618965,

,candidate,
,B/op,CI
IngestAccept-4,384,∞
IngestAcceptLeased-4,8955,∞
FeaturesFrom-4,17056,∞
ReclaimableIndexBuild_5000Blocks-4,364593,∞
AssembleCandidates_2000ToolUses/cold-4,931735,∞
AssembleCandidates_2000ToolUses/warm-4,9959,∞
RuntimeEvaluate_2000ToolUses_32Candidates/warm-4,46465,∞
RuntimeEvaluate_2000ToolUses_32Candidates/cold-4,1.751956e+06,∞
SchedulerTap_ObserveTool-4,20039,∞
IngestAcceptExternalized-4,1799,∞
geomean,29958.128654278513,

,candidate,
,allocs/op,CI
IngestAccept-4,9,∞
IngestAcceptLeased-4,76,∞
FeaturesFrom-4,39,∞
ReclaimableIndexBuild_5000Blocks-4,17,∞
AssembleCandidates_2000ToolUses/cold-4,536,∞
AssembleCandidates_2000ToolUses/warm-4,11,∞
RuntimeEvaluate_2000ToolUses_32Candidates/warm-4,25,∞
RuntimeEvaluate_2000ToolUses_32Candidates/cold-4,1970,∞
SchedulerTap_ObserveTool-4,73,∞
IngestAcceptExternalized-4,25,∞
geomean,54.7116258605793,

"pathstest: HOME is ""/tmp/2768512412/001/home"" at the end of the run, not the isolated home ""/tmp/qompack-test-home-1018763912"": a test changed it without restoring it, and every test after it ran against that directory"
,candidate,
,sec/op,CI
IngestAccept-4,0.007878427,∞
IngestAcceptLeased-4,0.018989868,∞
FeaturesFrom-4,1.8263e-05,∞
ReclaimableIndexBuild_5000Blocks-4,0.000360024,∞
AssembleCandidates_2000ToolUses/cold-4,0.0012041530000000001,∞
AssembleCandidates_2000ToolUses/warm-4,3.904e-06,∞
RuntimeEvaluate_2000ToolUses_32Candidates/warm-4,1.4282000000000001e-05,∞
RuntimeEvaluate_2000ToolUses_32Candidates/cold-4,0.0020507760000000002,∞
SchedulerTap_ObserveTool-4,3.1268e-05,∞
IngestAcceptExternalized-4,0.015884269,∞
geomean,0.0003826336059284959,

,candidate,
,B/op,CI
IngestAccept-4,384,∞
IngestAcceptLeased-4,9082,∞
FeaturesFrom-4,17056,∞
ReclaimableIndexBuild_5000Blocks-4,364593,∞
AssembleCandidates_2000ToolUses/cold-4,931650,∞
AssembleCandidates_2000TooB1325: need >= 6 samples for confidence interval at level 0.95
B1326: need >= 6 samples for confidence interval at level 0.95
B1327: need >= 6 samples for confidence interval at level 0.95
B1328: need >= 6 samples for confidence interval at level 0.95
B1333: need >= 6 samples for confidence interval at level 0.95
B1334: need >= 6 samples for confidence interval at level 0.95
B1335: need >= 6 samples for confidence interval at level 0.95
B1336: need >= 6 samples for confidence interval at level 0.95
B1337: need >= 6 samples for confidence interval at level 0.95
B1338: need >= 6 samples for confidence interval at level 0.95
B1339: need >= 6 samples for confidence interval at level 0.95
B1340: need >= 6 samples for confidence interval at level 0.95
B1341: need >= 6 samples for confidence interval at level 0.95
B1342: need >= 6 samples for confidence interval at level 0.95
B1348: need >= 6 samples for confidence interval at level 0.95
B1349: need >= 6 samples for confidence interval at level 0.95
B1350: need >= 6 samples for confidence interval at level 0.95
B1351: need >= 6 samples for confidence interval at level 0.95
B1352: need >= 6 samples for confidence interval at level 0.95
B1353: need >= 6 samples for confidence interval at level 0.95
B1354: need >= 6 samples for confidence interval at level 0.95
B1355: need >= 6 samples for confidence interval at level 0.95
B1356: need >= 6 samples for confidence interval at level 0.95
B1357: need >= 6 samples for confidence interval at level 0.95
B1362: need >= 6 samples for confidence interval at level 0.95
B1363: need >= 6 samples for confidence interval at level 0.95
B1364: need >= 6 samples for confidence interval at level 0.95
B1365: need >= 6 samples for confidence interval at level 0.95
B1366: need >= 6 samples for confidence interval at level 0.95
B1367: need >= 6 samples for confidence interval at level 0.95
B1368: need >= 6 samples for confidence interval at level 0.95
B1369: need >= 6 samples for confidence interval at level 0.95
B1370: need >= 6 samples for confidence interval at level 0.95
B1371: need >= 6 samples for confidence interval at level 0.95
B1376: need >= 6 samples for confidence interval at level 0.95
B1377: need >= 6 samples for confidence interval at level 0.95
B1378: need >= 6 samples for confidence interval at level 0.95
B1379: need >= 6 samples for confidence interval at level 0.95
B1380: need >= 6 samples for confidence interval at level 0.95
B1381: need >= 6 samples for confidence interval at level 0.95
B1382: need >= 6 samples for confidence interval at level 0.95
B1383: need >= 6 samples for confidence interval at level 0.95
B1384: need >= 6 samples for confidence interval at level 0.95
B1385: need >= 6 samples for confidence interval at level 0.95
B1391: need >= 6 samples for confidence interval at level 0.95
B1392: need >= 6 samples for confidence interval at level 0.95
B1393: need >= 6 samples for confidence interval at level 0.95
B1394: need >= 6 samples for confidence interval at level 0.95
B1395: need >= 6 samples for confidence interval at level 0.95
B1396: need >= 6 samples for confidence interval at level 0.95
B1397: need >= 6 samples for confidence interval at level 0.95
B1398: need >= 6 samples for confidence interval at level 0.95
B1399: need >= 6 samples for confidence interval at level 0.95
B1400: need >= 6 samples for confidence interval at level 0.95
B1405: need >= 6 samples for confidence interval at level 0.95
B1406: need >= 6 samples for confidence interval at level 0.95
B1407: need >= 6 samples for confidence interval at level 0.95
B1408: need >= 6 samples for confidence interval at level 0.95
B1409: need >= 6 samples for confidence interval at level 0.95
B1410: need >= 6 samples for confidence interval at level 0.95
B1411: need >= 6 samples for confidence interval at level 0.95
B1412: need >= 6 samples for confidence interval at level 0.95
B1413: need >= 6 samples for confidence interval at level 0.95
B1414: need >= 6 samples for confidence interval at level 0.95
B1419: need >= 6 samples for confidence interval at level 0.95
B1420: need >= 6 samples for confidence interval at level 0.95
B1421: need >= 6 samples for confidence interval at level 0.95
B1422: need >= 6 samples for confidence interval at level 0.95
B1423: need >= 6 samples for confidence interval at level 0.95
B1424: need >= 6 samples for confidence interval at level 0.95
B1425: need >= 6 samples for confidence interval at level 0.95
B1426: need >= 6 samples for confidence interval at level 0.95
B1427: need >= 6 samples for confidence interval at level 0.95
B1428: need >= 6 samples for confidence interval at level 0.95
lUses/warm-4,10038,∞
RuntimeEvaluate_2000ToolUses_32Candidates/warm-4,46421,∞
RuntimeEvaluate_2000ToolUses_32Candidates/cold-4,1.716616e+06,∞
SchedulerTap_ObserveTool-4,20038,∞
IngestAcceptExternalized-4,1798,∞
geomean,29958.012128720376,

,candidate,
,allocs/op,CI
IngestAccept-4,9,∞
IngestAcceptLeased-4,76,∞
FeaturesFrom-4,39,∞
ReclaimableIndexBuild_5000Blocks-4,17,∞
AssembleCandidates_2000ToolUses/cold-4,536,∞
AssembleCandidates_2000ToolUses/warm-4,11,∞
RuntimeEvaluate_2000ToolUses_32Candidates/warm-4,25,∞
RuntimeEvaluate_2000ToolUses_32Candidates/cold-4,1970,∞
SchedulerTap_ObserveTool-4,73,∞
IngestAcceptExternalized-4,25,∞
geomean,54.7116258605793,

"pathstest: HOME is ""/tmp/2974957428/001/home"" at the end of the run, not the isolated home ""/tmp/qompack-test-home-99215005"": a test changed it without restoring it, and every test after it ran against that directory"
,candidate,
,sec/op,CI
IngestAccept-4,0.007248185000000001,∞
IngestAcceptLeased-4,0.018199753000000003,∞
FeaturesFrom-4,1.7958e-05,∞
ReclaimableIndexBuild_5000Blocks-4,0.000346024,∞
AssembleCandidates_2000ToolUses/cold-4,0.0011803780000000002,∞
AssembleCandidates_2000ToolUses/warm-4,4.5280000000000005e-06,∞
RuntimeEvaluate_2000ToolUses_32Candidates/warm-4,1.4522000000000001e-05,∞
RuntimeEvaluate_2000ToolUses_32Candidates/cold-4,0.002052815,∞
SchedulerTap_ObserveTool-4,3.0355000000000003e-05,∞
IngestAcceptExternalized-4,0.015052234000000001,∞
geomean,0.00037807624598533093,

,candidate,
,B/op,CI
IngestAccept-4,384,∞
IngestAcceptLeased-4,8888,∞
FeaturesFrom-4,17056,∞
ReclaimableIndexBuild_5000Blocks-4,364593,∞
AssembleCandidates_2000ToolUses/cold-4,931012,∞
AssembleCandidates_2000ToolUses/warm-4,9997,∞
RuntimeEvaluate_2000ToolUses_32Candidates/warm-4,46413,∞
RuntimeEvaluate_2000ToolUses_32Candidates/cold-4,1.753925e+06,∞
SchedulerTap_ObserveTool-4,20018,∞
IngestAcceptExternalized-4,1798,∞
geomean,29939.922968541727,

,candidate,
,allocs/op,CI
IngestAccept-4,9,∞
IngestAcceptLeased-4,76,∞
FeaturesFrom-4,39,∞
ReclaimableIndexBuild_5000Blocks-4,17,∞
AssembleCandidates_2000ToolUses/cold-4,536,∞
AssembleCandidates_2000ToolUses/warm-4,11,∞
RuntimeEvaluate_2000ToolUses_32Candidates/warm-4,25,∞
RuntimeEvaluate_2000ToolUses_32Candidates/cold-4,1970,∞
SchedulerTap_ObserveTool-4,73,∞
IngestAcceptExternalized-4,25,∞
geomean,54.7116258605793,

"pathstest: HOME is ""/tmp/3178765180/001/home"" at the end of the run, not the isolated home ""/tmp/qompack-test-home-1482751880"": a test changed it without restoring it, and every test after it ran against that directory"
,candidate,
,sec/op,CI
IngestAccept-4,0.008008042,∞
IngestAcceptLeased-4,0.019712277,∞
FeaturesFrom-4,1.7829e-05,∞
ReclaimableIndexBuild_5000Blocks-4,0.00035612700000000003,∞
AssembleCandidates_2000ToolUses/cold-4,0.0012185540000000002,∞
AssembleCandidates_2000ToolUses/warm-4,4.717e-06,∞
RuntimeEvaluate_2000ToolUses_32Candidates/warm-4,1.4394000000000001e-05,∞
RuntimeEvaluate_2000ToolUses_32Candidates/cold-4,0.0022490780000000003,∞
SchedulerTap_ObserveTool-4,3.2372e-05,∞
IngestAcceptExternalized-4,0.016319475,∞
geomean,0.00039751794703131416,

,candidate,
,B/op,CI
IngestAccept-4,384,∞
IngestAcceptLeased-4,8936,∞
FeaturesFrom-4,17056,∞
ReclaimableIndexBuild_5000Blocks-4,364593,∞
AssembleCandidates_2000ToolUses/cold-4,935203,∞
AssembleCandidates_2000ToolUses/warm-4,9943,∞
RuntimeEvaluate_2000ToolUses_32Candidates/warm-4,46219,∞
RuntimeEvaluate_2000ToolUses_32Candidates/cold-4,1.716266e+06,∞
SchedulerTap_ObserveTool-4,20020,∞
IngestAcceptExternalized-4,1798,∞
geomean,29876.12124885283,

,candidate,
,allocs/op,CI
IngestAccept-4,9,∞
IngestAcceptLeased-4,76,∞
FeaturesFrom-4,39,∞
ReclaimableIndexBuild_5000Blocks-4,17,∞
AssembleCandidates_2000ToolUses/cold-4,536,∞
AssembleCandidates_2000ToolUses/warm-4,11,∞
RuntimeEvaluate_2000ToolUses_32Candidates/warm-4,25,∞
RuntimeEvaluate_2000ToolUses_32Candidates/cold-4,1970,∞
SchedulerTap_ObserveTool-4,73,∞
IngestAcceptExternalized-4B1434: need >= 6 samples for confidence interval at level 0.95
B1435: need >= 6 samples for confidence interval at level 0.95
B1436: need >= 6 samples for confidence interval at level 0.95
B1437: need >= 6 samples for confidence interval at level 0.95
B1438: need >= 6 samples for confidence interval at level 0.95
B1439: need >= 6 samples for confidence interval at level 0.95
B1440: need >= 6 samples for confidence interval at level 0.95
B1441: need >= 6 samples for confidence interval at level 0.95
B1442: need >= 6 samples for confidence interval at level 0.95
B1443: need >= 6 samples for confidence interval at level 0.95
B1448: need >= 6 samples for confidence interval at level 0.95
B1449: need >= 6 samples for confidence interval at level 0.95
B1450: need >= 6 samples for confidence interval at level 0.95
B1451: need >= 6 samples for confidence interval at level 0.95
B1452: need >= 6 samples for confidence interval at level 0.95
B1453: need >= 6 samples for confidence interval at level 0.95
B1454: need >= 6 samples for confidence interval at level 0.95
B1455: need >= 6 samples for confidence interval at level 0.95
B1456: need >= 6 samples for confidence interval at level 0.95
B1457: need >= 6 samples for confidence interval at level 0.95
B1462: need >= 6 samples for confidence interval at level 0.95
B1463: need >= 6 samples for confidence interval at level 0.95
B1464: need >= 6 samples for confidence interval at level 0.95
B1465: need >= 6 samples for confidence interval at level 0.95
B1466: need >= 6 samples for confidence interval at level 0.95
B1467: need >= 6 samples for confidence interval at level 0.95
B1468: need >= 6 samples for confidence interval at level 0.95
B1469: need >= 6 samples for confidence interval at level 0.95
B1470: need >= 6 samples for confidence interval at level 0.95
B1471: need >= 6 samples for confidence interval at level 0.95
B1477: need >= 6 samples for confidence interval at level 0.95
B1478: need >= 6 samples for confidence interval at level 0.95
B1479: need >= 6 samples for confidence interval at level 0.95
B1480: need >= 6 samples for confidence interval at level 0.95
B1481: need >= 6 samples for confidence interval at level 0.95
B1482: need >= 6 samples for confidence interval at level 0.95
B1483: need >= 6 samples for confidence interval at level 0.95
B1484: need >= 6 samples for confidence interval at level 0.95
B1485: need >= 6 samples for confidence interval at level 0.95
B1486: need >= 6 samples for confidence interval at level 0.95
B1491: need >= 6 samples for confidence interval at level 0.95
B1492: need >= 6 samples for confidence interval at level 0.95
B1493: need >= 6 samples for confidence interval at level 0.95
B1494: need >= 6 samples for confidence interval at level 0.95
B1495: need >= 6 samples for confidence interval at level 0.95
B1496: need >= 6 samples for confidence interval at level 0.95
B1497: need >= 6 samples for confidence interval at level 0.95
B1498: need >= 6 samples for confidence interval at level 0.95
B1499: need >= 6 samples for confidence interval at level 0.95
B1500: need >= 6 samples for confidence interval at level 0.95
B1505: need >= 6 samples for confidence interval at level 0.95
B1506: need >= 6 samples for confidence interval at level 0.95
B1507: need >= 6 samples for confidence interval at level 0.95
B1508: need >= 6 samples for confidence interval at level 0.95
B1509: need >= 6 samples for confidence interval at level 0.95
B1510: need >= 6 samples for confidence interval at level 0.95
B1511: need >= 6 samples for confidence interval at level 0.95
B1512: need >= 6 samples for confidence interval at level 0.95
B1513: need >= 6 samples for confidence interval at level 0.95
B1514: need >= 6 samples for confidence interval at level 0.95
B1520: need >= 6 samples for confidence interval at level 0.95
B1521: need >= 6 samples for confidence interval at level 0.95
B1522: need >= 6 samples for confidence interval at level 0.95
B1523: need >= 6 samples for confidence interval at level 0.95
B1524: need >= 6 samples for confidence interval at level 0.95
B1525: need >= 6 samples for confidence interval at level 0.95
B1526: need >= 6 samples for confidence interval at level 0.95
B1527: need >= 6 samples for confidence interval at level 0.95
,25,∞
geomean,54.7116258605793,

"pathstest: HOME is ""/tmp/3430838114/001/home"" at the end of the run, not the isolated home ""/tmp/qompack-test-home-1101472913"": a test changed it without restoring it, and every test after it ran against that directory"
,candidate,
,sec/op,CI
IngestAccept-4,0.00826732,∞
IngestAcceptLeased-4,0.020742776,∞
FeaturesFrom-4,1.8552e-05,∞
ReclaimableIndexBuild_5000Blocks-4,0.00037326000000000004,∞
AssembleCandidates_2000ToolUses/cold-4,0.00118851,∞
AssembleCandidates_2000ToolUses/warm-4,5.162000000000001e-06,∞
RuntimeEvaluate_2000ToolUses_32Candidates/warm-4,1.3381000000000001e-05,∞
RuntimeEvaluate_2000ToolUses_32Candidates/cold-4,0.00207609,∞
SchedulerTap_ObserveTool-4,3.2382e-05,∞
IngestAcceptExternalized-4,0.018398493000000002,∞
geomean,0.00040562763192424143,

,candidate,
,B/op,CI
IngestAccept-4,384,∞
IngestAcceptLeased-4,9034,∞
FeaturesFrom-4,17056,∞
ReclaimableIndexBuild_5000Blocks-4,364593,∞
AssembleCandidates_2000ToolUses/cold-4,935715,∞
AssembleCandidates_2000ToolUses/warm-4,9948,∞
RuntimeEvaluate_2000ToolUses_32Candidates/warm-4,46698,∞
RuntimeEvaluate_2000ToolUses_32Candidates/cold-4,1.719031e+06,∞
SchedulerTap_ObserveTool-4,20037,∞
IngestAcceptExternalized-4,1798,∞
geomean,29950.084823448557,

,candidate,
,allocs/op,CI
IngestAccept-4,9,∞
IngestAcceptLeased-4,76,∞
FeaturesFrom-4,39,∞
ReclaimableIndexBuild_5000Blocks-4,17,∞
AssembleCandidates_2000ToolUses/cold-4,536,∞
AssembleCandidates_2000ToolUses/warm-4,11,∞
RuntimeEvaluate_2000ToolUses_32Candidates/warm-4,25,∞
RuntimeEvaluate_2000ToolUses_32Candidates/cold-4,1970,∞
SchedulerTap_ObserveTool-4,73,∞
IngestAcceptExternalized-4,25,∞
geomean,54.7116258605793,

"pathstest: HOME is ""/tmp/360400775/001/home"" at the end of the run, not the isolated home ""/tmp/qompack-test-home-2332057623"": a test changed it without restoring it, and every test after it ran against that directory"
,candidate,
,sec/op,CI
IngestAccept-4,0.0074651615,∞
IngestAcceptLeased-4,0.018514221,∞
FeaturesFrom-4,1.7944000000000003e-05,∞
ReclaimableIndexBuild_5000Blocks-4,0.0003619075,∞
AssembleCandidates_2000ToolUses/cold-4,0.0011646585,∞
AssembleCandidates_2000ToolUses/warm-4,4.249e-06,∞
RuntimeEvaluate_2000ToolUses_32Candidates/warm-4,1.4632500000000003e-05,∞
RuntimeEvaluate_2000ToolUses_32Candidates/cold-4,0.002159492,∞
SchedulerTap_ObserveTool-4,3.1595000000000005e-05,∞
IngestAcceptExternalized-4,0.016030235500000004,∞
geomean,0.00038474901984659907,

,candidate,
,B/op,CI
IngestAccept-4,384,∞
IngestAcceptLeased-4,8931.5,∞
FeaturesFrom-4,17056,∞
ReclaimableIndexBuild_5000Blocks-4,364592.5,∞
AssembleCandidates_2000ToolUses/cold-4,932407.5,∞
AssembleCandidates_2000ToolUses/warm-4,9946,∞
RuntimeEvaluate_2000ToolUses_32Candidates/warm-4,46315.5,∞
RuntimeEvaluate_2000ToolUses_32Candidates/cold-4,1.730542e+06,∞
SchedulerTap_ObserveTool-4,20037,∞
IngestAcceptExternalized-4,1798,∞
geomean,29900.09474196079,

,candidate,
,allocs/op,CI
IngestAccept-4,9,∞
IngestAcceptLeased-4,76,∞
FeaturesFrom-4,39,∞
ReclaimableIndexBuild_5000Blocks-4,17,∞
AssembleCandidates_2000ToolUses/cold-4,536,∞
AssembleCandidates_2000ToolUses/warm-4,11,∞
RuntimeEvaluate_2000ToolUses_32Candidates/warm-4,25,∞
RuntimeEvaluate_2000ToolUses_32Candidates/cold-4,1970,∞
SchedulerTap_ObserveTool-4,73,∞
IngestAcceptExternalized-4,25,∞
geomean,54.7116258605793,

"pathstest: HOME is ""/tmp/3768425099/001/home"" at the end of the run, not the isolated home ""/tmp/qompack-test-home-1296488687"": a test changed it without restoring it, and every test after it ran against that directory"
,candidate,
,sec/op,CI
IngestAccept-4,0.007937620000000001,∞
IngestAcceptLeased-4,0.019523640000000002,∞
FeaturesFrom-4,1.8125e-05,∞
ReclaimableIndexBuild_5000Blocks-4,0.00034931700000000003,∞
AssembleCandidates_2000ToolUses/cold-4,0.0012000300000000002,∞
AssembleCandidates_2000ToolUses/warm-4,3.884e-06,∞
RuntimeEvaluate_2000ToolUses_32Candidates/warm-4,1.4533000000000001e-05,∞
RuntimeEvaluate_2000B1528: need >= 6 samples for confidence interval at level 0.95
B1529: need >= 6 samples for confidence interval at level 0.95
B1534: need >= 6 samples for confidence interval at level 0.95
B1535: need >= 6 samples for confidence interval at level 0.95
B1536: need >= 6 samples for confidence interval at level 0.95
B1537: need >= 6 samples for confidence interval at level 0.95
B1538: need >= 6 samples for confidence interval at level 0.95
B1539: need >= 6 samples for confidence interval at level 0.95
B1540: need >= 6 samples for confidence interval at level 0.95
B1541: need >= 6 samples for confidence interval at level 0.95
B1542: need >= 6 samples for confidence interval at level 0.95
B1543: need >= 6 samples for confidence interval at level 0.95
B1548: need >= 6 samples for confidence interval at level 0.95
B1549: need >= 6 samples for confidence interval at level 0.95
B1550: need >= 6 samples for confidence interval at level 0.95
B1551: need >= 6 samples for confidence interval at level 0.95
B1552: need >= 6 samples for confidence interval at level 0.95
B1553: need >= 6 samples for confidence interval at level 0.95
B1554: need >= 6 samples for confidence interval at level 0.95
B1555: need >= 6 samples for confidence interval at level 0.95
B1556: need >= 6 samples for confidence interval at level 0.95
B1557: need >= 6 samples for confidence interval at level 0.95
B1563: need >= 6 samples for confidence interval at level 0.95
B1564: need >= 6 samples for confidence interval at level 0.95
B1565: need >= 6 samples for confidence interval at level 0.95
B1566: need >= 6 samples for confidence interval at level 0.95
B1567: need >= 6 samples for confidence interval at level 0.95
B1568: need >= 6 samples for confidence interval at level 0.95
B1569: need >= 6 samples for confidence interval at level 0.95
B1570: need >= 6 samples for confidence interval at level 0.95
B1571: need >= 6 samples for confidence interval at level 0.95
B1572: need >= 6 samples for confidence interval at level 0.95
B1577: need >= 6 samples for confidence interval at level 0.95
B1578: need >= 6 samples for confidence interval at level 0.95
B1579: need >= 6 samples for confidence interval at level 0.95
B1580: need >= 6 samples for confidence interval at level 0.95
B1581: need >= 6 samples for confidence interval at level 0.95
B1582: need >= 6 samples for confidence interval at level 0.95
B1583: need >= 6 samples for confidence interval at level 0.95
B1584: need >= 6 samples for confidence interval at level 0.95
B1585: need >= 6 samples for confidence interval at level 0.95
B1586: need >= 6 samples for confidence interval at level 0.95
B1591: need >= 6 samples for confidence interval at level 0.95
B1592: need >= 6 samples for confidence interval at level 0.95
B1593: need >= 6 samples for confidence interval at level 0.95
B1594: need >= 6 samples for confidence interval at level 0.95
B1595: need >= 6 samples for confidence interval at level 0.95
B1596: need >= 6 samples for confidence interval at level 0.95
B1597: need >= 6 samples for confidence interval at level 0.95
B1598: need >= 6 samples for confidence interval at level 0.95
B1599: need >= 6 samples for confidence interval at level 0.95
B1600: need >= 6 samples for confidence interval at level 0.95
D1607: need >= 6 samples for confidence interval at level 0.95
D1608: need >= 6 samples for confidence interval at level 0.95
D1613: need >= 6 samples for confidence interval at level 0.95
D1614: need >= 6 samples for confidence interval at level 0.95
F1614: all samples are equal
B1615: summaries must be >0 to compute geomean
D1615: summaries must be >0 to compute geomean
D1619: need >= 6 samples for confidence interval at level 0.95
F1619: all samples are equal
D1620: need >= 6 samples for confidence interval at level 0.95
F1620: all samples are equal
B1621: summaries must be >0 to compute geomean
D1621: summaries must be >0 to compute geomean
B1626: need >= 6 samples for confidence interval at level 0.95
B1627: need >= 6 samples for confidence interval at level 0.95
B1632: need >= 6 samples for confidence interval at level 0.95
B1633: need >= 6 samples for confidence interval at level 0.95
B1634: summaries must be >0 to compute geomean
B1638: need >= 6 samples for confidence interval at level 0.95
B1639: need >= 6 samples for confidence interval at level 0.95
B1640: summaries must be >0 to compute geomean
ToolUses_32Candidates/cold-4,0.0020583140000000003,∞
SchedulerTap_ObserveTool-4,3.3681000000000005e-05,∞
IngestAcceptExternalized-4,0.017723178000000003,∞
geomean,0.00039012282773618316,

,candidate,
,B/op,CI
IngestAccept-4,384,∞
IngestAcceptLeased-4,8952,∞
FeaturesFrom-4,17056,∞
ReclaimableIndexBuild_5000Blocks-4,364593,∞
AssembleCandidates_2000ToolUses/cold-4,930953,∞
AssembleCandidates_2000ToolUses/warm-4,10053,∞
RuntimeEvaluate_2000ToolUses_32Candidates/warm-4,46546,∞
RuntimeEvaluate_2000ToolUses_32Candidates/cold-4,1.726542e+06,∞
SchedulerTap_ObserveTool-4,20027,∞
IngestAcceptExternalized-4,1798,∞
geomean,29940.740332534115,

,candidate,
,allocs/op,CI
IngestAccept-4,9,∞
IngestAcceptLeased-4,76,∞
FeaturesFrom-4,39,∞
ReclaimableIndexBuild_5000Blocks-4,17,∞
AssembleCandidates_2000ToolUses/cold-4,536,∞
AssembleCandidates_2000ToolUses/warm-4,11,∞
RuntimeEvaluate_2000ToolUses_32Candidates/warm-4,25,∞
RuntimeEvaluate_2000ToolUses_32Candidates/cold-4,1970,∞
SchedulerTap_ObserveTool-4,73,∞
IngestAcceptExternalized-4,25,∞
geomean,54.7116258605793,

"pathstest: HOME is ""/tmp/426110959/001/home"" at the end of the run, not the isolated home ""/tmp/qompack-test-home-2219520244"": a test changed it without restoring it, and every test after it ran against that directory"
,candidate,
,sec/op,CI
IngestAccept-4,0.007587263,∞
IngestAcceptLeased-4,0.01807338,∞
FeaturesFrom-4,1.7973000000000002e-05,∞
ReclaimableIndexBuild_5000Blocks-4,0.00035705100000000005,∞
AssembleCandidates_2000ToolUses/cold-4,0.001216793,∞
AssembleCandidates_2000ToolUses/warm-4,3.864000000000001e-06,∞
RuntimeEvaluate_2000ToolUses_32Candidates/warm-4,1.3951e-05,∞
RuntimeEvaluate_2000ToolUses_32Candidates/cold-4,0.002043507,∞
SchedulerTap_ObserveTool-4,3.2981e-05,∞
IngestAcceptExternalized-4,0.015497637000000002,∞
geomean,0.0003784634934855892,

,candidate,
,B/op,CI
IngestAccept-4,384,∞
IngestAcceptLeased-4,8927,∞
FeaturesFrom-4,17056,∞
ReclaimableIndexBuild_5000Blocks-4,364593,∞
AssembleCandidates_2000ToolUses/cold-4,932575,∞
AssembleCandidates_2000ToolUses/warm-4,10239,∞
RuntimeEvaluate_2000ToolUses_32Candidates/warm-4,46465,∞
RuntimeEvaluate_2000ToolUses_32Candidates/cold-4,1.751956e+06,∞
SchedulerTap_ObserveTool-4,20019,∞
IngestAcceptExternalized-4,1798,∞
geomean,30029.940988935796,

,candidate,
,allocs/op,CI
IngestAccept-4,9,∞
IngestAcceptLeased-4,76,∞
FeaturesFrom-4,39,∞
ReclaimableIndexBuild_5000Blocks-4,17,∞
AssembleCandidates_2000ToolUses/cold-4,536,∞
AssembleCandidates_2000ToolUses/warm-4,11,∞
RuntimeEvaluate_2000ToolUses_32Candidates/warm-4,25,∞
RuntimeEvaluate_2000ToolUses_32Candidates/cold-4,1970,∞
SchedulerTap_ObserveTool-4,73,∞
IngestAcceptExternalized-4,25,∞
geomean,54.7116258605793,

pkg: github.com/qompack/qompack/internal/dag
pathstest: 
,base,,candidate,,,
,sec/op,CI,sec/op,CI,vs base,P
BackwardSlice5000-4,0.000293849,3%,0.000289454,∞,~,p=0.545 n=10+1
CrossingEdges-4,9.342e-08,3%,9.508e-08,∞,~,p=0.545 n=10+1
geomean,5.239405842268767e-06,,5.246073419234612e-06,,+0.13%,

,base,,candidate,,,
,B/op,CI,B/op,CI,vs base,P
BackwardSlice5000-4,132056,0%,132056,∞,~,p=0.182 n=10+1
CrossingEdges-4,0,0%,0,∞,~,p=1.000 n=10+1
geomean,,,,,+0.00%,

,base,,candidate,,,
,allocs/op,CI,allocs/op,CI,vs base,P
BackwardSlice5000-4,1435,0%,1435,∞,~,p=1.000 n=10+1
CrossingEdges-4,0,0%,0,∞,~,p=1.000 n=10+1
geomean,,,,,+0.00%,

"pathstest: HOME is ""/tmp/1925223897/001/home"" at the end of the run, not the isolated home ""/tmp/qompack-test-home-963714756"": a test changed it without restoring it, and every test after it ran against that directory"
,candidate,
,sec/op,CI
BackwardSlice5000-4,0.00029650200000000003,∞
CrossingEdges-4,9.504000000000001e-08,∞
geomean,5.308441398376736e-06,

,candidate,
,B/op,CI
BackwardSlice5000-4,132056,∞
CrossingEdges-4,0,∞
geomean,,

,candidate,
,allocs/op,CI
BackwardSlice5000-4,1435,∞
CrossingEdges-4,0,∞
geomean,,

"pathstest: HOME is ""/tmp/2768512412/001/home"" at the end of the run, not the isolated home ""/tmB1645: need >= 6 samples for confidence interval at level 0.95
B1646: need >= 6 samples for confidence interval at level 0.95
B1651: need >= 6 samples for confidence interval at level 0.95
B1652: need >= 6 samples for confidence interval at level 0.95
B1653: summaries must be >0 to compute geomean
B1657: need >= 6 samples for confidence interval at level 0.95
B1658: need >= 6 samples for confidence interval at level 0.95
B1659: summaries must be >0 to compute geomean
B1664: need >= 6 samples for confidence interval at level 0.95
B1665: need >= 6 samples for confidence interval at level 0.95
B1670: need >= 6 samples for confidence interval at level 0.95
B1671: need >= 6 samples for confidence interval at level 0.95
B1672: summaries must be >0 to compute geomean
B1676: need >= 6 samples for confidence interval at level 0.95
B1677: need >= 6 samples for confidence interval at level 0.95
B1678: summaries must be >0 to compute geomean
B1683: need >= 6 samples for confidence interval at level 0.95
B1684: need >= 6 samples for confidence interval at level 0.95
B1689: need >= 6 samples for confidence interval at level 0.95
B1690: need >= 6 samples for confidence interval at level 0.95
B1691: summaries must be >0 to compute geomean
B1695: need >= 6 samples for confidence interval at level 0.95
B1696: need >= 6 samples for confidence interval at level 0.95
B1697: summaries must be >0 to compute geomean
B1702: need >= 6 samples for confidence interval at level 0.95
B1703: need >= 6 samples for confidence interval at level 0.95
B1708: need >= 6 samples for confidence interval at level 0.95
B1709: need >= 6 samples for confidence interval at level 0.95
B1710: summaries must be >0 to compute geomean
B1714: need >= 6 samples for confidence interval at level 0.95
B1715: need >= 6 samples for confidence interval at level 0.95
B1716: summaries must be >0 to compute geomean
B1721: need >= 6 samples for confidence interval at level 0.95
B1722: need >= 6 samples for confidence interval at level 0.95
B1727: need >= 6 samples for confidence interval at level 0.95
B1728: need >= 6 samples for confidence interval at level 0.95
B1729: summaries must be >0 to compute geomean
B1733: need >= 6 samples for confidence interval at level 0.95
B1734: need >= 6 samples for confidence interval at level 0.95
B1735: summaries must be >0 to compute geomean
B1740: need >= 6 samples for confidence interval at level 0.95
B1741: need >= 6 samples for confidence interval at level 0.95
B1746: need >= 6 samples for confidence interval at level 0.95
B1747: need >= 6 samples for confidence interval at level 0.95
B1748: summaries must be >0 to compute geomean
B1752: need >= 6 samples for confidence interval at level 0.95
B1753: need >= 6 samples for confidence interval at level 0.95
B1754: summaries must be >0 to compute geomean
B1759: need >= 6 samples for confidence interval at level 0.95
B1760: need >= 6 samples for confidence interval at level 0.95
B1765: need >= 6 samples for confidence interval at level 0.95
B1766: need >= 6 samples for confidence interval at level 0.95
B1767: summaries must be >0 to compute geomean
B1771: need >= 6 samples for confidence interval at level 0.95
B1772: need >= 6 samples for confidence interval at level 0.95
B1773: summaries must be >0 to compute geomean
D1779: need >= 6 samples for confidence interval at level 0.95
D1780: need >= 6 samples for confidence interval at level 0.95
D1781: need >= 6 samples for confidence interval at level 0.95
D1782: need >= 6 samples for confidence interval at level 0.95
p/qompack-test-home-1018763912"": a test changed it without restoring it, and every test after it ran against that directory"
,candidate,
,sec/op,CI
BackwardSlice5000-4,0.0002923,∞
CrossingEdges-4,9.671e-08,∞
geomean,5.316797250224988e-06,

,candidate,
,B/op,CI
BackwardSlice5000-4,132056,∞
CrossingEdges-4,0,∞
geomean,,

,candidate,
,allocs/op,CI
BackwardSlice5000-4,1435,∞
CrossingEdges-4,0,∞
geomean,,

"pathstest: HOME is ""/tmp/2974957428/001/home"" at the end of the run, not the isolated home ""/tmp/qompack-test-home-99215005"": a test changed it without restoring it, and every test after it ran against that directory"
,candidate,
,sec/op,CI
BackwardSlice5000-4,0.000311735,∞
CrossingEdges-4,9.758e-08,∞
geomean,5.515351421260473e-06,

,candidate,
,B/op,CI
BackwardSlice5000-4,132056,∞
CrossingEdges-4,0,∞
geomean,,

,candidate,
,allocs/op,CI
BackwardSlice5000-4,1435,∞
CrossingEdges-4,0,∞
geomean,,

"pathstest: HOME is ""/tmp/3178765180/001/home"" at the end of the run, not the isolated home ""/tmp/qompack-test-home-1482751880"": a test changed it without restoring it, and every test after it ran against that directory"
,candidate,
,sec/op,CI
BackwardSlice5000-4,0.000312162,∞
CrossingEdges-4,9.503000000000001e-08,∞
geomean,5.446536042293298e-06,

,candidate,
,B/op,CI
BackwardSlice5000-4,132056,∞
CrossingEdges-4,0,∞
geomean,,

,candidate,
,allocs/op,CI
BackwardSlice5000-4,1435,∞
CrossingEdges-4,0,∞
geomean,,

"pathstest: HOME is ""/tmp/3430838114/001/home"" at the end of the run, not the isolated home ""/tmp/qompack-test-home-1101472913"": a test changed it without restoring it, and every test after it ran against that directory"
,candidate,
,sec/op,CI
BackwardSlice5000-4,0.000299007,∞
CrossingEdges-4,9.922000000000001e-08,∞
geomean,5.4467857071854825e-06,

,candidate,
,B/op,CI
BackwardSlice5000-4,132056,∞
CrossingEdges-4,0,∞
geomean,,

,candidate,
,allocs/op,CI
BackwardSlice5000-4,1435,∞
CrossingEdges-4,0,∞
geomean,,

"pathstest: HOME is ""/tmp/360400775/001/home"" at the end of the run, not the isolated home ""/tmp/qompack-test-home-2332057623"": a test changed it without restoring it, and every test after it ran against that directory"
,candidate,
,sec/op,CI
BackwardSlice5000-4,0.0002902405,∞
CrossingEdges-4,9.562e-08,∞
geomean,5.268092312213219e-06,

,candidate,
,B/op,CI
BackwardSlice5000-4,132056,∞
CrossingEdges-4,0,∞
geomean,,

,candidate,
,allocs/op,CI
BackwardSlice5000-4,1435,∞
CrossingEdges-4,0,∞
geomean,,

"pathstest: HOME is ""/tmp/3768425099/001/home"" at the end of the run, not the isolated home ""/tmp/qompack-test-home-1296488687"": a test changed it without restoring it, and every test after it ran against that directory"
,candidate,
,sec/op,CI
BackwardSlice5000-4,0.00029319700000000003,∞
CrossingEdges-4,9.557e-08,∞
geomean,5.293471194783252e-06,

,candidate,
,B/op,CI
BackwardSlice5000-4,132056,∞
CrossingEdges-4,0,∞
geomean,,

,candidate,
,allocs/op,CI
BackwardSlice5000-4,1435,∞
CrossingEdges-4,0,∞
geomean,,

"pathstest: HOME is ""/tmp/426110959/001/home"" at the end of the run, not the isolated home ""/tmp/qompack-test-home-2219520244"": a test changed it without restoring it, and every test after it ran against that directory"
,candidate,
,sec/op,CI
BackwardSlice5000-4,0.000283634,∞
CrossingEdges-4,9.446e-08,∞
geomean,5.176105451012377e-06,

,candidate,
,B/op,CI
BackwardSlice5000-4,132056,∞
CrossingEdges-4,0,∞
geomean,,

,candidate,
,allocs/op,CI
BackwardSlice5000-4,1435,∞
CrossingEdges-4,0,∞
geomean,,

pkg: github.com/qompack/qompack/internal/eval
pathstest: 
,base,,candidate,,,
,sec/op,CI,sec/op,CI,vs base,P
BeladyDetail_400Turns-4,0.0007904465,4%,0.0007842350000000001,∞,~,p=0.545 n=10+1
BreakpointOPT_256Candidates-4,0.0005467040000000001,4%,0.000551467,∞,~,p=0.727 n=10+1
Compare_400Actions-4,0.0005146695000000001,3%,0.000511757,∞,~,p=0.909 n=10+1
Synthesize_320Turns-4,0.00030031450000000005,2%,0.000292806,∞,~,p=0.182 n=10+1
geomean,0.0005083728708309783,,0.0005045478714932805,,-0.75%,

,base,,candidate,,,
,B/op,CID1787: need >= 6 samples for confidence interval at level 0.95
D1788: need >= 6 samples for confidence interval at level 0.95
D1789: need >= 6 samples for confidence interval at level 0.95
D1790: need >= 6 samples for confidence interval at level 0.95
D1795: need >= 6 samples for confidence interval at level 0.95
F1795: all samples are equal
D1796: need >= 6 samples for confidence interval at level 0.95
F1796: all samples are equal
D1797: need >= 6 samples for confidence interval at level 0.95
F1797: all samples are equal
D1798: need >= 6 samples for confidence interval at level 0.95
F1798: all samples are equal
B1804: need >= 6 samples for confidence interval at level 0.95
B1805: need >= 6 samples for confidence interval at level 0.95
B1806: need >= 6 samples for confidence interval at level 0.95
B1807: need >= 6 samples for confidence interval at level 0.95
B1812: need >= 6 samples for confidence interval at level 0.95
B1813: need >= 6 samples for confidence interval at level 0.95
B1814: need >= 6 samples for confidence interval at level 0.95
B1815: need >= 6 samples for confidence interval at level 0.95
B1820: need >= 6 samples for confidence interval at level 0.95
B1821: need >= 6 samples for confidence interval at level 0.95
B1822: need >= 6 samples for confidence interval at level 0.95
B1823: need >= 6 samples for confidence interval at level 0.95
B1829: need >= 6 samples for confidence interval at level 0.95
B1830: need >= 6 samples for confidence interval at level 0.95
B1831: need >= 6 samples for confidence interval at level 0.95
B1832: need >= 6 samples for confidence interval at level 0.95
B1837: need >= 6 samples for confidence interval at level 0.95
B1838: need >= 6 samples for confidence interval at level 0.95
B1839: need >= 6 samples for confidence interval at level 0.95
B1840: need >= 6 samples for confidence interval at level 0.95
B1845: need >= 6 samples for confidence interval at level 0.95
B1846: need >= 6 samples for confidence interval at level 0.95
B1847: need >= 6 samples for confidence interval at level 0.95
B1848: need >= 6 samples for confidence interval at level 0.95
B1854: need >= 6 samples for confidence interval at level 0.95
B1855: need >= 6 samples for confidence interval at level 0.95
B1856: need >= 6 samples for confidence interval at level 0.95
B1857: need >= 6 samples for confidence interval at level 0.95
B1862: need >= 6 samples for confidence interval at level 0.95
B1863: need >= 6 samples for confidence interval at level 0.95
B1864: need >= 6 samples for confidence interval at level 0.95
B1865: need >= 6 samples for confidence interval at level 0.95
B1870: need >= 6 samples for confidence interval at level 0.95
B1871: need >= 6 samples for confidence interval at level 0.95
B1872: need >= 6 samples for confidence interval at level 0.95
B1873: need >= 6 samples for confidence interval at level 0.95
B1879: need >= 6 samples for confidence interval at level 0.95
B1880: need >= 6 samples for confidence interval at level 0.95
B1881: need >= 6 samples for confidence interval at level 0.95
B1882: need >= 6 samples for confidence interval at level 0.95
B1887: need >= 6 samples for confidence interval at level 0.95
B1888: need >= 6 samples for confidence interval at level 0.95
B1889: need >= 6 samples for confidence interval at level 0.95
B1890: need >= 6 samples for confidence interval at level 0.95
B1895: need >= 6 samples for confidence interval at level 0.95
B1896: need >= 6 samples for confidence interval at level 0.95
B1897: need >= 6 samples for confidence interval at level 0.95
B1898: need >= 6 samples for confidence interval at level 0.95
,B/op,CI,vs base,P
BeladyDetail_400Turns-4,682920,0%,682916,∞,-0.00%,n=10+1
BreakpointOPT_256Candidates-4,778794,0%,778795,∞,~,p=0.727 n=10+1
Compare_400Actions-4,186912,0%,186912,∞,~,p=0.364 n=10+1
Synthesize_320Turns-4,274711,0%,274702,∞,-0.00%,n=10+1
geomean,406514.85069197684,,406511.05635883287,,-0.00%,

,base,,candidate,,,
,allocs/op,CI,allocs/op,CI,vs base,P
BeladyDetail_400Turns-4,7598,0%,7598,∞,~,p=1.000 n=10+1
BreakpointOPT_256Candidates-4,5751,0%,5751,∞,~,p=1.000 n=10+1
Compare_400Actions-4,48,0%,48,∞,~,p=1.000 n=10+1
Synthesize_320Turns-4,2999,0%,2999,∞,~,p=1.000 n=10+1
geomean,1583.671459262185,,1583.671459262185,,+0.00%,

"pathstest: HOME is ""/tmp/1925223897/001/home"" at the end of the run, not the isolated home ""/tmp/qompack-test-home-963714756"": a test changed it without restoring it, and every test after it ran against that directory"
,candidate,
,sec/op,CI
BeladyDetail_400Turns-4,0.0008103250000000001,∞
BreakpointOPT_256Candidates-4,0.000545363,∞
Compare_400Actions-4,0.000503442,∞
Synthesize_320Turns-4,0.000299623,∞
geomean,0.0005081212701407484,

,candidate,
,B/op,CI
BeladyDetail_400Turns-4,682917,∞
BreakpointOPT_256Candidates-4,778794,∞
Compare_400Actions-4,186912,∞
Synthesize_320Turns-4,274708,∞
geomean,406513.29439982487,

,candidate,
,allocs/op,CI
BeladyDetail_400Turns-4,7598,∞
BreakpointOPT_256Candidates-4,5751,∞
Compare_400Actions-4,48,∞
Synthesize_320Turns-4,2999,∞
geomean,1583.671459262185,

"pathstest: HOME is ""/tmp/2768512412/001/home"" at the end of the run, not the isolated home ""/tmp/qompack-test-home-1018763912"": a test changed it without restoring it, and every test after it ran against that directory"
,candidate,
,sec/op,CI
BeladyDetail_400Turns-4,0.000776332,∞
BreakpointOPT_256Candidates-4,0.000569065,∞
Compare_400Actions-4,0.0005235260000000001,∞
Synthesize_320Turns-4,0.00031524600000000004,∞
geomean,0.0005196360834287037,

,candidate,
,B/op,CI
BeladyDetail_400Turns-4,682916,∞
BreakpointOPT_256Candidates-4,778794,∞
Compare_400Actions-4,186912,∞
Synthesize_320Turns-4,274696,∞
geomean,406508.7061092756,

,candidate,
,allocs/op,CI
BeladyDetail_400Turns-4,7598,∞
BreakpointOPT_256Candidates-4,5751,∞
Compare_400Actions-4,48,∞
Synthesize_320Turns-4,2999,∞
geomean,1583.671459262185,

"pathstest: HOME is ""/tmp/2974957428/001/home"" at the end of the run, not the isolated home ""/tmp/qompack-test-home-99215005"": a test changed it without restoring it, and every test after it ran against that directory"
,candidate,
,sec/op,CI
BeladyDetail_400Turns-4,0.000799242,∞
BreakpointOPT_256Candidates-4,0.000539895,∞
Compare_400Actions-4,0.000527207,∞
Synthesize_320Turns-4,0.00031192300000000003,∞
geomean,0.0005161239859651234,

,candidate,
,B/op,CI
BeladyDetail_400Turns-4,682920,∞
BreakpointOPT_256Candidates-4,778794,∞
Compare_400Actions-4,186912,∞
Synthesize_320Turns-4,274704,∞
geomean,406512.26103307505,

,candidate,
,allocs/op,CI
BeladyDetail_400Turns-4,7598,∞
BreakpointOPT_256Candidates-4,5751,∞
Compare_400Actions-4,48,∞
Synthesize_320Turns-4,2999,∞
geomean,1583.671459262185,

"pathstest: HOME is ""/tmp/3178765180/001/home"" at the end of the run, not the isolated home ""/tmp/qompack-test-home-1482751880"": a test changed it without restoring it, and every test after it ran against that directory"
,candidate,
,sec/op,CI
BeladyDetail_400Turns-4,0.0007922830000000001,∞
BreakpointOPT_256Candidates-4,0.000531649,∞
Compare_400Actions-4,0.0005425580000000001,∞
Synthesize_320Turns-4,0.000300082,∞
geomean,0.0005117382315482624,

,candidate,
,B/op,CI
BeladyDetail_400Turns-4,682919,∞
BreakpointOPT_256Candidates-4,778795,∞
Compare_400Actions-4,186912,∞
Synthesize_320Turns-4,274701,∞
geomean,406511.13284410996,

,candidate,
,allocs/op,CI
BeladyDetail_400Turns-4,7598,∞
BreakpointOPT_256Candidates-4,5751,∞
Compare_400Actions-4,48,∞
Synthesize_320Turns-4,2999,∞
geomean,1583.671459262185,

"pathstest: HOME is ""/tmp/3430838114/001/home"" at the end of the run, not the isolated home ""/tmp/qompack-tB1904: need >= 6 samples for confidence interval at level 0.95
B1905: need >= 6 samples for confidence interval at level 0.95
B1906: need >= 6 samples for confidence interval at level 0.95
B1907: need >= 6 samples for confidence interval at level 0.95
B1912: need >= 6 samples for confidence interval at level 0.95
B1913: need >= 6 samples for confidence interval at level 0.95
B1914: need >= 6 samples for confidence interval at level 0.95
B1915: need >= 6 samples for confidence interval at level 0.95
B1920: need >= 6 samples for confidence interval at level 0.95
B1921: need >= 6 samples for confidence interval at level 0.95
B1922: need >= 6 samples for confidence interval at level 0.95
B1923: need >= 6 samples for confidence interval at level 0.95
B1929: need >= 6 samples for confidence interval at level 0.95
B1930: need >= 6 samples for confidence interval at level 0.95
B1931: need >= 6 samples for confidence interval at level 0.95
B1932: need >= 6 samples for confidence interval at level 0.95
B1937: need >= 6 samples for confidence interval at level 0.95
B1938: need >= 6 samples for confidence interval at level 0.95
B1939: need >= 6 samples for confidence interval at level 0.95
B1940: need >= 6 samples for confidence interval at level 0.95
B1945: need >= 6 samples for confidence interval at level 0.95
B1946: need >= 6 samples for confidence interval at level 0.95
B1947: need >= 6 samples for confidence interval at level 0.95
B1948: need >= 6 samples for confidence interval at level 0.95
B1954: need >= 6 samples for confidence interval at level 0.95
B1955: need >= 6 samples for confidence interval at level 0.95
B1956: need >= 6 samples for confidence interval at level 0.95
B1957: need >= 6 samples for confidence interval at level 0.95
B1962: need >= 6 samples for confidence interval at level 0.95
B1963: need >= 6 samples for confidence interval at level 0.95
B1964: need >= 6 samples for confidence interval at level 0.95
B1965: need >= 6 samples for confidence interval at level 0.95
B1970: need >= 6 samples for confidence interval at level 0.95
B1971: need >= 6 samples for confidence interval at level 0.95
B1972: need >= 6 samples for confidence interval at level 0.95
B1973: need >= 6 samples for confidence interval at level 0.95
B1979: need >= 6 samples for confidence interval at level 0.95
B1980: need >= 6 samples for confidence interval at level 0.95
B1981: need >= 6 samples for confidence interval at level 0.95
B1982: need >= 6 samples for confidence interval at level 0.95
B1987: need >= 6 samples for confidence interval at level 0.95
B1988: need >= 6 samples for confidence interval at level 0.95
B1989: need >= 6 samples for confidence interval at level 0.95
B1990: need >= 6 samples for confidence interval at level 0.95
B1995: need >= 6 samples for confidence interval at level 0.95
B1996: need >= 6 samples for confidence interval at level 0.95
B1997: need >= 6 samples for confidence interval at level 0.95
B1998: need >= 6 samples for confidence interval at level 0.95
B2005: need >= 6 samples for confidence interval at level 0.95
B2010: need >= 6 samples for confidence interval at level 0.95
B2015: need >= 6 samples for confidence interval at level 0.95
B2021: need >= 6 samples for confidence interval at level 0.95
B2026: need >= 6 samples for confidence interval at level 0.95
B2031: need >= 6 samples for confidence interval at level 0.95
est-home-1101472913"": a test changed it without restoring it, and every test after it ran against that directory"
,candidate,
,sec/op,CI
BeladyDetail_400Turns-4,0.000822041,∞
BreakpointOPT_256Candidates-4,0.000563916,∞
Compare_400Actions-4,0.0005330910000000001,∞
Synthesize_320Turns-4,0.000305176,∞
geomean,0.0005240405643796867,

,candidate,
,B/op,CI
BeladyDetail_400Turns-4,682920,∞
BreakpointOPT_256Candidates-4,778794,∞
Compare_400Actions-4,186912,∞
Synthesize_320Turns-4,274707,∞
geomean,406513.3708929507,

,candidate,
,allocs/op,CI
BeladyDetail_400Turns-4,7598,∞
BreakpointOPT_256Candidates-4,5751,∞
Compare_400Actions-4,48,∞
Synthesize_320Turns-4,2999,∞
geomean,1583.671459262185,

"pathstest: HOME is ""/tmp/360400775/001/home"" at the end of the run, not the isolated home ""/tmp/qompack-test-home-2332057623"": a test changed it without restoring it, and every test after it ran against that directory"
,candidate,
,sec/op,CI
BeladyDetail_400Turns-4,0.0007743505,∞
BreakpointOPT_256Candidates-4,0.0005303545,∞
Compare_400Actions-4,0.0005020115000000001,∞
Synthesize_320Turns-4,0.00029844400000000003,∞
geomean,0.0004980467263675563,

,candidate,
,B/op,CI
BeladyDetail_400Turns-4,682916,∞
BreakpointOPT_256Candidates-4,778794.5,∞
Compare_400Actions-4,186912,∞
Synthesize_320Turns-4,274707,∞
geomean,406512.8408811136,

,candidate,
,allocs/op,CI
BeladyDetail_400Turns-4,7598,∞
BreakpointOPT_256Candidates-4,5751,∞
Compare_400Actions-4,48,∞
Synthesize_320Turns-4,2999,∞
geomean,1583.671459262185,

"pathstest: HOME is ""/tmp/3768425099/001/home"" at the end of the run, not the isolated home ""/tmp/qompack-test-home-1296488687"": a test changed it without restoring it, and every test after it ran against that directory"
,candidate,
,sec/op,CI
BeladyDetail_400Turns-4,0.000796769,∞
BreakpointOPT_256Candidates-4,0.000530934,∞
Compare_400Actions-4,0.000514956,∞
Synthesize_320Turns-4,0.000301672,∞
geomean,0.0005063135181719014,

,candidate,
,B/op,CI
BeladyDetail_400Turns-4,682916,∞
BreakpointOPT_256Candidates-4,778795,∞
Compare_400Actions-4,186912,∞
Synthesize_320Turns-4,274702,∞
geomean,406511.05635883287,

,candidate,
,allocs/op,CI
BeladyDetail_400Turns-4,7598,∞
BreakpointOPT_256Candidates-4,5751,∞
Compare_400Actions-4,48,∞
Synthesize_320Turns-4,2999,∞
geomean,1583.671459262185,

"pathstest: HOME is ""/tmp/426110959/001/home"" at the end of the run, not the isolated home ""/tmp/qompack-test-home-2219520244"": a test changed it without restoring it, and every test after it ran against that directory"
,candidate,
,sec/op,CI
BeladyDetail_400Turns-4,0.000797581,∞
BreakpointOPT_256Candidates-4,0.0005308050000000001,∞
Compare_400Actions-4,0.000518501,∞
Synthesize_320Turns-4,0.000297414,∞
geomean,0.0005054814268922006,

,candidate,
,B/op,CI
BeladyDetail_400Turns-4,682916,∞
BreakpointOPT_256Candidates-4,778795,∞
Compare_400Actions-4,186912,∞
Synthesize_320Turns-4,274704,∞
geomean,406511.7962696207,

,candidate,
,allocs/op,CI
BeladyDetail_400Turns-4,7598,∞
BreakpointOPT_256Candidates-4,5751,∞
Compare_400Actions-4,48,∞
Synthesize_320Turns-4,2999,∞
geomean,1583.671459262185,

pkg: github.com/qompack/qompack/internal/hostperm
pathstest: 
,candidate,
,sec/op,CI
Evaluate-4,6.637e-06,∞
geomean,6.637e-06,

,candidate,
,B/op,CI
Evaluate-4,1944,∞
geomean,1944,

,candidate,
,allocs/op,CI
Evaluate-4,32,∞
geomean,32,

"pathstest: HOME is ""/tmp/1925223897/001/home"" at the end of the run, not the isolated home ""/tmp/qompack-test-home-963714756"": a test changed it without restoring it, and every test after it ran against that directory"
,candidate,
,sec/op,CI
Evaluate-4,6.5170000000000005e-06,∞
geomean,6.517000000000006e-06,

,candidate,
,B/op,CI
Evaluate-4,1944,∞
geomean,1944,

,candidate,
,allocs/op,CI
Evaluate-4,32,∞
geomean,32,

"pathstest: HOME is ""/tmp/2768512412/001/home"" at the end of the run, not the isolated home ""/tmp/qompack-test-home-1018763912"": a test changed it without restoring it, and every test after it ran against that directory"
B2037: need >= 6 samples for confidence interval at level 0.95
B2042: need >= 6 samples for confidence interval at level 0.95
B2047: need >= 6 samples for confidence interval at level 0.95
B2053: need >= 6 samples for confidence interval at level 0.95
B2058: need >= 6 samples for confidence interval at level 0.95
B2063: need >= 6 samples for confidence interval at level 0.95
B2069: need >= 6 samples for confidence interval at level 0.95
B2074: need >= 6 samples for confidence interval at level 0.95
B2079: need >= 6 samples for confidence interval at level 0.95
B2085: need >= 6 samples for confidence interval at level 0.95
B2090: need >= 6 samples for confidence interval at level 0.95
B2095: need >= 6 samples for confidence interval at level 0.95
B2101: need >= 6 samples for confidence interval at level 0.95
B2106: need >= 6 samples for confidence interval at level 0.95
B2111: need >= 6 samples for confidence interval at level 0.95
B2117: need >= 6 samples for confidence interval at level 0.95
B2122: need >= 6 samples for confidence interval at level 0.95
B2127: need >= 6 samples for confidence interval at level 0.95
B2133: need >= 6 samples for confidence interval at level 0.95
B2138: need >= 6 samples for confidence interval at level 0.95
B2143: need >= 6 samples for confidence interval at level 0.95
D2150: need >= 6 samples for confidence interval at level 0.95
D2151: need >= 6 samples for confidence interval at level 0.95
D2152: need >= 6 samples for confidence interval at level 0.95
D2157: need >= 6 samples for confidence interval at level 0.95
D2158: need >= 6 samples for confidence interval at level 0.95
D2159: need >= 6 samples for confidence interval at level 0.95
D2164: need >= 6 samples for confidence interval at level 0.95
D2165: need >= 6 samples for confidence interval at level 0.95
D2166: need >= 6 samples for confidence interval at level 0.95
D2171: need >= 6 samples for confidence interval at level 0.95
D2172: need >= 6 samples for confidence interval at level 0.95
B2178: need >= 6 samples for confidence interval at level 0.95
B2179: need >= 6 samples for confidence interval at level 0.95
,candidate,
,sec/op,CI
Evaluate-4,6.7720000000000006e-06,∞
geomean,6.772000000000001e-06,

,candidate,
,B/op,CI
Evaluate-4,1944,∞
geomean,1944,

,candidate,
,allocs/op,CI
Evaluate-4,32,∞
geomean,32,

"pathstest: HOME is ""/tmp/2974957428/001/home"" at the end of the run, not the isolated home ""/tmp/qompack-test-home-99215005"": a test changed it without restoring it, and every test after it ran against that directory"
,candidate,
,sec/op,CI
Evaluate-4,6.7770000000000005e-06,∞
geomean,6.777000000000002e-06,

,candidate,
,B/op,CI
Evaluate-4,1944,∞
geomean,1944,

,candidate,
,allocs/op,CI
Evaluate-4,32,∞
geomean,32,

"pathstest: HOME is ""/tmp/3178765180/001/home"" at the end of the run, not the isolated home ""/tmp/qompack-test-home-1482751880"": a test changed it without restoring it, and every test after it ran against that directory"
,candidate,
,sec/op,CI
Evaluate-4,6.744e-06,∞
geomean,6.744e-06,

,candidate,
,B/op,CI
Evaluate-4,1960,∞
geomean,1959.9999999999995,

,candidate,
,allocs/op,CI
Evaluate-4,32,∞
geomean,32,

"pathstest: HOME is ""/tmp/3430838114/001/home"" at the end of the run, not the isolated home ""/tmp/qompack-test-home-1101472913"": a test changed it without restoring it, and every test after it ran against that directory"
,candidate,
,sec/op,CI
Evaluate-4,7.134000000000001e-06,∞
geomean,7.134000000000001e-06,

,candidate,
,B/op,CI
Evaluate-4,1944,∞
geomean,1944,

,candidate,
,allocs/op,CI
Evaluate-4,32,∞
geomean,32,

"pathstest: HOME is ""/tmp/360400775/001/home"" at the end of the run, not the isolated home ""/tmp/qompack-test-home-2332057623"": a test changed it without restoring it, and every test after it ran against that directory"
,candidate,
,sec/op,CI
Evaluate-4,6.6525e-06,∞
geomean,6.652500000000005e-06,

,candidate,
,B/op,CI
Evaluate-4,1960,∞
geomean,1959.9999999999995,

,candidate,
,allocs/op,CI
Evaluate-4,32,∞
geomean,32,

"pathstest: HOME is ""/tmp/3768425099/001/home"" at the end of the run, not the isolated home ""/tmp/qompack-test-home-1296488687"": a test changed it without restoring it, and every test after it ran against that directory"
,candidate,
,sec/op,CI
Evaluate-4,6.717e-06,∞
geomean,6.717e-06,

,candidate,
,B/op,CI
Evaluate-4,1960,∞
geomean,1959.9999999999995,

,candidate,
,allocs/op,CI
Evaluate-4,32,∞
geomean,32,

"pathstest: HOME is ""/tmp/426110959/001/home"" at the end of the run, not the isolated home ""/tmp/qompack-test-home-2219520244"": a test changed it without restoring it, and every test after it ran against that directory"
,candidate,
,sec/op,CI
Evaluate-4,6.6580000000000005e-06,∞
geomean,6.658e-06,

,candidate,
,B/op,CI
Evaluate-4,1960,∞
geomean,1959.9999999999995,

,candidate,
,allocs/op,CI
Evaluate-4,32,∞
geomean,32,

pkg: github.com/qompack/qompack/internal/negknow
pathstest: 
,base,,candidate,,,
,sec/op,CI,sec/op,CI,vs base,P
Open-4,0.058210493,4%,0.076907718,∞,~,p=0.182 n=10+1
Record-4,3.5547000000000004e-05,3%,3.3885000000000005e-05,∞,~,p=0.182 n=10+1
IngestMCPRealStore-4,,,0.036708889,∞
geomean,0.0014384743288189052,,0.0045735091464990125,,+12.22%,

,base,,candidate,,,
,B/op,CI,B/op,CI,vs base,P
Open-4,4.59911405e+07,0%,3.5701511e+07,∞,~,p=0.182 n=10+1
Record-4,11505,1%,11529,∞,~,p=1.000 n=10+1
IngestMCPRealStore-4,,,70330,∞
geomean,727411.8994438426,,307048.00828022393,,-11.80%,

,base,,candidate,,,
,allocs/op,CI,allocs/op,CI,vs base,P
Open-4,400437,0%,260512,∞,-34.94%,n=10+1
Record-4,72,0%,70,∞,-2.78%,n=10+1
IngestMCPRealStore-4,,,279,∞
geomean,5369.493830893191,,1719.9269123441356,,-20.47%,

,base,,candidate,,,
,cpu-sec/op,CI,cpu-sec/op,CI,vs base,P
Open-4,0.06528145,3%,0.0620631,∞,~,p=0.182 n=10+1
Record-4,2.99785e-05,3%,2.8216000000000002e-05,∞,~,p=0.182 n=10+1
geomean,0.001398942439425225,,0.0013233187180721052,,-5.41%,

"pathstest: HOME is ""/tmp/1925223897/001/home"" at the end of the run, not the isolated home ""/tmp/qompack-test-home-963714756"": a test changed it without restoring it, and every test after it ran against that directory"
,candidate,
,sec/op,CI
Open-4,0.077039491,∞
RB2180: need >= 6 samples for confidence interval at level 0.95
B2185: need >= 6 samples for confidence interval at level 0.95
B2186: need >= 6 samples for confidence interval at level 0.95
B2187: need >= 6 samples for confidence interval at level 0.95
B2192: need >= 6 samples for confidence interval at level 0.95
B2193: need >= 6 samples for confidence interval at level 0.95
B2194: need >= 6 samples for confidence interval at level 0.95
B2199: need >= 6 samples for confidence interval at level 0.95
B2200: need >= 6 samples for confidence interval at level 0.95
B2206: need >= 6 samples for confidence interval at level 0.95
B2207: need >= 6 samples for confidence interval at level 0.95
B2208: need >= 6 samples for confidence interval at level 0.95
B2213: need >= 6 samples for confidence interval at level 0.95
B2214: need >= 6 samples for confidence interval at level 0.95
B2215: need >= 6 samples for confidence interval at level 0.95
B2220: need >= 6 samples for confidence interval at level 0.95
B2221: need >= 6 samples for confidence interval at level 0.95
B2222: need >= 6 samples for confidence interval at level 0.95
B2227: need >= 6 samples for confidence interval at level 0.95
B2228: need >= 6 samples for confidence interval at level 0.95
B2234: need >= 6 samples for confidence interval at level 0.95
B2235: need >= 6 samples for confidence interval at level 0.95
B2236: need >= 6 samples for confidence interval at level 0.95
B2241: need >= 6 samples for confidence interval at level 0.95
B2242: need >= 6 samples for confidence interval at level 0.95
B2243: need >= 6 samples for confidence interval at level 0.95
B2248: need >= 6 samples for confidence interval at level 0.95
B2249: need >= 6 samples for confidence interval at level 0.95
B2250: need >= 6 samples for confidence interval at level 0.95
B2255: need >= 6 samples for confidence interval at level 0.95
B2256: need >= 6 samples for confidence interval at level 0.95
B2262: need >= 6 samples for confidence interval at level 0.95
B2263: need >= 6 samples for confidence interval at level 0.95
B2264: need >= 6 samples for confidence interval at level 0.95
B2269: need >= 6 samples for confidence interval at level 0.95
B2270: need >= 6 samples for confidence interval at level 0.95
B2271: need >= 6 samples for confidence interval at level 0.95
B2276: need >= 6 samples for confidence interval at level 0.95
B2277: need >= 6 samples for confidence interval at level 0.95
B2278: need >= 6 samples for confidence interval at level 0.95
B2283: need >= 6 samples for confidence interval at level 0.95
B2284: need >= 6 samples for confidence interval at level 0.95
B2290: need >= 6 samples for confidence interval at level 0.95
B2291: need >= 6 samples for confidence interval at level 0.95
B2292: need >= 6 samples for confidence interval at level 0.95
B2297: need >= 6 samples for confidence interval at level 0.95
B2298: need >= 6 samples for confidence interval at level 0.95
B2299: need >= 6 samples for confidence interval at level 0.95
B2304: need >= 6 samples for confidence interval at level 0.95
B2305: need >= 6 samples for confidence interval at level 0.95
B2306: need >= 6 samples for confidence interval at level 0.95
B2311: need >= 6 samples for confidence interval at level 0.95
B2312: need >= 6 samples for confidence interval at level 0.95
B2318: need >= 6 samples for confidence interval at level 0.95
B2319: need >= 6 samples for confidence interval at level 0.95
B2320: need >= 6 samples for confidence interval at level 0.95
B2325: need >= 6 samples for confidence interval at level 0.95
B2326: need >= 6 samples for confidence interval at level 0.95
B2327: need >= 6 samples for confidence interval at level 0.95
B2332: need >= 6 samples for confidence interval at level 0.95
B2333: need >= 6 samples for confidence interval at level 0.95
B2334: need >= 6 samples for confidence interval at level 0.95
B2339: need >= 6 samples for confidence interval at level 0.95
B2340: need >= 6 samples for confidence interval at level 0.95
ecord-4,3.3465e-05,∞
IngestMCPRealStore-4,0.036408107,∞
geomean,0.004544653509706321,

,candidate,
,B/op,CI
Open-4,3.5703207e+07,∞
Record-4,11241,∞
IngestMCPRealStore-4,33138,∞
geomean,236926.05496807725,

,candidate,
,allocs/op,CI
Open-4,260513,∞
Record-4,70,∞
IngestMCPRealStore-4,273,∞
geomean,1707.5104191174396,

,candidate,
,cpu-sec/op,CI
Open-4,0.060660200000000004,∞
Record-4,2.8187000000000003e-05,∞
geomean,0.0013076043198919165,

"pathstest: HOME is ""/tmp/2768512412/001/home"" at the end of the run, not the isolated home ""/tmp/qompack-test-home-1018763912"": a test changed it without restoring it, and every test after it ran against that directory"
,candidate,
,sec/op,CI
Open-4,0.075456084,∞
Record-4,3.4575e-05,∞
IngestMCPRealStore-4,0.036650706000000005,∞
geomean,0.004572772535697694,

,candidate,
,B/op,CI
Open-4,3.5702558e+07,∞
Record-4,11251,∞
IngestMCPRealStore-4,37176,∞
geomean,246254.61173741097,

,candidate,
,allocs/op,CI
Open-4,260512,∞
Record-4,70,∞
IngestMCPRealStore-4,277,∞
geomean,1715.8073111502206,

,candidate,
,cpu-sec/op,CI
Open-4,0.059253600000000003,∞
Record-4,2.8238000000000003e-05,∞
geomean,0.0012935235431950976,

"pathstest: HOME is ""/tmp/2974957428/001/home"" at the end of the run, not the isolated home ""/tmp/qompack-test-home-99215005"": a test changed it without restoring it, and every test after it ran against that directory"
,candidate,
,sec/op,CI
Open-4,0.075180682,∞
Record-4,3.3375000000000005e-05,∞
IngestMCPRealStore-4,0.036247495000000005,∞
geomean,0.0044971272661418395,

,candidate,
,B/op,CI
Open-4,3.570123e+07,∞
Record-4,11397,∞
IngestMCPRealStore-4,34463,∞
geomean,241143.52352566412,

,candidate,
,allocs/op,CI
Open-4,260512,∞
Record-4,70,∞
IngestMCPRealStore-4,274,∞
geomean,1709.59056348784,

,candidate,
,cpu-sec/op,CI
Open-4,0.0580378,∞
Record-4,2.8194e-05,∞
geomean,0.0012791863559309877,

"pathstest: HOME is ""/tmp/3178765180/001/home"" at the end of the run, not the isolated home ""/tmp/qompack-test-home-1482751880"": a test changed it without restoring it, and every test after it ran against that directory"
,candidate,
,sec/op,CI
Open-4,0.078535453,∞
Record-4,3.5751000000000004e-05,∞
IngestMCPRealStore-4,0.037552638,∞
geomean,0.004724234708220156,

,candidate,
,B/op,CI
Open-4,3.5702045e+07,∞
Record-4,11461,∞
IngestMCPRealStore-4,68364,∞
geomean,303562.19912146806,

,candidate,
,allocs/op,CI
Open-4,260512,∞
Record-4,70,∞
IngestMCPRealStore-4,279,∞
geomean,1719.9269123441356,

,candidate,
,cpu-sec/op,CI
Open-4,0.062465400000000004,∞
Record-4,3.0427000000000002e-05,∞
geomean,0.001378635095230061,

"pathstest: HOME is ""/tmp/3430838114/001/home"" at the end of the run, not the isolated home ""/tmp/qompack-test-home-1101472913"": a test changed it without restoring it, and every test after it ran against that directory"
,candidate,
,sec/op,CI
Open-4,0.086531298,∞
Record-4,3.7038e-05,∞
IngestMCPRealStore-4,0.046521481,∞
geomean,0.005302631237234967,

,candidate,
,B/op,CI
Open-4,3.5702849e+07,∞
Record-4,11574,∞
IngestMCPRealStore-4,75041,∞
geomean,314167.78829915076,

,candidate,
,allocs/op,CI
Open-4,260512,∞
Record-4,70,∞
IngestMCPRealStore-4,281,∞
geomean,1724.0268728214644,

,candidate,
,cpu-sec/op,CI
Open-4,0.0651737,∞
Record-4,2.9336000000000002e-05,∞
geomean,0.0013827276171393993,

"pathstest: HOME is ""/tmp/360400775/001/home"" at the end of the run, not the isolated home ""/tmp/qompack-test-home-2332057623"": a test changed it without restoring it, and every test after it ran against that directory"
,candidate,
,sec/op,CI
Open-4,0.076553936,∞
Record-4,3.59115e-05,∞
IngestMCPRealStore-4,0.0375328115,∞
geomean,0.0046903370886715555,

,candidate,
,B/op,CI
Open-4,3.57023355e+07,∞
Record-4,11389.5,∞
IngestMCPRealStore-4,52472,∞
geomean,277359.4502726907,

,candidate,
,allocs/op,CI
Open-4,260512.5,∞
Record-4,70,∞
IngestMCPRealStore-4,276,∞
geomean,1713.74116781579,

,candidate,
,cpu-sec/op,CI
Open-4,0.060142,∞
Record-4,2.88055e-05,∞
geomean,0.00131621B2346: need >= 6 samples for confidence interval at level 0.95
B2347: need >= 6 samples for confidence interval at level 0.95
B2348: need >= 6 samples for confidence interval at level 0.95
B2353: need >= 6 samples for confidence interval at level 0.95
B2354: need >= 6 samples for confidence interval at level 0.95
B2355: need >= 6 samples for confidence interval at level 0.95
B2360: need >= 6 samples for confidence interval at level 0.95
B2361: need >= 6 samples for confidence interval at level 0.95
B2362: need >= 6 samples for confidence interval at level 0.95
B2367: need >= 6 samples for confidence interval at level 0.95
B2368: need >= 6 samples for confidence interval at level 0.95
B2374: need >= 6 samples for confidence interval at level 0.95
B2375: need >= 6 samples for confidence interval at level 0.95
B2376: need >= 6 samples for confidence interval at level 0.95
B2381: need >= 6 samples for confidence interval at level 0.95
B2382: need >= 6 samples for confidence interval at level 0.95
B2383: need >= 6 samples for confidence interval at level 0.95
B2388: need >= 6 samples for confidence interval at level 0.95
B2389: need >= 6 samples for confidence interval at level 0.95
B2390: need >= 6 samples for confidence interval at level 0.95
B2395: need >= 6 samples for confidence interval at level 0.95
B2396: need >= 6 samples for confidence interval at level 0.95
D2403: need >= 6 samples for confidence interval at level 0.95
D2408: need >= 6 samples for confidence interval at level 0.95
F2408: all samples are equal
B2409: summaries must be >0 to compute geomean
D2409: summaries must be >0 to compute geomean
D2413: need >= 6 samples for confidence interval at level 0.95
F2413: all samples are equal
B2414: summaries must be >0 to compute geomean
D2414: summaries must be >0 to compute geomean
B2419: need >= 6 samples for confidence interval at level 0.95
B2424: need >= 6 samples for confidence interval at level 0.95
B2425: summaries must be >0 to compute geomean
B2429: need >= 6 samples for confidence interval at level 0.95
B2430: summaries must be >0 to compute geomean
B2435: need >= 6 samples for confidence interval at level 0.95
B2440: need >= 6 samples for confidence interval at level 0.95
B2441: summaries must be >0 to compute geomean
B2445: need >= 6 samples for confidence interval at level 0.95
B2446: summaries must be >0 to compute geomean
B2451: need >= 6 samples for confidence interval at level 0.95
B2456: need >= 6 samples for confidence interval at level 0.95
B2457: summaries must be >0 to compute geomean
B2461: need >= 6 samples for confidence interval at level 0.95
B2462: summaries must be >0 to compute geomean
B2467: need >= 6 samples for confidence interval at level 0.95
B2472: need >= 6 samples for confidence interval at level 0.95
B2473: summaries must be >0 to compute geomean
B2477: need >= 6 samples for confidence interval at level 0.95
B2478: summaries must be >0 to compute geomean
B2483: need >= 6 samples for confidence interval at level 0.95
B2488: need >= 6 samples for confidence interval at level 0.95
B2489: summaries must be >0 to compute geomean
44130042031,

"pathstest: HOME is ""/tmp/3768425099/001/home"" at the end of the run, not the isolated home ""/tmp/qompack-test-home-1296488687"": a test changed it without restoring it, and every test after it ran against that directory"
,candidate,
,sec/op,CI
Open-4,0.076775984,∞
Record-4,3.4522e-05,∞
IngestMCPRealStore-4,0.038895242000000003,∞
geomean,0.004688917654217586,

,candidate,
,B/op,CI
Open-4,3.5702016e+07,∞
Record-4,11287,∞
IngestMCPRealStore-4,68363,∞
geomean,302016.58510832366,

,candidate,
,allocs/op,CI
Open-4,260512,∞
Record-4,70,∞
IngestMCPRealStore-4,279,∞
geomean,1719.9269123441356,

,candidate,
,cpu-sec/op,CI
Open-4,0.0597704,∞
Record-4,2.9568000000000002e-05,∞
geomean,0.0013293950455752416,

"pathstest: HOME is ""/tmp/426110959/001/home"" at the end of the run, not the isolated home ""/tmp/qompack-test-home-2219520244"": a test changed it without restoring it, and every test after it ran against that directory"
,candidate,
,sec/op,CI
Open-4,0.078760708,∞
Record-4,3.422e-05,∞
IngestMCPRealStore-4,0.036844412,∞
geomean,0.004630775734431284,

,candidate,
,B/op,CI
Open-4,3.5702868e+07,∞
Record-4,11414,∞
IngestMCPRealStore-4,68189,∞
geomean,302890.11352639983,

,candidate,
,allocs/op,CI
Open-4,260512,∞
Record-4,70,∞
IngestMCPRealStore-4,278,∞
geomean,1717.869581537984,

,candidate,
,cpu-sec/op,CI
Open-4,0.0609839,∞
Record-4,2.7997000000000003e-05,∞
geomean,0.0013066622548692532,

pkg: github.com/qompack/qompack/internal/obs
pathstest: 
,base,,candidate,,,
,sec/op,CI,sec/op,CI,vs base,P
Histogram_Observe-4,9.751000000000002e-09,2%,9.556e-09,∞,~,p=0.182 n=10+1
geomean,9.750999999999994e-09,,9.556000000000015e-09,,-2.00%,

,base,,candidate,,,
,B/op,CI,B/op,CI,vs base,P
Histogram_Observe-4,0,0%,0,∞,~,p=1.000 n=10+1
geomean,,,,,+0.00%,

,base,,candidate,,,
,allocs/op,CI,allocs/op,CI,vs base,P
Histogram_Observe-4,0,0%,0,∞,~,p=1.000 n=10+1
geomean,,,,,+0.00%,

"pathstest: HOME is ""/tmp/1925223897/001/home"" at the end of the run, not the isolated home ""/tmp/qompack-test-home-963714756"": a test changed it without restoring it, and every test after it ran against that directory"
,candidate,
,sec/op,CI
Histogram_Observe-4,9.485e-09,∞
geomean,9.485000000000005e-09,

,candidate,
,B/op,CI
Histogram_Observe-4,0,∞
geomean,,

,candidate,
,allocs/op,CI
Histogram_Observe-4,0,∞
geomean,,

"pathstest: HOME is ""/tmp/2768512412/001/home"" at the end of the run, not the isolated home ""/tmp/qompack-test-home-1018763912"": a test changed it without restoring it, and every test after it ran against that directory"
,candidate,
,sec/op,CI
Histogram_Observe-4,9.175000000000001e-09,∞
geomean,9.175000000000006e-09,

,candidate,
,B/op,CI
Histogram_Observe-4,0,∞
geomean,,

,candidate,
,allocs/op,CI
Histogram_Observe-4,0,∞
geomean,,

"pathstest: HOME is ""/tmp/2974957428/001/home"" at the end of the run, not the isolated home ""/tmp/qompack-test-home-99215005"": a test changed it without restoring it, and every test after it ran against that directory"
,candidate,
,sec/op,CI
Histogram_Observe-4,9.68e-09,∞
geomean,9.680000000000008e-09,

,candidate,
,B/op,CI
Histogram_Observe-4,0,∞
geomean,,

,candidate,
,allocs/op,CI
Histogram_Observe-4,0,∞
geomean,,

"pathstest: HOME is ""/tmp/3178765180/001/home"" at the end of the run, not the isolated home ""/tmp/qompack-test-home-1482751880"": a test changed it without restoring it, and every test after it ran against that directory"
,candidate,
,sec/op,CI
Histogram_Observe-4,9.316e-09,∞
geomean,9.315999999999996e-09,

,candidate,
,B/op,CI
Histogram_Observe-4,0,∞
geomean,,

,candidate,
,allocs/op,CI
Histogram_Observe-4,0,∞
geomean,,

"pathstest: HOME is ""/tmp/3430838114/001/home"" at the end of the run, not the isolated home ""/tmp/qompack-test-home-1101472913"": a test changed it without restoring it, and every test after it ran against that directory"
,candidate,
,sec/op,CI
Histogram_Observe-4,9.618e-09,∞
geomean,9.617999999999999e-09,

,candidate,
,B/op,CI
Histogram_Observe-4,0,∞
geomean,,

,candidate,
,allocs/op,B2493: need >= 6 samples for confidence interval at level 0.95
B2494: summaries must be >0 to compute geomean
B2499: need >= 6 samples for confidence interval at level 0.95
B2504: need >= 6 samples for confidence interval at level 0.95
B2505: summaries must be >0 to compute geomean
B2509: need >= 6 samples for confidence interval at level 0.95
B2510: summaries must be >0 to compute geomean
B2515: need >= 6 samples for confidence interval at level 0.95
B2520: need >= 6 samples for confidence interval at level 0.95
B2521: summaries must be >0 to compute geomean
B2525: need >= 6 samples for confidence interval at level 0.95
B2526: summaries must be >0 to compute geomean
B2531: need >= 6 samples for confidence interval at level 0.95
B2536: need >= 6 samples for confidence interval at level 0.95
B2537: summaries must be >0 to compute geomean
B2541: need >= 6 samples for confidence interval at level 0.95
B2542: summaries must be >0 to compute geomean
D2548: need >= 6 samples for confidence interval at level 0.95
D2549: need >= 6 samples for confidence interval at level 0.95
D2550: need >= 6 samples for confidence interval at level 0.95
D2551: need >= 6 samples for confidence interval at level 0.95
D2552: need >= 6 samples for confidence interval at level 0.95
D2553: need >= 6 samples for confidence interval at level 0.95
D2554: need >= 6 samples for confidence interval at level 0.95
D2555: need >= 6 samples for confidence interval at level 0.95
D2556: need >= 6 samples for confidence interval at level 0.95
D2557: need >= 6 samples for confidence interval at level 0.95
D2562: need >= 6 samples for confidence interval at level 0.95
F2562: all samples are equal
D2563: need >= 6 samples for confidence interval at level 0.95
D2564: need >= 6 samples for confidence interval at level 0.95
D2565: need >= 6 samples for confidence interval at level 0.95
D2566: need >= 6 samples for confidence interval at level 0.95
D2567: need >= 6 samples for confidence interval at level 0.95
D2568: need >= 6 samples for confidence interval at level 0.95
D2569: need >= 6 samples for confidence interval at level 0.95
D2570: need >= 6 samples for confidence interval at level 0.95
D2571: need >= 6 samples for confidence interval at level 0.95
D2576: need >= 6 samples for confidence interval at level 0.95
F2576: all samples are equal
D2577: need >= 6 samples for confidence interval at level 0.95
D2578: need >= 6 samples for confidence interval at level 0.95
D2579: need >= 6 samples for confidence interval at level 0.95
D2580: need >= 6 samples for confidence interval at level 0.95
D2581: need >= 6 samples for confidence interval at level 0.95
D2582: need >= 6 samples for confidence interval at level 0.95
D2583: need >= 6 samples for confidence interval at level 0.95
D2584: need >= 6 samples for confidence interval at level 0.95
D2585: need >= 6 samples for confidence interval at level 0.95
D2590: need >= 6 samples for confidence interval at level 0.95
D2591: need >= 6 samples for confidence interval at level 0.95
CI
Histogram_Observe-4,0,∞
geomean,,

"pathstest: HOME is ""/tmp/360400775/001/home"" at the end of the run, not the isolated home ""/tmp/qompack-test-home-2332057623"": a test changed it without restoring it, and every test after it ran against that directory"
,candidate,
,sec/op,CI
Histogram_Observe-4,9.416e-09,∞
geomean,9.415999999999983e-09,

,candidate,
,B/op,CI
Histogram_Observe-4,0,∞
geomean,,

,candidate,
,allocs/op,CI
Histogram_Observe-4,0,∞
geomean,,

"pathstest: HOME is ""/tmp/3768425099/001/home"" at the end of the run, not the isolated home ""/tmp/qompack-test-home-1296488687"": a test changed it without restoring it, and every test after it ran against that directory"
,candidate,
,sec/op,CI
Histogram_Observe-4,9.337e-09,∞
geomean,9.337000000000013e-09,

,candidate,
,B/op,CI
Histogram_Observe-4,0,∞
geomean,,

,candidate,
,allocs/op,CI
Histogram_Observe-4,0,∞
geomean,,

"pathstest: HOME is ""/tmp/426110959/001/home"" at the end of the run, not the isolated home ""/tmp/qompack-test-home-2219520244"": a test changed it without restoring it, and every test after it ran against that directory"
,candidate,
,sec/op,CI
Histogram_Observe-4,9.493000000000001e-09,∞
geomean,9.493000000000008e-09,

,candidate,
,B/op,CI
Histogram_Observe-4,0,∞
geomean,,

,candidate,
,allocs/op,CI
Histogram_Observe-4,0,∞
geomean,,

pkg: github.com/qompack/qompack/internal/observer
pathstest: 
,base,,candidate,,,
,sec/op,CI,sec/op,CI,vs base,P
Tombstone-4,3.0010000000000005e-07,2%,3.0210000000000004e-07,∞,~,p=0.727 n=10+1
OnToolUse_FileRead64KB/Deduped-4,0.0106810505,2%,0.007217019000000001,∞,~,p=0.182 n=10+1
OnToolUse_FileRead64KB/Delta-4,0.025780988000000005,3%,0.02318527,∞,~,p=0.182 n=10+1
OnToolUse_FileRead64KB/AllNovel-4,0.026818681500000004,5%,0.023970001,∞,~,p=0.182 n=10+1
OnToolUse_TestOutput256KB/Deduped-4,0.039532726000000004,0%,0.026389930000000002,∞,~,p=0.182 n=10+1
OnToolUse_TestOutput256KB/Delta-4,0.071412261,2%,0.05836866500000001,∞,~,p=0.182 n=10+1
OnToolUse_TestOutput256KB/AllNovel-4,0.0935709575,1%,0.079131881,∞,~,p=0.182 n=10+1
OnToolUse_TestOutput256KB_Leased/Deduped-4,,,0.13127745700000001,∞
OnToolUse_TestOutput256KB_Leased/Delta-4,,,0.17880862800000002,∞
OnToolUse_TestOutput256KB_Leased/AllNovel-4,,,0.661648691,∞
geomean,0.006666943807428624,,0.017220923422757176,,-17.86%,

,base,,candidate,,,
,B/op,CI,B/op,CI,vs base,P
Tombstone-4,272,0%,272,∞,~,p=1.000 n=10+1
OnToolUse_FileRead64KB/Deduped-4,4.394693e+06,1%,1.31359e+06,∞,~,p=0.182 n=10+1
OnToolUse_FileRead64KB/Delta-4,5.983822e+06,10%,1.357463e+06,∞,~,p=0.182 n=10+1
OnToolUse_FileRead64KB/AllNovel-4,6.321988e+06,9%,1.403294e+06,∞,~,p=0.182 n=10+1
OnToolUse_TestOutput256KB/Deduped-4,1.1437508e+07,0%,6.682945e+06,∞,~,p=0.182 n=10+1
OnToolUse_TestOutput256KB/Delta-4,1.3265562e+07,2%,6.868977e+06,∞,~,p=0.182 n=10+1
OnToolUse_TestOutput256KB/AllNovel-4,1.2887681e+07,2%,6.610368e+06,∞,~,p=0.182 n=10+1
OnToolUse_TestOutput256KB_Leased/Deduped-4,,,1.0288547e+07,∞
OnToolUse_TestOutput256KB_Leased/Delta-4,,,1.0489405e+07,∞
OnToolUse_TestOutput256KB_Leased/AllNovel-4,,,1.1025926e+07,∞
geomean,1.8970563514639433e+06,,1.734007999494792e+06,,-57.92%,

,base,,candidate,,,
,allocs/op,CI,allocs/op,CI,vs base,P
Tombstone-4,6,0%,6,∞,~,p=1.000 n=10+1
OnToolUse_FileRead64KB/Deduped-4,15665.5,1%,284,∞,~,p=0.182 n=10+1
OnToolUse_FileRead64KB/Delta-4,12266,6%,435,∞,~,p=0.182 n=10+1
OnToolUse_FileRead64KB/AllNovel-4,12622,1%,544,∞,~,p=0.182 n=10+1
OnToolUse_TestOutput256KB/Deduped-4,26782,0%,5995,∞,-77.62%,n=10+1
OnToolUse_TestOutput256KB/Delta-4,28675,0%,7197,∞,-74.90%,n=10+1
OnToolUse_TestOutput256KB/AllNovel-4,30983,0%,7720,∞,-75.08%,n=10+1
OnToolUse_TestOutput256KB_Leased/Deduped-4,,,8788,∞
OnToolUse_TestOutput256KB_Leased/Delta-4,,,9976,∞
OnToolUse_TestOutput256KB_Leased/AllNovel-4,,,13119,∞
geomean,6185.037880539516,,1655.3365172488113,,-87.86%,

,base,,candidate,,,
,dedup-x,CI,dedup-x,CI,vs base,P
OnToolUse_FileRead64KB/Deduped-4,19248,6%,27261,∞,~,p=0.182 n=10+1
OnToolUse_FileRead64KB/Delta-4,664.3,1%,6D2592: need >= 6 samples for confidence interval at level 0.95
D2593: need >= 6 samples for confidence interval at level 0.95
F2593: all samples are equal
D2594: need >= 6 samples for confidence interval at level 0.95
F2594: all samples are equal
D2595: need >= 6 samples for confidence interval at level 0.95
F2595: all samples are equal
D2596: need >= 6 samples for confidence interval at level 0.95
D2597: need >= 6 samples for confidence interval at level 0.95
D2598: need >= 6 samples for confidence interval at level 0.95
D2603: need >= 6 samples for confidence interval at level 0.95
F2603: all samples are equal
D2604: need >= 6 samples for confidence interval at level 0.95
D2605: need >= 6 samples for confidence interval at level 0.95
D2606: need >= 6 samples for confidence interval at level 0.95
F2606: all samples are equal
D2607: need >= 6 samples for confidence interval at level 0.95
F2607: all samples are equal
D2608: need >= 6 samples for confidence interval at level 0.95
F2608: all samples are equal
D2609: need >= 6 samples for confidence interval at level 0.95
D2610: need >= 6 samples for confidence interval at level 0.95
D2611: need >= 6 samples for confidence interval at level 0.95
D2616: need >= 6 samples for confidence interval at level 0.95
D2617: need >= 6 samples for confidence interval at level 0.95
D2618: need >= 6 samples for confidence interval at level 0.95
D2619: need >= 6 samples for confidence interval at level 0.95
D2620: need >= 6 samples for confidence interval at level 0.95
D2621: need >= 6 samples for confidence interval at level 0.95
D2622: need >= 6 samples for confidence interval at level 0.95
D2623: need >= 6 samples for confidence interval at level 0.95
D2624: need >= 6 samples for confidence interval at level 0.95
D2629: need >= 6 samples for confidence interval at level 0.95
D2630: need >= 6 samples for confidence interval at level 0.95
D2631: need >= 6 samples for confidence interval at level 0.95
D2632: need >= 6 samples for confidence interval at level 0.95
D2633: need >= 6 samples for confidence interval at level 0.95
D2634: need >= 6 samples for confidence interval at level 0.95
D2635: need >= 6 samples for confidence interval at level 0.95
D2636: need >= 6 samples for confidence interval at level 0.95
D2637: need >= 6 samples for confidence interval at level 0.95
B2643: need >= 6 samples for confidence interval at level 0.95
B2644: need >= 6 samples for confidence interval at level 0.95
B2645: need >= 6 samples for confidence interval at level 0.95
B2646: need >= 6 samples for confidence interval at level 0.95
B2647: need >= 6 samples for confidence interval at level 0.95
B2648: need >= 6 samples for confidence interval at level 0.95
B2649: need >= 6 samples for confidence interval at level 0.95
B2650: need >= 6 samples for confidence interval at level 0.95
B2651: need >= 6 samples for confidence interval at level 0.95
B2652: need >= 6 samples for confidence interval at level 0.95
B2657: need >= 6 samples for confidence interval at level 0.95
B2658: need >= 6 samples for confidence interval at level 0.95
B2659: need >= 6 samples for confidence interval at level 0.95
B2660: need >= 6 samples for confidence interval at level 0.95
B2661: need >= 6 samples for confidence interval at level 0.95
B2662: need >= 6 samples for confidence interval at level 0.95
B2663: need >= 6 samples for confidence interval at level 0.95
B2664: need >= 6 samples for confidence interval at level 0.95
B2665: need >= 6 samples for confidence interval at level 0.95
B2666: need >= 6 samples for confidence interval at level 0.95
B2671: need >= 6 samples for confidence interval at level 0.95
B2672: need >= 6 samples for confidence interval at level 0.95
B2673: need >= 6 samples for confidence interval at level 0.95
B2674: need >= 6 samples for confidence interval at level 0.95
70,∞,~,p=0.182 n=10+1
OnToolUse_FileRead64KB/AllNovel-4,67.09,1%,66.2,∞,~,p=0.182 n=10+1
OnToolUse_TestOutput256KB/Deduped-4,2235,0%,2235,∞,~,p=1.000 n=10+1
OnToolUse_TestOutput256KB/Delta-4,143.8,0%,143.8,∞,~,p=1.000 n=10+1
OnToolUse_TestOutput256KB/AllNovel-4,3.753,0%,3.753,∞,~,p=1.000 n=10+1
OnToolUse_TestOutput256KB_Leased/Deduped-4,,,2235,∞
OnToolUse_TestOutput256KB_Leased/Delta-4,,,143.8,∞
OnToolUse_TestOutput256KB_Leased/AllNovel-4,,,3.753,∞
geomean,318.03172050610056,,229.39787592919197,,+5.89%,

,base,,candidate,,,
,objects,CI,objects,CI,vs base,P
OnToolUse_FileRead64KB/Deduped-4,5,0%,5,∞,~,p=1.000 n=10+1
OnToolUse_FileRead64KB/Delta-4,48.5,9%,56,∞,~,p=0.182 n=10+1
OnToolUse_FileRead64KB/AllNovel-4,200.5,4%,218,∞,~,p=0.182 n=10+1
OnToolUse_TestOutput256KB/Deduped-4,34,0%,34,∞,~,p=1.000 n=10+1
OnToolUse_TestOutput256KB/Delta-4,435,0%,435,∞,~,p=1.000 n=10+1
OnToolUse_TestOutput256KB/AllNovel-4,12209,0%,12209,∞,~,p=1.000 n=10+1
OnToolUse_TestOutput256KB_Leased/Deduped-4,,,34,∞
OnToolUse_TestOutput256KB_Leased/Delta-4,,,435,∞
OnToolUse_TestOutput256KB_Leased/AllNovel-4,,,12209,∞
geomean,143.63018877388225,,232.5657055019388,,+3.86%,

,base,,candidate,,,
,p50-ms,CI,p50-ms,CI,vs base,P
OnToolUse_FileRead64KB/Deduped-4,11.26,0%,7.168,∞,-36.34%,n=10+1
OnToolUse_FileRead64KB/Delta-4,26.62,8%,24.58,∞,-7.66%,n=10+1
OnToolUse_FileRead64KB/AllNovel-4,28.67,7%,24.58,∞,-14.27%,n=10+1
OnToolUse_TestOutput256KB/Deduped-4,40.96,0%,26.62,∞,-35.01%,n=10+1
OnToolUse_TestOutput256KB/Delta-4,73.73,0%,57.34,∞,-22.23%,n=10+1
OnToolUse_TestOutput256KB/AllNovel-4,98.3,0%,81.92,∞,-16.66%,n=10+1
OnToolUse_TestOutput256KB_Leased/Deduped-4,,,131.1,∞
OnToolUse_TestOutput256KB_Leased/Delta-4,,,180.2,∞
OnToolUse_TestOutput256KB_Leased/AllNovel-4,,,720.9,∞
geomean,36.964823686028566,,59.411732319907266,,-22.76%,

,base,,candidate,,,
,p99-ms,CI,p99-ms,CI,vs base,P
OnToolUse_FileRead64KB/Deduped-4,15.36,7%,11.26,∞,-26.69%,n=10+1
OnToolUse_FileRead64KB/Delta-4,36.86,17%,36.86,∞,~,p=1.273 n=10+1
OnToolUse_FileRead64KB/AllNovel-4,36.86,11%,32.77,∞,~,p=0.182 n=10+1
OnToolUse_TestOutput256KB/Deduped-4,49.15,8%,32.77,∞,~,p=0.182 n=10+1
OnToolUse_TestOutput256KB/Delta-4,90.11,9%,73.73,∞,~,p=0.182 n=10+1
OnToolUse_TestOutput256KB/AllNovel-4,114.7,14%,98.3,∞,~,p=0.182 n=10+1
OnToolUse_TestOutput256KB_Leased/Deduped-4,,,196.6,∞
OnToolUse_TestOutput256KB_Leased/Delta-4,,,229.4,∞
OnToolUse_TestOutput256KB_Leased/AllNovel-4,,,852,∞
geomean,46.86985765267213,,79.30816022241463,,-17.97%,

"pathstest: HOME is ""/tmp/1925223897/001/home"" at the end of the run, not the isolated home ""/tmp/qompack-test-home-963714756"": a test changed it without restoring it, and every test after it ran against that directory"
,candidate,
,sec/op,CI
Tombstone-4,2.9280000000000003e-07,∞
OnToolUse_FileRead64KB/Deduped-4,0.0071482180000000005,∞
OnToolUse_FileRead64KB/Delta-4,0.021818348,∞
OnToolUse_FileRead64KB/AllNovel-4,0.022794859,∞
OnToolUse_TestOutput256KB/Deduped-4,0.026143929000000003,∞
OnToolUse_TestOutput256KB/Delta-4,0.057635675000000004,∞
OnToolUse_TestOutput256KB/AllNovel-4,0.078050912,∞
OnToolUse_TestOutput256KB_Leased/Deduped-4,0.1323299,∞
OnToolUse_TestOutput256KB_Leased/Delta-4,0.17421352,∞
OnToolUse_TestOutput256KB_Leased/AllNovel-4,0.648451069,∞
geomean,0.016836371140612358,

,candidate,
,B/op,CI
Tombstone-4,272,∞
OnToolUse_FileRead64KB/Deduped-4,1.31488e+06,∞
OnToolUse_FileRead64KB/Delta-4,1.360746e+06,∞
OnToolUse_FileRead64KB/AllNovel-4,1.406912e+06,∞
OnToolUse_TestOutput256KB/Deduped-4,6.683557e+06,∞
OnToolUse_TestOutput256KB/Delta-4,6.867604e+06,∞
OnToolUse_TestOutput256KB/AllNovel-4,6.609164e+06,∞
OnToolUse_TestOutput256KB_Leased/Deduped-4,1.0279255e+07,∞
OnToolUse_TestOutput256KB_Leased/Delta-4,1.0467953e+07,∞
OnToolUse_TestOutput256KB_Leased/AllNovel-4,1.1029035e+07,∞
geomean,1.734530485455888e+06,

,candidate,
,allocs/op,CI
Tombstone-4,6,∞
OnToolUse_FileRead64KB/Deduped-4,285,∞
OnToolUse_FileRead64KB/Delta-4,437,∞
OnToolUse_FileRead64KB/AllNovelB2675: need >= 6 samples for confidence interval at level 0.95
B2676: need >= 6 samples for confidence interval at level 0.95
B2677: need >= 6 samples for confidence interval at level 0.95
B2678: need >= 6 samples for confidence interval at level 0.95
B2679: need >= 6 samples for confidence interval at level 0.95
B2680: need >= 6 samples for confidence interval at level 0.95
B2685: need >= 6 samples for confidence interval at level 0.95
B2686: need >= 6 samples for confidence interval at level 0.95
B2687: need >= 6 samples for confidence interval at level 0.95
B2688: need >= 6 samples for confidence interval at level 0.95
B2689: need >= 6 samples for confidence interval at level 0.95
B2690: need >= 6 samples for confidence interval at level 0.95
B2691: need >= 6 samples for confidence interval at level 0.95
B2692: need >= 6 samples for confidence interval at level 0.95
B2693: need >= 6 samples for confidence interval at level 0.95
B2698: need >= 6 samples for confidence interval at level 0.95
B2699: need >= 6 samples for confidence interval at level 0.95
B2700: need >= 6 samples for confidence interval at level 0.95
B2701: need >= 6 samples for confidence interval at level 0.95
B2702: need >= 6 samples for confidence interval at level 0.95
B2703: need >= 6 samples for confidence interval at level 0.95
B2704: need >= 6 samples for confidence interval at level 0.95
B2705: need >= 6 samples for confidence interval at level 0.95
B2706: need >= 6 samples for confidence interval at level 0.95
B2711: need >= 6 samples for confidence interval at level 0.95
B2712: need >= 6 samples for confidence interval at level 0.95
B2713: need >= 6 samples for confidence interval at level 0.95
B2714: need >= 6 samples for confidence interval at level 0.95
B2715: need >= 6 samples for confidence interval at level 0.95
B2716: need >= 6 samples for confidence interval at level 0.95
B2717: need >= 6 samples for confidence interval at level 0.95
B2718: need >= 6 samples for confidence interval at level 0.95
B2719: need >= 6 samples for confidence interval at level 0.95
B2724: need >= 6 samples for confidence interval at level 0.95
B2725: need >= 6 samples for confidence interval at level 0.95
B2726: need >= 6 samples for confidence interval at level 0.95
B2727: need >= 6 samples for confidence interval at level 0.95
B2728: need >= 6 samples for confidence interval at level 0.95
B2729: need >= 6 samples for confidence interval at level 0.95
B2730: need >= 6 samples for confidence interval at level 0.95
B2731: need >= 6 samples for confidence interval at level 0.95
B2732: need >= 6 samples for confidence interval at level 0.95
B2738: need >= 6 samples for confidence interval at level 0.95
B2739: need >= 6 samples for confidence interval at level 0.95
B2740: need >= 6 samples for confidence interval at level 0.95
B2741: need >= 6 samples for confidence interval at level 0.95
B2742: need >= 6 samples for confidence interval at level 0.95
B2743: need >= 6 samples for confidence interval at level 0.95
B2744: need >= 6 samples for confidence interval at level 0.95
B2745: need >= 6 samples for confidence interval at level 0.95
B2746: need >= 6 samples for confidence interval at level 0.95
B2747: need >= 6 samples for confidence interval at level 0.95
B2752: need >= 6 samples for confidence interval at level 0.95
B2753: need >= 6 samples for confidence interval at level 0.95
B2754: need >= 6 samples for confidence interval at level 0.95
B2755: need >= 6 samples for confidence interval at level 0.95
B2756: need >= 6 samples for confidence interval at level 0.95
B2757: need >= 6 samples for confidence interval at level 0.95
B2758: need >= 6 samples for confidence interval at level 0.95
B2759: need >= 6 samples for confidence interval at level 0.95
B2760: need >= 6 samples for confidence interval at level 0.95
B2761: need >= 6 samples for confidence interval at level 0.95
B2766: need >= 6 samples for confidence interval at level 0.95
B2767: need >= 6 samples for confidence interval at level 0.95
B2768: need >= 6 samples for confidence interval at level 0.95
B2769: need >= 6 samples for confidence interval at level 0.95
B2770: need >= 6 samples for confidence interval at level 0.95
B2771: need >= 6 samples for confidence interval at level 0.95
B2772: need >= 6 samples for confidence interval at level 0.95
B2773: need >= 6 samples for confidence interval at level 0.95
B2774: need >= 6 samples for confidence interval at level 0.95
B2775: need >= 6 samples for confidence interval at level 0.95
-4,546,∞
OnToolUse_TestOutput256KB/Deduped-4,5996,∞
OnToolUse_TestOutput256KB/Delta-4,7195,∞
OnToolUse_TestOutput256KB/AllNovel-4,7718,∞
OnToolUse_TestOutput256KB_Leased/Deduped-4,8782,∞
OnToolUse_TestOutput256KB_Leased/Delta-4,9976,∞
OnToolUse_TestOutput256KB_Leased/AllNovel-4,13117,∞
geomean,1657.0864948421415,

,candidate,
,dedup-x,CI
OnToolUse_FileRead64KB/Deduped-4,27096,∞
OnToolUse_FileRead64KB/Delta-4,669.5,∞
OnToolUse_FileRead64KB/AllNovel-4,66.31,∞
OnToolUse_TestOutput256KB/Deduped-4,2235,∞
OnToolUse_TestOutput256KB/Delta-4,143.8,∞
OnToolUse_TestOutput256KB/AllNovel-4,3.753,∞
OnToolUse_TestOutput256KB_Leased/Deduped-4,2235,∞
OnToolUse_TestOutput256KB_Leased/Delta-4,143.8,∞
OnToolUse_TestOutput256KB_Leased/AllNovel-4,3.753,∞
geomean,229.2664612441846,

,candidate,
,objects,CI
OnToolUse_FileRead64KB/Deduped-4,5,∞
OnToolUse_FileRead64KB/Delta-4,55,∞
OnToolUse_FileRead64KB/AllNovel-4,231,∞
OnToolUse_TestOutput256KB/Deduped-4,34,∞
OnToolUse_TestOutput256KB/Delta-4,435,∞
OnToolUse_TestOutput256KB/AllNovel-4,12209,∞
OnToolUse_TestOutput256KB_Leased/Deduped-4,34,∞
OnToolUse_TestOutput256KB_Leased/Delta-4,435,∞
OnToolUse_TestOutput256KB_Leased/AllNovel-4,12209,∞
geomean,233.5991431658331,

,candidate,
,p50-ms,CI
OnToolUse_FileRead64KB/Deduped-4,7.168,∞
OnToolUse_FileRead64KB/Delta-4,22.53,∞
OnToolUse_FileRead64KB/AllNovel-4,24.58,∞
OnToolUse_TestOutput256KB/Deduped-4,26.62,∞
OnToolUse_TestOutput256KB/Delta-4,57.34,∞
OnToolUse_TestOutput256KB/AllNovel-4,81.92,∞
OnToolUse_TestOutput256KB_Leased/Deduped-4,131.1,∞
OnToolUse_TestOutput256KB_Leased/Delta-4,180.2,∞
OnToolUse_TestOutput256KB_Leased/AllNovel-4,655.4,∞
geomean,58.220161698637206,

,candidate,
,p99-ms,CI
OnToolUse_FileRead64KB/Deduped-4,15.36,∞
OnToolUse_FileRead64KB/Delta-4,26.62,∞
OnToolUse_FileRead64KB/AllNovel-4,26.62,∞
OnToolUse_TestOutput256KB/Deduped-4,32.77,∞
OnToolUse_TestOutput256KB/Delta-4,98.3,∞
OnToolUse_TestOutput256KB/AllNovel-4,90.11,∞
OnToolUse_TestOutput256KB_Leased/Deduped-4,245.8,∞
OnToolUse_TestOutput256KB_Leased/Delta-4,213,∞
OnToolUse_TestOutput256KB_Leased/AllNovel-4,786.4,∞
geomean,79.72223629550373,

"pathstest: HOME is ""/tmp/2768512412/001/home"" at the end of the run, not the isolated home ""/tmp/qompack-test-home-1018763912"": a test changed it without restoring it, and every test after it ran against that directory"
,candidate,
,sec/op,CI
Tombstone-4,2.92e-07,∞
OnToolUse_FileRead64KB/Deduped-4,0.007167069000000001,∞
OnToolUse_FileRead64KB/Delta-4,0.022461145000000002,∞
OnToolUse_FileRead64KB/AllNovel-4,0.022582931,∞
OnToolUse_TestOutput256KB/Deduped-4,0.026337799000000002,∞
OnToolUse_TestOutput256KB/Delta-4,0.057063056,∞
OnToolUse_TestOutput256KB/AllNovel-4,0.07698968,∞
OnToolUse_TestOutput256KB_Leased/Deduped-4,0.12975931300000002,∞
OnToolUse_TestOutput256KB_Leased/Delta-4,0.17685440200000002,∞
OnToolUse_TestOutput256KB_Leased/AllNovel-4,0.6479575310000001,∞
geomean,0.016832958819818226,

,candidate,
,B/op,CI
Tombstone-4,272,∞
OnToolUse_FileRead64KB/Deduped-4,1.312787e+06,∞
OnToolUse_FileRead64KB/Delta-4,1.362375e+06,∞
OnToolUse_FileRead64KB/AllNovel-4,1.409408e+06,∞
OnToolUse_TestOutput256KB/Deduped-4,6.684843e+06,∞
OnToolUse_TestOutput256KB/Delta-4,6.869097e+06,∞
OnToolUse_TestOutput256KB/AllNovel-4,6.612601e+06,∞
OnToolUse_TestOutput256KB_Leased/Deduped-4,1.027863e+07,∞
OnToolUse_TestOutput256KB_Leased/Delta-4,1.0510684e+07,∞
OnToolUse_TestOutput256KB_Leased/AllNovel-4,1.1041336e+07,∞
geomean,1.7358202828554409e+06,

,candidate,
,allocs/op,CI
Tombstone-4,6,∞
OnToolUse_FileRead64KB/Deduped-4,284,∞
OnToolUse_FileRead64KB/Delta-4,437,∞
OnToolUse_FileRead64KB/AllNovel-4,548,∞
OnToolUse_TestOutput256KB/Deduped-4,5996,∞
OnToolUse_TestOutput256KB/Delta-4,7196,∞
OnToolUse_TestOutput256KB/AllNovel-4,7722,∞
OnToolUse_TestOutput256KB_Leased/Deduped-4,8782,∞
OnToolUse_TestOutput256KB_Leased/Delta-4,9983,∞
OnToolUse_TestOutput256KB_Leased/AllNovel-4,13117,∞
geomean,1657.335062794431,

,candidate,
,deB2780: need >= 6 samples for confidence interval at level 0.95
B2781: need >= 6 samples for confidence interval at level 0.95
B2782: need >= 6 samples for confidence interval at level 0.95
B2783: need >= 6 samples for confidence interval at level 0.95
B2784: need >= 6 samples for confidence interval at level 0.95
B2785: need >= 6 samples for confidence interval at level 0.95
B2786: need >= 6 samples for confidence interval at level 0.95
B2787: need >= 6 samples for confidence interval at level 0.95
B2788: need >= 6 samples for confidence interval at level 0.95
B2793: need >= 6 samples for confidence interval at level 0.95
B2794: need >= 6 samples for confidence interval at level 0.95
B2795: need >= 6 samples for confidence interval at level 0.95
B2796: need >= 6 samples for confidence interval at level 0.95
B2797: need >= 6 samples for confidence interval at level 0.95
B2798: need >= 6 samples for confidence interval at level 0.95
B2799: need >= 6 samples for confidence interval at level 0.95
B2800: need >= 6 samples for confidence interval at level 0.95
B2801: need >= 6 samples for confidence interval at level 0.95
B2806: need >= 6 samples for confidence interval at level 0.95
B2807: need >= 6 samples for confidence interval at level 0.95
B2808: need >= 6 samples for confidence interval at level 0.95
B2809: need >= 6 samples for confidence interval at level 0.95
B2810: need >= 6 samples for confidence interval at level 0.95
B2811: need >= 6 samples for confidence interval at level 0.95
B2812: need >= 6 samples for confidence interval at level 0.95
B2813: need >= 6 samples for confidence interval at level 0.95
B2814: need >= 6 samples for confidence interval at level 0.95
B2819: need >= 6 samples for confidence interval at level 0.95
B2820: need >= 6 samples for confidence interval at level 0.95
B2821: need >= 6 samples for confidence interval at level 0.95
B2822: need >= 6 samples for confidence interval at level 0.95
B2823: need >= 6 samples for confidence interval at level 0.95
B2824: need >= 6 samples for confidence interval at level 0.95
B2825: need >= 6 samples for confidence interval at level 0.95
B2826: need >= 6 samples for confidence interval at level 0.95
B2827: need >= 6 samples for confidence interval at level 0.95
B2833: need >= 6 samples for confidence interval at level 0.95
B2834: need >= 6 samples for confidence interval at level 0.95
B2835: need >= 6 samples for confidence interval at level 0.95
B2836: need >= 6 samples for confidence interval at level 0.95
B2837: need >= 6 samples for confidence interval at level 0.95
B2838: need >= 6 samples for confidence interval at level 0.95
B2839: need >= 6 samples for confidence interval at level 0.95
B2840: need >= 6 samples for confidence interval at level 0.95
B2841: need >= 6 samples for confidence interval at level 0.95
B2842: need >= 6 samples for confidence interval at level 0.95
B2847: need >= 6 samples for confidence interval at level 0.95
B2848: need >= 6 samples for confidence interval at level 0.95
B2849: need >= 6 samples for confidence interval at level 0.95
B2850: need >= 6 samples for confidence interval at level 0.95
B2851: need >= 6 samples for confidence interval at level 0.95
B2852: need >= 6 samples for confidence interval at level 0.95
B2853: need >= 6 samples for confidence interval at level 0.95
B2854: need >= 6 samples for confidence interval at level 0.95
B2855: need >= 6 samples for confidence interval at level 0.95
B2856: need >= 6 samples for confidence interval at level 0.95
B2861: need >= 6 samples for confidence interval at level 0.95
B2862: need >= 6 samples for confidence interval at level 0.95
B2863: need >= 6 samples for confidence interval at level 0.95
B2864: need >= 6 samples for confidence interval at level 0.95
B2865: need >= 6 samples for confidence interval at level 0.95
B2866: need >= 6 samples for confidence interval at level 0.95
B2867: need >= 6 samples for confidence interval at level 0.95
B2868: need >= 6 samples for confidence interval at level 0.95
B2869: need >= 6 samples for confidence interval at level 0.95
B2870: need >= 6 samples for confidence interval at level 0.95
B2875: need >= 6 samples for confidence interval at level 0.95
B2876: need >= 6 samples for confidence interval at level 0.95
B2877: need >= 6 samples for confidence interval at level 0.95
B2878: need >= 6 samples for confidence interval at level 0.95
B2879: need >= 6 samples for confidence interval at level 0.95
B2880: need >= 6 samples for confidence interval at level 0.95
B2881: need >= 6 samples for confidence interval at level 0.95
B2882: need >= 6 samples for confidence interval at level 0.95
dup-x,CI
OnToolUse_FileRead64KB/Deduped-4,26766,∞
OnToolUse_FileRead64KB/Delta-4,664.7,∞
OnToolUse_FileRead64KB/AllNovel-4,66.58,∞
OnToolUse_TestOutput256KB/Deduped-4,2235,∞
OnToolUse_TestOutput256KB/Delta-4,143.8,∞
OnToolUse_TestOutput256KB/AllNovel-4,3.753,∞
OnToolUse_TestOutput256KB_Leased/Deduped-4,2235,∞
OnToolUse_TestOutput256KB_Leased/Delta-4,143.8,∞
OnToolUse_TestOutput256KB_Leased/AllNovel-4,3.753,∞
geomean,228.87486434261487,

,candidate,
,objects,CI
OnToolUse_FileRead64KB/Deduped-4,5,∞
OnToolUse_FileRead64KB/Delta-4,49,∞
OnToolUse_FileRead64KB/AllNovel-4,226,∞
OnToolUse_TestOutput256KB/Deduped-4,34,∞
OnToolUse_TestOutput256KB/Delta-4,435,∞
OnToolUse_TestOutput256KB/AllNovel-4,12209,∞
OnToolUse_TestOutput256KB_Leased/Deduped-4,34,∞
OnToolUse_TestOutput256KB_Leased/Delta-4,435,∞
OnToolUse_TestOutput256KB_Leased/AllNovel-4,12209,∞
geomean,230.0600600291453,

,candidate,
,p50-ms,CI
OnToolUse_FileRead64KB/Deduped-4,7.168,∞
OnToolUse_FileRead64KB/Delta-4,22.53,∞
OnToolUse_FileRead64KB/AllNovel-4,22.53,∞
OnToolUse_TestOutput256KB/Deduped-4,26.62,∞
OnToolUse_TestOutput256KB/Delta-4,57.34,∞
OnToolUse_TestOutput256KB/AllNovel-4,81.92,∞
OnToolUse_TestOutput256KB_Leased/Deduped-4,131.1,∞
OnToolUse_TestOutput256KB_Leased/Delta-4,180.2,∞
OnToolUse_TestOutput256KB_Leased/AllNovel-4,655.4,∞
geomean,57.65953142849452,

,candidate,
,p99-ms,CI
OnToolUse_FileRead64KB/Deduped-4,10.24,∞
OnToolUse_FileRead64KB/Delta-4,32.77,∞
OnToolUse_FileRead64KB/AllNovel-4,26.62,∞
OnToolUse_TestOutput256KB/Deduped-4,32.77,∞
OnToolUse_TestOutput256KB/Delta-4,73.73,∞
OnToolUse_TestOutput256KB/AllNovel-4,90.11,∞
OnToolUse_TestOutput256KB_Leased/Deduped-4,196.6,∞
OnToolUse_TestOutput256KB_Leased/Delta-4,262.1,∞
OnToolUse_TestOutput256KB_Leased/AllNovel-4,786.4,∞
geomean,75.40443773893129,

"pathstest: HOME is ""/tmp/2974957428/001/home"" at the end of the run, not the isolated home ""/tmp/qompack-test-home-99215005"": a test changed it without restoring it, and every test after it ran against that directory"
,candidate,
,sec/op,CI
Tombstone-4,2.917e-07,∞
OnToolUse_FileRead64KB/Deduped-4,0.007186848,∞
OnToolUse_FileRead64KB/Delta-4,0.022553687000000003,∞
OnToolUse_FileRead64KB/AllNovel-4,0.023128173000000002,∞
OnToolUse_TestOutput256KB/Deduped-4,0.026293227000000002,∞
OnToolUse_TestOutput256KB/Delta-4,0.057165305000000007,∞
OnToolUse_TestOutput256KB/AllNovel-4,0.07869288,∞
OnToolUse_TestOutput256KB_Leased/Deduped-4,0.129047288,∞
OnToolUse_TestOutput256KB_Leased/Delta-4,0.17314151500000002,∞
OnToolUse_TestOutput256KB_Leased/AllNovel-4,0.649873924,∞
geomean,0.016880001572765337,

,candidate,
,B/op,CI
Tombstone-4,272,∞
OnToolUse_FileRead64KB/Deduped-4,1.315725e+06,∞
OnToolUse_FileRead64KB/Delta-4,1.360621e+06,∞
OnToolUse_FileRead64KB/AllNovel-4,1.408456e+06,∞
OnToolUse_TestOutput256KB/Deduped-4,6.682569e+06,∞
OnToolUse_TestOutput256KB/Delta-4,6.868166e+06,∞
OnToolUse_TestOutput256KB/AllNovel-4,6.610943e+06,∞
OnToolUse_TestOutput256KB_Leased/Deduped-4,1.0263158e+07,∞
OnToolUse_TestOutput256KB_Leased/Delta-4,1.0427302e+07,∞
OnToolUse_TestOutput256KB_Leased/AllNovel-4,1.102332e+07,∞
geomean,1.733814982019083e+06,

,candidate,
,allocs/op,CI
Tombstone-4,6,∞
OnToolUse_FileRead64KB/Deduped-4,286,∞
OnToolUse_FileRead64KB/Delta-4,437,∞
OnToolUse_FileRead64KB/AllNovel-4,547,∞
OnToolUse_TestOutput256KB/Deduped-4,5994,∞
OnToolUse_TestOutput256KB/Delta-4,7195,∞
OnToolUse_TestOutput256KB/AllNovel-4,7721,∞
OnToolUse_TestOutput256KB_Leased/Deduped-4,8784,∞
OnToolUse_TestOutput256KB_Leased/Delta-4,9971,∞
OnToolUse_TestOutput256KB_Leased/AllNovel-4,13116,∞
geomean,1657.9214817419227,

,candidate,
,dedup-x,CI
OnToolUse_FileRead64KB/Deduped-4,27096,∞
OnToolUse_FileRead64KB/Delta-4,671.5,∞
OnToolUse_FileRead64KB/AllNovel-4,66.31,∞
OnToolUse_TestOutput256KB/Deduped-4,2235,∞
OnToolUse_TestOutput256KB/Delta-4,143.8,∞
OnToolUse_TestOutput256KB/AllNovel-4,3.753,∞
OnToolUse_TestOutput256KB_Leased/Deduped-4,2235,∞
OnToolUse_TestOutput256KB2883: need >= 6 samples for confidence interval at level 0.95
B2888: need >= 6 samples for confidence interval at level 0.95
B2889: need >= 6 samples for confidence interval at level 0.95
B2890: need >= 6 samples for confidence interval at level 0.95
B2891: need >= 6 samples for confidence interval at level 0.95
B2892: need >= 6 samples for confidence interval at level 0.95
B2893: need >= 6 samples for confidence interval at level 0.95
B2894: need >= 6 samples for confidence interval at level 0.95
B2895: need >= 6 samples for confidence interval at level 0.95
B2896: need >= 6 samples for confidence interval at level 0.95
B2901: need >= 6 samples for confidence interval at level 0.95
B2902: need >= 6 samples for confidence interval at level 0.95
B2903: need >= 6 samples for confidence interval at level 0.95
B2904: need >= 6 samples for confidence interval at level 0.95
B2905: need >= 6 samples for confidence interval at level 0.95
B2906: need >= 6 samples for confidence interval at level 0.95
B2907: need >= 6 samples for confidence interval at level 0.95
B2908: need >= 6 samples for confidence interval at level 0.95
B2909: need >= 6 samples for confidence interval at level 0.95
B2914: need >= 6 samples for confidence interval at level 0.95
B2915: need >= 6 samples for confidence interval at level 0.95
B2916: need >= 6 samples for confidence interval at level 0.95
B2917: need >= 6 samples for confidence interval at level 0.95
B2918: need >= 6 samples for confidence interval at level 0.95
B2919: need >= 6 samples for confidence interval at level 0.95
B2920: need >= 6 samples for confidence interval at level 0.95
B2921: need >= 6 samples for confidence interval at level 0.95
B2922: need >= 6 samples for confidence interval at level 0.95
B2928: need >= 6 samples for confidence interval at level 0.95
B2929: need >= 6 samples for confidence interval at level 0.95
B2930: need >= 6 samples for confidence interval at level 0.95
B2931: need >= 6 samples for confidence interval at level 0.95
B2932: need >= 6 samples for confidence interval at level 0.95
B2933: need >= 6 samples for confidence interval at level 0.95
B2934: need >= 6 samples for confidence interval at level 0.95
B2935: need >= 6 samples for confidence interval at level 0.95
B2936: need >= 6 samples for confidence interval at level 0.95
B2937: need >= 6 samples for confidence interval at level 0.95
B2942: need >= 6 samples for confidence interval at level 0.95
B2943: need >= 6 samples for confidence interval at level 0.95
B2944: need >= 6 samples for confidence interval at level 0.95
B2945: need >= 6 samples for confidence interval at level 0.95
B2946: need >= 6 samples for confidence interval at level 0.95
B2947: need >= 6 samples for confidence interval at level 0.95
B2948: need >= 6 samples for confidence interval at level 0.95
B2949: need >= 6 samples for confidence interval at level 0.95
B2950: need >= 6 samples for confidence interval at level 0.95
B2951: need >= 6 samples for confidence interval at level 0.95
B2956: need >= 6 samples for confidence interval at level 0.95
B2957: need >= 6 samples for confidence interval at level 0.95
B2958: need >= 6 samples for confidence interval at level 0.95
B2959: need >= 6 samples for confidence interval at level 0.95
B2960: need >= 6 samples for confidence interval at level 0.95
B2961: need >= 6 samples for confidence interval at level 0.95
B2962: need >= 6 samples for confidence interval at level 0.95
B2963: need >= 6 samples for confidence interval at level 0.95
B2964: need >= 6 samples for confidence interval at level 0.95
B2965: need >= 6 samples for confidence interval at level 0.95
B2970: need >= 6 samples for confidence interval at level 0.95
B2971: need >= 6 samples for confidence interval at level 0.95
B2972: need >= 6 samples for confidence interval at level 0.95
B2973: need >= 6 samples for confidence interval at level 0.95
B2974: need >= 6 samples for confidence interval at level 0.95
B2975: need >= 6 samples for confidence interval at level 0.95
B2976: need >= 6 samples for confidence interval at level 0.95
B2977: need >= 6 samples for confidence interval at level 0.95
B2978: need >= 6 samples for confidence interval at level 0.95
B2983: need >= 6 samples for confidence interval at level 0.95
B2984: need >= 6 samples for confidence interval at level 0.95
B2985: need >= 6 samples for confidence interval at level 0.95
B2986: need >= 6 samples for confidence interval at level 0.95
B2987: need >= 6 samples for confidence interval at level 0.95
B2988: need >= 6 samples for confidence interval at level 0.95
B_Leased/Delta-4,143.8,∞
OnToolUse_TestOutput256KB_Leased/AllNovel-4,3.753,∞
geomean,229.34245913236316,

,candidate,
,objects,CI
OnToolUse_FileRead64KB/Deduped-4,5,∞
OnToolUse_FileRead64KB/Delta-4,58,∞
OnToolUse_FileRead64KB/AllNovel-4,231,∞
OnToolUse_TestOutput256KB/Deduped-4,34,∞
OnToolUse_TestOutput256KB/Delta-4,435,∞
OnToolUse_TestOutput256KB/AllNovel-4,12209,∞
OnToolUse_TestOutput256KB_Leased/Deduped-4,34,∞
OnToolUse_TestOutput256KB_Leased/Delta-4,435,∞
OnToolUse_TestOutput256KB_Leased/AllNovel-4,12209,∞
geomean,234.9817084412213,

,candidate,
,p50-ms,CI
OnToolUse_FileRead64KB/Deduped-4,7.168,∞
OnToolUse_FileRead64KB/Delta-4,22.53,∞
OnToolUse_FileRead64KB/AllNovel-4,24.58,∞
OnToolUse_TestOutput256KB/Deduped-4,26.62,∞
OnToolUse_TestOutput256KB/Delta-4,57.34,∞
OnToolUse_TestOutput256KB/AllNovel-4,81.92,∞
OnToolUse_TestOutput256KB_Leased/Deduped-4,131.1,∞
OnToolUse_TestOutput256KB_Leased/Delta-4,180.2,∞
OnToolUse_TestOutput256KB_Leased/AllNovel-4,655.4,∞
geomean,58.220161698637206,

,candidate,
,p99-ms,CI
OnToolUse_FileRead64KB/Deduped-4,9.216,∞
OnToolUse_FileRead64KB/Delta-4,30.72,∞
OnToolUse_FileRead64KB/AllNovel-4,30.72,∞
OnToolUse_TestOutput256KB/Deduped-4,32.77,∞
OnToolUse_TestOutput256KB/Delta-4,73.73,∞
OnToolUse_TestOutput256KB/AllNovel-4,90.11,∞
OnToolUse_TestOutput256KB_Leased/Deduped-4,213,∞
OnToolUse_TestOutput256KB_Leased/Delta-4,213,∞
OnToolUse_TestOutput256KB_Leased/AllNovel-4,852,∞
geomean,74.78781021316486,

"pathstest: HOME is ""/tmp/3178765180/001/home"" at the end of the run, not the isolated home ""/tmp/qompack-test-home-1482751880"": a test changed it without restoring it, and every test after it ran against that directory"
,candidate,
,sec/op,CI
Tombstone-4,3.014e-07,∞
OnToolUse_FileRead64KB/Deduped-4,0.007530589000000001,∞
OnToolUse_FileRead64KB/Delta-4,0.022470892000000003,∞
OnToolUse_FileRead64KB/AllNovel-4,0.022697154,∞
OnToolUse_TestOutput256KB/Deduped-4,0.026129297000000003,∞
OnToolUse_TestOutput256KB/Delta-4,0.059195848,∞
OnToolUse_TestOutput256KB/AllNovel-4,0.079142234,∞
OnToolUse_TestOutput256KB_Leased/Deduped-4,0.12959905400000002,∞
OnToolUse_TestOutput256KB_Leased/Delta-4,0.173189909,∞
OnToolUse_TestOutput256KB_Leased/AllNovel-4,0.6627272580000001,∞
geomean,0.017075956650533516,

,candidate,
,B/op,CI
Tombstone-4,272,∞
OnToolUse_FileRead64KB/Deduped-4,1.317615e+06,∞
OnToolUse_FileRead64KB/Delta-4,1.35631e+06,∞
OnToolUse_FileRead64KB/AllNovel-4,1.406022e+06,∞
OnToolUse_TestOutput256KB/Deduped-4,6.684431e+06,∞
OnToolUse_TestOutput256KB/Delta-4,6.87006e+06,∞
OnToolUse_TestOutput256KB/AllNovel-4,6.611451e+06,∞
OnToolUse_TestOutput256KB_Leased/Deduped-4,1.0251942e+07,∞
OnToolUse_TestOutput256KB_Leased/Delta-4,1.0467234e+07,∞
OnToolUse_TestOutput256KB_Leased/AllNovel-4,1.1027533e+07,∞
geomean,1.7338625696457296e+06,

,candidate,
,allocs/op,CI
Tombstone-4,6,∞
OnToolUse_FileRead64KB/Deduped-4,286,∞
OnToolUse_FileRead64KB/Delta-4,433,∞
OnToolUse_FileRead64KB/AllNovel-4,546,∞
OnToolUse_TestOutput256KB/Deduped-4,5995,∞
OnToolUse_TestOutput256KB/Delta-4,7197,∞
OnToolUse_TestOutput256KB/AllNovel-4,7720,∞
OnToolUse_TestOutput256KB_Leased/Deduped-4,8779,∞
OnToolUse_TestOutput256KB_Leased/Delta-4,9974,∞
OnToolUse_TestOutput256KB_Leased/AllNovel-4,13116,∞
geomean,1656.1023117227703,

,candidate,
,dedup-x,CI
OnToolUse_FileRead64KB/Deduped-4,27757,∞
OnToolUse_FileRead64KB/Delta-4,670,∞
OnToolUse_FileRead64KB/AllNovel-4,66.31,∞
OnToolUse_TestOutput256KB/Deduped-4,2235,∞
OnToolUse_TestOutput256KB/Delta-4,143.8,∞
OnToolUse_TestOutput256KB/AllNovel-4,3.753,∞
OnToolUse_TestOutput256KB_Leased/Deduped-4,2235,∞
OnToolUse_TestOutput256KB_Leased/Delta-4,143.8,∞
OnToolUse_TestOutput256KB_Leased/AllNovel-4,3.753,∞
geomean,229.90032764439346,

,candidate,
,objects,CI
OnToolUse_FileRead64KB/Deduped-4,5,∞
OnToolUse_FileRead64KB/Delta-4,56,∞
OnToolUse_FileRead64KB/AllNovel-4,231,∞
OnToolUse_TestOutput256KB/Deduped-4,34,∞
OnToolUse_TestOutput256KB/Delta-4,435,∞
OnToolUse_TestOutB2989: need >= 6 samples for confidence interval at level 0.95
B2990: need >= 6 samples for confidence interval at level 0.95
B2991: need >= 6 samples for confidence interval at level 0.95
B2996: need >= 6 samples for confidence interval at level 0.95
B2997: need >= 6 samples for confidence interval at level 0.95
B2998: need >= 6 samples for confidence interval at level 0.95
B2999: need >= 6 samples for confidence interval at level 0.95
B3000: need >= 6 samples for confidence interval at level 0.95
B3001: need >= 6 samples for confidence interval at level 0.95
B3002: need >= 6 samples for confidence interval at level 0.95
B3003: need >= 6 samples for confidence interval at level 0.95
B3004: need >= 6 samples for confidence interval at level 0.95
B3009: need >= 6 samples for confidence interval at level 0.95
B3010: need >= 6 samples for confidence interval at level 0.95
B3011: need >= 6 samples for confidence interval at level 0.95
B3012: need >= 6 samples for confidence interval at level 0.95
B3013: need >= 6 samples for confidence interval at level 0.95
B3014: need >= 6 samples for confidence interval at level 0.95
B3015: need >= 6 samples for confidence interval at level 0.95
B3016: need >= 6 samples for confidence interval at level 0.95
B3017: need >= 6 samples for confidence interval at level 0.95
B3023: need >= 6 samples for confidence interval at level 0.95
B3024: need >= 6 samples for confidence interval at level 0.95
B3025: need >= 6 samples for confidence interval at level 0.95
B3026: need >= 6 samples for confidence interval at level 0.95
B3027: need >= 6 samples for confidence interval at level 0.95
B3028: need >= 6 samples for confidence interval at level 0.95
B3029: need >= 6 samples for confidence interval at level 0.95
B3030: need >= 6 samples for confidence interval at level 0.95
B3031: need >= 6 samples for confidence interval at level 0.95
B3032: need >= 6 samples for confidence interval at level 0.95
B3037: need >= 6 samples for confidence interval at level 0.95
B3038: need >= 6 samples for confidence interval at level 0.95
B3039: need >= 6 samples for confidence interval at level 0.95
B3040: need >= 6 samples for confidence interval at level 0.95
B3041: need >= 6 samples for confidence interval at level 0.95
B3042: need >= 6 samples for confidence interval at level 0.95
B3043: need >= 6 samples for confidence interval at level 0.95
B3044: need >= 6 samples for confidence interval at level 0.95
B3045: need >= 6 samples for confidence interval at level 0.95
B3046: need >= 6 samples for confidence interval at level 0.95
B3051: need >= 6 samples for confidence interval at level 0.95
B3052: need >= 6 samples for confidence interval at level 0.95
B3053: need >= 6 samples for confidence interval at level 0.95
B3054: need >= 6 samples for confidence interval at level 0.95
B3055: need >= 6 samples for confidence interval at level 0.95
B3056: need >= 6 samples for confidence interval at level 0.95
B3057: need >= 6 samples for confidence interval at level 0.95
B3058: need >= 6 samples for confidence interval at level 0.95
B3059: need >= 6 samples for confidence interval at level 0.95
B3060: need >= 6 samples for confidence interval at level 0.95
B3065: need >= 6 samples for confidence interval at level 0.95
B3066: need >= 6 samples for confidence interval at level 0.95
B3067: need >= 6 samples for confidence interval at level 0.95
B3068: need >= 6 samples for confidence interval at level 0.95
B3069: need >= 6 samples for confidence interval at level 0.95
B3070: need >= 6 samples for confidence interval at level 0.95
B3071: need >= 6 samples for confidence interval at level 0.95
B3072: need >= 6 samples for confidence interval at level 0.95
B3073: need >= 6 samples for confidence interval at level 0.95
B3078: need >= 6 samples for confidence interval at level 0.95
B3079: need >= 6 samples for confidence interval at level 0.95
B3080: need >= 6 samples for confidence interval at level 0.95
B3081: need >= 6 samples for confidence interval at level 0.95
B3082: need >= 6 samples for confidence interval at level 0.95
B3083: need >= 6 samples for confidence interval at level 0.95
B3084: need >= 6 samples for confidence interval at level 0.95
B3085: need >= 6 samples for confidence interval at level 0.95
B3086: need >= 6 samples for confidence interval at level 0.95
B3091: need >= 6 samples for confidence interval at level 0.95
B3092: need >= 6 samples for confidence interval at level 0.95
B3093: need >= 6 samples for confidence interval at level 0.95
put256KB/AllNovel-4,12209,∞
OnToolUse_TestOutput256KB_Leased/Deduped-4,34,∞
OnToolUse_TestOutput256KB_Leased/Delta-4,435,∞
OnToolUse_TestOutput256KB_Leased/AllNovel-4,12209,∞
geomean,234.0672902430073,

,candidate,
,p50-ms,CI
OnToolUse_FileRead64KB/Deduped-4,7.168,∞
OnToolUse_FileRead64KB/Delta-4,22.53,∞
OnToolUse_FileRead64KB/AllNovel-4,22.53,∞
OnToolUse_TestOutput256KB/Deduped-4,26.62,∞
OnToolUse_TestOutput256KB/Delta-4,61.44,∞
OnToolUse_TestOutput256KB/AllNovel-4,81.92,∞
OnToolUse_TestOutput256KB_Leased/Deduped-4,131.1,∞
OnToolUse_TestOutput256KB_Leased/Delta-4,180.2,∞
OnToolUse_TestOutput256KB_Leased/AllNovel-4,720.9,∞
geomean,58.72191793258665,

,candidate,
,p99-ms,CI
OnToolUse_FileRead64KB/Deduped-4,12.29,∞
OnToolUse_FileRead64KB/Delta-4,30.72,∞
OnToolUse_FileRead64KB/AllNovel-4,30.72,∞
OnToolUse_TestOutput256KB/Deduped-4,32.77,∞
OnToolUse_TestOutput256KB/Delta-4,73.73,∞
OnToolUse_TestOutput256KB/AllNovel-4,98.3,∞
OnToolUse_TestOutput256KB_Leased/Deduped-4,229.4,∞
OnToolUse_TestOutput256KB_Leased/Delta-4,229.4,∞
OnToolUse_TestOutput256KB_Leased/AllNovel-4,852,∞
geomean,79.26422421579952,

"pathstest: HOME is ""/tmp/3430838114/001/home"" at the end of the run, not the isolated home ""/tmp/qompack-test-home-1101472913"": a test changed it without restoring it, and every test after it ran against that directory"
,candidate,
,sec/op,CI
Tombstone-4,2.9460000000000006e-07,∞
OnToolUse_FileRead64KB/Deduped-4,0.007059985,∞
OnToolUse_FileRead64KB/Delta-4,0.022134217,∞
OnToolUse_FileRead64KB/AllNovel-4,0.023773487000000003,∞
OnToolUse_TestOutput256KB/Deduped-4,0.026302132000000002,∞
OnToolUse_TestOutput256KB/Delta-4,0.059941677000000006,∞
OnToolUse_TestOutput256KB/AllNovel-4,0.080967156,∞
OnToolUse_TestOutput256KB_Leased/Deduped-4,0.21425221600000002,∞
OnToolUse_TestOutput256KB_Leased/Delta-4,0.249178903,∞
OnToolUse_TestOutput256KB_Leased/AllNovel-4,0.752412878,∞
geomean,0.018832653287085565,

,candidate,
,B/op,CI
Tombstone-4,272,∞
OnToolUse_FileRead64KB/Deduped-4,1.313466e+06,∞
OnToolUse_FileRead64KB/Delta-4,1.358609e+06,∞
OnToolUse_FileRead64KB/AllNovel-4,1.404078e+06,∞
OnToolUse_TestOutput256KB/Deduped-4,6.682954e+06,∞
OnToolUse_TestOutput256KB/Delta-4,6.869136e+06,∞
OnToolUse_TestOutput256KB/AllNovel-4,6.611956e+06,∞
OnToolUse_TestOutput256KB_Leased/Deduped-4,1.0290501e+07,∞
OnToolUse_TestOutput256KB_Leased/Delta-4,1.0461643e+07,∞
OnToolUse_TestOutput256KB_Leased/AllNovel-4,1.102484e+07,∞
geomean,1.7338370190395121e+06,

,candidate,
,allocs/op,CI
Tombstone-4,6,∞
OnToolUse_FileRead64KB/Deduped-4,284,∞
OnToolUse_FileRead64KB/Delta-4,435,∞
OnToolUse_FileRead64KB/AllNovel-4,543,∞
OnToolUse_TestOutput256KB/Deduped-4,5995,∞
OnToolUse_TestOutput256KB/Delta-4,7197,∞
OnToolUse_TestOutput256KB/AllNovel-4,7721,∞
OnToolUse_TestOutput256KB_Leased/Deduped-4,8791,∞
OnToolUse_TestOutput256KB_Leased/Delta-4,9975,∞
OnToolUse_TestOutput256KB_Leased/AllNovel-4,13120,∞
geomean,1655.1059269787422,

,candidate,
,dedup-x,CI
OnToolUse_FileRead64KB/Deduped-4,27261,∞
OnToolUse_FileRead64KB/Delta-4,668.1,∞
OnToolUse_FileRead64KB/AllNovel-4,65.61,∞
OnToolUse_TestOutput256KB/Deduped-4,2235,∞
OnToolUse_TestOutput256KB/Delta-4,143.8,∞
OnToolUse_TestOutput256KB/AllNovel-4,3.753,∞
OnToolUse_TestOutput256KB_Leased/Deduped-4,2235,∞
OnToolUse_TestOutput256KB_Leased/Delta-4,143.8,∞
OnToolUse_TestOutput256KB_Leased/AllNovel-4,3.753,∞
geomean,229.09750573802577,

,candidate,
,objects,CI
OnToolUse_FileRead64KB/Deduped-4,5,∞
OnToolUse_FileRead64KB/Delta-4,53,∞
OnToolUse_FileRead64KB/AllNovel-4,246,∞
OnToolUse_TestOutput256KB/Deduped-4,34,∞
OnToolUse_TestOutput256KB/Delta-4,435,∞
OnToolUse_TestOutput256KB/AllNovel-4,12209,∞
OnToolUse_TestOutput256KB_Leased/Deduped-4,34,∞
OnToolUse_TestOutput256KB_Leased/Delta-4,435,∞
OnToolUse_TestOutput256KB_Leased/AllNovel-4,12209,∞
geomean,234.2716433728969,

,candidate,
,p50-ms,CI
OnToolUse_FileRead64KB/Deduped-4,7.168,∞
OnToolUse_FileRead64KB/Delta-4,22.53,∞
OnToolUse_FileRead64KB/AllB3094: need >= 6 samples for confidence interval at level 0.95
B3095: need >= 6 samples for confidence interval at level 0.95
B3096: need >= 6 samples for confidence interval at level 0.95
B3097: need >= 6 samples for confidence interval at level 0.95
B3098: need >= 6 samples for confidence interval at level 0.95
B3099: need >= 6 samples for confidence interval at level 0.95
B3104: need >= 6 samples for confidence interval at level 0.95
B3105: need >= 6 samples for confidence interval at level 0.95
B3106: need >= 6 samples for confidence interval at level 0.95
B3107: need >= 6 samples for confidence interval at level 0.95
B3108: need >= 6 samples for confidence interval at level 0.95
B3109: need >= 6 samples for confidence interval at level 0.95
B3110: need >= 6 samples for confidence interval at level 0.95
B3111: need >= 6 samples for confidence interval at level 0.95
B3112: need >= 6 samples for confidence interval at level 0.95
B3118: need >= 6 samples for confidence interval at level 0.95
B3119: need >= 6 samples for confidence interval at level 0.95
B3120: need >= 6 samples for confidence interval at level 0.95
B3121: need >= 6 samples for confidence interval at level 0.95
B3122: need >= 6 samples for confidence interval at level 0.95
B3123: need >= 6 samples for confidence interval at level 0.95
B3124: need >= 6 samples for confidence interval at level 0.95
B3125: need >= 6 samples for confidence interval at level 0.95
B3126: need >= 6 samples for confidence interval at level 0.95
B3127: need >= 6 samples for confidence interval at level 0.95
B3132: need >= 6 samples for confidence interval at level 0.95
B3133: need >= 6 samples for confidence interval at level 0.95
B3134: need >= 6 samples for confidence interval at level 0.95
B3135: need >= 6 samples for confidence interval at level 0.95
B3136: need >= 6 samples for confidence interval at level 0.95
B3137: need >= 6 samples for confidence interval at level 0.95
B3138: need >= 6 samples for confidence interval at level 0.95
B3139: need >= 6 samples for confidence interval at level 0.95
B3140: need >= 6 samples for confidence interval at level 0.95
B3141: need >= 6 samples for confidence interval at level 0.95
B3146: need >= 6 samples for confidence interval at level 0.95
B3147: need >= 6 samples for confidence interval at level 0.95
B3148: need >= 6 samples for confidence interval at level 0.95
B3149: need >= 6 samples for confidence interval at level 0.95
B3150: need >= 6 samples for confidence interval at level 0.95
B3151: need >= 6 samples for confidence interval at level 0.95
B3152: need >= 6 samples for confidence interval at level 0.95
B3153: need >= 6 samples for confidence interval at level 0.95
B3154: need >= 6 samples for confidence interval at level 0.95
B3155: need >= 6 samples for confidence interval at level 0.95
B3160: need >= 6 samples for confidence interval at level 0.95
B3161: need >= 6 samples for confidence interval at level 0.95
B3162: need >= 6 samples for confidence interval at level 0.95
B3163: need >= 6 samples for confidence interval at level 0.95
B3164: need >= 6 samples for confidence interval at level 0.95
B3165: need >= 6 samples for confidence interval at level 0.95
B3166: need >= 6 samples for confidence interval at level 0.95
B3167: need >= 6 samples for confidence interval at level 0.95
B3168: need >= 6 samples for confidence interval at level 0.95
B3173: need >= 6 samples for confidence interval at level 0.95
B3174: need >= 6 samples for confidence interval at level 0.95
B3175: need >= 6 samples for confidence interval at level 0.95
B3176: need >= 6 samples for confidence interval at level 0.95
B3177: need >= 6 samples for confidence interval at level 0.95
B3178: need >= 6 samples for confidence interval at level 0.95
B3179: need >= 6 samples for confidence interval at level 0.95
B3180: need >= 6 samples for confidence interval at level 0.95
B3181: need >= 6 samples for confidence interval at level 0.95
B3186: need >= 6 samples for confidence interval at level 0.95
B3187: need >= 6 samples for confidence interval at level 0.95
B3188: need >= 6 samples for confidence interval at level 0.95
B3189: need >= 6 samples for confidence interval at level 0.95
B3190: need >= 6 samples for confidence interval at level 0.95
B3191: need >= 6 samples for confidence interval at level 0.95
B3192: need >= 6 samples for confidence interval at level 0.95
B3193: need >= 6 samples for confidence interval at level 0.95
B3194: need >= 6 samples for confidence interval at level 0.95
Novel-4,24.58,∞
OnToolUse_TestOutput256KB/Deduped-4,26.62,∞
OnToolUse_TestOutput256KB/Delta-4,61.44,∞
OnToolUse_TestOutput256KB/AllNovel-4,81.92,∞
OnToolUse_TestOutput256KB_Leased/Deduped-4,213,∞
OnToolUse_TestOutput256KB_Leased/Delta-4,245.8,∞
OnToolUse_TestOutput256KB_Leased/AllNovel-4,786.4,∞
geomean,65.40327155592796,

,candidate,
,p99-ms,CI
OnToolUse_FileRead64KB/Deduped-4,12.29,∞
OnToolUse_FileRead64KB/Delta-4,26.62,∞
OnToolUse_FileRead64KB/AllNovel-4,36.86,∞
OnToolUse_TestOutput256KB/Deduped-4,32.77,∞
OnToolUse_TestOutput256KB/Delta-4,81.92,∞
OnToolUse_TestOutput256KB/AllNovel-4,106.5,∞
OnToolUse_TestOutput256KB_Leased/Deduped-4,360.4,∞
OnToolUse_TestOutput256KB_Leased/Delta-4,393.2,∞
OnToolUse_TestOutput256KB_Leased/AllNovel-4,983,∞
geomean,92.17416873898058,

"pathstest: HOME is ""/tmp/360400775/001/home"" at the end of the run, not the isolated home ""/tmp/qompack-test-home-2332057623"": a test changed it without restoring it, and every test after it ran against that directory"
,candidate,
,sec/op,CI
Tombstone-4,2.99e-07,∞
OnToolUse_FileRead64KB/Deduped-4,0.007087433000000001,∞
OnToolUse_FileRead64KB/Delta-4,0.022717650500000002,∞
OnToolUse_FileRead64KB/AllNovel-4,0.0237567635,∞
OnToolUse_TestOutput256KB/Deduped-4,0.0261930335,∞
OnToolUse_TestOutput256KB/Delta-4,0.057801315500000006,∞
OnToolUse_TestOutput256KB/AllNovel-4,0.07836454400000001,∞
OnToolUse_TestOutput256KB_Leased/Deduped-4,0.132633877,∞
OnToolUse_TestOutput256KB_Leased/Delta-4,0.177903998,∞
OnToolUse_TestOutput256KB_Leased/AllNovel-4,0.6643391265,∞
geomean,0.017091429889596256,

,candidate,
,B/op,CI
Tombstone-4,272,∞
OnToolUse_FileRead64KB/Deduped-4,1.3161355e+06,∞
OnToolUse_FileRead64KB/Delta-4,1.358591e+06,∞
OnToolUse_FileRead64KB/AllNovel-4,1.406643e+06,∞
OnToolUse_TestOutput256KB/Deduped-4,6.684691e+06,∞
OnToolUse_TestOutput256KB/Delta-4,6.868666e+06,∞
OnToolUse_TestOutput256KB/AllNovel-4,6.6099475e+06,∞
OnToolUse_TestOutput256KB_Leased/Deduped-4,1.02822215e+07,∞
OnToolUse_TestOutput256KB_Leased/Delta-4,1.04652075e+07,∞
OnToolUse_TestOutput256KB_Leased/AllNovel-4,1.10352725e+07,∞
geomean,1.7345673751754267e+06,

,candidate,
,allocs/op,CI
Tombstone-4,6,∞
OnToolUse_FileRead64KB/Deduped-4,285.5,∞
OnToolUse_FileRead64KB/Delta-4,434.5,∞
OnToolUse_FileRead64KB/AllNovel-4,546,∞
OnToolUse_TestOutput256KB/Deduped-4,5996,∞
OnToolUse_TestOutput256KB/Delta-4,7196,∞
OnToolUse_TestOutput256KB/AllNovel-4,7719,∞
OnToolUse_TestOutput256KB_Leased/Deduped-4,8786.5,∞
OnToolUse_TestOutput256KB_Leased/Delta-4,9981,∞
OnToolUse_TestOutput256KB_Leased/AllNovel-4,13118,∞
geomean,1656.6513554872472,

,candidate,
,dedup-x,CI
OnToolUse_FileRead64KB/Deduped-4,27344,∞
OnToolUse_FileRead64KB/Delta-4,667.35,∞
OnToolUse_FileRead64KB/AllNovel-4,66.4,∞
OnToolUse_TestOutput256KB/Deduped-4,2235,∞
OnToolUse_TestOutput256KB/Delta-4,143.8,∞
OnToolUse_TestOutput256KB/AllNovel-4,3.753,∞
OnToolUse_TestOutput256KB_Leased/Deduped-4,2235,∞
OnToolUse_TestOutput256KB_Leased/Delta-4,143.8,∞
OnToolUse_TestOutput256KB_Leased/AllNovel-4,3.753,∞
geomean,229.45124375405837,

,candidate,
,objects,CI
OnToolUse_FileRead64KB/Deduped-4,5,∞
OnToolUse_FileRead64KB/Delta-4,52.5,∞
OnToolUse_FileRead64KB/AllNovel-4,222,∞
OnToolUse_TestOutput256KB/Deduped-4,34,∞
OnToolUse_TestOutput256KB/Delta-4,435,∞
OnToolUse_TestOutput256KB/AllNovel-4,12209,∞
OnToolUse_TestOutput256KB_Leased/Deduped-4,34,∞
OnToolUse_TestOutput256KB_Leased/Delta-4,435,∞
OnToolUse_TestOutput256KB_Leased/AllNovel-4,12209,∞
geomean,231.37091150126423,

,candidate,
,p50-ms,CI
OnToolUse_FileRead64KB/Deduped-4,7.168,∞
OnToolUse_FileRead64KB/Delta-4,23.555,∞
OnToolUse_FileRead64KB/AllNovel-4,24.58,∞
OnToolUse_TestOutput256KB/Deduped-4,26.62,∞
OnToolUse_TestOutput256KB/Delta-4,59.39,∞
OnToolUse_TestOutput256KB/AllNovel-4,81.92,∞
OnToolUse_TestOutput256KB_Leased/Deduped-4,131.1,∞
OnToolUse_TestOutput256KB_Leased/Delta-4,180.2,∞
OnToolUse_TestOutput256KB_Leased/AllNovel-4,688.15,∞
geomean,59.05658390287309,
B3199: need >= 6 samples for confidence interval at level 0.95
B3200: need >= 6 samples for confidence interval at level 0.95
B3201: need >= 6 samples for confidence interval at level 0.95
B3202: need >= 6 samples for confidence interval at level 0.95
B3203: need >= 6 samples for confidence interval at level 0.95
B3204: need >= 6 samples for confidence interval at level 0.95
B3205: need >= 6 samples for confidence interval at level 0.95
B3206: need >= 6 samples for confidence interval at level 0.95
B3207: need >= 6 samples for confidence interval at level 0.95
B3213: need >= 6 samples for confidence interval at level 0.95
B3214: need >= 6 samples for confidence interval at level 0.95
B3215: need >= 6 samples for confidence interval at level 0.95
B3216: need >= 6 samples for confidence interval at level 0.95
B3217: need >= 6 samples for confidence interval at level 0.95
B3218: need >= 6 samples for confidence interval at level 0.95
B3219: need >= 6 samples for confidence interval at level 0.95
B3220: need >= 6 samples for confidence interval at level 0.95
B3221: need >= 6 samples for confidence interval at level 0.95
B3222: need >= 6 samples for confidence interval at level 0.95
B3227: need >= 6 samples for confidence interval at level 0.95
B3228: need >= 6 samples for confidence interval at level 0.95
B3229: need >= 6 samples for confidence interval at level 0.95
B3230: need >= 6 samples for confidence interval at level 0.95
B3231: need >= 6 samples for confidence interval at level 0.95
B3232: need >= 6 samples for confidence interval at level 0.95
B3233: need >= 6 samples for confidence interval at level 0.95
B3234: need >= 6 samples for confidence interval at level 0.95
B3235: need >= 6 samples for confidence interval at level 0.95
B3236: need >= 6 samples for confidence interval at level 0.95
B3241: need >= 6 samples for confidence interval at level 0.95
B3242: need >= 6 samples for confidence interval at level 0.95
B3243: need >= 6 samples for confidence interval at level 0.95
B3244: need >= 6 samples for confidence interval at level 0.95
B3245: need >= 6 samples for confidence interval at level 0.95
B3246: need >= 6 samples for confidence interval at level 0.95
B3247: need >= 6 samples for confidence interval at level 0.95
B3248: need >= 6 samples for confidence interval at level 0.95
B3249: need >= 6 samples for confidence interval at level 0.95
B3250: need >= 6 samples for confidence interval at level 0.95
B3255: need >= 6 samples for confidence interval at level 0.95
B3256: need >= 6 samples for confidence interval at level 0.95
B3257: need >= 6 samples for confidence interval at level 0.95
B3258: need >= 6 samples for confidence interval at level 0.95
B3259: need >= 6 samples for confidence interval at level 0.95
B3260: need >= 6 samples for confidence interval at level 0.95
B3261: need >= 6 samples for confidence interval at level 0.95
B3262: need >= 6 samples for confidence interval at level 0.95
B3263: need >= 6 samples for confidence interval at level 0.95
B3268: need >= 6 samples for confidence interval at level 0.95
B3269: need >= 6 samples for confidence interval at level 0.95
B3270: need >= 6 samples for confidence interval at level 0.95
B3271: need >= 6 samples for confidence interval at level 0.95
B3272: need >= 6 samples for confidence interval at level 0.95
B3273: need >= 6 samples for confidence interval at level 0.95
B3274: need >= 6 samples for confidence interval at level 0.95
B3275: need >= 6 samples for confidence interval at level 0.95
B3276: need >= 6 samples for confidence interval at level 0.95
B3281: need >= 6 samples for confidence interval at level 0.95
B3282: need >= 6 samples for confidence interval at level 0.95
B3283: need >= 6 samples for confidence interval at level 0.95
B3284: need >= 6 samples for confidence interval at level 0.95
B3285: need >= 6 samples for confidence interval at level 0.95
B3286: need >= 6 samples for confidence interval at level 0.95
B3287: need >= 6 samples for confidence interval at level 0.95
B3288: need >= 6 samples for confidence interval at level 0.95
B3289: need >= 6 samples for confidence interval at level 0.95
B3294: need >= 6 samples for confidence interval at level 0.95
B3295: need >= 6 samples for confidence interval at level 0.95
B3296: need >= 6 samples for confidence interval at level 0.95
B3297: need >= 6 samples for confidence interval at level 0.95
B3298: need >= 6 samples for confidence interval at level 0.95
B3299: need >= 6 samples for confidence interval at level 0.95
B3300: need >= 6 samples for confidence interval at level 0.95
B3301: need >= 6 samples for confidence interval at level 0.95

,candidate,
,p99-ms,CI
OnToolUse_FileRead64KB/Deduped-4,9.728,∞
OnToolUse_FileRead64KB/Delta-4,28.67,∞
OnToolUse_FileRead64KB/AllNovel-4,37.89,∞
OnToolUse_TestOutput256KB/Deduped-4,31.745,∞
OnToolUse_TestOutput256KB/Delta-4,73.73,∞
OnToolUse_TestOutput256KB/AllNovel-4,102.4,∞
OnToolUse_TestOutput256KB_Leased/Deduped-4,188.4,∞
OnToolUse_TestOutput256KB_Leased/Delta-4,262.1,∞
OnToolUse_TestOutput256KB_Leased/AllNovel-4,852,∞
geomean,77.97468969680999,

"pathstest: HOME is ""/tmp/3768425099/001/home"" at the end of the run, not the isolated home ""/tmp/qompack-test-home-1296488687"": a test changed it without restoring it, and every test after it ran against that directory"
,candidate,
,sec/op,CI
Tombstone-4,2.892e-07,∞
OnToolUse_FileRead64KB/Deduped-4,0.007169476,∞
OnToolUse_FileRead64KB/Delta-4,0.022556869,∞
OnToolUse_FileRead64KB/AllNovel-4,0.023385218000000003,∞
OnToolUse_TestOutput256KB/Deduped-4,0.026246225,∞
OnToolUse_TestOutput256KB/Delta-4,0.059370425000000004,∞
OnToolUse_TestOutput256KB/AllNovel-4,0.079084309,∞
OnToolUse_TestOutput256KB_Leased/Deduped-4,0.12811553,∞
OnToolUse_TestOutput256KB_Leased/Delta-4,0.177564989,∞
OnToolUse_TestOutput256KB_Leased/AllNovel-4,0.653951672,∞
geomean,0.016990799086823084,

,candidate,
,B/op,CI
Tombstone-4,272,∞
OnToolUse_FileRead64KB/Deduped-4,1.313532e+06,∞
OnToolUse_FileRead64KB/Delta-4,1.357065e+06,∞
OnToolUse_FileRead64KB/AllNovel-4,1.406149e+06,∞
OnToolUse_TestOutput256KB/Deduped-4,6.68414e+06,∞
OnToolUse_TestOutput256KB/Delta-4,6.86963e+06,∞
OnToolUse_TestOutput256KB/AllNovel-4,6.613776e+06,∞
OnToolUse_TestOutput256KB_Leased/Deduped-4,1.0300103e+07,∞
OnToolUse_TestOutput256KB_Leased/Delta-4,1.0435758e+07,∞
OnToolUse_TestOutput256KB_Leased/AllNovel-4,1.1037596e+07,∞
geomean,1.7339277535807847e+06,

,candidate,
,allocs/op,CI
Tombstone-4,6,∞
OnToolUse_FileRead64KB/Deduped-4,283,∞
OnToolUse_FileRead64KB/Delta-4,434,∞
OnToolUse_FileRead64KB/AllNovel-4,546,∞
OnToolUse_TestOutput256KB/Deduped-4,5995,∞
OnToolUse_TestOutput256KB/Delta-4,7196,∞
OnToolUse_TestOutput256KB/AllNovel-4,7722,∞
OnToolUse_TestOutput256KB_Leased/Deduped-4,8791,∞
OnToolUse_TestOutput256KB_Leased/Delta-4,9973,∞
OnToolUse_TestOutput256KB_Leased/AllNovel-4,13120,∞
geomean,1655.018349204608,

,candidate,
,dedup-x,CI
OnToolUse_FileRead64KB/Deduped-4,25444,∞
OnToolUse_FileRead64KB/Delta-4,671.5,∞
OnToolUse_FileRead64KB/AllNovel-4,66.58,∞
OnToolUse_TestOutput256KB/Deduped-4,2235,∞
OnToolUse_TestOutput256KB/Delta-4,143.8,∞
OnToolUse_TestOutput256KB/AllNovel-4,3.753,∞
OnToolUse_TestOutput256KB_Leased/Deduped-4,2235,∞
OnToolUse_TestOutput256KB_Leased/Delta-4,143.8,∞
OnToolUse_TestOutput256KB_Leased/AllNovel-4,3.753,∞
geomean,227.8478929414204,

,candidate,
,objects,CI
OnToolUse_FileRead64KB/Deduped-4,5,∞
OnToolUse_FileRead64KB/Delta-4,58,∞
OnToolUse_FileRead64KB/AllNovel-4,226,∞
OnToolUse_TestOutput256KB/Deduped-4,34,∞
OnToolUse_TestOutput256KB/Delta-4,435,∞
OnToolUse_TestOutput256KB/AllNovel-4,12209,∞
OnToolUse_TestOutput256KB_Leased/Deduped-4,34,∞
OnToolUse_TestOutput256KB_Leased/Delta-4,435,∞
OnToolUse_TestOutput256KB_Leased/AllNovel-4,12209,∞
geomean,234.4110650265472,

,candidate,
,p50-ms,CI
OnToolUse_FileRead64KB/Deduped-4,7.168,∞
OnToolUse_FileRead64KB/Delta-4,22.53,∞
OnToolUse_FileRead64KB/AllNovel-4,24.58,∞
OnToolUse_TestOutput256KB/Deduped-4,26.62,∞
OnToolUse_TestOutput256KB/Delta-4,57.34,∞
OnToolUse_TestOutput256KB/AllNovel-4,81.92,∞
OnToolUse_TestOutput256KB_Leased/Deduped-4,131.1,∞
OnToolUse_TestOutput256KB_Leased/Delta-4,180.2,∞
OnToolUse_TestOutput256KB_Leased/AllNovel-4,655.4,∞
geomean,58.220161698637206,

,candidate,
,p99-ms,CI
OnToolUse_FileRead64KB/Deduped-4,10.24,∞
OnToolUse_FileRead64KB/Delta-4,32.77,∞
OnToolUse_FileRead64KB/AllNovel-4,30.72,∞
OnToolUse_TestOutput256KB/Deduped-4,32.77,∞
OnToolUse_TestOutput256KB/Delta-4,106.5,∞
OnToolUse_TestOutput256KB/AllNovel-4,98.3,∞
OnToolUse_TestOutput256KB_Leased/Deduped-4,163.8,∞
OnToolUse_TestOutput256KB_Leased/DB3302: need >= 6 samples for confidence interval at level 0.95
B3308: need >= 6 samples for confidence interval at level 0.95
B3309: need >= 6 samples for confidence interval at level 0.95
B3310: need >= 6 samples for confidence interval at level 0.95
B3311: need >= 6 samples for confidence interval at level 0.95
B3312: need >= 6 samples for confidence interval at level 0.95
B3313: need >= 6 samples for confidence interval at level 0.95
B3314: need >= 6 samples for confidence interval at level 0.95
B3315: need >= 6 samples for confidence interval at level 0.95
B3316: need >= 6 samples for confidence interval at level 0.95
B3317: need >= 6 samples for confidence interval at level 0.95
B3322: need >= 6 samples for confidence interval at level 0.95
B3323: need >= 6 samples for confidence interval at level 0.95
B3324: need >= 6 samples for confidence interval at level 0.95
B3325: need >= 6 samples for confidence interval at level 0.95
B3326: need >= 6 samples for confidence interval at level 0.95
B3327: need >= 6 samples for confidence interval at level 0.95
B3328: need >= 6 samples for confidence interval at level 0.95
B3329: need >= 6 samples for confidence interval at level 0.95
B3330: need >= 6 samples for confidence interval at level 0.95
B3331: need >= 6 samples for confidence interval at level 0.95
B3336: need >= 6 samples for confidence interval at level 0.95
B3337: need >= 6 samples for confidence interval at level 0.95
B3338: need >= 6 samples for confidence interval at level 0.95
B3339: need >= 6 samples for confidence interval at level 0.95
B3340: need >= 6 samples for confidence interval at level 0.95
B3341: need >= 6 samples for confidence interval at level 0.95
B3342: need >= 6 samples for confidence interval at level 0.95
B3343: need >= 6 samples for confidence interval at level 0.95
B3344: need >= 6 samples for confidence interval at level 0.95
B3345: need >= 6 samples for confidence interval at level 0.95
B3350: need >= 6 samples for confidence interval at level 0.95
B3351: need >= 6 samples for confidence interval at level 0.95
B3352: need >= 6 samples for confidence interval at level 0.95
B3353: need >= 6 samples for confidence interval at level 0.95
B3354: need >= 6 samples for confidence interval at level 0.95
B3355: need >= 6 samples for confidence interval at level 0.95
B3356: need >= 6 samples for confidence interval at level 0.95
B3357: need >= 6 samples for confidence interval at level 0.95
B3358: need >= 6 samples for confidence interval at level 0.95
B3363: need >= 6 samples for confidence interval at level 0.95
B3364: need >= 6 samples for confidence interval at level 0.95
B3365: need >= 6 samples for confidence interval at level 0.95
B3366: need >= 6 samples for confidence interval at level 0.95
B3367: need >= 6 samples for confidence interval at level 0.95
B3368: need >= 6 samples for confidence interval at level 0.95
B3369: need >= 6 samples for confidence interval at level 0.95
B3370: need >= 6 samples for confidence interval at level 0.95
B3371: need >= 6 samples for confidence interval at level 0.95
B3376: need >= 6 samples for confidence interval at level 0.95
B3377: need >= 6 samples for confidence interval at level 0.95
B3378: need >= 6 samples for confidence interval at level 0.95
B3379: need >= 6 samples for confidence interval at level 0.95
B3380: need >= 6 samples for confidence interval at level 0.95
B3381: need >= 6 samples for confidence interval at level 0.95
B3382: need >= 6 samples for confidence interval at level 0.95
B3383: need >= 6 samples for confidence interval at level 0.95
B3384: need >= 6 samples for confidence interval at level 0.95
B3389: need >= 6 samples for confidence interval at level 0.95
B3390: need >= 6 samples for confidence interval at level 0.95
B3391: need >= 6 samples for confidence interval at level 0.95
B3392: need >= 6 samples for confidence interval at level 0.95
B3393: need >= 6 samples for confidence interval at level 0.95
B3394: need >= 6 samples for confidence interval at level 0.95
B3395: need >= 6 samples for confidence interval at level 0.95
B3396: need >= 6 samples for confidence interval at level 0.95
B3397: need >= 6 samples for confidence interval at level 0.95
D3404: need >= 6 samples for confidence interval at level 0.95
D3405: need >= 6 samples for confidence interval at level 0.95
elta-4,262.1,∞
OnToolUse_TestOutput256KB_Leased/AllNovel-4,852,∞
geomean,79.67294203427066,

"pathstest: HOME is ""/tmp/426110959/001/home"" at the end of the run, not the isolated home ""/tmp/qompack-test-home-2219520244"": a test changed it without restoring it, and every test after it ran against that directory"
,candidate,
,sec/op,CI
Tombstone-4,2.975e-07,∞
OnToolUse_FileRead64KB/Deduped-4,0.0072586510000000005,∞
OnToolUse_FileRead64KB/Delta-4,0.022429598000000002,∞
OnToolUse_FileRead64KB/AllNovel-4,0.023073200000000002,∞
OnToolUse_TestOutput256KB/Deduped-4,0.026327265000000002,∞
OnToolUse_TestOutput256KB/Delta-4,0.057078791000000004,∞
OnToolUse_TestOutput256KB/AllNovel-4,0.07784744,∞
OnToolUse_TestOutput256KB_Leased/Deduped-4,0.12718648400000002,∞
OnToolUse_TestOutput256KB_Leased/Delta-4,0.17385746500000002,∞
OnToolUse_TestOutput256KB_Leased/AllNovel-4,0.655447254,∞
geomean,0.016894949987869803,

,candidate,
,B/op,CI
Tombstone-4,272,∞
OnToolUse_FileRead64KB/Deduped-4,1.314049e+06,∞
OnToolUse_FileRead64KB/Delta-4,1.360474e+06,∞
OnToolUse_FileRead64KB/AllNovel-4,1.411204e+06,∞
OnToolUse_TestOutput256KB/Deduped-4,6.683159e+06,∞
OnToolUse_TestOutput256KB/Delta-4,6.866759e+06,∞
OnToolUse_TestOutput256KB/AllNovel-4,6.612163e+06,∞
OnToolUse_TestOutput256KB_Leased/Deduped-4,1.0291735e+07,∞
OnToolUse_TestOutput256KB_Leased/Delta-4,1.0444281e+07,∞
OnToolUse_TestOutput256KB_Leased/AllNovel-4,1.1031583e+07,∞
geomean,1.7348193753344517e+06,

,candidate,
,allocs/op,CI
Tombstone-4,6,∞
OnToolUse_FileRead64KB/Deduped-4,284,∞
OnToolUse_FileRead64KB/Delta-4,436,∞
OnToolUse_FileRead64KB/AllNovel-4,551,∞
OnToolUse_TestOutput256KB/Deduped-4,5995,∞
OnToolUse_TestOutput256KB/Delta-4,7194,∞
OnToolUse_TestOutput256KB/AllNovel-4,7722,∞
OnToolUse_TestOutput256KB_Leased/Deduped-4,8783,∞
OnToolUse_TestOutput256KB_Leased/Delta-4,9971,∞
OnToolUse_TestOutput256KB_Leased/AllNovel-4,13115,∞
geomean,1657.5807674475143,

,candidate,
,dedup-x,CI
OnToolUse_FileRead64KB/Deduped-4,25444,∞
OnToolUse_FileRead64KB/Delta-4,668.1,∞
OnToolUse_FileRead64KB/AllNovel-4,66.86,∞
OnToolUse_TestOutput256KB/Deduped-4,2235,∞
OnToolUse_TestOutput256KB/Delta-4,143.8,∞
OnToolUse_TestOutput256KB/AllNovel-4,3.753,∞
OnToolUse_TestOutput256KB_Leased/Deduped-4,2235,∞
OnToolUse_TestOutput256KB_Leased/Delta-4,143.8,∞
OnToolUse_TestOutput256KB_Leased/AllNovel-4,3.753,∞
geomean,227.8256281209059,

,candidate,
,objects,CI
OnToolUse_FileRead64KB/Deduped-4,5,∞
OnToolUse_FileRead64KB/Delta-4,53,∞
OnToolUse_FileRead64KB/AllNovel-4,221,∞
OnToolUse_TestOutput256KB/Deduped-4,34,∞
OnToolUse_TestOutput256KB/Delta-4,435,∞
OnToolUse_TestOutput256KB/AllNovel-4,12209,∞
OnToolUse_TestOutput256KB_Leased/Deduped-4,34,∞
OnToolUse_TestOutput256KB_Leased/Delta-4,435,∞
OnToolUse_TestOutput256KB_Leased/AllNovel-4,12209,∞
geomean,231.49856224837248,

,candidate,
,p50-ms,CI
OnToolUse_FileRead64KB/Deduped-4,7.168,∞
OnToolUse_FileRead64KB/Delta-4,22.53,∞
OnToolUse_FileRead64KB/AllNovel-4,24.58,∞
OnToolUse_TestOutput256KB/Deduped-4,26.62,∞
OnToolUse_TestOutput256KB/Delta-4,57.34,∞
OnToolUse_TestOutput256KB/AllNovel-4,81.92,∞
OnToolUse_TestOutput256KB_Leased/Deduped-4,131.1,∞
OnToolUse_TestOutput256KB_Leased/Delta-4,180.2,∞
OnToolUse_TestOutput256KB_Leased/AllNovel-4,655.4,∞
geomean,58.220161698637206,

,candidate,
,p99-ms,CI
OnToolUse_FileRead64KB/Deduped-4,11.26,∞
OnToolUse_FileRead64KB/Delta-4,26.62,∞
OnToolUse_FileRead64KB/AllNovel-4,26.62,∞
OnToolUse_TestOutput256KB/Deduped-4,36.86,∞
OnToolUse_TestOutput256KB/Delta-4,73.73,∞
OnToolUse_TestOutput256KB/AllNovel-4,90.11,∞
OnToolUse_TestOutput256KB_Leased/Deduped-4,213,∞
OnToolUse_TestOutput256KB_Leased/Delta-4,229.4,∞
OnToolUse_TestOutput256KB_Leased/AllNovel-4,852,∞
geomean,75.67050438436912,

pkg: github.com/qompack/qompack/internal/paths
pathstest: 
,base,,candidate,,,
,sec/op,CI,sec/op,CI,vs base,P
PathsWriteAtomic_4KB-4,0.015257802,6%,0.01498266,∞,~,p=0.727 n=10+1
IsHome_AProjectBelowHome-4,,,1.593e-06,∞
geomean,0.0D3410: need >= 6 samples for confidence interval at level 0.95
D3415: need >= 6 samples for confidence interval at level 0.95
D3416: need >= 6 samples for confidence interval at level 0.95
D3421: need >= 6 samples for confidence interval at level 0.95
D3422: need >= 6 samples for confidence interval at level 0.95
B3428: need >= 6 samples for confidence interval at level 0.95
B3429: need >= 6 samples for confidence interval at level 0.95
B3434: need >= 6 samples for confidence interval at level 0.95
B3439: need >= 6 samples for confidence interval at level 0.95
B3440: need >= 6 samples for confidence interval at level 0.95
B3445: need >= 6 samples for confidence interval at level 0.95
B3446: need >= 6 samples for confidence interval at level 0.95
B3452: need >= 6 samples for confidence interval at level 0.95
B3453: need >= 6 samples for confidence interval at level 0.95
B3458: need >= 6 samples for confidence interval at level 0.95
B3463: need >= 6 samples for confidence interval at level 0.95
B3464: need >= 6 samples for confidence interval at level 0.95
B3469: need >= 6 samples for confidence interval at level 0.95
B3470: need >= 6 samples for confidence interval at level 0.95
B3476: need >= 6 samples for confidence interval at level 0.95
B3477: need >= 6 samples for confidence interval at level 0.95
B3482: need >= 6 samples for confidence interval at level 0.95
B3487: need >= 6 samples for confidence interval at level 0.95
B3488: need >= 6 samples for confidence interval at level 0.95
B3493: need >= 6 samples for confidence interval at level 0.95
B3494: need >= 6 samples for confidence interval at level 0.95
B3500: need >= 6 samples for confidence interval at level 0.95
B3501: need >= 6 samples for confidence interval at level 0.95
B3506: need >= 6 samples for confidence interval at level 0.95
B3511: need >= 6 samples for confidence interval at level 0.95
B3512: need >= 6 samples for confidence interval at level 0.95
B3517: need >= 6 samples for confidence interval at level 0.95
B3518: need >= 6 samples for confidence interval at level 0.95
B3524: need >= 6 samples for confidence interval at level 0.95
B3525: need >= 6 samples for confidence interval at level 0.95
B3530: need >= 6 samples for confidence interval at level 0.95
B3535: need >= 6 samples for confidence interval at level 0.95
B3536: need >= 6 samples for confidence interval at level 0.95
B3541: need >= 6 samples for confidence interval at level 0.95
B3542: need >= 6 samples for confidence interval at level 0.95
15257802000000003,,0.00015449070321543626,,-1.80%,

,base,,candidate,,,
,B/s,CI,B/s,CI,vs base,P
PathsWriteAtomic_4KB-4,270000,7%,270000,∞,~,p=1.273 n=10+1
geomean,269999.99999999977,,269999.99999999977,,+0.00%,

,base,,candidate,,,
,B/op,CI,B/op,CI,vs base,P
PathsWriteAtomic_4KB-4,4144,1%,1216,∞,-70.66%,n=10+1
IsHome_AProjectBelowHome-4,,,544,∞
geomean,4144,,813.3289617368854,,-70.66%,

,base,,candidate,,,
,allocs/op,CI,allocs/op,CI,vs base,P
PathsWriteAtomic_4KB-4,55,0%,16,∞,-70.91%,n=10+1
IsHome_AProjectBelowHome-4,,,4,∞
geomean,55.000000000000014,,7.999999999999998,,-70.91%,

"pathstest: HOME is ""/tmp/1925223897/001/home"" at the end of the run, not the isolated home ""/tmp/qompack-test-home-963714756"": a test changed it without restoring it, and every test after it ran against that directory"
,candidate,
,sec/op,CI
PathsWriteAtomic_4KB-4,0.015668908000000002,∞
IsHome_AProjectBelowHome-4,1.5640000000000002e-06,∞
geomean,0.00015654447327197483,

,candidate,
,B/s,CI
PathsWriteAtomic_4KB-4,260000,∞
geomean,260000.00000000015,

,candidate,
,B/op,CI
PathsWriteAtomic_4KB-4,1216,∞
IsHome_AProjectBelowHome-4,544,∞
geomean,813.3289617368854,

,candidate,
,allocs/op,CI
PathsWriteAtomic_4KB-4,16,∞
IsHome_AProjectBelowHome-4,4,∞
geomean,7.999999999999998,

"pathstest: HOME is ""/tmp/2768512412/001/home"" at the end of the run, not the isolated home ""/tmp/qompack-test-home-1018763912"": a test changed it without restoring it, and every test after it ran against that directory"
,candidate,
,sec/op,CI
PathsWriteAtomic_4KB-4,0.015660999000000002,∞
IsHome_AProjectBelowHome-4,1.542e-06,∞
geomean,0.00015540032322360208,

,candidate,
,B/s,CI
PathsWriteAtomic_4KB-4,260000,∞
geomean,260000.00000000015,

,candidate,
,B/op,CI
PathsWriteAtomic_4KB-4,1216,∞
IsHome_AProjectBelowHome-4,544,∞
geomean,813.3289617368854,

,candidate,
,allocs/op,CI
PathsWriteAtomic_4KB-4,16,∞
IsHome_AProjectBelowHome-4,4,∞
geomean,7.999999999999998,

"pathstest: HOME is ""/tmp/2974957428/001/home"" at the end of the run, not the isolated home ""/tmp/qompack-test-home-99215005"": a test changed it without restoring it, and every test after it ran against that directory"
,candidate,
,sec/op,CI
PathsWriteAtomic_4KB-4,0.015545232,∞
IsHome_AProjectBelowHome-4,1.6340000000000002e-06,∞
geomean,0.00015937662654228808,

,candidate,
,B/s,CI
PathsWriteAtomic_4KB-4,260000,∞
geomean,260000.00000000015,

,candidate,
,B/op,CI
PathsWriteAtomic_4KB-4,1184,∞
IsHome_AProjectBelowHome-4,544,∞
geomean,802.5559170550048,

,candidate,
,allocs/op,CI
PathsWriteAtomic_4KB-4,16,∞
IsHome_AProjectBelowHome-4,4,∞
geomean,7.999999999999998,

"pathstest: HOME is ""/tmp/3178765180/001/home"" at the end of the run, not the isolated home ""/tmp/qompack-test-home-1482751880"": a test changed it without restoring it, and every test after it ran against that directory"
,candidate,
,sec/op,CI
PathsWriteAtomic_4KB-4,0.014731154000000002,∞
IsHome_AProjectBelowHome-4,1.599e-06,∞
geomean,0.00015347675799937927,

,candidate,
,B/s,CI
PathsWriteAtomic_4KB-4,280000,∞
geomean,279999.9999999998,

,candidate,
,B/op,CI
PathsWriteAtomic_4KB-4,1216,∞
IsHome_AProjectBelowHome-4,544,∞
geomean,813.3289617368854,

,candidate,
,allocs/op,CI
PathsWriteAtomic_4KB-4,16,∞
IsHome_AProjectBelowHome-4,4,∞
geomean,7.999999999999998,

"pathstest: HOME is ""/tmp/3430838114/001/home"" at the end of the run, not the isolated home ""/tmp/qompack-test-home-1101472913"": a test changed it without restoring it, and every test after it ran against that directory"
,candidate,
,sec/op,CI
PathsWriteAtomic_4KB-4,0.022625525,∞
IsHome_AProjectBelowHome-4,1.6450000000000001e-06,∞
geomean,0.00019292223465686888,

,candidate,
,B/s,CI
PathsWriteAtomic_4KB-4,180000,∞
geomean,179999.99999999994,

,candidate,
,B/op,CI
PathsWriteAtomic_4KB-4,1217,∞
IsHome_AProjectBelowHome-4,544,∞
geomean,813.6633210364098,

,candidate,
,allocs/op,CI
PathsWriteAtomic_4KB-4,16,∞
IsHome_AProjectBelowHome-4,4,∞
geomean,7.999999999999998,

"pathstest: HOME is ""/tmp/360400775/001/home"" at tB3548: need >= 6 samples for confidence interval at level 0.95
B3549: need >= 6 samples for confidence interval at level 0.95
B3554: need >= 6 samples for confidence interval at level 0.95
B3559: need >= 6 samples for confidence interval at level 0.95
B3560: need >= 6 samples for confidence interval at level 0.95
B3565: need >= 6 samples for confidence interval at level 0.95
B3566: need >= 6 samples for confidence interval at level 0.95
B3572: need >= 6 samples for confidence interval at level 0.95
B3573: need >= 6 samples for confidence interval at level 0.95
B3578: need >= 6 samples for confidence interval at level 0.95
B3583: need >= 6 samples for confidence interval at level 0.95
B3584: need >= 6 samples for confidence interval at level 0.95
B3589: need >= 6 samples for confidence interval at level 0.95
B3590: need >= 6 samples for confidence interval at level 0.95
B3596: need >= 6 samples for confidence interval at level 0.95
B3597: need >= 6 samples for confidence interval at level 0.95
B3602: need >= 6 samples for confidence interval at level 0.95
B3607: need >= 6 samples for confidence interval at level 0.95
B3608: need >= 6 samples for confidence interval at level 0.95
B3613: need >= 6 samples for confidence interval at level 0.95
B3614: need >= 6 samples for confidence interval at level 0.95
D3621: need >= 6 samples for confidence interval at level 0.95
D3626: need >= 6 samples for confidence interval at level 0.95
D3631: need >= 6 samples for confidence interval at level 0.95
F3631: all samples are equal
B3637: need >= 6 samples for confidence interval at level 0.95
B3642: need >= 6 samples for confidence interval at level 0.95
B3647: need >= 6 samples for confidence interval at level 0.95
B3653: need >= 6 samples for confidence interval at level 0.95
B3658: need >= 6 samples for confidence interval at level 0.95
B3663: need >= 6 samples for confidence interval at level 0.95
B3669: need >= 6 samples for confidence interval at level 0.95
B3674: need >= 6 samples for confidence interval at level 0.95
B3679: need >= 6 samples for confidence interval at level 0.95
he end of the run, not the isolated home ""/tmp/qompack-test-home-2332057623"": a test changed it without restoring it, and every test after it ran against that directory"
,candidate,
,sec/op,CI
PathsWriteAtomic_4KB-4,0.014824977000000001,∞
IsHome_AProjectBelowHome-4,1.5485e-06,∞
geomean,0.00015151394947165734,

,candidate,
,B/s,CI
PathsWriteAtomic_4KB-4,275000,∞
geomean,275000.00000000006,

,candidate,
,B/op,CI
PathsWriteAtomic_4KB-4,1216,∞
IsHome_AProjectBelowHome-4,544,∞
geomean,813.3289617368854,

,candidate,
,allocs/op,CI
PathsWriteAtomic_4KB-4,16,∞
IsHome_AProjectBelowHome-4,4,∞
geomean,7.999999999999998,

"pathstest: HOME is ""/tmp/3768425099/001/home"" at the end of the run, not the isolated home ""/tmp/qompack-test-home-1296488687"": a test changed it without restoring it, and every test after it ran against that directory"
,candidate,
,sec/op,CI
PathsWriteAtomic_4KB-4,0.014532429000000001,∞
IsHome_AProjectBelowHome-4,1.5810000000000002e-06,∞
geomean,0.00015157760470795164,

,candidate,
,B/s,CI
PathsWriteAtomic_4KB-4,280000,∞
geomean,279999.9999999998,

,candidate,
,B/op,CI
PathsWriteAtomic_4KB-4,1184,∞
IsHome_AProjectBelowHome-4,544,∞
geomean,802.5559170550048,

,candidate,
,allocs/op,CI
PathsWriteAtomic_4KB-4,16,∞
IsHome_AProjectBelowHome-4,4,∞
geomean,7.999999999999998,

"pathstest: HOME is ""/tmp/426110959/001/home"" at the end of the run, not the isolated home ""/tmp/qompack-test-home-2219520244"": a test changed it without restoring it, and every test after it ran against that directory"
,candidate,
,sec/op,CI
PathsWriteAtomic_4KB-4,0.014400269,∞
IsHome_AProjectBelowHome-4,1.5800000000000001e-06,∞
geomean,0.00015083906993879285,

,candidate,
,B/s,CI
PathsWriteAtomic_4KB-4,280000,∞
geomean,279999.9999999998,

,candidate,
,B/op,CI
PathsWriteAtomic_4KB-4,1216,∞
IsHome_AProjectBelowHome-4,544,∞
geomean,813.3289617368854,

,candidate,
,allocs/op,CI
PathsWriteAtomic_4KB-4,16,∞
IsHome_AProjectBelowHome-4,4,∞
geomean,7.999999999999998,

pkg: github.com/qompack/qompack/internal/rules
pathstest: 
,base,,candidate,,,
,sec/op,CI,sec/op,CI,vs base,P
PathScoped-4,0.000265463,2%,0.000253966,∞,~,p=0.182 n=10+1
geomean,0.00026546299999999985,,0.0002539660000000001,,-4.33%,

,base,,candidate,,,
,B/op,CI,B/op,CI,vs base,P
PathScoped-4,151591,0%,151561,∞,~,p=0.182 n=10+1
geomean,151591.00000000012,,151560.9999999999,,-0.02%,

,base,,candidate,,,
,allocs/op,CI,allocs/op,CI,vs base,P
PathScoped-4,1979,0%,1979,∞,~,p=1.000 n=10+1
geomean,1978.9999999999993,,1978.9999999999993,,+0.00%,

"pathstest: HOME is ""/tmp/1925223897/001/home"" at the end of the run, not the isolated home ""/tmp/qompack-test-home-963714756"": a test changed it without restoring it, and every test after it ran against that directory"
,candidate,
,sec/op,CI
PathScoped-4,0.00026594600000000003,∞
geomean,0.000265946,

,candidate,
,B/op,CI
PathScoped-4,151607,∞
geomean,151607,

,candidate,
,allocs/op,CI
PathScoped-4,1979,∞
geomean,1978.9999999999993,

"pathstest: HOME is ""/tmp/2768512412/001/home"" at the end of the run, not the isolated home ""/tmp/qompack-test-home-1018763912"": a test changed it without restoring it, and every test after it ran against that directory"
,candidate,
,sec/op,CI
PathScoped-4,0.00025541100000000004,∞
geomean,0.00025541099999999993,

,candidate,
,B/op,CI
PathScoped-4,151594,∞
geomean,151593.9999999999,

,candidate,
,allocs/op,CI
PathScoped-4,1979,∞
geomean,1978.9999999999993,

"pathstest: HOME is ""/tmp/2974957428/001/home"" at the end of the run, not the isolated home ""/tmp/qompack-test-home-99215005"": a test changed it without restoring it, and every test after it ran against that directory"
,candidate,
,sec/op,CI
PathScoped-4,0.00026329200000000004,∞
geomean,0.00026329200000000004,

,candidate,
,B/op,CI
PathScoped-4,151633,∞
geomean,151632.9999999999,

,candidate,
,allocs/op,CI
PathScoped-4,1979,∞
geomean,1978.9999999999993,

"pathstest: HOME is ""/tmp/3178765180/001/home"" at the end of the run, not the isolated home ""/tmp/qompack-test-home-1482751880"": a tesB3685: need >= 6 samples for confidence interval at level 0.95
B3690: need >= 6 samples for confidence interval at level 0.95
B3695: need >= 6 samples for confidence interval at level 0.95
B3701: need >= 6 samples for confidence interval at level 0.95
B3706: need >= 6 samples for confidence interval at level 0.95
B3711: need >= 6 samples for confidence interval at level 0.95
B3717: need >= 6 samples for confidence interval at level 0.95
B3722: need >= 6 samples for confidence interval at level 0.95
B3727: need >= 6 samples for confidence interval at level 0.95
B3733: need >= 6 samples for confidence interval at level 0.95
B3738: need >= 6 samples for confidence interval at level 0.95
B3743: need >= 6 samples for confidence interval at level 0.95
B3749: need >= 6 samples for confidence interval at level 0.95
B3754: need >= 6 samples for confidence interval at level 0.95
B3759: need >= 6 samples for confidence interval at level 0.95
D3766: need >= 6 samples for confidence interval at level 0.95
D3767: need >= 6 samples for confidence interval at level 0.95
D3768: need >= 6 samples for confidence interval at level 0.95
D3769: need >= 6 samples for confidence interval at level 0.95
D3774: need >= 6 samples for confidence interval at level 0.95
F3774: all samples are equal
D3775: need >= 6 samples for confidence interval at level 0.95
F3775: all samples are equal
D3776: need >= 6 samples for confidence interval at level 0.95
F3776: all samples are equal
D3777: need >= 6 samples for confidence interval at level 0.95
F3777: all samples are equal
D3782: need >= 6 samples for confidence interval at level 0.95
F3782: all samples are equal
D3783: need >= 6 samples for confidence interval at level 0.95
F3783: all samples are equal
D3784: need >= 6 samples for confidence interval at level 0.95
F3784: all samples are equal
D3785: need >= 6 samples for confidence interval at level 0.95
F3785: all samples are equal
B3791: need >= 6 samples for confidence interval at level 0.95
B3792: need >= 6 samples for confidence interval at level 0.95
B3793: need >= 6 samples for confidence interval at level 0.95
B3794: need >= 6 samples for confidence interval at level 0.95
B3799: need >= 6 samples for confidence interval at level 0.95
B3800: need >= 6 samples for confidence interval at level 0.95
B3801: need >= 6 samples for confidence interval at level 0.95
B3802: need >= 6 samples for confidence interval at level 0.95
B3807: need >= 6 samples for confidence interval at level 0.95
B3808: need >= 6 samples for confidence interval at level 0.95
B3809: need >= 6 samples for confidence interval at level 0.95
t changed it without restoring it, and every test after it ran against that directory"
,candidate,
,sec/op,CI
PathScoped-4,0.00026727200000000004,∞
geomean,0.00026727199999999993,

,candidate,
,B/op,CI
PathScoped-4,151637,∞
geomean,151637.00000000006,

,candidate,
,allocs/op,CI
PathScoped-4,1979,∞
geomean,1978.9999999999993,

"pathstest: HOME is ""/tmp/3430838114/001/home"" at the end of the run, not the isolated home ""/tmp/qompack-test-home-1101472913"": a test changed it without restoring it, and every test after it ran against that directory"
,candidate,
,sec/op,CI
PathScoped-4,0.00026455,∞
geomean,0.00026455000000000006,

,candidate,
,B/op,CI
PathScoped-4,151593,∞
geomean,151592.99999999997,

,candidate,
,allocs/op,CI
PathScoped-4,1979,∞
geomean,1978.9999999999993,

"pathstest: HOME is ""/tmp/360400775/001/home"" at the end of the run, not the isolated home ""/tmp/qompack-test-home-2332057623"": a test changed it without restoring it, and every test after it ran against that directory"
,candidate,
,sec/op,CI
PathScoped-4,0.0002672775,∞
geomean,0.0002672775,

,candidate,
,B/op,CI
PathScoped-4,151615.5,∞
geomean,151615.5,

,candidate,
,allocs/op,CI
PathScoped-4,1979,∞
geomean,1978.9999999999993,

"pathstest: HOME is ""/tmp/3768425099/001/home"" at the end of the run, not the isolated home ""/tmp/qompack-test-home-1296488687"": a test changed it without restoring it, and every test after it ran against that directory"
,candidate,
,sec/op,CI
PathScoped-4,0.000278254,∞
geomean,0.000278254,

,candidate,
,B/op,CI
PathScoped-4,151587,∞
geomean,151586.9999999999,

,candidate,
,allocs/op,CI
PathScoped-4,1979,∞
geomean,1978.9999999999993,

"pathstest: HOME is ""/tmp/426110959/001/home"" at the end of the run, not the isolated home ""/tmp/qompack-test-home-2219520244"": a test changed it without restoring it, and every test after it ran against that directory"
,candidate,
,sec/op,CI
PathScoped-4,0.000258484,∞
geomean,0.0002584839999999999,

,candidate,
,B/op,CI
PathScoped-4,151607,∞
geomean,151607,

,candidate,
,allocs/op,CI
PathScoped-4,1979,∞
geomean,1978.9999999999993,

pkg: github.com/qompack/qompack/internal/scheduler
pathstest: 
,base,,candidate,,,
,sec/op,CI,sec/op,CI,vs base,P
Evaluate_64Candidates-4,3.0965000000000003e-06,2%,3.013e-06,∞,~,p=0.364 n=10+1
BOCDObserve_4Features/full_posterior-4,2.4124500000000003e-05,3%,2.3864e-05,∞,~,p=0.545 n=10+1
BOCDObserve_4Features/steady_state-4,1.6275e-06,1%,1.619e-06,∞,~,p=0.727 n=10+1
BOCDMarshal-4,1.6954e-05,5%,1.7152e-05,∞,~,p=0.727 n=10+1
geomean,6.737994394604556e-06,,6.684608813149143e-06,,-0.79%,

,base,,candidate,,,
,B/op,CI,B/op,CI,vs base,P
Evaluate_64Candidates-4,3736,0%,3736,∞,~,p=1.000 n=10+1
BOCDObserve_4Features/full_posterior-4,4128,0%,4128,∞,~,p=1.000 n=10+1
BOCDObserve_4Features/steady_state-4,302,0%,302,∞,~,p=1.000 n=10+1
BOCDMarshal-4,73728,0%,73728,∞,~,p=1.000 n=10+1
geomean,4304.735660724416,,4304.735660724416,,+0.00%,

,base,,candidate,,,
,allocs/op,CI,allocs/op,CI,vs base,P
Evaluate_64Candidates-4,6,0%,6,∞,~,p=1.000 n=10+1
BOCDObserve_4Features/full_posterior-4,2,0%,2,∞,~,p=1.000 n=10+1
BOCDObserve_4Features/steady_state-4,2,0%,2,∞,~,p=1.000 n=10+1
BOCDMarshal-4,1,0%,1,∞,~,p=1.000 n=10+1
geomean,2.213363839400643,,2.213363839400643,,+0.00%,

"pathstest: HOME is ""/tmp/1925223897/001/home"" at the end of the run, not the isolated home ""/tmp/qompack-test-home-963714756"": a test changed it without restoring it, and every test after it ran against that directory"
,candidate,
,sec/op,CI
Evaluate_64Candidates-4,3.069e-06,∞
BOCDObserve_4Features/full_posterior-4,2.3593000000000003e-05,∞
BOCDObserve_4Features/steady_state-4,1.635e-06,∞
BOCDMarshal-4,1.6993e-05,∞
geomean,6.697179938571391e-06,

,candidate,
,B/op,CI
Evaluate_64Candidates-4,3736,∞
BOCDObserve_4Features/full_posterior-4,4128,∞
BOCDObserve_4Features/steady_state-4,302,∞
BOCDMarshal-4,73728,∞
geomean,4304.735660724416,

,candidate,
,allocs/op,CI
Evaluate_64Candidates-4,6,∞
BOCDObserve_4Features/full_posterior-4,2,∞
BOCDObserve_4B3810: need >= 6 samples for confidence interval at level 0.95
B3816: need >= 6 samples for confidence interval at level 0.95
B3817: need >= 6 samples for confidence interval at level 0.95
B3818: need >= 6 samples for confidence interval at level 0.95
B3819: need >= 6 samples for confidence interval at level 0.95
B3824: need >= 6 samples for confidence interval at level 0.95
B3825: need >= 6 samples for confidence interval at level 0.95
B3826: need >= 6 samples for confidence interval at level 0.95
B3827: need >= 6 samples for confidence interval at level 0.95
B3832: need >= 6 samples for confidence interval at level 0.95
B3833: need >= 6 samples for confidence interval at level 0.95
B3834: need >= 6 samples for confidence interval at level 0.95
B3835: need >= 6 samples for confidence interval at level 0.95
B3841: need >= 6 samples for confidence interval at level 0.95
B3842: need >= 6 samples for confidence interval at level 0.95
B3843: need >= 6 samples for confidence interval at level 0.95
B3844: need >= 6 samples for confidence interval at level 0.95
B3849: need >= 6 samples for confidence interval at level 0.95
B3850: need >= 6 samples for confidence interval at level 0.95
B3851: need >= 6 samples for confidence interval at level 0.95
B3852: need >= 6 samples for confidence interval at level 0.95
B3857: need >= 6 samples for confidence interval at level 0.95
B3858: need >= 6 samples for confidence interval at level 0.95
B3859: need >= 6 samples for confidence interval at level 0.95
B3860: need >= 6 samples for confidence interval at level 0.95
B3866: need >= 6 samples for confidence interval at level 0.95
B3867: need >= 6 samples for confidence interval at level 0.95
B3868: need >= 6 samples for confidence interval at level 0.95
B3869: need >= 6 samples for confidence interval at level 0.95
B3874: need >= 6 samples for confidence interval at level 0.95
B3875: need >= 6 samples for confidence interval at level 0.95
B3876: need >= 6 samples for confidence interval at level 0.95
B3877: need >= 6 samples for confidence interval at level 0.95
B3882: need >= 6 samples for confidence interval at level 0.95
B3883: need >= 6 samples for confidence interval at level 0.95
B3884: need >= 6 samples for confidence interval at level 0.95
B3885: need >= 6 samples for confidence interval at level 0.95
B3891: need >= 6 samples for confidence interval at level 0.95
B3892: need >= 6 samples for confidence interval at level 0.95
B3893: need >= 6 samples for confidence interval at level 0.95
B3894: need >= 6 samples for confidence interval at level 0.95
B3899: need >= 6 samples for confidence interval at level 0.95
B3900: need >= 6 samples for confidence interval at level 0.95
B3901: need >= 6 samples for confidence interval at level 0.95
B3902: need >= 6 samples for confidence interval at level 0.95
B3907: need >= 6 samples for confidence interval at level 0.95
B3908: need >= 6 samples for confidence interval at level 0.95
B3909: need >= 6 samples for confidence interval at level 0.95
B3910: need >= 6 samples for confidence interval at level 0.95
B3916: need >= 6 samples for confidence interval at level 0.95
B3917: need >= 6 samples for confidence interval at level 0.95
B3918: need >= 6 samples for confidence interval at level 0.95
B3919: need >= 6 samples for confidence interval at level 0.95
B3924: need >= 6 samples for confidence interval at level 0.95
B3925: need >= 6 samples for confidence interval at level 0.95
Features/steady_state-4,2,∞
BOCDMarshal-4,1,∞
geomean,2.213363839400643,

"pathstest: HOME is ""/tmp/2768512412/001/home"" at the end of the run, not the isolated home ""/tmp/qompack-test-home-1018763912"": a test changed it without restoring it, and every test after it ran against that directory"
,candidate,
,sec/op,CI
Evaluate_64Candidates-4,3.0880000000000003e-06,∞
BOCDObserve_4Features/full_posterior-4,2.3642e-05,∞
BOCDObserve_4Features/steady_state-4,1.602e-06,∞
BOCDMarshal-4,1.5958000000000002e-05,∞
geomean,6.572803052696226e-06,

,candidate,
,B/op,CI
Evaluate_64Candidates-4,3736,∞
BOCDObserve_4Features/full_posterior-4,4128,∞
BOCDObserve_4Features/steady_state-4,302,∞
BOCDMarshal-4,73728,∞
geomean,4304.735660724416,

,candidate,
,allocs/op,CI
Evaluate_64Candidates-4,6,∞
BOCDObserve_4Features/full_posterior-4,2,∞
BOCDObserve_4Features/steady_state-4,2,∞
BOCDMarshal-4,1,∞
geomean,2.213363839400643,

"pathstest: HOME is ""/tmp/2974957428/001/home"" at the end of the run, not the isolated home ""/tmp/qompack-test-home-99215005"": a test changed it without restoring it, and every test after it ran against that directory"
,candidate,
,sec/op,CI
Evaluate_64Candidates-4,3.2510000000000003e-06,∞
BOCDObserve_4Features/full_posterior-4,2.4194000000000002e-05,∞
BOCDObserve_4Features/steady_state-4,1.6480000000000001e-06,∞
BOCDMarshal-4,1.6027e-05,∞
geomean,6.751239619384365e-06,

,candidate,
,B/op,CI
Evaluate_64Candidates-4,3736,∞
BOCDObserve_4Features/full_posterior-4,4128,∞
BOCDObserve_4Features/steady_state-4,302,∞
BOCDMarshal-4,73728,∞
geomean,4304.735660724416,

,candidate,
,allocs/op,CI
Evaluate_64Candidates-4,6,∞
BOCDObserve_4Features/full_posterior-4,2,∞
BOCDObserve_4Features/steady_state-4,2,∞
BOCDMarshal-4,1,∞
geomean,2.213363839400643,

"pathstest: HOME is ""/tmp/3178765180/001/home"" at the end of the run, not the isolated home ""/tmp/qompack-test-home-1482751880"": a test changed it without restoring it, and every test after it ran against that directory"
,candidate,
,sec/op,CI
Evaluate_64Candidates-4,3.192e-06,∞
BOCDObserve_4Features/full_posterior-4,2.372e-05,∞
BOCDObserve_4Features/steady_state-4,1.605e-06,∞
BOCDMarshal-4,1.8494000000000003e-05,∞
geomean,6.885268239200185e-06,

,candidate,
,B/op,CI
Evaluate_64Candidates-4,3736,∞
BOCDObserve_4Features/full_posterior-4,4128,∞
BOCDObserve_4Features/steady_state-4,302,∞
BOCDMarshal-4,73728,∞
geomean,4304.735660724416,

,candidate,
,allocs/op,CI
Evaluate_64Candidates-4,6,∞
BOCDObserve_4Features/full_posterior-4,2,∞
BOCDObserve_4Features/steady_state-4,2,∞
BOCDMarshal-4,1,∞
geomean,2.213363839400643,

"pathstest: HOME is ""/tmp/3430838114/001/home"" at the end of the run, not the isolated home ""/tmp/qompack-test-home-1101472913"": a test changed it without restoring it, and every test after it ran against that directory"
,candidate,
,sec/op,CI
Evaluate_64Candidates-4,3.1330000000000003e-06,∞
BOCDObserve_4Features/full_posterior-4,2.5525e-05,∞
BOCDObserve_4Features/steady_state-4,1.694e-06,∞
BOCDMarshal-4,1.7937e-05,∞
geomean,7.020973598767583e-06,

,candidate,
,B/op,CI
Evaluate_64Candidates-4,3736,∞
BOCDObserve_4Features/full_posterior-4,4128,∞
BOCDObserve_4Features/steady_state-4,302,∞
BOCDMarshal-4,73728,∞
geomean,4304.735660724416,

,candidate,
,allocs/op,CI
Evaluate_64Candidates-4,6,∞
BOCDObserve_4Features/full_posterior-4,2,∞
BOCDObserve_4Features/steady_state-4,2,∞
BOCDMarshal-4,1,∞
geomean,2.213363839400643,

"pathstest: HOME is ""/tmp/360400775/001/home"" at the end of the run, not the isolated home ""/tmp/qompack-test-home-2332057623"": a test changed it without restoring it, and every test after it ran against that directory"
,candidate,
,sec/op,CI
Evaluate_64Candidates-4,3.114e-06,∞
BOCDObserve_4Features/full_posterior-4,2.38845e-05,∞
BOCDObserve_4Features/steady_state-4,1.6065000000000002e-06,∞
BOCDMarshal-4,1.60745e-05,∞
geomean,6.620080055503962e-06,

,candidate,
,B/op,CI
Evaluate_64Candidates-4,3736,∞
BOCDObserve_4Features/full_posterior-4,41B3926: need >= 6 samples for confidence interval at level 0.95
B3927: need >= 6 samples for confidence interval at level 0.95
B3932: need >= 6 samples for confidence interval at level 0.95
B3933: need >= 6 samples for confidence interval at level 0.95
B3934: need >= 6 samples for confidence interval at level 0.95
B3935: need >= 6 samples for confidence interval at level 0.95
B3941: need >= 6 samples for confidence interval at level 0.95
B3942: need >= 6 samples for confidence interval at level 0.95
B3943: need >= 6 samples for confidence interval at level 0.95
B3944: need >= 6 samples for confidence interval at level 0.95
B3949: need >= 6 samples for confidence interval at level 0.95
B3950: need >= 6 samples for confidence interval at level 0.95
B3951: need >= 6 samples for confidence interval at level 0.95
B3952: need >= 6 samples for confidence interval at level 0.95
B3957: need >= 6 samples for confidence interval at level 0.95
B3958: need >= 6 samples for confidence interval at level 0.95
B3959: need >= 6 samples for confidence interval at level 0.95
B3960: need >= 6 samples for confidence interval at level 0.95
B3966: need >= 6 samples for confidence interval at level 0.95
B3967: need >= 6 samples for confidence interval at level 0.95
B3968: need >= 6 samples for confidence interval at level 0.95
B3969: need >= 6 samples for confidence interval at level 0.95
B3974: need >= 6 samples for confidence interval at level 0.95
B3975: need >= 6 samples for confidence interval at level 0.95
B3976: need >= 6 samples for confidence interval at level 0.95
B3977: need >= 6 samples for confidence interval at level 0.95
B3982: need >= 6 samples for confidence interval at level 0.95
B3983: need >= 6 samples for confidence interval at level 0.95
B3984: need >= 6 samples for confidence interval at level 0.95
B3985: need >= 6 samples for confidence interval at level 0.95
D3992: need >= 6 samples for confidence interval at level 0.95
D3993: need >= 6 samples for confidence interval at level 0.95
D3998: need >= 6 samples for confidence interval at level 0.95
F3998: all samples are equal
D3999: need >= 6 samples for confidence interval at level 0.95
B4000: summaries must be >0 to compute geomean
D4000: summaries must be >0 to compute geomean
D4004: need >= 6 samples for confidence interval at level 0.95
F4004: all samples are equal
D4005: need >= 6 samples for confidence interval at level 0.95
F4005: all samples are equal
B4006: summaries must be >0 to compute geomean
D4006: summaries must be >0 to compute geomean
B4011: need >= 6 samples for confidence interval at level 0.95
B4012: need >= 6 samples for confidence interval at level 0.95
B4017: need >= 6 samples for confidence interval at level 0.95
B4018: need >= 6 samples for confidence interval at level 0.95
B4019: summaries must be >0 to compute geomean
B4023: need >= 6 samples for confidence interval at level 0.95
B4024: need >= 6 samples for confidence interval at level 0.95
B4025: summaries must be >0 to compute geomean
B4030: need >= 6 samples for confidence interval at level 0.95
B4031: need >= 6 samples for confidence interval at level 0.95
B4036: need >= 6 samples for confidence interval at level 0.95
B4037: need >= 6 samples for confidence interval at level 0.95
B4038: summaries must be >0 to compute geomean
B4042: need >= 6 samples for confidence interval at level 0.95
B4043: need >= 6 samples for confidence interval at level 0.95
B4044: summaries must be >0 to compute geomean
B4049: need >= 6 samples for confidence interval at level 0.95
B4050: need >= 6 samples for confidence interval at level 0.95
28,∞
BOCDObserve_4Features/steady_state-4,302,∞
BOCDMarshal-4,73728,∞
geomean,4304.735660724416,

,candidate,
,allocs/op,CI
Evaluate_64Candidates-4,6,∞
BOCDObserve_4Features/full_posterior-4,2,∞
BOCDObserve_4Features/steady_state-4,2,∞
BOCDMarshal-4,1,∞
geomean,2.213363839400643,

"pathstest: HOME is ""/tmp/3768425099/001/home"" at the end of the run, not the isolated home ""/tmp/qompack-test-home-1296488687"": a test changed it without restoring it, and every test after it ran against that directory"
,candidate,
,sec/op,CI
Evaluate_64Candidates-4,3.052e-06,∞
BOCDObserve_4Features/full_posterior-4,2.402e-05,∞
BOCDObserve_4Features/steady_state-4,1.63e-06,∞
BOCDMarshal-4,1.6393e-05,∞
geomean,6.6527452553499426e-06,

,candidate,
,B/op,CI
Evaluate_64Candidates-4,3736,∞
BOCDObserve_4Features/full_posterior-4,4128,∞
BOCDObserve_4Features/steady_state-4,302,∞
BOCDMarshal-4,73728,∞
geomean,4304.735660724416,

,candidate,
,allocs/op,CI
Evaluate_64Candidates-4,6,∞
BOCDObserve_4Features/full_posterior-4,2,∞
BOCDObserve_4Features/steady_state-4,2,∞
BOCDMarshal-4,1,∞
geomean,2.213363839400643,

"pathstest: HOME is ""/tmp/426110959/001/home"" at the end of the run, not the isolated home ""/tmp/qompack-test-home-2219520244"": a test changed it without restoring it, and every test after it ran against that directory"
,candidate,
,sec/op,CI
Evaluate_64Candidates-4,2.994e-06,∞
BOCDObserve_4Features/full_posterior-4,2.3944000000000003e-05,∞
BOCDObserve_4Features/steady_state-4,1.5860000000000001e-06,∞
BOCDMarshal-4,1.701e-05,∞
geomean,6.631533977172769e-06,

,candidate,
,B/op,CI
Evaluate_64Candidates-4,3736,∞
BOCDObserve_4Features/full_posterior-4,4128,∞
BOCDObserve_4Features/steady_state-4,302,∞
BOCDMarshal-4,73728,∞
geomean,4304.735660724416,

,candidate,
,allocs/op,CI
Evaluate_64Candidates-4,6,∞
BOCDObserve_4Features/full_posterior-4,2,∞
BOCDObserve_4Features/steady_state-4,2,∞
BOCDMarshal-4,1,∞
geomean,2.213363839400643,

pkg: github.com/qompack/qompack/internal/sketch
pathstest: 
,base,,candidate,,,
,sec/op,CI,sec/op,CI,vs base,P
L0SketchUpdate-4,3.9235000000000004e-07,1%,3.9110000000000005e-07,∞,~,p=0.909 n=10+1
RebuildBloom5000-4,0.0008433605,4%,0.000851817,∞,~,p=0.727 n=10+1
geomean,1.8190450576470063e-05,,1.8252277356538277e-05,,+0.34%,

,base,,candidate,,,
,B/op,CI,B/op,CI,vs base,P
L0SketchUpdate-4,0,0%,0,∞,~,p=1.000 n=10+1
RebuildBloom5000-4,12400,0%,12400,∞,~,p=0.182 n=10+1
geomean,,,,,+0.00%,

,base,,candidate,,,
,allocs/op,CI,allocs/op,CI,vs base,P
L0SketchUpdate-4,0,0%,0,∞,~,p=1.000 n=10+1
RebuildBloom5000-4,4,0%,4,∞,~,p=1.000 n=10+1
geomean,,,,,+0.00%,

"pathstest: HOME is ""/tmp/1925223897/001/home"" at the end of the run, not the isolated home ""/tmp/qompack-test-home-963714756"": a test changed it without restoring it, and every test after it ran against that directory"
,candidate,
,sec/op,CI
L0SketchUpdate-4,3.9180000000000005e-07,∞
RebuildBloom5000-4,0.000850135,∞
geomean,1.8250558703776734e-05,

,candidate,
,B/op,CI
L0SketchUpdate-4,0,∞
RebuildBloom5000-4,12400,∞
geomean,,

,candidate,
,allocs/op,CI
L0SketchUpdate-4,0,∞
RebuildBloom5000-4,4,∞
geomean,,

"pathstest: HOME is ""/tmp/2768512412/001/home"" at the end of the run, not the isolated home ""/tmp/qompack-test-home-1018763912"": a test changed it without restoring it, and every test after it ran against that directory"
,candidate,
,sec/op,CI
L0SketchUpdate-4,4.012e-07,∞
RebuildBloom5000-4,0.000862316,∞
geomean,1.8600031698897726e-05,

,candidate,
,B/op,CI
L0SketchUpdate-4,0,∞
RebuildBloom5000-4,12400,∞
geomean,,

,candidate,
,allocs/op,CI
L0SketchUpdate-4,0,∞
RebuildBloom5000-4,4,∞
geomean,,

"pathstest: HOME is ""/tmp/2974957428/001/home"" at the end of the run, not the isolated home ""/tmp/qompack-test-home-99215005"": a test changed it without restoring it, and every test after it ran against that directory"
,candidate,
,sec/op,CI
L0SketchUpdate-4,4.0030000000000006e-07,∞
RebuildBloom5000-4,0.0008568650000000001,∞
geomean,1.852034177600402e-05,

,candidate,
B4055: need >= 6 samples for confidence interval at level 0.95
B4056: need >= 6 samples for confidence interval at level 0.95
B4057: summaries must be >0 to compute geomean
B4061: need >= 6 samples for confidence interval at level 0.95
B4062: need >= 6 samples for confidence interval at level 0.95
B4063: summaries must be >0 to compute geomean
B4068: need >= 6 samples for confidence interval at level 0.95
B4069: need >= 6 samples for confidence interval at level 0.95
B4074: need >= 6 samples for confidence interval at level 0.95
B4075: need >= 6 samples for confidence interval at level 0.95
B4076: summaries must be >0 to compute geomean
B4080: need >= 6 samples for confidence interval at level 0.95
B4081: need >= 6 samples for confidence interval at level 0.95
B4082: summaries must be >0 to compute geomean
B4087: need >= 6 samples for confidence interval at level 0.95
B4088: need >= 6 samples for confidence interval at level 0.95
B4093: need >= 6 samples for confidence interval at level 0.95
B4094: need >= 6 samples for confidence interval at level 0.95
B4095: summaries must be >0 to compute geomean
B4099: need >= 6 samples for confidence interval at level 0.95
B4100: need >= 6 samples for confidence interval at level 0.95
B4101: summaries must be >0 to compute geomean
B4106: need >= 6 samples for confidence interval at level 0.95
B4107: need >= 6 samples for confidence interval at level 0.95
B4112: need >= 6 samples for confidence interval at level 0.95
B4113: need >= 6 samples for confidence interval at level 0.95
B4114: summaries must be >0 to compute geomean
B4118: need >= 6 samples for confidence interval at level 0.95
B4119: need >= 6 samples for confidence interval at level 0.95
B4120: summaries must be >0 to compute geomean
B4125: need >= 6 samples for confidence interval at level 0.95
B4126: need >= 6 samples for confidence interval at level 0.95
B4131: need >= 6 samples for confidence interval at level 0.95
B4132: need >= 6 samples for confidence interval at level 0.95
B4133: summaries must be >0 to compute geomean
B4137: need >= 6 samples for confidence interval at level 0.95
B4138: need >= 6 samples for confidence interval at level 0.95
B4139: summaries must be >0 to compute geomean
B4144: need >= 6 samples for confidence interval at level 0.95
B4145: need >= 6 samples for confidence interval at level 0.95
B4150: need >= 6 samples for confidence interval at level 0.95
B4151: need >= 6 samples for confidence interval at level 0.95
B4152: summaries must be >0 to compute geomean
B4156: need >= 6 samples for confidence interval at level 0.95
B4157: need >= 6 samples for confidence interval at level 0.95
B4158: summaries must be >0 to compute geomean
D4164: need >= 6 samples for confidence interval at level 0.95
D4169: need >= 6 samples for confidence interval at level 0.95
D4174: need >= 6 samples for confidence interval at level 0.95
F4174: all samples are equal
B4180: need >= 6 samples for confidence interval at level 0.95
B4185: need >= 6 samples for confidence interval at level 0.95
B4190: need >= 6 samples for confidence interval at level 0.95
B4196: need >= 6 samples for confidence interval at level 0.95
,B/op,CI
L0SketchUpdate-4,0,∞
RebuildBloom5000-4,12400,∞
geomean,,

,candidate,
,allocs/op,CI
L0SketchUpdate-4,0,∞
RebuildBloom5000-4,4,∞
geomean,,

"pathstest: HOME is ""/tmp/3178765180/001/home"" at the end of the run, not the isolated home ""/tmp/qompack-test-home-1482751880"": a test changed it without restoring it, and every test after it ran against that directory"
,candidate,
,sec/op,CI
L0SketchUpdate-4,3.899e-07,∞
RebuildBloom5000-4,0.0008555360000000001,∞
geomean,1.826399426193514e-05,

,candidate,
,B/op,CI
L0SketchUpdate-4,0,∞
RebuildBloom5000-4,12403,∞
geomean,,

,candidate,
,allocs/op,CI
L0SketchUpdate-4,0,∞
RebuildBloom5000-4,4,∞
geomean,,

"pathstest: HOME is ""/tmp/3430838114/001/home"" at the end of the run, not the isolated home ""/tmp/qompack-test-home-1101472913"": a test changed it without restoring it, and every test after it ran against that directory"
,candidate,
,sec/op,CI
L0SketchUpdate-4,4.024e-07,∞
RebuildBloom5000-4,0.0008702720000000001,∞
geomean,1.8713563337857396e-05,

,candidate,
,B/op,CI
L0SketchUpdate-4,0,∞
RebuildBloom5000-4,12400,∞
geomean,,

,candidate,
,allocs/op,CI
L0SketchUpdate-4,0,∞
RebuildBloom5000-4,4,∞
geomean,,

"pathstest: HOME is ""/tmp/360400775/001/home"" at the end of the run, not the isolated home ""/tmp/qompack-test-home-2332057623"": a test changed it without restoring it, and every test after it ran against that directory"
,candidate,
,sec/op,CI
L0SketchUpdate-4,3.862e-07,∞
RebuildBloom5000-4,0.0008359095000000001,∞
geomean,1.7967421876830314e-05,

,candidate,
,B/op,CI
L0SketchUpdate-4,0,∞
RebuildBloom5000-4,12401.5,∞
geomean,,

,candidate,
,allocs/op,CI
L0SketchUpdate-4,0,∞
RebuildBloom5000-4,4,∞
geomean,,

"pathstest: HOME is ""/tmp/3768425099/001/home"" at the end of the run, not the isolated home ""/tmp/qompack-test-home-1296488687"": a test changed it without restoring it, and every test after it ran against that directory"
,candidate,
,sec/op,CI
L0SketchUpdate-4,4.0010000000000004e-07,∞
RebuildBloom5000-4,0.0008772140000000001,∞
geomean,1.8734281982504672e-05,

,candidate,
,B/op,CI
L0SketchUpdate-4,0,∞
RebuildBloom5000-4,12400,∞
geomean,,

,candidate,
,allocs/op,CI
L0SketchUpdate-4,0,∞
RebuildBloom5000-4,4,∞
geomean,,

"pathstest: HOME is ""/tmp/426110959/001/home"" at the end of the run, not the isolated home ""/tmp/qompack-test-home-2219520244"": a test changed it without restoring it, and every test after it ran against that directory"
,candidate,
,sec/op,CI
L0SketchUpdate-4,3.885e-07,∞
RebuildBloom5000-4,0.0008475360000000001,∞
geomean,1.8145736028059054e-05,

,candidate,
,B/op,CI
L0SketchUpdate-4,0,∞
RebuildBloom5000-4,12400,∞
geomean,,

,candidate,
,allocs/op,CI
L0SketchUpdate-4,0,∞
RebuildBloom5000-4,4,∞
geomean,,

pkg: github.com/qompack/qompack/internal/skills
pathstest: 
,base,,candidate,,,
,sec/op,CI,sec/op,CI,vs base,P
Index-4,0.0003278335,3%,0.00031808000000000004,∞,~,p=0.364 n=10+1
geomean,0.0003278335000000001,,0.00031807999999999994,,-2.98%,

,base,,candidate,,,
,B/op,CI,B/op,CI,vs base,P
Index-4,186755,0%,186758,∞,~,p=0.727 n=10+1
geomean,186755.00000000003,,186757.99999999994,,+0.00%,

,base,,candidate,,,
,allocs/op,CI,allocs/op,CI,vs base,P
Index-4,740,0%,740,∞,~,p=1.000 n=10+1
geomean,739.9999999999998,,739.9999999999998,,+0.00%,

"pathstest: HOME is ""/tmp/1925223897/001/home"" at the end of the run, not the isolated home ""/tmp/qompack-test-home-963714756"": a test changed it without restoring it, and every test after it ran against that directory"
,candidate,
,sec/op,CI
Index-4,0.000318936,∞
geomean,0.00031893599999999986,

,candidate,
,B/op,CI
Index-4,186735,∞
geomean,186735.00000000015,

,candidate,
,allocs/op,CI
Index-4,740,∞
geomean,739.9999999999998,

"pathstest: HOME is ""/tmp/2768512412/001/home"" at the end of the run, not the isolated home ""/tmp/qompack-test-home-1018763912"": a test changed it without restoring it, and every test after it ran against that directory"
,candidate,
,sec/op,CI
Index-4,0.000333678,∞
geomean,0.0003336780000000002,

,candB4201: need >= 6 samples for confidence interval at level 0.95
B4206: need >= 6 samples for confidence interval at level 0.95
B4212: need >= 6 samples for confidence interval at level 0.95
B4217: need >= 6 samples for confidence interval at level 0.95
B4222: need >= 6 samples for confidence interval at level 0.95
B4228: need >= 6 samples for confidence interval at level 0.95
B4233: need >= 6 samples for confidence interval at level 0.95
B4238: need >= 6 samples for confidence interval at level 0.95
B4244: need >= 6 samples for confidence interval at level 0.95
B4249: need >= 6 samples for confidence interval at level 0.95
B4254: need >= 6 samples for confidence interval at level 0.95
B4260: need >= 6 samples for confidence interval at level 0.95
B4265: need >= 6 samples for confidence interval at level 0.95
B4270: need >= 6 samples for confidence interval at level 0.95
B4276: need >= 6 samples for confidence interval at level 0.95
B4281: need >= 6 samples for confidence interval at level 0.95
B4286: need >= 6 samples for confidence interval at level 0.95
B4292: need >= 6 samples for confidence interval at level 0.95
B4297: need >= 6 samples for confidence interval at level 0.95
B4302: need >= 6 samples for confidence interval at level 0.95
D4309: need >= 6 samples for confidence interval at level 0.95
D4310: need >= 6 samples for confidence interval at level 0.95
D4311: need >= 6 samples for confidence interval at level 0.95
D4312: need >= 6 samples for confidence interval at level 0.95
D4313: need >= 6 samples for confidence interval at level 0.95
D4314: need >= 6 samples for confidence interval at level 0.95
D4315: need >= 6 samples for confidence interval at level 0.95
D4316: need >= 6 samples for confidence interval at level 0.95
D4317: need >= 6 samples for confidence interval at level 0.95
D4318: need >= 6 samples for confidence interval at level 0.95
D4319: need >= 6 samples for confidence interval at level 0.95
D4320: need >= 6 samples for confidence interval at level 0.95
D4321: need >= 6 samples for confidence interval at level 0.95
D4322: need >= 6 samples for confidence interval at level 0.95
D4323: need >= 6 samples for confidence interval at level 0.95
D4324: need >= 6 samples for confidence interval at level 0.95
idate,
,B/op,CI
Index-4,186750,∞
geomean,186750.0000000001,

,candidate,
,allocs/op,CI
Index-4,740,∞
geomean,739.9999999999998,

"pathstest: HOME is ""/tmp/2974957428/001/home"" at the end of the run, not the isolated home ""/tmp/qompack-test-home-99215005"": a test changed it without restoring it, and every test after it ran against that directory"
,candidate,
,sec/op,CI
Index-4,0.000334152,∞
geomean,0.000334152,

,candidate,
,B/op,CI
Index-4,186745,∞
geomean,186745.00000000012,

,candidate,
,allocs/op,CI
Index-4,740,∞
geomean,739.9999999999998,

"pathstest: HOME is ""/tmp/3178765180/001/home"" at the end of the run, not the isolated home ""/tmp/qompack-test-home-1482751880"": a test changed it without restoring it, and every test after it ran against that directory"
,candidate,
,sec/op,CI
Index-4,0.000340705,∞
geomean,0.000340705,

,candidate,
,B/op,CI
Index-4,186749,∞
geomean,186749.00000000003,

,candidate,
,allocs/op,CI
Index-4,740,∞
geomean,739.9999999999998,

"pathstest: HOME is ""/tmp/3430838114/001/home"" at the end of the run, not the isolated home ""/tmp/qompack-test-home-1101472913"": a test changed it without restoring it, and every test after it ran against that directory"
,candidate,
,sec/op,CI
Index-4,0.00033051900000000004,∞
geomean,0.00033051900000000004,

,candidate,
,B/op,CI
Index-4,186785,∞
geomean,186784.99999999985,

,candidate,
,allocs/op,CI
Index-4,740,∞
geomean,739.9999999999998,

"pathstest: HOME is ""/tmp/360400775/001/home"" at the end of the run, not the isolated home ""/tmp/qompack-test-home-2332057623"": a test changed it without restoring it, and every test after it ran against that directory"
,candidate,
,sec/op,CI
Index-4,0.00032153,∞
geomean,0.00032153000000000016,

,candidate,
,B/op,CI
Index-4,186757.5,∞
geomean,186757.50000000015,

,candidate,
,allocs/op,CI
Index-4,740,∞
geomean,739.9999999999998,

"pathstest: HOME is ""/tmp/3768425099/001/home"" at the end of the run, not the isolated home ""/tmp/qompack-test-home-1296488687"": a test changed it without restoring it, and every test after it ran against that directory"
,candidate,
,sec/op,CI
Index-4,0.00032102300000000003,∞
geomean,0.00032102299999999976,

,candidate,
,B/op,CI
Index-4,186798,∞
geomean,186798.00000000006,

,candidate,
,allocs/op,CI
Index-4,740,∞
geomean,739.9999999999998,

"pathstest: HOME is ""/tmp/426110959/001/home"" at the end of the run, not the isolated home ""/tmp/qompack-test-home-2219520244"": a test changed it without restoring it, and every test after it ran against that directory"
,candidate,
,sec/op,CI
Index-4,0.000321269,∞
geomean,0.0003212690000000001,

,candidate,
,B/op,CI
Index-4,186741,∞
geomean,186741.0000000001,

,candidate,
,allocs/op,CI
Index-4,740,∞
geomean,739.9999999999998,

pkg: github.com/qompack/qompack/internal/store
pathstest: 
,base,,candidate,,,
,sec/op,CI,sec/op,CI,vs base,P
PutBytes_100KB_Warm_NoRedact-4,0.0057296050000000005,4%,0.0019334080000000002,∞,~,p=0.182 n=10+1
PutBytes_100KB_Cold_NoRedact-4,0.0234854115,4%,0.019315067,∞,~,p=0.182 n=10+1
PutBytes_100KB_Cold-4,0.0238932295,4%,0.020191177,∞,~,p=0.182 n=10+1
PutBytes_100KB_Warm-4,0.006155688,5%,0.0023576490000000003,∞,~,p=0.182 n=10+1
PutBytes_100KB_Warm_KeepRaw/verbatim-4,0.0066242950000000005,3%,0.002582932,∞,~,p=0.182 n=10+1
PutBytes_100KB_Warm_KeepRaw/delta-4,0.0066626685,3%,0.0025826250000000003,∞,~,p=0.182 n=10+1
PutBytes_100KB_Warm_KeepRaw/full-4,0.0007868675000000001,3%,0.0007394880000000001,∞,~,p=0.182 n=10+1
GetChunk-4,2.3374e-05,5%,2.0864000000000002e-05,∞,~,p=0.182 n=10+1
OpenSpan_4KB_of_4MB-4,2.3842e-05,4%,2.1521000000000003e-05,∞,~,p=0.182 n=10+1
OpenStore_50kRoots-4,0.2913548455,2%,0.29261509,∞,~,p=0.727 n=10+1
GC_50kObjects-4,0.3750532285,14%,0.388407526,∞,~,p=0.727 n=10+1
Search_1000Roots-4,0.0147345535,4%,0.007077723,∞,~,p=0.182 n=10+1
MarkEncoded_100-4,0.000122168,2%,0.00012176000000000001,∞,~,p=0.909 n=10+1
PutObject_NovelChunk-4,,,0.00010556600000000001,∞
CountFold_4MiB-4,,,0.001576011,∞
Search_1000Roots_DistinctChunks-4,,,0.009616621,∞
gD4329: need >= 6 samples for confidence interval at level 0.95
D4330: need >= 6 samples for confidence interval at level 0.95
D4331: need >= 6 samples for confidence interval at level 0.95
D4332: need >= 6 samples for confidence interval at level 0.95
D4333: need >= 6 samples for confidence interval at level 0.95
D4334: need >= 6 samples for confidence interval at level 0.95
D4335: need >= 6 samples for confidence interval at level 0.95
D4336: need >= 6 samples for confidence interval at level 0.95
D4337: need >= 6 samples for confidence interval at level 0.95
D4342: need >= 6 samples for confidence interval at level 0.95
D4343: need >= 6 samples for confidence interval at level 0.95
D4344: need >= 6 samples for confidence interval at level 0.95
D4345: need >= 6 samples for confidence interval at level 0.95
D4346: need >= 6 samples for confidence interval at level 0.95
D4347: need >= 6 samples for confidence interval at level 0.95
D4348: need >= 6 samples for confidence interval at level 0.95
D4349: need >= 6 samples for confidence interval at level 0.95
D4350: need >= 6 samples for confidence interval at level 0.95
D4351: need >= 6 samples for confidence interval at level 0.95
D4352: need >= 6 samples for confidence interval at level 0.95
D4353: need >= 6 samples for confidence interval at level 0.95
D4354: need >= 6 samples for confidence interval at level 0.95
F4354: all samples are equal
D4355: need >= 6 samples for confidence interval at level 0.95
D4356: need >= 6 samples for confidence interval at level 0.95
D4357: need >= 6 samples for confidence interval at level 0.95
D4358: summaries must be >0 to compute geomean
D4362: need >= 6 samples for confidence interval at level 0.95
D4363: need >= 6 samples for confidence interval at level 0.95
D4364: need >= 6 samples for confidence interval at level 0.95
D4365: need >= 6 samples for confidence interval at level 0.95
D4366: need >= 6 samples for confidence interval at level 0.95
D4367: need >= 6 samples for confidence interval at level 0.95
D4368: need >= 6 samples for confidence interval at level 0.95
D4369: need >= 6 samples for confidence interval at level 0.95
D4370: need >= 6 samples for confidence interval at level 0.95
D4371: need >= 6 samples for confidence interval at level 0.95
D4372: need >= 6 samples for confidence interval at level 0.95
D4373: need >= 6 samples for confidence interval at level 0.95
D4374: need >= 6 samples for confidence interval at level 0.95
F4374: all samples are equal
D4375: need >= 6 samples for confidence interval at level 0.95
D4376: need >= 6 samples for confidence interval at level 0.95
D4377: need >= 6 samples for confidence interval at level 0.95
D4378: summaries must be >0 to compute geomean
B4383: need >= 6 samples for confidence interval at level 0.95
B4384: need >= 6 samples for confidence interval at level 0.95
B4385: need >= 6 samples for confidence interval at level 0.95
B4386: need >= 6 samples for confidence interval at level 0.95
B4387: need >= 6 samples for confidence interval at level 0.95
B4388: need >= 6 samples for confidence interval at level 0.95
B4389: need >= 6 samples for confidence interval at level 0.95
B4390: need >= 6 samples for confidence interval at level 0.95
B4391: need >= 6 samples for confidence interval at level 0.95
B4392: need >= 6 samples for confidence interval at level 0.95
B4393: need >= 6 samples for confidence interval at level 0.95
B4394: need >= 6 samples for confidence interval at level 0.95
B4395: need >= 6 samples for confidence interval at level 0.95
B4396: need >= 6 samples for confidence interval at level 0.95
B4397: need >= 6 samples for confidence interval at level 0.95
B4398: need >= 6 samples for confidence interval at level 0.95
B4403: need >= 6 samples for confidence interval at level 0.95
B4404: need >= 6 samples for confidence interval at level 0.95
B4405: need >= 6 samples for confidence interval at level 0.95
B4406: need >= 6 samples for confidence interval at level 0.95
B4407: need >= 6 samples for confidence interval at level 0.95
B4408: need >= 6 samples for confidence interval at level 0.95
B4409: need >= 6 samples for confidence interval at level 0.95
eomean,0.00403577415341885,,0.002300883593667993,,-33.35%,

,base,,candidate,,,
,B/s,CI,B/s,CI,vs base,P
PutBytes_100KB_Warm_NoRedact-4,1.787e+07,3%,5.296e+07,∞,~,p=0.182 n=10+1
PutBytes_100KB_Cold_NoRedact-4,4.36e+06,5%,5.3e+06,∞,~,p=0.182 n=10+1
PutBytes_100KB_Cold-4,4.285e+06,4%,5.07e+06,∞,~,p=0.182 n=10+1
PutBytes_100KB_Warm-4,1.6635e+07,4%,4.343e+07,∞,~,p=0.182 n=10+1
PutBytes_100KB_Warm_KeepRaw/verbatim-4,1.546e+07,3%,3.964e+07,∞,~,p=0.182 n=10+1
PutBytes_100KB_Warm_KeepRaw/delta-4,1.5375e+07,3%,3.966e+07,∞,~,p=0.182 n=10+1
PutBytes_100KB_Warm_KeepRaw/full-4,1.30165e+08,3%,1.385e+08,∞,~,p=0.182 n=10+1
PutObject_NovelChunk-4,,,3.88e+07,∞
CountFold_4MiB-4,,,2.66134e+09,∞
geomean,1.5012166017397663e+07,,4.8144127081538685e+07,,+86.44%,

,base,,candidate,,,
,B/op,CI,B/op,CI,vs base,P
PutBytes_100KB_Warm_NoRedact-4,906672.5,0%,901839,∞,~,p=0.182 n=10+1
PutBytes_100KB_Cold_NoRedact-4,2.336767e+06,35%,1.045138e+06,∞,~,p=0.182 n=10+1
PutBytes_100KB_Cold-4,2.4498805e+06,40%,1.149999e+06,∞,~,p=0.182 n=10+1
PutBytes_100KB_Warm-4,1.017617e+06,0%,1.008465e+06,∞,~,p=0.182 n=10+1
PutBytes_100KB_Warm_KeepRaw/verbatim-4,1.017169e+06,0%,1.008419e+06,∞,~,p=0.182 n=10+1
PutBytes_100KB_Warm_KeepRaw/delta-4,1.1257805e+06,0%,1.115762e+06,∞,~,p=0.182 n=10+1
PutBytes_100KB_Warm_KeepRaw/full-4,635967,0%,635041,∞,~,p=0.182 n=10+1
GetChunk-4,20570.5,0%,19650,∞,~,p=0.182 n=10+1
OpenSpan_4KB_of_4MB-4,20699,0%,19791,∞,-4.39%,n=10+1
OpenStore_50kRoots-4,9.7318714e+07,0%,9.7311804e+07,∞,~,p=0.182 n=10+1
GC_50kObjects-4,4.12168585e+07,0%,3.6940189e+07,∞,~,p=0.182 n=10+1
Search_1000Roots-4,1.5615591e+07,0%,9.119886e+06,∞,~,p=0.182 n=10+1
MarkEncoded_100-4,16896,0%,16896,∞,~,p=1.000 n=10+1
PutObject_NovelChunk-4,,,5838,∞
CountFold_4MiB-4,,,0,∞
Search_1000Roots_DistinctChunks-4,,,1.3269968e+07,∞
geomean,1.0432195484968078e+06,,,,-16.42%,

,base,,candidate,,,
,allocs/op,CI,allocs/op,CI,vs base,P
PutBytes_100KB_Warm_NoRedact-4,17,6%,14,∞,~,p=0.182 n=10+1
PutBytes_100KB_Cold_NoRedact-4,685.5,3%,317,∞,~,p=0.182 n=10+1
PutBytes_100KB_Cold-4,687,3%,315,∞,~,p=0.182 n=10+1
PutBytes_100KB_Warm-4,20,5%,16,∞,-20.00%,n=10+1
PutBytes_100KB_Warm_KeepRaw/verbatim-4,19.5,3%,16,∞,-17.95%,n=10+1
PutBytes_100KB_Warm_KeepRaw/delta-4,35,3%,31,∞,~,p=0.182 n=10+1
PutBytes_100KB_Warm_KeepRaw/full-4,24,0%,23,∞,-4.17%,n=10+1
GetChunk-4,15,0%,10,∞,-33.33%,n=10+1
OpenSpan_4KB_of_4MB-4,16,0%,11,∞,-31.25%,n=10+1
OpenStore_50kRoots-4,1.062497e+06,0%,1.062393e+06,∞,-0.01%,n=10+1
GC_50kObjects-4,495348.5,0%,433659,∞,~,p=0.182 n=10+1
Search_1000Roots-4,25637.5,0%,7750,∞,-69.77%,n=10+1
MarkEncoded_100-4,301,0%,301,∞,~,p=1.000 n=10+1
PutObject_NovelChunk-4,,,18,∞
CountFold_4MiB-4,,,0,∞
Search_1000Roots_DistinctChunks-4,,,12341,∞
geomean,371.38054804168917,,,,-28.93%,

"pathstest: HOME is ""/tmp/1925223897/001/home"" at the end of the run, not the isolated home ""/tmp/qompack-test-home-963714756"": a test changed it without restoring it, and every test after it ran against that directory"
,candidate,
,sec/op,CI
PutBytes_100KB_Warm_NoRedact-4,0.00195516,∞
PutBytes_100KB_Cold_NoRedact-4,0.020320266,∞
PutBytes_100KB_Cold-4,0.019104100000000002,∞
PutBytes_100KB_Warm-4,0.002321772,∞
PutBytes_100KB_Warm_KeepRaw/verbatim-4,0.0027117630000000003,∞
PutBytes_100KB_Warm_KeepRaw/delta-4,0.0025880720000000003,∞
PutBytes_100KB_Warm_KeepRaw/full-4,0.000740636,∞
GetChunk-4,2.0531e-05,∞
OpenSpan_4KB_of_4MB-4,2.1442000000000002e-05,∞
OpenStore_50kRoots-4,0.280923774,∞
GC_50kObjects-4,0.391576454,∞
Search_1000Roots-4,0.006876255,∞
MarkEncoded_100-4,0.00012084,∞
PutObject_NovelChunk-4,0.000116095,∞
CountFold_4MiB-4,0.00141444,∞
Search_1000Roots_DistinctChunks-4,0.01075416,∞
geomean,0.002308576535658021,

,candidate,
,B/s,CI
PutBytes_100KB_Warm_NoRedact-4,5.237e+07,∞
PutBytes_100KB_Cold_NoRedact-4,5.04e+06,∞
PutBytes_100KB_Cold-4,5.36e+06,∞
PutBytes_100KB_Warm-4,4.41e+07,∞
PutBytes_100KB_Warm_KeepRaw/verbatim-4,3.776e+07,∞
PutBytes_100KB_Warm_KeepRaw/delta-4,3.958e+07,∞
PutBytes_100KBB4410: need >= 6 samples for confidence interval at level 0.95
B4411: need >= 6 samples for confidence interval at level 0.95
B4416: need >= 6 samples for confidence interval at level 0.95
B4417: need >= 6 samples for confidence interval at level 0.95
B4418: need >= 6 samples for confidence interval at level 0.95
B4419: need >= 6 samples for confidence interval at level 0.95
B4420: need >= 6 samples for confidence interval at level 0.95
B4421: need >= 6 samples for confidence interval at level 0.95
B4422: need >= 6 samples for confidence interval at level 0.95
B4423: need >= 6 samples for confidence interval at level 0.95
B4424: need >= 6 samples for confidence interval at level 0.95
B4425: need >= 6 samples for confidence interval at level 0.95
B4426: need >= 6 samples for confidence interval at level 0.95
B4427: need >= 6 samples for confidence interval at level 0.95
B4428: need >= 6 samples for confidence interval at level 0.95
B4429: need >= 6 samples for confidence interval at level 0.95
B4430: need >= 6 samples for confidence interval at level 0.95
B4431: need >= 6 samples for confidence interval at level 0.95
B4432: summaries must be >0 to compute geomean
B4436: need >= 6 samples for confidence interval at level 0.95
B4437: need >= 6 samples for confidence interval at level 0.95
B4438: need >= 6 samples for confidence interval at level 0.95
B4439: need >= 6 samples for confidence interval at level 0.95
B4440: need >= 6 samples for confidence interval at level 0.95
B4441: need >= 6 samples for confidence interval at level 0.95
B4442: need >= 6 samples for confidence interval at level 0.95
B4443: need >= 6 samples for confidence interval at level 0.95
B4444: need >= 6 samples for confidence interval at level 0.95
B4445: need >= 6 samples for confidence interval at level 0.95
B4446: need >= 6 samples for confidence interval at level 0.95
B4447: need >= 6 samples for confidence interval at level 0.95
B4448: need >= 6 samples for confidence interval at level 0.95
B4449: need >= 6 samples for confidence interval at level 0.95
B4450: need >= 6 samples for confidence interval at level 0.95
B4451: need >= 6 samples for confidence interval at level 0.95
B4452: summaries must be >0 to compute geomean
B4457: need >= 6 samples for confidence interval at level 0.95
B4458: need >= 6 samples for confidence interval at level 0.95
B4459: need >= 6 samples for confidence interval at level 0.95
B4460: need >= 6 samples for confidence interval at level 0.95
B4461: need >= 6 samples for confidence interval at level 0.95
B4462: need >= 6 samples for confidence interval at level 0.95
B4463: need >= 6 samples for confidence interval at level 0.95
B4464: need >= 6 samples for confidence interval at level 0.95
B4465: need >= 6 samples for confidence interval at level 0.95
B4466: need >= 6 samples for confidence interval at level 0.95
B4467: need >= 6 samples for confidence interval at level 0.95
B4468: need >= 6 samples for confidence interval at level 0.95
B4469: need >= 6 samples for confidence interval at level 0.95
B4470: need >= 6 samples for confidence interval at level 0.95
B4471: need >= 6 samples for confidence interval at level 0.95
B4472: need >= 6 samples for confidence interval at level 0.95
B4477: need >= 6 samples for confidence interval at level 0.95
B4478: need >= 6 samples for confidence interval at level 0.95
B4479: need >= 6 samples for confidence interval at level 0.95
B4480: need >= 6 samples for confidence interval at level 0.95
B4481: need >= 6 samples for confidence interval at level 0.95
B4482: need >= 6 samples for confidence interval at level 0.95
B4483: need >= 6 samples for confidence interval at level 0.95
B4484: need >= 6 samples for confidence interval at level 0.95
B4485: need >= 6 samples for confidence interval at level 0.95
B4490: need >= 6 samples for confidence interval at level 0.95
B4491: need >= 6 samples for confidence interval at level 0.95
B4492: need >= 6 samples for confidence interval at level 0.95
B4493: need >= 6 samples for confidence interval at level 0.95
B4494: need >= 6 samples for confidence interval at level 0.95
B4495: need >= 6 samples for confidence interval at level 0.95
B4496: need >= 6 samples for confidence interval at level 0.95
B4497: need >= 6 samples for confidence interval at level 0.95
B4498: need >= 6 samples for confidence interval at level 0.95
B4499: need >= 6 samples for confidence interval at level 0.95
B4500: need >= 6 samples for confidence interval at level 0.95
B4501: need >= 6 samples for confidence interval at level 0.95
B4502: need >= 6 samples for confidence interval at level 0.95
B4503: need >= 6 samples for confidence interval at level 0.95
B4504: need >= 6 samples for confidence interval at level 0.95
B4505: need >= 6 samples for confidence interval at level 0.95
B4506: summaries must be >0 to compute geomean
B4510: need >= 6 samples for confidence interval at level 0.95
B4511: need >= 6 samples for confidence interval at level 0.95
B4512: need >= 6 samples for confidence interval at level 0.95
B4513: need >= 6 samples for confidence interval at level 0.95
B4514: need >= 6 samples for confidence interval at level 0.95
B4515: need >= 6 samples for confidence interval at level 0.95
B4516: need >= 6 samples for confidence interval at level 0.95
B4517: need >= 6 samples for confidence interval at level 0.95
B4518: need >= 6 samples for confidence interval at level 0.95
B4519: need >= 6 samples for confidence interval at level 0.95
B4520: need >= 6 samples for confidence interval at level 0.95
B4521: need >= 6 samples for confidence interval at level 0.95
B4522: need >= 6 samples for confidence interval at level 0.95
B4523: need >= 6 samples for confidence interval at level 0.95
B4524: need >= 6 samples for confidence interval at level 0.95
B4525: need >= 6 samples for confidence interval at level 0.95
B4526: summaries must be >0 to compute geomean
_Warm_KeepRaw/full-4,1.3829e+08,∞
PutObject_NovelChunk-4,3.528e+07,∞
CountFold_4MiB-4,2.96534e+09,∞
geomean,4.7985842450033076e+07,

,candidate,
,B/op,CI
PutBytes_100KB_Warm_NoRedact-4,901807,∞
PutBytes_100KB_Cold_NoRedact-4,1.04462e+06,∞
PutBytes_100KB_Cold-4,1.150608e+06,∞
PutBytes_100KB_Warm-4,1.008381e+06,∞
PutBytes_100KB_Warm_KeepRaw/verbatim-4,1.008314e+06,∞
PutBytes_100KB_Warm_KeepRaw/delta-4,1.115823e+06,∞
PutBytes_100KB_Warm_KeepRaw/full-4,635048,∞
GetChunk-4,19637,∞
OpenSpan_4KB_of_4MB-4,19788,∞
OpenStore_50kRoots-4,9.7332916e+07,∞
GC_50kObjects-4,3.6934616e+07,∞
Search_1000Roots-4,9.109776e+06,∞
MarkEncoded_100-4,16896,∞
PutObject_NovelChunk-4,5843,∞
CountFold_4MiB-4,0,∞
Search_1000Roots_DistinctChunks-4,1.3270214e+07,∞
geomean,,

,candidate,
,allocs/op,CI
PutBytes_100KB_Warm_NoRedact-4,14,∞
PutBytes_100KB_Cold_NoRedact-4,316,∞
PutBytes_100KB_Cold-4,316,∞
PutBytes_100KB_Warm-4,16,∞
PutBytes_100KB_Warm_KeepRaw/verbatim-4,15,∞
PutBytes_100KB_Warm_KeepRaw/delta-4,31,∞
PutBytes_100KB_Warm_KeepRaw/full-4,23,∞
GetChunk-4,10,∞
OpenSpan_4KB_of_4MB-4,11,∞
OpenStore_50kRoots-4,1.062394e+06,∞
GC_50kObjects-4,433656,∞
Search_1000Roots-4,7744,∞
MarkEncoded_100-4,301,∞
PutObject_NovelChunk-4,18,∞
CountFold_4MiB-4,0,∞
Search_1000Roots_DistinctChunks-4,12340,∞
geomean,,

"pathstest: HOME is ""/tmp/2768512412/001/home"" at the end of the run, not the isolated home ""/tmp/qompack-test-home-1018763912"": a test changed it without restoring it, and every test after it ran against that directory"
,candidate,
,sec/op,CI
PutBytes_100KB_Warm_NoRedact-4,0.0018849110000000002,∞
PutBytes_100KB_Cold_NoRedact-4,0.018989894,∞
PutBytes_100KB_Cold-4,0.019297769000000003,∞
PutBytes_100KB_Warm-4,0.002295183,∞
PutBytes_100KB_Warm_KeepRaw/verbatim-4,0.002521737,∞
PutBytes_100KB_Warm_KeepRaw/delta-4,0.0025296710000000003,∞
PutBytes_100KB_Warm_KeepRaw/full-4,0.000723422,∞
GetChunk-4,2.0098e-05,∞
OpenSpan_4KB_of_4MB-4,2.0834e-05,∞
OpenStore_50kRoots-4,0.283109235,∞
GC_50kObjects-4,0.322079885,∞
Search_1000Roots-4,0.007319926,∞
MarkEncoded_100-4,0.00011920600000000001,∞
PutObject_NovelChunk-4,0.000113077,∞
CountFold_4MiB-4,0.0013523830000000002,∞
Search_1000Roots_DistinctChunks-4,0.010655576,∞
geomean,0.002238396475835485,

,candidate,
,B/s,CI
PutBytes_100KB_Warm_NoRedact-4,5.433e+07,∞
PutBytes_100KB_Cold_NoRedact-4,5.39e+06,∞
PutBytes_100KB_Cold-4,5.31e+06,∞
PutBytes_100KB_Warm-4,4.462e+07,∞
PutBytes_100KB_Warm_KeepRaw/verbatim-4,4.061e+07,∞
PutBytes_100KB_Warm_KeepRaw/delta-4,4.049e+07,∞
PutBytes_100KB_Warm_KeepRaw/full-4,1.4158e+08,∞
PutObject_NovelChunk-4,3.622e+07,∞
CountFold_4MiB-4,3.10141e+09,∞
geomean,4.959248531224752e+07,

,candidate,
,B/op,CI
PutBytes_100KB_Warm_NoRedact-4,901886,∞
PutBytes_100KB_Cold_NoRedact-4,1.044631e+06,∞
PutBytes_100KB_Cold-4,1.150944e+06,∞
PutBytes_100KB_Warm-4,1.008369e+06,∞
PutBytes_100KB_Warm_KeepRaw/verbatim-4,1.008382e+06,∞
PutBytes_100KB_Warm_KeepRaw/delta-4,1.115808e+06,∞
PutBytes_100KB_Warm_KeepRaw/full-4,635114,∞
GetChunk-4,19651,∞
OpenSpan_4KB_of_4MB-4,19793,∞
OpenStore_50kRoots-4,9.731184e+07,∞
GC_50kObjects-4,3.6933936e+07,∞
Search_1000Roots-4,9.116373e+06,∞
MarkEncoded_100-4,16896,∞
PutObject_NovelChunk-4,5841,∞
CountFold_4MiB-4,0,∞
Search_1000Roots_DistinctChunks-4,1.3264179e+07,∞
geomean,,

,candidate,
,allocs/op,CI
PutBytes_100KB_Warm_NoRedact-4,15,∞
PutBytes_100KB_Cold_NoRedact-4,315,∞
PutBytes_100KB_Cold-4,318,∞
PutBytes_100KB_Warm-4,16,∞
PutBytes_100KB_Warm_KeepRaw/verbatim-4,16,∞
PutBytes_100KB_Warm_KeepRaw/delta-4,31,∞
PutBytes_100KB_Warm_KeepRaw/full-4,23,∞
GetChunk-4,10,∞
OpenSpan_4KB_of_4MB-4,11,∞
OpenStore_50kRoots-4,1.062393e+06,∞
GC_50kObjects-4,433656,∞
Search_1000Roots-4,7747,∞
MarkEncoded_100-4,301,∞
PutObject_NovelChunk-4,18,∞
CountFold_4MiB-4,0,∞
Search_1000Roots_DistinctChunks-4,12337,∞
geomean,,

"pathstest: HOME is ""/tmp/2974957428/001/home"" at the end of the run, not the isolated home ""/tmp/qompaB4531: need >= 6 samples for confidence interval at level 0.95
B4532: need >= 6 samples for confidence interval at level 0.95
B4533: need >= 6 samples for confidence interval at level 0.95
B4534: need >= 6 samples for confidence interval at level 0.95
B4535: need >= 6 samples for confidence interval at level 0.95
B4536: need >= 6 samples for confidence interval at level 0.95
B4537: need >= 6 samples for confidence interval at level 0.95
B4538: need >= 6 samples for confidence interval at level 0.95
B4539: need >= 6 samples for confidence interval at level 0.95
B4540: need >= 6 samples for confidence interval at level 0.95
B4541: need >= 6 samples for confidence interval at level 0.95
B4542: need >= 6 samples for confidence interval at level 0.95
B4543: need >= 6 samples for confidence interval at level 0.95
B4544: need >= 6 samples for confidence interval at level 0.95
B4545: need >= 6 samples for confidence interval at level 0.95
B4546: need >= 6 samples for confidence interval at level 0.95
B4551: need >= 6 samples for confidence interval at level 0.95
B4552: need >= 6 samples for confidence interval at level 0.95
B4553: need >= 6 samples for confidence interval at level 0.95
B4554: need >= 6 samples for confidence interval at level 0.95
B4555: need >= 6 samples for confidence interval at level 0.95
B4556: need >= 6 samples for confidence interval at level 0.95
B4557: need >= 6 samples for confidence interval at level 0.95
B4558: need >= 6 samples for confidence interval at level 0.95
B4559: need >= 6 samples for confidence interval at level 0.95
B4564: need >= 6 samples for confidence interval at level 0.95
B4565: need >= 6 samples for confidence interval at level 0.95
B4566: need >= 6 samples for confidence interval at level 0.95
B4567: need >= 6 samples for confidence interval at level 0.95
B4568: need >= 6 samples for confidence interval at level 0.95
B4569: need >= 6 samples for confidence interval at level 0.95
B4570: need >= 6 samples for confidence interval at level 0.95
B4571: need >= 6 samples for confidence interval at level 0.95
B4572: need >= 6 samples for confidence interval at level 0.95
B4573: need >= 6 samples for confidence interval at level 0.95
B4574: need >= 6 samples for confidence interval at level 0.95
B4575: need >= 6 samples for confidence interval at level 0.95
B4576: need >= 6 samples for confidence interval at level 0.95
B4577: need >= 6 samples for confidence interval at level 0.95
B4578: need >= 6 samples for confidence interval at level 0.95
B4579: need >= 6 samples for confidence interval at level 0.95
B4580: summaries must be >0 to compute geomean
B4584: need >= 6 samples for confidence interval at level 0.95
B4585: need >= 6 samples for confidence interval at level 0.95
B4586: need >= 6 samples for confidence interval at level 0.95
B4587: need >= 6 samples for confidence interval at level 0.95
B4588: need >= 6 samples for confidence interval at level 0.95
B4589: need >= 6 samples for confidence interval at level 0.95
B4590: need >= 6 samples for confidence interval at level 0.95
B4591: need >= 6 samples for confidence interval at level 0.95
B4592: need >= 6 samples for confidence interval at level 0.95
B4593: need >= 6 samples for confidence interval at level 0.95
B4594: need >= 6 samples for confidence interval at level 0.95
B4595: need >= 6 samples for confidence interval at level 0.95
B4596: need >= 6 samples for confidence interval at level 0.95
B4597: need >= 6 samples for confidence interval at level 0.95
B4598: need >= 6 samples for confidence interval at level 0.95
B4599: need >= 6 samples for confidence interval at level 0.95
B4600: summaries must be >0 to compute geomean
B4605: need >= 6 samples for confidence interval at level 0.95
B4606: need >= 6 samples for confidence interval at level 0.95
B4607: need >= 6 samples for confidence interval at level 0.95
B4608: need >= 6 samples for confidence interval at level 0.95
B4609: need >= 6 samples for confidence interval at level 0.95
B4610: need >= 6 samples for confidence interval at level 0.95
B4611: need >= 6 samples for confidence interval at level 0.95
B4612: need >= 6 samples for confidence interval at level 0.95
B4613: need >= 6 samples for confidence interval at level 0.95
B4614: need >= 6 samples for confidence interval at level 0.95
B4615: need >= 6 samples for confidence interval at level 0.95
B4616: need >= 6 samples for confidence interval at level 0.95
B4617: need >= 6 samples for confidence interval at level 0.95
B4618: need >= 6 samples for confidence interval at level 0.95
B4619: need >= 6 samples for confidence interval at level 0.95
B4620: need >= 6 samples for confidence interval at level 0.95
B4625: need >= 6 samples for confidence interval at level 0.95
B4626: need >= 6 samples for confidence interval at level 0.95
B4627: need >= 6 samples for confidence interval at level 0.95
B4628: need >= 6 samples for confidence interval at level 0.95
B4629: need >= 6 samples for confidence interval at level 0.95
B4630: need >= 6 samples for confidence interval at level 0.95
B4631: need >= 6 samples for confidence interval at level 0.95
B4632: need >= 6 samples for confidence interval at level 0.95
B4633: need >= 6 samples for confidence interval at level 0.95
B4638: need >= 6 samples for confidence interval at level 0.95
B4639: need >= 6 samples for confidence interval at level 0.95
B4640: need >= 6 samples for confidence interval at level 0.95
ck-test-home-99215005"": a test changed it without restoring it, and every test after it ran against that directory"
,candidate,
,sec/op,CI
PutBytes_100KB_Warm_NoRedact-4,0.001997289,∞
PutBytes_100KB_Cold_NoRedact-4,0.019076370000000002,∞
PutBytes_100KB_Cold-4,0.019549029000000002,∞
PutBytes_100KB_Warm-4,0.002463528,∞
PutBytes_100KB_Warm_KeepRaw/verbatim-4,0.002546885,∞
PutBytes_100KB_Warm_KeepRaw/delta-4,0.002591977,∞
PutBytes_100KB_Warm_KeepRaw/full-4,0.0007403220000000001,∞
GetChunk-4,2.0732e-05,∞
OpenSpan_4KB_of_4MB-4,2.1373e-05,∞
OpenStore_50kRoots-4,0.28047593800000004,∞
GC_50kObjects-4,0.402224998,∞
Search_1000Roots-4,0.007221733,∞
MarkEncoded_100-4,0.000119982,∞
PutObject_NovelChunk-4,0.00011101800000000001,∞
CountFold_4MiB-4,0.0014615280000000001,∞
Search_1000Roots_DistinctChunks-4,0.011035694,∞
geomean,0.0023181650101929212,

,candidate,
,B/s,CI
PutBytes_100KB_Warm_NoRedact-4,5.127e+07,∞
PutBytes_100KB_Cold_NoRedact-4,5.37e+06,∞
PutBytes_100KB_Cold-4,5.24e+06,∞
PutBytes_100KB_Warm-4,4.157e+07,∞
PutBytes_100KB_Warm_KeepRaw/verbatim-4,4.021e+07,∞
PutBytes_100KB_Warm_KeepRaw/delta-4,3.952e+07,∞
PutBytes_100KB_Warm_KeepRaw/full-4,1.3835e+08,∞
PutObject_NovelChunk-4,3.689e+07,∞
CountFold_4MiB-4,2.8698e+09,∞
geomean,4.816814598136904e+07,

,candidate,
,B/op,CI
PutBytes_100KB_Warm_NoRedact-4,901886,∞
PutBytes_100KB_Cold_NoRedact-4,1.044624e+06,∞
PutBytes_100KB_Cold-4,1.150414e+06,∞
PutBytes_100KB_Warm-4,1.008459e+06,∞
PutBytes_100KB_Warm_KeepRaw/verbatim-4,1.008517e+06,∞
PutBytes_100KB_Warm_KeepRaw/delta-4,1.115806e+06,∞
PutBytes_100KB_Warm_KeepRaw/full-4,635037,∞
GetChunk-4,19634,∞
OpenSpan_4KB_of_4MB-4,19801,∞
OpenStore_50kRoots-4,9.7311876e+07,∞
GC_50kObjects-4,3.6940056e+07,∞
Search_1000Roots-4,9.116641e+06,∞
MarkEncoded_100-4,16896,∞
PutObject_NovelChunk-4,5842,∞
CountFold_4MiB-4,0,∞
Search_1000Roots_DistinctChunks-4,1.3263744e+07,∞
geomean,,

,candidate,
,allocs/op,CI
PutBytes_100KB_Warm_NoRedact-4,15,∞
PutBytes_100KB_Cold_NoRedact-4,315,∞
PutBytes_100KB_Cold-4,316,∞
PutBytes_100KB_Warm-4,16,∞
PutBytes_100KB_Warm_KeepRaw/verbatim-4,16,∞
PutBytes_100KB_Warm_KeepRaw/delta-4,31,∞
PutBytes_100KB_Warm_KeepRaw/full-4,23,∞
GetChunk-4,10,∞
OpenSpan_4KB_of_4MB-4,11,∞
OpenStore_50kRoots-4,1.062393e+06,∞
GC_50kObjects-4,433658,∞
Search_1000Roots-4,7747,∞
MarkEncoded_100-4,301,∞
PutObject_NovelChunk-4,18,∞
CountFold_4MiB-4,0,∞
Search_1000Roots_DistinctChunks-4,12338,∞
geomean,,

"pathstest: HOME is ""/tmp/3178765180/001/home"" at the end of the run, not the isolated home ""/tmp/qompack-test-home-1482751880"": a test changed it without restoring it, and every test after it ran against that directory"
,candidate,
,sec/op,CI
PutBytes_100KB_Warm_NoRedact-4,0.0019031890000000002,∞
PutBytes_100KB_Cold_NoRedact-4,0.019095691,∞
PutBytes_100KB_Cold-4,0.019294413,∞
PutBytes_100KB_Warm-4,0.0023757220000000003,∞
PutBytes_100KB_Warm_KeepRaw/verbatim-4,0.002603535,∞
PutBytes_100KB_Warm_KeepRaw/delta-4,0.00260455,∞
PutBytes_100KB_Warm_KeepRaw/full-4,0.000766326,∞
GetChunk-4,2.0345000000000003e-05,∞
OpenSpan_4KB_of_4MB-4,2.1082000000000002e-05,∞
OpenStore_50kRoots-4,0.28135298000000003,∞
GC_50kObjects-4,0.40292769,∞
Search_1000Roots-4,0.0066215530000000005,∞
MarkEncoded_100-4,0.00011666700000000001,∞
PutObject_NovelChunk-4,0.00011659300000000001,∞
CountFold_4MiB-4,0.001411631,∞
Search_1000Roots_DistinctChunks-4,0.009919547,∞
geomean,0.0022793563703737687,

,candidate,
,B/s,CI
PutBytes_100KB_Warm_NoRedact-4,5.38e+07,∞
PutBytes_100KB_Cold_NoRedact-4,5.36e+06,∞
PutBytes_100KB_Cold-4,5.31e+06,∞
PutBytes_100KB_Warm-4,4.31e+07,∞
PutBytes_100KB_Warm_KeepRaw/verbatim-4,3.933e+07,∞
PutBytes_100KB_Warm_KeepRaw/delta-4,3.933e+07,∞
PutBytes_100KB_Warm_KeepRaw/full-4,1.3365e+08,∞
PutObject_NovelChunk-4,3.513e+07,∞
CountFold_4MiB-4,2.97124e+09,∞
geomean,4.827563055401003e+07,

,candidate,
,B/op,CI
PutBytes_100KB_Warm_NoRedact-4,901857,∞
PutBytes_100KB_Cold_NoRedact-4,1.045747e+06,∞
PutBytB4641: need >= 6 samples for confidence interval at level 0.95
B4642: need >= 6 samples for confidence interval at level 0.95
B4643: need >= 6 samples for confidence interval at level 0.95
B4644: need >= 6 samples for confidence interval at level 0.95
B4645: need >= 6 samples for confidence interval at level 0.95
B4646: need >= 6 samples for confidence interval at level 0.95
B4647: need >= 6 samples for confidence interval at level 0.95
B4648: need >= 6 samples for confidence interval at level 0.95
B4649: need >= 6 samples for confidence interval at level 0.95
B4650: need >= 6 samples for confidence interval at level 0.95
B4651: need >= 6 samples for confidence interval at level 0.95
B4652: need >= 6 samples for confidence interval at level 0.95
B4653: need >= 6 samples for confidence interval at level 0.95
B4654: summaries must be >0 to compute geomean
B4658: need >= 6 samples for confidence interval at level 0.95
B4659: need >= 6 samples for confidence interval at level 0.95
B4660: need >= 6 samples for confidence interval at level 0.95
B4661: need >= 6 samples for confidence interval at level 0.95
B4662: need >= 6 samples for confidence interval at level 0.95
B4663: need >= 6 samples for confidence interval at level 0.95
B4664: need >= 6 samples for confidence interval at level 0.95
B4665: need >= 6 samples for confidence interval at level 0.95
B4666: need >= 6 samples for confidence interval at level 0.95
B4667: need >= 6 samples for confidence interval at level 0.95
B4668: need >= 6 samples for confidence interval at level 0.95
B4669: need >= 6 samples for confidence interval at level 0.95
B4670: need >= 6 samples for confidence interval at level 0.95
B4671: need >= 6 samples for confidence interval at level 0.95
B4672: need >= 6 samples for confidence interval at level 0.95
B4673: need >= 6 samples for confidence interval at level 0.95
B4674: summaries must be >0 to compute geomean
B4679: need >= 6 samples for confidence interval at level 0.95
B4680: need >= 6 samples for confidence interval at level 0.95
B4681: need >= 6 samples for confidence interval at level 0.95
B4682: need >= 6 samples for confidence interval at level 0.95
B4683: need >= 6 samples for confidence interval at level 0.95
B4684: need >= 6 samples for confidence interval at level 0.95
B4685: need >= 6 samples for confidence interval at level 0.95
B4686: need >= 6 samples for confidence interval at level 0.95
B4687: need >= 6 samples for confidence interval at level 0.95
B4688: need >= 6 samples for confidence interval at level 0.95
B4689: need >= 6 samples for confidence interval at level 0.95
B4690: need >= 6 samples for confidence interval at level 0.95
B4691: need >= 6 samples for confidence interval at level 0.95
B4692: need >= 6 samples for confidence interval at level 0.95
B4693: need >= 6 samples for confidence interval at level 0.95
B4694: need >= 6 samples for confidence interval at level 0.95
B4699: need >= 6 samples for confidence interval at level 0.95
B4700: need >= 6 samples for confidence interval at level 0.95
B4701: need >= 6 samples for confidence interval at level 0.95
B4702: need >= 6 samples for confidence interval at level 0.95
B4703: need >= 6 samples for confidence interval at level 0.95
B4704: need >= 6 samples for confidence interval at level 0.95
B4705: need >= 6 samples for confidence interval at level 0.95
B4706: need >= 6 samples for confidence interval at level 0.95
B4707: need >= 6 samples for confidence interval at level 0.95
B4712: need >= 6 samples for confidence interval at level 0.95
B4713: need >= 6 samples for confidence interval at level 0.95
B4714: need >= 6 samples for confidence interval at level 0.95
B4715: need >= 6 samples for confidence interval at level 0.95
B4716: need >= 6 samples for confidence interval at level 0.95
B4717: need >= 6 samples for confidence interval at level 0.95
B4718: need >= 6 samples for confidence interval at level 0.95
B4719: need >= 6 samples for confidence interval at level 0.95
B4720: need >= 6 samples for confidence interval at level 0.95
B4721: need >= 6 samples for confidence interval at level 0.95
B4722: need >= 6 samples for confidence interval at level 0.95
B4723: need >= 6 samples for confidence interval at level 0.95
B4724: need >= 6 samples for confidence interval at level 0.95
B4725: need >= 6 samples for confidence interval at level 0.95
B4726: need >= 6 samples for confidence interval at level 0.95
B4727: need >= 6 samples for confidence interval at level 0.95
B4728: summaries must be >0 to compute geomean
B4732: need >= 6 samples for confidence interval at level 0.95
B4733: need >= 6 samples for confidence interval at level 0.95
B4734: need >= 6 samples for confidence interval at level 0.95
B4735: need >= 6 samples for confidence interval at level 0.95
B4736: need >= 6 samples for confidence interval at level 0.95
B4737: need >= 6 samples for confidence interval at level 0.95
B4738: need >= 6 samples for confidence interval at level 0.95
B4739: need >= 6 samples for confidence interval at level 0.95
B4740: need >= 6 samples for confidence interval at level 0.95
B4741: need >= 6 samples for confidence interval at level 0.95
B4742: need >= 6 samples for confidence interval at level 0.95
B4743: need >= 6 samples for confidence interval at level 0.95
B4744: need >= 6 samples for confidence interval at level 0.95
B4745: need >= 6 samples for confidence interval at level 0.95
B4746: need >= 6 samples for confidence interval at level 0.95
B4747: need >= 6 samples for confidence interval at level 0.95
B4748: summaries must be >0 to compute geomean
B4753: need >= 6 samples for confidence interval at level 0.95
B4754: need >= 6 samples for confidence interval at level 0.95
B4755: need >= 6 samples for confidence interval at level 0.95
es_100KB_Cold-4,1.150614e+06,∞
PutBytes_100KB_Warm-4,1.008358e+06,∞
PutBytes_100KB_Warm_KeepRaw/verbatim-4,1.008384e+06,∞
PutBytes_100KB_Warm_KeepRaw/delta-4,1.115839e+06,∞
PutBytes_100KB_Warm_KeepRaw/full-4,635093,∞
GetChunk-4,19636,∞
OpenSpan_4KB_of_4MB-4,19781,∞
OpenStore_50kRoots-4,9.7311848e+07,∞
GC_50kObjects-4,3.6948314e+07,∞
Search_1000Roots-4,9.121042e+06,∞
MarkEncoded_100-4,16896,∞
PutObject_NovelChunk-4,5843,∞
CountFold_4MiB-4,0,∞
Search_1000Roots_DistinctChunks-4,1.3278656e+07,∞
geomean,,

,candidate,
,allocs/op,CI
PutBytes_100KB_Warm_NoRedact-4,15,∞
PutBytes_100KB_Cold_NoRedact-4,318,∞
PutBytes_100KB_Cold-4,317,∞
PutBytes_100KB_Warm-4,16,∞
PutBytes_100KB_Warm_KeepRaw/verbatim-4,16,∞
PutBytes_100KB_Warm_KeepRaw/delta-4,31,∞
PutBytes_100KB_Warm_KeepRaw/full-4,23,∞
GetChunk-4,10,∞
OpenSpan_4KB_of_4MB-4,11,∞
OpenStore_50kRoots-4,1.062393e+06,∞
GC_50kObjects-4,433660,∞
Search_1000Roots-4,7750,∞
MarkEncoded_100-4,301,∞
PutObject_NovelChunk-4,18,∞
CountFold_4MiB-4,0,∞
Search_1000Roots_DistinctChunks-4,12345,∞
geomean,,

"pathstest: HOME is ""/tmp/3430838114/001/home"" at the end of the run, not the isolated home ""/tmp/qompack-test-home-1101472913"": a test changed it without restoring it, and every test after it ran against that directory"
,candidate,
,sec/op,CI
PutBytes_100KB_Warm_NoRedact-4,0.001882582,∞
PutBytes_100KB_Cold_NoRedact-4,0.018580445,∞
PutBytes_100KB_Cold-4,0.019168106,∞
PutBytes_100KB_Warm-4,0.002316079,∞
PutBytes_100KB_Warm_KeepRaw/verbatim-4,0.0025579170000000003,∞
PutBytes_100KB_Warm_KeepRaw/delta-4,0.0026032900000000003,∞
PutBytes_100KB_Warm_KeepRaw/full-4,0.000727546,∞
GetChunk-4,1.9759000000000002e-05,∞
OpenSpan_4KB_of_4MB-4,2.1061e-05,∞
OpenStore_50kRoots-4,0.26949687,∞
GC_50kObjects-4,0.323444716,∞
Search_1000Roots-4,0.006966014,∞
MarkEncoded_100-4,0.00012168400000000001,∞
PutObject_NovelChunk-4,0.00011421300000000001,∞
CountFold_4MiB-4,0.0014250850000000002,∞
Search_1000Roots_DistinctChunks-4,0.011125938,∞
geomean,0.0022458592425212,

,candidate,
,B/s,CI
PutBytes_100KB_Warm_NoRedact-4,5.439e+07,∞
PutBytes_100KB_Cold_NoRedact-4,5.51e+06,∞
PutBytes_100KB_Cold-4,5.34e+06,∞
PutBytes_100KB_Warm-4,4.421e+07,∞
PutBytes_100KB_Warm_KeepRaw/verbatim-4,4.003e+07,∞
PutBytes_100KB_Warm_KeepRaw/delta-4,3.935e+07,∞
PutBytes_100KB_Warm_KeepRaw/full-4,1.4077e+08,∞
PutObject_NovelChunk-4,3.586e+07,∞
CountFold_4MiB-4,2.94319e+09,∞
geomean,4.90908058450769e+07,

,candidate,
,B/op,CI
PutBytes_100KB_Warm_NoRedact-4,901873,∞
PutBytes_100KB_Cold_NoRedact-4,1.044385e+06,∞
PutBytes_100KB_Cold-4,1.150299e+06,∞
PutBytes_100KB_Warm-4,1.008408e+06,∞
PutBytes_100KB_Warm_KeepRaw/verbatim-4,1.00837e+06,∞
PutBytes_100KB_Warm_KeepRaw/delta-4,1.115849e+06,∞
PutBytes_100KB_Warm_KeepRaw/full-4,635047,∞
GetChunk-4,19653,∞
OpenSpan_4KB_of_4MB-4,19783,∞
OpenStore_50kRoots-4,9.7311796e+07,∞
GC_50kObjects-4,3.6940126e+07,∞
Search_1000Roots-4,9.114373e+06,∞
MarkEncoded_100-4,16896,∞
PutObject_NovelChunk-4,5839,∞
CountFold_4MiB-4,0,∞
Search_1000Roots_DistinctChunks-4,1.3272322e+07,∞
geomean,,

,candidate,
,allocs/op,CI
PutBytes_100KB_Warm_NoRedact-4,15,∞
PutBytes_100KB_Cold_NoRedact-4,314,∞
PutBytes_100KB_Cold-4,316,∞
PutBytes_100KB_Warm-4,16,∞
PutBytes_100KB_Warm_KeepRaw/verbatim-4,16,∞
PutBytes_100KB_Warm_KeepRaw/delta-4,31,∞
PutBytes_100KB_Warm_KeepRaw/full-4,23,∞
GetChunk-4,10,∞
OpenSpan_4KB_of_4MB-4,11,∞
OpenStore_50kRoots-4,1.062393e+06,∞
GC_50kObjects-4,433659,∞
Search_1000Roots-4,7746,∞
MarkEncoded_100-4,301,∞
PutObject_NovelChunk-4,18,∞
CountFold_4MiB-4,0,∞
Search_1000Roots_DistinctChunks-4,12341,∞
geomean,,

"pathstest: HOME is ""/tmp/360400775/001/home"" at the end of the run, not the isolated home ""/tmp/qompack-test-home-2332057623"": a test changed it without restoring it, and every test after it ran against that directory"
,candidate,
,sec/op,CI
PutBytes_100KB_Warm_NoRedact-4,0.0018980215000000001,∞
PutBytes_100KB_Cold_NoRedact-4,0.018564496,∞
B4756: need >= 6 samples for confidence interval at level 0.95
B4757: need >= 6 samples for confidence interval at level 0.95
B4758: need >= 6 samples for confidence interval at level 0.95
B4759: need >= 6 samples for confidence interval at level 0.95
B4760: need >= 6 samples for confidence interval at level 0.95
B4761: need >= 6 samples for confidence interval at level 0.95
B4762: need >= 6 samples for confidence interval at level 0.95
B4763: need >= 6 samples for confidence interval at level 0.95
B4764: need >= 6 samples for confidence interval at level 0.95
B4765: need >= 6 samples for confidence interval at level 0.95
B4766: need >= 6 samples for confidence interval at level 0.95
B4767: need >= 6 samples for confidence interval at level 0.95
B4768: need >= 6 samples for confidence interval at level 0.95
B4773: need >= 6 samples for confidence interval at level 0.95
B4774: need >= 6 samples for confidence interval at level 0.95
B4775: need >= 6 samples for confidence interval at level 0.95
B4776: need >= 6 samples for confidence interval at level 0.95
B4777: need >= 6 samples for confidence interval at level 0.95
B4778: need >= 6 samples for confidence interval at level 0.95
B4779: need >= 6 samples for confidence interval at level 0.95
B4780: need >= 6 samples for confidence interval at level 0.95
B4781: need >= 6 samples for confidence interval at level 0.95
B4786: need >= 6 samples for confidence interval at level 0.95
B4787: need >= 6 samples for confidence interval at level 0.95
B4788: need >= 6 samples for confidence interval at level 0.95
B4789: need >= 6 samples for confidence interval at level 0.95
B4790: need >= 6 samples for confidence interval at level 0.95
B4791: need >= 6 samples for confidence interval at level 0.95
B4792: need >= 6 samples for confidence interval at level 0.95
B4793: need >= 6 samples for confidence interval at level 0.95
B4794: need >= 6 samples for confidence interval at level 0.95
B4795: need >= 6 samples for confidence interval at level 0.95
B4796: need >= 6 samples for confidence interval at level 0.95
B4797: need >= 6 samples for confidence interval at level 0.95
B4798: need >= 6 samples for confidence interval at level 0.95
B4799: need >= 6 samples for confidence interval at level 0.95
B4800: need >= 6 samples for confidence interval at level 0.95
B4801: need >= 6 samples for confidence interval at level 0.95
B4802: summaries must be >0 to compute geomean
B4806: need >= 6 samples for confidence interval at level 0.95
B4807: need >= 6 samples for confidence interval at level 0.95
B4808: need >= 6 samples for confidence interval at level 0.95
B4809: need >= 6 samples for confidence interval at level 0.95
B4810: need >= 6 samples for confidence interval at level 0.95
B4811: need >= 6 samples for confidence interval at level 0.95
B4812: need >= 6 samples for confidence interval at level 0.95
B4813: need >= 6 samples for confidence interval at level 0.95
B4814: need >= 6 samples for confidence interval at level 0.95
B4815: need >= 6 samples for confidence interval at level 0.95
B4816: need >= 6 samples for confidence interval at level 0.95
B4817: need >= 6 samples for confidence interval at level 0.95
B4818: need >= 6 samples for confidence interval at level 0.95
B4819: need >= 6 samples for confidence interval at level 0.95
B4820: need >= 6 samples for confidence interval at level 0.95
B4821: need >= 6 samples for confidence interval at level 0.95
B4822: summaries must be >0 to compute geomean
B4827: need >= 6 samples for confidence interval at level 0.95
B4828: need >= 6 samples for confidence interval at level 0.95
B4829: need >= 6 samples for confidence interval at level 0.95
B4830: need >= 6 samples for confidence interval at level 0.95
B4831: need >= 6 samples for confidence interval at level 0.95
B4832: need >= 6 samples for confidence interval at level 0.95
B4833: need >= 6 samples for confidence interval at level 0.95
B4834: need >= 6 samples for confidence interval at level 0.95
B4835: need >= 6 samples for confidence interval at level 0.95
B4836: need >= 6 samples for confidence interval at level 0.95
B4837: need >= 6 samples for confidence interval at level 0.95
B4838: need >= 6 samples for confidence interval at level 0.95
B4839: need >= 6 samples for confidence interval at level 0.95
B4840: need >= 6 samples for confidence interval at level 0.95
B4841: need >= 6 samples for confidence interval at level 0.95
B4842: need >= 6 samples for confidence interval at level 0.95
B4847: need >= 6 samples for confidence interval at level 0.95
B4848: need >= 6 samples for confidence interval at level 0.95
B4849: need >= 6 samples for confidence interval at level 0.95
B4850: need >= 6 samples for confidence interval at level 0.95
B4851: need >= 6 samples for confidence interval at level 0.95
B4852: need >= 6 samples for confidence interval at level 0.95
B4853: need >= 6 samples for confidence interval at level 0.95
B4854: need >= 6 samples for confidence interval at level 0.95
B4855: need >= 6 samples for confidence interval at level 0.95
B4860: need >= 6 samples for confidence interval at level 0.95
B4861: need >= 6 samples for confidence interval at level 0.95
B4862: need >= 6 samples for confidence interval at level 0.95
B4863: need >= 6 samples for confidence interval at level 0.95
B4864: need >= 6 samples for confidence interval at level 0.95
B4865: need >= 6 samples for confidence interval at level 0.95
B4866: need >= 6 samples for confidence interval at level 0.95
PutBytes_100KB_Cold-4,0.019774879000000002,∞
PutBytes_100KB_Warm-4,0.002356359,∞
PutBytes_100KB_Warm_KeepRaw/verbatim-4,0.002576877,∞
PutBytes_100KB_Warm_KeepRaw/delta-4,0.0026698335,∞
PutBytes_100KB_Warm_KeepRaw/full-4,0.0007699355,∞
GetChunk-4,2.06715e-05,∞
OpenSpan_4KB_of_4MB-4,2.13695e-05,∞
OpenStore_50kRoots-4,0.292672241,∞
GC_50kObjects-4,0.3886828855,∞
Search_1000Roots-4,0.007542485,∞
MarkEncoded_100-4,0.000143943,∞
PutObject_NovelChunk-4,0.00010797250000000001,∞
CountFold_4MiB-4,0.0013971405,∞
Search_1000Roots_DistinctChunks-4,0.011296866500000002,∞
geomean,0.002340093491522512,

,candidate,
,B/s,CI
PutBytes_100KB_Warm_NoRedact-4,5.3955e+07,∞
PutBytes_100KB_Cold_NoRedact-4,5.52e+06,∞
PutBytes_100KB_Cold-4,5.18e+06,∞
PutBytes_100KB_Warm-4,4.346e+07,∞
PutBytes_100KB_Warm_KeepRaw/verbatim-4,3.9745e+07,∞
PutBytes_100KB_Warm_KeepRaw/delta-4,3.8425e+07,∞
PutBytes_100KB_Warm_KeepRaw/full-4,1.33035e+08,∞
PutObject_NovelChunk-4,3.7935e+07,∞
CountFold_4MiB-4,3.00284e+09,∞
geomean,4.8738193223697305e+07,

,candidate,
,B/op,CI
PutBytes_100KB_Warm_NoRedact-4,901814.5,∞
PutBytes_100KB_Cold_NoRedact-4,1.044413e+06,∞
PutBytes_100KB_Cold-4,1.150484e+06,∞
PutBytes_100KB_Warm-4,1.008371e+06,∞
PutBytes_100KB_Warm_KeepRaw/verbatim-4,1.008401e+06,∞
PutBytes_100KB_Warm_KeepRaw/delta-4,1.115839e+06,∞
PutBytes_100KB_Warm_KeepRaw/full-4,635098,∞
GetChunk-4,19628.5,∞
OpenSpan_4KB_of_4MB-4,19786,∞
OpenStore_50kRoots-4,9.7311832e+07,∞
GC_50kObjects-4,3.6937109e+07,∞
Search_1000Roots-4,9.114031e+06,∞
MarkEncoded_100-4,16896,∞
PutObject_NovelChunk-4,5841,∞
CountFold_4MiB-4,0,∞
Search_1000Roots_DistinctChunks-4,1.32686805e+07,∞
geomean,,

,candidate,
,allocs/op,CI
PutBytes_100KB_Warm_NoRedact-4,14,∞
PutBytes_100KB_Cold_NoRedact-4,315,∞
PutBytes_100KB_Cold-4,316.5,∞
PutBytes_100KB_Warm-4,15.5,∞
PutBytes_100KB_Warm_KeepRaw/verbatim-4,16,∞
PutBytes_100KB_Warm_KeepRaw/delta-4,31,∞
PutBytes_100KB_Warm_KeepRaw/full-4,23,∞
GetChunk-4,10,∞
OpenSpan_4KB_of_4MB-4,11,∞
OpenStore_50kRoots-4,1.062393e+06,∞
GC_50kObjects-4,433657.5,∞
Search_1000Roots-4,7745.5,∞
MarkEncoded_100-4,301,∞
PutObject_NovelChunk-4,18,∞
CountFold_4MiB-4,0,∞
Search_1000Roots_DistinctChunks-4,12340,∞
geomean,,

"pathstest: HOME is ""/tmp/3768425099/001/home"" at the end of the run, not the isolated home ""/tmp/qompack-test-home-1296488687"": a test changed it without restoring it, and every test after it ran against that directory"
,candidate,
,sec/op,CI
PutBytes_100KB_Warm_NoRedact-4,0.00193259,∞
PutBytes_100KB_Cold_NoRedact-4,0.018849335000000002,∞
PutBytes_100KB_Cold-4,0.019257127000000002,∞
PutBytes_100KB_Warm-4,0.0023320940000000003,∞
PutBytes_100KB_Warm_KeepRaw/verbatim-4,0.0025447770000000002,∞
PutBytes_100KB_Warm_KeepRaw/delta-4,0.0025361610000000003,∞
PutBytes_100KB_Warm_KeepRaw/full-4,0.000729637,∞
GetChunk-4,2.006e-05,∞
OpenSpan_4KB_of_4MB-4,2.084e-05,∞
OpenStore_50kRoots-4,0.27978619200000004,∞
GC_50kObjects-4,0.392925589,∞
Search_1000Roots-4,0.006760673,∞
MarkEncoded_100-4,0.00011729700000000001,∞
PutObject_NovelChunk-4,0.00010980000000000001,∞
CountFold_4MiB-4,0.0014147200000000002,∞
Search_1000Roots_DistinctChunks-4,0.009967941000000001,∞
geomean,0.002251070992942148,

,candidate,
,B/s,CI
PutBytes_100KB_Warm_NoRedact-4,5.299e+07,∞
PutBytes_100KB_Cold_NoRedact-4,5.43e+06,∞
PutBytes_100KB_Cold-4,5.32e+06,∞
PutBytes_100KB_Warm-4,4.391e+07,∞
PutBytes_100KB_Warm_KeepRaw/verbatim-4,4.024e+07,∞
PutBytes_100KB_Warm_KeepRaw/delta-4,4.039e+07,∞
PutBytes_100KB_Warm_KeepRaw/full-4,1.4037e+08,∞
PutObject_NovelChunk-4,3.73e+07,∞
CountFold_4MiB-4,2.96476e+09,∞
geomean,4.92212445876194e+07,

,candidate,
,B/op,CI
PutBytes_100KB_Warm_NoRedact-4,901798,∞
PutBytes_100KB_Cold_NoRedact-4,1.044537e+06,∞
PutBytes_100KB_Cold-4,1.150388e+06,∞
PutBytes_100KB_Warm-4,1.008423e+06,∞
PutBytes_100KB_Warm_KeepRaw/verbatim-4,1.008464e+06,∞
PutBytes_100KB_Warm_KeepRaw/delta-4,1.115814e+06,∞
PutBytes_100KB_Warm_KeepRaw/full-4,635107,∞B4867: need >= 6 samples for confidence interval at level 0.95
B4868: need >= 6 samples for confidence interval at level 0.95
B4869: need >= 6 samples for confidence interval at level 0.95
B4870: need >= 6 samples for confidence interval at level 0.95
B4871: need >= 6 samples for confidence interval at level 0.95
B4872: need >= 6 samples for confidence interval at level 0.95
B4873: need >= 6 samples for confidence interval at level 0.95
B4874: need >= 6 samples for confidence interval at level 0.95
B4875: need >= 6 samples for confidence interval at level 0.95
B4876: summaries must be >0 to compute geomean
B4880: need >= 6 samples for confidence interval at level 0.95
B4881: need >= 6 samples for confidence interval at level 0.95
B4882: need >= 6 samples for confidence interval at level 0.95
B4883: need >= 6 samples for confidence interval at level 0.95
B4884: need >= 6 samples for confidence interval at level 0.95
B4885: need >= 6 samples for confidence interval at level 0.95
B4886: need >= 6 samples for confidence interval at level 0.95
B4887: need >= 6 samples for confidence interval at level 0.95
B4888: need >= 6 samples for confidence interval at level 0.95
B4889: need >= 6 samples for confidence interval at level 0.95
B4890: need >= 6 samples for confidence interval at level 0.95
B4891: need >= 6 samples for confidence interval at level 0.95
B4892: need >= 6 samples for confidence interval at level 0.95
B4893: need >= 6 samples for confidence interval at level 0.95
B4894: need >= 6 samples for confidence interval at level 0.95
B4895: need >= 6 samples for confidence interval at level 0.95
B4896: summaries must be >0 to compute geomean
B4901: need >= 6 samples for confidence interval at level 0.95
B4902: need >= 6 samples for confidence interval at level 0.95
B4903: need >= 6 samples for confidence interval at level 0.95
B4904: need >= 6 samples for confidence interval at level 0.95
B4905: need >= 6 samples for confidence interval at level 0.95
B4906: need >= 6 samples for confidence interval at level 0.95
B4907: need >= 6 samples for confidence interval at level 0.95
B4908: need >= 6 samples for confidence interval at level 0.95
B4909: need >= 6 samples for confidence interval at level 0.95
B4910: need >= 6 samples for confidence interval at level 0.95
B4911: need >= 6 samples for confidence interval at level 0.95
B4912: need >= 6 samples for confidence interval at level 0.95
B4913: need >= 6 samples for confidence interval at level 0.95
B4914: need >= 6 samples for confidence interval at level 0.95
B4915: need >= 6 samples for confidence interval at level 0.95
B4916: need >= 6 samples for confidence interval at level 0.95
B4921: need >= 6 samples for confidence interval at level 0.95
B4922: need >= 6 samples for confidence interval at level 0.95
B4923: need >= 6 samples for confidence interval at level 0.95
B4924: need >= 6 samples for confidence interval at level 0.95
B4925: need >= 6 samples for confidence interval at level 0.95
B4926: need >= 6 samples for confidence interval at level 0.95
B4927: need >= 6 samples for confidence interval at level 0.95
B4928: need >= 6 samples for confidence interval at level 0.95
B4929: need >= 6 samples for confidence interval at level 0.95
B4934: need >= 6 samples for confidence interval at level 0.95
B4935: need >= 6 samples for confidence interval at level 0.95
B4936: need >= 6 samples for confidence interval at level 0.95
B4937: need >= 6 samples for confidence interval at level 0.95
B4938: need >= 6 samples for confidence interval at level 0.95
B4939: need >= 6 samples for confidence interval at level 0.95
B4940: need >= 6 samples for confidence interval at level 0.95
B4941: need >= 6 samples for confidence interval at level 0.95
B4942: need >= 6 samples for confidence interval at level 0.95
B4943: need >= 6 samples for confidence interval at level 0.95
B4944: need >= 6 samples for confidence interval at level 0.95
B4945: need >= 6 samples for confidence interval at level 0.95
B4946: need >= 6 samples for confidence interval at level 0.95
B4947: need >= 6 samples for confidence interval at level 0.95
B4948: need >= 6 samples for confidence interval at level 0.95
B4949: need >= 6 samples for confidence interval at level 0.95
B4950: summaries must be >0 to compute geomean
B4954: need >= 6 samples for confidence interval at level 0.95
B4955: need >= 6 samples for confidence interval at level 0.95
B4956: need >= 6 samples for confidence interval at level 0.95
B4957: need >= 6 samples for confidence interval at level 0.95
B4958: need >= 6 samples for confidence interval at level 0.95
B4959: need >= 6 samples for confidence interval at level 0.95
B4960: need >= 6 samples for confidence interval at level 0.95
B4961: need >= 6 samples for confidence interval at level 0.95
B4962: need >= 6 samples for confidence interval at level 0.95
B4963: need >= 6 samples for confidence interval at level 0.95
B4964: need >= 6 samples for confidence interval at level 0.95
B4965: need >= 6 samples for confidence interval at level 0.95
B4966: need >= 6 samples for confidence interval at level 0.95
B4967: need >= 6 samples for confidence interval at level 0.95
B4968: need >= 6 samples for confidence interval at level 0.95
B4969: need >= 6 samples for confidence interval at level 0.95
B4970: summaries must be >0 to compute geomean

GetChunk-4,19628,∞
OpenSpan_4KB_of_4MB-4,19783,∞
OpenStore_50kRoots-4,9.731184e+07,∞
GC_50kObjects-4,3.6940104e+07,∞
Search_1000Roots-4,9.1211e+06,∞
MarkEncoded_100-4,16896,∞
PutObject_NovelChunk-4,5839,∞
CountFold_4MiB-4,0,∞
Search_1000Roots_DistinctChunks-4,1.3276481e+07,∞
geomean,,

,candidate,
,allocs/op,CI
PutBytes_100KB_Warm_NoRedact-4,14,∞
PutBytes_100KB_Cold_NoRedact-4,315,∞
PutBytes_100KB_Cold-4,316,∞
PutBytes_100KB_Warm-4,16,∞
PutBytes_100KB_Warm_KeepRaw/verbatim-4,16,∞
PutBytes_100KB_Warm_KeepRaw/delta-4,31,∞
PutBytes_100KB_Warm_KeepRaw/full-4,23,∞
GetChunk-4,10,∞
OpenSpan_4KB_of_4MB-4,11,∞
OpenStore_50kRoots-4,1.062393e+06,∞
GC_50kObjects-4,433658,∞
Search_1000Roots-4,7750,∞
MarkEncoded_100-4,301,∞
PutObject_NovelChunk-4,18,∞
CountFold_4MiB-4,0,∞
Search_1000Roots_DistinctChunks-4,12344,∞
geomean,,

"pathstest: HOME is ""/tmp/426110959/001/home"" at the end of the run, not the isolated home ""/tmp/qompack-test-home-2219520244"": a test changed it without restoring it, and every test after it ran against that directory"
,candidate,
,sec/op,CI
PutBytes_100KB_Warm_NoRedact-4,0.0018606410000000001,∞
PutBytes_100KB_Cold_NoRedact-4,0.018752852,∞
PutBytes_100KB_Cold-4,0.019470191,∞
PutBytes_100KB_Warm-4,0.002334721,∞
PutBytes_100KB_Warm_KeepRaw/verbatim-4,0.002556947,∞
PutBytes_100KB_Warm_KeepRaw/delta-4,0.002603343,∞
PutBytes_100KB_Warm_KeepRaw/full-4,0.0007390000000000001,∞
GetChunk-4,2.0111e-05,∞
OpenSpan_4KB_of_4MB-4,2.0927e-05,∞
OpenStore_50kRoots-4,0.28716726800000003,∞
GC_50kObjects-4,0.390198288,∞
Search_1000Roots-4,0.006859686,∞
MarkEncoded_100-4,0.00011830900000000001,∞
PutObject_NovelChunk-4,0.000119438,∞
CountFold_4MiB-4,0.0014459630000000002,∞
Search_1000Roots_DistinctChunks-4,0.010075201,∞
geomean,0.00227629904162242,

,candidate,
,B/s,CI
PutBytes_100KB_Warm_NoRedact-4,5.503e+07,∞
PutBytes_100KB_Cold_NoRedact-4,5.46e+06,∞
PutBytes_100KB_Cold-4,5.26e+06,∞
PutBytes_100KB_Warm-4,4.386e+07,∞
PutBytes_100KB_Warm_KeepRaw/verbatim-4,4.005e+07,∞
PutBytes_100KB_Warm_KeepRaw/delta-4,3.935e+07,∞
PutBytes_100KB_Warm_KeepRaw/full-4,1.3859e+08,∞
PutObject_NovelChunk-4,3.429e+07,∞
CountFold_4MiB-4,2.9007e+09,∞
geomean,4.857600285896925e+07,

,candidate,
,B/op,CI
PutBytes_100KB_Warm_NoRedact-4,901808,∞
PutBytes_100KB_Cold_NoRedact-4,1.044637e+06,∞
PutBytes_100KB_Cold-4,1.150919e+06,∞
PutBytes_100KB_Warm-4,1.008394e+06,∞
PutBytes_100KB_Warm_KeepRaw/verbatim-4,1.008421e+06,∞
PutBytes_100KB_Warm_KeepRaw/delta-4,1.115765e+06,∞
PutBytes_100KB_Warm_KeepRaw/full-4,635115,∞
GetChunk-4,19644,∞
OpenSpan_4KB_of_4MB-4,19776,∞
OpenStore_50kRoots-4,9.7311756e+07,∞
GC_50kObjects-4,3.6940394e+07,∞
Search_1000Roots-4,9.125356e+06,∞
MarkEncoded_100-4,16896,∞
PutObject_NovelChunk-4,5840,∞
CountFold_4MiB-4,0,∞
Search_1000Roots_DistinctChunks-4,1.3276116e+07,∞
geomean,,

,candidate,
,allocs/op,CI
PutBytes_100KB_Warm_NoRedact-4,14,∞
PutBytes_100KB_Cold_NoRedact-4,315,∞
PutBytes_100KB_Cold-4,317,∞
PutBytes_100KB_Warm-4,16,∞
PutBytes_100KB_Warm_KeepRaw/verbatim-4,16,∞
PutBytes_100KB_Warm_KeepRaw/delta-4,31,∞
PutBytes_100KB_Warm_KeepRaw/full-4,23,∞
GetChunk-4,10,∞
OpenSpan_4KB_of_4MB-4,11,∞
OpenStore_50kRoots-4,1.062393e+06,∞
GC_50kObjects-4,433660,∞
Search_1000Roots-4,7752,∞
MarkEncoded_100-4,301,∞
PutObject_NovelChunk-4,18,∞
CountFold_4MiB-4,0,∞
Search_1000Roots_DistinctChunks-4,12344,∞
geomean,,

pkg: github.com/qompack/qompack/internal/symbols
pathstest: 
,base,
,sec/op,CI
Extract_100KB-4,0.0011096905000000002,2%
Enclosing_100KB-4,0.0011039055,2%
References_100KB_50Names-4,0.00017009400000000003,4%
geomean,0.0005928446702320403,

,base,
,B/s,CI
Extract_100KB-4,9.2625e+07,2%
Enclosing_100KB-4,9.3115e+07,2%
References_100KB_50Names-4,6.04305e+08,4%
geomean,1.733809395515162e+08,

,base,
,B/op,CI
Extract_100KB-4,312273.5,0%
Enclosing_100KB-4,312191,0%
References_100KB_50Names-4,4128,0%
geomean,73829.80694315063,

,base,
,allocs/op,CI
Extract_100KB-4,2325,0%
Enclosing_100KB-4,2325,B5005: need >= 6 samples for confidence interval at level 0.95
B5006: need >= 6 samples for confidence interval at level 0.95
B5007: need >= 6 samples for confidence interval at level 0.95
B5012: need >= 6 samples for confidence interval at level 0.95
B5013: need >= 6 samples for confidence interval at level 0.95
B5014: need >= 6 samples for confidence interval at level 0.95
B5019: need >= 6 samples for confidence interval at level 0.95
B5020: need >= 6 samples for confidence interval at level 0.95
B5021: need >= 6 samples for confidence interval at level 0.95
B5026: need >= 6 samples for confidence interval at level 0.95
B5027: need >= 6 samples for confidence interval at level 0.95
B5028: need >= 6 samples for confidence interval at level 0.95
B5034: need >= 6 samples for confidence interval at level 0.95
B5035: need >= 6 samples for confidence interval at level 0.95
B5036: need >= 6 samples for confidence interval at level 0.95
B5041: need >= 6 samples for confidence interval at level 0.95
B5042: need >= 6 samples for confidence interval at level 0.95
B5043: need >= 6 samples for confidence interval at level 0.95
B5048: need >= 6 samples for confidence interval at level 0.95
B5049: need >= 6 samples for confidence interval at level 0.95
B5050: need >= 6 samples for confidence interval at level 0.95
B5055: need >= 6 samples for confidence interval at level 0.95
B5056: need >= 6 samples for confidence interval at level 0.95
B5057: need >= 6 samples for confidence interval at level 0.95
B5063: need >= 6 samples for confidence interval at level 0.95
B5064: need >= 6 samples for confidence interval at level 0.95
B5065: need >= 6 samples for confidence interval at level 0.95
B5070: need >= 6 samples for confidence interval at level 0.95
B5071: need >= 6 samples for confidence interval at level 0.95
B5072: need >= 6 samples for confidence interval at level 0.95
B5077: need >= 6 samples for confidence interval at level 0.95
B5078: need >= 6 samples for confidence interval at level 0.95
B5079: need >= 6 samples for confidence interval at level 0.95
B5084: need >= 6 samples for confidence interval at level 0.95
B5085: need >= 6 samples for confidence interval at level 0.95
B5086: need >= 6 samples for confidence interval at level 0.95
B5092: need >= 6 samples for confidence interval at level 0.95
B5093: need >= 6 samples for confidence interval at level 0.95
B5094: need >= 6 samples for confidence interval at level 0.95
B5099: need >= 6 samples for confidence interval at level 0.95
B5100: need >= 6 samples for confidence interval at level 0.95
B5101: need >= 6 samples for confidence interval at level 0.95
B5106: need >= 6 samples for confidence interval at level 0.95
B5107: need >= 6 samples for confidence interval at level 0.95
B5108: need >= 6 samples for confidence interval at level 0.95
B5113: need >= 6 samples for confidence interval at level 0.95
B5114: need >= 6 samples for confidence interval at level 0.95
B5115: need >= 6 samples for confidence interval at level 0.95
B5121: need >= 6 samples for confidence interval at level 0.95
B5122: need >= 6 samples for confidence interval at level 0.95
B5123: need >= 6 samples for confidence interval at level 0.95
B5128: need >= 6 samples for confidence interval at level 0.95
B5129: need >= 6 samples for confidence interval at level 0.95
B5130: need >= 6 samples for confidence interval at level 0.95
B5135: need >= 6 samples for confidence interval at level 0.95
B5136: need >= 6 samples for confidence interval at level 0.95
B5137: need >= 6 samples for confidence interval at level 0.95
0%
References_100KB_50Names-4,8,0%
geomean,351.0039203789362,

"pathstest: HOME is ""/tmp/1925223897/001/home"" at the end of the run, not the isolated home ""/tmp/qompack-test-home-963714756"": a test changed it without restoring it, and every test after it ran against that directory"
,candidate,
,sec/op,CI
Extract_100KB-4,0.0011174660000000001,∞
Enclosing_100KB-4,0.001115239,∞
References_100KB_50Names-4,0.00016781,∞
geomean,0.0005935719477447783,

,candidate,
,B/s,CI
Extract_100KB-4,9.198e+07,∞
Enclosing_100KB-4,9.217e+07,∞
References_100KB_50Names-4,6.1253e+08,∞
geomean,1.7316898799957994e+08,

,candidate,
,B/op,CI
Extract_100KB-4,312183,∞
Enclosing_100KB-4,312312,∞
References_100KB_50Names-4,4128,∞
geomean,73832.21029245516,

,candidate,
,allocs/op,CI
Extract_100KB-4,2325,∞
Enclosing_100KB-4,2325,∞
References_100KB_50Names-4,8,∞
geomean,351.0039203789362,

"pathstest: HOME is ""/tmp/2768512412/001/home"" at the end of the run, not the isolated home ""/tmp/qompack-test-home-1018763912"": a test changed it without restoring it, and every test after it ran against that directory"
,candidate,
,sec/op,CI
Extract_100KB-4,0.001145907,∞
Enclosing_100KB-4,0.001167352,∞
References_100KB_50Names-4,0.00017005900000000002,∞
geomean,0.0006104502487339363,

,candidate,
,B/s,CI
Extract_100KB-4,8.97e+07,∞
Enclosing_100KB-4,8.805e+07,∞
References_100KB_50Names-4,6.0442e+08,∞
geomean,1.6837859317963642e+08,

,candidate,
,B/op,CI
Extract_100KB-4,312451,∞
Enclosing_100KB-4,312493,∞
References_100KB_50Names-4,4128,∞
geomean,73867.59629367161,

,candidate,
,allocs/op,CI
Extract_100KB-4,2325,∞
Enclosing_100KB-4,2325,∞
References_100KB_50Names-4,8,∞
geomean,351.0039203789362,

"pathstest: HOME is ""/tmp/2974957428/001/home"" at the end of the run, not the isolated home ""/tmp/qompack-test-home-99215005"": a test changed it without restoring it, and every test after it ran against that directory"
,candidate,
,sec/op,CI
Extract_100KB-4,0.001108833,∞
Enclosing_100KB-4,0.0011010030000000001,∞
References_100KB_50Names-4,0.000168376,∞
geomean,0.00059017156046649,

,candidate,
,B/s,CI
Extract_100KB-4,9.27e+07,∞
Enclosing_100KB-4,9.336e+07,∞
References_100KB_50Names-4,6.1047e+08,∞
geomean,1.7416797450833708e+08,

,candidate,
,B/op,CI
Extract_100KB-4,312371,∞
Enclosing_100KB-4,312365,∞
References_100KB_50Names-4,4128,∞
geomean,73851.20526733194,

,candidate,
,allocs/op,CI
Extract_100KB-4,2325,∞
Enclosing_100KB-4,2325,∞
References_100KB_50Names-4,8,∞
geomean,351.0039203789362,

"pathstest: HOME is ""/tmp/3178765180/001/home"" at the end of the run, not the isolated home ""/tmp/qompack-test-home-1482751880"": a test changed it without restoring it, and every test after it ran against that directory"
,candidate,
,sec/op,CI
Extract_100KB-4,0.001094963,∞
Enclosing_100KB-4,0.001078606,∞
References_100KB_50Names-4,0.000167302,∞
geomean,0.0005824443940109945,

,candidate,
,B/s,CI
Extract_100KB-4,9.387e+07,∞
Enclosing_100KB-4,9.53e+07,∞
References_100KB_50Names-4,6.1438e+08,∞
geomean,1.7647597746153983e+08,

,candidate,
,B/op,CI
Extract_100KB-4,312249,∞
Enclosing_100KB-4,311798,∞
References_100KB_50Names-4,4128,∞
geomean,73796.88378781492,

,candidate,
,allocs/op,CI
Extract_100KB-4,2325,∞
Enclosing_100KB-4,2325,∞
References_100KB_50Names-4,8,∞
geomean,351.0039203789362,

"pathstest: HOME is ""/tmp/3430838114/001/home"" at the end of the run, not the isolated home ""/tmp/qompack-test-home-1101472913"": a test changed it without restoring it, and every test after it ran against that directory"
,candidate,
,sec/op,CI
Extract_100KB-4,0.0011125290000000001,∞
Enclosing_100KB-4,0.0010994000000000002,∞
References_100KB_50Names-4,0.000167216,∞
geomean,0.0005891804138700123,

,candidate,
,B/s,CI
Extract_100KB-4,9.239e+07,∞
Enclosing_100KB-4,9.349e+07,∞
References_100KB_50Names-4,6.147e+08,∞
geomean,1.7445541195328453e+08,

,candidate,
,B/op,CI
Extract_100KB-4,312120,∞
Enclosing_100KB-4,311787,∞
References_100KB_50Names-4,4128,∞
geomean,73785.85205055881,

,B5142: need >= 6 samples for confidence interval at level 0.95
B5143: need >= 6 samples for confidence interval at level 0.95
B5144: need >= 6 samples for confidence interval at level 0.95
B5150: need >= 6 samples for confidence interval at level 0.95
B5151: need >= 6 samples for confidence interval at level 0.95
B5152: need >= 6 samples for confidence interval at level 0.95
B5157: need >= 6 samples for confidence interval at level 0.95
B5158: need >= 6 samples for confidence interval at level 0.95
B5159: need >= 6 samples for confidence interval at level 0.95
B5164: need >= 6 samples for confidence interval at level 0.95
B5165: need >= 6 samples for confidence interval at level 0.95
B5166: need >= 6 samples for confidence interval at level 0.95
B5171: need >= 6 samples for confidence interval at level 0.95
B5172: need >= 6 samples for confidence interval at level 0.95
B5173: need >= 6 samples for confidence interval at level 0.95
B5179: need >= 6 samples for confidence interval at level 0.95
B5180: need >= 6 samples for confidence interval at level 0.95
B5181: need >= 6 samples for confidence interval at level 0.95
B5186: need >= 6 samples for confidence interval at level 0.95
B5187: need >= 6 samples for confidence interval at level 0.95
B5188: need >= 6 samples for confidence interval at level 0.95
B5193: need >= 6 samples for confidence interval at level 0.95
B5194: need >= 6 samples for confidence interval at level 0.95
B5195: need >= 6 samples for confidence interval at level 0.95
B5200: need >= 6 samples for confidence interval at level 0.95
B5201: need >= 6 samples for confidence interval at level 0.95
B5202: need >= 6 samples for confidence interval at level 0.95
B5208: need >= 6 samples for confidence interval at level 0.95
B5209: need >= 6 samples for confidence interval at level 0.95
B5210: need >= 6 samples for confidence interval at level 0.95
B5215: need >= 6 samples for confidence interval at level 0.95
B5216: need >= 6 samples for confidence interval at level 0.95
B5217: need >= 6 samples for confidence interval at level 0.95
B5222: need >= 6 samples for confidence interval at level 0.95
B5223: need >= 6 samples for confidence interval at level 0.95
B5224: need >= 6 samples for confidence interval at level 0.95
B5229: need >= 6 samples for confidence interval at level 0.95
B5230: need >= 6 samples for confidence interval at level 0.95
B5231: need >= 6 samples for confidence interval at level 0.95
B5237: need >= 6 samples for confidence interval at level 0.95
B5238: need >= 6 samples for confidence interval at level 0.95
B5239: need >= 6 samples for confidence interval at level 0.95
B5244: need >= 6 samples for confidence interval at level 0.95
B5245: need >= 6 samples for confidence interval at level 0.95
B5246: need >= 6 samples for confidence interval at level 0.95
B5251: need >= 6 samples for confidence interval at level 0.95
B5252: need >= 6 samples for confidence interval at level 0.95
B5253: need >= 6 samples for confidence interval at level 0.95
B5258: need >= 6 samples for confidence interval at level 0.95
B5259: need >= 6 samples for confidence interval at level 0.95
B5260: need >= 6 samples for confidence interval at level 0.95
candidate,
,allocs/op,CI
Extract_100KB-4,2325,∞
Enclosing_100KB-4,2325,∞
References_100KB_50Names-4,8,∞
geomean,351.0039203789362,

"pathstest: HOME is ""/tmp/360400775/001/home"" at the end of the run, not the isolated home ""/tmp/qompack-test-home-2332057623"": a test changed it without restoring it, and every test after it ran against that directory"
,candidate,
,sec/op,CI
Extract_100KB-4,0.0011220050000000001,∞
Enclosing_100KB-4,0.001112045,∞
References_100KB_50Names-4,0.00017130200000000002,∞
geomean,0.0005978972132031462,

,candidate,
,B/s,CI
Extract_100KB-4,9.162e+07,∞
Enclosing_100KB-4,9.2435e+07,∞
References_100KB_50Names-4,6.00095e+08,∞
geomean,1.7192891154807442e+08,

,candidate,
,B/op,CI
Extract_100KB-4,311977,∞
Enclosing_100KB-4,312194.5,∞
References_100KB_50Names-4,4128,∞
geomean,73806.70851621508,

,candidate,
,allocs/op,CI
Extract_100KB-4,2325,∞
Enclosing_100KB-4,2325,∞
References_100KB_50Names-4,8,∞
geomean,351.0039203789362,

"pathstest: HOME is ""/tmp/3768425099/001/home"" at the end of the run, not the isolated home ""/tmp/qompack-test-home-1296488687"": a test changed it without restoring it, and every test after it ran against that directory"
,candidate,
,sec/op,CI
Extract_100KB-4,0.001085021,∞
Enclosing_100KB-4,0.0010801270000000002,∞
References_100KB_50Names-4,0.00016381500000000002,∞
geomean,0.0005768845094723652,

,candidate,
,B/s,CI
Extract_100KB-4,9.473e+07,∞
Enclosing_100KB-4,9.516e+07,∞
References_100KB_50Names-4,6.2746e+08,∞
geomean,1.7817331976496962e+08,

,candidate,
,B/op,CI
Extract_100KB-4,312294,∞
Enclosing_100KB-4,311565,∞
References_100KB_50Names-4,4128,∞
geomean,73782.04097186809,

,candidate,
,allocs/op,CI
Extract_100KB-4,2325,∞
Enclosing_100KB-4,2325,∞
References_100KB_50Names-4,8,∞
geomean,351.0039203789362,

"pathstest: HOME is ""/tmp/426110959/001/home"" at the end of the run, not the isolated home ""/tmp/qompack-test-home-2219520244"": a test changed it without restoring it, and every test after it ran against that directory"
,candidate,
,sec/op,CI
Extract_100KB-4,0.001117717,∞
Enclosing_100KB-4,0.001113857,∞
References_100KB_50Names-4,0.00017691700000000001,∞
geomean,0.0006039165811435058,

,candidate,
,B/s,CI
Extract_100KB-4,9.196e+07,∞
Enclosing_100KB-4,9.228e+07,∞
References_100KB_50Names-4,5.8099e+08,∞
geomean,1.701995478235966e+08,

,candidate,
,B/op,CI
Extract_100KB-4,312721,∞
Enclosing_100KB-4,312059,∞
References_100KB_50Names-4,4128,∞
geomean,73854.64513806235,

,candidate,
,allocs/op,CI
Extract_100KB-4,2325,∞
Enclosing_100KB-4,2325,∞
References_100KB_50Names-4,8,∞
geomean,351.0039203789362,

"pathstest: HOME is ""/tmp/454528945/001/home"" at the end of the run, not the isolated home ""/tmp/qompack-test-home-2142291653"": a test changed it without restoring it, and every test after it ran against that directory"
,candidate,
,sec/op,CI
Extract_100KB-4,0.0011001750000000001,∞
Enclosing_100KB-4,0.001144871,∞
References_100KB_50Names-4,0.000172625,∞
geomean,0.0006013223408187096,

,candidate,
,B/s,CI
Extract_100KB-4,9.343e+07,∞
Enclosing_100KB-4,8.978e+07,∞
References_100KB_50Names-4,5.9544e+08,∞
geomean,1.7093643884388626e+08,

,candidate,
,B/op,CI
Extract_100KB-4,312258,∞
Enclosing_100KB-4,312387,∞
References_100KB_50Names-4,4128,∞
geomean,73844.03252611293,

,candidate,
,allocs/op,CI
Extract_100KB-4,2325,∞
Enclosing_100KB-4,2325,∞
References_100KB_50Names-4,8,∞
geomean,351.0039203789362,
