C:/Users/Quant/Documents/Programming/Projects/qompack-v6/plans/sdd/V6-closeout/phase3/c5/quiet/c52-linux/candidate.txt:382: parsing iteration count: invalid syntax
goos: linux
goarch: amd64
pkg: github.com/qompack/qompack/internal/canon
cpu: Intel(R) Core(TM) Ultra 7 155H
pathstest: 
                 │     base     │               candidate                │
                 │    sec/op    │    sec/op     vs base                  │
Run_Bash100KB-4    2.640m ±  2%   2.070m ± ∞ ¹        ~ (p=0.182 n=10+1)
Run_GoTest-4       846.1µ ±  2%   623.5µ ± ∞ ¹        ~ (p=0.182 n=10+1)
Run_KeepDeltas-4   2.650m ±  3%   2.026m ± ∞ ¹        ~ (p=0.182 n=10+1)
Restore_100KB-4    15.19µ ± 12%   14.81µ ± ∞ ¹        ~ (p=1.000 n=10+1)
geomean            547.7µ         443.6µ        -19.00%
¹ need >= 6 samples for confidence interval at level 0.95

                 │     base      │                candidate                │
                 │      B/s      │      B/s       vs base                  │
Run_Bash100KB-4    36.99Mi ±  2%   47.18Mi ± ∞ ¹        ~ (p=0.182 n=10+1)
Run_GoTest-4       13.45Mi ±  2%   18.24Mi ± ∞ ¹        ~ (p=0.182 n=10+1)
Run_KeepDeltas-4   36.85Mi ±  3%   48.22Mi ± ∞ ¹        ~ (p=0.182 n=10+1)
Restore_100KB-4    6.282Gi ± 10%   6.440Gi ± ∞ ¹        ~ (p=1.000 n=10+1)
geomean            104.2Mi         128.6Mi        +23.43%
¹ need >= 6 samples for confidence interval at level 0.95

                 │     base     │                candidate                 │
                 │     B/op     │     B/op       vs base                   │
Run_Bash100KB-4    1.021Mi ± 0%   1.012Mi ± ∞ ¹       ~ (p=0.182 n=10+1)
Run_GoTest-4       532.3Ki ± 0%   500.9Ki ± ∞ ¹       ~ (p=0.182 n=10+1)
Run_KeepDeltas-4   1.021Mi ± 0%   1.012Mi ± ∞ ¹       ~ (p=0.182 n=10+1)
Restore_100KB-4    104.0Ki ± 0%   104.0Ki ± ∞ ¹       ~ (p=1.000 n=10+1) ²
geomean            496.0Ki        486.4Ki        -1.93%
¹ need >= 6 samples for confidence interval at level 0.95
² all samples are equal

                 │    base    │                candidate                │
                 │ allocs/op  │  allocs/op   vs base                    │
Run_Bash100KB-4    38.00 ± 3%   36.00 ± ∞ ¹   -5.26% (n=10+1)
Run_GoTest-4       285.0 ± 0%   168.0 ± ∞ ¹  -41.05% (n=10+1)
Run_KeepDeltas-4   38.50 ± 1%   37.00 ± ∞ ¹   -3.90% (n=10+1)
Restore_100KB-4    1.000 ± 0%   1.000 ± ∞ ¹        ~ (p=1.000 n=10+1) ²
geomean            25.41        21.75        -14.41%
¹ need >= 6 samples for confidence interval at level 0.95
² all samples are equal

pathstest: HOME is "/tmp/1925223897/001/home" at the end of the run, not the isolated home "/tmp/qompack-test-home-963714756": a test changed it without restoring it, and every test after it ran against that directory
                 │  candidate   │
                 │    sec/op    │
Run_Bash100KB-4    1.995m ± ∞ ¹
Run_GoTest-4       613.8µ ± ∞ ¹
Run_KeepDeltas-4   2.019m ± ∞ ¹
Restore_100KB-4    15.25µ ± ∞ ¹
geomean            440.7µ
¹ need >= 6 samples for confidence interval at level 0.95

                 │   candidate   │
                 │      B/s      │
Run_Bash100KB-4    48.95Mi ± ∞ ¹
Run_GoTest-4       18.53Mi ± ∞ ¹
Run_KeepDeltas-4   48.37Mi ± ∞ ¹
Restore_100KB-4    6.253Gi ± ∞ ¹
geomean            129.5Mi
¹ need >= 6 samples for confidence interval at level 0.95

                 │   candidate   │
                 │     B/op      │
Run_Bash100KB-4    1.012Mi ± ∞ ¹
Run_GoTest-4       501.3Ki ± ∞ ¹
Run_KeepDeltas-4   1.012Mi ± ∞ ¹
Restore_100KB-4    104.0Ki ± ∞ ¹
geomean            486.5Ki
¹ need >= 6 samples for confidence interval at level 0.95

                 │  candidate  │
                 │  allocs/op  │
Run_Bash100KB-4    36.00 ± ∞ ¹
Run_GoTest-4       168.0 ± ∞ ¹
Run_KeepDeltas-4   36.00 ± ∞ ¹
Restore_100KB-4    1.000 ± ∞ ¹
geomean            21.60
¹ need >= 6 samples for confidence interval at level 0.95

pathstest: HOME is "/tmp/2768512412/001/home" at the end of the run, not the isolated home "/tmp/qompack-test-home-1018763912": a test changed it without restoring it, and every test after it ran against that directory
                 │  candidate   │
                 │    sec/op    │
Run_Bash100KB-4    2.034m ± ∞ ¹
Run_GoTest-4       618.9µ ± ∞ ¹
Run_KeepDeltas-4   2.048m ± ∞ ¹
Restore_100KB-4    15.17µ ± ∞ ¹
geomean            444.7µ
¹ need >= 6 samples for confidence interval at level 0.95

                 │   candidate   │
                 │      B/s      │
Run_Bash100KB-4    48.02Mi ± ∞ ¹
Run_GoTest-4       18.38Mi ± ∞ ¹
Run_KeepDeltas-4   47.68Mi ± ∞ ¹
Restore_100KB-4    6.286Gi ± ∞ ¹
geomean            128.3Mi
¹ need >= 6 samples for confidence interval at level 0.95

                 │   candidate   │
                 │     B/op      │
Run_Bash100KB-4    1.012Mi ± ∞ ¹
Run_GoTest-4       501.8Ki ± ∞ ¹
Run_KeepDeltas-4   1.012Mi ± ∞ ¹
Restore_100KB-4    104.0Ki ± ∞ ¹
geomean            486.6Ki
¹ need >= 6 samples for confidence interval at level 0.95

                 │  candidate  │
                 │  allocs/op  │
Run_Bash100KB-4    36.00 ± ∞ ¹
Run_GoTest-4       168.0 ± ∞ ¹
Run_KeepDeltas-4   36.00 ± ∞ ¹
Restore_100KB-4    1.000 ± ∞ ¹
geomean            21.60
¹ need >= 6 samples for confidence interval at level 0.95

pathstest: HOME is "/tmp/2974957428/001/home" at the end of the run, not the isolated home "/tmp/qompack-test-home-99215005": a test changed it without restoring it, and every test after it ran against that directory
                 │  candidate   │
                 │    sec/op    │
Run_Bash100KB-4    1.995m ± ∞ ¹
Run_GoTest-4       603.5µ ± ∞ ¹
Run_KeepDeltas-4   2.047m ± ∞ ¹
Restore_100KB-4    16.79µ ± ∞ ¹
geomean            451.0µ
¹ need >= 6 samples for confidence interval at level 0.95

                 │   candidate   │
                 │      B/s      │
Run_Bash100KB-4    48.96Mi ± ∞ ¹
Run_GoTest-4       18.84Mi ± ∞ ¹
Run_KeepDeltas-4   47.71Mi ± ∞ ¹
Restore_100KB-4    5.680Gi ± ∞ ¹
geomean            126.5Mi
¹ need >= 6 samples for confidence interval at level 0.95

                 │   candidate   │
                 │     B/op      │
Run_Bash100KB-4    1.012Mi ± ∞ ¹
Run_GoTest-4       501.0Ki ± ∞ ¹
Run_KeepDeltas-4   1.012Mi ± ∞ ¹
Restore_100KB-4    104.0Ki ± ∞ ¹
geomean            486.5Ki
¹ need >= 6 samples for confidence interval at level 0.95

                 │  candidate  │
                 │  allocs/op  │
Run_Bash100KB-4    37.00 ± ∞ ¹
Run_GoTest-4       168.0 ± ∞ ¹
Run_KeepDeltas-4   37.00 ± ∞ ¹
Restore_100KB-4    1.000 ± ∞ ¹
geomean            21.90
¹ need >= 6 samples for confidence interval at level 0.95

pathstest: HOME is "/tmp/3178765180/001/home" at the end of the run, not the isolated home "/tmp/qompack-test-home-1482751880": a test changed it without restoring it, and every test after it ran against that directory
                 │  candidate   │
                 │    sec/op    │
Run_Bash100KB-4    2.101m ± ∞ ¹
Run_GoTest-4       633.2µ ± ∞ ¹
Run_KeepDeltas-4   2.104m ± ∞ ¹
Restore_100KB-4    17.20µ ± ∞ ¹
geomean            468.5µ
¹ need >= 6 samples for confidence interval at level 0.95

                 │   candidate   │
                 │      B/s      │
Run_Bash100KB-4    46.47Mi ± ∞ ¹
Run_GoTest-4       17.97Mi ± ∞ ¹
Run_KeepDeltas-4   46.42Mi ± ∞ ¹
Restore_100KB-4    5.544Gi ± ∞ ¹
geomean            121.8Mi
¹ need >= 6 samples for confidence interval at level 0.95

                 │   candidate   │
                 │     B/op      │
Run_Bash100KB-4    1.012Mi ± ∞ ¹
Run_GoTest-4       501.5Ki ± ∞ ¹
Run_KeepDeltas-4   1.012Mi ± ∞ ¹
Restore_100KB-4    104.0Ki ± ∞ ¹
geomean            486.5Ki
¹ need >= 6 samples for confidence interval at level 0.95

                 │  candidate  │
                 │  allocs/op  │
Run_Bash100KB-4    37.00 ± ∞ ¹
Run_GoTest-4       168.0 ± ∞ ¹
Run_KeepDeltas-4   36.00 ± ∞ ¹
Restore_100KB-4    1.000 ± ∞ ¹
geomean            21.75
¹ need >= 6 samples for confidence interval at level 0.95

pathstest: HOME is "/tmp/3430838114/001/home" at the end of the run, not the isolated home "/tmp/qompack-test-home-1101472913": a test changed it without restoring it, and every test after it ran against that directory
                 │  candidate   │
                 │    sec/op    │
Run_Bash100KB-4    2.066m ± ∞ ¹
Run_GoTest-4       657.3µ ± ∞ ¹
Run_KeepDeltas-4   2.065m ± ∞ ¹
Restore_100KB-4    16.15µ ± ∞ ¹
geomean            461.3µ
¹ need >= 6 samples for confidence interval at level 0.95

                 │   candidate   │
                 │      B/s      │
Run_Bash100KB-4    47.28Mi ± ∞ ¹
Run_GoTest-4       17.31Mi ± ∞ ¹
Run_KeepDeltas-4   47.29Mi ± ∞ ¹
Restore_100KB-4    5.905Gi ± ∞ ¹
geomean            123.7Mi
¹ need >= 6 samples for confidence interval at level 0.95

                 │   candidate   │
                 │     B/op      │
Run_Bash100KB-4    1.012Mi ± ∞ ¹
Run_GoTest-4       501.8Ki ± ∞ ¹
Run_KeepDeltas-4   1.012Mi ± ∞ ¹
Restore_100KB-4    104.0Ki ± ∞ ¹
geomean            486.6Ki
¹ need >= 6 samples for confidence interval at level 0.95

                 │  candidate  │
                 │  allocs/op  │
Run_Bash100KB-4    36.00 ± ∞ ¹
Run_GoTest-4       168.0 ± ∞ ¹
Run_KeepDeltas-4   36.00 ± ∞ ¹
Restore_100KB-4    1.000 ± ∞ ¹
geomean            21.60
¹ need >= 6 samples for confidence interval at level 0.95

pathstest: HOME is "/tmp/360400775/001/home" at the end of the run, not the isolated home "/tmp/qompack-test-home-2332057623": a test changed it without restoring it, and every test after it ran against that directory
                 │  candidate   │
                 │    sec/op    │
Run_Bash100KB-4    1.961m ± ∞ ¹
Run_GoTest-4       622.1µ ± ∞ ¹
Run_KeepDeltas-4   2.011m ± ∞ ¹
Restore_100KB-4    16.37µ ± ∞ ¹
geomean            447.7µ
¹ need >= 6 samples for confidence interval at level 0.95

                 │   candidate   │
                 │      B/s      │
Run_Bash100KB-4    49.80Mi ± ∞ ¹
Run_GoTest-4       18.28Mi ± ∞ ¹
Run_KeepDeltas-4   48.58Mi ± ∞ ¹
Restore_100KB-4    5.874Gi ± ∞ ¹
geomean            127.7Mi
¹ need >= 6 samples for confidence interval at level 0.95

                 │   candidate   │
                 │     B/op      │
Run_Bash100KB-4    1.012Mi ± ∞ ¹
Run_GoTest-4       500.8Ki ± ∞ ¹
Run_KeepDeltas-4   1.012Mi ± ∞ ¹
Restore_100KB-4    104.0Ki ± ∞ ¹
geomean            486.3Ki
¹ need >= 6 samples for confidence interval at level 0.95

                 │  candidate  │
                 │  allocs/op  │
Run_Bash100KB-4    36.00 ± ∞ ¹
Run_GoTest-4       168.0 ± ∞ ¹
Run_KeepDeltas-4   36.00 ± ∞ ¹
Restore_100KB-4    1.000 ± ∞ ¹
geomean            21.60
¹ need >= 6 samples for confidence interval at level 0.95

pathstest: HOME is "/tmp/3768425099/001/home" at the end of the run, not the isolated home "/tmp/qompack-test-home-1296488687": a test changed it without restoring it, and every test after it ran against that directory
                 │  candidate   │
                 │    sec/op    │
Run_Bash100KB-4    2.002m ± ∞ ¹
Run_GoTest-4       601.4µ ± ∞ ¹
Run_KeepDeltas-4   2.013m ± ∞ ¹
Restore_100KB-4    17.33µ ± ∞ ¹
geomean            452.7µ
¹ need >= 6 samples for confidence interval at level 0.95

                 │   candidate   │
                 │      B/s      │
Run_Bash100KB-4    48.79Mi ± ∞ ¹
Run_GoTest-4       18.91Mi ± ∞ ¹
Run_KeepDeltas-4   48.51Mi ± ∞ ¹
Restore_100KB-4    5.503Gi ± ∞ ¹
geomean            126.0Mi
¹ need >= 6 samples for confidence interval at level 0.95

                 │   candidate   │
                 │     B/op      │
Run_Bash100KB-4    1.012Mi ± ∞ ¹
Run_GoTest-4       502.5Ki ± ∞ ¹
Run_KeepDeltas-4   1.012Mi ± ∞ ¹
Restore_100KB-4    104.0Ki ± ∞ ¹
geomean            486.8Ki
¹ need >= 6 samples for confidence interval at level 0.95

                 │  candidate  │
                 │  allocs/op  │
Run_Bash100KB-4    36.00 ± ∞ ¹
Run_GoTest-4       168.0 ± ∞ ¹
Run_KeepDeltas-4   36.00 ± ∞ ¹
Restore_100KB-4    1.000 ± ∞ ¹
geomean            21.60
¹ need >= 6 samples for confidence interval at level 0.95

pathstest: HOME is "/tmp/426110959/001/home" at the end of the run, not the isolated home "/tmp/qompack-test-home-2219520244": a test changed it without restoring it, and every test after it ran against that directory
                 │  candidate   │
                 │    sec/op    │
Run_Bash100KB-4    2.050m ± ∞ ¹
Run_GoTest-4       610.8µ ± ∞ ¹
Run_KeepDeltas-4   2.016m ± ∞ ¹
Restore_100KB-4    15.08µ ± ∞ ¹
geomean            441.7µ
¹ need >= 6 samples for confidence interval at level 0.95

                 │   candidate   │
                 │      B/s      │
Run_Bash100KB-4    47.64Mi ± ∞ ¹
Run_GoTest-4       18.63Mi ± ∞ ¹
Run_KeepDeltas-4   48.44Mi ± ∞ ¹
Restore_100KB-4    6.326Gi ± ∞ ¹
geomean            129.2Mi
¹ need >= 6 samples for confidence interval at level 0.95

                 │   candidate   │
                 │     B/op      │
Run_Bash100KB-4    1.012Mi ± ∞ ¹
Run_GoTest-4       500.9Ki ± ∞ ¹
Run_KeepDeltas-4   1.012Mi ± ∞ ¹
Restore_100KB-4    104.0Ki ± ∞ ¹
geomean            486.4Ki
¹ need >= 6 samples for confidence interval at level 0.95

                 │  candidate  │
                 │  allocs/op  │
Run_Bash100KB-4    36.00 ± ∞ ¹
Run_GoTest-4       168.0 ± ∞ ¹
Run_KeepDeltas-4   36.00 ± ∞ ¹
Restore_100KB-4    1.000 ± ∞ ¹
geomean            21.60
¹ need >= 6 samples for confidence interval at level 0.95

pkg: github.com/qompack/qompack/internal/checkpoint
pathstest: 
                   │    base     │               candidate               │
                   │   sec/op    │    sec/op     vs base                 │
Finalize-4           34.37m ± 3%   46.04m ± ∞ ¹       ~ (p=0.182 n=10+1)
ExtractDecisions-4   5.902m ± 2%   5.752m ± ∞ ¹       ~ (p=0.364 n=10+1)
StripInjections-4    209.3µ ± 6%   129.1µ ± ∞ ¹       ~ (p=0.182 n=10+1)
Truncate-4           1.155m ± 7%   1.024m ± ∞ ¹       ~ (p=0.182 n=10+1)
AdvanceSegment-4     21.72m ± 3%   20.77m ± ∞ ¹       ~ (p=0.182 n=10+1)
geomean              4.031m        3.736m        -7.34%
¹ need >= 6 samples for confidence interval at level 0.95

                  │     base     │             candidate             │
                  │     B/s      │      B/s       vs base            │
StripInjections-4   1.166Gi ± 6%   1.891Gi ± ∞ ¹  ~ (p=0.182 n=10+1)
¹ need >= 6 samples for confidence interval at level 0.95

                   │     base     │               candidate                │
                   │     B/op     │     B/op       vs base                 │
Finalize-4           3.811Mi ± 1%   3.188Mi ± ∞ ¹       ~ (p=0.182 n=10+1)
ExtractDecisions-4   6.834Mi ± 0%   7.112Mi ± ∞ ¹       ~ (p=0.182 n=10+1)
StripInjections-4    1.108Mi ± 0%   1.108Mi ± ∞ ¹       ~ (p=0.182 n=10+1)
Truncate-4           724.9Ki ± 0%   719.7Ki ± ∞ ¹       ~ (p=0.182 n=10+1)
AdvanceSegment-4     6.469Mi ± 5%   5.558Mi ± ∞ ¹       ~ (p=0.364 n=10+1)
geomean              2.656Mi        2.503Mi        -5.78%
¹ need >= 6 samples for confidence interval at level 0.95

                   │    base     │                candidate                 │
                   │  allocs/op  │  allocs/op    vs base                    │
Finalize-4           22.49k ± 0%   15.82k ± ∞ ¹        ~ (p=0.182 n=10+1)
ExtractDecisions-4   32.65k ± 0%   32.48k ± ∞ ¹   -0.51% (n=10+1)
StripInjections-4     14.00 ± 0%    14.00 ± ∞ ¹        ~ (p=1.000 n=10+1) ²
Truncate-4           1.571k ± 0%   1.562k ± ∞ ¹   -0.57% (n=10+1)
AdvanceSegment-4     6.678k ± 5%   5.656k ± ∞ ¹        ~ (p=0.545 n=10+1)
geomean              2.550k        2.294k        -10.04%
¹ need >= 6 samples for confidence interval at level 0.95
² all samples are equal

pathstest: HOME is "/tmp/1925223897/001/home" at the end of the run, not the isolated home "/tmp/qompack-test-home-963714756": a test changed it without restoring it, and every test after it ran against that directory
                   │  candidate   │
                   │    sec/op    │
Finalize-4           47.76m ± ∞ ¹
ExtractDecisions-4   5.856m ± ∞ ¹
StripInjections-4    137.1µ ± ∞ ¹
Truncate-4           997.9µ ± ∞ ¹
AdvanceSegment-4     21.62m ± ∞ ¹
geomean              3.833m
¹ need >= 6 samples for confidence interval at level 0.95

                  │   candidate   │
                  │      B/s      │
StripInjections-4   1.781Gi ± ∞ ¹
¹ need >= 6 samples for confidence interval at level 0.95

                   │   candidate   │
                   │     B/op      │
Finalize-4           3.225Mi ± ∞ ¹
ExtractDecisions-4   7.113Mi ± ∞ ¹
StripInjections-4    1.108Mi ± ∞ ¹
Truncate-4           720.0Ki ± ∞ ¹
AdvanceSegment-4     6.215Mi ± ∞ ¹
geomean              2.565Mi
¹ need >= 6 samples for confidence interval at level 0.95

                   │  candidate   │
                   │  allocs/op   │
Finalize-4           15.83k ± ∞ ¹
ExtractDecisions-4   32.48k ± ∞ ¹
StripInjections-4     14.00 ± ∞ ¹
Truncate-4           1.562k ± ∞ ¹
AdvanceSegment-4     6.356k ± ∞ ¹
geomean              2.349k
¹ need >= 6 samples for confidence interval at level 0.95

pathstest: HOME is "/tmp/2768512412/001/home" at the end of the run, not the isolated home "/tmp/qompack-test-home-1018763912": a test changed it without restoring it, and every test after it ran against that directory
                   │  candidate   │
                   │    sec/op    │
Finalize-4           47.69m ± ∞ ¹
ExtractDecisions-4   5.612m ± ∞ ¹
StripInjections-4    131.7µ ± ∞ ¹
Truncate-4           1.010m ± ∞ ¹
AdvanceSegment-4     20.44m ± ∞ ¹
geomean              3.736m
¹ need >= 6 samples for confidence interval at level 0.95

                  │   candidate   │
                  │      B/s      │
StripInjections-4   1.854Gi ± ∞ ¹
¹ need >= 6 samples for confidence interval at level 0.95

                   │   candidate   │
                   │     B/op      │
Finalize-4           3.250Mi ± ∞ ¹
ExtractDecisions-4   7.112Mi ± ∞ ¹
StripInjections-4    1.108Mi ± ∞ ¹
Truncate-4           719.6Ki ± ∞ ¹
AdvanceSegment-4     5.507Mi ± ∞ ¹
geomean              2.507Mi
¹ need >= 6 samples for confidence interval at level 0.95

                   │  candidate   │
                   │  allocs/op   │
Finalize-4           15.83k ± ∞ ¹
ExtractDecisions-4   32.48k ± ∞ ¹
StripInjections-4     14.00 ± ∞ ¹
Truncate-4           1.562k ± ∞ ¹
AdvanceSegment-4     5.656k ± ∞ ¹
geomean              2.294k
¹ need >= 6 samples for confidence interval at level 0.95

pathstest: HOME is "/tmp/2974957428/001/home" at the end of the run, not the isolated home "/tmp/qompack-test-home-99215005": a test changed it without restoring it, and every test after it ran against that directory
                   │  candidate   │
                   │    sec/op    │
Finalize-4           44.91m ± ∞ ¹
ExtractDecisions-4   5.718m ± ∞ ¹
StripInjections-4    130.7µ ± ∞ ¹
Truncate-4           1.016m ± ∞ ¹
AdvanceSegment-4     22.43m ± ∞ ¹
geomean              3.773m
¹ need >= 6 samples for confidence interval at level 0.95

                  │   candidate   │
                  │      B/s      │
StripInjections-4   1.868Gi ± ∞ ¹
¹ need >= 6 samples for confidence interval at level 0.95

                   │   candidate   │
                   │     B/op      │
Finalize-4           3.200Mi ± ∞ ¹
ExtractDecisions-4   7.111Mi ± ∞ ¹
StripInjections-4    1.108Mi ± ∞ ¹
Truncate-4           720.0Ki ± ∞ ¹
AdvanceSegment-4     6.720Mi ± ∞ ¹
geomean              2.602Mi
¹ need >= 6 samples for confidence interval at level 0.95

                   │  candidate   │
                   │  allocs/op   │
Finalize-4           15.83k ± ∞ ¹
ExtractDecisions-4   32.48k ± ∞ ¹
StripInjections-4     14.00 ± ∞ ¹
Truncate-4           1.562k ± ∞ ¹
AdvanceSegment-4     6.759k ± ∞ ¹
geomean              2.378k
¹ need >= 6 samples for confidence interval at level 0.95

pathstest: HOME is "/tmp/3178765180/001/home" at the end of the run, not the isolated home "/tmp/qompack-test-home-1482751880": a test changed it without restoring it, and every test after it ran against that directory
                   │  candidate   │
                   │    sec/op    │
Finalize-4           46.30m ± ∞ ¹
ExtractDecisions-4   5.971m ± ∞ ¹
StripInjections-4    126.5µ ± ∞ ¹
Truncate-4           1.013m ± ∞ ¹
AdvanceSegment-4     22.04m ± ∞ ¹
geomean              3.789m
¹ need >= 6 samples for confidence interval at level 0.95

                  │   candidate   │
                  │      B/s      │
StripInjections-4   1.931Gi ± ∞ ¹
¹ need >= 6 samples for confidence interval at level 0.95

                   │   candidate   │
                   │     B/op      │
Finalize-4           3.214Mi ± ∞ ¹
ExtractDecisions-4   7.112Mi ± ∞ ¹
StripInjections-4    1.108Mi ± ∞ ¹
Truncate-4           719.7Ki ± ∞ ¹
AdvanceSegment-4     5.591Mi ± ∞ ¹
geomean              2.510Mi
¹ need >= 6 samples for confidence interval at level 0.95

                   │  candidate   │
                   │  allocs/op   │
Finalize-4           15.83k ± ∞ ¹
ExtractDecisions-4   32.48k ± ∞ ¹
StripInjections-4     14.00 ± ∞ ¹
Truncate-4           1.562k ± ∞ ¹
AdvanceSegment-4     5.755k ± ∞ ¹
geomean              2.302k
¹ need >= 6 samples for confidence interval at level 0.95

pathstest: HOME is "/tmp/3430838114/001/home" at the end of the run, not the isolated home "/tmp/qompack-test-home-1101472913": a test changed it without restoring it, and every test after it ran against that directory
                   │  candidate   │
                   │    sec/op    │
Finalize-4           46.06m ± ∞ ¹
ExtractDecisions-4   5.722m ± ∞ ¹
StripInjections-4    140.6µ ± ∞ ¹
Truncate-4           1.027m ± ∞ ¹
AdvanceSegment-4     22.55m ± ∞ ¹
geomean              3.861m
¹ need >= 6 samples for confidence interval at level 0.95

                  │   candidate   │
                  │      B/s      │
StripInjections-4   1.737Gi ± ∞ ¹
¹ need >= 6 samples for confidence interval at level 0.95

                   │   candidate   │
                   │     B/op      │
Finalize-4           3.164Mi ± ∞ ¹
ExtractDecisions-4   7.112Mi ± ∞ ¹
StripInjections-4    1.108Mi ± ∞ ¹
Truncate-4           719.9Ki ± ∞ ¹
AdvanceSegment-4     5.004Mi ± ∞ ¹
geomean              2.447Mi
¹ need >= 6 samples for confidence interval at level 0.95

                   │  candidate   │
                   │  allocs/op   │
Finalize-4           15.82k ± ∞ ¹
ExtractDecisions-4   32.48k ± ∞ ¹
StripInjections-4     14.00 ± ∞ ¹
Truncate-4           1.562k ± ∞ ¹
AdvanceSegment-4     5.153k ± ∞ ¹
geomean              2.252k
¹ need >= 6 samples for confidence interval at level 0.95

pathstest: HOME is "/tmp/360400775/001/home" at the end of the run, not the isolated home "/tmp/qompack-test-home-2332057623": a test changed it without restoring it, and every test after it ran against that directory
                   │  candidate   │
                   │    sec/op    │
Finalize-4           44.50m ± ∞ ¹
ExtractDecisions-4   5.678m ± ∞ ¹
StripInjections-4    133.1µ ± ∞ ¹
Truncate-4           1.010m ± ∞ ¹
AdvanceSegment-4     21.70m ± ∞ ¹
geomean              3.746m
¹ need >= 6 samples for confidence interval at level 0.95

                  │   candidate   │
                  │      B/s      │
StripInjections-4   1.836Gi ± ∞ ¹
¹ need >= 6 samples for confidence interval at level 0.95

                   │   candidate   │
                   │     B/op      │
Finalize-4           3.228Mi ± ∞ ¹
ExtractDecisions-4   7.112Mi ± ∞ ¹
StripInjections-4    1.108Mi ± ∞ ¹
Truncate-4           719.8Ki ± ∞ ¹
AdvanceSegment-4     6.273Mi ± ∞ ¹
geomean              2.570Mi
¹ need >= 6 samples for confidence interval at level 0.95

                   │  candidate   │
                   │  allocs/op   │
Finalize-4           15.82k ± ∞ ¹
ExtractDecisions-4   32.48k ± ∞ ¹
StripInjections-4     14.00 ± ∞ ¹
Truncate-4           1.562k ± ∞ ¹
AdvanceSegment-4     6.356k ± ∞ ¹
geomean              2.349k
¹ need >= 6 samples for confidence interval at level 0.95

pathstest: HOME is "/tmp/3768425099/001/home" at the end of the run, not the isolated home "/tmp/qompack-test-home-1296488687": a test changed it without restoring it, and every test after it ran against that directory
                   │  candidate   │
                   │    sec/op    │
Finalize-4           45.29m ± ∞ ¹
ExtractDecisions-4   5.653m ± ∞ ¹
StripInjections-4    131.3µ ± ∞ ¹
Truncate-4           1.034m ± ∞ ¹
AdvanceSegment-4     22.11m ± ∞ ¹
geomean              3.777m
¹ need >= 6 samples for confidence interval at level 0.95

                  │   candidate   │
                  │      B/s      │
StripInjections-4   1.859Gi ± ∞ ¹
¹ need >= 6 samples for confidence interval at level 0.95

                   │   candidate   │
                   │     B/op      │
Finalize-4           3.200Mi ± ∞ ¹
ExtractDecisions-4   7.112Mi ± ∞ ¹
StripInjections-4    1.108Mi ± ∞ ¹
Truncate-4           719.8Ki ± ∞ ¹
AdvanceSegment-4     6.358Mi ± ∞ ¹
geomean              2.573Mi
¹ need >= 6 samples for confidence interval at level 0.95

                   │  candidate   │
                   │  allocs/op   │
Finalize-4           15.82k ± ∞ ¹
ExtractDecisions-4   32.48k ± ∞ ¹
StripInjections-4     14.00 ± ∞ ¹
Truncate-4           1.562k ± ∞ ¹
AdvanceSegment-4     6.358k ± ∞ ¹
geomean              2.349k
¹ need >= 6 samples for confidence interval at level 0.95

pathstest: HOME is "/tmp/426110959/001/home" at the end of the run, not the isolated home "/tmp/qompack-test-home-2219520244": a test changed it without restoring it, and every test after it ran against that directory
                   │  candidate   │
                   │    sec/op    │
Finalize-4           46.23m ± ∞ ¹
ExtractDecisions-4   5.885m ± ∞ ¹
StripInjections-4    126.7µ ± ∞ ¹
Truncate-4           996.3µ ± ∞ ¹
AdvanceSegment-4     22.33m ± ∞ ¹
geomean              3.775m
¹ need >= 6 samples for confidence interval at level 0.95

                  │   candidate   │
                  │      B/s      │
StripInjections-4   1.927Gi ± ∞ ¹
¹ need >= 6 samples for confidence interval at level 0.95

                   │   candidate   │
                   │     B/op      │
Finalize-4           3.275Mi ± ∞ ¹
ExtractDecisions-4   7.112Mi ± ∞ ¹
StripInjections-4    1.108Mi ± ∞ ¹
Truncate-4           719.9Ki ± ∞ ¹
AdvanceSegment-4     6.568Mi ± ∞ ¹
geomean              2.602Mi
¹ need >= 6 samples for confidence interval at level 0.95

                   │  candidate   │
                   │  allocs/op   │
Finalize-4           15.83k ± ∞ ¹
ExtractDecisions-4   32.48k ± ∞ ¹
StripInjections-4     14.00 ± ∞ ¹
Truncate-4           1.562k ± ∞ ¹
AdvanceSegment-4     6.658k ± ∞ ¹
geomean              2.371k
¹ need >= 6 samples for confidence interval at level 0.95

pkg: github.com/qompack/qompack/internal/chunk
pathstest: 
                      │    base     │               candidate               │
                      │   sec/op    │    sec/op     vs base                 │
Split_100KB-4           89.06µ ± 3%   88.15µ ± ∞ ¹       ~ (p=0.364 n=10+1)
GearScan_1MiB-4         408.2µ ± 3%   404.7µ ± ∞ ¹       ~ (p=0.182 n=10+1)
Split_1MiB-4            925.1µ ± 3%   917.0µ ± ∞ ¹       ~ (p=0.364 n=10+1)
SplitStream_4MiB-4      4.389m ± 3%   4.273m ± ∞ ¹       ~ (p=0.364 n=10+1)
RootHash_1000Chunks-4   20.86µ ± 2%   21.14µ ± ∞ ¹       ~ (p=0.545 n=10+1)
geomean                 314.6µ        312.0µ        -0.82%
¹ need >= 6 samples for confidence interval at level 0.95

                   │     base     │               candidate                │
                   │     B/s      │      B/s       vs base                 │
Split_100KB-4        1.071Gi ± 3%   1.082Gi ± ∞ ¹       ~ (p=0.364 n=10+1)
GearScan_1MiB-4      2.393Gi ± 3%   2.413Gi ± ∞ ¹       ~ (p=0.182 n=10+1)
Split_1MiB-4         1.056Gi ± 3%   1.065Gi ± ∞ ¹       ~ (p=0.364 n=10+1)
SplitStream_4MiB-4   911.3Mi ± 2%   936.0Mi ± ∞ ¹       ~ (p=0.364 n=10+1)
geomean              1.246Gi        1.263Gi        +1.37%
¹ need >= 6 samples for confidence interval at level 0.95

                      │      base      │                candidate                 │
                      │      B/op      │     B/op       vs base                   │
Split_100KB-4           4.875Ki ± 0%     4.875Ki ± ∞ ¹       ~ (p=1.000 n=10+1) ²
GearScan_1MiB-4           0.000 ± 0%       0.000 ± ∞ ¹       ~ (p=1.000 n=10+1) ²
Split_1MiB-4            56.12Ki ± 0%     56.12Ki ± ∞ ¹       ~ (p=1.000 n=10+1) ²
SplitStream_4MiB-4      32.23Ki ± 0%     32.23Ki ± ∞ ¹       ~ (p=1.000 n=10+1) ²
RootHash_1000Chunks-4     32.00 ± 0%       32.00 ± ∞ ¹       ~ (p=1.000 n=10+1) ²
geomean                              ³                  +0.00%                  ³
¹ need >= 6 samples for confidence interval at level 0.95
² all samples are equal
³ summaries must be >0 to compute geomean

                      │     base     │               candidate                │
                      │  allocs/op   │  allocs/op   vs base                   │
Split_100KB-4           2.000 ± 0%     2.000 ± ∞ ¹       ~ (p=1.000 n=10+1) ²
GearScan_1MiB-4         0.000 ± 0%     0.000 ± ∞ ¹       ~ (p=1.000 n=10+1) ²
Split_1MiB-4            2.000 ± 0%     2.000 ± ∞ ¹       ~ (p=1.000 n=10+1) ²
SplitStream_4MiB-4      6.000 ± 0%     6.000 ± ∞ ¹       ~ (p=1.000 n=10+1) ²
RootHash_1000Chunks-4   1.000 ± 0%     1.000 ± ∞ ¹       ~ (p=1.000 n=10+1) ²
geomean                            ³                +0.00%                  ³
¹ need >= 6 samples for confidence interval at level 0.95
² all samples are equal
³ summaries must be >0 to compute geomean

pathstest: HOME is "/tmp/1925223897/001/home" at the end of the run, not the isolated home "/tmp/qompack-test-home-963714756": a test changed it without restoring it, and every test after it ran against that directory
                      │  candidate   │
                      │    sec/op    │
Split_100KB-4           91.39µ ± ∞ ¹
GearScan_1MiB-4         407.3µ ± ∞ ¹
Split_1MiB-4            922.9µ ± ∞ ¹
SplitStream_4MiB-4      4.284m ± ∞ ¹
RootHash_1000Chunks-4   21.13µ ± ∞ ¹
geomean                 315.2µ
¹ need >= 6 samples for confidence interval at level 0.95

                   │   candidate   │
                   │      B/s      │
Split_100KB-4        1.044Gi ± ∞ ¹
GearScan_1MiB-4      2.397Gi ± ∞ ¹
Split_1MiB-4         1.058Gi ± ∞ ¹
SplitStream_4MiB-4   933.7Mi ± ∞ ¹
geomean              1.246Gi
¹ need >= 6 samples for confidence interval at level 0.95

                      │   candidate   │
                      │     B/op      │
Split_100KB-4           4.875Ki ± ∞ ¹
GearScan_1MiB-4           0.000 ± ∞ ¹
Split_1MiB-4            56.12Ki ± ∞ ¹
SplitStream_4MiB-4      32.23Ki ± ∞ ¹
RootHash_1000Chunks-4     32.00 ± ∞ ¹
geomean                             ²
¹ need >= 6 samples for confidence interval at level 0.95
² summaries must be >0 to compute geomean

                      │  candidate  │
                      │  allocs/op  │
Split_100KB-4           2.000 ± ∞ ¹
GearScan_1MiB-4         0.000 ± ∞ ¹
Split_1MiB-4            2.000 ± ∞ ¹
SplitStream_4MiB-4      6.000 ± ∞ ¹
RootHash_1000Chunks-4   1.000 ± ∞ ¹
geomean                           ²
¹ need >= 6 samples for confidence interval at level 0.95
² summaries must be >0 to compute geomean

pathstest: HOME is "/tmp/2768512412/001/home" at the end of the run, not the isolated home "/tmp/qompack-test-home-1018763912": a test changed it without restoring it, and every test after it ran against that directory
                      │  candidate   │
                      │    sec/op    │
Split_100KB-4           90.64µ ± ∞ ¹
GearScan_1MiB-4         414.2µ ± ∞ ¹
Split_1MiB-4            963.7µ ± ∞ ¹
SplitStream_4MiB-4      4.506m ± ∞ ¹
RootHash_1000Chunks-4   20.50µ ± ∞ ¹
geomean                 319.8µ
¹ need >= 6 samples for confidence interval at level 0.95

                   │   candidate   │
                   │      B/s      │
Split_100KB-4        1.052Gi ± ∞ ¹
GearScan_1MiB-4      2.358Gi ± ∞ ¹
Split_1MiB-4         1.013Gi ± ∞ ¹
SplitStream_4MiB-4   887.6Mi ± ∞ ¹
geomean              1.215Gi
¹ need >= 6 samples for confidence interval at level 0.95

                      │   candidate   │
                      │     B/op      │
Split_100KB-4           4.875Ki ± ∞ ¹
GearScan_1MiB-4           0.000 ± ∞ ¹
Split_1MiB-4            56.12Ki ± ∞ ¹
SplitStream_4MiB-4      32.23Ki ± ∞ ¹
RootHash_1000Chunks-4     32.00 ± ∞ ¹
geomean                             ²
¹ need >= 6 samples for confidence interval at level 0.95
² summaries must be >0 to compute geomean

                      │  candidate  │
                      │  allocs/op  │
Split_100KB-4           2.000 ± ∞ ¹
GearScan_1MiB-4         0.000 ± ∞ ¹
Split_1MiB-4            2.000 ± ∞ ¹
SplitStream_4MiB-4      6.000 ± ∞ ¹
RootHash_1000Chunks-4   1.000 ± ∞ ¹
geomean                           ²
¹ need >= 6 samples for confidence interval at level 0.95
² summaries must be >0 to compute geomean

pathstest: HOME is "/tmp/2974957428/001/home" at the end of the run, not the isolated home "/tmp/qompack-test-home-99215005": a test changed it without restoring it, and every test after it ran against that directory
                      │  candidate   │
                      │    sec/op    │
Split_100KB-4           87.90µ ± ∞ ¹
GearScan_1MiB-4         399.5µ ± ∞ ¹
Split_1MiB-4            927.1µ ± ∞ ¹
SplitStream_4MiB-4      4.339m ± ∞ ¹
RootHash_1000Chunks-4   21.35µ ± ∞ ¹
geomean                 313.2µ
¹ need >= 6 samples for confidence interval at level 0.95

                   │   candidate   │
                   │      B/s      │
Split_100KB-4        1.085Gi ± ∞ ¹
GearScan_1MiB-4      2.444Gi ± ∞ ¹
Split_1MiB-4         1.053Gi ± ∞ ¹
SplitStream_4MiB-4   922.0Mi ± ∞ ¹
geomean              1.259Gi
¹ need >= 6 samples for confidence interval at level 0.95

                      │   candidate   │
                      │     B/op      │
Split_100KB-4           4.875Ki ± ∞ ¹
GearScan_1MiB-4           0.000 ± ∞ ¹
Split_1MiB-4            56.12Ki ± ∞ ¹
SplitStream_4MiB-4      32.23Ki ± ∞ ¹
RootHash_1000Chunks-4     32.00 ± ∞ ¹
geomean                             ²
¹ need >= 6 samples for confidence interval at level 0.95
² summaries must be >0 to compute geomean

                      │  candidate  │
                      │  allocs/op  │
Split_100KB-4           2.000 ± ∞ ¹
GearScan_1MiB-4         0.000 ± ∞ ¹
Split_1MiB-4            2.000 ± ∞ ¹
SplitStream_4MiB-4      6.000 ± ∞ ¹
RootHash_1000Chunks-4   1.000 ± ∞ ¹
geomean                           ²
¹ need >= 6 samples for confidence interval at level 0.95
² summaries must be >0 to compute geomean

pathstest: HOME is "/tmp/3178765180/001/home" at the end of the run, not the isolated home "/tmp/qompack-test-home-1482751880": a test changed it without restoring it, and every test after it ran against that directory
                      │  candidate   │
                      │    sec/op    │
Split_100KB-4           89.17µ ± ∞ ¹
GearScan_1MiB-4         436.2µ ± ∞ ¹
Split_1MiB-4            948.7µ ± ∞ ¹
SplitStream_4MiB-4      4.445m ± ∞ ¹
RootHash_1000Chunks-4   21.20µ ± ∞ ¹
geomean                 322.3µ
¹ need >= 6 samples for confidence interval at level 0.95

                   │   candidate   │
                   │      B/s      │
Split_100KB-4        1.070Gi ± ∞ ¹
GearScan_1MiB-4      2.239Gi ± ∞ ¹
Split_1MiB-4         1.029Gi ± ∞ ¹
SplitStream_4MiB-4   899.9Mi ± ∞ ¹
geomean              1.213Gi
¹ need >= 6 samples for confidence interval at level 0.95

                      │   candidate   │
                      │     B/op      │
Split_100KB-4           4.875Ki ± ∞ ¹
GearScan_1MiB-4           0.000 ± ∞ ¹
Split_1MiB-4            56.12Ki ± ∞ ¹
SplitStream_4MiB-4      32.23Ki ± ∞ ¹
RootHash_1000Chunks-4     32.00 ± ∞ ¹
geomean                             ²
¹ need >= 6 samples for confidence interval at level 0.95
² summaries must be >0 to compute geomean

                      │  candidate  │
                      │  allocs/op  │
Split_100KB-4           2.000 ± ∞ ¹
GearScan_1MiB-4         0.000 ± ∞ ¹
Split_1MiB-4            2.000 ± ∞ ¹
SplitStream_4MiB-4      6.000 ± ∞ ¹
RootHash_1000Chunks-4   1.000 ± ∞ ¹
geomean                           ²
¹ need >= 6 samples for confidence interval at level 0.95
² summaries must be >0 to compute geomean

pathstest: HOME is "/tmp/3430838114/001/home" at the end of the run, not the isolated home "/tmp/qompack-test-home-1101472913": a test changed it without restoring it, and every test after it ran against that directory
                      │  candidate   │
                      │    sec/op    │
Split_100KB-4           90.53µ ± ∞ ¹
GearScan_1MiB-4         413.2µ ± ∞ ¹
Split_1MiB-4            938.4µ ± ∞ ¹
SplitStream_4MiB-4      4.467m ± ∞ ¹
RootHash_1000Chunks-4   21.05µ ± ∞ ¹
geomean                 318.9µ
¹ need >= 6 samples for confidence interval at level 0.95

                   │   candidate   │
                   │      B/s      │
Split_100KB-4        1.053Gi ± ∞ ¹
GearScan_1MiB-4      2.363Gi ± ∞ ¹
Split_1MiB-4         1.041Gi ± ∞ ¹
SplitStream_4MiB-4   895.5Mi ± ∞ ¹
geomean              1.227Gi
¹ need >= 6 samples for confidence interval at level 0.95

                      │   candidate   │
                      │     B/op      │
Split_100KB-4           4.875Ki ± ∞ ¹
GearScan_1MiB-4           0.000 ± ∞ ¹
Split_1MiB-4            56.12Ki ± ∞ ¹
SplitStream_4MiB-4      32.23Ki ± ∞ ¹
RootHash_1000Chunks-4     32.00 ± ∞ ¹
geomean                             ²
¹ need >= 6 samples for confidence interval at level 0.95
² summaries must be >0 to compute geomean

                      │  candidate  │
                      │  allocs/op  │
Split_100KB-4           2.000 ± ∞ ¹
GearScan_1MiB-4         0.000 ± ∞ ¹
Split_1MiB-4            2.000 ± ∞ ¹
SplitStream_4MiB-4      6.000 ± ∞ ¹
RootHash_1000Chunks-4   1.000 ± ∞ ¹
geomean                           ²
¹ need >= 6 samples for confidence interval at level 0.95
² summaries must be >0 to compute geomean

pathstest: HOME is "/tmp/360400775/001/home" at the end of the run, not the isolated home "/tmp/qompack-test-home-2332057623": a test changed it without restoring it, and every test after it ran against that directory
                      │  candidate   │
                      │    sec/op    │
Split_100KB-4           88.22µ ± ∞ ¹
GearScan_1MiB-4         397.5µ ± ∞ ¹
Split_1MiB-4            940.9µ ± ∞ ¹
SplitStream_4MiB-4      4.274m ± ∞ ¹
RootHash_1000Chunks-4   20.58µ ± ∞ ¹
geomean                 310.8µ
¹ need >= 6 samples for confidence interval at level 0.95

                   │   candidate   │
                   │      B/s      │
Split_100KB-4        1.081Gi ± ∞ ¹
GearScan_1MiB-4      2.457Gi ± ∞ ¹
Split_1MiB-4         1.038Gi ± ∞ ¹
SplitStream_4MiB-4   936.1Mi ± ∞ ¹
geomean              1.260Gi
¹ need >= 6 samples for confidence interval at level 0.95

                      │   candidate   │
                      │     B/op      │
Split_100KB-4           4.875Ki ± ∞ ¹
GearScan_1MiB-4           0.000 ± ∞ ¹
Split_1MiB-4            56.12Ki ± ∞ ¹
SplitStream_4MiB-4      32.23Ki ± ∞ ¹
RootHash_1000Chunks-4     32.00 ± ∞ ¹
geomean                             ²
¹ need >= 6 samples for confidence interval at level 0.95
² summaries must be >0 to compute geomean

                      │  candidate  │
                      │  allocs/op  │
Split_100KB-4           2.000 ± ∞ ¹
GearScan_1MiB-4         0.000 ± ∞ ¹
Split_1MiB-4            2.000 ± ∞ ¹
SplitStream_4MiB-4      6.000 ± ∞ ¹
RootHash_1000Chunks-4   1.000 ± ∞ ¹
geomean                           ²
¹ need >= 6 samples for confidence interval at level 0.95
² summaries must be >0 to compute geomean

pathstest: HOME is "/tmp/3768425099/001/home" at the end of the run, not the isolated home "/tmp/qompack-test-home-1296488687": a test changed it without restoring it, and every test after it ran against that directory
                      │  candidate   │
                      │    sec/op    │
Split_100KB-4           87.35µ ± ∞ ¹
GearScan_1MiB-4         399.3µ ± ∞ ¹
Split_1MiB-4            923.1µ ± ∞ ¹
SplitStream_4MiB-4      4.407m ± ∞ ¹
RootHash_1000Chunks-4   20.55µ ± ∞ ¹
geomean                 311.1µ
¹ need >= 6 samples for confidence interval at level 0.95

                   │   candidate   │
                   │      B/s      │
Split_100KB-4        1.092Gi ± ∞ ¹
GearScan_1MiB-4      2.446Gi ± ∞ ¹
Split_1MiB-4         1.058Gi ± ∞ ¹
SplitStream_4MiB-4   907.7Mi ± ∞ ¹
geomean              1.258Gi
¹ need >= 6 samples for confidence interval at level 0.95

                      │   candidate   │
                      │     B/op      │
Split_100KB-4           4.875Ki ± ∞ ¹
GearScan_1MiB-4           0.000 ± ∞ ¹
Split_1MiB-4            56.12Ki ± ∞ ¹
SplitStream_4MiB-4      32.23Ki ± ∞ ¹
RootHash_1000Chunks-4     32.00 ± ∞ ¹
geomean                             ²
¹ need >= 6 samples for confidence interval at level 0.95
² summaries must be >0 to compute geomean

                      │  candidate  │
                      │  allocs/op  │
Split_100KB-4           2.000 ± ∞ ¹
GearScan_1MiB-4         0.000 ± ∞ ¹
Split_1MiB-4            2.000 ± ∞ ¹
SplitStream_4MiB-4      6.000 ± ∞ ¹
RootHash_1000Chunks-4   1.000 ± ∞ ¹
geomean                           ²
¹ need >= 6 samples for confidence interval at level 0.95
² summaries must be >0 to compute geomean

pathstest: HOME is "/tmp/426110959/001/home" at the end of the run, not the isolated home "/tmp/qompack-test-home-2219520244": a test changed it without restoring it, and every test after it ran against that directory
                      │  candidate   │
                      │    sec/op    │
Split_100KB-4           87.92µ ± ∞ ¹
GearScan_1MiB-4         401.9µ ± ∞ ¹
Split_1MiB-4            917.7µ ± ∞ ¹
SplitStream_4MiB-4      4.385m ± ∞ ¹
RootHash_1000Chunks-4   20.51µ ± ∞ ¹
geomean                 311.1µ
¹ need >= 6 samples for confidence interval at level 0.95

                   │   candidate   │
                   │      B/s      │
Split_100KB-4        1.085Gi ± ∞ ¹
GearScan_1MiB-4      2.430Gi ± ∞ ¹
Split_1MiB-4         1.064Gi ± ∞ ¹
SplitStream_4MiB-4   912.2Mi ± ∞ ¹
geomean              1.257Gi
¹ need >= 6 samples for confidence interval at level 0.95

                      │   candidate   │
                      │     B/op      │
Split_100KB-4           4.875Ki ± ∞ ¹
GearScan_1MiB-4           0.000 ± ∞ ¹
Split_1MiB-4            56.12Ki ± ∞ ¹
SplitStream_4MiB-4      32.23Ki ± ∞ ¹
RootHash_1000Chunks-4     32.00 ± ∞ ¹
geomean                             ²
¹ need >= 6 samples for confidence interval at level 0.95
² summaries must be >0 to compute geomean

                      │  candidate  │
                      │  allocs/op  │
Split_100KB-4           2.000 ± ∞ ¹
GearScan_1MiB-4         0.000 ± ∞ ¹
Split_1MiB-4            2.000 ± ∞ ¹
SplitStream_4MiB-4      6.000 ± ∞ ¹
RootHash_1000Chunks-4   1.000 ± ∞ ¹
geomean                           ²
¹ need >= 6 samples for confidence interval at level 0.95
² summaries must be >0 to compute geomean

pkg: github.com/qompack/qompack/internal/cli
pathstest: 
                     │    base     │            candidate             │
                     │   sec/op    │    sec/op     vs base            │
HookNoop_InProcess-4   565.1µ ± 1%   544.8µ ± ∞ ¹  ~ (p=0.182 n=10+1)
¹ need >= 6 samples for confidence interval at level 0.95

                     │     base     │             candidate             │
                     │     B/op     │     B/op       vs base            │
HookNoop_InProcess-4   274.0Ki ± 0%   260.2Ki ± ∞ ¹  ~ (p=0.182 n=10+1)
¹ need >= 6 samples for confidence interval at level 0.95

                     │    base     │           candidate           │
                     │  allocs/op  │  allocs/op    vs base         │
HookNoop_InProcess-4   4.156k ± 0%   3.795k ± ∞ ¹  -8.69% (n=10+1)
¹ need >= 6 samples for confidence interval at level 0.95

pathstest: HOME is "/tmp/1925223897/001/home" at the end of the run, not the isolated home "/tmp/qompack-test-home-963714756": a test changed it without restoring it, and every test after it ran against that directory
                     │  candidate   │
                     │    sec/op    │
HookNoop_InProcess-4   521.8µ ± ∞ ¹
¹ need >= 6 samples for confidence interval at level 0.95

                     │   candidate   │
                     │     B/op      │
HookNoop_InProcess-4   259.7Ki ± ∞ ¹
¹ need >= 6 samples for confidence interval at level 0.95

                     │  candidate   │
                     │  allocs/op   │
HookNoop_InProcess-4   3.795k ± ∞ ¹
¹ need >= 6 samples for confidence interval at level 0.95

pathstest: HOME is "/tmp/2768512412/001/home" at the end of the run, not the isolated home "/tmp/qompack-test-home-1018763912": a test changed it without restoring it, and every test after it ran against that directory
                     │  candidate   │
                     │    sec/op    │
HookNoop_InProcess-4   519.8µ ± ∞ ¹
¹ need >= 6 samples for confidence interval at level 0.95

                     │   candidate   │
                     │     B/op      │
HookNoop_InProcess-4   259.9Ki ± ∞ ¹
¹ need >= 6 samples for confidence interval at level 0.95

                     │  candidate   │
                     │  allocs/op   │
HookNoop_InProcess-4   3.795k ± ∞ ¹
¹ need >= 6 samples for confidence interval at level 0.95

pathstest: HOME is "/tmp/2974957428/001/home" at the end of the run, not the isolated home "/tmp/qompack-test-home-99215005": a test changed it without restoring it, and every test after it ran against that directory
                     │  candidate   │
                     │    sec/op    │
HookNoop_InProcess-4   526.0µ ± ∞ ¹
¹ need >= 6 samples for confidence interval at level 0.95

                     │   candidate   │
                     │     B/op      │
HookNoop_InProcess-4   260.2Ki ± ∞ ¹
¹ need >= 6 samples for confidence interval at level 0.95

                     │  candidate   │
                     │  allocs/op   │
HookNoop_InProcess-4   3.795k ± ∞ ¹
¹ need >= 6 samples for confidence interval at level 0.95

pathstest: HOME is "/tmp/3178765180/001/home" at the end of the run, not the isolated home "/tmp/qompack-test-home-1482751880": a test changed it without restoring it, and every test after it ran against that directory
                     │  candidate   │
                     │    sec/op    │
HookNoop_InProcess-4   536.9µ ± ∞ ¹
¹ need >= 6 samples for confidence interval at level 0.95

                     │   candidate   │
                     │     B/op      │
HookNoop_InProcess-4   260.0Ki ± ∞ ¹
¹ need >= 6 samples for confidence interval at level 0.95

                     │  candidate   │
                     │  allocs/op   │
HookNoop_InProcess-4   3.795k ± ∞ ¹
¹ need >= 6 samples for confidence interval at level 0.95

pathstest: HOME is "/tmp/3430838114/001/home" at the end of the run, not the isolated home "/tmp/qompack-test-home-1101472913": a test changed it without restoring it, and every test after it ran against that directory
                     │  candidate   │
                     │    sec/op    │
HookNoop_InProcess-4   562.8µ ± ∞ ¹
¹ need >= 6 samples for confidence interval at level 0.95

                     │   candidate   │
                     │     B/op      │
HookNoop_InProcess-4   260.0Ki ± ∞ ¹
¹ need >= 6 samples for confidence interval at level 0.95

                     │  candidate   │
                     │  allocs/op   │
HookNoop_InProcess-4   3.795k ± ∞ ¹
¹ need >= 6 samples for confidence interval at level 0.95

pathstest: HOME is "/tmp/360400775/001/home" at the end of the run, not the isolated home "/tmp/qompack-test-home-2332057623": a test changed it without restoring it, and every test after it ran against that directory
                     │  candidate   │
                     │    sec/op    │
HookNoop_InProcess-4   514.7µ ± ∞ ¹
¹ need >= 6 samples for confidence interval at level 0.95

                     │   candidate   │
                     │     B/op      │
HookNoop_InProcess-4   259.8Ki ± ∞ ¹
¹ need >= 6 samples for confidence interval at level 0.95

                     │  candidate   │
                     │  allocs/op   │
HookNoop_InProcess-4   3.795k ± ∞ ¹
¹ need >= 6 samples for confidence interval at level 0.95

pathstest: HOME is "/tmp/3768425099/001/home" at the end of the run, not the isolated home "/tmp/qompack-test-home-1296488687": a test changed it without restoring it, and every test after it ran against that directory
                     │  candidate   │
                     │    sec/op    │
HookNoop_InProcess-4   525.0µ ± ∞ ¹
¹ need >= 6 samples for confidence interval at level 0.95

                     │   candidate   │
                     │     B/op      │
HookNoop_InProcess-4   259.9Ki ± ∞ ¹
¹ need >= 6 samples for confidence interval at level 0.95

                     │  candidate   │
                     │  allocs/op   │
HookNoop_InProcess-4   3.795k ± ∞ ¹
¹ need >= 6 samples for confidence interval at level 0.95

pathstest: HOME is "/tmp/426110959/001/home" at the end of the run, not the isolated home "/tmp/qompack-test-home-2219520244": a test changed it without restoring it, and every test after it ran against that directory
                     │  candidate   │
                     │    sec/op    │
HookNoop_InProcess-4   517.0µ ± ∞ ¹
¹ need >= 6 samples for confidence interval at level 0.95

                     │   candidate   │
                     │     B/op      │
HookNoop_InProcess-4   259.7Ki ± ∞ ¹
¹ need >= 6 samples for confidence interval at level 0.95

                     │  candidate   │
                     │  allocs/op   │
HookNoop_InProcess-4   3.795k ± ∞ ¹
¹ need >= 6 samples for confidence interval at level 0.95

pkg: github.com/qompack/qompack/internal/config
pathstest: 
                         │    base     │            candidate             │
                         │   sec/op    │    sec/op     vs base            │
ConfigLoad_ColdNoFiles-4   215.1µ ± 3%   218.2µ ± ∞ ¹  ~ (p=0.727 n=10+1)
¹ need >= 6 samples for confidence interval at level 0.95

                         │     base     │             candidate             │
                         │     B/op     │     B/op       vs base            │
ConfigLoad_ColdNoFiles-4   97.81Ki ± 0%   99.17Ki ± ∞ ¹  ~ (p=0.182 n=10+1)
¹ need >= 6 samples for confidence interval at level 0.95

                         │    base     │            candidate             │
                         │  allocs/op  │  allocs/op    vs base            │
ConfigLoad_ColdNoFiles-4   2.012k ± 0%   2.031k ± ∞ ¹  ~ (p=0.182 n=10+1)
¹ need >= 6 samples for confidence interval at level 0.95

pathstest: HOME is "/tmp/1925223897/001/home" at the end of the run, not the isolated home "/tmp/qompack-test-home-963714756": a test changed it without restoring it, and every test after it ran against that directory
                         │  candidate   │
                         │    sec/op    │
ConfigLoad_ColdNoFiles-4   219.6µ ± ∞ ¹
¹ need >= 6 samples for confidence interval at level 0.95

                         │   candidate   │
                         │     B/op      │
ConfigLoad_ColdNoFiles-4   99.19Ki ± ∞ ¹
¹ need >= 6 samples for confidence interval at level 0.95

                         │  candidate   │
                         │  allocs/op   │
ConfigLoad_ColdNoFiles-4   2.031k ± ∞ ¹
¹ need >= 6 samples for confidence interval at level 0.95

pathstest: HOME is "/tmp/2768512412/001/home" at the end of the run, not the isolated home "/tmp/qompack-test-home-1018763912": a test changed it without restoring it, and every test after it ran against that directory
                         │  candidate   │
                         │    sec/op    │
ConfigLoad_ColdNoFiles-4   223.9µ ± ∞ ¹
¹ need >= 6 samples for confidence interval at level 0.95

                         │   candidate   │
                         │     B/op      │
ConfigLoad_ColdNoFiles-4   99.19Ki ± ∞ ¹
¹ need >= 6 samples for confidence interval at level 0.95

                         │  candidate   │
                         │  allocs/op   │
ConfigLoad_ColdNoFiles-4   2.031k ± ∞ ¹
¹ need >= 6 samples for confidence interval at level 0.95

pathstest: HOME is "/tmp/2974957428/001/home" at the end of the run, not the isolated home "/tmp/qompack-test-home-99215005": a test changed it without restoring it, and every test after it ran against that directory
                         │  candidate   │
                         │    sec/op    │
ConfigLoad_ColdNoFiles-4   228.5µ ± ∞ ¹
¹ need >= 6 samples for confidence interval at level 0.95

                         │   candidate   │
                         │     B/op      │
ConfigLoad_ColdNoFiles-4   99.13Ki ± ∞ ¹
¹ need >= 6 samples for confidence interval at level 0.95

                         │  candidate   │
                         │  allocs/op   │
ConfigLoad_ColdNoFiles-4   2.031k ± ∞ ¹
¹ need >= 6 samples for confidence interval at level 0.95

pathstest: HOME is "/tmp/3178765180/001/home" at the end of the run, not the isolated home "/tmp/qompack-test-home-1482751880": a test changed it without restoring it, and every test after it ran against that directory
                         │  candidate   │
                         │    sec/op    │
ConfigLoad_ColdNoFiles-4   213.8µ ± ∞ ¹
¹ need >= 6 samples for confidence interval at level 0.95

                         │   candidate   │
                         │     B/op      │
ConfigLoad_ColdNoFiles-4   99.12Ki ± ∞ ¹
¹ need >= 6 samples for confidence interval at level 0.95

                         │  candidate   │
                         │  allocs/op   │
ConfigLoad_ColdNoFiles-4   2.031k ± ∞ ¹
¹ need >= 6 samples for confidence interval at level 0.95

pathstest: HOME is "/tmp/3430838114/001/home" at the end of the run, not the isolated home "/tmp/qompack-test-home-1101472913": a test changed it without restoring it, and every test after it ran against that directory
                         │  candidate   │
                         │    sec/op    │
ConfigLoad_ColdNoFiles-4   234.1µ ± ∞ ¹
¹ need >= 6 samples for confidence interval at level 0.95

                         │   candidate   │
                         │     B/op      │
ConfigLoad_ColdNoFiles-4   99.17Ki ± ∞ ¹
¹ need >= 6 samples for confidence interval at level 0.95

                         │  candidate   │
                         │  allocs/op   │
ConfigLoad_ColdNoFiles-4   2.031k ± ∞ ¹
¹ need >= 6 samples for confidence interval at level 0.95

pathstest: HOME is "/tmp/360400775/001/home" at the end of the run, not the isolated home "/tmp/qompack-test-home-2332057623": a test changed it without restoring it, and every test after it ran against that directory
                         │  candidate   │
                         │    sec/op    │
ConfigLoad_ColdNoFiles-4   216.3µ ± ∞ ¹
¹ need >= 6 samples for confidence interval at level 0.95

                         │   candidate   │
                         │     B/op      │
ConfigLoad_ColdNoFiles-4   99.14Ki ± ∞ ¹
¹ need >= 6 samples for confidence interval at level 0.95

                         │  candidate   │
                         │  allocs/op   │
ConfigLoad_ColdNoFiles-4   2.031k ± ∞ ¹
¹ need >= 6 samples for confidence interval at level 0.95

pathstest: HOME is "/tmp/3768425099/001/home" at the end of the run, not the isolated home "/tmp/qompack-test-home-1296488687": a test changed it without restoring it, and every test after it ran against that directory
                         │  candidate   │
                         │    sec/op    │
ConfigLoad_ColdNoFiles-4   221.6µ ± ∞ ¹
¹ need >= 6 samples for confidence interval at level 0.95

                         │   candidate   │
                         │     B/op      │
ConfigLoad_ColdNoFiles-4   99.13Ki ± ∞ ¹
¹ need >= 6 samples for confidence interval at level 0.95

                         │  candidate   │
                         │  allocs/op   │
ConfigLoad_ColdNoFiles-4   2.031k ± ∞ ¹
¹ need >= 6 samples for confidence interval at level 0.95

pathstest: HOME is "/tmp/426110959/001/home" at the end of the run, not the isolated home "/tmp/qompack-test-home-2219520244": a test changed it without restoring it, and every test after it ran against that directory
                         │  candidate   │
                         │    sec/op    │
ConfigLoad_ColdNoFiles-4   219.9µ ± ∞ ¹
¹ need >= 6 samples for confidence interval at level 0.95

                         │   candidate   │
                         │     B/op      │
ConfigLoad_ColdNoFiles-4   99.20Ki ± ∞ ¹
¹ need >= 6 samples for confidence interval at level 0.95

                         │  candidate   │
                         │  allocs/op   │
ConfigLoad_ColdNoFiles-4   2.031k ± ∞ ¹
¹ need >= 6 samples for confidence interval at level 0.95

pkg: github.com/qompack/qompack/internal/daemon
pathstest: 
                                                 │     base     │               candidate               │
                                                 │    sec/op    │    sec/op     vs base                 │
IngestAccept-4                                     7.502m ±  8%   7.395m ± ∞ ¹       ~ (p=0.909 n=10+1)
IngestAcceptLeased-4                               18.67m ±  5%   18.57m ± ∞ ¹       ~ (p=0.909 n=10+1)
FeaturesFrom-4                                     18.03µ ±  4%   17.56µ ± ∞ ¹       ~ (p=0.364 n=10+1)
ReclaimableIndexBuild_5000Blocks-4                 352.2µ ±  3%   337.1µ ± ∞ ¹       ~ (p=0.182 n=10+1)
AssembleCandidates_2000ToolUses/cold-4             1.199m ±  2%   1.187m ± ∞ ¹       ~ (p=0.545 n=10+1)
AssembleCandidates_2000ToolUses/warm-4             4.371µ ± 16%   3.875µ ± ∞ ¹       ~ (p=0.909 n=10+1)
RuntimeEvaluate_2000ToolUses_32Candidates/warm-4   13.47µ ±  6%   12.63µ ± ∞ ¹       ~ (p=0.182 n=10+1)
RuntimeEvaluate_2000ToolUses_32Candidates/cold-4   2.090m ±  2%   1.969m ± ∞ ¹       ~ (p=0.182 n=10+1)
SchedulerTap_ObserveTool-4                         31.67µ ±  5%   30.75µ ± ∞ ¹       ~ (p=0.364 n=10+1)
IngestAcceptExternalized-4                                        15.67m ± ∞ ¹
geomean                                            252.4µ         367.4µ        -4.07%
¹ need >= 6 samples for confidence interval at level 0.95

                                                 │     base     │                candidate                 │
                                                 │     B/op     │     B/op       vs base                   │
IngestAccept-4                                       384.0 ± 0%     384.0 ± ∞ ¹       ~ (p=1.000 n=10+1) ²
IngestAcceptLeased-4                               8.586Ki ± 1%   8.737Ki ± ∞ ¹       ~ (p=0.182 n=10+1)
FeaturesFrom-4                                     16.66Ki ± 0%   16.66Ki ± ∞ ¹       ~ (p=1.000 n=10+1) ²
ReclaimableIndexBuild_5000Blocks-4                 356.0Ki ± 0%   356.0Ki ± ∞ ¹       ~ (p=1.000 n=10+1)
AssembleCandidates_2000ToolUses/cold-4             909.6Ki ± 0%   908.9Ki ± ∞ ¹       ~ (p=0.545 n=10+1)
AssembleCandidates_2000ToolUses/warm-4             9.689Ki ± 1%   9.736Ki ± ∞ ¹       ~ (p=0.545 n=10+1)
RuntimeEvaluate_2000ToolUses_32Candidates/warm-4   45.29Ki ± 0%   45.26Ki ± ∞ ¹       ~ (p=0.909 n=10+1)
RuntimeEvaluate_2000ToolUses_32Candidates/cold-4   1.647Mi ± 2%   1.678Mi ± ∞ ¹       ~ (p=0.182 n=10+1)
SchedulerTap_ObserveTool-4                         19.55Ki ± 0%   19.56Ki ± ∞ ¹       ~ (p=0.909 n=10+1)
IngestAcceptExternalized-4                                        1.757Ki ± ∞ ¹
geomean                                            39.81Ki        29.26Ki        +0.44%
¹ need >= 6 samples for confidence interval at level 0.95
² all samples are equal

                                                 │    base     │                candidate                │
                                                 │  allocs/op  │  allocs/op    vs base                   │
IngestAccept-4                                      9.000 ± 0%    9.000 ± ∞ ¹       ~ (p=1.000 n=10+1) ²
IngestAcceptLeased-4                                72.00 ± 0%    76.00 ± ∞ ¹       ~ (p=0.182 n=10+1)
FeaturesFrom-4                                      39.00 ± 0%    39.00 ± ∞ ¹       ~ (p=1.000 n=10+1) ²
ReclaimableIndexBuild_5000Blocks-4                  17.00 ± 0%    17.00 ± ∞ ¹       ~ (p=1.000 n=10+1) ²
AssembleCandidates_2000ToolUses/cold-4              536.0 ± 0%    536.0 ± ∞ ¹       ~ (p=1.000 n=10+1) ²
AssembleCandidates_2000ToolUses/warm-4              11.00 ± 0%    11.00 ± ∞ ¹       ~ (p=1.000 n=10+1) ²
RuntimeEvaluate_2000ToolUses_32Candidates/warm-4    25.00 ± 0%    25.00 ± ∞ ¹       ~ (p=1.000 n=10+1) ²
RuntimeEvaluate_2000ToolUses_32Candidates/cold-4   1.970k ± 0%   1.970k ± ∞ ¹       ~ (p=1.000 n=10+1) ²
SchedulerTap_ObserveTool-4                          73.00 ± 0%    73.00 ± ∞ ¹       ~ (p=1.000 n=10+1) ²
IngestAcceptExternalized-4                                        25.00 ± ∞ ¹
geomean                                             59.33         54.71        +0.60%
¹ need >= 6 samples for confidence interval at level 0.95
² all samples are equal

pathstest: HOME is "/tmp/1925223897/001/home" at the end of the run, not the isolated home "/tmp/qompack-test-home-963714756": a test changed it without restoring it, and every test after it ran against that directory
                                                 │  candidate   │
                                                 │    sec/op    │
IngestAccept-4                                     7.250m ± ∞ ¹
IngestAcceptLeased-4                               17.97m ± ∞ ¹
FeaturesFrom-4                                     18.20µ ± ∞ ¹
ReclaimableIndexBuild_5000Blocks-4                 356.7µ ± ∞ ¹
AssembleCandidates_2000ToolUses/cold-4             1.217m ± ∞ ¹
AssembleCandidates_2000ToolUses/warm-4             3.824µ ± ∞ ¹
RuntimeEvaluate_2000ToolUses_32Candidates/warm-4   14.27µ ± ∞ ¹
RuntimeEvaluate_2000ToolUses_32Candidates/cold-4   2.065m ± ∞ ¹
SchedulerTap_ObserveTool-4                         31.14µ ± ∞ ¹
IngestAcceptExternalized-4                         15.73m ± ∞ ¹
geomean                                            376.2µ
¹ need >= 6 samples for confidence interval at level 0.95

                                                 │   candidate   │
                                                 │     B/op      │
IngestAccept-4                                       384.0 ± ∞ ¹
IngestAcceptLeased-4                               8.745Ki ± ∞ ¹
FeaturesFrom-4                                     16.66Ki ± ∞ ¹
ReclaimableIndexBuild_5000Blocks-4                 356.0Ki ± ∞ ¹
AssembleCandidates_2000ToolUses/cold-4             909.9Ki ± ∞ ¹
AssembleCandidates_2000ToolUses/warm-4             9.726Ki ± ∞ ¹
RuntimeEvaluate_2000ToolUses_32Candidates/warm-4   45.38Ki ± ∞ ¹
RuntimeEvaluate_2000ToolUses_32Candidates/cold-4   1.671Mi ± ∞ ¹
SchedulerTap_ObserveTool-4                         19.57Ki ± ∞ ¹
IngestAcceptExternalized-4                         1.757Ki ± ∞ ¹
geomean                                            29.26Ki
¹ need >= 6 samples for confidence interval at level 0.95

                                                 │  candidate   │
                                                 │  allocs/op   │
IngestAccept-4                                      9.000 ± ∞ ¹
IngestAcceptLeased-4                                76.00 ± ∞ ¹
FeaturesFrom-4                                      39.00 ± ∞ ¹
ReclaimableIndexBuild_5000Blocks-4                  17.00 ± ∞ ¹
AssembleCandidates_2000ToolUses/cold-4              536.0 ± ∞ ¹
AssembleCandidates_2000ToolUses/warm-4              11.00 ± ∞ ¹
RuntimeEvaluate_2000ToolUses_32Candidates/warm-4    25.00 ± ∞ ¹
RuntimeEvaluate_2000ToolUses_32Candidates/cold-4   1.970k ± ∞ ¹
SchedulerTap_ObserveTool-4                          73.00 ± ∞ ¹
IngestAcceptExternalized-4                          25.00 ± ∞ ¹
geomean                                             54.71
¹ need >= 6 samples for confidence interval at level 0.95

pathstest: HOME is "/tmp/2768512412/001/home" at the end of the run, not the isolated home "/tmp/qompack-test-home-1018763912": a test changed it without restoring it, and every test after it ran against that directory
                                                 │  candidate   │
                                                 │    sec/op    │
IngestAccept-4                                     7.878m ± ∞ ¹
IngestAcceptLeased-4                               18.99m ± ∞ ¹
FeaturesFrom-4                                     18.26µ ± ∞ ¹
ReclaimableIndexBuild_5000Blocks-4                 360.0µ ± ∞ ¹
AssembleCandidates_2000ToolUses/cold-4             1.204m ± ∞ ¹
AssembleCandidates_2000ToolUses/warm-4             3.904µ ± ∞ ¹
RuntimeEvaluate_2000ToolUses_32Candidates/warm-4   14.28µ ± ∞ ¹
RuntimeEvaluate_2000ToolUses_32Candidates/cold-4   2.051m ± ∞ ¹
SchedulerTap_ObserveTool-4                         31.27µ ± ∞ ¹
IngestAcceptExternalized-4                         15.88m ± ∞ ¹
geomean                                            382.6µ
¹ need >= 6 samples for confidence interval at level 0.95

                                                 │   candidate   │
                                                 │     B/op      │
IngestAccept-4                                       384.0 ± ∞ ¹
IngestAcceptLeased-4                               8.869Ki ± ∞ ¹
FeaturesFrom-4                                     16.66Ki ± ∞ ¹
ReclaimableIndexBuild_5000Blocks-4                 356.0Ki ± ∞ ¹
AssembleCandidates_2000ToolUses/cold-4             909.8Ki ± ∞ ¹
AssembleCandidates_2000ToolUses/warm-4             9.803Ki ± ∞ ¹
RuntimeEvaluate_2000ToolUses_32Candidates/warm-4   45.33Ki ± ∞ ¹
RuntimeEvaluate_2000ToolUses_32Candidates/cold-4   1.637Mi ± ∞ ¹
SchedulerTap_ObserveTool-4                         19.57Ki ± ∞ ¹
IngestAcceptExternalized-4                         1.756Ki ± ∞ ¹
geomean                                            29.26Ki
¹ need >= 6 samples for confidence interval at level 0.95

                                                 │  candidate   │
                                                 │  allocs/op   │
IngestAccept-4                                      9.000 ± ∞ ¹
IngestAcceptLeased-4                                76.00 ± ∞ ¹
FeaturesFrom-4                                      39.00 ± ∞ ¹
ReclaimableIndexBuild_5000Blocks-4                  17.00 ± ∞ ¹
AssembleCandidates_2000ToolUses/cold-4              536.0 ± ∞ ¹
AssembleCandidates_2000ToolUses/warm-4              11.00 ± ∞ ¹
RuntimeEvaluate_2000ToolUses_32Candidates/warm-4    25.00 ± ∞ ¹
RuntimeEvaluate_2000ToolUses_32Candidates/cold-4   1.970k ± ∞ ¹
SchedulerTap_ObserveTool-4                          73.00 ± ∞ ¹
IngestAcceptExternalized-4                          25.00 ± ∞ ¹
geomean                                             54.71
¹ need >= 6 samples for confidence interval at level 0.95

pathstest: HOME is "/tmp/2974957428/001/home" at the end of the run, not the isolated home "/tmp/qompack-test-home-99215005": a test changed it without restoring it, and every test after it ran against that directory
                                                 │  candidate   │
                                                 │    sec/op    │
IngestAccept-4                                     7.248m ± ∞ ¹
IngestAcceptLeased-4                               18.20m ± ∞ ¹
FeaturesFrom-4                                     17.96µ ± ∞ ¹
ReclaimableIndexBuild_5000Blocks-4                 346.0µ ± ∞ ¹
AssembleCandidates_2000ToolUses/cold-4             1.180m ± ∞ ¹
AssembleCandidates_2000ToolUses/warm-4             4.528µ ± ∞ ¹
RuntimeEvaluate_2000ToolUses_32Candidates/warm-4   14.52µ ± ∞ ¹
RuntimeEvaluate_2000ToolUses_32Candidates/cold-4   2.053m ± ∞ ¹
SchedulerTap_ObserveTool-4                         30.36µ ± ∞ ¹
IngestAcceptExternalized-4                         15.05m ± ∞ ¹
geomean                                            378.1µ
¹ need >= 6 samples for confidence interval at level 0.95

                                                 │   candidate   │
                                                 │     B/op      │
IngestAccept-4                                       384.0 ± ∞ ¹
IngestAcceptLeased-4                               8.680Ki ± ∞ ¹
FeaturesFrom-4                                     16.66Ki ± ∞ ¹
ReclaimableIndexBuild_5000Blocks-4                 356.0Ki ± ∞ ¹
AssembleCandidates_2000ToolUses/cold-4             909.2Ki ± ∞ ¹
AssembleCandidates_2000ToolUses/warm-4             9.763Ki ± ∞ ¹
RuntimeEvaluate_2000ToolUses_32Candidates/warm-4   45.33Ki ± ∞ ¹
RuntimeEvaluate_2000ToolUses_32Candidates/cold-4   1.673Mi ± ∞ ¹
SchedulerTap_ObserveTool-4                         19.55Ki ± ∞ ¹
IngestAcceptExternalized-4                         1.756Ki ± ∞ ¹
geomean                                            29.24Ki
¹ need >= 6 samples for confidence interval at level 0.95

                                                 │  candidate   │
                                                 │  allocs/op   │
IngestAccept-4                                      9.000 ± ∞ ¹
IngestAcceptLeased-4                                76.00 ± ∞ ¹
FeaturesFrom-4                                      39.00 ± ∞ ¹
ReclaimableIndexBuild_5000Blocks-4                  17.00 ± ∞ ¹
AssembleCandidates_2000ToolUses/cold-4              536.0 ± ∞ ¹
AssembleCandidates_2000ToolUses/warm-4              11.00 ± ∞ ¹
RuntimeEvaluate_2000ToolUses_32Candidates/warm-4    25.00 ± ∞ ¹
RuntimeEvaluate_2000ToolUses_32Candidates/cold-4   1.970k ± ∞ ¹
SchedulerTap_ObserveTool-4                          73.00 ± ∞ ¹
IngestAcceptExternalized-4                          25.00 ± ∞ ¹
geomean                                             54.71
¹ need >= 6 samples for confidence interval at level 0.95

pathstest: HOME is "/tmp/3178765180/001/home" at the end of the run, not the isolated home "/tmp/qompack-test-home-1482751880": a test changed it without restoring it, and every test after it ran against that directory
                                                 │  candidate   │
                                                 │    sec/op    │
IngestAccept-4                                     8.008m ± ∞ ¹
IngestAcceptLeased-4                               19.71m ± ∞ ¹
FeaturesFrom-4                                     17.83µ ± ∞ ¹
ReclaimableIndexBuild_5000Blocks-4                 356.1µ ± ∞ ¹
AssembleCandidates_2000ToolUses/cold-4             1.219m ± ∞ ¹
AssembleCandidates_2000ToolUses/warm-4             4.717µ ± ∞ ¹
RuntimeEvaluate_2000ToolUses_32Candidates/warm-4   14.39µ ± ∞ ¹
RuntimeEvaluate_2000ToolUses_32Candidates/cold-4   2.249m ± ∞ ¹
SchedulerTap_ObserveTool-4                         32.37µ ± ∞ ¹
IngestAcceptExternalized-4                         16.32m ± ∞ ¹
geomean                                            397.5µ
¹ need >= 6 samples for confidence interval at level 0.95

                                                 │   candidate   │
                                                 │     B/op      │
IngestAccept-4                                       384.0 ± ∞ ¹
IngestAcceptLeased-4                               8.727Ki ± ∞ ¹
FeaturesFrom-4                                     16.66Ki ± ∞ ¹
ReclaimableIndexBuild_5000Blocks-4                 356.0Ki ± ∞ ¹
AssembleCandidates_2000ToolUses/cold-4             913.3Ki ± ∞ ¹
AssembleCandidates_2000ToolUses/warm-4             9.710Ki ± ∞ ¹
RuntimeEvaluate_2000ToolUses_32Candidates/warm-4   45.14Ki ± ∞ ¹
RuntimeEvaluate_2000ToolUses_32Candidates/cold-4   1.637Mi ± ∞ ¹
SchedulerTap_ObserveTool-4                         19.55Ki ± ∞ ¹
IngestAcceptExternalized-4                         1.756Ki ± ∞ ¹
geomean                                            29.18Ki
¹ need >= 6 samples for confidence interval at level 0.95

                                                 │  candidate   │
                                                 │  allocs/op   │
IngestAccept-4                                      9.000 ± ∞ ¹
IngestAcceptLeased-4                                76.00 ± ∞ ¹
FeaturesFrom-4                                      39.00 ± ∞ ¹
ReclaimableIndexBuild_5000Blocks-4                  17.00 ± ∞ ¹
AssembleCandidates_2000ToolUses/cold-4              536.0 ± ∞ ¹
AssembleCandidates_2000ToolUses/warm-4              11.00 ± ∞ ¹
RuntimeEvaluate_2000ToolUses_32Candidates/warm-4    25.00 ± ∞ ¹
RuntimeEvaluate_2000ToolUses_32Candidates/cold-4   1.970k ± ∞ ¹
SchedulerTap_ObserveTool-4                          73.00 ± ∞ ¹
IngestAcceptExternalized-4                          25.00 ± ∞ ¹
geomean                                             54.71
¹ need >= 6 samples for confidence interval at level 0.95

pathstest: HOME is "/tmp/3430838114/001/home" at the end of the run, not the isolated home "/tmp/qompack-test-home-1101472913": a test changed it without restoring it, and every test after it ran against that directory
                                                 │  candidate   │
                                                 │    sec/op    │
IngestAccept-4                                     8.267m ± ∞ ¹
IngestAcceptLeased-4                               20.74m ± ∞ ¹
FeaturesFrom-4                                     18.55µ ± ∞ ¹
ReclaimableIndexBuild_5000Blocks-4                 373.3µ ± ∞ ¹
AssembleCandidates_2000ToolUses/cold-4             1.189m ± ∞ ¹
AssembleCandidates_2000ToolUses/warm-4             5.162µ ± ∞ ¹
RuntimeEvaluate_2000ToolUses_32Candidates/warm-4   13.38µ ± ∞ ¹
RuntimeEvaluate_2000ToolUses_32Candidates/cold-4   2.076m ± ∞ ¹
SchedulerTap_ObserveTool-4                         32.38µ ± ∞ ¹
IngestAcceptExternalized-4                         18.40m ± ∞ ¹
geomean                                            405.6µ
¹ need >= 6 samples for confidence interval at level 0.95

                                                 │   candidate   │
                                                 │     B/op      │
IngestAccept-4                                       384.0 ± ∞ ¹
IngestAcceptLeased-4                               8.822Ki ± ∞ ¹
FeaturesFrom-4                                     16.66Ki ± ∞ ¹
ReclaimableIndexBuild_5000Blocks-4                 356.0Ki ± ∞ ¹
AssembleCandidates_2000ToolUses/cold-4             913.8Ki ± ∞ ¹
AssembleCandidates_2000ToolUses/warm-4             9.715Ki ± ∞ ¹
RuntimeEvaluate_2000ToolUses_32Candidates/warm-4   45.60Ki ± ∞ ¹
RuntimeEvaluate_2000ToolUses_32Candidates/cold-4   1.639Mi ± ∞ ¹
SchedulerTap_ObserveTool-4                         19.57Ki ± ∞ ¹
IngestAcceptExternalized-4                         1.756Ki ± ∞ ¹
geomean                                            29.25Ki
¹ need >= 6 samples for confidence interval at level 0.95

                                                 │  candidate   │
                                                 │  allocs/op   │
IngestAccept-4                                      9.000 ± ∞ ¹
IngestAcceptLeased-4                                76.00 ± ∞ ¹
FeaturesFrom-4                                      39.00 ± ∞ ¹
ReclaimableIndexBuild_5000Blocks-4                  17.00 ± ∞ ¹
AssembleCandidates_2000ToolUses/cold-4              536.0 ± ∞ ¹
AssembleCandidates_2000ToolUses/warm-4              11.00 ± ∞ ¹
RuntimeEvaluate_2000ToolUses_32Candidates/warm-4    25.00 ± ∞ ¹
RuntimeEvaluate_2000ToolUses_32Candidates/cold-4   1.970k ± ∞ ¹
SchedulerTap_ObserveTool-4                          73.00 ± ∞ ¹
IngestAcceptExternalized-4                          25.00 ± ∞ ¹
geomean                                             54.71
¹ need >= 6 samples for confidence interval at level 0.95

pathstest: HOME is "/tmp/360400775/001/home" at the end of the run, not the isolated home "/tmp/qompack-test-home-2332057623": a test changed it without restoring it, and every test after it ran against that directory
                                                 │  candidate   │
                                                 │    sec/op    │
IngestAccept-4                                     7.465m ± ∞ ¹
IngestAcceptLeased-4                               18.51m ± ∞ ¹
FeaturesFrom-4                                     17.94µ ± ∞ ¹
ReclaimableIndexBuild_5000Blocks-4                 361.9µ ± ∞ ¹
AssembleCandidates_2000ToolUses/cold-4             1.165m ± ∞ ¹
AssembleCandidates_2000ToolUses/warm-4             4.249µ ± ∞ ¹
RuntimeEvaluate_2000ToolUses_32Candidates/warm-4   14.63µ ± ∞ ¹
RuntimeEvaluate_2000ToolUses_32Candidates/cold-4   2.159m ± ∞ ¹
SchedulerTap_ObserveTool-4                         31.60µ ± ∞ ¹
IngestAcceptExternalized-4                         16.03m ± ∞ ¹
geomean                                            384.7µ
¹ need >= 6 samples for confidence interval at level 0.95

                                                 │   candidate   │
                                                 │     B/op      │
IngestAccept-4                                       384.0 ± ∞ ¹
IngestAcceptLeased-4                               8.722Ki ± ∞ ¹
FeaturesFrom-4                                     16.66Ki ± ∞ ¹
ReclaimableIndexBuild_5000Blocks-4                 356.0Ki ± ∞ ¹
AssembleCandidates_2000ToolUses/cold-4             910.6Ki ± ∞ ¹
AssembleCandidates_2000ToolUses/warm-4             9.713Ki ± ∞ ¹
RuntimeEvaluate_2000ToolUses_32Candidates/warm-4   45.23Ki ± ∞ ¹
RuntimeEvaluate_2000ToolUses_32Candidates/cold-4   1.650Mi ± ∞ ¹
SchedulerTap_ObserveTool-4                         19.57Ki ± ∞ ¹
IngestAcceptExternalized-4                         1.756Ki ± ∞ ¹
geomean                                            29.20Ki
¹ need >= 6 samples for confidence interval at level 0.95

                                                 │  candidate   │
                                                 │  allocs/op   │
IngestAccept-4                                      9.000 ± ∞ ¹
IngestAcceptLeased-4                                76.00 ± ∞ ¹
FeaturesFrom-4                                      39.00 ± ∞ ¹
ReclaimableIndexBuild_5000Blocks-4                  17.00 ± ∞ ¹
AssembleCandidates_2000ToolUses/cold-4              536.0 ± ∞ ¹
AssembleCandidates_2000ToolUses/warm-4              11.00 ± ∞ ¹
RuntimeEvaluate_2000ToolUses_32Candidates/warm-4    25.00 ± ∞ ¹
RuntimeEvaluate_2000ToolUses_32Candidates/cold-4   1.970k ± ∞ ¹
SchedulerTap_ObserveTool-4                          73.00 ± ∞ ¹
IngestAcceptExternalized-4                          25.00 ± ∞ ¹
geomean                                             54.71
¹ need >= 6 samples for confidence interval at level 0.95

pathstest: HOME is "/tmp/3768425099/001/home" at the end of the run, not the isolated home "/tmp/qompack-test-home-1296488687": a test changed it without restoring it, and every test after it ran against that directory
                                                 │  candidate   │
                                                 │    sec/op    │
IngestAccept-4                                     7.938m ± ∞ ¹
IngestAcceptLeased-4                               19.52m ± ∞ ¹
FeaturesFrom-4                                     18.12µ ± ∞ ¹
ReclaimableIndexBuild_5000Blocks-4                 349.3µ ± ∞ ¹
AssembleCandidates_2000ToolUses/cold-4             1.200m ± ∞ ¹
AssembleCandidates_2000ToolUses/warm-4             3.884µ ± ∞ ¹
RuntimeEvaluate_2000ToolUses_32Candidates/warm-4   14.53µ ± ∞ ¹
RuntimeEvaluate_2000ToolUses_32Candidates/cold-4   2.058m ± ∞ ¹
SchedulerTap_ObserveTool-4                         33.68µ ± ∞ ¹
IngestAcceptExternalized-4                         17.72m ± ∞ ¹
geomean                                            390.1µ
¹ need >= 6 samples for confidence interval at level 0.95

                                                 │   candidate   │
                                                 │     B/op      │
IngestAccept-4                                       384.0 ± ∞ ¹
IngestAcceptLeased-4                               8.742Ki ± ∞ ¹
FeaturesFrom-4                                     16.66Ki ± ∞ ¹
ReclaimableIndexBuild_5000Blocks-4                 356.0Ki ± ∞ ¹
AssembleCandidates_2000ToolUses/cold-4             909.1Ki ± ∞ ¹
AssembleCandidates_2000ToolUses/warm-4             9.817Ki ± ∞ ¹
RuntimeEvaluate_2000ToolUses_32Candidates/warm-4   45.46Ki ± ∞ ¹
RuntimeEvaluate_2000ToolUses_32Candidates/cold-4   1.647Mi ± ∞ ¹
SchedulerTap_ObserveTool-4                         19.56Ki ± ∞ ¹
IngestAcceptExternalized-4                         1.756Ki ± ∞ ¹
geomean                                            29.24Ki
¹ need >= 6 samples for confidence interval at level 0.95

                                                 │  candidate   │
                                                 │  allocs/op   │
IngestAccept-4                                      9.000 ± ∞ ¹
IngestAcceptLeased-4                                76.00 ± ∞ ¹
FeaturesFrom-4                                      39.00 ± ∞ ¹
ReclaimableIndexBuild_5000Blocks-4                  17.00 ± ∞ ¹
AssembleCandidates_2000ToolUses/cold-4              536.0 ± ∞ ¹
AssembleCandidates_2000ToolUses/warm-4              11.00 ± ∞ ¹
RuntimeEvaluate_2000ToolUses_32Candidates/warm-4    25.00 ± ∞ ¹
RuntimeEvaluate_2000ToolUses_32Candidates/cold-4   1.970k ± ∞ ¹
SchedulerTap_ObserveTool-4                          73.00 ± ∞ ¹
IngestAcceptExternalized-4                          25.00 ± ∞ ¹
geomean                                             54.71
¹ need >= 6 samples for confidence interval at level 0.95

pathstest: HOME is "/tmp/426110959/001/home" at the end of the run, not the isolated home "/tmp/qompack-test-home-2219520244": a test changed it without restoring it, and every test after it ran against that directory
                                                 │  candidate   │
                                                 │    sec/op    │
IngestAccept-4                                     7.587m ± ∞ ¹
IngestAcceptLeased-4                               18.07m ± ∞ ¹
FeaturesFrom-4                                     17.97µ ± ∞ ¹
ReclaimableIndexBuild_5000Blocks-4                 357.1µ ± ∞ ¹
AssembleCandidates_2000ToolUses/cold-4             1.217m ± ∞ ¹
AssembleCandidates_2000ToolUses/warm-4             3.864µ ± ∞ ¹
RuntimeEvaluate_2000ToolUses_32Candidates/warm-4   13.95µ ± ∞ ¹
RuntimeEvaluate_2000ToolUses_32Candidates/cold-4   2.044m ± ∞ ¹
SchedulerTap_ObserveTool-4                         32.98µ ± ∞ ¹
IngestAcceptExternalized-4                         15.50m ± ∞ ¹
geomean                                            378.5µ
¹ need >= 6 samples for confidence interval at level 0.95

                                                 │   candidate   │
                                                 │     B/op      │
IngestAccept-4                                       384.0 ± ∞ ¹
IngestAcceptLeased-4                               8.718Ki ± ∞ ¹
FeaturesFrom-4                                     16.66Ki ± ∞ ¹
ReclaimableIndexBuild_5000Blocks-4                 356.0Ki ± ∞ ¹
AssembleCandidates_2000ToolUses/cold-4             910.7Ki ± ∞ ¹
AssembleCandidates_2000ToolUses/warm-4             9.999Ki ± ∞ ¹
RuntimeEvaluate_2000ToolUses_32Candidates/warm-4   45.38Ki ± ∞ ¹
RuntimeEvaluate_2000ToolUses_32Candidates/cold-4   1.671Mi ± ∞ ¹
SchedulerTap_ObserveTool-4                         19.55Ki ± ∞ ¹
IngestAcceptExternalized-4                         1.756Ki ± ∞ ¹
geomean                                            29.33Ki
¹ need >= 6 samples for confidence interval at level 0.95

                                                 │  candidate   │
                                                 │  allocs/op   │
IngestAccept-4                                      9.000 ± ∞ ¹
IngestAcceptLeased-4                                76.00 ± ∞ ¹
FeaturesFrom-4                                      39.00 ± ∞ ¹
ReclaimableIndexBuild_5000Blocks-4                  17.00 ± ∞ ¹
AssembleCandidates_2000ToolUses/cold-4              536.0 ± ∞ ¹
AssembleCandidates_2000ToolUses/warm-4              11.00 ± ∞ ¹
RuntimeEvaluate_2000ToolUses_32Candidates/warm-4    25.00 ± ∞ ¹
RuntimeEvaluate_2000ToolUses_32Candidates/cold-4   1.970k ± ∞ ¹
SchedulerTap_ObserveTool-4                          73.00 ± ∞ ¹
IngestAcceptExternalized-4                          25.00 ± ∞ ¹
geomean                                             54.71
¹ need >= 6 samples for confidence interval at level 0.95

pkg: github.com/qompack/qompack/internal/dag
pathstest: 
                    │    base     │               candidate               │
                    │   sec/op    │    sec/op     vs base                 │
BackwardSlice5000-4   293.8µ ± 3%   289.5µ ± ∞ ¹       ~ (p=0.545 n=10+1)
CrossingEdges-4       93.42n ± 3%   95.08n ± ∞ ¹       ~ (p=0.545 n=10+1)
geomean               5.239µ        5.246µ        +0.13%
¹ need >= 6 samples for confidence interval at level 0.95

                    │      base      │                candidate                 │
                    │      B/op      │     B/op       vs base                   │
BackwardSlice5000-4   129.0Ki ± 0%     129.0Ki ± ∞ ¹       ~ (p=0.182 n=10+1)
CrossingEdges-4         0.000 ± 0%       0.000 ± ∞ ¹       ~ (p=1.000 n=10+1) ²
geomean                            ³                  +0.00%                  ³
¹ need >= 6 samples for confidence interval at level 0.95
² all samples are equal
³ summaries must be >0 to compute geomean

                    │     base      │                candidate                │
                    │   allocs/op   │  allocs/op    vs base                   │
BackwardSlice5000-4   1.435k ± 0%     1.435k ± ∞ ¹       ~ (p=1.000 n=10+1) ²
CrossingEdges-4        0.000 ± 0%      0.000 ± ∞ ¹       ~ (p=1.000 n=10+1) ²
geomean                           ³                 +0.00%                  ³
¹ need >= 6 samples for confidence interval at level 0.95
² all samples are equal
³ summaries must be >0 to compute geomean

pathstest: HOME is "/tmp/1925223897/001/home" at the end of the run, not the isolated home "/tmp/qompack-test-home-963714756": a test changed it without restoring it, and every test after it ran against that directory
                    │  candidate   │
                    │    sec/op    │
BackwardSlice5000-4   296.5µ ± ∞ ¹
CrossingEdges-4       95.04n ± ∞ ¹
geomean               5.308µ
¹ need >= 6 samples for confidence interval at level 0.95

                    │   candidate   │
                    │     B/op      │
BackwardSlice5000-4   129.0Ki ± ∞ ¹
CrossingEdges-4         0.000 ± ∞ ¹
geomean                           ²
¹ need >= 6 samples for confidence interval at level 0.95
² summaries must be >0 to compute geomean

                    │  candidate   │
                    │  allocs/op   │
BackwardSlice5000-4   1.435k ± ∞ ¹
CrossingEdges-4        0.000 ± ∞ ¹
geomean                          ²
¹ need >= 6 samples for confidence interval at level 0.95
² summaries must be >0 to compute geomean

pathstest: HOME is "/tmp/2768512412/001/home" at the end of the run, not the isolated home "/tmp/qompack-test-home-1018763912": a test changed it without restoring it, and every test after it ran against that directory
                    │  candidate   │
                    │    sec/op    │
BackwardSlice5000-4   292.3µ ± ∞ ¹
CrossingEdges-4       96.71n ± ∞ ¹
geomean               5.317µ
¹ need >= 6 samples for confidence interval at level 0.95

                    │   candidate   │
                    │     B/op      │
BackwardSlice5000-4   129.0Ki ± ∞ ¹
CrossingEdges-4         0.000 ± ∞ ¹
geomean                           ²
¹ need >= 6 samples for confidence interval at level 0.95
² summaries must be >0 to compute geomean

                    │  candidate   │
                    │  allocs/op   │
BackwardSlice5000-4   1.435k ± ∞ ¹
CrossingEdges-4        0.000 ± ∞ ¹
geomean                          ²
¹ need >= 6 samples for confidence interval at level 0.95
² summaries must be >0 to compute geomean

pathstest: HOME is "/tmp/2974957428/001/home" at the end of the run, not the isolated home "/tmp/qompack-test-home-99215005": a test changed it without restoring it, and every test after it ran against that directory
                    │  candidate   │
                    │    sec/op    │
BackwardSlice5000-4   311.7µ ± ∞ ¹
CrossingEdges-4       97.58n ± ∞ ¹
geomean               5.515µ
¹ need >= 6 samples for confidence interval at level 0.95

                    │   candidate   │
                    │     B/op      │
BackwardSlice5000-4   129.0Ki ± ∞ ¹
CrossingEdges-4         0.000 ± ∞ ¹
geomean                           ²
¹ need >= 6 samples for confidence interval at level 0.95
² summaries must be >0 to compute geomean

                    │  candidate   │
                    │  allocs/op   │
BackwardSlice5000-4   1.435k ± ∞ ¹
CrossingEdges-4        0.000 ± ∞ ¹
geomean                          ²
¹ need >= 6 samples for confidence interval at level 0.95
² summaries must be >0 to compute geomean

pathstest: HOME is "/tmp/3178765180/001/home" at the end of the run, not the isolated home "/tmp/qompack-test-home-1482751880": a test changed it without restoring it, and every test after it ran against that directory
                    │  candidate   │
                    │    sec/op    │
BackwardSlice5000-4   312.2µ ± ∞ ¹
CrossingEdges-4       95.03n ± ∞ ¹
geomean               5.447µ
¹ need >= 6 samples for confidence interval at level 0.95

                    │   candidate   │
                    │     B/op      │
BackwardSlice5000-4   129.0Ki ± ∞ ¹
CrossingEdges-4         0.000 ± ∞ ¹
geomean                           ²
¹ need >= 6 samples for confidence interval at level 0.95
² summaries must be >0 to compute geomean

                    │  candidate   │
                    │  allocs/op   │
BackwardSlice5000-4   1.435k ± ∞ ¹
CrossingEdges-4        0.000 ± ∞ ¹
geomean                          ²
¹ need >= 6 samples for confidence interval at level 0.95
² summaries must be >0 to compute geomean

pathstest: HOME is "/tmp/3430838114/001/home" at the end of the run, not the isolated home "/tmp/qompack-test-home-1101472913": a test changed it without restoring it, and every test after it ran against that directory
                    │  candidate   │
                    │    sec/op    │
BackwardSlice5000-4   299.0µ ± ∞ ¹
CrossingEdges-4       99.22n ± ∞ ¹
geomean               5.447µ
¹ need >= 6 samples for confidence interval at level 0.95

                    │   candidate   │
                    │     B/op      │
BackwardSlice5000-4   129.0Ki ± ∞ ¹
CrossingEdges-4         0.000 ± ∞ ¹
geomean                           ²
¹ need >= 6 samples for confidence interval at level 0.95
² summaries must be >0 to compute geomean

                    │  candidate   │
                    │  allocs/op   │
BackwardSlice5000-4   1.435k ± ∞ ¹
CrossingEdges-4        0.000 ± ∞ ¹
geomean                          ²
¹ need >= 6 samples for confidence interval at level 0.95
² summaries must be >0 to compute geomean

pathstest: HOME is "/tmp/360400775/001/home" at the end of the run, not the isolated home "/tmp/qompack-test-home-2332057623": a test changed it without restoring it, and every test after it ran against that directory
                    │  candidate   │
                    │    sec/op    │
BackwardSlice5000-4   290.2µ ± ∞ ¹
CrossingEdges-4       95.62n ± ∞ ¹
geomean               5.268µ
¹ need >= 6 samples for confidence interval at level 0.95

                    │   candidate   │
                    │     B/op      │
BackwardSlice5000-4   129.0Ki ± ∞ ¹
CrossingEdges-4         0.000 ± ∞ ¹
geomean                           ²
¹ need >= 6 samples for confidence interval at level 0.95
² summaries must be >0 to compute geomean

                    │  candidate   │
                    │  allocs/op   │
BackwardSlice5000-4   1.435k ± ∞ ¹
CrossingEdges-4        0.000 ± ∞ ¹
geomean                          ²
¹ need >= 6 samples for confidence interval at level 0.95
² summaries must be >0 to compute geomean

pathstest: HOME is "/tmp/3768425099/001/home" at the end of the run, not the isolated home "/tmp/qompack-test-home-1296488687": a test changed it without restoring it, and every test after it ran against that directory
                    │  candidate   │
                    │    sec/op    │
BackwardSlice5000-4   293.2µ ± ∞ ¹
CrossingEdges-4       95.57n ± ∞ ¹
geomean               5.293µ
¹ need >= 6 samples for confidence interval at level 0.95

                    │   candidate   │
                    │     B/op      │
BackwardSlice5000-4   129.0Ki ± ∞ ¹
CrossingEdges-4         0.000 ± ∞ ¹
geomean                           ²
¹ need >= 6 samples for confidence interval at level 0.95
² summaries must be >0 to compute geomean

                    │  candidate   │
                    │  allocs/op   │
BackwardSlice5000-4   1.435k ± ∞ ¹
CrossingEdges-4        0.000 ± ∞ ¹
geomean                          ²
¹ need >= 6 samples for confidence interval at level 0.95
² summaries must be >0 to compute geomean

pathstest: HOME is "/tmp/426110959/001/home" at the end of the run, not the isolated home "/tmp/qompack-test-home-2219520244": a test changed it without restoring it, and every test after it ran against that directory
                    │  candidate   │
                    │    sec/op    │
BackwardSlice5000-4   283.6µ ± ∞ ¹
CrossingEdges-4       94.46n ± ∞ ¹
geomean               5.176µ
¹ need >= 6 samples for confidence interval at level 0.95

                    │   candidate   │
                    │     B/op      │
BackwardSlice5000-4   129.0Ki ± ∞ ¹
CrossingEdges-4         0.000 ± ∞ ¹
geomean                           ²
¹ need >= 6 samples for confidence interval at level 0.95
² summaries must be >0 to compute geomean

                    │  candidate   │
                    │  allocs/op   │
BackwardSlice5000-4   1.435k ± ∞ ¹
CrossingEdges-4        0.000 ± ∞ ¹
geomean                          ²
¹ need >= 6 samples for confidence interval at level 0.95
² summaries must be >0 to compute geomean

pkg: github.com/qompack/qompack/internal/eval
pathstest: 
                              │    base     │               candidate               │
                              │   sec/op    │    sec/op     vs base                 │
BeladyDetail_400Turns-4         790.4µ ± 4%   784.2µ ± ∞ ¹       ~ (p=0.545 n=10+1)
BreakpointOPT_256Candidates-4   546.7µ ± 4%   551.5µ ± ∞ ¹       ~ (p=0.727 n=10+1)
Compare_400Actions-4            514.7µ ± 3%   511.8µ ± ∞ ¹       ~ (p=0.909 n=10+1)
Synthesize_320Turns-4           300.3µ ± 2%   292.8µ ± ∞ ¹       ~ (p=0.182 n=10+1)
geomean                         508.4µ        504.5µ        -0.75%
¹ need >= 6 samples for confidence interval at level 0.95

                              │     base     │               candidate                │
                              │     B/op     │     B/op       vs base                 │
BeladyDetail_400Turns-4         666.9Ki ± 0%   666.9Ki ± ∞ ¹  -0.00% (n=10+1)
BreakpointOPT_256Candidates-4   760.5Ki ± 0%   760.5Ki ± ∞ ¹       ~ (p=0.727 n=10+1)
Compare_400Actions-4            182.5Ki ± 0%   182.5Ki ± ∞ ¹       ~ (p=0.364 n=10+1)
Synthesize_320Turns-4           268.3Ki ± 0%   268.3Ki ± ∞ ¹  -0.00% (n=10+1)
geomean                         397.0Ki        397.0Ki        -0.00%
¹ need >= 6 samples for confidence interval at level 0.95

                              │    base     │                candidate                │
                              │  allocs/op  │  allocs/op    vs base                   │
BeladyDetail_400Turns-4         7.598k ± 0%   7.598k ± ∞ ¹       ~ (p=1.000 n=10+1) ²
BreakpointOPT_256Candidates-4   5.751k ± 0%   5.751k ± ∞ ¹       ~ (p=1.000 n=10+1) ²
Compare_400Actions-4             48.00 ± 0%    48.00 ± ∞ ¹       ~ (p=1.000 n=10+1) ²
Synthesize_320Turns-4           2.999k ± 0%   2.999k ± ∞ ¹       ~ (p=1.000 n=10+1) ²
geomean                         1.584k        1.584k        +0.00%
¹ need >= 6 samples for confidence interval at level 0.95
² all samples are equal

pathstest: HOME is "/tmp/1925223897/001/home" at the end of the run, not the isolated home "/tmp/qompack-test-home-963714756": a test changed it without restoring it, and every test after it ran against that directory
                              │  candidate   │
                              │    sec/op    │
BeladyDetail_400Turns-4         810.3µ ± ∞ ¹
BreakpointOPT_256Candidates-4   545.4µ ± ∞ ¹
Compare_400Actions-4            503.4µ ± ∞ ¹
Synthesize_320Turns-4           299.6µ ± ∞ ¹
geomean                         508.1µ
¹ need >= 6 samples for confidence interval at level 0.95

                              │   candidate   │
                              │     B/op      │
BeladyDetail_400Turns-4         666.9Ki ± ∞ ¹
BreakpointOPT_256Candidates-4   760.5Ki ± ∞ ¹
Compare_400Actions-4            182.5Ki ± ∞ ¹
Synthesize_320Turns-4           268.3Ki ± ∞ ¹
geomean                         397.0Ki
¹ need >= 6 samples for confidence interval at level 0.95

                              │  candidate   │
                              │  allocs/op   │
BeladyDetail_400Turns-4         7.598k ± ∞ ¹
BreakpointOPT_256Candidates-4   5.751k ± ∞ ¹
Compare_400Actions-4             48.00 ± ∞ ¹
Synthesize_320Turns-4           2.999k ± ∞ ¹
geomean                         1.584k
¹ need >= 6 samples for confidence interval at level 0.95

pathstest: HOME is "/tmp/2768512412/001/home" at the end of the run, not the isolated home "/tmp/qompack-test-home-1018763912": a test changed it without restoring it, and every test after it ran against that directory
                              │  candidate   │
                              │    sec/op    │
BeladyDetail_400Turns-4         776.3µ ± ∞ ¹
BreakpointOPT_256Candidates-4   569.1µ ± ∞ ¹
Compare_400Actions-4            523.5µ ± ∞ ¹
Synthesize_320Turns-4           315.2µ ± ∞ ¹
geomean                         519.6µ
¹ need >= 6 samples for confidence interval at level 0.95

                              │   candidate   │
                              │     B/op      │
BeladyDetail_400Turns-4         666.9Ki ± ∞ ¹
BreakpointOPT_256Candidates-4   760.5Ki ± ∞ ¹
Compare_400Actions-4            182.5Ki ± ∞ ¹
Synthesize_320Turns-4           268.3Ki ± ∞ ¹
geomean                         397.0Ki
¹ need >= 6 samples for confidence interval at level 0.95

                              │  candidate   │
                              │  allocs/op   │
BeladyDetail_400Turns-4         7.598k ± ∞ ¹
BreakpointOPT_256Candidates-4   5.751k ± ∞ ¹
Compare_400Actions-4             48.00 ± ∞ ¹
Synthesize_320Turns-4           2.999k ± ∞ ¹
geomean                         1.584k
¹ need >= 6 samples for confidence interval at level 0.95

pathstest: HOME is "/tmp/2974957428/001/home" at the end of the run, not the isolated home "/tmp/qompack-test-home-99215005": a test changed it without restoring it, and every test after it ran against that directory
                              │  candidate   │
                              │    sec/op    │
BeladyDetail_400Turns-4         799.2µ ± ∞ ¹
BreakpointOPT_256Candidates-4   539.9µ ± ∞ ¹
Compare_400Actions-4            527.2µ ± ∞ ¹
Synthesize_320Turns-4           311.9µ ± ∞ ¹
geomean                         516.1µ
¹ need >= 6 samples for confidence interval at level 0.95

                              │   candidate   │
                              │     B/op      │
BeladyDetail_400Turns-4         666.9Ki ± ∞ ¹
BreakpointOPT_256Candidates-4   760.5Ki ± ∞ ¹
Compare_400Actions-4            182.5Ki ± ∞ ¹
Synthesize_320Turns-4           268.3Ki ± ∞ ¹
geomean                         397.0Ki
¹ need >= 6 samples for confidence interval at level 0.95

                              │  candidate   │
                              │  allocs/op   │
BeladyDetail_400Turns-4         7.598k ± ∞ ¹
BreakpointOPT_256Candidates-4   5.751k ± ∞ ¹
Compare_400Actions-4             48.00 ± ∞ ¹
Synthesize_320Turns-4           2.999k ± ∞ ¹
geomean                         1.584k
¹ need >= 6 samples for confidence interval at level 0.95

pathstest: HOME is "/tmp/3178765180/001/home" at the end of the run, not the isolated home "/tmp/qompack-test-home-1482751880": a test changed it without restoring it, and every test after it ran against that directory
                              │  candidate   │
                              │    sec/op    │
BeladyDetail_400Turns-4         792.3µ ± ∞ ¹
BreakpointOPT_256Candidates-4   531.6µ ± ∞ ¹
Compare_400Actions-4            542.6µ ± ∞ ¹
Synthesize_320Turns-4           300.1µ ± ∞ ¹
geomean                         511.7µ
¹ need >= 6 samples for confidence interval at level 0.95

                              │   candidate   │
                              │     B/op      │
BeladyDetail_400Turns-4         666.9Ki ± ∞ ¹
BreakpointOPT_256Candidates-4   760.5Ki ± ∞ ¹
Compare_400Actions-4            182.5Ki ± ∞ ¹
Synthesize_320Turns-4           268.3Ki ± ∞ ¹
geomean                         397.0Ki
¹ need >= 6 samples for confidence interval at level 0.95

                              │  candidate   │
                              │  allocs/op   │
BeladyDetail_400Turns-4         7.598k ± ∞ ¹
BreakpointOPT_256Candidates-4   5.751k ± ∞ ¹
Compare_400Actions-4             48.00 ± ∞ ¹
Synthesize_320Turns-4           2.999k ± ∞ ¹
geomean                         1.584k
¹ need >= 6 samples for confidence interval at level 0.95

pathstest: HOME is "/tmp/3430838114/001/home" at the end of the run, not the isolated home "/tmp/qompack-test-home-1101472913": a test changed it without restoring it, and every test after it ran against that directory
                              │  candidate   │
                              │    sec/op    │
BeladyDetail_400Turns-4         822.0µ ± ∞ ¹
BreakpointOPT_256Candidates-4   563.9µ ± ∞ ¹
Compare_400Actions-4            533.1µ ± ∞ ¹
Synthesize_320Turns-4           305.2µ ± ∞ ¹
geomean                         524.0µ
¹ need >= 6 samples for confidence interval at level 0.95

                              │   candidate   │
                              │     B/op      │
BeladyDetail_400Turns-4         666.9Ki ± ∞ ¹
BreakpointOPT_256Candidates-4   760.5Ki ± ∞ ¹
Compare_400Actions-4            182.5Ki ± ∞ ¹
Synthesize_320Turns-4           268.3Ki ± ∞ ¹
geomean                         397.0Ki
¹ need >= 6 samples for confidence interval at level 0.95

                              │  candidate   │
                              │  allocs/op   │
BeladyDetail_400Turns-4         7.598k ± ∞ ¹
BreakpointOPT_256Candidates-4   5.751k ± ∞ ¹
Compare_400Actions-4             48.00 ± ∞ ¹
Synthesize_320Turns-4           2.999k ± ∞ ¹
geomean                         1.584k
¹ need >= 6 samples for confidence interval at level 0.95

pathstest: HOME is "/tmp/360400775/001/home" at the end of the run, not the isolated home "/tmp/qompack-test-home-2332057623": a test changed it without restoring it, and every test after it ran against that directory
                              │  candidate   │
                              │    sec/op    │
BeladyDetail_400Turns-4         774.4µ ± ∞ ¹
BreakpointOPT_256Candidates-4   530.4µ ± ∞ ¹
Compare_400Actions-4            502.0µ ± ∞ ¹
Synthesize_320Turns-4           298.4µ ± ∞ ¹
geomean                         498.0µ
¹ need >= 6 samples for confidence interval at level 0.95

                              │   candidate   │
                              │     B/op      │
BeladyDetail_400Turns-4         666.9Ki ± ∞ ¹
BreakpointOPT_256Candidates-4   760.5Ki ± ∞ ¹
Compare_400Actions-4            182.5Ki ± ∞ ¹
Synthesize_320Turns-4           268.3Ki ± ∞ ¹
geomean                         397.0Ki
¹ need >= 6 samples for confidence interval at level 0.95

                              │  candidate   │
                              │  allocs/op   │
BeladyDetail_400Turns-4         7.598k ± ∞ ¹
BreakpointOPT_256Candidates-4   5.751k ± ∞ ¹
Compare_400Actions-4             48.00 ± ∞ ¹
Synthesize_320Turns-4           2.999k ± ∞ ¹
geomean                         1.584k
¹ need >= 6 samples for confidence interval at level 0.95

pathstest: HOME is "/tmp/3768425099/001/home" at the end of the run, not the isolated home "/tmp/qompack-test-home-1296488687": a test changed it without restoring it, and every test after it ran against that directory
                              │  candidate   │
                              │    sec/op    │
BeladyDetail_400Turns-4         796.8µ ± ∞ ¹
BreakpointOPT_256Candidates-4   530.9µ ± ∞ ¹
Compare_400Actions-4            515.0µ ± ∞ ¹
Synthesize_320Turns-4           301.7µ ± ∞ ¹
geomean                         506.3µ
¹ need >= 6 samples for confidence interval at level 0.95

                              │   candidate   │
                              │     B/op      │
BeladyDetail_400Turns-4         666.9Ki ± ∞ ¹
BreakpointOPT_256Candidates-4   760.5Ki ± ∞ ¹
Compare_400Actions-4            182.5Ki ± ∞ ¹
Synthesize_320Turns-4           268.3Ki ± ∞ ¹
geomean                         397.0Ki
¹ need >= 6 samples for confidence interval at level 0.95

                              │  candidate   │
                              │  allocs/op   │
BeladyDetail_400Turns-4         7.598k ± ∞ ¹
BreakpointOPT_256Candidates-4   5.751k ± ∞ ¹
Compare_400Actions-4             48.00 ± ∞ ¹
Synthesize_320Turns-4           2.999k ± ∞ ¹
geomean                         1.584k
¹ need >= 6 samples for confidence interval at level 0.95

pathstest: HOME is "/tmp/426110959/001/home" at the end of the run, not the isolated home "/tmp/qompack-test-home-2219520244": a test changed it without restoring it, and every test after it ran against that directory
                              │  candidate   │
                              │    sec/op    │
BeladyDetail_400Turns-4         797.6µ ± ∞ ¹
BreakpointOPT_256Candidates-4   530.8µ ± ∞ ¹
Compare_400Actions-4            518.5µ ± ∞ ¹
Synthesize_320Turns-4           297.4µ ± ∞ ¹
geomean                         505.5µ
¹ need >= 6 samples for confidence interval at level 0.95

                              │   candidate   │
                              │     B/op      │
BeladyDetail_400Turns-4         666.9Ki ± ∞ ¹
BreakpointOPT_256Candidates-4   760.5Ki ± ∞ ¹
Compare_400Actions-4            182.5Ki ± ∞ ¹
Synthesize_320Turns-4           268.3Ki ± ∞ ¹
geomean                         397.0Ki
¹ need >= 6 samples for confidence interval at level 0.95

                              │  candidate   │
                              │  allocs/op   │
BeladyDetail_400Turns-4         7.598k ± ∞ ¹
BreakpointOPT_256Candidates-4   5.751k ± ∞ ¹
Compare_400Actions-4             48.00 ± ∞ ¹
Synthesize_320Turns-4           2.999k ± ∞ ¹
geomean                         1.584k
¹ need >= 6 samples for confidence interval at level 0.95

pkg: github.com/qompack/qompack/internal/hostperm
pathstest: 
           │  candidate   │
           │    sec/op    │
Evaluate-4   6.637µ ± ∞ ¹
¹ need >= 6 samples for confidence interval at level 0.95

           │   candidate   │
           │     B/op      │
Evaluate-4   1.898Ki ± ∞ ¹
¹ need >= 6 samples for confidence interval at level 0.95

           │  candidate  │
           │  allocs/op  │
Evaluate-4   32.00 ± ∞ ¹
¹ need >= 6 samples for confidence interval at level 0.95

pathstest: HOME is "/tmp/1925223897/001/home" at the end of the run, not the isolated home "/tmp/qompack-test-home-963714756": a test changed it without restoring it, and every test after it ran against that directory
           │  candidate   │
           │    sec/op    │
Evaluate-4   6.517µ ± ∞ ¹
¹ need >= 6 samples for confidence interval at level 0.95

           │   candidate   │
           │     B/op      │
Evaluate-4   1.898Ki ± ∞ ¹
¹ need >= 6 samples for confidence interval at level 0.95

           │  candidate  │
           │  allocs/op  │
Evaluate-4   32.00 ± ∞ ¹
¹ need >= 6 samples for confidence interval at level 0.95

pathstest: HOME is "/tmp/2768512412/001/home" at the end of the run, not the isolated home "/tmp/qompack-test-home-1018763912": a test changed it without restoring it, and every test after it ran against that directory
           │  candidate   │
           │    sec/op    │
Evaluate-4   6.772µ ± ∞ ¹
¹ need >= 6 samples for confidence interval at level 0.95

           │   candidate   │
           │     B/op      │
Evaluate-4   1.898Ki ± ∞ ¹
¹ need >= 6 samples for confidence interval at level 0.95

           │  candidate  │
           │  allocs/op  │
Evaluate-4   32.00 ± ∞ ¹
¹ need >= 6 samples for confidence interval at level 0.95

pathstest: HOME is "/tmp/2974957428/001/home" at the end of the run, not the isolated home "/tmp/qompack-test-home-99215005": a test changed it without restoring it, and every test after it ran against that directory
           │  candidate   │
           │    sec/op    │
Evaluate-4   6.777µ ± ∞ ¹
¹ need >= 6 samples for confidence interval at level 0.95

           │   candidate   │
           │     B/op      │
Evaluate-4   1.898Ki ± ∞ ¹
¹ need >= 6 samples for confidence interval at level 0.95

           │  candidate  │
           │  allocs/op  │
Evaluate-4   32.00 ± ∞ ¹
¹ need >= 6 samples for confidence interval at level 0.95

pathstest: HOME is "/tmp/3178765180/001/home" at the end of the run, not the isolated home "/tmp/qompack-test-home-1482751880": a test changed it without restoring it, and every test after it ran against that directory
           │  candidate   │
           │    sec/op    │
Evaluate-4   6.744µ ± ∞ ¹
¹ need >= 6 samples for confidence interval at level 0.95

           │   candidate   │
           │     B/op      │
Evaluate-4   1.914Ki ± ∞ ¹
¹ need >= 6 samples for confidence interval at level 0.95

           │  candidate  │
           │  allocs/op  │
Evaluate-4   32.00 ± ∞ ¹
¹ need >= 6 samples for confidence interval at level 0.95

pathstest: HOME is "/tmp/3430838114/001/home" at the end of the run, not the isolated home "/tmp/qompack-test-home-1101472913": a test changed it without restoring it, and every test after it ran against that directory
           │  candidate   │
           │    sec/op    │
Evaluate-4   7.134µ ± ∞ ¹
¹ need >= 6 samples for confidence interval at level 0.95

           │   candidate   │
           │     B/op      │
Evaluate-4   1.898Ki ± ∞ ¹
¹ need >= 6 samples for confidence interval at level 0.95

           │  candidate  │
           │  allocs/op  │
Evaluate-4   32.00 ± ∞ ¹
¹ need >= 6 samples for confidence interval at level 0.95

pathstest: HOME is "/tmp/360400775/001/home" at the end of the run, not the isolated home "/tmp/qompack-test-home-2332057623": a test changed it without restoring it, and every test after it ran against that directory
           │  candidate   │
           │    sec/op    │
Evaluate-4   6.653µ ± ∞ ¹
¹ need >= 6 samples for confidence interval at level 0.95

           │   candidate   │
           │     B/op      │
Evaluate-4   1.914Ki ± ∞ ¹
¹ need >= 6 samples for confidence interval at level 0.95

           │  candidate  │
           │  allocs/op  │
Evaluate-4   32.00 ± ∞ ¹
¹ need >= 6 samples for confidence interval at level 0.95

pathstest: HOME is "/tmp/3768425099/001/home" at the end of the run, not the isolated home "/tmp/qompack-test-home-1296488687": a test changed it without restoring it, and every test after it ran against that directory
           │  candidate   │
           │    sec/op    │
Evaluate-4   6.717µ ± ∞ ¹
¹ need >= 6 samples for confidence interval at level 0.95

           │   candidate   │
           │     B/op      │
Evaluate-4   1.914Ki ± ∞ ¹
¹ need >= 6 samples for confidence interval at level 0.95

           │  candidate  │
           │  allocs/op  │
Evaluate-4   32.00 ± ∞ ¹
¹ need >= 6 samples for confidence interval at level 0.95

pathstest: HOME is "/tmp/426110959/001/home" at the end of the run, not the isolated home "/tmp/qompack-test-home-2219520244": a test changed it without restoring it, and every test after it ran against that directory
           │  candidate   │
           │    sec/op    │
Evaluate-4   6.658µ ± ∞ ¹
¹ need >= 6 samples for confidence interval at level 0.95

           │   candidate   │
           │     B/op      │
Evaluate-4   1.914Ki ± ∞ ¹
¹ need >= 6 samples for confidence interval at level 0.95

           │  candidate  │
           │  allocs/op  │
Evaluate-4   32.00 ± ∞ ¹
¹ need >= 6 samples for confidence interval at level 0.95

pkg: github.com/qompack/qompack/internal/negknow
pathstest: 
                     │    base     │               candidate                │
                     │   sec/op    │    sec/op     vs base                  │
Open-4                 58.21m ± 4%   76.91m ± ∞ ¹        ~ (p=0.182 n=10+1)
Record-4               35.55µ ± 3%   33.89µ ± ∞ ¹        ~ (p=0.182 n=10+1)
IngestMCPRealStore-4                 36.71m ± ∞ ¹
geomean                1.438m        4.574m        +12.22%
¹ need >= 6 samples for confidence interval at level 0.95

                     │     base     │                candidate                │
                     │     B/op     │     B/op       vs base                  │
Open-4                 43.86Mi ± 0%   34.05Mi ± ∞ ¹        ~ (p=0.182 n=10+1)
Record-4               11.24Ki ± 1%   11.26Ki ± ∞ ¹        ~ (p=1.000 n=10+1)
IngestMCPRealStore-4                  68.68Ki ± ∞ ¹
geomean                710.4Ki        299.9Ki        -11.80%
¹ need >= 6 samples for confidence interval at level 0.95

                     │    base     │           candidate            │
                     │  allocs/op  │  allocs/op    vs base          │
Open-4                 400.4k ± 0%   260.5k ± ∞ ¹  -34.94% (n=10+1)
Record-4                72.00 ± 0%    70.00 ± ∞ ¹   -2.78% (n=10+1)
IngestMCPRealStore-4                  279.0 ± ∞ ¹
geomean                5.369k        1.720k        -20.47%
¹ need >= 6 samples for confidence interval at level 0.95

         │    base     │               candidate               │
         │ cpu-sec/op  │  cpu-sec/op   vs base                 │
Open-4     65.28m ± 3%   62.06m ± ∞ ¹       ~ (p=0.182 n=10+1)
Record-4   29.98µ ± 3%   28.22µ ± ∞ ¹       ~ (p=0.182 n=10+1)
geomean    1.399m        1.323m        -5.41%
¹ need >= 6 samples for confidence interval at level 0.95

pathstest: HOME is "/tmp/1925223897/001/home" at the end of the run, not the isolated home "/tmp/qompack-test-home-963714756": a test changed it without restoring it, and every test after it ran against that directory
                     │  candidate   │
                     │    sec/op    │
Open-4                 77.04m ± ∞ ¹
Record-4               33.47µ ± ∞ ¹
IngestMCPRealStore-4   36.41m ± ∞ ¹
geomean                4.545m
¹ need >= 6 samples for confidence interval at level 0.95

                     │   candidate   │
                     │     B/op      │
Open-4                 34.05Mi ± ∞ ¹
Record-4               10.98Ki ± ∞ ¹
IngestMCPRealStore-4   32.36Ki ± ∞ ¹
geomean                231.4Ki
¹ need >= 6 samples for confidence interval at level 0.95

                     │  candidate   │
                     │  allocs/op   │
Open-4                 260.5k ± ∞ ¹
Record-4                70.00 ± ∞ ¹
IngestMCPRealStore-4    273.0 ± ∞ ¹
geomean                1.708k
¹ need >= 6 samples for confidence interval at level 0.95

         │  candidate   │
         │  cpu-sec/op  │
Open-4     60.66m ± ∞ ¹
Record-4   28.19µ ± ∞ ¹
geomean    1.308m
¹ need >= 6 samples for confidence interval at level 0.95

pathstest: HOME is "/tmp/2768512412/001/home" at the end of the run, not the isolated home "/tmp/qompack-test-home-1018763912": a test changed it without restoring it, and every test after it ran against that directory
                     │  candidate   │
                     │    sec/op    │
Open-4                 75.46m ± ∞ ¹
Record-4               34.58µ ± ∞ ¹
IngestMCPRealStore-4   36.65m ± ∞ ¹
geomean                4.573m
¹ need >= 6 samples for confidence interval at level 0.95

                     │   candidate   │
                     │     B/op      │
Open-4                 34.05Mi ± ∞ ¹
Record-4               10.99Ki ± ∞ ¹
IngestMCPRealStore-4   36.30Ki ± ∞ ¹
geomean                240.5Ki
¹ need >= 6 samples for confidence interval at level 0.95

                     │  candidate   │
                     │  allocs/op   │
Open-4                 260.5k ± ∞ ¹
Record-4                70.00 ± ∞ ¹
IngestMCPRealStore-4    277.0 ± ∞ ¹
geomean                1.716k
¹ need >= 6 samples for confidence interval at level 0.95

         │  candidate   │
         │  cpu-sec/op  │
Open-4     59.25m ± ∞ ¹
Record-4   28.24µ ± ∞ ¹
geomean    1.294m
¹ need >= 6 samples for confidence interval at level 0.95

pathstest: HOME is "/tmp/2974957428/001/home" at the end of the run, not the isolated home "/tmp/qompack-test-home-99215005": a test changed it without restoring it, and every test after it ran against that directory
                     │  candidate   │
                     │    sec/op    │
Open-4                 75.18m ± ∞ ¹
Record-4               33.38µ ± ∞ ¹
IngestMCPRealStore-4   36.25m ± ∞ ¹
geomean                4.497m
¹ need >= 6 samples for confidence interval at level 0.95

                     │   candidate   │
                     │     B/op      │
Open-4                 34.05Mi ± ∞ ¹
Record-4               11.13Ki ± ∞ ¹
IngestMCPRealStore-4   33.66Ki ± ∞ ¹
geomean                235.5Ki
¹ need >= 6 samples for confidence interval at level 0.95

                     │  candidate   │
                     │  allocs/op   │
Open-4                 260.5k ± ∞ ¹
Record-4                70.00 ± ∞ ¹
IngestMCPRealStore-4    274.0 ± ∞ ¹
geomean                1.710k
¹ need >= 6 samples for confidence interval at level 0.95

         │  candidate   │
         │  cpu-sec/op  │
Open-4     58.04m ± ∞ ¹
Record-4   28.19µ ± ∞ ¹
geomean    1.279m
¹ need >= 6 samples for confidence interval at level 0.95

pathstest: HOME is "/tmp/3178765180/001/home" at the end of the run, not the isolated home "/tmp/qompack-test-home-1482751880": a test changed it without restoring it, and every test after it ran against that directory
                     │  candidate   │
                     │    sec/op    │
Open-4                 78.54m ± ∞ ¹
Record-4               35.75µ ± ∞ ¹
IngestMCPRealStore-4   37.55m ± ∞ ¹
geomean                4.724m
¹ need >= 6 samples for confidence interval at level 0.95

                     │   candidate   │
                     │     B/op      │
Open-4                 34.05Mi ± ∞ ¹
Record-4               11.19Ki ± ∞ ¹
IngestMCPRealStore-4   66.76Ki ± ∞ ¹
geomean                296.4Ki
¹ need >= 6 samples for confidence interval at level 0.95

                     │  candidate   │
                     │  allocs/op   │
Open-4                 260.5k ± ∞ ¹
Record-4                70.00 ± ∞ ¹
IngestMCPRealStore-4    279.0 ± ∞ ¹
geomean                1.720k
¹ need >= 6 samples for confidence interval at level 0.95

         │  candidate   │
         │  cpu-sec/op  │
Open-4     62.47m ± ∞ ¹
Record-4   30.43µ ± ∞ ¹
geomean    1.379m
¹ need >= 6 samples for confidence interval at level 0.95

pathstest: HOME is "/tmp/3430838114/001/home" at the end of the run, not the isolated home "/tmp/qompack-test-home-1101472913": a test changed it without restoring it, and every test after it ran against that directory
                     │  candidate   │
                     │    sec/op    │
Open-4                 86.53m ± ∞ ¹
Record-4               37.04µ ± ∞ ¹
IngestMCPRealStore-4   46.52m ± ∞ ¹
geomean                5.303m
¹ need >= 6 samples for confidence interval at level 0.95

                     │   candidate   │
                     │     B/op      │
Open-4                 34.05Mi ± ∞ ¹
Record-4               11.30Ki ± ∞ ¹
IngestMCPRealStore-4   73.28Ki ± ∞ ¹
geomean                306.8Ki
¹ need >= 6 samples for confidence interval at level 0.95

                     │  candidate   │
                     │  allocs/op   │
Open-4                 260.5k ± ∞ ¹
Record-4                70.00 ± ∞ ¹
IngestMCPRealStore-4    281.0 ± ∞ ¹
geomean                1.724k
¹ need >= 6 samples for confidence interval at level 0.95

         │  candidate   │
         │  cpu-sec/op  │
Open-4     65.17m ± ∞ ¹
Record-4   29.34µ ± ∞ ¹
geomean    1.383m
¹ need >= 6 samples for confidence interval at level 0.95

pathstest: HOME is "/tmp/360400775/001/home" at the end of the run, not the isolated home "/tmp/qompack-test-home-2332057623": a test changed it without restoring it, and every test after it ran against that directory
                     │  candidate   │
                     │    sec/op    │
Open-4                 76.55m ± ∞ ¹
Record-4               35.91µ ± ∞ ¹
IngestMCPRealStore-4   37.53m ± ∞ ¹
geomean                4.690m
¹ need >= 6 samples for confidence interval at level 0.95

                     │   candidate   │
                     │     B/op      │
Open-4                 34.05Mi ± ∞ ¹
Record-4               11.12Ki ± ∞ ¹
IngestMCPRealStore-4   51.24Ki ± ∞ ¹
geomean                270.9Ki
¹ need >= 6 samples for confidence interval at level 0.95

                     │  candidate   │
                     │  allocs/op   │
Open-4                 260.5k ± ∞ ¹
Record-4                70.00 ± ∞ ¹
IngestMCPRealStore-4    276.0 ± ∞ ¹
geomean                1.714k
¹ need >= 6 samples for confidence interval at level 0.95

         │  candidate   │
         │  cpu-sec/op  │
Open-4     60.14m ± ∞ ¹
Record-4   28.81µ ± ∞ ¹
geomean    1.316m
¹ need >= 6 samples for confidence interval at level 0.95

pathstest: HOME is "/tmp/3768425099/001/home" at the end of the run, not the isolated home "/tmp/qompack-test-home-1296488687": a test changed it without restoring it, and every test after it ran against that directory
                     │  candidate   │
                     │    sec/op    │
Open-4                 76.78m ± ∞ ¹
Record-4               34.52µ ± ∞ ¹
IngestMCPRealStore-4   38.90m ± ∞ ¹
geomean                4.689m
¹ need >= 6 samples for confidence interval at level 0.95

                     │   candidate   │
                     │     B/op      │
Open-4                 34.05Mi ± ∞ ¹
Record-4               11.02Ki ± ∞ ¹
IngestMCPRealStore-4   66.76Ki ± ∞ ¹
geomean                294.9Ki
¹ need >= 6 samples for confidence interval at level 0.95

                     │  candidate   │
                     │  allocs/op   │
Open-4                 260.5k ± ∞ ¹
Record-4                70.00 ± ∞ ¹
IngestMCPRealStore-4    279.0 ± ∞ ¹
geomean                1.720k
¹ need >= 6 samples for confidence interval at level 0.95

         │  candidate   │
         │  cpu-sec/op  │
Open-4     59.77m ± ∞ ¹
Record-4   29.57µ ± ∞ ¹
geomean    1.329m
¹ need >= 6 samples for confidence interval at level 0.95

pathstest: HOME is "/tmp/426110959/001/home" at the end of the run, not the isolated home "/tmp/qompack-test-home-2219520244": a test changed it without restoring it, and every test after it ran against that directory
                     │  candidate   │
                     │    sec/op    │
Open-4                 78.76m ± ∞ ¹
Record-4               34.22µ ± ∞ ¹
IngestMCPRealStore-4   36.84m ± ∞ ¹
geomean                4.631m
¹ need >= 6 samples for confidence interval at level 0.95

                     │   candidate   │
                     │     B/op      │
Open-4                 34.05Mi ± ∞ ¹
Record-4               11.15Ki ± ∞ ¹
IngestMCPRealStore-4   66.59Ki ± ∞ ¹
geomean                295.8Ki
¹ need >= 6 samples for confidence interval at level 0.95

                     │  candidate   │
                     │  allocs/op   │
Open-4                 260.5k ± ∞ ¹
Record-4                70.00 ± ∞ ¹
IngestMCPRealStore-4    278.0 ± ∞ ¹
geomean                1.718k
¹ need >= 6 samples for confidence interval at level 0.95

         │  candidate   │
         │  cpu-sec/op  │
Open-4     60.98m ± ∞ ¹
Record-4   28.00µ ± ∞ ¹
geomean    1.307m
¹ need >= 6 samples for confidence interval at level 0.95

pkg: github.com/qompack/qompack/internal/obs
pathstest: 
                    │    base     │            candidate             │
                    │   sec/op    │    sec/op     vs base            │
Histogram_Observe-4   9.751n ± 2%   9.556n ± ∞ ¹  ~ (p=0.182 n=10+1)
¹ need >= 6 samples for confidence interval at level 0.95

                    │    base    │             candidate             │
                    │    B/op    │    B/op      vs base              │
Histogram_Observe-4   0.000 ± 0%   0.000 ± ∞ ¹  ~ (p=1.000 n=10+1) ²
¹ need >= 6 samples for confidence interval at level 0.95
² all samples are equal

                    │    base    │             candidate             │
                    │ allocs/op  │  allocs/op   vs base              │
Histogram_Observe-4   0.000 ± 0%   0.000 ± ∞ ¹  ~ (p=1.000 n=10+1) ²
¹ need >= 6 samples for confidence interval at level 0.95
² all samples are equal

pathstest: HOME is "/tmp/1925223897/001/home" at the end of the run, not the isolated home "/tmp/qompack-test-home-963714756": a test changed it without restoring it, and every test after it ran against that directory
                    │  candidate   │
                    │    sec/op    │
Histogram_Observe-4   9.485n ± ∞ ¹
¹ need >= 6 samples for confidence interval at level 0.95

                    │  candidate  │
                    │    B/op     │
Histogram_Observe-4   0.000 ± ∞ ¹
¹ need >= 6 samples for confidence interval at level 0.95

                    │  candidate  │
                    │  allocs/op  │
Histogram_Observe-4   0.000 ± ∞ ¹
¹ need >= 6 samples for confidence interval at level 0.95

pathstest: HOME is "/tmp/2768512412/001/home" at the end of the run, not the isolated home "/tmp/qompack-test-home-1018763912": a test changed it without restoring it, and every test after it ran against that directory
                    │  candidate   │
                    │    sec/op    │
Histogram_Observe-4   9.175n ± ∞ ¹
¹ need >= 6 samples for confidence interval at level 0.95

                    │  candidate  │
                    │    B/op     │
Histogram_Observe-4   0.000 ± ∞ ¹
¹ need >= 6 samples for confidence interval at level 0.95

                    │  candidate  │
                    │  allocs/op  │
Histogram_Observe-4   0.000 ± ∞ ¹
¹ need >= 6 samples for confidence interval at level 0.95

pathstest: HOME is "/tmp/2974957428/001/home" at the end of the run, not the isolated home "/tmp/qompack-test-home-99215005": a test changed it without restoring it, and every test after it ran against that directory
                    │  candidate   │
                    │    sec/op    │
Histogram_Observe-4   9.680n ± ∞ ¹
¹ need >= 6 samples for confidence interval at level 0.95

                    │  candidate  │
                    │    B/op     │
Histogram_Observe-4   0.000 ± ∞ ¹
¹ need >= 6 samples for confidence interval at level 0.95

                    │  candidate  │
                    │  allocs/op  │
Histogram_Observe-4   0.000 ± ∞ ¹
¹ need >= 6 samples for confidence interval at level 0.95

pathstest: HOME is "/tmp/3178765180/001/home" at the end of the run, not the isolated home "/tmp/qompack-test-home-1482751880": a test changed it without restoring it, and every test after it ran against that directory
                    │  candidate   │
                    │    sec/op    │
Histogram_Observe-4   9.316n ± ∞ ¹
¹ need >= 6 samples for confidence interval at level 0.95

                    │  candidate  │
                    │    B/op     │
Histogram_Observe-4   0.000 ± ∞ ¹
¹ need >= 6 samples for confidence interval at level 0.95

                    │  candidate  │
                    │  allocs/op  │
Histogram_Observe-4   0.000 ± ∞ ¹
¹ need >= 6 samples for confidence interval at level 0.95

pathstest: HOME is "/tmp/3430838114/001/home" at the end of the run, not the isolated home "/tmp/qompack-test-home-1101472913": a test changed it without restoring it, and every test after it ran against that directory
                    │  candidate   │
                    │    sec/op    │
Histogram_Observe-4   9.618n ± ∞ ¹
¹ need >= 6 samples for confidence interval at level 0.95

                    │  candidate  │
                    │    B/op     │
Histogram_Observe-4   0.000 ± ∞ ¹
¹ need >= 6 samples for confidence interval at level 0.95

                    │  candidate  │
                    │  allocs/op  │
Histogram_Observe-4   0.000 ± ∞ ¹
¹ need >= 6 samples for confidence interval at level 0.95

pathstest: HOME is "/tmp/360400775/001/home" at the end of the run, not the isolated home "/tmp/qompack-test-home-2332057623": a test changed it without restoring it, and every test after it ran against that directory
                    │  candidate   │
                    │    sec/op    │
Histogram_Observe-4   9.416n ± ∞ ¹
¹ need >= 6 samples for confidence interval at level 0.95

                    │  candidate  │
                    │    B/op     │
Histogram_Observe-4   0.000 ± ∞ ¹
¹ need >= 6 samples for confidence interval at level 0.95

                    │  candidate  │
                    │  allocs/op  │
Histogram_Observe-4   0.000 ± ∞ ¹
¹ need >= 6 samples for confidence interval at level 0.95

pathstest: HOME is "/tmp/3768425099/001/home" at the end of the run, not the isolated home "/tmp/qompack-test-home-1296488687": a test changed it without restoring it, and every test after it ran against that directory
                    │  candidate   │
                    │    sec/op    │
Histogram_Observe-4   9.337n ± ∞ ¹
¹ need >= 6 samples for confidence interval at level 0.95

                    │  candidate  │
                    │    B/op     │
Histogram_Observe-4   0.000 ± ∞ ¹
¹ need >= 6 samples for confidence interval at level 0.95

                    │  candidate  │
                    │  allocs/op  │
Histogram_Observe-4   0.000 ± ∞ ¹
¹ need >= 6 samples for confidence interval at level 0.95

pathstest: HOME is "/tmp/426110959/001/home" at the end of the run, not the isolated home "/tmp/qompack-test-home-2219520244": a test changed it without restoring it, and every test after it ran against that directory
                    │  candidate   │
                    │    sec/op    │
Histogram_Observe-4   9.493n ± ∞ ¹
¹ need >= 6 samples for confidence interval at level 0.95

                    │  candidate  │
                    │    B/op     │
Histogram_Observe-4   0.000 ± ∞ ¹
¹ need >= 6 samples for confidence interval at level 0.95

                    │  candidate  │
                    │  allocs/op  │
Histogram_Observe-4   0.000 ± ∞ ¹
¹ need >= 6 samples for confidence interval at level 0.95

pkg: github.com/qompack/qompack/internal/observer
pathstest: 
                                            │     base     │               candidate                │
                                            │    sec/op    │    sec/op     vs base                  │
Tombstone-4                                    300.1n ± 2%   302.1n ± ∞ ¹        ~ (p=0.727 n=10+1)
OnToolUse_FileRead64KB/Deduped-4              10.681m ± 2%   7.217m ± ∞ ¹        ~ (p=0.182 n=10+1)
OnToolUse_FileRead64KB/Delta-4                 25.78m ± 3%   23.19m ± ∞ ¹        ~ (p=0.182 n=10+1)
OnToolUse_FileRead64KB/AllNovel-4              26.82m ± 5%   23.97m ± ∞ ¹        ~ (p=0.182 n=10+1)
OnToolUse_TestOutput256KB/Deduped-4            39.53m ± 0%   26.39m ± ∞ ¹        ~ (p=0.182 n=10+1)
OnToolUse_TestOutput256KB/Delta-4              71.41m ± 2%   58.37m ± ∞ ¹        ~ (p=0.182 n=10+1)
OnToolUse_TestOutput256KB/AllNovel-4           93.57m ± 1%   79.13m ± ∞ ¹        ~ (p=0.182 n=10+1)
OnToolUse_TestOutput256KB_Leased/Deduped-4                   131.3m ± ∞ ¹
OnToolUse_TestOutput256KB_Leased/Delta-4                     178.8m ± ∞ ¹
OnToolUse_TestOutput256KB_Leased/AllNovel-4                  661.6m ± ∞ ¹
geomean                                        6.667m        17.22m        -17.86%
¹ need >= 6 samples for confidence interval at level 0.95

                                            │      base      │                 candidate                 │
                                            │      B/op      │     B/op       vs base                    │
Tombstone-4                                      272.0 ±  0%     272.0 ± ∞ ¹        ~ (p=1.000 n=10+1) ²
OnToolUse_FileRead64KB/Deduped-4               4.191Mi ±  1%   1.253Mi ± ∞ ¹        ~ (p=0.182 n=10+1)
OnToolUse_FileRead64KB/Delta-4                 5.707Mi ± 10%   1.295Mi ± ∞ ¹        ~ (p=0.182 n=10+1)
OnToolUse_FileRead64KB/AllNovel-4              6.029Mi ±  9%   1.338Mi ± ∞ ¹        ~ (p=0.182 n=10+1)
OnToolUse_TestOutput256KB/Deduped-4           10.908Mi ±  0%   6.373Mi ± ∞ ¹        ~ (p=0.182 n=10+1)
OnToolUse_TestOutput256KB/Delta-4             12.651Mi ±  2%   6.551Mi ± ∞ ¹        ~ (p=0.182 n=10+1)
OnToolUse_TestOutput256KB/AllNovel-4          12.291Mi ±  2%   6.304Mi ± ∞ ¹        ~ (p=0.182 n=10+1)
OnToolUse_TestOutput256KB_Leased/Deduped-4                     9.812Mi ± ∞ ¹
OnToolUse_TestOutput256KB_Leased/Delta-4                       10.00Mi ± ∞ ¹
OnToolUse_TestOutput256KB_Leased/AllNovel-4                    10.52Mi ± ∞ ¹
geomean                                        1.809Mi         1.654Mi        -57.92%
¹ need >= 6 samples for confidence interval at level 0.95
² all samples are equal

                                            │     base     │                candidate                 │
                                            │  allocs/op   │  allocs/op    vs base                    │
Tombstone-4                                     6.000 ± 0%    6.000 ± ∞ ¹        ~ (p=1.000 n=10+1) ²
OnToolUse_FileRead64KB/Deduped-4              15665.5 ± 1%    284.0 ± ∞ ¹        ~ (p=0.182 n=10+1)
OnToolUse_FileRead64KB/Delta-4                12266.0 ± 6%    435.0 ± ∞ ¹        ~ (p=0.182 n=10+1)
OnToolUse_FileRead64KB/AllNovel-4             12622.0 ± 1%    544.0 ± ∞ ¹        ~ (p=0.182 n=10+1)
OnToolUse_TestOutput256KB/Deduped-4           26.782k ± 0%   5.995k ± ∞ ¹  -77.62% (n=10+1)
OnToolUse_TestOutput256KB/Delta-4             28.675k ± 0%   7.197k ± ∞ ¹  -74.90% (n=10+1)
OnToolUse_TestOutput256KB/AllNovel-4          30.983k ± 0%   7.720k ± ∞ ¹  -75.08% (n=10+1)
OnToolUse_TestOutput256KB_Leased/Deduped-4                   8.788k ± ∞ ¹
OnToolUse_TestOutput256KB_Leased/Delta-4                     9.976k ± ∞ ¹
OnToolUse_TestOutput256KB_Leased/AllNovel-4                  13.12k ± ∞ ¹
geomean                                        6.185k        1.655k        -87.86%
¹ need >= 6 samples for confidence interval at level 0.95
² all samples are equal

                                            │    base     │                candidate                │
                                            │   dedup-x   │   dedup-x     vs base                   │
OnToolUse_FileRead64KB/Deduped-4              19.25k ± 6%   27.26k ± ∞ ¹       ~ (p=0.182 n=10+1)
OnToolUse_FileRead64KB/Delta-4                 664.3 ± 1%    670.0 ± ∞ ¹       ~ (p=0.182 n=10+1)
OnToolUse_FileRead64KB/AllNovel-4              67.09 ± 1%    66.20 ± ∞ ¹       ~ (p=0.182 n=10+1)
OnToolUse_TestOutput256KB/Deduped-4           2.235k ± 0%   2.235k ± ∞ ¹       ~ (p=1.000 n=10+1) ²
OnToolUse_TestOutput256KB/Delta-4              143.8 ± 0%    143.8 ± ∞ ¹       ~ (p=1.000 n=10+1) ²
OnToolUse_TestOutput256KB/AllNovel-4           3.753 ± 0%    3.753 ± ∞ ¹       ~ (p=1.000 n=10+1) ²
OnToolUse_TestOutput256KB_Leased/Deduped-4                  2.235k ± ∞ ¹
OnToolUse_TestOutput256KB_Leased/Delta-4                     143.8 ± ∞ ¹
OnToolUse_TestOutput256KB_Leased/AllNovel-4                  3.753 ± ∞ ¹
geomean                                        318.0         229.4        +5.89%
¹ need >= 6 samples for confidence interval at level 0.95
² all samples are equal

                                            │    base     │                candidate                │
                                            │   objects   │   objects     vs base                   │
OnToolUse_FileRead64KB/Deduped-4               5.000 ± 0%    5.000 ± ∞ ¹       ~ (p=1.000 n=10+1) ²
OnToolUse_FileRead64KB/Delta-4                 48.50 ± 9%    56.00 ± ∞ ¹       ~ (p=0.182 n=10+1)
OnToolUse_FileRead64KB/AllNovel-4              200.5 ± 4%    218.0 ± ∞ ¹       ~ (p=0.182 n=10+1)
OnToolUse_TestOutput256KB/Deduped-4            34.00 ± 0%    34.00 ± ∞ ¹       ~ (p=1.000 n=10+1) ²
OnToolUse_TestOutput256KB/Delta-4              435.0 ± 0%    435.0 ± ∞ ¹       ~ (p=1.000 n=10+1) ²
OnToolUse_TestOutput256KB/AllNovel-4          12.21k ± 0%   12.21k ± ∞ ¹       ~ (p=1.000 n=10+1) ²
OnToolUse_TestOutput256KB_Leased/Deduped-4                   34.00 ± ∞ ¹
OnToolUse_TestOutput256KB_Leased/Delta-4                     435.0 ± ∞ ¹
OnToolUse_TestOutput256KB_Leased/AllNovel-4                 12.21k ± ∞ ¹
geomean                                        143.6         232.6        +3.86%
¹ need >= 6 samples for confidence interval at level 0.95
² all samples are equal

                                            │    base     │           candidate           │
                                            │   p50-ms    │   p50-ms     vs base          │
OnToolUse_FileRead64KB/Deduped-4              11.260 ± 0%   7.168 ± ∞ ¹  -36.34% (n=10+1)
OnToolUse_FileRead64KB/Delta-4                 26.62 ± 8%   24.58 ± ∞ ¹   -7.66% (n=10+1)
OnToolUse_FileRead64KB/AllNovel-4              28.67 ± 7%   24.58 ± ∞ ¹  -14.27% (n=10+1)
OnToolUse_TestOutput256KB/Deduped-4            40.96 ± 0%   26.62 ± ∞ ¹  -35.01% (n=10+1)
OnToolUse_TestOutput256KB/Delta-4              73.73 ± 0%   57.34 ± ∞ ¹  -22.23% (n=10+1)
OnToolUse_TestOutput256KB/AllNovel-4           98.30 ± 0%   81.92 ± ∞ ¹  -16.66% (n=10+1)
OnToolUse_TestOutput256KB_Leased/Deduped-4                  131.1 ± ∞ ¹
OnToolUse_TestOutput256KB_Leased/Delta-4                    180.2 ± ∞ ¹
OnToolUse_TestOutput256KB_Leased/AllNovel-4                 720.9 ± ∞ ¹
geomean                                        36.96        59.41        -22.76%
¹ need >= 6 samples for confidence interval at level 0.95

                                            │     base     │               candidate               │
                                            │    p99-ms    │   p99-ms     vs base                  │
OnToolUse_FileRead64KB/Deduped-4               15.36 ±  7%   11.26 ± ∞ ¹  -26.69% (n=10+1)
OnToolUse_FileRead64KB/Delta-4                 36.86 ± 17%   36.86 ± ∞ ¹        ~ (p=1.273 n=10+1)
OnToolUse_FileRead64KB/AllNovel-4              36.86 ± 11%   32.77 ± ∞ ¹        ~ (p=0.182 n=10+1)
OnToolUse_TestOutput256KB/Deduped-4            49.15 ±  8%   32.77 ± ∞ ¹        ~ (p=0.182 n=10+1)
OnToolUse_TestOutput256KB/Delta-4              90.11 ±  9%   73.73 ± ∞ ¹        ~ (p=0.182 n=10+1)
OnToolUse_TestOutput256KB/AllNovel-4          114.70 ± 14%   98.30 ± ∞ ¹        ~ (p=0.182 n=10+1)
OnToolUse_TestOutput256KB_Leased/Deduped-4                   196.6 ± ∞ ¹
OnToolUse_TestOutput256KB_Leased/Delta-4                     229.4 ± ∞ ¹
OnToolUse_TestOutput256KB_Leased/AllNovel-4                  852.0 ± ∞ ¹
geomean                                        46.87         79.31        -17.97%
¹ need >= 6 samples for confidence interval at level 0.95

pathstest: HOME is "/tmp/1925223897/001/home" at the end of the run, not the isolated home "/tmp/qompack-test-home-963714756": a test changed it without restoring it, and every test after it ran against that directory
                                            │  candidate   │
                                            │    sec/op    │
Tombstone-4                                   292.8n ± ∞ ¹
OnToolUse_FileRead64KB/Deduped-4              7.148m ± ∞ ¹
OnToolUse_FileRead64KB/Delta-4                21.82m ± ∞ ¹
OnToolUse_FileRead64KB/AllNovel-4             22.79m ± ∞ ¹
OnToolUse_TestOutput256KB/Deduped-4           26.14m ± ∞ ¹
OnToolUse_TestOutput256KB/Delta-4             57.64m ± ∞ ¹
OnToolUse_TestOutput256KB/AllNovel-4          78.05m ± ∞ ¹
OnToolUse_TestOutput256KB_Leased/Deduped-4    132.3m ± ∞ ¹
OnToolUse_TestOutput256KB_Leased/Delta-4      174.2m ± ∞ ¹
OnToolUse_TestOutput256KB_Leased/AllNovel-4   648.5m ± ∞ ¹
geomean                                       16.84m
¹ need >= 6 samples for confidence interval at level 0.95

                                            │   candidate   │
                                            │     B/op      │
Tombstone-4                                     272.0 ± ∞ ¹
OnToolUse_FileRead64KB/Deduped-4              1.254Mi ± ∞ ¹
OnToolUse_FileRead64KB/Delta-4                1.298Mi ± ∞ ¹
OnToolUse_FileRead64KB/AllNovel-4             1.342Mi ± ∞ ¹
OnToolUse_TestOutput256KB/Deduped-4           6.374Mi ± ∞ ¹
OnToolUse_TestOutput256KB/Delta-4             6.549Mi ± ∞ ¹
OnToolUse_TestOutput256KB/AllNovel-4          6.303Mi ± ∞ ¹
OnToolUse_TestOutput256KB_Leased/Deduped-4    9.803Mi ± ∞ ¹
OnToolUse_TestOutput256KB_Leased/Delta-4      9.983Mi ± ∞ ¹
OnToolUse_TestOutput256KB_Leased/AllNovel-4   10.52Mi ± ∞ ¹
geomean                                       1.654Mi
¹ need >= 6 samples for confidence interval at level 0.95

                                            │  candidate   │
                                            │  allocs/op   │
Tombstone-4                                    6.000 ± ∞ ¹
OnToolUse_FileRead64KB/Deduped-4               285.0 ± ∞ ¹
OnToolUse_FileRead64KB/Delta-4                 437.0 ± ∞ ¹
OnToolUse_FileRead64KB/AllNovel-4              546.0 ± ∞ ¹
OnToolUse_TestOutput256KB/Deduped-4           5.996k ± ∞ ¹
OnToolUse_TestOutput256KB/Delta-4             7.195k ± ∞ ¹
OnToolUse_TestOutput256KB/AllNovel-4          7.718k ± ∞ ¹
OnToolUse_TestOutput256KB_Leased/Deduped-4    8.782k ± ∞ ¹
OnToolUse_TestOutput256KB_Leased/Delta-4      9.976k ± ∞ ¹
OnToolUse_TestOutput256KB_Leased/AllNovel-4   13.12k ± ∞ ¹
geomean                                       1.657k
¹ need >= 6 samples for confidence interval at level 0.95

                                            │  candidate   │
                                            │   dedup-x    │
OnToolUse_FileRead64KB/Deduped-4              27.10k ± ∞ ¹
OnToolUse_FileRead64KB/Delta-4                 669.5 ± ∞ ¹
OnToolUse_FileRead64KB/AllNovel-4              66.31 ± ∞ ¹
OnToolUse_TestOutput256KB/Deduped-4           2.235k ± ∞ ¹
OnToolUse_TestOutput256KB/Delta-4              143.8 ± ∞ ¹
OnToolUse_TestOutput256KB/AllNovel-4           3.753 ± ∞ ¹
OnToolUse_TestOutput256KB_Leased/Deduped-4    2.235k ± ∞ ¹
OnToolUse_TestOutput256KB_Leased/Delta-4       143.8 ± ∞ ¹
OnToolUse_TestOutput256KB_Leased/AllNovel-4    3.753 ± ∞ ¹
geomean                                        229.3
¹ need >= 6 samples for confidence interval at level 0.95

                                            │  candidate   │
                                            │   objects    │
OnToolUse_FileRead64KB/Deduped-4               5.000 ± ∞ ¹
OnToolUse_FileRead64KB/Delta-4                 55.00 ± ∞ ¹
OnToolUse_FileRead64KB/AllNovel-4              231.0 ± ∞ ¹
OnToolUse_TestOutput256KB/Deduped-4            34.00 ± ∞ ¹
OnToolUse_TestOutput256KB/Delta-4              435.0 ± ∞ ¹
OnToolUse_TestOutput256KB/AllNovel-4          12.21k ± ∞ ¹
OnToolUse_TestOutput256KB_Leased/Deduped-4     34.00 ± ∞ ¹
OnToolUse_TestOutput256KB_Leased/Delta-4       435.0 ± ∞ ¹
OnToolUse_TestOutput256KB_Leased/AllNovel-4   12.21k ± ∞ ¹
geomean                                        233.6
¹ need >= 6 samples for confidence interval at level 0.95

                                            │  candidate  │
                                            │   p50-ms    │
OnToolUse_FileRead64KB/Deduped-4              7.168 ± ∞ ¹
OnToolUse_FileRead64KB/Delta-4                22.53 ± ∞ ¹
OnToolUse_FileRead64KB/AllNovel-4             24.58 ± ∞ ¹
OnToolUse_TestOutput256KB/Deduped-4           26.62 ± ∞ ¹
OnToolUse_TestOutput256KB/Delta-4             57.34 ± ∞ ¹
OnToolUse_TestOutput256KB/AllNovel-4          81.92 ± ∞ ¹
OnToolUse_TestOutput256KB_Leased/Deduped-4    131.1 ± ∞ ¹
OnToolUse_TestOutput256KB_Leased/Delta-4      180.2 ± ∞ ¹
OnToolUse_TestOutput256KB_Leased/AllNovel-4   655.4 ± ∞ ¹
geomean                                       58.22
¹ need >= 6 samples for confidence interval at level 0.95

                                            │  candidate  │
                                            │   p99-ms    │
OnToolUse_FileRead64KB/Deduped-4              15.36 ± ∞ ¹
OnToolUse_FileRead64KB/Delta-4                26.62 ± ∞ ¹
OnToolUse_FileRead64KB/AllNovel-4             26.62 ± ∞ ¹
OnToolUse_TestOutput256KB/Deduped-4           32.77 ± ∞ ¹
OnToolUse_TestOutput256KB/Delta-4             98.30 ± ∞ ¹
OnToolUse_TestOutput256KB/AllNovel-4          90.11 ± ∞ ¹
OnToolUse_TestOutput256KB_Leased/Deduped-4    245.8 ± ∞ ¹
OnToolUse_TestOutput256KB_Leased/Delta-4      213.0 ± ∞ ¹
OnToolUse_TestOutput256KB_Leased/AllNovel-4   786.4 ± ∞ ¹
geomean                                       79.72
¹ need >= 6 samples for confidence interval at level 0.95

pathstest: HOME is "/tmp/2768512412/001/home" at the end of the run, not the isolated home "/tmp/qompack-test-home-1018763912": a test changed it without restoring it, and every test after it ran against that directory
                                            │  candidate   │
                                            │    sec/op    │
Tombstone-4                                   292.0n ± ∞ ¹
OnToolUse_FileRead64KB/Deduped-4              7.167m ± ∞ ¹
OnToolUse_FileRead64KB/Delta-4                22.46m ± ∞ ¹
OnToolUse_FileRead64KB/AllNovel-4             22.58m ± ∞ ¹
OnToolUse_TestOutput256KB/Deduped-4           26.34m ± ∞ ¹
OnToolUse_TestOutput256KB/Delta-4             57.06m ± ∞ ¹
OnToolUse_TestOutput256KB/AllNovel-4          76.99m ± ∞ ¹
OnToolUse_TestOutput256KB_Leased/Deduped-4    129.8m ± ∞ ¹
OnToolUse_TestOutput256KB_Leased/Delta-4      176.9m ± ∞ ¹
OnToolUse_TestOutput256KB_Leased/AllNovel-4   648.0m ± ∞ ¹
geomean                                       16.83m
¹ need >= 6 samples for confidence interval at level 0.95

                                            │   candidate   │
                                            │     B/op      │
Tombstone-4                                     272.0 ± ∞ ¹
OnToolUse_FileRead64KB/Deduped-4              1.252Mi ± ∞ ¹
OnToolUse_FileRead64KB/Delta-4                1.299Mi ± ∞ ¹
OnToolUse_FileRead64KB/AllNovel-4             1.344Mi ± ∞ ¹
OnToolUse_TestOutput256KB/Deduped-4           6.375Mi ± ∞ ¹
OnToolUse_TestOutput256KB/Delta-4             6.551Mi ± ∞ ¹
OnToolUse_TestOutput256KB/AllNovel-4          6.306Mi ± ∞ ¹
OnToolUse_TestOutput256KB_Leased/Deduped-4    9.802Mi ± ∞ ¹
OnToolUse_TestOutput256KB_Leased/Delta-4      10.02Mi ± ∞ ¹
OnToolUse_TestOutput256KB_Leased/AllNovel-4   10.53Mi ± ∞ ¹
geomean                                       1.655Mi
¹ need >= 6 samples for confidence interval at level 0.95

                                            │  candidate   │
                                            │  allocs/op   │
Tombstone-4                                    6.000 ± ∞ ¹
OnToolUse_FileRead64KB/Deduped-4               284.0 ± ∞ ¹
OnToolUse_FileRead64KB/Delta-4                 437.0 ± ∞ ¹
OnToolUse_FileRead64KB/AllNovel-4              548.0 ± ∞ ¹
OnToolUse_TestOutput256KB/Deduped-4           5.996k ± ∞ ¹
OnToolUse_TestOutput256KB/Delta-4             7.196k ± ∞ ¹
OnToolUse_TestOutput256KB/AllNovel-4          7.722k ± ∞ ¹
OnToolUse_TestOutput256KB_Leased/Deduped-4    8.782k ± ∞ ¹
OnToolUse_TestOutput256KB_Leased/Delta-4      9.983k ± ∞ ¹
OnToolUse_TestOutput256KB_Leased/AllNovel-4   13.12k ± ∞ ¹
geomean                                       1.657k
¹ need >= 6 samples for confidence interval at level 0.95

                                            │  candidate   │
                                            │   dedup-x    │
OnToolUse_FileRead64KB/Deduped-4              26.77k ± ∞ ¹
OnToolUse_FileRead64KB/Delta-4                 664.7 ± ∞ ¹
OnToolUse_FileRead64KB/AllNovel-4              66.58 ± ∞ ¹
OnToolUse_TestOutput256KB/Deduped-4           2.235k ± ∞ ¹
OnToolUse_TestOutput256KB/Delta-4              143.8 ± ∞ ¹
OnToolUse_TestOutput256KB/AllNovel-4           3.753 ± ∞ ¹
OnToolUse_TestOutput256KB_Leased/Deduped-4    2.235k ± ∞ ¹
OnToolUse_TestOutput256KB_Leased/Delta-4       143.8 ± ∞ ¹
OnToolUse_TestOutput256KB_Leased/AllNovel-4    3.753 ± ∞ ¹
geomean                                        228.9
¹ need >= 6 samples for confidence interval at level 0.95

                                            │  candidate   │
                                            │   objects    │
OnToolUse_FileRead64KB/Deduped-4               5.000 ± ∞ ¹
OnToolUse_FileRead64KB/Delta-4                 49.00 ± ∞ ¹
OnToolUse_FileRead64KB/AllNovel-4              226.0 ± ∞ ¹
OnToolUse_TestOutput256KB/Deduped-4            34.00 ± ∞ ¹
OnToolUse_TestOutput256KB/Delta-4              435.0 ± ∞ ¹
OnToolUse_TestOutput256KB/AllNovel-4          12.21k ± ∞ ¹
OnToolUse_TestOutput256KB_Leased/Deduped-4     34.00 ± ∞ ¹
OnToolUse_TestOutput256KB_Leased/Delta-4       435.0 ± ∞ ¹
OnToolUse_TestOutput256KB_Leased/AllNovel-4   12.21k ± ∞ ¹
geomean                                        230.1
¹ need >= 6 samples for confidence interval at level 0.95

                                            │  candidate  │
                                            │   p50-ms    │
OnToolUse_FileRead64KB/Deduped-4              7.168 ± ∞ ¹
OnToolUse_FileRead64KB/Delta-4                22.53 ± ∞ ¹
OnToolUse_FileRead64KB/AllNovel-4             22.53 ± ∞ ¹
OnToolUse_TestOutput256KB/Deduped-4           26.62 ± ∞ ¹
OnToolUse_TestOutput256KB/Delta-4             57.34 ± ∞ ¹
OnToolUse_TestOutput256KB/AllNovel-4          81.92 ± ∞ ¹
OnToolUse_TestOutput256KB_Leased/Deduped-4    131.1 ± ∞ ¹
OnToolUse_TestOutput256KB_Leased/Delta-4      180.2 ± ∞ ¹
OnToolUse_TestOutput256KB_Leased/AllNovel-4   655.4 ± ∞ ¹
geomean                                       57.66
¹ need >= 6 samples for confidence interval at level 0.95

                                            │  candidate  │
                                            │   p99-ms    │
OnToolUse_FileRead64KB/Deduped-4              10.24 ± ∞ ¹
OnToolUse_FileRead64KB/Delta-4                32.77 ± ∞ ¹
OnToolUse_FileRead64KB/AllNovel-4             26.62 ± ∞ ¹
OnToolUse_TestOutput256KB/Deduped-4           32.77 ± ∞ ¹
OnToolUse_TestOutput256KB/Delta-4             73.73 ± ∞ ¹
OnToolUse_TestOutput256KB/AllNovel-4          90.11 ± ∞ ¹
OnToolUse_TestOutput256KB_Leased/Deduped-4    196.6 ± ∞ ¹
OnToolUse_TestOutput256KB_Leased/Delta-4      262.1 ± ∞ ¹
OnToolUse_TestOutput256KB_Leased/AllNovel-4   786.4 ± ∞ ¹
geomean                                       75.40
¹ need >= 6 samples for confidence interval at level 0.95

pathstest: HOME is "/tmp/2974957428/001/home" at the end of the run, not the isolated home "/tmp/qompack-test-home-99215005": a test changed it without restoring it, and every test after it ran against that directory
                                            │  candidate   │
                                            │    sec/op    │
Tombstone-4                                   291.7n ± ∞ ¹
OnToolUse_FileRead64KB/Deduped-4              7.187m ± ∞ ¹
OnToolUse_FileRead64KB/Delta-4                22.55m ± ∞ ¹
OnToolUse_FileRead64KB/AllNovel-4             23.13m ± ∞ ¹
OnToolUse_TestOutput256KB/Deduped-4           26.29m ± ∞ ¹
OnToolUse_TestOutput256KB/Delta-4             57.17m ± ∞ ¹
OnToolUse_TestOutput256KB/AllNovel-4          78.69m ± ∞ ¹
OnToolUse_TestOutput256KB_Leased/Deduped-4    129.0m ± ∞ ¹
OnToolUse_TestOutput256KB_Leased/Delta-4      173.1m ± ∞ ¹
OnToolUse_TestOutput256KB_Leased/AllNovel-4   649.9m ± ∞ ¹
geomean                                       16.88m
¹ need >= 6 samples for confidence interval at level 0.95

                                            │   candidate   │
                                            │     B/op      │
Tombstone-4                                     272.0 ± ∞ ¹
OnToolUse_FileRead64KB/Deduped-4              1.255Mi ± ∞ ¹
OnToolUse_FileRead64KB/Delta-4                1.298Mi ± ∞ ¹
OnToolUse_FileRead64KB/AllNovel-4             1.343Mi ± ∞ ¹
OnToolUse_TestOutput256KB/Deduped-4           6.373Mi ± ∞ ¹
OnToolUse_TestOutput256KB/Delta-4             6.550Mi ± ∞ ¹
OnToolUse_TestOutput256KB/AllNovel-4          6.305Mi ± ∞ ¹
OnToolUse_TestOutput256KB_Leased/Deduped-4    9.788Mi ± ∞ ¹
OnToolUse_TestOutput256KB_Leased/Delta-4      9.944Mi ± ∞ ¹
OnToolUse_TestOutput256KB_Leased/AllNovel-4   10.51Mi ± ∞ ¹
geomean                                       1.653Mi
¹ need >= 6 samples for confidence interval at level 0.95

                                            │  candidate   │
                                            │  allocs/op   │
Tombstone-4                                    6.000 ± ∞ ¹
OnToolUse_FileRead64KB/Deduped-4               286.0 ± ∞ ¹
OnToolUse_FileRead64KB/Delta-4                 437.0 ± ∞ ¹
OnToolUse_FileRead64KB/AllNovel-4              547.0 ± ∞ ¹
OnToolUse_TestOutput256KB/Deduped-4           5.994k ± ∞ ¹
OnToolUse_TestOutput256KB/Delta-4             7.195k ± ∞ ¹
OnToolUse_TestOutput256KB/AllNovel-4          7.721k ± ∞ ¹
OnToolUse_TestOutput256KB_Leased/Deduped-4    8.784k ± ∞ ¹
OnToolUse_TestOutput256KB_Leased/Delta-4      9.971k ± ∞ ¹
OnToolUse_TestOutput256KB_Leased/AllNovel-4   13.12k ± ∞ ¹
geomean                                       1.658k
¹ need >= 6 samples for confidence interval at level 0.95

                                            │  candidate   │
                                            │   dedup-x    │
OnToolUse_FileRead64KB/Deduped-4              27.10k ± ∞ ¹
OnToolUse_FileRead64KB/Delta-4                 671.5 ± ∞ ¹
OnToolUse_FileRead64KB/AllNovel-4              66.31 ± ∞ ¹
OnToolUse_TestOutput256KB/Deduped-4           2.235k ± ∞ ¹
OnToolUse_TestOutput256KB/Delta-4              143.8 ± ∞ ¹
OnToolUse_TestOutput256KB/AllNovel-4           3.753 ± ∞ ¹
OnToolUse_TestOutput256KB_Leased/Deduped-4    2.235k ± ∞ ¹
OnToolUse_TestOutput256KB_Leased/Delta-4       143.8 ± ∞ ¹
OnToolUse_TestOutput256KB_Leased/AllNovel-4    3.753 ± ∞ ¹
geomean                                        229.3
¹ need >= 6 samples for confidence interval at level 0.95

                                            │  candidate   │
                                            │   objects    │
OnToolUse_FileRead64KB/Deduped-4               5.000 ± ∞ ¹
OnToolUse_FileRead64KB/Delta-4                 58.00 ± ∞ ¹
OnToolUse_FileRead64KB/AllNovel-4              231.0 ± ∞ ¹
OnToolUse_TestOutput256KB/Deduped-4            34.00 ± ∞ ¹
OnToolUse_TestOutput256KB/Delta-4              435.0 ± ∞ ¹
OnToolUse_TestOutput256KB/AllNovel-4          12.21k ± ∞ ¹
OnToolUse_TestOutput256KB_Leased/Deduped-4     34.00 ± ∞ ¹
OnToolUse_TestOutput256KB_Leased/Delta-4       435.0 ± ∞ ¹
OnToolUse_TestOutput256KB_Leased/AllNovel-4   12.21k ± ∞ ¹
geomean                                        235.0
¹ need >= 6 samples for confidence interval at level 0.95

                                            │  candidate  │
                                            │   p50-ms    │
OnToolUse_FileRead64KB/Deduped-4              7.168 ± ∞ ¹
OnToolUse_FileRead64KB/Delta-4                22.53 ± ∞ ¹
OnToolUse_FileRead64KB/AllNovel-4             24.58 ± ∞ ¹
OnToolUse_TestOutput256KB/Deduped-4           26.62 ± ∞ ¹
OnToolUse_TestOutput256KB/Delta-4             57.34 ± ∞ ¹
OnToolUse_TestOutput256KB/AllNovel-4          81.92 ± ∞ ¹
OnToolUse_TestOutput256KB_Leased/Deduped-4    131.1 ± ∞ ¹
OnToolUse_TestOutput256KB_Leased/Delta-4      180.2 ± ∞ ¹
OnToolUse_TestOutput256KB_Leased/AllNovel-4   655.4 ± ∞ ¹
geomean                                       58.22
¹ need >= 6 samples for confidence interval at level 0.95

                                            │  candidate  │
                                            │   p99-ms    │
OnToolUse_FileRead64KB/Deduped-4              9.216 ± ∞ ¹
OnToolUse_FileRead64KB/Delta-4                30.72 ± ∞ ¹
OnToolUse_FileRead64KB/AllNovel-4             30.72 ± ∞ ¹
OnToolUse_TestOutput256KB/Deduped-4           32.77 ± ∞ ¹
OnToolUse_TestOutput256KB/Delta-4             73.73 ± ∞ ¹
OnToolUse_TestOutput256KB/AllNovel-4          90.11 ± ∞ ¹
OnToolUse_TestOutput256KB_Leased/Deduped-4    213.0 ± ∞ ¹
OnToolUse_TestOutput256KB_Leased/Delta-4      213.0 ± ∞ ¹
OnToolUse_TestOutput256KB_Leased/AllNovel-4   852.0 ± ∞ ¹
geomean                                       74.79
¹ need >= 6 samples for confidence interval at level 0.95

pathstest: HOME is "/tmp/3178765180/001/home" at the end of the run, not the isolated home "/tmp/qompack-test-home-1482751880": a test changed it without restoring it, and every test after it ran against that directory
                                            │  candidate   │
                                            │    sec/op    │
Tombstone-4                                   301.4n ± ∞ ¹
OnToolUse_FileRead64KB/Deduped-4              7.531m ± ∞ ¹
OnToolUse_FileRead64KB/Delta-4                22.47m ± ∞ ¹
OnToolUse_FileRead64KB/AllNovel-4             22.70m ± ∞ ¹
OnToolUse_TestOutput256KB/Deduped-4           26.13m ± ∞ ¹
OnToolUse_TestOutput256KB/Delta-4             59.20m ± ∞ ¹
OnToolUse_TestOutput256KB/AllNovel-4          79.14m ± ∞ ¹
OnToolUse_TestOutput256KB_Leased/Deduped-4    129.6m ± ∞ ¹
OnToolUse_TestOutput256KB_Leased/Delta-4      173.2m ± ∞ ¹
OnToolUse_TestOutput256KB_Leased/AllNovel-4   662.7m ± ∞ ¹
geomean                                       17.08m
¹ need >= 6 samples for confidence interval at level 0.95

                                            │   candidate   │
                                            │     B/op      │
Tombstone-4                                     272.0 ± ∞ ¹
OnToolUse_FileRead64KB/Deduped-4              1.257Mi ± ∞ ¹
OnToolUse_FileRead64KB/Delta-4                1.293Mi ± ∞ ¹
OnToolUse_FileRead64KB/AllNovel-4             1.341Mi ± ∞ ¹
OnToolUse_TestOutput256KB/Deduped-4           6.375Mi ± ∞ ¹
OnToolUse_TestOutput256KB/Delta-4             6.552Mi ± ∞ ¹
OnToolUse_TestOutput256KB/AllNovel-4          6.305Mi ± ∞ ¹
OnToolUse_TestOutput256KB_Leased/Deduped-4    9.777Mi ± ∞ ¹
OnToolUse_TestOutput256KB_Leased/Delta-4      9.982Mi ± ∞ ¹
OnToolUse_TestOutput256KB_Leased/AllNovel-4   10.52Mi ± ∞ ¹
geomean                                       1.654Mi
¹ need >= 6 samples for confidence interval at level 0.95

                                            │  candidate   │
                                            │  allocs/op   │
Tombstone-4                                    6.000 ± ∞ ¹
OnToolUse_FileRead64KB/Deduped-4               286.0 ± ∞ ¹
OnToolUse_FileRead64KB/Delta-4                 433.0 ± ∞ ¹
OnToolUse_FileRead64KB/AllNovel-4              546.0 ± ∞ ¹
OnToolUse_TestOutput256KB/Deduped-4           5.995k ± ∞ ¹
OnToolUse_TestOutput256KB/Delta-4             7.197k ± ∞ ¹
OnToolUse_TestOutput256KB/AllNovel-4          7.720k ± ∞ ¹
OnToolUse_TestOutput256KB_Leased/Deduped-4    8.779k ± ∞ ¹
OnToolUse_TestOutput256KB_Leased/Delta-4      9.974k ± ∞ ¹
OnToolUse_TestOutput256KB_Leased/AllNovel-4   13.12k ± ∞ ¹
geomean                                       1.656k
¹ need >= 6 samples for confidence interval at level 0.95

                                            │  candidate   │
                                            │   dedup-x    │
OnToolUse_FileRead64KB/Deduped-4              27.76k ± ∞ ¹
OnToolUse_FileRead64KB/Delta-4                 670.0 ± ∞ ¹
OnToolUse_FileRead64KB/AllNovel-4              66.31 ± ∞ ¹
OnToolUse_TestOutput256KB/Deduped-4           2.235k ± ∞ ¹
OnToolUse_TestOutput256KB/Delta-4              143.8 ± ∞ ¹
OnToolUse_TestOutput256KB/AllNovel-4           3.753 ± ∞ ¹
OnToolUse_TestOutput256KB_Leased/Deduped-4    2.235k ± ∞ ¹
OnToolUse_TestOutput256KB_Leased/Delta-4       143.8 ± ∞ ¹
OnToolUse_TestOutput256KB_Leased/AllNovel-4    3.753 ± ∞ ¹
geomean                                        229.9
¹ need >= 6 samples for confidence interval at level 0.95

                                            │  candidate   │
                                            │   objects    │
OnToolUse_FileRead64KB/Deduped-4               5.000 ± ∞ ¹
OnToolUse_FileRead64KB/Delta-4                 56.00 ± ∞ ¹
OnToolUse_FileRead64KB/AllNovel-4              231.0 ± ∞ ¹
OnToolUse_TestOutput256KB/Deduped-4            34.00 ± ∞ ¹
OnToolUse_TestOutput256KB/Delta-4              435.0 ± ∞ ¹
OnToolUse_TestOutput256KB/AllNovel-4          12.21k ± ∞ ¹
OnToolUse_TestOutput256KB_Leased/Deduped-4     34.00 ± ∞ ¹
OnToolUse_TestOutput256KB_Leased/Delta-4       435.0 ± ∞ ¹
OnToolUse_TestOutput256KB_Leased/AllNovel-4   12.21k ± ∞ ¹
geomean                                        234.1
¹ need >= 6 samples for confidence interval at level 0.95

                                            │  candidate  │
                                            │   p50-ms    │
OnToolUse_FileRead64KB/Deduped-4              7.168 ± ∞ ¹
OnToolUse_FileRead64KB/Delta-4                22.53 ± ∞ ¹
OnToolUse_FileRead64KB/AllNovel-4             22.53 ± ∞ ¹
OnToolUse_TestOutput256KB/Deduped-4           26.62 ± ∞ ¹
OnToolUse_TestOutput256KB/Delta-4             61.44 ± ∞ ¹
OnToolUse_TestOutput256KB/AllNovel-4          81.92 ± ∞ ¹
OnToolUse_TestOutput256KB_Leased/Deduped-4    131.1 ± ∞ ¹
OnToolUse_TestOutput256KB_Leased/Delta-4      180.2 ± ∞ ¹
OnToolUse_TestOutput256KB_Leased/AllNovel-4   720.9 ± ∞ ¹
geomean                                       58.72
¹ need >= 6 samples for confidence interval at level 0.95

                                            │  candidate  │
                                            │   p99-ms    │
OnToolUse_FileRead64KB/Deduped-4              12.29 ± ∞ ¹
OnToolUse_FileRead64KB/Delta-4                30.72 ± ∞ ¹
OnToolUse_FileRead64KB/AllNovel-4             30.72 ± ∞ ¹
OnToolUse_TestOutput256KB/Deduped-4           32.77 ± ∞ ¹
OnToolUse_TestOutput256KB/Delta-4             73.73 ± ∞ ¹
OnToolUse_TestOutput256KB/AllNovel-4          98.30 ± ∞ ¹
OnToolUse_TestOutput256KB_Leased/Deduped-4    229.4 ± ∞ ¹
OnToolUse_TestOutput256KB_Leased/Delta-4      229.4 ± ∞ ¹
OnToolUse_TestOutput256KB_Leased/AllNovel-4   852.0 ± ∞ ¹
geomean                                       79.26
¹ need >= 6 samples for confidence interval at level 0.95

pathstest: HOME is "/tmp/3430838114/001/home" at the end of the run, not the isolated home "/tmp/qompack-test-home-1101472913": a test changed it without restoring it, and every test after it ran against that directory
                                            │  candidate   │
                                            │    sec/op    │
Tombstone-4                                   294.6n ± ∞ ¹
OnToolUse_FileRead64KB/Deduped-4              7.060m ± ∞ ¹
OnToolUse_FileRead64KB/Delta-4                22.13m ± ∞ ¹
OnToolUse_FileRead64KB/AllNovel-4             23.77m ± ∞ ¹
OnToolUse_TestOutput256KB/Deduped-4           26.30m ± ∞ ¹
OnToolUse_TestOutput256KB/Delta-4             59.94m ± ∞ ¹
OnToolUse_TestOutput256KB/AllNovel-4          80.97m ± ∞ ¹
OnToolUse_TestOutput256KB_Leased/Deduped-4    214.3m ± ∞ ¹
OnToolUse_TestOutput256KB_Leased/Delta-4      249.2m ± ∞ ¹
OnToolUse_TestOutput256KB_Leased/AllNovel-4   752.4m ± ∞ ¹
geomean                                       18.83m
¹ need >= 6 samples for confidence interval at level 0.95

                                            │   candidate   │
                                            │     B/op      │
Tombstone-4                                     272.0 ± ∞ ¹
OnToolUse_FileRead64KB/Deduped-4              1.253Mi ± ∞ ¹
OnToolUse_FileRead64KB/Delta-4                1.296Mi ± ∞ ¹
OnToolUse_FileRead64KB/AllNovel-4             1.339Mi ± ∞ ¹
OnToolUse_TestOutput256KB/Deduped-4           6.373Mi ± ∞ ¹
OnToolUse_TestOutput256KB/Delta-4             6.551Mi ± ∞ ¹
OnToolUse_TestOutput256KB/AllNovel-4          6.306Mi ± ∞ ¹
OnToolUse_TestOutput256KB_Leased/Deduped-4    9.814Mi ± ∞ ¹
OnToolUse_TestOutput256KB_Leased/Delta-4      9.977Mi ± ∞ ¹
OnToolUse_TestOutput256KB_Leased/AllNovel-4   10.51Mi ± ∞ ¹
geomean                                       1.654Mi
¹ need >= 6 samples for confidence interval at level 0.95

                                            │  candidate   │
                                            │  allocs/op   │
Tombstone-4                                    6.000 ± ∞ ¹
OnToolUse_FileRead64KB/Deduped-4               284.0 ± ∞ ¹
OnToolUse_FileRead64KB/Delta-4                 435.0 ± ∞ ¹
OnToolUse_FileRead64KB/AllNovel-4              543.0 ± ∞ ¹
OnToolUse_TestOutput256KB/Deduped-4           5.995k ± ∞ ¹
OnToolUse_TestOutput256KB/Delta-4             7.197k ± ∞ ¹
OnToolUse_TestOutput256KB/AllNovel-4          7.721k ± ∞ ¹
OnToolUse_TestOutput256KB_Leased/Deduped-4    8.791k ± ∞ ¹
OnToolUse_TestOutput256KB_Leased/Delta-4      9.975k ± ∞ ¹
OnToolUse_TestOutput256KB_Leased/AllNovel-4   13.12k ± ∞ ¹
geomean                                       1.655k
¹ need >= 6 samples for confidence interval at level 0.95

                                            │  candidate   │
                                            │   dedup-x    │
OnToolUse_FileRead64KB/Deduped-4              27.26k ± ∞ ¹
OnToolUse_FileRead64KB/Delta-4                 668.1 ± ∞ ¹
OnToolUse_FileRead64KB/AllNovel-4              65.61 ± ∞ ¹
OnToolUse_TestOutput256KB/Deduped-4           2.235k ± ∞ ¹
OnToolUse_TestOutput256KB/Delta-4              143.8 ± ∞ ¹
OnToolUse_TestOutput256KB/AllNovel-4           3.753 ± ∞ ¹
OnToolUse_TestOutput256KB_Leased/Deduped-4    2.235k ± ∞ ¹
OnToolUse_TestOutput256KB_Leased/Delta-4       143.8 ± ∞ ¹
OnToolUse_TestOutput256KB_Leased/AllNovel-4    3.753 ± ∞ ¹
geomean                                        229.1
¹ need >= 6 samples for confidence interval at level 0.95

                                            │  candidate   │
                                            │   objects    │
OnToolUse_FileRead64KB/Deduped-4               5.000 ± ∞ ¹
OnToolUse_FileRead64KB/Delta-4                 53.00 ± ∞ ¹
OnToolUse_FileRead64KB/AllNovel-4              246.0 ± ∞ ¹
OnToolUse_TestOutput256KB/Deduped-4            34.00 ± ∞ ¹
OnToolUse_TestOutput256KB/Delta-4              435.0 ± ∞ ¹
OnToolUse_TestOutput256KB/AllNovel-4          12.21k ± ∞ ¹
OnToolUse_TestOutput256KB_Leased/Deduped-4     34.00 ± ∞ ¹
OnToolUse_TestOutput256KB_Leased/Delta-4       435.0 ± ∞ ¹
OnToolUse_TestOutput256KB_Leased/AllNovel-4   12.21k ± ∞ ¹
geomean                                        234.3
¹ need >= 6 samples for confidence interval at level 0.95

                                            │  candidate  │
                                            │   p50-ms    │
OnToolUse_FileRead64KB/Deduped-4              7.168 ± ∞ ¹
OnToolUse_FileRead64KB/Delta-4                22.53 ± ∞ ¹
OnToolUse_FileRead64KB/AllNovel-4             24.58 ± ∞ ¹
OnToolUse_TestOutput256KB/Deduped-4           26.62 ± ∞ ¹
OnToolUse_TestOutput256KB/Delta-4             61.44 ± ∞ ¹
OnToolUse_TestOutput256KB/AllNovel-4          81.92 ± ∞ ¹
OnToolUse_TestOutput256KB_Leased/Deduped-4    213.0 ± ∞ ¹
OnToolUse_TestOutput256KB_Leased/Delta-4      245.8 ± ∞ ¹
OnToolUse_TestOutput256KB_Leased/AllNovel-4   786.4 ± ∞ ¹
geomean                                       65.40
¹ need >= 6 samples for confidence interval at level 0.95

                                            │  candidate  │
                                            │   p99-ms    │
OnToolUse_FileRead64KB/Deduped-4              12.29 ± ∞ ¹
OnToolUse_FileRead64KB/Delta-4                26.62 ± ∞ ¹
OnToolUse_FileRead64KB/AllNovel-4             36.86 ± ∞ ¹
OnToolUse_TestOutput256KB/Deduped-4           32.77 ± ∞ ¹
OnToolUse_TestOutput256KB/Delta-4             81.92 ± ∞ ¹
OnToolUse_TestOutput256KB/AllNovel-4          106.5 ± ∞ ¹
OnToolUse_TestOutput256KB_Leased/Deduped-4    360.4 ± ∞ ¹
OnToolUse_TestOutput256KB_Leased/Delta-4      393.2 ± ∞ ¹
OnToolUse_TestOutput256KB_Leased/AllNovel-4   983.0 ± ∞ ¹
geomean                                       92.17
¹ need >= 6 samples for confidence interval at level 0.95

pathstest: HOME is "/tmp/360400775/001/home" at the end of the run, not the isolated home "/tmp/qompack-test-home-2332057623": a test changed it without restoring it, and every test after it ran against that directory
                                            │  candidate   │
                                            │    sec/op    │
Tombstone-4                                   299.0n ± ∞ ¹
OnToolUse_FileRead64KB/Deduped-4              7.087m ± ∞ ¹
OnToolUse_FileRead64KB/Delta-4                22.72m ± ∞ ¹
OnToolUse_FileRead64KB/AllNovel-4             23.76m ± ∞ ¹
OnToolUse_TestOutput256KB/Deduped-4           26.19m ± ∞ ¹
OnToolUse_TestOutput256KB/Delta-4             57.80m ± ∞ ¹
OnToolUse_TestOutput256KB/AllNovel-4          78.36m ± ∞ ¹
OnToolUse_TestOutput256KB_Leased/Deduped-4    132.6m ± ∞ ¹
OnToolUse_TestOutput256KB_Leased/Delta-4      177.9m ± ∞ ¹
OnToolUse_TestOutput256KB_Leased/AllNovel-4   664.3m ± ∞ ¹
geomean                                       17.09m
¹ need >= 6 samples for confidence interval at level 0.95

                                            │   candidate   │
                                            │     B/op      │
Tombstone-4                                     272.0 ± ∞ ¹
OnToolUse_FileRead64KB/Deduped-4              1.255Mi ± ∞ ¹
OnToolUse_FileRead64KB/Delta-4                1.296Mi ± ∞ ¹
OnToolUse_FileRead64KB/AllNovel-4             1.341Mi ± ∞ ¹
OnToolUse_TestOutput256KB/Deduped-4           6.375Mi ± ∞ ¹
OnToolUse_TestOutput256KB/Delta-4             6.550Mi ± ∞ ¹
OnToolUse_TestOutput256KB/AllNovel-4          6.304Mi ± ∞ ¹
OnToolUse_TestOutput256KB_Leased/Deduped-4    9.806Mi ± ∞ ¹
OnToolUse_TestOutput256KB_Leased/Delta-4      9.980Mi ± ∞ ¹
OnToolUse_TestOutput256KB_Leased/AllNovel-4   10.52Mi ± ∞ ¹
geomean                                       1.654Mi
¹ need >= 6 samples for confidence interval at level 0.95

                                            │  candidate   │
                                            │  allocs/op   │
Tombstone-4                                    6.000 ± ∞ ¹
OnToolUse_FileRead64KB/Deduped-4               285.5 ± ∞ ¹
OnToolUse_FileRead64KB/Delta-4                 434.5 ± ∞ ¹
OnToolUse_FileRead64KB/AllNovel-4              546.0 ± ∞ ¹
OnToolUse_TestOutput256KB/Deduped-4           5.996k ± ∞ ¹
OnToolUse_TestOutput256KB/Delta-4             7.196k ± ∞ ¹
OnToolUse_TestOutput256KB/AllNovel-4          7.719k ± ∞ ¹
OnToolUse_TestOutput256KB_Leased/Deduped-4    8.787k ± ∞ ¹
OnToolUse_TestOutput256KB_Leased/Delta-4      9.981k ± ∞ ¹
OnToolUse_TestOutput256KB_Leased/AllNovel-4   13.12k ± ∞ ¹
geomean                                       1.657k
¹ need >= 6 samples for confidence interval at level 0.95

                                            │  candidate   │
                                            │   dedup-x    │
OnToolUse_FileRead64KB/Deduped-4              27.34k ± ∞ ¹
OnToolUse_FileRead64KB/Delta-4                 667.4 ± ∞ ¹
OnToolUse_FileRead64KB/AllNovel-4              66.40 ± ∞ ¹
OnToolUse_TestOutput256KB/Deduped-4           2.235k ± ∞ ¹
OnToolUse_TestOutput256KB/Delta-4              143.8 ± ∞ ¹
OnToolUse_TestOutput256KB/AllNovel-4           3.753 ± ∞ ¹
OnToolUse_TestOutput256KB_Leased/Deduped-4    2.235k ± ∞ ¹
OnToolUse_TestOutput256KB_Leased/Delta-4       143.8 ± ∞ ¹
OnToolUse_TestOutput256KB_Leased/AllNovel-4    3.753 ± ∞ ¹
geomean                                        229.5
¹ need >= 6 samples for confidence interval at level 0.95

                                            │  candidate   │
                                            │   objects    │
OnToolUse_FileRead64KB/Deduped-4               5.000 ± ∞ ¹
OnToolUse_FileRead64KB/Delta-4                 52.50 ± ∞ ¹
OnToolUse_FileRead64KB/AllNovel-4              222.0 ± ∞ ¹
OnToolUse_TestOutput256KB/Deduped-4            34.00 ± ∞ ¹
OnToolUse_TestOutput256KB/Delta-4              435.0 ± ∞ ¹
OnToolUse_TestOutput256KB/AllNovel-4          12.21k ± ∞ ¹
OnToolUse_TestOutput256KB_Leased/Deduped-4     34.00 ± ∞ ¹
OnToolUse_TestOutput256KB_Leased/Delta-4       435.0 ± ∞ ¹
OnToolUse_TestOutput256KB_Leased/AllNovel-4   12.21k ± ∞ ¹
geomean                                        231.4
¹ need >= 6 samples for confidence interval at level 0.95

                                            │  candidate  │
                                            │   p50-ms    │
OnToolUse_FileRead64KB/Deduped-4              7.168 ± ∞ ¹
OnToolUse_FileRead64KB/Delta-4                23.55 ± ∞ ¹
OnToolUse_FileRead64KB/AllNovel-4             24.58 ± ∞ ¹
OnToolUse_TestOutput256KB/Deduped-4           26.62 ± ∞ ¹
OnToolUse_TestOutput256KB/Delta-4             59.39 ± ∞ ¹
OnToolUse_TestOutput256KB/AllNovel-4          81.92 ± ∞ ¹
OnToolUse_TestOutput256KB_Leased/Deduped-4    131.1 ± ∞ ¹
OnToolUse_TestOutput256KB_Leased/Delta-4      180.2 ± ∞ ¹
OnToolUse_TestOutput256KB_Leased/AllNovel-4   688.1 ± ∞ ¹
geomean                                       59.06
¹ need >= 6 samples for confidence interval at level 0.95

                                            │  candidate  │
                                            │   p99-ms    │
OnToolUse_FileRead64KB/Deduped-4              9.728 ± ∞ ¹
OnToolUse_FileRead64KB/Delta-4                28.67 ± ∞ ¹
OnToolUse_FileRead64KB/AllNovel-4             37.89 ± ∞ ¹
OnToolUse_TestOutput256KB/Deduped-4           31.75 ± ∞ ¹
OnToolUse_TestOutput256KB/Delta-4             73.73 ± ∞ ¹
OnToolUse_TestOutput256KB/AllNovel-4          102.4 ± ∞ ¹
OnToolUse_TestOutput256KB_Leased/Deduped-4    188.4 ± ∞ ¹
OnToolUse_TestOutput256KB_Leased/Delta-4      262.1 ± ∞ ¹
OnToolUse_TestOutput256KB_Leased/AllNovel-4   852.0 ± ∞ ¹
geomean                                       77.97
¹ need >= 6 samples for confidence interval at level 0.95

pathstest: HOME is "/tmp/3768425099/001/home" at the end of the run, not the isolated home "/tmp/qompack-test-home-1296488687": a test changed it without restoring it, and every test after it ran against that directory
                                            │  candidate   │
                                            │    sec/op    │
Tombstone-4                                   289.2n ± ∞ ¹
OnToolUse_FileRead64KB/Deduped-4              7.169m ± ∞ ¹
OnToolUse_FileRead64KB/Delta-4                22.56m ± ∞ ¹
OnToolUse_FileRead64KB/AllNovel-4             23.39m ± ∞ ¹
OnToolUse_TestOutput256KB/Deduped-4           26.25m ± ∞ ¹
OnToolUse_TestOutput256KB/Delta-4             59.37m ± ∞ ¹
OnToolUse_TestOutput256KB/AllNovel-4          79.08m ± ∞ ¹
OnToolUse_TestOutput256KB_Leased/Deduped-4    128.1m ± ∞ ¹
OnToolUse_TestOutput256KB_Leased/Delta-4      177.6m ± ∞ ¹
OnToolUse_TestOutput256KB_Leased/AllNovel-4   654.0m ± ∞ ¹
geomean                                       16.99m
¹ need >= 6 samples for confidence interval at level 0.95

                                            │   candidate   │
                                            │     B/op      │
Tombstone-4                                     272.0 ± ∞ ¹
OnToolUse_FileRead64KB/Deduped-4              1.253Mi ± ∞ ¹
OnToolUse_FileRead64KB/Delta-4                1.294Mi ± ∞ ¹
OnToolUse_FileRead64KB/AllNovel-4             1.341Mi ± ∞ ¹
OnToolUse_TestOutput256KB/Deduped-4           6.374Mi ± ∞ ¹
OnToolUse_TestOutput256KB/Delta-4             6.551Mi ± ∞ ¹
OnToolUse_TestOutput256KB/AllNovel-4          6.307Mi ± ∞ ¹
OnToolUse_TestOutput256KB_Leased/Deduped-4    9.823Mi ± ∞ ¹
OnToolUse_TestOutput256KB_Leased/Delta-4      9.952Mi ± ∞ ¹
OnToolUse_TestOutput256KB_Leased/AllNovel-4   10.53Mi ± ∞ ¹
geomean                                       1.654Mi
¹ need >= 6 samples for confidence interval at level 0.95

                                            │  candidate   │
                                            │  allocs/op   │
Tombstone-4                                    6.000 ± ∞ ¹
OnToolUse_FileRead64KB/Deduped-4               283.0 ± ∞ ¹
OnToolUse_FileRead64KB/Delta-4                 434.0 ± ∞ ¹
OnToolUse_FileRead64KB/AllNovel-4              546.0 ± ∞ ¹
OnToolUse_TestOutput256KB/Deduped-4           5.995k ± ∞ ¹
OnToolUse_TestOutput256KB/Delta-4             7.196k ± ∞ ¹
OnToolUse_TestOutput256KB/AllNovel-4          7.722k ± ∞ ¹
OnToolUse_TestOutput256KB_Leased/Deduped-4    8.791k ± ∞ ¹
OnToolUse_TestOutput256KB_Leased/Delta-4      9.973k ± ∞ ¹
OnToolUse_TestOutput256KB_Leased/AllNovel-4   13.12k ± ∞ ¹
geomean                                       1.655k
¹ need >= 6 samples for confidence interval at level 0.95

                                            │  candidate   │
                                            │   dedup-x    │
OnToolUse_FileRead64KB/Deduped-4              25.44k ± ∞ ¹
OnToolUse_FileRead64KB/Delta-4                 671.5 ± ∞ ¹
OnToolUse_FileRead64KB/AllNovel-4              66.58 ± ∞ ¹
OnToolUse_TestOutput256KB/Deduped-4           2.235k ± ∞ ¹
OnToolUse_TestOutput256KB/Delta-4              143.8 ± ∞ ¹
OnToolUse_TestOutput256KB/AllNovel-4           3.753 ± ∞ ¹
OnToolUse_TestOutput256KB_Leased/Deduped-4    2.235k ± ∞ ¹
OnToolUse_TestOutput256KB_Leased/Delta-4       143.8 ± ∞ ¹
OnToolUse_TestOutput256KB_Leased/AllNovel-4    3.753 ± ∞ ¹
geomean                                        227.8
¹ need >= 6 samples for confidence interval at level 0.95

                                            │  candidate   │
                                            │   objects    │
OnToolUse_FileRead64KB/Deduped-4               5.000 ± ∞ ¹
OnToolUse_FileRead64KB/Delta-4                 58.00 ± ∞ ¹
OnToolUse_FileRead64KB/AllNovel-4              226.0 ± ∞ ¹
OnToolUse_TestOutput256KB/Deduped-4            34.00 ± ∞ ¹
OnToolUse_TestOutput256KB/Delta-4              435.0 ± ∞ ¹
OnToolUse_TestOutput256KB/AllNovel-4          12.21k ± ∞ ¹
OnToolUse_TestOutput256KB_Leased/Deduped-4     34.00 ± ∞ ¹
OnToolUse_TestOutput256KB_Leased/Delta-4       435.0 ± ∞ ¹
OnToolUse_TestOutput256KB_Leased/AllNovel-4   12.21k ± ∞ ¹
geomean                                        234.4
¹ need >= 6 samples for confidence interval at level 0.95

                                            │  candidate  │
                                            │   p50-ms    │
OnToolUse_FileRead64KB/Deduped-4              7.168 ± ∞ ¹
OnToolUse_FileRead64KB/Delta-4                22.53 ± ∞ ¹
OnToolUse_FileRead64KB/AllNovel-4             24.58 ± ∞ ¹
OnToolUse_TestOutput256KB/Deduped-4           26.62 ± ∞ ¹
OnToolUse_TestOutput256KB/Delta-4             57.34 ± ∞ ¹
OnToolUse_TestOutput256KB/AllNovel-4          81.92 ± ∞ ¹
OnToolUse_TestOutput256KB_Leased/Deduped-4    131.1 ± ∞ ¹
OnToolUse_TestOutput256KB_Leased/Delta-4      180.2 ± ∞ ¹
OnToolUse_TestOutput256KB_Leased/AllNovel-4   655.4 ± ∞ ¹
geomean                                       58.22
¹ need >= 6 samples for confidence interval at level 0.95

                                            │  candidate  │
                                            │   p99-ms    │
OnToolUse_FileRead64KB/Deduped-4              10.24 ± ∞ ¹
OnToolUse_FileRead64KB/Delta-4                32.77 ± ∞ ¹
OnToolUse_FileRead64KB/AllNovel-4             30.72 ± ∞ ¹
OnToolUse_TestOutput256KB/Deduped-4           32.77 ± ∞ ¹
OnToolUse_TestOutput256KB/Delta-4             106.5 ± ∞ ¹
OnToolUse_TestOutput256KB/AllNovel-4          98.30 ± ∞ ¹
OnToolUse_TestOutput256KB_Leased/Deduped-4    163.8 ± ∞ ¹
OnToolUse_TestOutput256KB_Leased/Delta-4      262.1 ± ∞ ¹
OnToolUse_TestOutput256KB_Leased/AllNovel-4   852.0 ± ∞ ¹
geomean                                       79.67
¹ need >= 6 samples for confidence interval at level 0.95

pathstest: HOME is "/tmp/426110959/001/home" at the end of the run, not the isolated home "/tmp/qompack-test-home-2219520244": a test changed it without restoring it, and every test after it ran against that directory
                                            │  candidate   │
                                            │    sec/op    │
Tombstone-4                                   297.5n ± ∞ ¹
OnToolUse_FileRead64KB/Deduped-4              7.259m ± ∞ ¹
OnToolUse_FileRead64KB/Delta-4                22.43m ± ∞ ¹
OnToolUse_FileRead64KB/AllNovel-4             23.07m ± ∞ ¹
OnToolUse_TestOutput256KB/Deduped-4           26.33m ± ∞ ¹
OnToolUse_TestOutput256KB/Delta-4             57.08m ± ∞ ¹
OnToolUse_TestOutput256KB/AllNovel-4          77.85m ± ∞ ¹
OnToolUse_TestOutput256KB_Leased/Deduped-4    127.2m ± ∞ ¹
OnToolUse_TestOutput256KB_Leased/Delta-4      173.9m ± ∞ ¹
OnToolUse_TestOutput256KB_Leased/AllNovel-4   655.4m ± ∞ ¹
geomean                                       16.89m
¹ need >= 6 samples for confidence interval at level 0.95

                                            │   candidate   │
                                            │     B/op      │
Tombstone-4                                     272.0 ± ∞ ¹
OnToolUse_FileRead64KB/Deduped-4              1.253Mi ± ∞ ¹
OnToolUse_FileRead64KB/Delta-4                1.297Mi ± ∞ ¹
OnToolUse_FileRead64KB/AllNovel-4             1.346Mi ± ∞ ¹
OnToolUse_TestOutput256KB/Deduped-4           6.374Mi ± ∞ ¹
OnToolUse_TestOutput256KB/Delta-4             6.549Mi ± ∞ ¹
OnToolUse_TestOutput256KB/AllNovel-4          6.306Mi ± ∞ ¹
OnToolUse_TestOutput256KB_Leased/Deduped-4    9.815Mi ± ∞ ¹
OnToolUse_TestOutput256KB_Leased/Delta-4      9.960Mi ± ∞ ¹
OnToolUse_TestOutput256KB_Leased/AllNovel-4   10.52Mi ± ∞ ¹
geomean                                       1.654Mi
¹ need >= 6 samples for confidence interval at level 0.95

                                            │  candidate   │
                                            │  allocs/op   │
Tombstone-4                                    6.000 ± ∞ ¹
OnToolUse_FileRead64KB/Deduped-4               284.0 ± ∞ ¹
OnToolUse_FileRead64KB/Delta-4                 436.0 ± ∞ ¹
OnToolUse_FileRead64KB/AllNovel-4              551.0 ± ∞ ¹
OnToolUse_TestOutput256KB/Deduped-4           5.995k ± ∞ ¹
OnToolUse_TestOutput256KB/Delta-4             7.194k ± ∞ ¹
OnToolUse_TestOutput256KB/AllNovel-4          7.722k ± ∞ ¹
OnToolUse_TestOutput256KB_Leased/Deduped-4    8.783k ± ∞ ¹
OnToolUse_TestOutput256KB_Leased/Delta-4      9.971k ± ∞ ¹
OnToolUse_TestOutput256KB_Leased/AllNovel-4   13.12k ± ∞ ¹
geomean                                       1.658k
¹ need >= 6 samples for confidence interval at level 0.95

                                            │  candidate   │
                                            │   dedup-x    │
OnToolUse_FileRead64KB/Deduped-4              25.44k ± ∞ ¹
OnToolUse_FileRead64KB/Delta-4                 668.1 ± ∞ ¹
OnToolUse_FileRead64KB/AllNovel-4              66.86 ± ∞ ¹
OnToolUse_TestOutput256KB/Deduped-4           2.235k ± ∞ ¹
OnToolUse_TestOutput256KB/Delta-4              143.8 ± ∞ ¹
OnToolUse_TestOutput256KB/AllNovel-4           3.753 ± ∞ ¹
OnToolUse_TestOutput256KB_Leased/Deduped-4    2.235k ± ∞ ¹
OnToolUse_TestOutput256KB_Leased/Delta-4       143.8 ± ∞ ¹
OnToolUse_TestOutput256KB_Leased/AllNovel-4    3.753 ± ∞ ¹
geomean                                        227.8
¹ need >= 6 samples for confidence interval at level 0.95

                                            │  candidate   │
                                            │   objects    │
OnToolUse_FileRead64KB/Deduped-4               5.000 ± ∞ ¹
OnToolUse_FileRead64KB/Delta-4                 53.00 ± ∞ ¹
OnToolUse_FileRead64KB/AllNovel-4              221.0 ± ∞ ¹
OnToolUse_TestOutput256KB/Deduped-4            34.00 ± ∞ ¹
OnToolUse_TestOutput256KB/Delta-4              435.0 ± ∞ ¹
OnToolUse_TestOutput256KB/AllNovel-4          12.21k ± ∞ ¹
OnToolUse_TestOutput256KB_Leased/Deduped-4     34.00 ± ∞ ¹
OnToolUse_TestOutput256KB_Leased/Delta-4       435.0 ± ∞ ¹
OnToolUse_TestOutput256KB_Leased/AllNovel-4   12.21k ± ∞ ¹
geomean                                        231.5
¹ need >= 6 samples for confidence interval at level 0.95

                                            │  candidate  │
                                            │   p50-ms    │
OnToolUse_FileRead64KB/Deduped-4              7.168 ± ∞ ¹
OnToolUse_FileRead64KB/Delta-4                22.53 ± ∞ ¹
OnToolUse_FileRead64KB/AllNovel-4             24.58 ± ∞ ¹
OnToolUse_TestOutput256KB/Deduped-4           26.62 ± ∞ ¹
OnToolUse_TestOutput256KB/Delta-4             57.34 ± ∞ ¹
OnToolUse_TestOutput256KB/AllNovel-4          81.92 ± ∞ ¹
OnToolUse_TestOutput256KB_Leased/Deduped-4    131.1 ± ∞ ¹
OnToolUse_TestOutput256KB_Leased/Delta-4      180.2 ± ∞ ¹
OnToolUse_TestOutput256KB_Leased/AllNovel-4   655.4 ± ∞ ¹
geomean                                       58.22
¹ need >= 6 samples for confidence interval at level 0.95

                                            │  candidate  │
                                            │   p99-ms    │
OnToolUse_FileRead64KB/Deduped-4              11.26 ± ∞ ¹
OnToolUse_FileRead64KB/Delta-4                26.62 ± ∞ ¹
OnToolUse_FileRead64KB/AllNovel-4             26.62 ± ∞ ¹
OnToolUse_TestOutput256KB/Deduped-4           36.86 ± ∞ ¹
OnToolUse_TestOutput256KB/Delta-4             73.73 ± ∞ ¹
OnToolUse_TestOutput256KB/AllNovel-4          90.11 ± ∞ ¹
OnToolUse_TestOutput256KB_Leased/Deduped-4    213.0 ± ∞ ¹
OnToolUse_TestOutput256KB_Leased/Delta-4      229.4 ± ∞ ¹
OnToolUse_TestOutput256KB_Leased/AllNovel-4   852.0 ± ∞ ¹
geomean                                       75.67
¹ need >= 6 samples for confidence interval at level 0.95

pkg: github.com/qompack/qompack/internal/paths
pathstest: 
                           │    base     │               candidate               │
                           │   sec/op    │    sec/op     vs base                 │
PathsWriteAtomic_4KB-4       15.26m ± 6%   14.98m ± ∞ ¹       ~ (p=0.727 n=10+1)
IsHome_AProjectBelowHome-4                 1.593µ ± ∞ ¹
geomean                      15.26m        154.5µ        -1.80%
¹ need >= 6 samples for confidence interval at level 0.95

                       │     base     │             candidate             │
                       │     B/s      │      B/s       vs base            │
PathsWriteAtomic_4KB-4   263.7Ki ± 7%   263.7Ki ± ∞ ¹  ~ (p=1.273 n=10+1)
¹ need >= 6 samples for confidence interval at level 0.95

                           │     base     │            candidate            │
                           │     B/op     │     B/op       vs base          │
PathsWriteAtomic_4KB-4       4.047Ki ± 1%   1.188Ki ± ∞ ¹  -70.66% (n=10+1)
IsHome_AProjectBelowHome-4                    544.0 ± ∞ ¹
geomean                      4.047Ki          813.3        -70.66%
¹ need >= 6 samples for confidence interval at level 0.95

                           │    base    │           candidate           │
                           │ allocs/op  │  allocs/op   vs base          │
PathsWriteAtomic_4KB-4       55.00 ± 0%   16.00 ± ∞ ¹  -70.91% (n=10+1)
IsHome_AProjectBelowHome-4                4.000 ± ∞ ¹
geomean                      55.00        8.000        -70.91%
¹ need >= 6 samples for confidence interval at level 0.95

pathstest: HOME is "/tmp/1925223897/001/home" at the end of the run, not the isolated home "/tmp/qompack-test-home-963714756": a test changed it without restoring it, and every test after it ran against that directory
                           │  candidate   │
                           │    sec/op    │
PathsWriteAtomic_4KB-4       15.67m ± ∞ ¹
IsHome_AProjectBelowHome-4   1.564µ ± ∞ ¹
geomean                      156.5µ
¹ need >= 6 samples for confidence interval at level 0.95

                       │   candidate   │
                       │      B/s      │
PathsWriteAtomic_4KB-4   253.9Ki ± ∞ ¹
¹ need >= 6 samples for confidence interval at level 0.95

                           │   candidate   │
                           │     B/op      │
PathsWriteAtomic_4KB-4       1.188Ki ± ∞ ¹
IsHome_AProjectBelowHome-4     544.0 ± ∞ ¹
geomean                        813.3
¹ need >= 6 samples for confidence interval at level 0.95

                           │  candidate  │
                           │  allocs/op  │
PathsWriteAtomic_4KB-4       16.00 ± ∞ ¹
IsHome_AProjectBelowHome-4   4.000 ± ∞ ¹
geomean                      8.000
¹ need >= 6 samples for confidence interval at level 0.95

pathstest: HOME is "/tmp/2768512412/001/home" at the end of the run, not the isolated home "/tmp/qompack-test-home-1018763912": a test changed it without restoring it, and every test after it ran against that directory
                           │  candidate   │
                           │    sec/op    │
PathsWriteAtomic_4KB-4       15.66m ± ∞ ¹
IsHome_AProjectBelowHome-4   1.542µ ± ∞ ¹
geomean                      155.4µ
¹ need >= 6 samples for confidence interval at level 0.95

                       │   candidate   │
                       │      B/s      │
PathsWriteAtomic_4KB-4   253.9Ki ± ∞ ¹
¹ need >= 6 samples for confidence interval at level 0.95

                           │   candidate   │
                           │     B/op      │
PathsWriteAtomic_4KB-4       1.188Ki ± ∞ ¹
IsHome_AProjectBelowHome-4     544.0 ± ∞ ¹
geomean                        813.3
¹ need >= 6 samples for confidence interval at level 0.95

                           │  candidate  │
                           │  allocs/op  │
PathsWriteAtomic_4KB-4       16.00 ± ∞ ¹
IsHome_AProjectBelowHome-4   4.000 ± ∞ ¹
geomean                      8.000
¹ need >= 6 samples for confidence interval at level 0.95

pathstest: HOME is "/tmp/2974957428/001/home" at the end of the run, not the isolated home "/tmp/qompack-test-home-99215005": a test changed it without restoring it, and every test after it ran against that directory
                           │  candidate   │
                           │    sec/op    │
PathsWriteAtomic_4KB-4       15.55m ± ∞ ¹
IsHome_AProjectBelowHome-4   1.634µ ± ∞ ¹
geomean                      159.4µ
¹ need >= 6 samples for confidence interval at level 0.95

                       │   candidate   │
                       │      B/s      │
PathsWriteAtomic_4KB-4   253.9Ki ± ∞ ¹
¹ need >= 6 samples for confidence interval at level 0.95

                           │   candidate   │
                           │     B/op      │
PathsWriteAtomic_4KB-4       1.156Ki ± ∞ ¹
IsHome_AProjectBelowHome-4     544.0 ± ∞ ¹
geomean                        802.6
¹ need >= 6 samples for confidence interval at level 0.95

                           │  candidate  │
                           │  allocs/op  │
PathsWriteAtomic_4KB-4       16.00 ± ∞ ¹
IsHome_AProjectBelowHome-4   4.000 ± ∞ ¹
geomean                      8.000
¹ need >= 6 samples for confidence interval at level 0.95

pathstest: HOME is "/tmp/3178765180/001/home" at the end of the run, not the isolated home "/tmp/qompack-test-home-1482751880": a test changed it without restoring it, and every test after it ran against that directory
                           │  candidate   │
                           │    sec/op    │
PathsWriteAtomic_4KB-4       14.73m ± ∞ ¹
IsHome_AProjectBelowHome-4   1.599µ ± ∞ ¹
geomean                      153.5µ
¹ need >= 6 samples for confidence interval at level 0.95

                       │   candidate   │
                       │      B/s      │
PathsWriteAtomic_4KB-4   273.4Ki ± ∞ ¹
¹ need >= 6 samples for confidence interval at level 0.95

                           │   candidate   │
                           │     B/op      │
PathsWriteAtomic_4KB-4       1.188Ki ± ∞ ¹
IsHome_AProjectBelowHome-4     544.0 ± ∞ ¹
geomean                        813.3
¹ need >= 6 samples for confidence interval at level 0.95

                           │  candidate  │
                           │  allocs/op  │
PathsWriteAtomic_4KB-4       16.00 ± ∞ ¹
IsHome_AProjectBelowHome-4   4.000 ± ∞ ¹
geomean                      8.000
¹ need >= 6 samples for confidence interval at level 0.95

pathstest: HOME is "/tmp/3430838114/001/home" at the end of the run, not the isolated home "/tmp/qompack-test-home-1101472913": a test changed it without restoring it, and every test after it ran against that directory
                           │  candidate   │
                           │    sec/op    │
PathsWriteAtomic_4KB-4       22.63m ± ∞ ¹
IsHome_AProjectBelowHome-4   1.645µ ± ∞ ¹
geomean                      192.9µ
¹ need >= 6 samples for confidence interval at level 0.95

                       │   candidate   │
                       │      B/s      │
PathsWriteAtomic_4KB-4   175.8Ki ± ∞ ¹
¹ need >= 6 samples for confidence interval at level 0.95

                           │   candidate   │
                           │     B/op      │
PathsWriteAtomic_4KB-4       1.188Ki ± ∞ ¹
IsHome_AProjectBelowHome-4     544.0 ± ∞ ¹
geomean                        813.7
¹ need >= 6 samples for confidence interval at level 0.95

                           │  candidate  │
                           │  allocs/op  │
PathsWriteAtomic_4KB-4       16.00 ± ∞ ¹
IsHome_AProjectBelowHome-4   4.000 ± ∞ ¹
geomean                      8.000
¹ need >= 6 samples for confidence interval at level 0.95

pathstest: HOME is "/tmp/360400775/001/home" at the end of the run, not the isolated home "/tmp/qompack-test-home-2332057623": a test changed it without restoring it, and every test after it ran against that directory
                           │  candidate   │
                           │    sec/op    │
PathsWriteAtomic_4KB-4       14.82m ± ∞ ¹
IsHome_AProjectBelowHome-4   1.549µ ± ∞ ¹
geomean                      151.5µ
¹ need >= 6 samples for confidence interval at level 0.95

                       │   candidate   │
                       │      B/s      │
PathsWriteAtomic_4KB-4   268.6Ki ± ∞ ¹
¹ need >= 6 samples for confidence interval at level 0.95

                           │   candidate   │
                           │     B/op      │
PathsWriteAtomic_4KB-4       1.188Ki ± ∞ ¹
IsHome_AProjectBelowHome-4     544.0 ± ∞ ¹
geomean                        813.3
¹ need >= 6 samples for confidence interval at level 0.95

                           │  candidate  │
                           │  allocs/op  │
PathsWriteAtomic_4KB-4       16.00 ± ∞ ¹
IsHome_AProjectBelowHome-4   4.000 ± ∞ ¹
geomean                      8.000
¹ need >= 6 samples for confidence interval at level 0.95

pathstest: HOME is "/tmp/3768425099/001/home" at the end of the run, not the isolated home "/tmp/qompack-test-home-1296488687": a test changed it without restoring it, and every test after it ran against that directory
                           │  candidate   │
                           │    sec/op    │
PathsWriteAtomic_4KB-4       14.53m ± ∞ ¹
IsHome_AProjectBelowHome-4   1.581µ ± ∞ ¹
geomean                      151.6µ
¹ need >= 6 samples for confidence interval at level 0.95

                       │   candidate   │
                       │      B/s      │
PathsWriteAtomic_4KB-4   273.4Ki ± ∞ ¹
¹ need >= 6 samples for confidence interval at level 0.95

                           │   candidate   │
                           │     B/op      │
PathsWriteAtomic_4KB-4       1.156Ki ± ∞ ¹
IsHome_AProjectBelowHome-4     544.0 ± ∞ ¹
geomean                        802.6
¹ need >= 6 samples for confidence interval at level 0.95

                           │  candidate  │
                           │  allocs/op  │
PathsWriteAtomic_4KB-4       16.00 ± ∞ ¹
IsHome_AProjectBelowHome-4   4.000 ± ∞ ¹
geomean                      8.000
¹ need >= 6 samples for confidence interval at level 0.95

pathstest: HOME is "/tmp/426110959/001/home" at the end of the run, not the isolated home "/tmp/qompack-test-home-2219520244": a test changed it without restoring it, and every test after it ran against that directory
                           │  candidate   │
                           │    sec/op    │
PathsWriteAtomic_4KB-4       14.40m ± ∞ ¹
IsHome_AProjectBelowHome-4   1.580µ ± ∞ ¹
geomean                      150.8µ
¹ need >= 6 samples for confidence interval at level 0.95

                       │   candidate   │
                       │      B/s      │
PathsWriteAtomic_4KB-4   273.4Ki ± ∞ ¹
¹ need >= 6 samples for confidence interval at level 0.95

                           │   candidate   │
                           │     B/op      │
PathsWriteAtomic_4KB-4       1.188Ki ± ∞ ¹
IsHome_AProjectBelowHome-4     544.0 ± ∞ ¹
geomean                        813.3
¹ need >= 6 samples for confidence interval at level 0.95

                           │  candidate  │
                           │  allocs/op  │
PathsWriteAtomic_4KB-4       16.00 ± ∞ ¹
IsHome_AProjectBelowHome-4   4.000 ± ∞ ¹
geomean                      8.000
¹ need >= 6 samples for confidence interval at level 0.95

pkg: github.com/qompack/qompack/internal/rules
pathstest: 
             │    base     │            candidate             │
             │   sec/op    │    sec/op     vs base            │
PathScoped-4   265.5µ ± 2%   254.0µ ± ∞ ¹  ~ (p=0.182 n=10+1)
¹ need >= 6 samples for confidence interval at level 0.95

             │     base     │             candidate             │
             │     B/op     │     B/op       vs base            │
PathScoped-4   148.0Ki ± 0%   148.0Ki ± ∞ ¹  ~ (p=0.182 n=10+1)
¹ need >= 6 samples for confidence interval at level 0.95

             │    base     │             candidate              │
             │  allocs/op  │  allocs/op    vs base              │
PathScoped-4   1.979k ± 0%   1.979k ± ∞ ¹  ~ (p=1.000 n=10+1) ²
¹ need >= 6 samples for confidence interval at level 0.95
² all samples are equal

pathstest: HOME is "/tmp/1925223897/001/home" at the end of the run, not the isolated home "/tmp/qompack-test-home-963714756": a test changed it without restoring it, and every test after it ran against that directory
             │  candidate   │
             │    sec/op    │
PathScoped-4   265.9µ ± ∞ ¹
¹ need >= 6 samples for confidence interval at level 0.95

             │   candidate   │
             │     B/op      │
PathScoped-4   148.1Ki ± ∞ ¹
¹ need >= 6 samples for confidence interval at level 0.95

             │  candidate   │
             │  allocs/op   │
PathScoped-4   1.979k ± ∞ ¹
¹ need >= 6 samples for confidence interval at level 0.95

pathstest: HOME is "/tmp/2768512412/001/home" at the end of the run, not the isolated home "/tmp/qompack-test-home-1018763912": a test changed it without restoring it, and every test after it ran against that directory
             │  candidate   │
             │    sec/op    │
PathScoped-4   255.4µ ± ∞ ¹
¹ need >= 6 samples for confidence interval at level 0.95

             │   candidate   │
             │     B/op      │
PathScoped-4   148.0Ki ± ∞ ¹
¹ need >= 6 samples for confidence interval at level 0.95

             │  candidate   │
             │  allocs/op   │
PathScoped-4   1.979k ± ∞ ¹
¹ need >= 6 samples for confidence interval at level 0.95

pathstest: HOME is "/tmp/2974957428/001/home" at the end of the run, not the isolated home "/tmp/qompack-test-home-99215005": a test changed it without restoring it, and every test after it ran against that directory
             │  candidate   │
             │    sec/op    │
PathScoped-4   263.3µ ± ∞ ¹
¹ need >= 6 samples for confidence interval at level 0.95

             │   candidate   │
             │     B/op      │
PathScoped-4   148.1Ki ± ∞ ¹
¹ need >= 6 samples for confidence interval at level 0.95

             │  candidate   │
             │  allocs/op   │
PathScoped-4   1.979k ± ∞ ¹
¹ need >= 6 samples for confidence interval at level 0.95

pathstest: HOME is "/tmp/3178765180/001/home" at the end of the run, not the isolated home "/tmp/qompack-test-home-1482751880": a test changed it without restoring it, and every test after it ran against that directory
             │  candidate   │
             │    sec/op    │
PathScoped-4   267.3µ ± ∞ ¹
¹ need >= 6 samples for confidence interval at level 0.95

             │   candidate   │
             │     B/op      │
PathScoped-4   148.1Ki ± ∞ ¹
¹ need >= 6 samples for confidence interval at level 0.95

             │  candidate   │
             │  allocs/op   │
PathScoped-4   1.979k ± ∞ ¹
¹ need >= 6 samples for confidence interval at level 0.95

pathstest: HOME is "/tmp/3430838114/001/home" at the end of the run, not the isolated home "/tmp/qompack-test-home-1101472913": a test changed it without restoring it, and every test after it ran against that directory
             │  candidate   │
             │    sec/op    │
PathScoped-4   264.6µ ± ∞ ¹
¹ need >= 6 samples for confidence interval at level 0.95

             │   candidate   │
             │     B/op      │
PathScoped-4   148.0Ki ± ∞ ¹
¹ need >= 6 samples for confidence interval at level 0.95

             │  candidate   │
             │  allocs/op   │
PathScoped-4   1.979k ± ∞ ¹
¹ need >= 6 samples for confidence interval at level 0.95

pathstest: HOME is "/tmp/360400775/001/home" at the end of the run, not the isolated home "/tmp/qompack-test-home-2332057623": a test changed it without restoring it, and every test after it ran against that directory
             │  candidate   │
             │    sec/op    │
PathScoped-4   267.3µ ± ∞ ¹
¹ need >= 6 samples for confidence interval at level 0.95

             │   candidate   │
             │     B/op      │
PathScoped-4   148.1Ki ± ∞ ¹
¹ need >= 6 samples for confidence interval at level 0.95

             │  candidate   │
             │  allocs/op   │
PathScoped-4   1.979k ± ∞ ¹
¹ need >= 6 samples for confidence interval at level 0.95

pathstest: HOME is "/tmp/3768425099/001/home" at the end of the run, not the isolated home "/tmp/qompack-test-home-1296488687": a test changed it without restoring it, and every test after it ran against that directory
             │  candidate   │
             │    sec/op    │
PathScoped-4   278.3µ ± ∞ ¹
¹ need >= 6 samples for confidence interval at level 0.95

             │   candidate   │
             │     B/op      │
PathScoped-4   148.0Ki ± ∞ ¹
¹ need >= 6 samples for confidence interval at level 0.95

             │  candidate   │
             │  allocs/op   │
PathScoped-4   1.979k ± ∞ ¹
¹ need >= 6 samples for confidence interval at level 0.95

pathstest: HOME is "/tmp/426110959/001/home" at the end of the run, not the isolated home "/tmp/qompack-test-home-2219520244": a test changed it without restoring it, and every test after it ran against that directory
             │  candidate   │
             │    sec/op    │
PathScoped-4   258.5µ ± ∞ ¹
¹ need >= 6 samples for confidence interval at level 0.95

             │   candidate   │
             │     B/op      │
PathScoped-4   148.1Ki ± ∞ ¹
¹ need >= 6 samples for confidence interval at level 0.95

             │  candidate   │
             │  allocs/op   │
PathScoped-4   1.979k ± ∞ ¹
¹ need >= 6 samples for confidence interval at level 0.95

pkg: github.com/qompack/qompack/internal/scheduler
pathstest: 
                                       │    base     │               candidate               │
                                       │   sec/op    │    sec/op     vs base                 │
Evaluate_64Candidates-4                  3.097µ ± 2%   3.013µ ± ∞ ¹       ~ (p=0.364 n=10+1)
BOCDObserve_4Features/full_posterior-4   24.12µ ± 3%   23.86µ ± ∞ ¹       ~ (p=0.545 n=10+1)
BOCDObserve_4Features/steady_state-4     1.628µ ± 1%   1.619µ ± ∞ ¹       ~ (p=0.727 n=10+1)
BOCDMarshal-4                            16.95µ ± 5%   17.15µ ± ∞ ¹       ~ (p=0.727 n=10+1)
geomean                                  6.738µ        6.685µ        -0.79%
¹ need >= 6 samples for confidence interval at level 0.95

                                       │     base     │                candidate                 │
                                       │     B/op     │     B/op       vs base                   │
Evaluate_64Candidates-4                  3.648Ki ± 0%   3.648Ki ± ∞ ¹       ~ (p=1.000 n=10+1) ²
BOCDObserve_4Features/full_posterior-4   4.031Ki ± 0%   4.031Ki ± ∞ ¹       ~ (p=1.000 n=10+1) ²
BOCDObserve_4Features/steady_state-4       302.0 ± 0%     302.0 ± ∞ ¹       ~ (p=1.000 n=10+1) ²
BOCDMarshal-4                            72.00Ki ± 0%   72.00Ki ± ∞ ¹       ~ (p=1.000 n=10+1) ²
geomean                                  4.204Ki        4.204Ki        +0.00%
¹ need >= 6 samples for confidence interval at level 0.95
² all samples are equal

                                       │    base    │               candidate                │
                                       │ allocs/op  │  allocs/op   vs base                   │
Evaluate_64Candidates-4                  6.000 ± 0%   6.000 ± ∞ ¹       ~ (p=1.000 n=10+1) ²
BOCDObserve_4Features/full_posterior-4   2.000 ± 0%   2.000 ± ∞ ¹       ~ (p=1.000 n=10+1) ²
BOCDObserve_4Features/steady_state-4     2.000 ± 0%   2.000 ± ∞ ¹       ~ (p=1.000 n=10+1) ²
BOCDMarshal-4                            1.000 ± 0%   1.000 ± ∞ ¹       ~ (p=1.000 n=10+1) ²
geomean                                  2.213        2.213        +0.00%
¹ need >= 6 samples for confidence interval at level 0.95
² all samples are equal

pathstest: HOME is "/tmp/1925223897/001/home" at the end of the run, not the isolated home "/tmp/qompack-test-home-963714756": a test changed it without restoring it, and every test after it ran against that directory
                                       │  candidate   │
                                       │    sec/op    │
Evaluate_64Candidates-4                  3.069µ ± ∞ ¹
BOCDObserve_4Features/full_posterior-4   23.59µ ± ∞ ¹
BOCDObserve_4Features/steady_state-4     1.635µ ± ∞ ¹
BOCDMarshal-4                            16.99µ ± ∞ ¹
geomean                                  6.697µ
¹ need >= 6 samples for confidence interval at level 0.95

                                       │   candidate   │
                                       │     B/op      │
Evaluate_64Candidates-4                  3.648Ki ± ∞ ¹
BOCDObserve_4Features/full_posterior-4   4.031Ki ± ∞ ¹
BOCDObserve_4Features/steady_state-4       302.0 ± ∞ ¹
BOCDMarshal-4                            72.00Ki ± ∞ ¹
geomean                                  4.204Ki
¹ need >= 6 samples for confidence interval at level 0.95

                                       │  candidate  │
                                       │  allocs/op  │
Evaluate_64Candidates-4                  6.000 ± ∞ ¹
BOCDObserve_4Features/full_posterior-4   2.000 ± ∞ ¹
BOCDObserve_4Features/steady_state-4     2.000 ± ∞ ¹
BOCDMarshal-4                            1.000 ± ∞ ¹
geomean                                  2.213
¹ need >= 6 samples for confidence interval at level 0.95

pathstest: HOME is "/tmp/2768512412/001/home" at the end of the run, not the isolated home "/tmp/qompack-test-home-1018763912": a test changed it without restoring it, and every test after it ran against that directory
                                       │  candidate   │
                                       │    sec/op    │
Evaluate_64Candidates-4                  3.088µ ± ∞ ¹
BOCDObserve_4Features/full_posterior-4   23.64µ ± ∞ ¹
BOCDObserve_4Features/steady_state-4     1.602µ ± ∞ ¹
BOCDMarshal-4                            15.96µ ± ∞ ¹
geomean                                  6.573µ
¹ need >= 6 samples for confidence interval at level 0.95

                                       │   candidate   │
                                       │     B/op      │
Evaluate_64Candidates-4                  3.648Ki ± ∞ ¹
BOCDObserve_4Features/full_posterior-4   4.031Ki ± ∞ ¹
BOCDObserve_4Features/steady_state-4       302.0 ± ∞ ¹
BOCDMarshal-4                            72.00Ki ± ∞ ¹
geomean                                  4.204Ki
¹ need >= 6 samples for confidence interval at level 0.95

                                       │  candidate  │
                                       │  allocs/op  │
Evaluate_64Candidates-4                  6.000 ± ∞ ¹
BOCDObserve_4Features/full_posterior-4   2.000 ± ∞ ¹
BOCDObserve_4Features/steady_state-4     2.000 ± ∞ ¹
BOCDMarshal-4                            1.000 ± ∞ ¹
geomean                                  2.213
¹ need >= 6 samples for confidence interval at level 0.95

pathstest: HOME is "/tmp/2974957428/001/home" at the end of the run, not the isolated home "/tmp/qompack-test-home-99215005": a test changed it without restoring it, and every test after it ran against that directory
                                       │  candidate   │
                                       │    sec/op    │
Evaluate_64Candidates-4                  3.251µ ± ∞ ¹
BOCDObserve_4Features/full_posterior-4   24.19µ ± ∞ ¹
BOCDObserve_4Features/steady_state-4     1.648µ ± ∞ ¹
BOCDMarshal-4                            16.03µ ± ∞ ¹
geomean                                  6.751µ
¹ need >= 6 samples for confidence interval at level 0.95

                                       │   candidate   │
                                       │     B/op      │
Evaluate_64Candidates-4                  3.648Ki ± ∞ ¹
BOCDObserve_4Features/full_posterior-4   4.031Ki ± ∞ ¹
BOCDObserve_4Features/steady_state-4       302.0 ± ∞ ¹
BOCDMarshal-4                            72.00Ki ± ∞ ¹
geomean                                  4.204Ki
¹ need >= 6 samples for confidence interval at level 0.95

                                       │  candidate  │
                                       │  allocs/op  │
Evaluate_64Candidates-4                  6.000 ± ∞ ¹
BOCDObserve_4Features/full_posterior-4   2.000 ± ∞ ¹
BOCDObserve_4Features/steady_state-4     2.000 ± ∞ ¹
BOCDMarshal-4                            1.000 ± ∞ ¹
geomean                                  2.213
¹ need >= 6 samples for confidence interval at level 0.95

pathstest: HOME is "/tmp/3178765180/001/home" at the end of the run, not the isolated home "/tmp/qompack-test-home-1482751880": a test changed it without restoring it, and every test after it ran against that directory
                                       │  candidate   │
                                       │    sec/op    │
Evaluate_64Candidates-4                  3.192µ ± ∞ ¹
BOCDObserve_4Features/full_posterior-4   23.72µ ± ∞ ¹
BOCDObserve_4Features/steady_state-4     1.605µ ± ∞ ¹
BOCDMarshal-4                            18.49µ ± ∞ ¹
geomean                                  6.885µ
¹ need >= 6 samples for confidence interval at level 0.95

                                       │   candidate   │
                                       │     B/op      │
Evaluate_64Candidates-4                  3.648Ki ± ∞ ¹
BOCDObserve_4Features/full_posterior-4   4.031Ki ± ∞ ¹
BOCDObserve_4Features/steady_state-4       302.0 ± ∞ ¹
BOCDMarshal-4                            72.00Ki ± ∞ ¹
geomean                                  4.204Ki
¹ need >= 6 samples for confidence interval at level 0.95

                                       │  candidate  │
                                       │  allocs/op  │
Evaluate_64Candidates-4                  6.000 ± ∞ ¹
BOCDObserve_4Features/full_posterior-4   2.000 ± ∞ ¹
BOCDObserve_4Features/steady_state-4     2.000 ± ∞ ¹
BOCDMarshal-4                            1.000 ± ∞ ¹
geomean                                  2.213
¹ need >= 6 samples for confidence interval at level 0.95

pathstest: HOME is "/tmp/3430838114/001/home" at the end of the run, not the isolated home "/tmp/qompack-test-home-1101472913": a test changed it without restoring it, and every test after it ran against that directory
                                       │  candidate   │
                                       │    sec/op    │
Evaluate_64Candidates-4                  3.133µ ± ∞ ¹
BOCDObserve_4Features/full_posterior-4   25.53µ ± ∞ ¹
BOCDObserve_4Features/steady_state-4     1.694µ ± ∞ ¹
BOCDMarshal-4                            17.94µ ± ∞ ¹
geomean                                  7.021µ
¹ need >= 6 samples for confidence interval at level 0.95

                                       │   candidate   │
                                       │     B/op      │
Evaluate_64Candidates-4                  3.648Ki ± ∞ ¹
BOCDObserve_4Features/full_posterior-4   4.031Ki ± ∞ ¹
BOCDObserve_4Features/steady_state-4       302.0 ± ∞ ¹
BOCDMarshal-4                            72.00Ki ± ∞ ¹
geomean                                  4.204Ki
¹ need >= 6 samples for confidence interval at level 0.95

                                       │  candidate  │
                                       │  allocs/op  │
Evaluate_64Candidates-4                  6.000 ± ∞ ¹
BOCDObserve_4Features/full_posterior-4   2.000 ± ∞ ¹
BOCDObserve_4Features/steady_state-4     2.000 ± ∞ ¹
BOCDMarshal-4                            1.000 ± ∞ ¹
geomean                                  2.213
¹ need >= 6 samples for confidence interval at level 0.95

pathstest: HOME is "/tmp/360400775/001/home" at the end of the run, not the isolated home "/tmp/qompack-test-home-2332057623": a test changed it without restoring it, and every test after it ran against that directory
                                       │  candidate   │
                                       │    sec/op    │
Evaluate_64Candidates-4                  3.114µ ± ∞ ¹
BOCDObserve_4Features/full_posterior-4   23.88µ ± ∞ ¹
BOCDObserve_4Features/steady_state-4     1.607µ ± ∞ ¹
BOCDMarshal-4                            16.07µ ± ∞ ¹
geomean                                  6.620µ
¹ need >= 6 samples for confidence interval at level 0.95

                                       │   candidate   │
                                       │     B/op      │
Evaluate_64Candidates-4                  3.648Ki ± ∞ ¹
BOCDObserve_4Features/full_posterior-4   4.031Ki ± ∞ ¹
BOCDObserve_4Features/steady_state-4       302.0 ± ∞ ¹
BOCDMarshal-4                            72.00Ki ± ∞ ¹
geomean                                  4.204Ki
¹ need >= 6 samples for confidence interval at level 0.95

                                       │  candidate  │
                                       │  allocs/op  │
Evaluate_64Candidates-4                  6.000 ± ∞ ¹
BOCDObserve_4Features/full_posterior-4   2.000 ± ∞ ¹
BOCDObserve_4Features/steady_state-4     2.000 ± ∞ ¹
BOCDMarshal-4                            1.000 ± ∞ ¹
geomean                                  2.213
¹ need >= 6 samples for confidence interval at level 0.95

pathstest: HOME is "/tmp/3768425099/001/home" at the end of the run, not the isolated home "/tmp/qompack-test-home-1296488687": a test changed it without restoring it, and every test after it ran against that directory
                                       │  candidate   │
                                       │    sec/op    │
Evaluate_64Candidates-4                  3.052µ ± ∞ ¹
BOCDObserve_4Features/full_posterior-4   24.02µ ± ∞ ¹
BOCDObserve_4Features/steady_state-4     1.630µ ± ∞ ¹
BOCDMarshal-4                            16.39µ ± ∞ ¹
geomean                                  6.653µ
¹ need >= 6 samples for confidence interval at level 0.95

                                       │   candidate   │
                                       │     B/op      │
Evaluate_64Candidates-4                  3.648Ki ± ∞ ¹
BOCDObserve_4Features/full_posterior-4   4.031Ki ± ∞ ¹
BOCDObserve_4Features/steady_state-4       302.0 ± ∞ ¹
BOCDMarshal-4                            72.00Ki ± ∞ ¹
geomean                                  4.204Ki
¹ need >= 6 samples for confidence interval at level 0.95

                                       │  candidate  │
                                       │  allocs/op  │
Evaluate_64Candidates-4                  6.000 ± ∞ ¹
BOCDObserve_4Features/full_posterior-4   2.000 ± ∞ ¹
BOCDObserve_4Features/steady_state-4     2.000 ± ∞ ¹
BOCDMarshal-4                            1.000 ± ∞ ¹
geomean                                  2.213
¹ need >= 6 samples for confidence interval at level 0.95

pathstest: HOME is "/tmp/426110959/001/home" at the end of the run, not the isolated home "/tmp/qompack-test-home-2219520244": a test changed it without restoring it, and every test after it ran against that directory
                                       │  candidate   │
                                       │    sec/op    │
Evaluate_64Candidates-4                  2.994µ ± ∞ ¹
BOCDObserve_4Features/full_posterior-4   23.94µ ± ∞ ¹
BOCDObserve_4Features/steady_state-4     1.586µ ± ∞ ¹
BOCDMarshal-4                            17.01µ ± ∞ ¹
geomean                                  6.632µ
¹ need >= 6 samples for confidence interval at level 0.95

                                       │   candidate   │
                                       │     B/op      │
Evaluate_64Candidates-4                  3.648Ki ± ∞ ¹
BOCDObserve_4Features/full_posterior-4   4.031Ki ± ∞ ¹
BOCDObserve_4Features/steady_state-4       302.0 ± ∞ ¹
BOCDMarshal-4                            72.00Ki ± ∞ ¹
geomean                                  4.204Ki
¹ need >= 6 samples for confidence interval at level 0.95

                                       │  candidate  │
                                       │  allocs/op  │
Evaluate_64Candidates-4                  6.000 ± ∞ ¹
BOCDObserve_4Features/full_posterior-4   2.000 ± ∞ ¹
BOCDObserve_4Features/steady_state-4     2.000 ± ∞ ¹
BOCDMarshal-4                            1.000 ± ∞ ¹
geomean                                  2.213
¹ need >= 6 samples for confidence interval at level 0.95

pkg: github.com/qompack/qompack/internal/sketch
pathstest: 
                   │    base     │               candidate               │
                   │   sec/op    │    sec/op     vs base                 │
L0SketchUpdate-4     392.4n ± 1%   391.1n ± ∞ ¹       ~ (p=0.909 n=10+1)
RebuildBloom5000-4   843.4µ ± 4%   851.8µ ± ∞ ¹       ~ (p=0.727 n=10+1)
geomean              18.19µ        18.25µ        +0.34%
¹ need >= 6 samples for confidence interval at level 0.95

                   │      base      │                candidate                 │
                   │      B/op      │     B/op       vs base                   │
L0SketchUpdate-4       0.000 ± 0%       0.000 ± ∞ ¹       ~ (p=1.000 n=10+1) ²
RebuildBloom5000-4   12.11Ki ± 0%     12.11Ki ± ∞ ¹       ~ (p=0.182 n=10+1)
geomean                           ³                  +0.00%                  ³
¹ need >= 6 samples for confidence interval at level 0.95
² all samples are equal
³ summaries must be >0 to compute geomean

                   │     base     │               candidate                │
                   │  allocs/op   │  allocs/op   vs base                   │
L0SketchUpdate-4     0.000 ± 0%     0.000 ± ∞ ¹       ~ (p=1.000 n=10+1) ²
RebuildBloom5000-4   4.000 ± 0%     4.000 ± ∞ ¹       ~ (p=1.000 n=10+1) ²
geomean                         ³                +0.00%                  ³
¹ need >= 6 samples for confidence interval at level 0.95
² all samples are equal
³ summaries must be >0 to compute geomean

pathstest: HOME is "/tmp/1925223897/001/home" at the end of the run, not the isolated home "/tmp/qompack-test-home-963714756": a test changed it without restoring it, and every test after it ran against that directory
                   │  candidate   │
                   │    sec/op    │
L0SketchUpdate-4     391.8n ± ∞ ¹
RebuildBloom5000-4   850.1µ ± ∞ ¹
geomean              18.25µ
¹ need >= 6 samples for confidence interval at level 0.95

                   │   candidate   │
                   │     B/op      │
L0SketchUpdate-4       0.000 ± ∞ ¹
RebuildBloom5000-4   12.11Ki ± ∞ ¹
geomean                          ²
¹ need >= 6 samples for confidence interval at level 0.95
² summaries must be >0 to compute geomean

                   │  candidate  │
                   │  allocs/op  │
L0SketchUpdate-4     0.000 ± ∞ ¹
RebuildBloom5000-4   4.000 ± ∞ ¹
geomean                        ²
¹ need >= 6 samples for confidence interval at level 0.95
² summaries must be >0 to compute geomean

pathstest: HOME is "/tmp/2768512412/001/home" at the end of the run, not the isolated home "/tmp/qompack-test-home-1018763912": a test changed it without restoring it, and every test after it ran against that directory
                   │  candidate   │
                   │    sec/op    │
L0SketchUpdate-4     401.2n ± ∞ ¹
RebuildBloom5000-4   862.3µ ± ∞ ¹
geomean              18.60µ
¹ need >= 6 samples for confidence interval at level 0.95

                   │   candidate   │
                   │     B/op      │
L0SketchUpdate-4       0.000 ± ∞ ¹
RebuildBloom5000-4   12.11Ki ± ∞ ¹
geomean                          ²
¹ need >= 6 samples for confidence interval at level 0.95
² summaries must be >0 to compute geomean

                   │  candidate  │
                   │  allocs/op  │
L0SketchUpdate-4     0.000 ± ∞ ¹
RebuildBloom5000-4   4.000 ± ∞ ¹
geomean                        ²
¹ need >= 6 samples for confidence interval at level 0.95
² summaries must be >0 to compute geomean

pathstest: HOME is "/tmp/2974957428/001/home" at the end of the run, not the isolated home "/tmp/qompack-test-home-99215005": a test changed it without restoring it, and every test after it ran against that directory
                   │  candidate   │
                   │    sec/op    │
L0SketchUpdate-4     400.3n ± ∞ ¹
RebuildBloom5000-4   856.9µ ± ∞ ¹
geomean              18.52µ
¹ need >= 6 samples for confidence interval at level 0.95

                   │   candidate   │
                   │     B/op      │
L0SketchUpdate-4       0.000 ± ∞ ¹
RebuildBloom5000-4   12.11Ki ± ∞ ¹
geomean                          ²
¹ need >= 6 samples for confidence interval at level 0.95
² summaries must be >0 to compute geomean

                   │  candidate  │
                   │  allocs/op  │
L0SketchUpdate-4     0.000 ± ∞ ¹
RebuildBloom5000-4   4.000 ± ∞ ¹
geomean                        ²
¹ need >= 6 samples for confidence interval at level 0.95
² summaries must be >0 to compute geomean

pathstest: HOME is "/tmp/3178765180/001/home" at the end of the run, not the isolated home "/tmp/qompack-test-home-1482751880": a test changed it without restoring it, and every test after it ran against that directory
                   │  candidate   │
                   │    sec/op    │
L0SketchUpdate-4     389.9n ± ∞ ¹
RebuildBloom5000-4   855.5µ ± ∞ ¹
geomean              18.26µ
¹ need >= 6 samples for confidence interval at level 0.95

                   │   candidate   │
                   │     B/op      │
L0SketchUpdate-4       0.000 ± ∞ ¹
RebuildBloom5000-4   12.11Ki ± ∞ ¹
geomean                          ²
¹ need >= 6 samples for confidence interval at level 0.95
² summaries must be >0 to compute geomean

                   │  candidate  │
                   │  allocs/op  │
L0SketchUpdate-4     0.000 ± ∞ ¹
RebuildBloom5000-4   4.000 ± ∞ ¹
geomean                        ²
¹ need >= 6 samples for confidence interval at level 0.95
² summaries must be >0 to compute geomean

pathstest: HOME is "/tmp/3430838114/001/home" at the end of the run, not the isolated home "/tmp/qompack-test-home-1101472913": a test changed it without restoring it, and every test after it ran against that directory
                   │  candidate   │
                   │    sec/op    │
L0SketchUpdate-4     402.4n ± ∞ ¹
RebuildBloom5000-4   870.3µ ± ∞ ¹
geomean              18.71µ
¹ need >= 6 samples for confidence interval at level 0.95

                   │   candidate   │
                   │     B/op      │
L0SketchUpdate-4       0.000 ± ∞ ¹
RebuildBloom5000-4   12.11Ki ± ∞ ¹
geomean                          ²
¹ need >= 6 samples for confidence interval at level 0.95
² summaries must be >0 to compute geomean

                   │  candidate  │
                   │  allocs/op  │
L0SketchUpdate-4     0.000 ± ∞ ¹
RebuildBloom5000-4   4.000 ± ∞ ¹
geomean                        ²
¹ need >= 6 samples for confidence interval at level 0.95
² summaries must be >0 to compute geomean

pathstest: HOME is "/tmp/360400775/001/home" at the end of the run, not the isolated home "/tmp/qompack-test-home-2332057623": a test changed it without restoring it, and every test after it ran against that directory
                   │  candidate   │
                   │    sec/op    │
L0SketchUpdate-4     386.2n ± ∞ ¹
RebuildBloom5000-4   835.9µ ± ∞ ¹
geomean              17.97µ
¹ need >= 6 samples for confidence interval at level 0.95

                   │   candidate   │
                   │     B/op      │
L0SketchUpdate-4       0.000 ± ∞ ¹
RebuildBloom5000-4   12.11Ki ± ∞ ¹
geomean                          ²
¹ need >= 6 samples for confidence interval at level 0.95
² summaries must be >0 to compute geomean

                   │  candidate  │
                   │  allocs/op  │
L0SketchUpdate-4     0.000 ± ∞ ¹
RebuildBloom5000-4   4.000 ± ∞ ¹
geomean                        ²
¹ need >= 6 samples for confidence interval at level 0.95
² summaries must be >0 to compute geomean

pathstest: HOME is "/tmp/3768425099/001/home" at the end of the run, not the isolated home "/tmp/qompack-test-home-1296488687": a test changed it without restoring it, and every test after it ran against that directory
                   │  candidate   │
                   │    sec/op    │
L0SketchUpdate-4     400.1n ± ∞ ¹
RebuildBloom5000-4   877.2µ ± ∞ ¹
geomean              18.73µ
¹ need >= 6 samples for confidence interval at level 0.95

                   │   candidate   │
                   │     B/op      │
L0SketchUpdate-4       0.000 ± ∞ ¹
RebuildBloom5000-4   12.11Ki ± ∞ ¹
geomean                          ²
¹ need >= 6 samples for confidence interval at level 0.95
² summaries must be >0 to compute geomean

                   │  candidate  │
                   │  allocs/op  │
L0SketchUpdate-4     0.000 ± ∞ ¹
RebuildBloom5000-4   4.000 ± ∞ ¹
geomean                        ²
¹ need >= 6 samples for confidence interval at level 0.95
² summaries must be >0 to compute geomean

pathstest: HOME is "/tmp/426110959/001/home" at the end of the run, not the isolated home "/tmp/qompack-test-home-2219520244": a test changed it without restoring it, and every test after it ran against that directory
                   │  candidate   │
                   │    sec/op    │
L0SketchUpdate-4     388.5n ± ∞ ¹
RebuildBloom5000-4   847.5µ ± ∞ ¹
geomean              18.15µ
¹ need >= 6 samples for confidence interval at level 0.95

                   │   candidate   │
                   │     B/op      │
L0SketchUpdate-4       0.000 ± ∞ ¹
RebuildBloom5000-4   12.11Ki ± ∞ ¹
geomean                          ²
¹ need >= 6 samples for confidence interval at level 0.95
² summaries must be >0 to compute geomean

                   │  candidate  │
                   │  allocs/op  │
L0SketchUpdate-4     0.000 ± ∞ ¹
RebuildBloom5000-4   4.000 ± ∞ ¹
geomean                        ²
¹ need >= 6 samples for confidence interval at level 0.95
² summaries must be >0 to compute geomean

pkg: github.com/qompack/qompack/internal/skills
pathstest: 
        │    base     │            candidate             │
        │   sec/op    │    sec/op     vs base            │
Index-4   327.8µ ± 3%   318.1µ ± ∞ ¹  ~ (p=0.364 n=10+1)
¹ need >= 6 samples for confidence interval at level 0.95

        │     base     │             candidate             │
        │     B/op     │     B/op       vs base            │
Index-4   182.4Ki ± 0%   182.4Ki ± ∞ ¹  ~ (p=0.727 n=10+1)
¹ need >= 6 samples for confidence interval at level 0.95

        │    base    │             candidate             │
        │ allocs/op  │  allocs/op   vs base              │
Index-4   740.0 ± 0%   740.0 ± ∞ ¹  ~ (p=1.000 n=10+1) ²
¹ need >= 6 samples for confidence interval at level 0.95
² all samples are equal

pathstest: HOME is "/tmp/1925223897/001/home" at the end of the run, not the isolated home "/tmp/qompack-test-home-963714756": a test changed it without restoring it, and every test after it ran against that directory
        │  candidate   │
        │    sec/op    │
Index-4   318.9µ ± ∞ ¹
¹ need >= 6 samples for confidence interval at level 0.95

        │   candidate   │
        │     B/op      │
Index-4   182.4Ki ± ∞ ¹
¹ need >= 6 samples for confidence interval at level 0.95

        │  candidate  │
        │  allocs/op  │
Index-4   740.0 ± ∞ ¹
¹ need >= 6 samples for confidence interval at level 0.95

pathstest: HOME is "/tmp/2768512412/001/home" at the end of the run, not the isolated home "/tmp/qompack-test-home-1018763912": a test changed it without restoring it, and every test after it ran against that directory
        │  candidate   │
        │    sec/op    │
Index-4   333.7µ ± ∞ ¹
¹ need >= 6 samples for confidence interval at level 0.95

        │   candidate   │
        │     B/op      │
Index-4   182.4Ki ± ∞ ¹
¹ need >= 6 samples for confidence interval at level 0.95

        │  candidate  │
        │  allocs/op  │
Index-4   740.0 ± ∞ ¹
¹ need >= 6 samples for confidence interval at level 0.95

pathstest: HOME is "/tmp/2974957428/001/home" at the end of the run, not the isolated home "/tmp/qompack-test-home-99215005": a test changed it without restoring it, and every test after it ran against that directory
        │  candidate   │
        │    sec/op    │
Index-4   334.2µ ± ∞ ¹
¹ need >= 6 samples for confidence interval at level 0.95

        │   candidate   │
        │     B/op      │
Index-4   182.4Ki ± ∞ ¹
¹ need >= 6 samples for confidence interval at level 0.95

        │  candidate  │
        │  allocs/op  │
Index-4   740.0 ± ∞ ¹
¹ need >= 6 samples for confidence interval at level 0.95

pathstest: HOME is "/tmp/3178765180/001/home" at the end of the run, not the isolated home "/tmp/qompack-test-home-1482751880": a test changed it without restoring it, and every test after it ran against that directory
        │  candidate   │
        │    sec/op    │
Index-4   340.7µ ± ∞ ¹
¹ need >= 6 samples for confidence interval at level 0.95

        │   candidate   │
        │     B/op      │
Index-4   182.4Ki ± ∞ ¹
¹ need >= 6 samples for confidence interval at level 0.95

        │  candidate  │
        │  allocs/op  │
Index-4   740.0 ± ∞ ¹
¹ need >= 6 samples for confidence interval at level 0.95

pathstest: HOME is "/tmp/3430838114/001/home" at the end of the run, not the isolated home "/tmp/qompack-test-home-1101472913": a test changed it without restoring it, and every test after it ran against that directory
        │  candidate   │
        │    sec/op    │
Index-4   330.5µ ± ∞ ¹
¹ need >= 6 samples for confidence interval at level 0.95

        │   candidate   │
        │     B/op      │
Index-4   182.4Ki ± ∞ ¹
¹ need >= 6 samples for confidence interval at level 0.95

        │  candidate  │
        │  allocs/op  │
Index-4   740.0 ± ∞ ¹
¹ need >= 6 samples for confidence interval at level 0.95

pathstest: HOME is "/tmp/360400775/001/home" at the end of the run, not the isolated home "/tmp/qompack-test-home-2332057623": a test changed it without restoring it, and every test after it ran against that directory
        │  candidate   │
        │    sec/op    │
Index-4   321.5µ ± ∞ ¹
¹ need >= 6 samples for confidence interval at level 0.95

        │   candidate   │
        │     B/op      │
Index-4   182.4Ki ± ∞ ¹
¹ need >= 6 samples for confidence interval at level 0.95

        │  candidate  │
        │  allocs/op  │
Index-4   740.0 ± ∞ ¹
¹ need >= 6 samples for confidence interval at level 0.95

pathstest: HOME is "/tmp/3768425099/001/home" at the end of the run, not the isolated home "/tmp/qompack-test-home-1296488687": a test changed it without restoring it, and every test after it ran against that directory
        │  candidate   │
        │    sec/op    │
Index-4   321.0µ ± ∞ ¹
¹ need >= 6 samples for confidence interval at level 0.95

        │   candidate   │
        │     B/op      │
Index-4   182.4Ki ± ∞ ¹
¹ need >= 6 samples for confidence interval at level 0.95

        │  candidate  │
        │  allocs/op  │
Index-4   740.0 ± ∞ ¹
¹ need >= 6 samples for confidence interval at level 0.95

pathstest: HOME is "/tmp/426110959/001/home" at the end of the run, not the isolated home "/tmp/qompack-test-home-2219520244": a test changed it without restoring it, and every test after it ran against that directory
        │  candidate   │
        │    sec/op    │
Index-4   321.3µ ± ∞ ¹
¹ need >= 6 samples for confidence interval at level 0.95

        │   candidate   │
        │     B/op      │
Index-4   182.4Ki ± ∞ ¹
¹ need >= 6 samples for confidence interval at level 0.95

        │  candidate  │
        │  allocs/op  │
Index-4   740.0 ± ∞ ¹
¹ need >= 6 samples for confidence interval at level 0.95

pkg: github.com/qompack/qompack/internal/store
pathstest: 
                                       │     base      │               candidate                │
                                       │    sec/op     │    sec/op     vs base                  │
PutBytes_100KB_Warm_NoRedact-4            5.730m ±  4%   1.933m ± ∞ ¹        ~ (p=0.182 n=10+1)
PutBytes_100KB_Cold_NoRedact-4            23.49m ±  4%   19.32m ± ∞ ¹        ~ (p=0.182 n=10+1)
PutBytes_100KB_Cold-4                     23.89m ±  4%   20.19m ± ∞ ¹        ~ (p=0.182 n=10+1)
PutBytes_100KB_Warm-4                     6.156m ±  5%   2.358m ± ∞ ¹        ~ (p=0.182 n=10+1)
PutBytes_100KB_Warm_KeepRaw/verbatim-4    6.624m ±  3%   2.583m ± ∞ ¹        ~ (p=0.182 n=10+1)
PutBytes_100KB_Warm_KeepRaw/delta-4       6.663m ±  3%   2.583m ± ∞ ¹        ~ (p=0.182 n=10+1)
PutBytes_100KB_Warm_KeepRaw/full-4        786.9µ ±  3%   739.5µ ± ∞ ¹        ~ (p=0.182 n=10+1)
GetChunk-4                                23.37µ ±  5%   20.86µ ± ∞ ¹        ~ (p=0.182 n=10+1)
OpenSpan_4KB_of_4MB-4                     23.84µ ±  4%   21.52µ ± ∞ ¹        ~ (p=0.182 n=10+1)
OpenStore_50kRoots-4                      291.4m ±  2%   292.6m ± ∞ ¹        ~ (p=0.727 n=10+1)
GC_50kObjects-4                           375.1m ± 14%   388.4m ± ∞ ¹        ~ (p=0.727 n=10+1)
Search_1000Roots-4                       14.735m ±  4%   7.078m ± ∞ ¹        ~ (p=0.182 n=10+1)
MarkEncoded_100-4                         122.2µ ±  2%   121.8µ ± ∞ ¹        ~ (p=0.909 n=10+1)
PutObject_NovelChunk-4                                   105.6µ ± ∞ ¹
CountFold_4MiB-4                                         1.576m ± ∞ ¹
Search_1000Roots_DistinctChunks-4                        9.617m ± ∞ ¹
geomean                                   4.036m         2.301m        -33.35%
¹ need >= 6 samples for confidence interval at level 0.95

                                       │     base     │                candidate                │
                                       │     B/s      │      B/s       vs base                  │
PutBytes_100KB_Warm_NoRedact-4           17.04Mi ± 3%   50.51Mi ± ∞ ¹        ~ (p=0.182 n=10+1)
PutBytes_100KB_Cold_NoRedact-4           4.158Mi ± 5%   5.054Mi ± ∞ ¹        ~ (p=0.182 n=10+1)
PutBytes_100KB_Cold-4                    4.086Mi ± 4%   4.835Mi ± ∞ ¹        ~ (p=0.182 n=10+1)
PutBytes_100KB_Warm-4                    15.86Mi ± 4%   41.42Mi ± ∞ ¹        ~ (p=0.182 n=10+1)
PutBytes_100KB_Warm_KeepRaw/verbatim-4   14.74Mi ± 3%   37.80Mi ± ∞ ¹        ~ (p=0.182 n=10+1)
PutBytes_100KB_Warm_KeepRaw/delta-4      14.66Mi ± 3%   37.82Mi ± ∞ ¹        ~ (p=0.182 n=10+1)
PutBytes_100KB_Warm_KeepRaw/full-4       124.1Mi ± 3%   132.1Mi ± ∞ ¹        ~ (p=0.182 n=10+1)
PutObject_NovelChunk-4                                  37.00Mi ± ∞ ¹
CountFold_4MiB-4                                        2.479Gi ± ∞ ¹
geomean                                  14.32Mi        45.91Mi        +86.44%
¹ need >= 6 samples for confidence interval at level 0.95

                                       │      base      │                 candidate                  │
                                       │      B/op      │      B/op       vs base                    │
PutBytes_100KB_Warm_NoRedact-4            885.4Ki ±  0%    880.7Ki ± ∞ ¹        ~ (p=0.182 n=10+1)
PutBytes_100KB_Cold_NoRedact-4           2282.0Ki ± 35%   1020.6Ki ± ∞ ¹        ~ (p=0.182 n=10+1)
PutBytes_100KB_Cold-4                     2.336Mi ± 40%    1.097Mi ± ∞ ¹        ~ (p=0.182 n=10+1)
PutBytes_100KB_Warm-4                     993.8Ki ±  0%    984.8Ki ± ∞ ¹        ~ (p=0.182 n=10+1)
PutBytes_100KB_Warm_KeepRaw/verbatim-4    993.3Ki ±  0%    984.8Ki ± ∞ ¹        ~ (p=0.182 n=10+1)
PutBytes_100KB_Warm_KeepRaw/delta-4       1.074Mi ±  0%    1.064Mi ± ∞ ¹        ~ (p=0.182 n=10+1)
PutBytes_100KB_Warm_KeepRaw/full-4        621.1Ki ±  0%    620.2Ki ± ∞ ¹        ~ (p=0.182 n=10+1)
GetChunk-4                                20.09Ki ±  0%    19.19Ki ± ∞ ¹        ~ (p=0.182 n=10+1)
OpenSpan_4KB_of_4MB-4                     20.21Ki ±  0%    19.33Ki ± ∞ ¹   -4.39% (n=10+1)
OpenStore_50kRoots-4                      92.81Mi ±  0%    92.80Mi ± ∞ ¹        ~ (p=0.182 n=10+1)
GC_50kObjects-4                           39.31Mi ±  0%    35.23Mi ± ∞ ¹        ~ (p=0.182 n=10+1)
Search_1000Roots-4                       14.892Mi ±  0%    8.697Mi ± ∞ ¹        ~ (p=0.182 n=10+1)
MarkEncoded_100-4                         16.50Ki ±  0%    16.50Ki ± ∞ ¹        ~ (p=1.000 n=10+1) ²
PutObject_NovelChunk-4                                     5.701Ki ± ∞ ¹
CountFold_4MiB-4                                             0.000 ± ∞ ¹
Search_1000Roots_DistinctChunks-4                          12.66Mi ± ∞ ¹
geomean                                  1018.8Ki                         -16.42%                  ³
¹ need >= 6 samples for confidence interval at level 0.95
² all samples are equal
³ summaries must be >0 to compute geomean

                                       │     base     │                candidate                 │
                                       │  allocs/op   │  allocs/op    vs base                    │
PutBytes_100KB_Warm_NoRedact-4             17.00 ± 6%    14.00 ± ∞ ¹        ~ (p=0.182 n=10+1)
PutBytes_100KB_Cold_NoRedact-4             685.5 ± 3%    317.0 ± ∞ ¹        ~ (p=0.182 n=10+1)
PutBytes_100KB_Cold-4                      687.0 ± 3%    315.0 ± ∞ ¹        ~ (p=0.182 n=10+1)
PutBytes_100KB_Warm-4                      20.00 ± 5%    16.00 ± ∞ ¹  -20.00% (n=10+1)
PutBytes_100KB_Warm_KeepRaw/verbatim-4     19.50 ± 3%    16.00 ± ∞ ¹  -17.95% (n=10+1)
PutBytes_100KB_Warm_KeepRaw/delta-4        35.00 ± 3%    31.00 ± ∞ ¹        ~ (p=0.182 n=10+1)
PutBytes_100KB_Warm_KeepRaw/full-4         24.00 ± 0%    23.00 ± ∞ ¹   -4.17% (n=10+1)
GetChunk-4                                 15.00 ± 0%    10.00 ± ∞ ¹  -33.33% (n=10+1)
OpenSpan_4KB_of_4MB-4                      16.00 ± 0%    11.00 ± ∞ ¹  -31.25% (n=10+1)
OpenStore_50kRoots-4                      1.062M ± 0%   1.062M ± ∞ ¹   -0.01% (n=10+1)
GC_50kObjects-4                           495.3k ± 0%   433.7k ± ∞ ¹        ~ (p=0.182 n=10+1)
Search_1000Roots-4                       25.637k ± 0%   7.750k ± ∞ ¹  -69.77% (n=10+1)
MarkEncoded_100-4                          301.0 ± 0%    301.0 ± ∞ ¹        ~ (p=1.000 n=10+1) ²
PutObject_NovelChunk-4                                   18.00 ± ∞ ¹
CountFold_4MiB-4                                         0.000 ± ∞ ¹
Search_1000Roots_DistinctChunks-4                       12.34k ± ∞ ¹
geomean                                    371.4                      -28.93%                  ³
¹ need >= 6 samples for confidence interval at level 0.95
² all samples are equal
³ summaries must be >0 to compute geomean

pathstest: HOME is "/tmp/1925223897/001/home" at the end of the run, not the isolated home "/tmp/qompack-test-home-963714756": a test changed it without restoring it, and every test after it ran against that directory
                                       │  candidate   │
                                       │    sec/op    │
PutBytes_100KB_Warm_NoRedact-4           1.955m ± ∞ ¹
PutBytes_100KB_Cold_NoRedact-4           20.32m ± ∞ ¹
PutBytes_100KB_Cold-4                    19.10m ± ∞ ¹
PutBytes_100KB_Warm-4                    2.322m ± ∞ ¹
PutBytes_100KB_Warm_KeepRaw/verbatim-4   2.712m ± ∞ ¹
PutBytes_100KB_Warm_KeepRaw/delta-4      2.588m ± ∞ ¹
PutBytes_100KB_Warm_KeepRaw/full-4       740.6µ ± ∞ ¹
GetChunk-4                               20.53µ ± ∞ ¹
OpenSpan_4KB_of_4MB-4                    21.44µ ± ∞ ¹
OpenStore_50kRoots-4                     280.9m ± ∞ ¹
GC_50kObjects-4                          391.6m ± ∞ ¹
Search_1000Roots-4                       6.876m ± ∞ ¹
MarkEncoded_100-4                        120.8µ ± ∞ ¹
PutObject_NovelChunk-4                   116.1µ ± ∞ ¹
CountFold_4MiB-4                         1.414m ± ∞ ¹
Search_1000Roots_DistinctChunks-4        10.75m ± ∞ ¹
geomean                                  2.309m
¹ need >= 6 samples for confidence interval at level 0.95

                                       │   candidate   │
                                       │      B/s      │
PutBytes_100KB_Warm_NoRedact-4           49.94Mi ± ∞ ¹
PutBytes_100KB_Cold_NoRedact-4           4.807Mi ± ∞ ¹
PutBytes_100KB_Cold-4                    5.112Mi ± ∞ ¹
PutBytes_100KB_Warm-4                    42.06Mi ± ∞ ¹
PutBytes_100KB_Warm_KeepRaw/verbatim-4   36.01Mi ± ∞ ¹
PutBytes_100KB_Warm_KeepRaw/delta-4      37.75Mi ± ∞ ¹
PutBytes_100KB_Warm_KeepRaw/full-4       131.9Mi ± ∞ ¹
PutObject_NovelChunk-4                   33.65Mi ± ∞ ¹
CountFold_4MiB-4                         2.762Gi ± ∞ ¹
geomean                                  45.76Mi
¹ need >= 6 samples for confidence interval at level 0.95

                                       │   candidate    │
                                       │      B/op      │
PutBytes_100KB_Warm_NoRedact-4            880.7Ki ± ∞ ¹
PutBytes_100KB_Cold_NoRedact-4           1020.1Ki ± ∞ ¹
PutBytes_100KB_Cold-4                     1.097Mi ± ∞ ¹
PutBytes_100KB_Warm-4                     984.7Ki ± ∞ ¹
PutBytes_100KB_Warm_KeepRaw/verbatim-4    984.7Ki ± ∞ ¹
PutBytes_100KB_Warm_KeepRaw/delta-4       1.064Mi ± ∞ ¹
PutBytes_100KB_Warm_KeepRaw/full-4        620.2Ki ± ∞ ¹
GetChunk-4                                19.18Ki ± ∞ ¹
OpenSpan_4KB_of_4MB-4                     19.32Ki ± ∞ ¹
OpenStore_50kRoots-4                      92.82Mi ± ∞ ¹
GC_50kObjects-4                           35.22Mi ± ∞ ¹
Search_1000Roots-4                        8.688Mi ± ∞ ¹
MarkEncoded_100-4                         16.50Ki ± ∞ ¹
PutObject_NovelChunk-4                    5.706Ki ± ∞ ¹
CountFold_4MiB-4                            0.000 ± ∞ ¹
Search_1000Roots_DistinctChunks-4         12.66Mi ± ∞ ¹
geomean                                               ²
¹ need >= 6 samples for confidence interval at level 0.95
² summaries must be >0 to compute geomean

                                       │  candidate   │
                                       │  allocs/op   │
PutBytes_100KB_Warm_NoRedact-4            14.00 ± ∞ ¹
PutBytes_100KB_Cold_NoRedact-4            316.0 ± ∞ ¹
PutBytes_100KB_Cold-4                     316.0 ± ∞ ¹
PutBytes_100KB_Warm-4                     16.00 ± ∞ ¹
PutBytes_100KB_Warm_KeepRaw/verbatim-4    15.00 ± ∞ ¹
PutBytes_100KB_Warm_KeepRaw/delta-4       31.00 ± ∞ ¹
PutBytes_100KB_Warm_KeepRaw/full-4        23.00 ± ∞ ¹
GetChunk-4                                10.00 ± ∞ ¹
OpenSpan_4KB_of_4MB-4                     11.00 ± ∞ ¹
OpenStore_50kRoots-4                     1.062M ± ∞ ¹
GC_50kObjects-4                          433.7k ± ∞ ¹
Search_1000Roots-4                       7.744k ± ∞ ¹
MarkEncoded_100-4                         301.0 ± ∞ ¹
PutObject_NovelChunk-4                    18.00 ± ∞ ¹
CountFold_4MiB-4                          0.000 ± ∞ ¹
Search_1000Roots_DistinctChunks-4        12.34k ± ∞ ¹
geomean                                             ²
¹ need >= 6 samples for confidence interval at level 0.95
² summaries must be >0 to compute geomean

pathstest: HOME is "/tmp/2768512412/001/home" at the end of the run, not the isolated home "/tmp/qompack-test-home-1018763912": a test changed it without restoring it, and every test after it ran against that directory
                                       │  candidate   │
                                       │    sec/op    │
PutBytes_100KB_Warm_NoRedact-4           1.885m ± ∞ ¹
PutBytes_100KB_Cold_NoRedact-4           18.99m ± ∞ ¹
PutBytes_100KB_Cold-4                    19.30m ± ∞ ¹
PutBytes_100KB_Warm-4                    2.295m ± ∞ ¹
PutBytes_100KB_Warm_KeepRaw/verbatim-4   2.522m ± ∞ ¹
PutBytes_100KB_Warm_KeepRaw/delta-4      2.530m ± ∞ ¹
PutBytes_100KB_Warm_KeepRaw/full-4       723.4µ ± ∞ ¹
GetChunk-4                               20.10µ ± ∞ ¹
OpenSpan_4KB_of_4MB-4                    20.83µ ± ∞ ¹
OpenStore_50kRoots-4                     283.1m ± ∞ ¹
GC_50kObjects-4                          322.1m ± ∞ ¹
Search_1000Roots-4                       7.320m ± ∞ ¹
MarkEncoded_100-4                        119.2µ ± ∞ ¹
PutObject_NovelChunk-4                   113.1µ ± ∞ ¹
CountFold_4MiB-4                         1.352m ± ∞ ¹
Search_1000Roots_DistinctChunks-4        10.66m ± ∞ ¹
geomean                                  2.238m
¹ need >= 6 samples for confidence interval at level 0.95

                                       │   candidate   │
                                       │      B/s      │
PutBytes_100KB_Warm_NoRedact-4           51.81Mi ± ∞ ¹
PutBytes_100KB_Cold_NoRedact-4           5.140Mi ± ∞ ¹
PutBytes_100KB_Cold-4                    5.064Mi ± ∞ ¹
PutBytes_100KB_Warm-4                    42.55Mi ± ∞ ¹
PutBytes_100KB_Warm_KeepRaw/verbatim-4   38.73Mi ± ∞ ¹
PutBytes_100KB_Warm_KeepRaw/delta-4      38.61Mi ± ∞ ¹
PutBytes_100KB_Warm_KeepRaw/full-4       135.0Mi ± ∞ ¹
PutObject_NovelChunk-4                   34.54Mi ± ∞ ¹
CountFold_4MiB-4                         2.888Gi ± ∞ ¹
geomean                                  47.30Mi
¹ need >= 6 samples for confidence interval at level 0.95

                                       │   candidate    │
                                       │      B/op      │
PutBytes_100KB_Warm_NoRedact-4            880.7Ki ± ∞ ¹
PutBytes_100KB_Cold_NoRedact-4           1020.1Ki ± ∞ ¹
PutBytes_100KB_Cold-4                     1.098Mi ± ∞ ¹
PutBytes_100KB_Warm-4                     984.7Ki ± ∞ ¹
PutBytes_100KB_Warm_KeepRaw/verbatim-4    984.7Ki ± ∞ ¹
PutBytes_100KB_Warm_KeepRaw/delta-4       1.064Mi ± ∞ ¹
PutBytes_100KB_Warm_KeepRaw/full-4        620.2Ki ± ∞ ¹
GetChunk-4                                19.19Ki ± ∞ ¹
OpenSpan_4KB_of_4MB-4                     19.33Ki ± ∞ ¹
OpenStore_50kRoots-4                      92.80Mi ± ∞ ¹
GC_50kObjects-4                           35.22Mi ± ∞ ¹
Search_1000Roots-4                        8.694Mi ± ∞ ¹
MarkEncoded_100-4                         16.50Ki ± ∞ ¹
PutObject_NovelChunk-4                    5.704Ki ± ∞ ¹
CountFold_4MiB-4                            0.000 ± ∞ ¹
Search_1000Roots_DistinctChunks-4         12.65Mi ± ∞ ¹
geomean                                               ²
¹ need >= 6 samples for confidence interval at level 0.95
² summaries must be >0 to compute geomean

                                       │  candidate   │
                                       │  allocs/op   │
PutBytes_100KB_Warm_NoRedact-4            15.00 ± ∞ ¹
PutBytes_100KB_Cold_NoRedact-4            315.0 ± ∞ ¹
PutBytes_100KB_Cold-4                     318.0 ± ∞ ¹
PutBytes_100KB_Warm-4                     16.00 ± ∞ ¹
PutBytes_100KB_Warm_KeepRaw/verbatim-4    16.00 ± ∞ ¹
PutBytes_100KB_Warm_KeepRaw/delta-4       31.00 ± ∞ ¹
PutBytes_100KB_Warm_KeepRaw/full-4        23.00 ± ∞ ¹
GetChunk-4                                10.00 ± ∞ ¹
OpenSpan_4KB_of_4MB-4                     11.00 ± ∞ ¹
OpenStore_50kRoots-4                     1.062M ± ∞ ¹
GC_50kObjects-4                          433.7k ± ∞ ¹
Search_1000Roots-4                       7.747k ± ∞ ¹
MarkEncoded_100-4                         301.0 ± ∞ ¹
PutObject_NovelChunk-4                    18.00 ± ∞ ¹
CountFold_4MiB-4                          0.000 ± ∞ ¹
Search_1000Roots_DistinctChunks-4        12.34k ± ∞ ¹
geomean                                             ²
¹ need >= 6 samples for confidence interval at level 0.95
² summaries must be >0 to compute geomean

pathstest: HOME is "/tmp/2974957428/001/home" at the end of the run, not the isolated home "/tmp/qompack-test-home-99215005": a test changed it without restoring it, and every test after it ran against that directory
                                       │  candidate   │
                                       │    sec/op    │
PutBytes_100KB_Warm_NoRedact-4           1.997m ± ∞ ¹
PutBytes_100KB_Cold_NoRedact-4           19.08m ± ∞ ¹
PutBytes_100KB_Cold-4                    19.55m ± ∞ ¹
PutBytes_100KB_Warm-4                    2.464m ± ∞ ¹
PutBytes_100KB_Warm_KeepRaw/verbatim-4   2.547m ± ∞ ¹
PutBytes_100KB_Warm_KeepRaw/delta-4      2.592m ± ∞ ¹
PutBytes_100KB_Warm_KeepRaw/full-4       740.3µ ± ∞ ¹
GetChunk-4                               20.73µ ± ∞ ¹
OpenSpan_4KB_of_4MB-4                    21.37µ ± ∞ ¹
OpenStore_50kRoots-4                     280.5m ± ∞ ¹
GC_50kObjects-4                          402.2m ± ∞ ¹
Search_1000Roots-4                       7.222m ± ∞ ¹
MarkEncoded_100-4                        120.0µ ± ∞ ¹
PutObject_NovelChunk-4                   111.0µ ± ∞ ¹
CountFold_4MiB-4                         1.462m ± ∞ ¹
Search_1000Roots_DistinctChunks-4        11.04m ± ∞ ¹
geomean                                  2.318m
¹ need >= 6 samples for confidence interval at level 0.95

                                       │   candidate   │
                                       │      B/s      │
PutBytes_100KB_Warm_NoRedact-4           48.89Mi ± ∞ ¹
PutBytes_100KB_Cold_NoRedact-4           5.121Mi ± ∞ ¹
PutBytes_100KB_Cold-4                    4.997Mi ± ∞ ¹
PutBytes_100KB_Warm-4                    39.64Mi ± ∞ ¹
PutBytes_100KB_Warm_KeepRaw/verbatim-4   38.35Mi ± ∞ ¹
PutBytes_100KB_Warm_KeepRaw/delta-4      37.69Mi ± ∞ ¹
PutBytes_100KB_Warm_KeepRaw/full-4       131.9Mi ± ∞ ¹
PutObject_NovelChunk-4                   35.18Mi ± ∞ ¹
CountFold_4MiB-4                         2.673Gi ± ∞ ¹
geomean                                  45.94Mi
¹ need >= 6 samples for confidence interval at level 0.95

                                       │   candidate    │
                                       │      B/op      │
PutBytes_100KB_Warm_NoRedact-4            880.7Ki ± ∞ ¹
PutBytes_100KB_Cold_NoRedact-4           1020.1Ki ± ∞ ¹
PutBytes_100KB_Cold-4                     1.097Mi ± ∞ ¹
PutBytes_100KB_Warm-4                     984.8Ki ± ∞ ¹
PutBytes_100KB_Warm_KeepRaw/verbatim-4    984.9Ki ± ∞ ¹
PutBytes_100KB_Warm_KeepRaw/delta-4       1.064Mi ± ∞ ¹
PutBytes_100KB_Warm_KeepRaw/full-4        620.2Ki ± ∞ ¹
GetChunk-4                                19.17Ki ± ∞ ¹
OpenSpan_4KB_of_4MB-4                     19.34Ki ± ∞ ¹
OpenStore_50kRoots-4                      92.80Mi ± ∞ ¹
GC_50kObjects-4                           35.23Mi ± ∞ ¹
Search_1000Roots-4                        8.694Mi ± ∞ ¹
MarkEncoded_100-4                         16.50Ki ± ∞ ¹
PutObject_NovelChunk-4                    5.705Ki ± ∞ ¹
CountFold_4MiB-4                            0.000 ± ∞ ¹
Search_1000Roots_DistinctChunks-4         12.65Mi ± ∞ ¹
geomean                                               ²
¹ need >= 6 samples for confidence interval at level 0.95
² summaries must be >0 to compute geomean

                                       │  candidate   │
                                       │  allocs/op   │
PutBytes_100KB_Warm_NoRedact-4            15.00 ± ∞ ¹
PutBytes_100KB_Cold_NoRedact-4            315.0 ± ∞ ¹
PutBytes_100KB_Cold-4                     316.0 ± ∞ ¹
PutBytes_100KB_Warm-4                     16.00 ± ∞ ¹
PutBytes_100KB_Warm_KeepRaw/verbatim-4    16.00 ± ∞ ¹
PutBytes_100KB_Warm_KeepRaw/delta-4       31.00 ± ∞ ¹
PutBytes_100KB_Warm_KeepRaw/full-4        23.00 ± ∞ ¹
GetChunk-4                                10.00 ± ∞ ¹
OpenSpan_4KB_of_4MB-4                     11.00 ± ∞ ¹
OpenStore_50kRoots-4                     1.062M ± ∞ ¹
GC_50kObjects-4                          433.7k ± ∞ ¹
Search_1000Roots-4                       7.747k ± ∞ ¹
MarkEncoded_100-4                         301.0 ± ∞ ¹
PutObject_NovelChunk-4                    18.00 ± ∞ ¹
CountFold_4MiB-4                          0.000 ± ∞ ¹
Search_1000Roots_DistinctChunks-4        12.34k ± ∞ ¹
geomean                                             ²
¹ need >= 6 samples for confidence interval at level 0.95
² summaries must be >0 to compute geomean

pathstest: HOME is "/tmp/3178765180/001/home" at the end of the run, not the isolated home "/tmp/qompack-test-home-1482751880": a test changed it without restoring it, and every test after it ran against that directory
                                       │  candidate   │
                                       │    sec/op    │
PutBytes_100KB_Warm_NoRedact-4           1.903m ± ∞ ¹
PutBytes_100KB_Cold_NoRedact-4           19.10m ± ∞ ¹
PutBytes_100KB_Cold-4                    19.29m ± ∞ ¹
PutBytes_100KB_Warm-4                    2.376m ± ∞ ¹
PutBytes_100KB_Warm_KeepRaw/verbatim-4   2.604m ± ∞ ¹
PutBytes_100KB_Warm_KeepRaw/delta-4      2.605m ± ∞ ¹
PutBytes_100KB_Warm_KeepRaw/full-4       766.3µ ± ∞ ¹
GetChunk-4                               20.35µ ± ∞ ¹
OpenSpan_4KB_of_4MB-4                    21.08µ ± ∞ ¹
OpenStore_50kRoots-4                     281.4m ± ∞ ¹
GC_50kObjects-4                          402.9m ± ∞ ¹
Search_1000Roots-4                       6.622m ± ∞ ¹
MarkEncoded_100-4                        116.7µ ± ∞ ¹
PutObject_NovelChunk-4                   116.6µ ± ∞ ¹
CountFold_4MiB-4                         1.412m ± ∞ ¹
Search_1000Roots_DistinctChunks-4        9.920m ± ∞ ¹
geomean                                  2.279m
¹ need >= 6 samples for confidence interval at level 0.95

                                       │   candidate   │
                                       │      B/s      │
PutBytes_100KB_Warm_NoRedact-4           51.31Mi ± ∞ ¹
PutBytes_100KB_Cold_NoRedact-4           5.112Mi ± ∞ ¹
PutBytes_100KB_Cold-4                    5.064Mi ± ∞ ¹
PutBytes_100KB_Warm-4                    41.10Mi ± ∞ ¹
PutBytes_100KB_Warm_KeepRaw/verbatim-4   37.51Mi ± ∞ ¹
PutBytes_100KB_Warm_KeepRaw/delta-4      37.51Mi ± ∞ ¹
PutBytes_100KB_Warm_KeepRaw/full-4       127.5Mi ± ∞ ¹
PutObject_NovelChunk-4                   33.50Mi ± ∞ ¹
CountFold_4MiB-4                         2.767Gi ± ∞ ¹
geomean                                  46.04Mi
¹ need >= 6 samples for confidence interval at level 0.95

                                       │   candidate    │
                                       │      B/op      │
PutBytes_100KB_Warm_NoRedact-4            880.7Ki ± ∞ ¹
PutBytes_100KB_Cold_NoRedact-4           1021.2Ki ± ∞ ¹
PutBytes_100KB_Cold-4                     1.097Mi ± ∞ ¹
PutBytes_100KB_Warm-4                     984.7Ki ± ∞ ¹
PutBytes_100KB_Warm_KeepRaw/verbatim-4    984.8Ki ± ∞ ¹
PutBytes_100KB_Warm_KeepRaw/delta-4       1.064Mi ± ∞ ¹
PutBytes_100KB_Warm_KeepRaw/full-4        620.2Ki ± ∞ ¹
GetChunk-4                                19.18Ki ± ∞ ¹
OpenSpan_4KB_of_4MB-4                     19.32Ki ± ∞ ¹
OpenStore_50kRoots-4                      92.80Mi ± ∞ ¹
GC_50kObjects-4                           35.24Mi ± ∞ ¹
Search_1000Roots-4                        8.699Mi ± ∞ ¹
MarkEncoded_100-4                         16.50Ki ± ∞ ¹
PutObject_NovelChunk-4                    5.706Ki ± ∞ ¹
CountFold_4MiB-4                            0.000 ± ∞ ¹
Search_1000Roots_DistinctChunks-4         12.66Mi ± ∞ ¹
geomean                                               ²
¹ need >= 6 samples for confidence interval at level 0.95
² summaries must be >0 to compute geomean

                                       │  candidate   │
                                       │  allocs/op   │
PutBytes_100KB_Warm_NoRedact-4            15.00 ± ∞ ¹
PutBytes_100KB_Cold_NoRedact-4            318.0 ± ∞ ¹
PutBytes_100KB_Cold-4                     317.0 ± ∞ ¹
PutBytes_100KB_Warm-4                     16.00 ± ∞ ¹
PutBytes_100KB_Warm_KeepRaw/verbatim-4    16.00 ± ∞ ¹
PutBytes_100KB_Warm_KeepRaw/delta-4       31.00 ± ∞ ¹
PutBytes_100KB_Warm_KeepRaw/full-4        23.00 ± ∞ ¹
GetChunk-4                                10.00 ± ∞ ¹
OpenSpan_4KB_of_4MB-4                     11.00 ± ∞ ¹
OpenStore_50kRoots-4                     1.062M ± ∞ ¹
GC_50kObjects-4                          433.7k ± ∞ ¹
Search_1000Roots-4                       7.750k ± ∞ ¹
MarkEncoded_100-4                         301.0 ± ∞ ¹
PutObject_NovelChunk-4                    18.00 ± ∞ ¹
CountFold_4MiB-4                          0.000 ± ∞ ¹
Search_1000Roots_DistinctChunks-4        12.35k ± ∞ ¹
geomean                                             ²
¹ need >= 6 samples for confidence interval at level 0.95
² summaries must be >0 to compute geomean

pathstest: HOME is "/tmp/3430838114/001/home" at the end of the run, not the isolated home "/tmp/qompack-test-home-1101472913": a test changed it without restoring it, and every test after it ran against that directory
                                       │  candidate   │
                                       │    sec/op    │
PutBytes_100KB_Warm_NoRedact-4           1.883m ± ∞ ¹
PutBytes_100KB_Cold_NoRedact-4           18.58m ± ∞ ¹
PutBytes_100KB_Cold-4                    19.17m ± ∞ ¹
PutBytes_100KB_Warm-4                    2.316m ± ∞ ¹
PutBytes_100KB_Warm_KeepRaw/verbatim-4   2.558m ± ∞ ¹
PutBytes_100KB_Warm_KeepRaw/delta-4      2.603m ± ∞ ¹
PutBytes_100KB_Warm_KeepRaw/full-4       727.5µ ± ∞ ¹
GetChunk-4                               19.76µ ± ∞ ¹
OpenSpan_4KB_of_4MB-4                    21.06µ ± ∞ ¹
OpenStore_50kRoots-4                     269.5m ± ∞ ¹
GC_50kObjects-4                          323.4m ± ∞ ¹
Search_1000Roots-4                       6.966m ± ∞ ¹
MarkEncoded_100-4                        121.7µ ± ∞ ¹
PutObject_NovelChunk-4                   114.2µ ± ∞ ¹
CountFold_4MiB-4                         1.425m ± ∞ ¹
Search_1000Roots_DistinctChunks-4        11.13m ± ∞ ¹
geomean                                  2.246m
¹ need >= 6 samples for confidence interval at level 0.95

                                       │   candidate   │
                                       │      B/s      │
PutBytes_100KB_Warm_NoRedact-4           51.87Mi ± ∞ ¹
PutBytes_100KB_Cold_NoRedact-4           5.255Mi ± ∞ ¹
PutBytes_100KB_Cold-4                    5.093Mi ± ∞ ¹
PutBytes_100KB_Warm-4                    42.16Mi ± ∞ ¹
PutBytes_100KB_Warm_KeepRaw/verbatim-4   38.18Mi ± ∞ ¹
PutBytes_100KB_Warm_KeepRaw/delta-4      37.53Mi ± ∞ ¹
PutBytes_100KB_Warm_KeepRaw/full-4       134.2Mi ± ∞ ¹
PutObject_NovelChunk-4                   34.20Mi ± ∞ ¹
CountFold_4MiB-4                         2.741Gi ± ∞ ¹
geomean                                  46.82Mi
¹ need >= 6 samples for confidence interval at level 0.95

                                       │   candidate    │
                                       │      B/op      │
PutBytes_100KB_Warm_NoRedact-4            880.7Ki ± ∞ ¹
PutBytes_100KB_Cold_NoRedact-4           1019.9Ki ± ∞ ¹
PutBytes_100KB_Cold-4                     1.097Mi ± ∞ ¹
PutBytes_100KB_Warm-4                     984.8Ki ± ∞ ¹
PutBytes_100KB_Warm_KeepRaw/verbatim-4    984.7Ki ± ∞ ¹
PutBytes_100KB_Warm_KeepRaw/delta-4       1.064Mi ± ∞ ¹
PutBytes_100KB_Warm_KeepRaw/full-4        620.2Ki ± ∞ ¹
GetChunk-4                                19.19Ki ± ∞ ¹
OpenSpan_4KB_of_4MB-4                     19.32Ki ± ∞ ¹
OpenStore_50kRoots-4                      92.80Mi ± ∞ ¹
GC_50kObjects-4                           35.23Mi ± ∞ ¹
Search_1000Roots-4                        8.692Mi ± ∞ ¹
MarkEncoded_100-4                         16.50Ki ± ∞ ¹
PutObject_NovelChunk-4                    5.702Ki ± ∞ ¹
CountFold_4MiB-4                            0.000 ± ∞ ¹
Search_1000Roots_DistinctChunks-4         12.66Mi ± ∞ ¹
geomean                                               ²
¹ need >= 6 samples for confidence interval at level 0.95
² summaries must be >0 to compute geomean

                                       │  candidate   │
                                       │  allocs/op   │
PutBytes_100KB_Warm_NoRedact-4            15.00 ± ∞ ¹
PutBytes_100KB_Cold_NoRedact-4            314.0 ± ∞ ¹
PutBytes_100KB_Cold-4                     316.0 ± ∞ ¹
PutBytes_100KB_Warm-4                     16.00 ± ∞ ¹
PutBytes_100KB_Warm_KeepRaw/verbatim-4    16.00 ± ∞ ¹
PutBytes_100KB_Warm_KeepRaw/delta-4       31.00 ± ∞ ¹
PutBytes_100KB_Warm_KeepRaw/full-4        23.00 ± ∞ ¹
GetChunk-4                                10.00 ± ∞ ¹
OpenSpan_4KB_of_4MB-4                     11.00 ± ∞ ¹
OpenStore_50kRoots-4                     1.062M ± ∞ ¹
GC_50kObjects-4                          433.7k ± ∞ ¹
Search_1000Roots-4                       7.746k ± ∞ ¹
MarkEncoded_100-4                         301.0 ± ∞ ¹
PutObject_NovelChunk-4                    18.00 ± ∞ ¹
CountFold_4MiB-4                          0.000 ± ∞ ¹
Search_1000Roots_DistinctChunks-4        12.34k ± ∞ ¹
geomean                                             ²
¹ need >= 6 samples for confidence interval at level 0.95
² summaries must be >0 to compute geomean

pathstest: HOME is "/tmp/360400775/001/home" at the end of the run, not the isolated home "/tmp/qompack-test-home-2332057623": a test changed it without restoring it, and every test after it ran against that directory
                                       │  candidate   │
                                       │    sec/op    │
PutBytes_100KB_Warm_NoRedact-4           1.898m ± ∞ ¹
PutBytes_100KB_Cold_NoRedact-4           18.56m ± ∞ ¹
PutBytes_100KB_Cold-4                    19.77m ± ∞ ¹
PutBytes_100KB_Warm-4                    2.356m ± ∞ ¹
PutBytes_100KB_Warm_KeepRaw/verbatim-4   2.577m ± ∞ ¹
PutBytes_100KB_Warm_KeepRaw/delta-4      2.670m ± ∞ ¹
PutBytes_100KB_Warm_KeepRaw/full-4       769.9µ ± ∞ ¹
GetChunk-4                               20.67µ ± ∞ ¹
OpenSpan_4KB_of_4MB-4                    21.37µ ± ∞ ¹
OpenStore_50kRoots-4                     292.7m ± ∞ ¹
GC_50kObjects-4                          388.7m ± ∞ ¹
Search_1000Roots-4                       7.542m ± ∞ ¹
MarkEncoded_100-4                        143.9µ ± ∞ ¹
PutObject_NovelChunk-4                   108.0µ ± ∞ ¹
CountFold_4MiB-4                         1.397m ± ∞ ¹
Search_1000Roots_DistinctChunks-4        11.30m ± ∞ ¹
geomean                                  2.340m
¹ need >= 6 samples for confidence interval at level 0.95

                                       │   candidate   │
                                       │      B/s      │
PutBytes_100KB_Warm_NoRedact-4           51.46Mi ± ∞ ¹
PutBytes_100KB_Cold_NoRedact-4           5.264Mi ± ∞ ¹
PutBytes_100KB_Cold-4                    4.940Mi ± ∞ ¹
PutBytes_100KB_Warm-4                    41.45Mi ± ∞ ¹
PutBytes_100KB_Warm_KeepRaw/verbatim-4   37.90Mi ± ∞ ¹
PutBytes_100KB_Warm_KeepRaw/delta-4      36.64Mi ± ∞ ¹
PutBytes_100KB_Warm_KeepRaw/full-4       126.9Mi ± ∞ ¹
PutObject_NovelChunk-4                   36.18Mi ± ∞ ¹
CountFold_4MiB-4                         2.797Gi ± ∞ ¹
geomean                                  46.48Mi
¹ need >= 6 samples for confidence interval at level 0.95

                                       │   candidate    │
                                       │      B/op      │
PutBytes_100KB_Warm_NoRedact-4            880.7Ki ± ∞ ¹
PutBytes_100KB_Cold_NoRedact-4           1019.9Ki ± ∞ ¹
PutBytes_100KB_Cold-4                     1.097Mi ± ∞ ¹
PutBytes_100KB_Warm-4                     984.7Ki ± ∞ ¹
PutBytes_100KB_Warm_KeepRaw/verbatim-4    984.8Ki ± ∞ ¹
PutBytes_100KB_Warm_KeepRaw/delta-4       1.064Mi ± ∞ ¹
PutBytes_100KB_Warm_KeepRaw/full-4        620.2Ki ± ∞ ¹
GetChunk-4                                19.17Ki ± ∞ ¹
OpenSpan_4KB_of_4MB-4                     19.32Ki ± ∞ ¹
OpenStore_50kRoots-4                      92.80Mi ± ∞ ¹
GC_50kObjects-4                           35.23Mi ± ∞ ¹
Search_1000Roots-4                        8.692Mi ± ∞ ¹
MarkEncoded_100-4                         16.50Ki ± ∞ ¹
PutObject_NovelChunk-4                    5.704Ki ± ∞ ¹
CountFold_4MiB-4                            0.000 ± ∞ ¹
Search_1000Roots_DistinctChunks-4         12.65Mi ± ∞ ¹
geomean                                               ²
¹ need >= 6 samples for confidence interval at level 0.95
² summaries must be >0 to compute geomean

                                       │  candidate   │
                                       │  allocs/op   │
PutBytes_100KB_Warm_NoRedact-4            14.00 ± ∞ ¹
PutBytes_100KB_Cold_NoRedact-4            315.0 ± ∞ ¹
PutBytes_100KB_Cold-4                     316.5 ± ∞ ¹
PutBytes_100KB_Warm-4                     15.50 ± ∞ ¹
PutBytes_100KB_Warm_KeepRaw/verbatim-4    16.00 ± ∞ ¹
PutBytes_100KB_Warm_KeepRaw/delta-4       31.00 ± ∞ ¹
PutBytes_100KB_Warm_KeepRaw/full-4        23.00 ± ∞ ¹
GetChunk-4                                10.00 ± ∞ ¹
OpenSpan_4KB_of_4MB-4                     11.00 ± ∞ ¹
OpenStore_50kRoots-4                     1.062M ± ∞ ¹
GC_50kObjects-4                          433.7k ± ∞ ¹
Search_1000Roots-4                       7.745k ± ∞ ¹
MarkEncoded_100-4                         301.0 ± ∞ ¹
PutObject_NovelChunk-4                    18.00 ± ∞ ¹
CountFold_4MiB-4                          0.000 ± ∞ ¹
Search_1000Roots_DistinctChunks-4        12.34k ± ∞ ¹
geomean                                             ²
¹ need >= 6 samples for confidence interval at level 0.95
² summaries must be >0 to compute geomean

pathstest: HOME is "/tmp/3768425099/001/home" at the end of the run, not the isolated home "/tmp/qompack-test-home-1296488687": a test changed it without restoring it, and every test after it ran against that directory
                                       │  candidate   │
                                       │    sec/op    │
PutBytes_100KB_Warm_NoRedact-4           1.933m ± ∞ ¹
PutBytes_100KB_Cold_NoRedact-4           18.85m ± ∞ ¹
PutBytes_100KB_Cold-4                    19.26m ± ∞ ¹
PutBytes_100KB_Warm-4                    2.332m ± ∞ ¹
PutBytes_100KB_Warm_KeepRaw/verbatim-4   2.545m ± ∞ ¹
PutBytes_100KB_Warm_KeepRaw/delta-4      2.536m ± ∞ ¹
PutBytes_100KB_Warm_KeepRaw/full-4       729.6µ ± ∞ ¹
GetChunk-4                               20.06µ ± ∞ ¹
OpenSpan_4KB_of_4MB-4                    20.84µ ± ∞ ¹
OpenStore_50kRoots-4                     279.8m ± ∞ ¹
GC_50kObjects-4                          392.9m ± ∞ ¹
Search_1000Roots-4                       6.761m ± ∞ ¹
MarkEncoded_100-4                        117.3µ ± ∞ ¹
PutObject_NovelChunk-4                   109.8µ ± ∞ ¹
CountFold_4MiB-4                         1.415m ± ∞ ¹
Search_1000Roots_DistinctChunks-4        9.968m ± ∞ ¹
geomean                                  2.251m
¹ need >= 6 samples for confidence interval at level 0.95

                                       │   candidate   │
                                       │      B/s      │
PutBytes_100KB_Warm_NoRedact-4           50.54Mi ± ∞ ¹
PutBytes_100KB_Cold_NoRedact-4           5.178Mi ± ∞ ¹
PutBytes_100KB_Cold-4                    5.074Mi ± ∞ ¹
PutBytes_100KB_Warm-4                    41.88Mi ± ∞ ¹
PutBytes_100KB_Warm_KeepRaw/verbatim-4   38.38Mi ± ∞ ¹
PutBytes_100KB_Warm_KeepRaw/delta-4      38.52Mi ± ∞ ¹
PutBytes_100KB_Warm_KeepRaw/full-4       133.9Mi ± ∞ ¹
PutObject_NovelChunk-4                   35.57Mi ± ∞ ¹
CountFold_4MiB-4                         2.761Gi ± ∞ ¹
geomean                                  46.94Mi
¹ need >= 6 samples for confidence interval at level 0.95

                                       │   candidate    │
                                       │      B/op      │
PutBytes_100KB_Warm_NoRedact-4            880.7Ki ± ∞ ¹
PutBytes_100KB_Cold_NoRedact-4           1020.1Ki ± ∞ ¹
PutBytes_100KB_Cold-4                     1.097Mi ± ∞ ¹
PutBytes_100KB_Warm-4                     984.8Ki ± ∞ ¹
PutBytes_100KB_Warm_KeepRaw/verbatim-4    984.8Ki ± ∞ ¹
PutBytes_100KB_Warm_KeepRaw/delta-4       1.064Mi ± ∞ ¹
PutBytes_100KB_Warm_KeepRaw/full-4        620.2Ki ± ∞ ¹
GetChunk-4                                19.17Ki ± ∞ ¹
OpenSpan_4KB_of_4MB-4                     19.32Ki ± ∞ ¹
OpenStore_50kRoots-4                      92.80Mi ± ∞ ¹
GC_50kObjects-4                           35.23Mi ± ∞ ¹
Search_1000Roots-4                        8.699Mi ± ∞ ¹
MarkEncoded_100-4                         16.50Ki ± ∞ ¹
PutObject_NovelChunk-4                    5.702Ki ± ∞ ¹
CountFold_4MiB-4                            0.000 ± ∞ ¹
Search_1000Roots_DistinctChunks-4         12.66Mi ± ∞ ¹
geomean                                               ²
¹ need >= 6 samples for confidence interval at level 0.95
² summaries must be >0 to compute geomean

                                       │  candidate   │
                                       │  allocs/op   │
PutBytes_100KB_Warm_NoRedact-4            14.00 ± ∞ ¹
PutBytes_100KB_Cold_NoRedact-4            315.0 ± ∞ ¹
PutBytes_100KB_Cold-4                     316.0 ± ∞ ¹
PutBytes_100KB_Warm-4                     16.00 ± ∞ ¹
PutBytes_100KB_Warm_KeepRaw/verbatim-4    16.00 ± ∞ ¹
PutBytes_100KB_Warm_KeepRaw/delta-4       31.00 ± ∞ ¹
PutBytes_100KB_Warm_KeepRaw/full-4        23.00 ± ∞ ¹
GetChunk-4                                10.00 ± ∞ ¹
OpenSpan_4KB_of_4MB-4                     11.00 ± ∞ ¹
OpenStore_50kRoots-4                     1.062M ± ∞ ¹
GC_50kObjects-4                          433.7k ± ∞ ¹
Search_1000Roots-4                       7.750k ± ∞ ¹
MarkEncoded_100-4                         301.0 ± ∞ ¹
PutObject_NovelChunk-4                    18.00 ± ∞ ¹
CountFold_4MiB-4                          0.000 ± ∞ ¹
Search_1000Roots_DistinctChunks-4        12.34k ± ∞ ¹
geomean                                             ²
¹ need >= 6 samples for confidence interval at level 0.95
² summaries must be >0 to compute geomean

pathstest: HOME is "/tmp/426110959/001/home" at the end of the run, not the isolated home "/tmp/qompack-test-home-2219520244": a test changed it without restoring it, and every test after it ran against that directory
                                       │  candidate   │
                                       │    sec/op    │
PutBytes_100KB_Warm_NoRedact-4           1.861m ± ∞ ¹
PutBytes_100KB_Cold_NoRedact-4           18.75m ± ∞ ¹
PutBytes_100KB_Cold-4                    19.47m ± ∞ ¹
PutBytes_100KB_Warm-4                    2.335m ± ∞ ¹
PutBytes_100KB_Warm_KeepRaw/verbatim-4   2.557m ± ∞ ¹
PutBytes_100KB_Warm_KeepRaw/delta-4      2.603m ± ∞ ¹
PutBytes_100KB_Warm_KeepRaw/full-4       739.0µ ± ∞ ¹
GetChunk-4                               20.11µ ± ∞ ¹
OpenSpan_4KB_of_4MB-4                    20.93µ ± ∞ ¹
OpenStore_50kRoots-4                     287.2m ± ∞ ¹
GC_50kObjects-4                          390.2m ± ∞ ¹
Search_1000Roots-4                       6.860m ± ∞ ¹
MarkEncoded_100-4                        118.3µ ± ∞ ¹
PutObject_NovelChunk-4                   119.4µ ± ∞ ¹
CountFold_4MiB-4                         1.446m ± ∞ ¹
Search_1000Roots_DistinctChunks-4        10.08m ± ∞ ¹
geomean                                  2.276m
¹ need >= 6 samples for confidence interval at level 0.95

                                       │   candidate   │
                                       │      B/s      │
PutBytes_100KB_Warm_NoRedact-4           52.48Mi ± ∞ ¹
PutBytes_100KB_Cold_NoRedact-4           5.207Mi ± ∞ ¹
PutBytes_100KB_Cold-4                    5.016Mi ± ∞ ¹
PutBytes_100KB_Warm-4                    41.83Mi ± ∞ ¹
PutBytes_100KB_Warm_KeepRaw/verbatim-4   38.19Mi ± ∞ ¹
PutBytes_100KB_Warm_KeepRaw/delta-4      37.53Mi ± ∞ ¹
PutBytes_100KB_Warm_KeepRaw/full-4       132.2Mi ± ∞ ¹
PutObject_NovelChunk-4                   32.70Mi ± ∞ ¹
CountFold_4MiB-4                         2.701Gi ± ∞ ¹
geomean                                  46.33Mi
¹ need >= 6 samples for confidence interval at level 0.95

                                       │   candidate    │
                                       │      B/op      │
PutBytes_100KB_Warm_NoRedact-4            880.7Ki ± ∞ ¹
PutBytes_100KB_Cold_NoRedact-4           1020.2Ki ± ∞ ¹
PutBytes_100KB_Cold-4                     1.098Mi ± ∞ ¹
PutBytes_100KB_Warm-4                     984.8Ki ± ∞ ¹
PutBytes_100KB_Warm_KeepRaw/verbatim-4    984.8Ki ± ∞ ¹
PutBytes_100KB_Warm_KeepRaw/delta-4       1.064Mi ± ∞ ¹
PutBytes_100KB_Warm_KeepRaw/full-4        620.2Ki ± ∞ ¹
GetChunk-4                                19.18Ki ± ∞ ¹
OpenSpan_4KB_of_4MB-4                     19.31Ki ± ∞ ¹
OpenStore_50kRoots-4                      92.80Mi ± ∞ ¹
GC_50kObjects-4                           35.23Mi ± ∞ ¹
Search_1000Roots-4                        8.703Mi ± ∞ ¹
MarkEncoded_100-4                         16.50Ki ± ∞ ¹
PutObject_NovelChunk-4                    5.703Ki ± ∞ ¹
CountFold_4MiB-4                            0.000 ± ∞ ¹
Search_1000Roots_DistinctChunks-4         12.66Mi ± ∞ ¹
geomean                                               ²
¹ need >= 6 samples for confidence interval at level 0.95
² summaries must be >0 to compute geomean

                                       │  candidate   │
                                       │  allocs/op   │
PutBytes_100KB_Warm_NoRedact-4            14.00 ± ∞ ¹
PutBytes_100KB_Cold_NoRedact-4            315.0 ± ∞ ¹
PutBytes_100KB_Cold-4                     317.0 ± ∞ ¹
PutBytes_100KB_Warm-4                     16.00 ± ∞ ¹
PutBytes_100KB_Warm_KeepRaw/verbatim-4    16.00 ± ∞ ¹
PutBytes_100KB_Warm_KeepRaw/delta-4       31.00 ± ∞ ¹
PutBytes_100KB_Warm_KeepRaw/full-4        23.00 ± ∞ ¹
GetChunk-4                                10.00 ± ∞ ¹
OpenSpan_4KB_of_4MB-4                     11.00 ± ∞ ¹
OpenStore_50kRoots-4                     1.062M ± ∞ ¹
GC_50kObjects-4                          433.7k ± ∞ ¹
Search_1000Roots-4                       7.752k ± ∞ ¹
MarkEncoded_100-4                         301.0 ± ∞ ¹
PutObject_NovelChunk-4                    18.00 ± ∞ ¹
CountFold_4MiB-4                          0.000 ± ∞ ¹
Search_1000Roots_DistinctChunks-4        12.34k ± ∞ ¹
geomean                                             ²
¹ need >= 6 samples for confidence interval at level 0.95
² summaries must be >0 to compute geomean

pkg: github.com/qompack/qompack/internal/symbols
pathstest: 
                           │    base     │
                           │   sec/op    │
Extract_100KB-4              1.110m ± 2%
Enclosing_100KB-4            1.104m ± 2%
References_100KB_50Names-4   170.1µ ± 4%
geomean                      592.8µ

                           │     base     │
                           │     B/s      │
Extract_100KB-4              88.33Mi ± 2%
Enclosing_100KB-4            88.80Mi ± 2%
References_100KB_50Names-4   576.3Mi ± 4%
geomean                      165.3Mi

                           │     base     │
                           │     B/op     │
Extract_100KB-4              305.0Ki ± 0%
Enclosing_100KB-4            304.9Ki ± 0%
References_100KB_50Names-4   4.031Ki ± 0%
geomean                      72.10Ki

                           │    base     │
                           │  allocs/op  │
Extract_100KB-4              2.325k ± 0%
Enclosing_100KB-4            2.325k ± 0%
References_100KB_50Names-4    8.000 ± 0%
geomean                       351.0

pathstest: HOME is "/tmp/1925223897/001/home" at the end of the run, not the isolated home "/tmp/qompack-test-home-963714756": a test changed it without restoring it, and every test after it ran against that directory
                           │  candidate   │
                           │    sec/op    │
Extract_100KB-4              1.117m ± ∞ ¹
Enclosing_100KB-4            1.115m ± ∞ ¹
References_100KB_50Names-4   167.8µ ± ∞ ¹
geomean                      593.6µ
¹ need >= 6 samples for confidence interval at level 0.95

                           │   candidate   │
                           │      B/s      │
Extract_100KB-4              87.72Mi ± ∞ ¹
Enclosing_100KB-4            87.90Mi ± ∞ ¹
References_100KB_50Names-4   584.2Mi ± ∞ ¹
geomean                      165.1Mi
¹ need >= 6 samples for confidence interval at level 0.95

                           │   candidate   │
                           │     B/op      │
Extract_100KB-4              304.9Ki ± ∞ ¹
Enclosing_100KB-4            305.0Ki ± ∞ ¹
References_100KB_50Names-4   4.031Ki ± ∞ ¹
geomean                      72.10Ki
¹ need >= 6 samples for confidence interval at level 0.95

                           │  candidate   │
                           │  allocs/op   │
Extract_100KB-4              2.325k ± ∞ ¹
Enclosing_100KB-4            2.325k ± ∞ ¹
References_100KB_50Names-4    8.000 ± ∞ ¹
geomean                       351.0
¹ need >= 6 samples for confidence interval at level 0.95

pathstest: HOME is "/tmp/2768512412/001/home" at the end of the run, not the isolated home "/tmp/qompack-test-home-1018763912": a test changed it without restoring it, and every test after it ran against that directory
                           │  candidate   │
                           │    sec/op    │
Extract_100KB-4              1.146m ± ∞ ¹
Enclosing_100KB-4            1.167m ± ∞ ¹
References_100KB_50Names-4   170.1µ ± ∞ ¹
geomean                      610.5µ
¹ need >= 6 samples for confidence interval at level 0.95

                           │   candidate   │
                           │      B/s      │
Extract_100KB-4              85.54Mi ± ∞ ¹
Enclosing_100KB-4            83.97Mi ± ∞ ¹
References_100KB_50Names-4   576.4Mi ± ∞ ¹
geomean                      160.6Mi
¹ need >= 6 samples for confidence interval at level 0.95

                           │   candidate   │
                           │     B/op      │
Extract_100KB-4              305.1Ki ± ∞ ¹
Enclosing_100KB-4            305.2Ki ± ∞ ¹
References_100KB_50Names-4   4.031Ki ± ∞ ¹
geomean                      72.14Ki
¹ need >= 6 samples for confidence interval at level 0.95

                           │  candidate   │
                           │  allocs/op   │
Extract_100KB-4              2.325k ± ∞ ¹
Enclosing_100KB-4            2.325k ± ∞ ¹
References_100KB_50Names-4    8.000 ± ∞ ¹
geomean                       351.0
¹ need >= 6 samples for confidence interval at level 0.95

pathstest: HOME is "/tmp/2974957428/001/home" at the end of the run, not the isolated home "/tmp/qompack-test-home-99215005": a test changed it without restoring it, and every test after it ran against that directory
                           │  candidate   │
                           │    sec/op    │
Extract_100KB-4              1.109m ± ∞ ¹
Enclosing_100KB-4            1.101m ± ∞ ¹
References_100KB_50Names-4   168.4µ ± ∞ ¹
geomean                      590.2µ
¹ need >= 6 samples for confidence interval at level 0.95

                           │   candidate   │
                           │      B/s      │
Extract_100KB-4              88.41Mi ± ∞ ¹
Enclosing_100KB-4            89.04Mi ± ∞ ¹
References_100KB_50Names-4   582.2Mi ± ∞ ¹
geomean                      166.1Mi
¹ need >= 6 samples for confidence interval at level 0.95

                           │   candidate   │
                           │     B/op      │
Extract_100KB-4              305.0Ki ± ∞ ¹
Enclosing_100KB-4            305.0Ki ± ∞ ¹
References_100KB_50Names-4   4.031Ki ± ∞ ¹
geomean                      72.12Ki
¹ need >= 6 samples for confidence interval at level 0.95

                           │  candidate   │
                           │  allocs/op   │
Extract_100KB-4              2.325k ± ∞ ¹
Enclosing_100KB-4            2.325k ± ∞ ¹
References_100KB_50Names-4    8.000 ± ∞ ¹
geomean                       351.0
¹ need >= 6 samples for confidence interval at level 0.95

pathstest: HOME is "/tmp/3178765180/001/home" at the end of the run, not the isolated home "/tmp/qompack-test-home-1482751880": a test changed it without restoring it, and every test after it ran against that directory
                           │  candidate   │
                           │    sec/op    │
Extract_100KB-4              1.095m ± ∞ ¹
Enclosing_100KB-4            1.079m ± ∞ ¹
References_100KB_50Names-4   167.3µ ± ∞ ¹
geomean                      582.4µ
¹ need >= 6 samples for confidence interval at level 0.95

                           │   candidate   │
                           │      B/s      │
Extract_100KB-4              89.52Mi ± ∞ ¹
Enclosing_100KB-4            90.89Mi ± ∞ ¹
References_100KB_50Names-4   585.9Mi ± ∞ ¹
geomean                      168.3Mi
¹ need >= 6 samples for confidence interval at level 0.95

                           │   candidate   │
                           │     B/op      │
Extract_100KB-4              304.9Ki ± ∞ ¹
Enclosing_100KB-4            304.5Ki ± ∞ ¹
References_100KB_50Names-4   4.031Ki ± ∞ ¹
geomean                      72.07Ki
¹ need >= 6 samples for confidence interval at level 0.95

                           │  candidate   │
                           │  allocs/op   │
Extract_100KB-4              2.325k ± ∞ ¹
Enclosing_100KB-4            2.325k ± ∞ ¹
References_100KB_50Names-4    8.000 ± ∞ ¹
geomean                       351.0
¹ need >= 6 samples for confidence interval at level 0.95

pathstest: HOME is "/tmp/3430838114/001/home" at the end of the run, not the isolated home "/tmp/qompack-test-home-1101472913": a test changed it without restoring it, and every test after it ran against that directory
                           │  candidate   │
                           │    sec/op    │
Extract_100KB-4              1.113m ± ∞ ¹
Enclosing_100KB-4            1.099m ± ∞ ¹
References_100KB_50Names-4   167.2µ ± ∞ ¹
geomean                      589.2µ
¹ need >= 6 samples for confidence interval at level 0.95

                           │   candidate   │
                           │      B/s      │
Extract_100KB-4              88.11Mi ± ∞ ¹
Enclosing_100KB-4            89.16Mi ± ∞ ¹
References_100KB_50Names-4   586.2Mi ± ∞ ¹
geomean                      166.4Mi
¹ need >= 6 samples for confidence interval at level 0.95

                           │   candidate   │
                           │     B/op      │
Extract_100KB-4              304.8Ki ± ∞ ¹
Enclosing_100KB-4            304.5Ki ± ∞ ¹
References_100KB_50Names-4   4.031Ki ± ∞ ¹
geomean                      72.06Ki
¹ need >= 6 samples for confidence interval at level 0.95

                           │  candidate   │
                           │  allocs/op   │
Extract_100KB-4              2.325k ± ∞ ¹
Enclosing_100KB-4            2.325k ± ∞ ¹
References_100KB_50Names-4    8.000 ± ∞ ¹
geomean                       351.0
¹ need >= 6 samples for confidence interval at level 0.95

pathstest: HOME is "/tmp/360400775/001/home" at the end of the run, not the isolated home "/tmp/qompack-test-home-2332057623": a test changed it without restoring it, and every test after it ran against that directory
                           │  candidate   │
                           │    sec/op    │
Extract_100KB-4              1.122m ± ∞ ¹
Enclosing_100KB-4            1.112m ± ∞ ¹
References_100KB_50Names-4   171.3µ ± ∞ ¹
geomean                      597.9µ
¹ need >= 6 samples for confidence interval at level 0.95

                           │   candidate   │
                           │      B/s      │
Extract_100KB-4              87.38Mi ± ∞ ¹
Enclosing_100KB-4            88.15Mi ± ∞ ¹
References_100KB_50Names-4   572.3Mi ± ∞ ¹
geomean                      164.0Mi
¹ need >= 6 samples for confidence interval at level 0.95

                           │   candidate   │
                           │     B/op      │
Extract_100KB-4              304.7Ki ± ∞ ¹
Enclosing_100KB-4            304.9Ki ± ∞ ¹
References_100KB_50Names-4   4.031Ki ± ∞ ¹
geomean                      72.08Ki
¹ need >= 6 samples for confidence interval at level 0.95

                           │  candidate   │
                           │  allocs/op   │
Extract_100KB-4              2.325k ± ∞ ¹
Enclosing_100KB-4            2.325k ± ∞ ¹
References_100KB_50Names-4    8.000 ± ∞ ¹
geomean                       351.0
¹ need >= 6 samples for confidence interval at level 0.95

pathstest: HOME is "/tmp/3768425099/001/home" at the end of the run, not the isolated home "/tmp/qompack-test-home-1296488687": a test changed it without restoring it, and every test after it ran against that directory
                           │  candidate   │
                           │    sec/op    │
Extract_100KB-4              1.085m ± ∞ ¹
Enclosing_100KB-4            1.080m ± ∞ ¹
References_100KB_50Names-4   163.8µ ± ∞ ¹
geomean                      576.9µ
¹ need >= 6 samples for confidence interval at level 0.95

                           │   candidate   │
                           │      B/s      │
Extract_100KB-4              90.34Mi ± ∞ ¹
Enclosing_100KB-4            90.75Mi ± ∞ ¹
References_100KB_50Names-4   598.4Mi ± ∞ ¹
geomean                      169.9Mi
¹ need >= 6 samples for confidence interval at level 0.95

                           │   candidate   │
                           │     B/op      │
Extract_100KB-4              305.0Ki ± ∞ ¹
Enclosing_100KB-4            304.3Ki ± ∞ ¹
References_100KB_50Names-4   4.031Ki ± ∞ ¹
geomean                      72.05Ki
¹ need >= 6 samples for confidence interval at level 0.95

                           │  candidate   │
                           │  allocs/op   │
Extract_100KB-4              2.325k ± ∞ ¹
Enclosing_100KB-4            2.325k ± ∞ ¹
References_100KB_50Names-4    8.000 ± ∞ ¹
geomean                       351.0
¹ need >= 6 samples for confidence interval at level 0.95

pathstest: HOME is "/tmp/426110959/001/home" at the end of the run, not the isolated home "/tmp/qompack-test-home-2219520244": a test changed it without restoring it, and every test after it ran against that directory
                           │  candidate   │
                           │    sec/op    │
Extract_100KB-4              1.118m ± ∞ ¹
Enclosing_100KB-4            1.114m ± ∞ ¹
References_100KB_50Names-4   176.9µ ± ∞ ¹
geomean                      603.9µ
¹ need >= 6 samples for confidence interval at level 0.95

                           │   candidate   │
                           │      B/s      │
Extract_100KB-4              87.70Mi ± ∞ ¹
Enclosing_100KB-4            88.01Mi ± ∞ ¹
References_100KB_50Names-4   554.1Mi ± ∞ ¹
geomean                      162.3Mi
¹ need >= 6 samples for confidence interval at level 0.95

                           │   candidate   │
                           │     B/op      │
Extract_100KB-4              305.4Ki ± ∞ ¹
Enclosing_100KB-4            304.7Ki ± ∞ ¹
References_100KB_50Names-4   4.031Ki ± ∞ ¹
geomean                      72.12Ki
¹ need >= 6 samples for confidence interval at level 0.95

                           │  candidate   │
                           │  allocs/op   │
Extract_100KB-4              2.325k ± ∞ ¹
Enclosing_100KB-4            2.325k ± ∞ ¹
References_100KB_50Names-4    8.000 ± ∞ ¹
geomean                       351.0
¹ need >= 6 samples for confidence interval at level 0.95

pathstest: HOME is "/tmp/454528945/001/home" at the end of the run, not the isolated home "/tmp/qompack-test-home-2142291653": a test changed it without restoring it, and every test after it ran against that directory
                           │  candidate   │
                           │    sec/op    │
Extract_100KB-4              1.100m ± ∞ ¹
Enclosing_100KB-4            1.145m ± ∞ ¹
References_100KB_50Names-4   172.6µ ± ∞ ¹
geomean                      601.3µ
¹ need >= 6 samples for confidence interval at level 0.95

                           │   candidate   │
                           │      B/s      │
Extract_100KB-4              89.10Mi ± ∞ ¹
Enclosing_100KB-4            85.62Mi ± ∞ ¹
References_100KB_50Names-4   567.9Mi ± ∞ ¹
geomean                      163.0Mi
¹ need >= 6 samples for confidence interval at level 0.95

                           │   candidate   │
                           │     B/op      │
Extract_100KB-4              304.9Ki ± ∞ ¹
Enclosing_100KB-4            305.1Ki ± ∞ ¹
References_100KB_50Names-4   4.031Ki ± ∞ ¹
geomean                      72.11Ki
¹ need >= 6 samples for confidence interval at level 0.95

                           │  candidate   │
                           │  allocs/op   │
Extract_100KB-4              2.325k ± ∞ ¹
Enclosing_100KB-4            2.325k ± ∞ ¹
References_100KB_50Names-4    8.000 ± ∞ ¹
geomean                       351.0
¹ need >= 6 samples for confidence interval at level 0.95
