# Windows, HEAD d1431ae, QOMPACK_UNDER_COLOAD unset, co-loaded host (five other workstreams; this seat's Linux e2e gate running in the container)
# go test ./internal/testutil ./internal/daemon ./test/fault ./test/platform ./test/release ./test/security ./test/guards -count=1 -v -timeout=30m -p 3
=== RUN   TestFakeClock_Deterministic
--- PASS: TestFakeClock_Deterministic (0.00s)
=== RUN   TestFakeClock_ConcurrentReads
--- PASS: TestFakeClock_ConcurrentReads (0.00s)
=== RUN   TestLockHolders_AnEmptyLockIsNeverSettled
=== RUN   TestLockHolders_AnEmptyLockIsNeverSettled/empty_lock,_still_there
=== RUN   TestLockHolders_AnEmptyLockIsNeverSettled/empty_lock,_then_gone_with_no_pid_ever_read
=== RUN   TestLockHolders_AnEmptyLockIsNeverSettled/empty_lock,_then_a_live_holder's_body,_then_gone
=== RUN   TestLockHolders_AnEmptyLockIsNeverSettled/empty_lock,_then_a_body_naming_a_dead_process
=== RUN   TestLockHolders_AnEmptyLockIsNeverSettled/our_own_pid,_then_gone
=== RUN   TestLockHolders_AnEmptyLockIsNeverSettled/no_lock_at_all
=== RUN   TestLockHolders_AnEmptyLockIsNeverSettled/a_lock_abandoned_by_a_dead_process
=== RUN   TestLockHolders_AnEmptyLockIsNeverSettled/gone,_then_a_new_empty_lock
--- PASS: TestLockHolders_AnEmptyLockIsNeverSettled (0.03s)
    --- PASS: TestLockHolders_AnEmptyLockIsNeverSettled/empty_lock,_still_there (0.00s)
    --- PASS: TestLockHolders_AnEmptyLockIsNeverSettled/empty_lock,_then_gone_with_no_pid_ever_read (0.00s)
    --- PASS: TestLockHolders_AnEmptyLockIsNeverSettled/empty_lock,_then_a_live_holder's_body,_then_gone (0.00s)
    --- PASS: TestLockHolders_AnEmptyLockIsNeverSettled/empty_lock,_then_a_body_naming_a_dead_process (0.00s)
    --- PASS: TestLockHolders_AnEmptyLockIsNeverSettled/our_own_pid,_then_gone (0.00s)
    --- PASS: TestLockHolders_AnEmptyLockIsNeverSettled/no_lock_at_all (0.00s)
    --- PASS: TestLockHolders_AnEmptyLockIsNeverSettled/a_lock_abandoned_by_a_dead_process (0.00s)
    --- PASS: TestLockHolders_AnEmptyLockIsNeverSettled/gone,_then_a_new_empty_lock (0.00s)
=== RUN   TestShutdownDaemonUntilGone_WaitsForEveryLockHolderToExit
--- PASS: TestShutdownDaemonUntilGone_WaitsForEveryLockHolderToExit (0.37s)
=== RUN   TestShutdownDaemonUntilGone_WaitsOutALockHolderItNeverIdentified
--- PASS: TestShutdownDaemonUntilGone_WaitsOutALockHolderItNeverIdentified (3.05s)
=== RUN   TestShutdownDaemonUntilGone_ReadsTheHolderBeforeEachShutdown
--- PASS: TestShutdownDaemonUntilGone_ReadsTheHolderBeforeEachShutdown (0.12s)
=== RUN   TestShutdownDaemonUntilGone_AnAbandonedLockIsGoneAtOnce
--- PASS: TestShutdownDaemonUntilGone_AnAbandonedLockIsGoneAtOnce (0.04s)
=== RUN   TestContractFixture_FrozenFormat
--- PASS: TestContractFixture_FrozenFormat (0.04s)
=== RUN   TestContractFixture_InputOnly
--- PASS: TestContractFixture_InputOnly (0.04s)
=== RUN   TestContractFixture_RecordByOwner
--- PASS: TestContractFixture_RecordByOwner (0.00s)
=== RUN   TestContractFixture_EveryManifestIsReadable
--- PASS: TestContractFixture_EveryManifestIsReadable (0.81s)
=== RUN   TestUpdateFlag_AdoptsAnExistingRegistration
--- PASS: TestUpdateFlag_AdoptsAnExistingRegistration (0.00s)
=== RUN   TestGolden_UpdateFlag
=== RUN   TestGolden_UpdateFlag/update_rewrites
=== RUN   TestGolden_UpdateFlag/without_update_it_compares
=== RUN   TestGolden_UpdateFlag/CRLF_in_the_file_is_not_a_false_failure
=== RUN   TestGolden_UpdateFlag/update_normalizes_CRLF_on_the_way_out
--- PASS: TestGolden_UpdateFlag (0.05s)
    --- PASS: TestGolden_UpdateFlag/update_rewrites (0.02s)
    --- PASS: TestGolden_UpdateFlag/without_update_it_compares (0.00s)
    --- PASS: TestGolden_UpdateFlag/CRLF_in_the_file_is_not_a_false_failure (0.01s)
    --- PASS: TestGolden_UpdateFlag/update_normalizes_CRLF_on_the_way_out (0.00s)
=== RUN   TestGoldenEqual
=== RUN   TestGoldenEqual/identical
=== RUN   TestGoldenEqual/CRLF_want,_LF_got
=== RUN   TestGoldenEqual/LF_want,_CRLF_got
=== RUN   TestGoldenEqual/both_CRLF
=== RUN   TestGoldenEqual/different_content
=== RUN   TestGoldenEqual/trailing_newline_matters
=== RUN   TestGoldenEqual/a_bare_CR_is_not_a_line_ending
--- PASS: TestGoldenEqual (0.00s)
    --- PASS: TestGoldenEqual/identical (0.00s)
    --- PASS: TestGoldenEqual/CRLF_want,_LF_got (0.00s)
    --- PASS: TestGoldenEqual/LF_want,_CRLF_got (0.00s)
    --- PASS: TestGoldenEqual/both_CRLF (0.00s)
    --- PASS: TestGoldenEqual/different_content (0.00s)
    --- PASS: TestGoldenEqual/trailing_newline_matters (0.00s)
    --- PASS: TestGoldenEqual/a_bare_CR_is_not_a_line_ending (0.00s)
=== RUN   TestGoldenJSON_WritesUnescapedJSON
--- PASS: TestGoldenJSON_WritesUnescapedJSON (0.03s)
=== RUN   TestGolden_ResolvesItsPath
--- PASS: TestGolden_ResolvesItsPath (0.01s)
=== RUN   TestProcessAlive_V6_WindowsExitedChildHoldsNoHandles
--- PASS: TestProcessAlive_V6_WindowsExitedChildHoldsNoHandles (5.70s)
=== RUN   TestProject_LayoutAndCleanup
=== RUN   TestProject_LayoutAndCleanup/disposable
--- PASS: TestProject_LayoutAndCleanup (0.11s)
    --- PASS: TestProject_LayoutAndCleanup/disposable (0.11s)
=== RUN   TestProject_WithGitExercisesTheDotGitWalk
--- PASS: TestProject_WithGitExercisesTheDotGitWalk (0.21s)
=== RUN   TestProject_Options
--- PASS: TestProject_Options (0.10s)
=== RUN   TestProject_StoreOpens
--- PASS: TestProject_StoreOpens (0.16s)
=== RUN   TestProject_AssertAppendOnly
=== RUN   TestProject_AssertAppendOnly/passes_against_a_correct_layout
=== RUN   TestProject_AssertAppendOnly/reports_every_operation_once_the_guard_is_weakened
--- PASS: TestProject_AssertAppendOnly (0.14s)
    --- PASS: TestProject_AssertAppendOnly/passes_against_a_correct_layout (0.07s)
    --- PASS: TestProject_AssertAppendOnly/reports_every_operation_once_the_guard_is_weakened (0.07s)
=== RUN   TestProject_RunHookInProcess
--- PASS: TestProject_RunHookInProcess (0.18s)
=== RUN   TestProject_RunHookAcceptsSubcommandSpelling
--- PASS: TestProject_RunHookAcceptsSubcommandSpelling (0.06s)
=== RUN   TestWindowsHostileFiles_AllCreatable
=== RUN   TestWindowsHostileFiles_AllCreatable/a_path_with_spaces
=== RUN   TestWindowsHostileFiles_AllCreatable/a_path_over_260_characters
=== RUN   TestWindowsHostileFiles_AllCreatable/a_CRLF_file_survives_byte_for_byte
=== RUN   TestWindowsHostileFiles_AllCreatable/a_read-only_file
=== RUN   TestWindowsHostileFiles_AllCreatable/a_case-colliding_pair
--- PASS: TestWindowsHostileFiles_AllCreatable (0.35s)
    --- PASS: TestWindowsHostileFiles_AllCreatable/a_path_with_spaces (0.02s)
    --- PASS: TestWindowsHostileFiles_AllCreatable/a_path_over_260_characters (0.02s)
    --- PASS: TestWindowsHostileFiles_AllCreatable/a_CRLF_file_survives_byte_for_byte (0.01s)
    --- PASS: TestWindowsHostileFiles_AllCreatable/a_read-only_file (0.05s)
    --- PASS: TestWindowsHostileFiles_AllCreatable/a_case-colliding_pair (0.02s)
=== RUN   TestWindowsHostileFiles_ShapeIsStable
--- PASS: TestWindowsHostileFiles_ShapeIsStable (0.00s)
PASS
ok  	github.com/qompack/qompack/internal/testutil	11.987s
=== RUN   TestAdminShutdownReplyReachesTheCallerOverTheTransport
--- PASS: TestAdminShutdownReplyReachesTheCallerOverTheTransport (0.17s)
=== RUN   TestResolveBlob_NilEventLeavesBlobFileUntouched
=== PAUSE TestResolveBlob_NilEventLeavesBlobFileUntouched
=== RUN   TestResolveBlob_NonBlobRawIsUntouched
=== PAUSE TestResolveBlob_NonBlobRawIsUntouched
=== RUN   TestResolveBlob_RefusesPathTraversal
=== PAUSE TestResolveBlob_RefusesPathTraversal
=== RUN   TestResolveBlob_RestoresAndDeletes
=== PAUSE TestResolveBlob_RestoresAndDeletes
=== RUN   TestBorrowedLease_SurvivesDaemonUntilCallerClosesWriters
--- PASS: TestBorrowedLease_SurvivesDaemonUntilCallerClosesWriters (0.26s)
=== RUN   TestBorrowedLease_RejectsWrongProjectAndReleasedLease
--- PASS: TestBorrowedLease_RejectsWrongProjectAndReleasedLease (0.02s)
=== RUN   TestBorrowedLease_ReportsResidualOnlyAfterOwnerRelease
--- PASS: TestBorrowedLease_ReportsResidualOnlyAfterOwnerRelease (0.24s)
=== RUN   TestBreachDetectorTransitionsAfterThreeWindows
=== PAUSE TestBreachDetectorTransitionsAfterThreeWindows
=== RUN   TestBreachDetectorResetsOnCleanWindow
=== PAUSE TestBreachDetectorResetsOnCleanWindow
=== RUN   TestBreachDetectorRevertsAfterThreeCleanWindows
=== PAUSE TestBreachDetectorRevertsAfterThreeCleanWindows
=== RUN   TestBreachDetectorPartialWindowNeverCloses
=== PAUSE TestBreachDetectorPartialWindowNeverCloses
=== RUN   TestBreachDetectorReset
=== PAUSE TestBreachDetectorReset
=== RUN   TestBreachDetectorObserveReportsClosedOnlyOnTheWindowBoundary
=== PAUSE TestBreachDetectorObserveReportsClosedOnlyOnTheWindowBoundary
=== RUN   TestPercentileDurationP99
=== PAUSE TestPercentileDurationP99
=== RUN   TestDispatchOp_OutOfProjectDirectIPCDoesNotReachWAL
--- PASS: TestDispatchOp_OutOfProjectDirectIPCDoesNotReachWAL (0.02s)
=== RUN   TestAdmitDelivery_ForgedOKCaptureWithOutOfProjectPathDenied
--- PASS: TestAdmitDelivery_ForgedOKCaptureWithOutOfProjectPathDenied (0.03s)
=== RUN   TestAdmitDelivery_ForgedOKInProjectEventButOutOfProjectBytesDenied
--- PASS: TestAdmitDelivery_ForgedOKInProjectEventButOutOfProjectBytesDenied (0.04s)
=== RUN   TestAdmitDelivery_OKCaptureWithDroppedPathUnavailable
--- PASS: TestAdmitDelivery_OKCaptureWithDroppedPathUnavailable (0.02s)
=== RUN   TestAdmitDelivery_DegradedWithOutOfProjectBytesRefused
--- PASS: TestAdmitDelivery_DegradedWithOutOfProjectBytesRefused (0.01s)
=== RUN   TestAdmitDelivery_ByteFreeDegradedAdmittedAsEvidence
--- PASS: TestAdmitDelivery_ByteFreeDegradedAdmittedAsEvidence (0.06s)
=== RUN   TestAdmitDelivery_OKCaptureInProjectAdmitted
--- PASS: TestAdmitDelivery_OKCaptureInProjectAdmitted (0.04s)
=== RUN   TestAdmitDelivery_PathlessBashOKCaptureAdmitted
--- PASS: TestAdmitDelivery_PathlessBashOKCaptureAdmitted (0.00s)
=== RUN   TestAdmitDelivery_NoCaptureOutOfProjectDeniedBeforePolicy
--- PASS: TestAdmitDelivery_NoCaptureOutOfProjectDeniedBeforePolicy (0.04s)
=== RUN   TestCheckpointReplay_DoesNotReopenACompactStartAlreadyObserved
--- PASS: TestCheckpointReplay_DoesNotReopenACompactStartAlreadyObserved (0.21s)
=== RUN   TestCheckpointReplay_StillArmsWhenNoStartHasFollowed
--- PASS: TestCheckpointReplay_StillArmsWhenNoStartHasFollowed (0.06s)
=== RUN   TestSessionStartReplay_AStartFromBeforeThePreCompactLeavesItsObligationPending
--- PASS: TestSessionStartReplay_AStartFromBeforeThePreCompactLeavesItsObligationPending (0.17s)
=== RUN   TestCheckpointRoute_SealsWithoutRenderingOrRecordingAnInstruction
--- PASS: TestCheckpointRoute_SealsWithoutRenderingOrRecordingAnInstruction (0.16s)
=== RUN   TestCheckpointRoute_AnswersEmptyWhateverTheSeamReturns
--- PASS: TestCheckpointRoute_AnswersEmptyWhateverTheSeamReturns (0.05s)
=== RUN   TestNew_SucceedsWithNoServices
=== PAUSE TestNew_SucceedsWithNoServices
=== RUN   TestSketchSet_CarriesAllFourStructures
=== PAUSE TestSketchSet_CarriesAllFourStructures
=== RUN   TestServicesAllNil
=== PAUSE TestServicesAllNil
=== RUN   TestObservePromptRepliesWithinDeadline
=== PAUSE TestObservePromptRepliesWithinDeadline
=== RUN   TestObservePromptBlockingVariantTimesOut
=== PAUSE TestObservePromptBlockingVariantTimesOut
=== RUN   TestObservePromptWALFailureIsObservable
=== PAUSE TestObservePromptWALFailureIsObservable
=== RUN   TestDegradedPassiveSuppressesActingPaths
=== PAUSE TestDegradedPassiveSuppressesActingPaths
=== RUN   TestDegradedPassiveStillRecords
=== PAUSE TestDegradedPassiveStillRecords
=== RUN   TestModeOffSkipsIngest
=== PAUSE TestModeOffSkipsIngest
=== RUN   TestNAKDuplicateIsDedupedOnDrain
=== PAUSE TestNAKDuplicateIsDedupedOnDrain
=== RUN   TestDrainOfSpooledFlushLineDoesNotDeadlock
=== PAUSE TestDrainOfSpooledFlushLineDoesNotDeadlock
=== RUN   TestStartupDrainOfSpooledFlushLineDoesNotWedgeRun
--- PASS: TestStartupDrainOfSpooledFlushLineDoesNotWedgeRun (0.21s)
=== RUN   TestRedrainOnFirstServedRequest
--- PASS: TestRedrainOnFirstServedRequest (0.30s)
=== RUN   TestSpoolOnBreachFalseDoesNotTransition
=== PAUSE TestSpoolOnBreachFalseDoesNotTransition
=== RUN   TestHotModeTransitionWritesStateAndNAKs
=== PAUSE TestHotModeTransitionWritesStateAndNAKs
=== RUN   TestHotModeTransitionPersistsBeforeItIsAnnounced
=== PAUSE TestHotModeTransitionPersistsBeforeItIsAnnounced
=== RUN   TestConfigReloadDefersChunkChange
=== PAUSE TestConfigReloadDefersChunkChange
=== RUN   TestIdleExitWithZeroSessions
--- PASS: TestIdleExitWithZeroSessions (1.54s)
=== RUN   TestRunReturnsNilWhenLockHeld
--- PASS: TestRunReturnsNilWhenLockHeld (0.44s)
=== RUN   TestAdminShutdownStopsTheDaemon
--- PASS: TestAdminShutdownStopsTheDaemon (0.58s)
=== RUN   TestRunReturnsOnlyAfterAsyncStopHasFinished
--- PASS: TestRunReturnsOnlyAfterAsyncStopHasFinished (1.08s)
=== RUN   TestServeFailureTakesTheStopPath
--- PASS: TestServeFailureTakesTheStopPath (0.16s)
=== RUN   TestMarkerIsWrittenByFlushAndCheckpointOnly
=== PAUSE TestMarkerIsWrittenByFlushAndCheckpointOnly
=== RUN   TestSessionStartNeverWipesSentinelObserved
=== PAUSE TestSessionStartNeverWipesSentinelObserved
=== RUN   TestSessionStartResetsBreachDetectorForNewSession
=== PAUSE TestSessionStartResetsBreachDetectorForNewSession
=== RUN   TestRecordHotPathSampleRejectsInvalidTS
=== PAUSE TestRecordHotPathSampleRejectsInvalidTS
=== RUN   TestRunCtxDoneGoesThroughStop
--- PASS: TestRunCtxDoneGoesThroughStop (0.12s)
=== RUN   TestAdminPingAlwaysAnswersOK
=== PAUSE TestAdminPingAlwaysAnswersOK
=== RUN   TestUnknownOpIsRefusedNotPanicked
=== PAUSE TestUnknownOpIsRefusedNotPanicked
=== RUN   TestHandlerPanicIsRecovered
=== PAUSE TestHandlerPanicIsRecovered
=== RUN   TestIdleExitEndsAbandonedSessions
--- PASS: TestIdleExitEndsAbandonedSessions (2.12s)
=== RUN   TestResolveEvent_RestoresRawExtras
=== PAUSE TestResolveEvent_RestoresRawExtras
=== RUN   TestObserveStopSeamSeesTheRestoredAgentName
=== PAUSE TestObserveStopSeamSeesTheRestoredAgentName
=== RUN   TestObservePrompt_PassiveModeInvokesSeamButEmitsNothing
=== PAUSE TestObservePrompt_PassiveModeInvokesSeamButEmitsNothing
=== RUN   TestObservePrompt_ModeOffNeverInvokesTheSeam
=== PAUSE TestObservePrompt_ModeOffNeverInvokesTheSeam
=== RUN   TestDegradeBanner_StaysFarUnderTheHostCap
=== RUN   TestDegradeBanner_StaysFarUnderTheHostCap/invalidUTF8
=== RUN   TestDegradeBanner_StaysFarUnderTheHostCap/quotes
=== RUN   TestDegradeBanner_StaysFarUnderTheHostCap/mixed
=== RUN   TestDegradeBanner_StaysFarUnderTheHostCap/ascii
=== RUN   TestDegradeBanner_StaysFarUnderTheHostCap/escaped
=== RUN   TestDegradeBanner_StaysFarUnderTheHostCap/astral
--- PASS: TestDegradeBanner_StaysFarUnderTheHostCap (0.15s)
    --- PASS: TestDegradeBanner_StaysFarUnderTheHostCap/invalidUTF8 (0.03s)
    --- PASS: TestDegradeBanner_StaysFarUnderTheHostCap/quotes (0.01s)
    --- PASS: TestDegradeBanner_StaysFarUnderTheHostCap/mixed (0.02s)
    --- PASS: TestDegradeBanner_StaysFarUnderTheHostCap/ascii (0.01s)
    --- PASS: TestDegradeBanner_StaysFarUnderTheHostCap/escaped (0.04s)
    --- PASS: TestDegradeBanner_StaysFarUnderTheHostCap/astral (0.03s)
=== RUN   TestDegradeBanner_ShortValuesAreQuotedWhole
--- PASS: TestDegradeBanner_ShortValuesAreQuotedWhole (0.00s)
=== RUN   TestBoundedQuote_CutsOnARuneBoundaryAndSaysSo
=== RUN   TestBoundedQuote_CutsOnARuneBoundaryAndSaysSo/astral
=== RUN   TestBoundedQuote_CutsOnARuneBoundaryAndSaysSo/invalidUTF8
=== RUN   TestBoundedQuote_CutsOnARuneBoundaryAndSaysSo/quotes
=== RUN   TestBoundedQuote_CutsOnARuneBoundaryAndSaysSo/mixed
=== RUN   TestBoundedQuote_CutsOnARuneBoundaryAndSaysSo/ascii
=== RUN   TestBoundedQuote_CutsOnARuneBoundaryAndSaysSo/escaped
--- PASS: TestBoundedQuote_CutsOnARuneBoundaryAndSaysSo (0.07s)
    --- PASS: TestBoundedQuote_CutsOnARuneBoundaryAndSaysSo/astral (0.01s)
    --- PASS: TestBoundedQuote_CutsOnARuneBoundaryAndSaysSo/invalidUTF8 (0.00s)
    --- PASS: TestBoundedQuote_CutsOnARuneBoundaryAndSaysSo/quotes (0.00s)
    --- PASS: TestBoundedQuote_CutsOnARuneBoundaryAndSaysSo/mixed (0.01s)
    --- PASS: TestBoundedQuote_CutsOnARuneBoundaryAndSaysSo/ascii (0.00s)
    --- PASS: TestBoundedQuote_CutsOnARuneBoundaryAndSaysSo/escaped (0.03s)
=== RUN   TestSessionStart_DegradeBannerFromAHostSuppliedSourceIsBounded
--- PASS: TestSessionStart_DegradeBannerFromAHostSuppliedSourceIsBounded (0.28s)
=== RUN   TestDaemon_NoACKBeforeDurableBatch
=== RUN   TestDaemon_NoACKBeforeDurableBatch/format_1,_the_v1_sidecar
=== RUN   TestDaemon_NoACKBeforeDurableBatch/format_2,_the_held_A/B_seal
--- PASS: TestDaemon_NoACKBeforeDurableBatch (0.52s)
    --- PASS: TestDaemon_NoACKBeforeDurableBatch/format_1,_the_v1_sidecar (0.20s)
    --- PASS: TestDaemon_NoACKBeforeDurableBatch/format_2,_the_held_A/B_seal (0.32s)
=== RUN   TestDeliveryJournal_AckBatchCommitsOneWriteOneSyncOneSeal
--- PASS: TestDeliveryJournal_AckBatchCommitsOneWriteOneSyncOneSeal (0.30s)
=== RUN   TestDeliveryJournal_AckBatchFailurePoisonsEveryDependentMember
=== RUN   TestDeliveryJournal_AckBatchFailurePoisonsEveryDependentMember/short_write
=== RUN   TestDeliveryJournal_AckBatchFailurePoisonsEveryDependentMember/sync_failure
=== RUN   TestDeliveryJournal_AckBatchFailurePoisonsEveryDependentMember/seal_failure
=== RUN   TestDeliveryJournal_AckBatchFailurePoisonsEveryDependentMember/panic_in_the_Sync
=== RUN   TestDeliveryJournal_AckBatchFailurePoisonsEveryDependentMember/panic_in_the_seal
--- PASS: TestDeliveryJournal_AckBatchFailurePoisonsEveryDependentMember (2.55s)
    --- PASS: TestDeliveryJournal_AckBatchFailurePoisonsEveryDependentMember/short_write (0.63s)
    --- PASS: TestDeliveryJournal_AckBatchFailurePoisonsEveryDependentMember/sync_failure (0.55s)
    --- PASS: TestDeliveryJournal_AckBatchFailurePoisonsEveryDependentMember/seal_failure (0.50s)
    --- PASS: TestDeliveryJournal_AckBatchFailurePoisonsEveryDependentMember/panic_in_the_Sync (0.50s)
    --- PASS: TestDeliveryJournal_AckBatchFailurePoisonsEveryDependentMember/panic_in_the_seal (0.37s)
=== RUN   TestDeliveryJournal_AckCheckRunsAfterEvaluationAndImmediatelyBeforeAppend
=== RUN   TestDeliveryJournal_AckCheckRunsAfterEvaluationAndImmediatelyBeforeAppend/format_1,_the_v1_sidecar
=== RUN   TestDeliveryJournal_AckCheckRunsAfterEvaluationAndImmediatelyBeforeAppend/format_1,_the_v1_sidecar/position_missing_between_batches
=== RUN   TestDeliveryJournal_AckCheckRunsAfterEvaluationAndImmediatelyBeforeAppend/format_1,_the_v1_sidecar/position_missing_during_evaluation
=== RUN   TestDeliveryJournal_AckCheckRunsAfterEvaluationAndImmediatelyBeforeAppend/format_1,_the_v1_sidecar/position_malformed_between_batches
=== RUN   TestDeliveryJournal_AckCheckRunsAfterEvaluationAndImmediatelyBeforeAppend/format_1,_the_v1_sidecar/position_malformed_during_evaluation
=== RUN   TestDeliveryJournal_AckCheckRunsAfterEvaluationAndImmediatelyBeforeAppend/format_1,_the_v1_sidecar/journal_truncated_between_batches
=== RUN   TestDeliveryJournal_AckCheckRunsAfterEvaluationAndImmediatelyBeforeAppend/format_1,_the_v1_sidecar/journal_truncated_during_evaluation
=== RUN   TestDeliveryJournal_AckCheckRunsAfterEvaluationAndImmediatelyBeforeAppend/format_1,_the_v1_sidecar/journal_extended_between_batches
=== RUN   TestDeliveryJournal_AckCheckRunsAfterEvaluationAndImmediatelyBeforeAppend/format_1,_the_v1_sidecar/journal_extended_during_evaluation
=== RUN   TestDeliveryJournal_AckCheckRunsAfterEvaluationAndImmediatelyBeforeAppend/format_1,_the_v1_sidecar/position_future_version_between_batches
=== RUN   TestDeliveryJournal_AckCheckRunsAfterEvaluationAndImmediatelyBeforeAppend/format_1,_the_v1_sidecar/position_future_version_during_evaluation
=== RUN   TestDeliveryJournal_AckCheckRunsAfterEvaluationAndImmediatelyBeforeAppend/format_1,_the_v1_sidecar/position_noncanonical_between_batches
=== RUN   TestDeliveryJournal_AckCheckRunsAfterEvaluationAndImmediatelyBeforeAppend/format_1,_the_v1_sidecar/position_noncanonical_during_evaluation
=== RUN   TestDeliveryJournal_AckCheckRunsAfterEvaluationAndImmediatelyBeforeAppend/format_1,_the_v1_sidecar/position_count_between_batches
=== RUN   TestDeliveryJournal_AckCheckRunsAfterEvaluationAndImmediatelyBeforeAppend/format_1,_the_v1_sidecar/position_count_during_evaluation
=== RUN   TestDeliveryJournal_AckCheckRunsAfterEvaluationAndImmediatelyBeforeAppend/format_1,_the_v1_sidecar/position_bytes_between_batches
=== RUN   TestDeliveryJournal_AckCheckRunsAfterEvaluationAndImmediatelyBeforeAppend/format_1,_the_v1_sidecar/position_bytes_during_evaluation
=== RUN   TestDeliveryJournal_AckCheckRunsAfterEvaluationAndImmediatelyBeforeAppend/format_1,_the_v1_sidecar/position_chain_between_batches
=== RUN   TestDeliveryJournal_AckCheckRunsAfterEvaluationAndImmediatelyBeforeAppend/format_1,_the_v1_sidecar/position_chain_during_evaluation
=== RUN   TestDeliveryJournal_AckCheckRunsAfterEvaluationAndImmediatelyBeforeAppend/format_2,_the_held_A/B_seal
=== RUN   TestDeliveryJournal_AckCheckRunsAfterEvaluationAndImmediatelyBeforeAppend/format_2,_the_held_A/B_seal/position_missing_between_batches
=== RUN   TestDeliveryJournal_AckCheckRunsAfterEvaluationAndImmediatelyBeforeAppend/format_2,_the_held_A/B_seal/position_missing_during_evaluation
=== RUN   TestDeliveryJournal_AckCheckRunsAfterEvaluationAndImmediatelyBeforeAppend/format_2,_the_held_A/B_seal/position_malformed_between_batches
=== RUN   TestDeliveryJournal_AckCheckRunsAfterEvaluationAndImmediatelyBeforeAppend/format_2,_the_held_A/B_seal/position_malformed_during_evaluation
=== RUN   TestDeliveryJournal_AckCheckRunsAfterEvaluationAndImmediatelyBeforeAppend/format_2,_the_held_A/B_seal/journal_truncated_between_batches
=== RUN   TestDeliveryJournal_AckCheckRunsAfterEvaluationAndImmediatelyBeforeAppend/format_2,_the_held_A/B_seal/journal_truncated_during_evaluation
=== RUN   TestDeliveryJournal_AckCheckRunsAfterEvaluationAndImmediatelyBeforeAppend/format_2,_the_held_A/B_seal/journal_extended_between_batches
=== RUN   TestDeliveryJournal_AckCheckRunsAfterEvaluationAndImmediatelyBeforeAppend/format_2,_the_held_A/B_seal/journal_extended_during_evaluation
=== RUN   TestDeliveryJournal_AckCheckRunsAfterEvaluationAndImmediatelyBeforeAppend/format_2,_the_held_A/B_seal/position_future_version_between_batches
=== RUN   TestDeliveryJournal_AckCheckRunsAfterEvaluationAndImmediatelyBeforeAppend/format_2,_the_held_A/B_seal/position_future_version_during_evaluation
=== RUN   TestDeliveryJournal_AckCheckRunsAfterEvaluationAndImmediatelyBeforeAppend/format_2,_the_held_A/B_seal/position_noncanonical_between_batches
=== RUN   TestDeliveryJournal_AckCheckRunsAfterEvaluationAndImmediatelyBeforeAppend/format_2,_the_held_A/B_seal/position_noncanonical_during_evaluation
=== RUN   TestDeliveryJournal_AckCheckRunsAfterEvaluationAndImmediatelyBeforeAppend/format_2,_the_held_A/B_seal/position_count_between_batches
=== RUN   TestDeliveryJournal_AckCheckRunsAfterEvaluationAndImmediatelyBeforeAppend/format_2,_the_held_A/B_seal/position_count_during_evaluation
=== RUN   TestDeliveryJournal_AckCheckRunsAfterEvaluationAndImmediatelyBeforeAppend/format_2,_the_held_A/B_seal/position_bytes_between_batches
=== RUN   TestDeliveryJournal_AckCheckRunsAfterEvaluationAndImmediatelyBeforeAppend/format_2,_the_held_A/B_seal/position_bytes_during_evaluation
=== RUN   TestDeliveryJournal_AckCheckRunsAfterEvaluationAndImmediatelyBeforeAppend/format_2,_the_held_A/B_seal/position_chain_between_batches
=== RUN   TestDeliveryJournal_AckCheckRunsAfterEvaluationAndImmediatelyBeforeAppend/format_2,_the_held_A/B_seal/position_chain_during_evaluation
=== RUN   TestDeliveryJournal_AckCheckRunsAfterEvaluationAndImmediatelyBeforeAppend/format_2,_the_held_A/B_seal/position_replaced_by_a_copy_of_itself_between_batches
=== RUN   TestDeliveryJournal_AckCheckRunsAfterEvaluationAndImmediatelyBeforeAppend/format_2,_the_held_A/B_seal/position_replaced_by_a_copy_of_itself_during_evaluation
--- PASS: TestDeliveryJournal_AckCheckRunsAfterEvaluationAndImmediatelyBeforeAppend (12.94s)
    --- PASS: TestDeliveryJournal_AckCheckRunsAfterEvaluationAndImmediatelyBeforeAppend/format_1,_the_v1_sidecar (6.77s)
        --- PASS: TestDeliveryJournal_AckCheckRunsAfterEvaluationAndImmediatelyBeforeAppend/format_1,_the_v1_sidecar/position_missing_between_batches (0.25s)
        --- PASS: TestDeliveryJournal_AckCheckRunsAfterEvaluationAndImmediatelyBeforeAppend/format_1,_the_v1_sidecar/position_missing_during_evaluation (0.35s)
        --- PASS: TestDeliveryJournal_AckCheckRunsAfterEvaluationAndImmediatelyBeforeAppend/format_1,_the_v1_sidecar/position_malformed_between_batches (0.29s)
        --- PASS: TestDeliveryJournal_AckCheckRunsAfterEvaluationAndImmediatelyBeforeAppend/format_1,_the_v1_sidecar/position_malformed_during_evaluation (0.25s)
        --- PASS: TestDeliveryJournal_AckCheckRunsAfterEvaluationAndImmediatelyBeforeAppend/format_1,_the_v1_sidecar/journal_truncated_between_batches (0.61s)
        --- PASS: TestDeliveryJournal_AckCheckRunsAfterEvaluationAndImmediatelyBeforeAppend/format_1,_the_v1_sidecar/journal_truncated_during_evaluation (0.32s)
        --- PASS: TestDeliveryJournal_AckCheckRunsAfterEvaluationAndImmediatelyBeforeAppend/format_1,_the_v1_sidecar/journal_extended_between_batches (0.47s)
        --- PASS: TestDeliveryJournal_AckCheckRunsAfterEvaluationAndImmediatelyBeforeAppend/format_1,_the_v1_sidecar/journal_extended_during_evaluation (0.38s)
        --- PASS: TestDeliveryJournal_AckCheckRunsAfterEvaluationAndImmediatelyBeforeAppend/format_1,_the_v1_sidecar/position_future_version_between_batches (1.01s)
        --- PASS: TestDeliveryJournal_AckCheckRunsAfterEvaluationAndImmediatelyBeforeAppend/format_1,_the_v1_sidecar/position_future_version_during_evaluation (0.66s)
        --- PASS: TestDeliveryJournal_AckCheckRunsAfterEvaluationAndImmediatelyBeforeAppend/format_1,_the_v1_sidecar/position_noncanonical_between_batches (0.37s)
        --- PASS: TestDeliveryJournal_AckCheckRunsAfterEvaluationAndImmediatelyBeforeAppend/format_1,_the_v1_sidecar/position_noncanonical_during_evaluation (0.31s)
        --- PASS: TestDeliveryJournal_AckCheckRunsAfterEvaluationAndImmediatelyBeforeAppend/format_1,_the_v1_sidecar/position_count_between_batches (0.32s)
        --- PASS: TestDeliveryJournal_AckCheckRunsAfterEvaluationAndImmediatelyBeforeAppend/format_1,_the_v1_sidecar/position_count_during_evaluation (0.27s)
        --- PASS: TestDeliveryJournal_AckCheckRunsAfterEvaluationAndImmediatelyBeforeAppend/format_1,_the_v1_sidecar/position_bytes_between_batches (0.27s)
        --- PASS: TestDeliveryJournal_AckCheckRunsAfterEvaluationAndImmediatelyBeforeAppend/format_1,_the_v1_sidecar/position_bytes_during_evaluation (0.21s)
        --- PASS: TestDeliveryJournal_AckCheckRunsAfterEvaluationAndImmediatelyBeforeAppend/format_1,_the_v1_sidecar/position_chain_between_batches (0.22s)
        --- PASS: TestDeliveryJournal_AckCheckRunsAfterEvaluationAndImmediatelyBeforeAppend/format_1,_the_v1_sidecar/position_chain_during_evaluation (0.19s)
    --- PASS: TestDeliveryJournal_AckCheckRunsAfterEvaluationAndImmediatelyBeforeAppend/format_2,_the_held_A/B_seal (6.17s)
        --- PASS: TestDeliveryJournal_AckCheckRunsAfterEvaluationAndImmediatelyBeforeAppend/format_2,_the_held_A/B_seal/position_missing_between_batches (0.20s)
        --- PASS: TestDeliveryJournal_AckCheckRunsAfterEvaluationAndImmediatelyBeforeAppend/format_2,_the_held_A/B_seal/position_missing_during_evaluation (0.25s)
        --- PASS: TestDeliveryJournal_AckCheckRunsAfterEvaluationAndImmediatelyBeforeAppend/format_2,_the_held_A/B_seal/position_malformed_between_batches (0.26s)
        --- PASS: TestDeliveryJournal_AckCheckRunsAfterEvaluationAndImmediatelyBeforeAppend/format_2,_the_held_A/B_seal/position_malformed_during_evaluation (0.22s)
        --- PASS: TestDeliveryJournal_AckCheckRunsAfterEvaluationAndImmediatelyBeforeAppend/format_2,_the_held_A/B_seal/journal_truncated_between_batches (0.20s)
        --- PASS: TestDeliveryJournal_AckCheckRunsAfterEvaluationAndImmediatelyBeforeAppend/format_2,_the_held_A/B_seal/journal_truncated_during_evaluation (0.24s)
        --- PASS: TestDeliveryJournal_AckCheckRunsAfterEvaluationAndImmediatelyBeforeAppend/format_2,_the_held_A/B_seal/journal_extended_between_batches (0.27s)
        --- PASS: TestDeliveryJournal_AckCheckRunsAfterEvaluationAndImmediatelyBeforeAppend/format_2,_the_held_A/B_seal/journal_extended_during_evaluation (0.34s)
        --- PASS: TestDeliveryJournal_AckCheckRunsAfterEvaluationAndImmediatelyBeforeAppend/format_2,_the_held_A/B_seal/position_future_version_between_batches (0.21s)
        --- PASS: TestDeliveryJournal_AckCheckRunsAfterEvaluationAndImmediatelyBeforeAppend/format_2,_the_held_A/B_seal/position_future_version_during_evaluation (0.25s)
        --- PASS: TestDeliveryJournal_AckCheckRunsAfterEvaluationAndImmediatelyBeforeAppend/format_2,_the_held_A/B_seal/position_noncanonical_between_batches (0.35s)
        --- PASS: TestDeliveryJournal_AckCheckRunsAfterEvaluationAndImmediatelyBeforeAppend/format_2,_the_held_A/B_seal/position_noncanonical_during_evaluation (0.40s)
        --- PASS: TestDeliveryJournal_AckCheckRunsAfterEvaluationAndImmediatelyBeforeAppend/format_2,_the_held_A/B_seal/position_count_between_batches (0.56s)
        --- PASS: TestDeliveryJournal_AckCheckRunsAfterEvaluationAndImmediatelyBeforeAppend/format_2,_the_held_A/B_seal/position_count_during_evaluation (0.40s)
        --- PASS: TestDeliveryJournal_AckCheckRunsAfterEvaluationAndImmediatelyBeforeAppend/format_2,_the_held_A/B_seal/position_bytes_between_batches (0.52s)
        --- PASS: TestDeliveryJournal_AckCheckRunsAfterEvaluationAndImmediatelyBeforeAppend/format_2,_the_held_A/B_seal/position_bytes_during_evaluation (0.22s)
        --- PASS: TestDeliveryJournal_AckCheckRunsAfterEvaluationAndImmediatelyBeforeAppend/format_2,_the_held_A/B_seal/position_chain_between_batches (0.46s)
        --- PASS: TestDeliveryJournal_AckCheckRunsAfterEvaluationAndImmediatelyBeforeAppend/format_2,_the_held_A/B_seal/position_chain_during_evaluation (0.22s)
        --- PASS: TestDeliveryJournal_AckCheckRunsAfterEvaluationAndImmediatelyBeforeAppend/format_2,_the_held_A/B_seal/position_replaced_by_a_copy_of_itself_between_batches (0.25s)
        --- PASS: TestDeliveryJournal_AckCheckRunsAfterEvaluationAndImmediatelyBeforeAppend/format_2,_the_held_A/B_seal/position_replaced_by_a_copy_of_itself_during_evaluation (0.33s)
=== RUN   TestDeliveryJournal_AckBatchKeepsEachCallsCheckOrder
=== RUN   TestDeliveryJournal_AckBatchKeepsEachCallsCheckOrder/a_cancelled_context_is_answered_before_the_gate
=== RUN   TestDeliveryJournal_AckBatchKeepsEachCallsCheckOrder/the_gate_is_answered_before_validation
=== RUN   TestDeliveryJournal_AckBatchKeepsEachCallsCheckOrder/an_acknowledged_delivery_is_answered_without_a_check
=== RUN   TestDeliveryJournal_AckBatchKeepsEachCallsCheckOrder/the_check_is_answered_before_the_entries_bound
--- PASS: TestDeliveryJournal_AckBatchKeepsEachCallsCheckOrder (1.05s)
    --- PASS: TestDeliveryJournal_AckBatchKeepsEachCallsCheckOrder/a_cancelled_context_is_answered_before_the_gate (0.18s)
    --- PASS: TestDeliveryJournal_AckBatchKeepsEachCallsCheckOrder/the_gate_is_answered_before_validation (0.17s)
    --- PASS: TestDeliveryJournal_AckBatchKeepsEachCallsCheckOrder/an_acknowledged_delivery_is_answered_without_a_check (0.35s)
    --- PASS: TestDeliveryJournal_AckBatchKeepsEachCallsCheckOrder/the_check_is_answered_before_the_entries_bound (0.35s)
=== RUN   TestDeliveryJournal_AckBatchNeverDelaysALeaseBatch
--- PASS: TestDeliveryJournal_AckBatchNeverDelaysALeaseBatch (0.23s)
=== RUN   TestDeliveryJournal_AckBatchIsNeverDelayedByALeaseBatch
--- PASS: TestDeliveryJournal_AckBatchIsNeverDelayedByALeaseBatch (0.26s)
=== RUN   TestDeliveryJournal_AckBatchMatchesSequentialOutcomes
=== RUN   TestDeliveryJournal_AckBatchMatchesSequentialOutcomes/duplicate_acknowledgements_in_one_batch
=== RUN   TestDeliveryJournal_AckBatchMatchesSequentialOutcomes/an_acknowledgement_of_a_delivery_never_leased
=== RUN   TestDeliveryJournal_AckBatchMatchesSequentialOutcomes/seed_0
=== RUN   TestDeliveryJournal_AckBatchMatchesSequentialOutcomes/seed_1
=== RUN   TestDeliveryJournal_AckBatchMatchesSequentialOutcomes/seed_2
=== RUN   TestDeliveryJournal_AckBatchMatchesSequentialOutcomes/seed_3
=== RUN   TestDeliveryJournal_AckBatchMatchesSequentialOutcomes/seed_4
=== RUN   TestDeliveryJournal_AckBatchMatchesSequentialOutcomes/seed_5
=== RUN   TestDeliveryJournal_AckBatchMatchesSequentialOutcomes/seed_6
=== RUN   TestDeliveryJournal_AckBatchMatchesSequentialOutcomes/seed_7
=== RUN   TestDeliveryJournal_AckBatchMatchesSequentialOutcomes/entries_cap,_seed_0
=== RUN   TestDeliveryJournal_AckBatchMatchesSequentialOutcomes/entries_cap,_seed_1
=== RUN   TestDeliveryJournal_AckBatchMatchesSequentialOutcomes/bytes_cap
--- PASS: TestDeliveryJournal_AckBatchMatchesSequentialOutcomes (24.74s)
    --- PASS: TestDeliveryJournal_AckBatchMatchesSequentialOutcomes/duplicate_acknowledgements_in_one_batch (0.23s)
    --- PASS: TestDeliveryJournal_AckBatchMatchesSequentialOutcomes/an_acknowledgement_of_a_delivery_never_leased (0.22s)
    --- PASS: TestDeliveryJournal_AckBatchMatchesSequentialOutcomes/seed_0 (0.59s)
    --- PASS: TestDeliveryJournal_AckBatchMatchesSequentialOutcomes/seed_1 (0.91s)
    --- PASS: TestDeliveryJournal_AckBatchMatchesSequentialOutcomes/seed_2 (1.32s)
    --- PASS: TestDeliveryJournal_AckBatchMatchesSequentialOutcomes/seed_3 (0.69s)
    --- PASS: TestDeliveryJournal_AckBatchMatchesSequentialOutcomes/seed_4 (0.70s)
    --- PASS: TestDeliveryJournal_AckBatchMatchesSequentialOutcomes/seed_5 (0.99s)
    --- PASS: TestDeliveryJournal_AckBatchMatchesSequentialOutcomes/seed_6 (1.00s)
    --- PASS: TestDeliveryJournal_AckBatchMatchesSequentialOutcomes/seed_7 (0.85s)
    --- PASS: TestDeliveryJournal_AckBatchMatchesSequentialOutcomes/entries_cap,_seed_0 (2.09s)
    --- PASS: TestDeliveryJournal_AckBatchMatchesSequentialOutcomes/entries_cap,_seed_1 (9.90s)
    --- PASS: TestDeliveryJournal_AckBatchMatchesSequentialOutcomes/bytes_cap (5.23s)
=== RUN   TestDeliveryJournal_AcknowledgedIsRaceFreeWithRelease
=== RUN   TestDeliveryJournal_AcknowledgedIsRaceFreeWithRelease/acknowledged_loops_through_a_Release
=== RUN   TestDeliveryJournal_AcknowledgedIsRaceFreeWithRelease/acknowledged_loops_beside_acknowledgement_batches
--- PASS: TestDeliveryJournal_AcknowledgedIsRaceFreeWithRelease (3.18s)
    --- PASS: TestDeliveryJournal_AcknowledgedIsRaceFreeWithRelease/acknowledged_loops_through_a_Release (1.51s)
    --- PASS: TestDeliveryJournal_AcknowledgedIsRaceFreeWithRelease/acknowledged_loops_beside_acknowledgement_batches (1.68s)
=== RUN   TestBackupWatchedFiles_NamesTheDeliveryStateThisPackageWrites
=== PAUSE TestBackupWatchedFiles_NamesTheDeliveryStateThisPackageWrites
=== RUN   TestDeliveryCarry_RoundTripAndRefusals
--- PASS: TestDeliveryCarry_RoundTripAndRefusals (0.00s)
=== RUN   TestDeliveryRollover_CarryNamesEveryArchivedUnacknowledgedLease
=== PAUSE TestDeliveryRollover_CarryNamesEveryArchivedUnacknowledgedLease
=== RUN   TestDeliveryRollover_DamagedCarryRefusesTheNextRotation
=== PAUSE TestDeliveryRollover_DamagedCarryRefusesTheNextRotation
=== RUN   TestDeliverySealSegment_CarryIsCheckedAgainstTheBaseRoot
=== PAUSE TestDeliverySealSegment_CarryIsCheckedAgainstTheBaseRoot
=== RUN   TestDeliveryPath_CrashCutAtEveryStep
=== RUN   TestDeliveryPath_CrashCutAtEveryStep/format_1,_the_v1_sidecar
=== RUN   TestDeliveryPath_CrashCutAtEveryStep/format_1,_the_v1_sidecar/W1_the_WAL_batch's_Write
=== RUN   TestDeliveryPath_CrashCutAtEveryStep/format_1,_the_v1_sidecar/W1_the_WAL_batch's_Write/the_machine-crash_image
=== RUN   TestDeliveryPath_CrashCutAtEveryStep/format_1,_the_v1_sidecar/W2_the_WAL_batch's_Sync
=== RUN   TestDeliveryPath_CrashCutAtEveryStep/format_1,_the_v1_sidecar/W2_the_WAL_batch's_Sync/the_machine-crash_image
=== RUN   TestDeliveryPath_CrashCutAtEveryStep/format_1,_the_v1_sidecar/L4_the_journal_Write
=== RUN   TestDeliveryPath_CrashCutAtEveryStep/format_1,_the_v1_sidecar/L4_the_journal_Write/the_machine-crash_image
=== RUN   TestDeliveryPath_CrashCutAtEveryStep/format_1,_the_v1_sidecar/L4_the_journal_Write/torn:_the_WAL's_last_line
=== RUN   TestDeliveryPath_CrashCutAtEveryStep/format_1,_the_v1_sidecar/L5_the_journal_Sync
=== RUN   TestDeliveryPath_CrashCutAtEveryStep/format_1,_the_v1_sidecar/L5_the_journal_Sync/the_machine-crash_image
=== RUN   TestDeliveryPath_CrashCutAtEveryStep/format_1,_the_v1_sidecar/L5_the_journal_Sync/torn:_the_WAL's_last_line
=== RUN   TestDeliveryPath_CrashCutAtEveryStep/format_1,_the_v1_sidecar/L6_the_seal
=== RUN   TestDeliveryPath_CrashCutAtEveryStep/format_1,_the_v1_sidecar/L6_the_seal/the_machine-crash_image
=== RUN   TestDeliveryPath_CrashCutAtEveryStep/format_1,_the_v1_sidecar/L6_the_seal/torn:_the_WAL's_last_line
=== RUN   TestDeliveryPath_CrashCutAtEveryStep/format_1,_the_v1_sidecar/L6_the_seal/torn:_the_journal's_last_line
=== RUN   TestDeliveryPath_CrashCutAtEveryStep/format_1,_the_v1_sidecar/AK_after_Accept_returned,_before_the_ACK_byte
=== RUN   TestDeliveryPath_CrashCutAtEveryStep/format_1,_the_v1_sidecar/AK_after_Accept_returned,_before_the_ACK_byte/the_machine-crash_image
=== RUN   TestDeliveryPath_CrashCutAtEveryStep/format_1,_the_v1_sidecar/AK_after_Accept_returned,_before_the_ACK_byte/torn:_the_WAL's_last_line
=== RUN   TestDeliveryPath_CrashCutAtEveryStep/format_1,_the_v1_sidecar/AK_after_Accept_returned,_before_the_ACK_byte/torn:_the_journal's_last_line
=== RUN   TestDeliveryPath_CrashCutAtEveryStep/format_1,_the_v1_sidecar/K4_the_acknowledgement_Write
=== RUN   TestDeliveryPath_CrashCutAtEveryStep/format_1,_the_v1_sidecar/K4_the_acknowledgement_Write/the_machine-crash_image
=== RUN   TestDeliveryPath_CrashCutAtEveryStep/format_1,_the_v1_sidecar/K4_the_acknowledgement_Write/torn:_the_WAL's_last_line
=== RUN   TestDeliveryPath_CrashCutAtEveryStep/format_1,_the_v1_sidecar/K4_the_acknowledgement_Write/torn:_the_journal's_last_line
=== RUN   TestDeliveryPath_CrashCutAtEveryStep/format_1,_the_v1_sidecar/K5_the_acknowledgement_Sync
=== RUN   TestDeliveryPath_CrashCutAtEveryStep/format_1,_the_v1_sidecar/K5_the_acknowledgement_Sync/the_machine-crash_image
=== RUN   TestDeliveryPath_CrashCutAtEveryStep/format_1,_the_v1_sidecar/K5_the_acknowledgement_Sync/torn:_the_WAL's_last_line
=== RUN   TestDeliveryPath_CrashCutAtEveryStep/format_1,_the_v1_sidecar/K5_the_acknowledgement_Sync/torn:_the_journal's_last_line
=== RUN   TestDeliveryPath_CrashCutAtEveryStep/format_1,_the_v1_sidecar/K6_the_acknowledgement_seal
=== RUN   TestDeliveryPath_CrashCutAtEveryStep/format_1,_the_v1_sidecar/K6_the_acknowledgement_seal/the_machine-crash_image
=== RUN   TestDeliveryPath_CrashCutAtEveryStep/format_1,_the_v1_sidecar/K6_the_acknowledgement_seal/torn:_the_journal's_last_line
=== RUN   TestDeliveryPath_CrashCutAtEveryStep/format_1,_the_v1_sidecar/K6_the_acknowledgement_seal/torn:_the_WAL's_last_line
=== RUN   TestDeliveryPath_CrashCutAtEveryStep/format_2,_the_held_A/B_seal
=== RUN   TestDeliveryPath_CrashCutAtEveryStep/format_2,_the_held_A/B_seal/W1_the_WAL_batch's_Write
=== RUN   TestDeliveryPath_CrashCutAtEveryStep/format_2,_the_held_A/B_seal/W1_the_WAL_batch's_Write/the_machine-crash_image
=== RUN   TestDeliveryPath_CrashCutAtEveryStep/format_2,_the_held_A/B_seal/W1_the_WAL_batch's_Write/torn:_the_v2_slot_the_next_seal_targets
=== RUN   TestDeliveryPath_CrashCutAtEveryStep/format_2,_the_held_A/B_seal/W1_the_WAL_batch's_Write/torn:_the_v2_seal's_effective_slot
=== RUN   TestDeliveryPath_CrashCutAtEveryStep/format_2,_the_held_A/B_seal/W2_the_WAL_batch's_Sync
=== RUN   TestDeliveryPath_CrashCutAtEveryStep/format_2,_the_held_A/B_seal/W2_the_WAL_batch's_Sync/the_machine-crash_image
=== RUN   TestDeliveryPath_CrashCutAtEveryStep/format_2,_the_held_A/B_seal/W2_the_WAL_batch's_Sync/torn:_the_v2_seal's_effective_slot
=== RUN   TestDeliveryPath_CrashCutAtEveryStep/format_2,_the_held_A/B_seal/W2_the_WAL_batch's_Sync/torn:_the_v2_slot_the_next_seal_targets
=== RUN   TestDeliveryPath_CrashCutAtEveryStep/format_2,_the_held_A/B_seal/L4_the_journal_Write
=== RUN   TestDeliveryPath_CrashCutAtEveryStep/format_2,_the_held_A/B_seal/L4_the_journal_Write/the_machine-crash_image
=== RUN   TestDeliveryPath_CrashCutAtEveryStep/format_2,_the_held_A/B_seal/L4_the_journal_Write/torn:_the_WAL's_last_line
=== RUN   TestDeliveryPath_CrashCutAtEveryStep/format_2,_the_held_A/B_seal/L4_the_journal_Write/torn:_the_v2_slot_the_next_seal_targets
=== RUN   TestDeliveryPath_CrashCutAtEveryStep/format_2,_the_held_A/B_seal/L4_the_journal_Write/torn:_the_v2_seal's_effective_slot
=== RUN   TestDeliveryPath_CrashCutAtEveryStep/format_2,_the_held_A/B_seal/L5_the_journal_Sync
=== RUN   TestDeliveryPath_CrashCutAtEveryStep/format_2,_the_held_A/B_seal/L5_the_journal_Sync/the_machine-crash_image
=== RUN   TestDeliveryPath_CrashCutAtEveryStep/format_2,_the_held_A/B_seal/L5_the_journal_Sync/torn:_the_WAL's_last_line
=== RUN   TestDeliveryPath_CrashCutAtEveryStep/format_2,_the_held_A/B_seal/L5_the_journal_Sync/torn:_the_v2_slot_the_next_seal_targets
=== RUN   TestDeliveryPath_CrashCutAtEveryStep/format_2,_the_held_A/B_seal/L5_the_journal_Sync/torn:_the_v2_seal's_effective_slot
=== RUN   TestDeliveryPath_CrashCutAtEveryStep/format_2,_the_held_A/B_seal/L6_the_seal
=== RUN   TestDeliveryPath_CrashCutAtEveryStep/format_2,_the_held_A/B_seal/L6_the_seal/the_machine-crash_image
=== RUN   TestDeliveryPath_CrashCutAtEveryStep/format_2,_the_held_A/B_seal/L6_the_seal/torn:_the_WAL's_last_line
=== RUN   TestDeliveryPath_CrashCutAtEveryStep/format_2,_the_held_A/B_seal/L6_the_seal/torn:_the_journal's_last_line
=== RUN   TestDeliveryPath_CrashCutAtEveryStep/format_2,_the_held_A/B_seal/L6_the_seal/torn:_the_v2_slot_the_next_seal_targets
=== RUN   TestDeliveryPath_CrashCutAtEveryStep/format_2,_the_held_A/B_seal/L6_the_seal/torn:_the_v2_seal's_effective_slot
=== RUN   TestDeliveryPath_CrashCutAtEveryStep/format_2,_the_held_A/B_seal/L7_the_v2_slot's_SyncData
=== RUN   TestDeliveryPath_CrashCutAtEveryStep/format_2,_the_held_A/B_seal/L7_the_v2_slot's_SyncData/the_machine-crash_image
=== RUN   TestDeliveryPath_CrashCutAtEveryStep/format_2,_the_held_A/B_seal/L7_the_v2_slot's_SyncData/torn:_the_WAL's_last_line
=== RUN   TestDeliveryPath_CrashCutAtEveryStep/format_2,_the_held_A/B_seal/L7_the_v2_slot's_SyncData/torn:_the_journal's_last_line
=== RUN   TestDeliveryPath_CrashCutAtEveryStep/format_2,_the_held_A/B_seal/L7_the_v2_slot's_SyncData/torn:_the_v2_slot_the_next_seal_targets
=== RUN   TestDeliveryPath_CrashCutAtEveryStep/format_2,_the_held_A/B_seal/L7_the_v2_slot's_SyncData/torn:_the_v2_seal's_effective_slot
=== RUN   TestDeliveryPath_CrashCutAtEveryStep/format_2,_the_held_A/B_seal/L8_the_post-seal_identity_check
=== RUN   TestDeliveryPath_CrashCutAtEveryStep/format_2,_the_held_A/B_seal/L8_the_post-seal_identity_check/the_machine-crash_image
=== RUN   TestDeliveryPath_CrashCutAtEveryStep/format_2,_the_held_A/B_seal/L8_the_post-seal_identity_check/torn:_the_WAL's_last_line
=== RUN   TestDeliveryPath_CrashCutAtEveryStep/format_2,_the_held_A/B_seal/L8_the_post-seal_identity_check/torn:_the_journal's_last_line
=== RUN   TestDeliveryPath_CrashCutAtEveryStep/format_2,_the_held_A/B_seal/L8_the_post-seal_identity_check/torn:_the_v2_slot_the_next_seal_targets
=== RUN   TestDeliveryPath_CrashCutAtEveryStep/format_2,_the_held_A/B_seal/L8_the_post-seal_identity_check/torn:_the_v2_seal's_effective_slot
=== RUN   TestDeliveryPath_CrashCutAtEveryStep/format_2,_the_held_A/B_seal/AK_after_Accept_returned,_before_the_ACK_byte
=== RUN   TestDeliveryPath_CrashCutAtEveryStep/format_2,_the_held_A/B_seal/AK_after_Accept_returned,_before_the_ACK_byte/the_machine-crash_image
=== RUN   TestDeliveryPath_CrashCutAtEveryStep/format_2,_the_held_A/B_seal/AK_after_Accept_returned,_before_the_ACK_byte/torn:_the_WAL's_last_line
=== RUN   TestDeliveryPath_CrashCutAtEveryStep/format_2,_the_held_A/B_seal/AK_after_Accept_returned,_before_the_ACK_byte/torn:_the_journal's_last_line
=== RUN   TestDeliveryPath_CrashCutAtEveryStep/format_2,_the_held_A/B_seal/AK_after_Accept_returned,_before_the_ACK_byte/torn:_the_v2_slot_the_next_seal_targets
=== RUN   TestDeliveryPath_CrashCutAtEveryStep/format_2,_the_held_A/B_seal/AK_after_Accept_returned,_before_the_ACK_byte/torn:_the_v2_seal's_effective_slot
=== RUN   TestDeliveryPath_CrashCutAtEveryStep/format_2,_the_held_A/B_seal/K4_the_acknowledgement_Write
=== RUN   TestDeliveryPath_CrashCutAtEveryStep/format_2,_the_held_A/B_seal/K4_the_acknowledgement_Write/the_machine-crash_image
=== RUN   TestDeliveryPath_CrashCutAtEveryStep/format_2,_the_held_A/B_seal/K4_the_acknowledgement_Write/torn:_the_journal's_last_line
=== RUN   TestDeliveryPath_CrashCutAtEveryStep/format_2,_the_held_A/B_seal/K4_the_acknowledgement_Write/torn:_the_v2_slot_the_next_seal_targets
=== RUN   TestDeliveryPath_CrashCutAtEveryStep/format_2,_the_held_A/B_seal/K4_the_acknowledgement_Write/torn:_the_v2_seal's_effective_slot
=== RUN   TestDeliveryPath_CrashCutAtEveryStep/format_2,_the_held_A/B_seal/K4_the_acknowledgement_Write/torn:_the_WAL's_last_line
=== RUN   TestDeliveryPath_CrashCutAtEveryStep/format_2,_the_held_A/B_seal/K5_the_acknowledgement_Sync
=== RUN   TestDeliveryPath_CrashCutAtEveryStep/format_2,_the_held_A/B_seal/K5_the_acknowledgement_Sync/the_machine-crash_image
=== RUN   TestDeliveryPath_CrashCutAtEveryStep/format_2,_the_held_A/B_seal/K5_the_acknowledgement_Sync/torn:_the_WAL's_last_line
=== RUN   TestDeliveryPath_CrashCutAtEveryStep/format_2,_the_held_A/B_seal/K5_the_acknowledgement_Sync/torn:_the_journal's_last_line
=== RUN   TestDeliveryPath_CrashCutAtEveryStep/format_2,_the_held_A/B_seal/K5_the_acknowledgement_Sync/torn:_the_v2_slot_the_next_seal_targets
=== RUN   TestDeliveryPath_CrashCutAtEveryStep/format_2,_the_held_A/B_seal/K5_the_acknowledgement_Sync/torn:_the_v2_seal's_effective_slot
=== RUN   TestDeliveryPath_CrashCutAtEveryStep/format_2,_the_held_A/B_seal/K6_the_acknowledgement_seal
=== RUN   TestDeliveryPath_CrashCutAtEveryStep/format_2,_the_held_A/B_seal/K6_the_acknowledgement_seal/the_machine-crash_image
=== RUN   TestDeliveryPath_CrashCutAtEveryStep/format_2,_the_held_A/B_seal/K6_the_acknowledgement_seal/torn:_the_journal's_last_line
=== RUN   TestDeliveryPath_CrashCutAtEveryStep/format_2,_the_held_A/B_seal/K6_the_acknowledgement_seal/torn:_the_v2_slot_the_next_seal_targets
=== RUN   TestDeliveryPath_CrashCutAtEveryStep/format_2,_the_held_A/B_seal/K6_the_acknowledgement_seal/torn:_the_v2_seal's_effective_slot
=== RUN   TestDeliveryPath_CrashCutAtEveryStep/format_2,_the_held_A/B_seal/K6_the_acknowledgement_seal/torn:_the_WAL's_last_line
--- PASS: TestDeliveryPath_CrashCutAtEveryStep (19.36s)
    --- PASS: TestDeliveryPath_CrashCutAtEveryStep/format_1,_the_v1_sidecar (7.56s)
        --- PASS: TestDeliveryPath_CrashCutAtEveryStep/format_1,_the_v1_sidecar/W1_the_WAL_batch's_Write (0.91s)
            --- PASS: TestDeliveryPath_CrashCutAtEveryStep/format_1,_the_v1_sidecar/W1_the_WAL_batch's_Write/the_machine-crash_image (0.43s)
        --- PASS: TestDeliveryPath_CrashCutAtEveryStep/format_1,_the_v1_sidecar/W2_the_WAL_batch's_Sync (0.55s)
            --- PASS: TestDeliveryPath_CrashCutAtEveryStep/format_1,_the_v1_sidecar/W2_the_WAL_batch's_Sync/the_machine-crash_image (0.28s)
        --- PASS: TestDeliveryPath_CrashCutAtEveryStep/format_1,_the_v1_sidecar/L4_the_journal_Write (0.83s)
            --- PASS: TestDeliveryPath_CrashCutAtEveryStep/format_1,_the_v1_sidecar/L4_the_journal_Write/the_machine-crash_image (0.33s)
            --- PASS: TestDeliveryPath_CrashCutAtEveryStep/format_1,_the_v1_sidecar/L4_the_journal_Write/torn:_the_WAL's_last_line (0.31s)
        --- PASS: TestDeliveryPath_CrashCutAtEveryStep/format_1,_the_v1_sidecar/L5_the_journal_Sync (0.82s)
            --- PASS: TestDeliveryPath_CrashCutAtEveryStep/format_1,_the_v1_sidecar/L5_the_journal_Sync/the_machine-crash_image (0.32s)
            --- PASS: TestDeliveryPath_CrashCutAtEveryStep/format_1,_the_v1_sidecar/L5_the_journal_Sync/torn:_the_WAL's_last_line (0.32s)
        --- PASS: TestDeliveryPath_CrashCutAtEveryStep/format_1,_the_v1_sidecar/L6_the_seal (0.89s)
            --- PASS: TestDeliveryPath_CrashCutAtEveryStep/format_1,_the_v1_sidecar/L6_the_seal/the_machine-crash_image (0.30s)
            --- PASS: TestDeliveryPath_CrashCutAtEveryStep/format_1,_the_v1_sidecar/L6_the_seal/torn:_the_WAL's_last_line (0.28s)
            --- PASS: TestDeliveryPath_CrashCutAtEveryStep/format_1,_the_v1_sidecar/L6_the_seal/torn:_the_journal's_last_line (0.10s)
        --- PASS: TestDeliveryPath_CrashCutAtEveryStep/format_1,_the_v1_sidecar/AK_after_Accept_returned,_before_the_ACK_byte (0.89s)
            --- PASS: TestDeliveryPath_CrashCutAtEveryStep/format_1,_the_v1_sidecar/AK_after_Accept_returned,_before_the_ACK_byte/the_machine-crash_image (0.31s)
            --- PASS: TestDeliveryPath_CrashCutAtEveryStep/format_1,_the_v1_sidecar/AK_after_Accept_returned,_before_the_ACK_byte/torn:_the_WAL's_last_line (0.30s)
            --- PASS: TestDeliveryPath_CrashCutAtEveryStep/format_1,_the_v1_sidecar/AK_after_Accept_returned,_before_the_ACK_byte/torn:_the_journal's_last_line (0.05s)
        --- PASS: TestDeliveryPath_CrashCutAtEveryStep/format_1,_the_v1_sidecar/K4_the_acknowledgement_Write (0.87s)
            --- PASS: TestDeliveryPath_CrashCutAtEveryStep/format_1,_the_v1_sidecar/K4_the_acknowledgement_Write/the_machine-crash_image (0.28s)
            --- PASS: TestDeliveryPath_CrashCutAtEveryStep/format_1,_the_v1_sidecar/K4_the_acknowledgement_Write/torn:_the_WAL's_last_line (0.28s)
            --- PASS: TestDeliveryPath_CrashCutAtEveryStep/format_1,_the_v1_sidecar/K4_the_acknowledgement_Write/torn:_the_journal's_last_line (0.07s)
        --- PASS: TestDeliveryPath_CrashCutAtEveryStep/format_1,_the_v1_sidecar/K5_the_acknowledgement_Sync (0.93s)
            --- PASS: TestDeliveryPath_CrashCutAtEveryStep/format_1,_the_v1_sidecar/K5_the_acknowledgement_Sync/the_machine-crash_image (0.40s)
            --- PASS: TestDeliveryPath_CrashCutAtEveryStep/format_1,_the_v1_sidecar/K5_the_acknowledgement_Sync/torn:_the_WAL's_last_line (0.24s)
            --- PASS: TestDeliveryPath_CrashCutAtEveryStep/format_1,_the_v1_sidecar/K5_the_acknowledgement_Sync/torn:_the_journal's_last_line (0.05s)
        --- PASS: TestDeliveryPath_CrashCutAtEveryStep/format_1,_the_v1_sidecar/K6_the_acknowledgement_seal (0.87s)
            --- PASS: TestDeliveryPath_CrashCutAtEveryStep/format_1,_the_v1_sidecar/K6_the_acknowledgement_seal/the_machine-crash_image (0.29s)
            --- PASS: TestDeliveryPath_CrashCutAtEveryStep/format_1,_the_v1_sidecar/K6_the_acknowledgement_seal/torn:_the_journal's_last_line (0.07s)
            --- PASS: TestDeliveryPath_CrashCutAtEveryStep/format_1,_the_v1_sidecar/K6_the_acknowledgement_seal/torn:_the_WAL's_last_line (0.26s)
    --- PASS: TestDeliveryPath_CrashCutAtEveryStep/format_2,_the_held_A/B_seal (11.79s)
        --- PASS: TestDeliveryPath_CrashCutAtEveryStep/format_2,_the_held_A/B_seal/W1_the_WAL_batch's_Write (0.73s)
            --- PASS: TestDeliveryPath_CrashCutAtEveryStep/format_2,_the_held_A/B_seal/W1_the_WAL_batch's_Write/the_machine-crash_image (0.34s)
            --- PASS: TestDeliveryPath_CrashCutAtEveryStep/format_2,_the_held_A/B_seal/W1_the_WAL_batch's_Write/torn:_the_v2_slot_the_next_seal_targets (0.08s)
            --- PASS: TestDeliveryPath_CrashCutAtEveryStep/format_2,_the_held_A/B_seal/W1_the_WAL_batch's_Write/torn:_the_v2_seal's_effective_slot (0.09s)
        --- PASS: TestDeliveryPath_CrashCutAtEveryStep/format_2,_the_held_A/B_seal/W2_the_WAL_batch's_Sync (0.64s)
            --- PASS: TestDeliveryPath_CrashCutAtEveryStep/format_2,_the_held_A/B_seal/W2_the_WAL_batch's_Sync/the_machine-crash_image (0.28s)
            --- PASS: TestDeliveryPath_CrashCutAtEveryStep/format_2,_the_held_A/B_seal/W2_the_WAL_batch's_Sync/torn:_the_v2_seal's_effective_slot (0.08s)
            --- PASS: TestDeliveryPath_CrashCutAtEveryStep/format_2,_the_held_A/B_seal/W2_the_WAL_batch's_Sync/torn:_the_v2_slot_the_next_seal_targets (0.06s)
        --- PASS: TestDeliveryPath_CrashCutAtEveryStep/format_2,_the_held_A/B_seal/L4_the_journal_Write (1.69s)
            --- PASS: TestDeliveryPath_CrashCutAtEveryStep/format_2,_the_held_A/B_seal/L4_the_journal_Write/the_machine-crash_image (0.99s)
            --- PASS: TestDeliveryPath_CrashCutAtEveryStep/format_2,_the_held_A/B_seal/L4_the_journal_Write/torn:_the_WAL's_last_line (0.34s)
            --- PASS: TestDeliveryPath_CrashCutAtEveryStep/format_2,_the_held_A/B_seal/L4_the_journal_Write/torn:_the_v2_slot_the_next_seal_targets (0.08s)
            --- PASS: TestDeliveryPath_CrashCutAtEveryStep/format_2,_the_held_A/B_seal/L4_the_journal_Write/torn:_the_v2_seal's_effective_slot (0.08s)
        --- PASS: TestDeliveryPath_CrashCutAtEveryStep/format_2,_the_held_A/B_seal/L5_the_journal_Sync (0.93s)
            --- PASS: TestDeliveryPath_CrashCutAtEveryStep/format_2,_the_held_A/B_seal/L5_the_journal_Sync/the_machine-crash_image (0.29s)
            --- PASS: TestDeliveryPath_CrashCutAtEveryStep/format_2,_the_held_A/B_seal/L5_the_journal_Sync/torn:_the_WAL's_last_line (0.30s)
            --- PASS: TestDeliveryPath_CrashCutAtEveryStep/format_2,_the_held_A/B_seal/L5_the_journal_Sync/torn:_the_v2_slot_the_next_seal_targets (0.07s)
            --- PASS: TestDeliveryPath_CrashCutAtEveryStep/format_2,_the_held_A/B_seal/L5_the_journal_Sync/torn:_the_v2_seal's_effective_slot (0.09s)
        --- PASS: TestDeliveryPath_CrashCutAtEveryStep/format_2,_the_held_A/B_seal/L6_the_seal (1.21s)
            --- PASS: TestDeliveryPath_CrashCutAtEveryStep/format_2,_the_held_A/B_seal/L6_the_seal/the_machine-crash_image (0.29s)
            --- PASS: TestDeliveryPath_CrashCutAtEveryStep/format_2,_the_held_A/B_seal/L6_the_seal/torn:_the_WAL's_last_line (0.39s)
            --- PASS: TestDeliveryPath_CrashCutAtEveryStep/format_2,_the_held_A/B_seal/L6_the_seal/torn:_the_journal's_last_line (0.07s)
            --- PASS: TestDeliveryPath_CrashCutAtEveryStep/format_2,_the_held_A/B_seal/L6_the_seal/torn:_the_v2_slot_the_next_seal_targets (0.10s)
            --- PASS: TestDeliveryPath_CrashCutAtEveryStep/format_2,_the_held_A/B_seal/L6_the_seal/torn:_the_v2_seal's_effective_slot (0.12s)
        --- PASS: TestDeliveryPath_CrashCutAtEveryStep/format_2,_the_held_A/B_seal/L7_the_v2_slot's_SyncData (1.17s)
            --- PASS: TestDeliveryPath_CrashCutAtEveryStep/format_2,_the_held_A/B_seal/L7_the_v2_slot's_SyncData/the_machine-crash_image (0.32s)
            --- PASS: TestDeliveryPath_CrashCutAtEveryStep/format_2,_the_held_A/B_seal/L7_the_v2_slot's_SyncData/torn:_the_WAL's_last_line (0.30s)
            --- PASS: TestDeliveryPath_CrashCutAtEveryStep/format_2,_the_held_A/B_seal/L7_the_v2_slot's_SyncData/torn:_the_journal's_last_line (0.08s)
            --- PASS: TestDeliveryPath_CrashCutAtEveryStep/format_2,_the_held_A/B_seal/L7_the_v2_slot's_SyncData/torn:_the_v2_slot_the_next_seal_targets (0.09s)
            --- PASS: TestDeliveryPath_CrashCutAtEveryStep/format_2,_the_held_A/B_seal/L7_the_v2_slot's_SyncData/torn:_the_v2_seal's_effective_slot (0.12s)
        --- PASS: TestDeliveryPath_CrashCutAtEveryStep/format_2,_the_held_A/B_seal/L8_the_post-seal_identity_check (1.04s)
            --- PASS: TestDeliveryPath_CrashCutAtEveryStep/format_2,_the_held_A/B_seal/L8_the_post-seal_identity_check/the_machine-crash_image (0.28s)
            --- PASS: TestDeliveryPath_CrashCutAtEveryStep/format_2,_the_held_A/B_seal/L8_the_post-seal_identity_check/torn:_the_WAL's_last_line (0.29s)
            --- PASS: TestDeliveryPath_CrashCutAtEveryStep/format_2,_the_held_A/B_seal/L8_the_post-seal_identity_check/torn:_the_journal's_last_line (0.08s)
            --- PASS: TestDeliveryPath_CrashCutAtEveryStep/format_2,_the_held_A/B_seal/L8_the_post-seal_identity_check/torn:_the_v2_slot_the_next_seal_targets (0.09s)
            --- PASS: TestDeliveryPath_CrashCutAtEveryStep/format_2,_the_held_A/B_seal/L8_the_post-seal_identity_check/torn:_the_v2_seal's_effective_slot (0.07s)
        --- PASS: TestDeliveryPath_CrashCutAtEveryStep/format_2,_the_held_A/B_seal/AK_after_Accept_returned,_before_the_ACK_byte (1.04s)
            --- PASS: TestDeliveryPath_CrashCutAtEveryStep/format_2,_the_held_A/B_seal/AK_after_Accept_returned,_before_the_ACK_byte/the_machine-crash_image (0.29s)
            --- PASS: TestDeliveryPath_CrashCutAtEveryStep/format_2,_the_held_A/B_seal/AK_after_Accept_returned,_before_the_ACK_byte/torn:_the_WAL's_last_line (0.27s)
            --- PASS: TestDeliveryPath_CrashCutAtEveryStep/format_2,_the_held_A/B_seal/AK_after_Accept_returned,_before_the_ACK_byte/torn:_the_journal's_last_line (0.08s)
            --- PASS: TestDeliveryPath_CrashCutAtEveryStep/format_2,_the_held_A/B_seal/AK_after_Accept_returned,_before_the_ACK_byte/torn:_the_v2_slot_the_next_seal_targets (0.08s)
            --- PASS: TestDeliveryPath_CrashCutAtEveryStep/format_2,_the_held_A/B_seal/AK_after_Accept_returned,_before_the_ACK_byte/torn:_the_v2_seal's_effective_slot (0.07s)
        --- PASS: TestDeliveryPath_CrashCutAtEveryStep/format_2,_the_held_A/B_seal/K4_the_acknowledgement_Write (1.09s)
            --- PASS: TestDeliveryPath_CrashCutAtEveryStep/format_2,_the_held_A/B_seal/K4_the_acknowledgement_Write/the_machine-crash_image (0.32s)
            --- PASS: TestDeliveryPath_CrashCutAtEveryStep/format_2,_the_held_A/B_seal/K4_the_acknowledgement_Write/torn:_the_journal's_last_line (0.09s)
            --- PASS: TestDeliveryPath_CrashCutAtEveryStep/format_2,_the_held_A/B_seal/K4_the_acknowledgement_Write/torn:_the_v2_slot_the_next_seal_targets (0.10s)
            --- PASS: TestDeliveryPath_CrashCutAtEveryStep/format_2,_the_held_A/B_seal/K4_the_acknowledgement_Write/torn:_the_v2_seal's_effective_slot (0.09s)
            --- PASS: TestDeliveryPath_CrashCutAtEveryStep/format_2,_the_held_A/B_seal/K4_the_acknowledgement_Write/torn:_the_WAL's_last_line (0.26s)
        --- PASS: TestDeliveryPath_CrashCutAtEveryStep/format_2,_the_held_A/B_seal/K5_the_acknowledgement_Sync (1.17s)
            --- PASS: TestDeliveryPath_CrashCutAtEveryStep/format_2,_the_held_A/B_seal/K5_the_acknowledgement_Sync/the_machine-crash_image (0.32s)
            --- PASS: TestDeliveryPath_CrashCutAtEveryStep/format_2,_the_held_A/B_seal/K5_the_acknowledgement_Sync/torn:_the_WAL's_last_line (0.31s)
            --- PASS: TestDeliveryPath_CrashCutAtEveryStep/format_2,_the_held_A/B_seal/K5_the_acknowledgement_Sync/torn:_the_journal's_last_line (0.09s)
            --- PASS: TestDeliveryPath_CrashCutAtEveryStep/format_2,_the_held_A/B_seal/K5_the_acknowledgement_Sync/torn:_the_v2_slot_the_next_seal_targets (0.09s)
            --- PASS: TestDeliveryPath_CrashCutAtEveryStep/format_2,_the_held_A/B_seal/K5_the_acknowledgement_Sync/torn:_the_v2_seal's_effective_slot (0.09s)
        --- PASS: TestDeliveryPath_CrashCutAtEveryStep/format_2,_the_held_A/B_seal/K6_the_acknowledgement_seal (1.09s)
            --- PASS: TestDeliveryPath_CrashCutAtEveryStep/format_2,_the_held_A/B_seal/K6_the_acknowledgement_seal/the_machine-crash_image (0.29s)
            --- PASS: TestDeliveryPath_CrashCutAtEveryStep/format_2,_the_held_A/B_seal/K6_the_acknowledgement_seal/torn:_the_journal's_last_line (0.07s)
            --- PASS: TestDeliveryPath_CrashCutAtEveryStep/format_2,_the_held_A/B_seal/K6_the_acknowledgement_seal/torn:_the_v2_slot_the_next_seal_targets (0.09s)
            --- PASS: TestDeliveryPath_CrashCutAtEveryStep/format_2,_the_held_A/B_seal/K6_the_acknowledgement_seal/torn:_the_v2_seal's_effective_slot (0.09s)
            --- PASS: TestDeliveryPath_CrashCutAtEveryStep/format_2,_the_held_A/B_seal/K6_the_acknowledgement_seal/torn:_the_WAL's_last_line (0.25s)
=== RUN   TestDeliveryPath_CrashBeforeTheLeaseMintsExactlyOneIdentity
=== RUN   TestDeliveryPath_CrashBeforeTheLeaseMintsExactlyOneIdentity/format_1,_the_v1_sidecar
=== RUN   TestDeliveryPath_CrashBeforeTheLeaseMintsExactlyOneIdentity/format_2,_the_held_A/B_seal
--- PASS: TestDeliveryPath_CrashBeforeTheLeaseMintsExactlyOneIdentity (1.13s)
    --- PASS: TestDeliveryPath_CrashBeforeTheLeaseMintsExactlyOneIdentity/format_1,_the_v1_sidecar (0.63s)
    --- PASS: TestDeliveryPath_CrashBeforeTheLeaseMintsExactlyOneIdentity/format_2,_the_held_A/B_seal (0.49s)
=== RUN   TestDeliveryPath_WALCrashCutsLeaveOnlyWhatWasSynced
=== RUN   TestDeliveryPath_WALCrashCutsLeaveOnlyWhatWasSynced/a_Write_that_never_landed_leaves_the_segment_as_it_was
=== RUN   TestDeliveryPath_WALCrashCutsLeaveOnlyWhatWasSynced/a_Sync_that_never_returned_leaves_the_line_unacknowledged
--- PASS: TestDeliveryPath_WALCrashCutsLeaveOnlyWhatWasSynced (0.05s)
    --- PASS: TestDeliveryPath_WALCrashCutsLeaveOnlyWhatWasSynced/a_Write_that_never_landed_leaves_the_segment_as_it_was (0.03s)
    --- PASS: TestDeliveryPath_WALCrashCutsLeaveOnlyWhatWasSynced/a_Sync_that_never_returned_leaves_the_line_unacknowledged (0.02s)
=== RUN   TestDeliveryDiagnostics_EveryRotationIsLoudAndCounted
--- PASS: TestDeliveryDiagnostics_EveryRotationIsLoudAndCounted (0.97s)
=== RUN   TestDeliveryDiagnostics_RotationFinishedAtOpenIsReported
--- PASS: TestDeliveryDiagnostics_RotationFinishedAtOpenIsReported (1.34s)
=== RUN   TestDeliveryDiagnostics_FailedRotationIsLoudAndCounted
--- PASS: TestDeliveryDiagnostics_FailedRotationIsLoudAndCounted (0.69s)
=== RUN   TestDeliveryRollover_CarryPastItsBoundRefusesTheRotation
--- PASS: TestDeliveryRollover_CarryPastItsBoundRefusesTheRotation (0.60s)
=== RUN   TestDeliveryRollover_ACarryAlreadyPastItsBoundIsNamedAsSuch
--- PASS: TestDeliveryRollover_ACarryAlreadyPastItsBoundIsNamedAsSuch (1.00s)
=== RUN   TestDeliveryDiagnostics_FirstRotationIsAdvisedOnceBeforeItHappens
--- PASS: TestDeliveryDiagnostics_FirstRotationIsAdvisedOnceBeforeItHappens (1.58s)
=== RUN   TestDeliveryDiagnostics_FirstRotationAdviceByBytes
--- PASS: TestDeliveryDiagnostics_FirstRotationAdviceByBytes (0.34s)
=== RUN   TestDeliveryDiagnostics_FirstRotationAdviceAtOpen
--- PASS: TestDeliveryDiagnostics_FirstRotationAdviceAtOpen (0.53s)
=== RUN   TestDeliveryDiagnostics_FirstRotationAdviceRepeatsEachRun
--- PASS: TestDeliveryDiagnostics_FirstRotationAdviceRepeatsEachRun (0.64s)
=== RUN   TestDeliveryDiagnostics_AdviceWaitsForSomewhereToReport
--- PASS: TestDeliveryDiagnostics_AdviceWaitsForSomewhereToReport (0.38s)
=== RUN   TestDeliveryDiagnostics_StatusShowsTheRotationCounters
--- PASS: TestDeliveryDiagnostics_StatusShowsTheRotationCounters (0.82s)
=== RUN   TestDeliveryRollover_SegmentZeroIsFrozenBeforeItsTransitionCommits
--- PASS: TestDeliveryRollover_SegmentZeroIsFrozenBeforeItsTransitionCommits (0.65s)
=== RUN   TestDeliveryRollover_CrashBetweenFreezeAndTransitionFinishesTheRotation
--- PASS: TestDeliveryRollover_CrashBetweenFreezeAndTransitionFinishesTheRotation (0.79s)
=== RUN   TestDeliveryRollover_ArchivedLegacySegmentRefusesThePreSegmentReader
=== PAUSE TestDeliveryRollover_ArchivedLegacySegmentRefusesThePreSegmentReader
=== RUN   TestDeliveryRollover_ArchivedLegacySegmentIsRefrozenAtOpen
=== PAUSE TestDeliveryRollover_ArchivedLegacySegmentIsRefrozenAtOpen
=== RUN   TestDeliveryRollover_FrozenSealThatDisagreesWithItsJournalRefusesOpen
=== PAUSE TestDeliveryRollover_FrozenSealThatDisagreesWithItsJournalRefusesOpen
=== RUN   TestDeliveryRollover_FrozenSealOnTheActiveSegmentRefusesOpen
=== PAUSE TestDeliveryRollover_FrozenSealOnTheActiveSegmentRefusesOpen
=== RUN   TestDeliveryGeneration_V6_ImmutableNonceAndArrival
--- PASS: TestDeliveryGeneration_V6_ImmutableNonceAndArrival (0.16s)
=== RUN   TestDeliveryGeneration_V6_LogCapacityRefusesBeforeAppend
--- PASS: TestDeliveryGeneration_V6_LogCapacityRefusesBeforeAppend (0.03s)
=== RUN   TestDeliveryRollover_V6_DisabledMechanismCannotReopenLegacy
--- PASS: TestDeliveryRollover_V6_DisabledMechanismCannotReopenLegacy (0.23s)
=== RUN   TestDeliveryRollover_V6_BaseReadFailureIsNotFirstArrival
--- PASS: TestDeliveryRollover_V6_BaseReadFailureIsNotFirstArrival (0.00s)
=== RUN   TestDeliveryRollover_V6_MissingActiveAcknowledgementsAreNotRecreated
--- PASS: TestDeliveryRollover_V6_MissingActiveAcknowledgementsAreNotRecreated (0.67s)
=== RUN   TestDeliveryGeneration_ManyGenerationsAndReplayIdentity
=== PAUSE TestDeliveryGeneration_ManyGenerationsAndReplayIdentity
=== RUN   TestDeliveryGeneration_DormantSessionArrivalContinuity
=== PAUSE TestDeliveryGeneration_DormantSessionArrivalContinuity
=== RUN   TestDeliveryGeneration_ArchivedAckExactJoinAndCorruptionRefusal
--- PASS: TestDeliveryGeneration_ArchivedAckExactJoinAndCorruptionRefusal (0.12s)
=== RUN   TestDeliveryGeneration_OrderedByArrivalFrontier
--- PASS: TestDeliveryGeneration_OrderedByArrivalFrontier (0.39s)
=== RUN   TestDeliveryGeneration_TerminalArchivedLeaseResolves
=== PAUSE TestDeliveryGeneration_TerminalArchivedLeaseResolves
=== RUN   TestDeliveryGeneration_RestartAfterNewWrites
--- PASS: TestDeliveryGeneration_RestartAfterNewWrites (0.73s)
=== RUN   TestDeliveryGeneration_MissingHeadIsUnavailable
--- PASS: TestDeliveryGeneration_MissingHeadIsUnavailable (0.08s)
=== RUN   TestDeliveryGeneration_TornTailIsPreservedAndUnavailable
--- PASS: TestDeliveryGeneration_TornTailIsPreservedAndUnavailable (0.07s)
=== RUN   TestDeliveryGeneration_CompleteTailAfterLostHeadWriteIsAdopted
--- PASS: TestDeliveryGeneration_CompleteTailAfterLostHeadWriteIsAdopted (0.22s)
=== RUN   TestDeliveryGeneration_EmptyStoreIsAbsentNotUnavailable
--- PASS: TestDeliveryGeneration_EmptyStoreIsAbsentNotUnavailable (0.01s)
=== RUN   TestDeliveryGeneration_InvalidLeaseAndCancellation
--- PASS: TestDeliveryGeneration_InvalidLeaseAndCancellation (0.12s)
=== RUN   TestDeliveryGeneration_AckFrontierBlocksOnOldestPending
--- PASS: TestDeliveryGeneration_AckFrontierBlocksOnOldestPending (0.83s)
=== RUN   TestDeliveryGeneration_AckMembershipJoinIsExact
--- PASS: TestDeliveryGeneration_AckMembershipJoinIsExact (0.07s)
=== RUN   TestDeliveryGeneration_TerminalMembershipSettlesFrontier
--- PASS: TestDeliveryGeneration_TerminalMembershipSettlesFrontier (0.15s)
=== RUN   TestDeliveryGeneration_ConflictingHeadIsRefused
=== RUN   TestDeliveryGeneration_ConflictingHeadIsRefused/tampered_root
=== RUN   TestDeliveryGeneration_ConflictingHeadIsRefused/log_bytes_past_eof
=== RUN   TestDeliveryGeneration_ConflictingHeadIsRefused/last_len_past_boundary
--- PASS: TestDeliveryGeneration_ConflictingHeadIsRefused (0.44s)
    --- PASS: TestDeliveryGeneration_ConflictingHeadIsRefused/tampered_root (0.13s)
    --- PASS: TestDeliveryGeneration_ConflictingHeadIsRefused/log_bytes_past_eof (0.15s)
    --- PASS: TestDeliveryGeneration_ConflictingHeadIsRefused/last_len_past_boundary (0.15s)
=== RUN   TestDeliveryGeneration_FaultPoisonsQueriesFailClosed
--- PASS: TestDeliveryGeneration_FaultPoisonsQueriesFailClosed (0.06s)
=== RUN   TestDeliveryJournal_GenerationArchivesAdmittedLeaseWithItsWindow
=== PAUSE TestDeliveryJournal_GenerationArchivesAdmittedLeaseWithItsWindow
=== RUN   TestDeliveryJournal_GenerationResolvesArchivedRedelivery
--- PASS: TestDeliveryJournal_GenerationResolvesArchivedRedelivery (0.26s)
=== RUN   TestDeliveryJournal_GenerationContinuesArrivalsForAnArchivedSession
--- PASS: TestDeliveryJournal_GenerationContinuesArrivalsForAnArchivedSession (0.41s)
=== RUN   TestDeliveryJournal_GenerationAckArchivesWithItsWindowAndSettlesTheFrontier
=== PAUSE TestDeliveryJournal_GenerationAckArchivesWithItsWindowAndSettlesTheFrontier
=== RUN   TestDeliveryJournal_AccessorOwnershipIsRecheckedPerBatch
=== RUN   TestDeliveryJournal_AccessorOwnershipIsRecheckedPerBatch/a_lease_after_the_lock_was_replaced
=== RUN   TestDeliveryJournal_AccessorOwnershipIsRecheckedPerBatch/a_batch_queued_before_the_lock_was_replaced
--- PASS: TestDeliveryJournal_AccessorOwnershipIsRecheckedPerBatch (0.64s)
    --- PASS: TestDeliveryJournal_AccessorOwnershipIsRecheckedPerBatch/a_lease_after_the_lock_was_replaced (0.38s)
    --- PASS: TestDeliveryJournal_AccessorOwnershipIsRecheckedPerBatch/a_batch_queued_before_the_lock_was_replaced (0.26s)
=== RUN   TestCarriedDefect_SP20D4_CaptureContinuesPastTheOldEntryCapAcrossRestart
=== PAUSE TestCarriedDefect_SP20D4_CaptureContinuesPastTheOldEntryCapAcrossRestart
=== RUN   TestDeliveryJournal_LeaseSyncSerializesWithRelease
--- PASS: TestDeliveryJournal_LeaseSyncSerializesWithRelease (0.26s)
=== RUN   TestDeliveryJournal_UncertainAppendPoisonsUntilRecovery
=== RUN   TestDeliveryJournal_UncertainAppendPoisonsUntilRecovery/short_write
=== RUN   TestDeliveryJournal_UncertainAppendPoisonsUntilRecovery/sync_failure
=== RUN   TestDeliveryJournal_UncertainAppendPoisonsUntilRecovery/position_failure
--- PASS: TestDeliveryJournal_UncertainAppendPoisonsUntilRecovery (0.88s)
    --- PASS: TestDeliveryJournal_UncertainAppendPoisonsUntilRecovery/short_write (0.25s)
    --- PASS: TestDeliveryJournal_UncertainAppendPoisonsUntilRecovery/sync_failure (0.32s)
    --- PASS: TestDeliveryJournal_UncertainAppendPoisonsUntilRecovery/position_failure (0.31s)
=== RUN   TestDeliveryJournal_CloseFailureRetainsOwnership
--- PASS: TestDeliveryJournal_CloseFailureRetainsOwnership (0.20s)
=== RUN   TestDeliveryJournal_SealedPrefixCannotRewindOrChange
=== RUN   TestDeliveryJournal_SealedPrefixCannotRewindOrChange/truncate
=== RUN   TestDeliveryJournal_SealedPrefixCannotRewindOrChange/mutate
=== RUN   TestDeliveryJournal_SealedPrefixCannotRewindOrChange/missing_journal
=== RUN   TestDeliveryJournal_SealedPrefixCannotRewindOrChange/missing_position
--- PASS: TestDeliveryJournal_SealedPrefixCannotRewindOrChange (1.22s)
    --- PASS: TestDeliveryJournal_SealedPrefixCannotRewindOrChange/truncate (0.33s)
    --- PASS: TestDeliveryJournal_SealedPrefixCannotRewindOrChange/mutate (0.30s)
    --- PASS: TestDeliveryJournal_SealedPrefixCannotRewindOrChange/missing_journal (0.30s)
    --- PASS: TestDeliveryJournal_SealedPrefixCannotRewindOrChange/missing_position (0.30s)
=== RUN   TestDeliveryJournal_BoundsAndSequenceOverflowRefuseAdmission
--- PASS: TestDeliveryJournal_BoundsAndSequenceOverflowRefuseAdmission (0.28s)
=== RUN   TestDeliveryJournal_ConcurrentDeliveryRetriesShareOneAssignment
--- PASS: TestDeliveryJournal_ConcurrentDeliveryRetriesShareOneAssignment (0.24s)
=== RUN   TestDeliveryJournal_PositionCorruptionCannotBeRepairedByAnOpenWriter
=== RUN   TestDeliveryJournal_PositionCorruptionCannotBeRepairedByAnOpenWriter/missing
=== RUN   TestDeliveryJournal_PositionCorruptionCannotBeRepairedByAnOpenWriter/malformed
=== RUN   TestDeliveryJournal_PositionCorruptionCannotBeRepairedByAnOpenWriter/future
=== RUN   TestDeliveryJournal_PositionCorruptionCannotBeRepairedByAnOpenWriter/noncanonical
=== RUN   TestDeliveryJournal_PositionCorruptionCannotBeRepairedByAnOpenWriter/count
=== RUN   TestDeliveryJournal_PositionCorruptionCannotBeRepairedByAnOpenWriter/bytes
=== RUN   TestDeliveryJournal_PositionCorruptionCannotBeRepairedByAnOpenWriter/chain
--- PASS: TestDeliveryJournal_PositionCorruptionCannotBeRepairedByAnOpenWriter (1.87s)
    --- PASS: TestDeliveryJournal_PositionCorruptionCannotBeRepairedByAnOpenWriter/missing (0.25s)
    --- PASS: TestDeliveryJournal_PositionCorruptionCannotBeRepairedByAnOpenWriter/malformed (0.25s)
    --- PASS: TestDeliveryJournal_PositionCorruptionCannotBeRepairedByAnOpenWriter/future (0.27s)
    --- PASS: TestDeliveryJournal_PositionCorruptionCannotBeRepairedByAnOpenWriter/noncanonical (0.34s)
    --- PASS: TestDeliveryJournal_PositionCorruptionCannotBeRepairedByAnOpenWriter/count (0.25s)
    --- PASS: TestDeliveryJournal_PositionCorruptionCannotBeRepairedByAnOpenWriter/bytes (0.28s)
    --- PASS: TestDeliveryJournal_PositionCorruptionCannotBeRepairedByAnOpenWriter/chain (0.24s)
=== RUN   TestDeliveryJournal_FailedOpenRequiresOwnerReleaseBeforeRetry
--- PASS: TestDeliveryJournal_FailedOpenRequiresOwnerReleaseBeforeRetry (0.37s)
=== RUN   TestDeliveryJournal_RejectsOversizeJournalAndRecord
=== RUN   TestDeliveryJournal_RejectsOversizeJournalAndRecord/record
=== RUN   TestDeliveryJournal_RejectsOversizeJournalAndRecord/file
--- PASS: TestDeliveryJournal_RejectsOversizeJournalAndRecord (0.46s)
    --- PASS: TestDeliveryJournal_RejectsOversizeJournalAndRecord/record (0.24s)
    --- PASS: TestDeliveryJournal_RejectsOversizeJournalAndRecord/file (0.22s)
=== RUN   TestDeliveryJournal_BatchCommitsOneWriteOneSyncOneSeal
--- PASS: TestDeliveryJournal_BatchCommitsOneWriteOneSyncOneSeal (0.18s)
=== RUN   TestDeliveryJournal_NoLeaseReleasedBeforeItsBatchSeal
--- PASS: TestDeliveryJournal_NoLeaseReleasedBeforeItsBatchSeal (0.21s)
=== RUN   TestDeliveryJournal_ConcurrentRedeliveryJoinsPendingBatch
=== RUN   TestDeliveryJournal_ConcurrentRedeliveryJoinsPendingBatch/J1:_a_copy_later_in_the_same_batch_joins_the_mint
=== RUN   TestDeliveryJournal_ConcurrentRedeliveryJoinsPendingBatch/J3:_a_copy_queued_before_its_original's_batch_was_cut_joins_it
=== RUN   TestDeliveryJournal_ConcurrentRedeliveryJoinsPendingBatch/J2:_a_copy_queued_behind_its_original's_batch_is_answered_as_a_known_nonce
=== RUN   TestDeliveryJournal_ConcurrentRedeliveryJoinsPendingBatch/J2:_the_next_batch's_checkFile_gates_the_known-nonce_answer
=== RUN   TestDeliveryJournal_ConcurrentRedeliveryJoinsPendingBatch/J2_behind_a_failed_batch:_the_next_batch_refuses_on_the_fault
=== RUN   TestDeliveryJournal_ConcurrentRedeliveryJoinsPendingBatch/a_copy_with_another_binding_gets_the_fault_when_its_batch_fails
--- PASS: TestDeliveryJournal_ConcurrentRedeliveryJoinsPendingBatch (0.94s)
    --- PASS: TestDeliveryJournal_ConcurrentRedeliveryJoinsPendingBatch/J1:_a_copy_later_in_the_same_batch_joins_the_mint (0.19s)
    --- PASS: TestDeliveryJournal_ConcurrentRedeliveryJoinsPendingBatch/J3:_a_copy_queued_before_its_original's_batch_was_cut_joins_it (0.18s)
    --- PASS: TestDeliveryJournal_ConcurrentRedeliveryJoinsPendingBatch/J2:_a_copy_queued_behind_its_original's_batch_is_answered_as_a_known_nonce (0.16s)
    --- PASS: TestDeliveryJournal_ConcurrentRedeliveryJoinsPendingBatch/J2:_the_next_batch's_checkFile_gates_the_known-nonce_answer (0.15s)
    --- PASS: TestDeliveryJournal_ConcurrentRedeliveryJoinsPendingBatch/J2_behind_a_failed_batch:_the_next_batch_refuses_on_the_fault (0.12s)
    --- PASS: TestDeliveryJournal_ConcurrentRedeliveryJoinsPendingBatch/a_copy_with_another_binding_gets_the_fault_when_its_batch_fails (0.14s)
=== RUN   TestDeliveryJournal_BatchFailurePoisonsEveryDependentMember
=== RUN   TestDeliveryJournal_BatchFailurePoisonsEveryDependentMember/short_write
=== RUN   TestDeliveryJournal_BatchFailurePoisonsEveryDependentMember/sync_failure
=== RUN   TestDeliveryJournal_BatchFailurePoisonsEveryDependentMember/seal_failure
--- PASS: TestDeliveryJournal_BatchFailurePoisonsEveryDependentMember (0.85s)
    --- PASS: TestDeliveryJournal_BatchFailurePoisonsEveryDependentMember/short_write (0.22s)
    --- PASS: TestDeliveryJournal_BatchFailurePoisonsEveryDependentMember/sync_failure (0.36s)
    --- PASS: TestDeliveryJournal_BatchFailurePoisonsEveryDependentMember/seal_failure (0.28s)
=== RUN   TestDeliveryJournal_PanicInBatchPoisonsAndFailsEveryMember
=== RUN   TestDeliveryJournal_PanicInBatchPoisonsAndFailsEveryMember/a_panic_in_the_sync
=== RUN   TestDeliveryJournal_PanicInBatchPoisonsAndFailsEveryMember/a_panic_in_the_seal
--- PASS: TestDeliveryJournal_PanicInBatchPoisonsAndFailsEveryMember (0.64s)
    --- PASS: TestDeliveryJournal_PanicInBatchPoisonsAndFailsEveryMember/a_panic_in_the_sync (0.27s)
    --- PASS: TestDeliveryJournal_PanicInBatchPoisonsAndFailsEveryMember/a_panic_in_the_seal (0.36s)
=== RUN   TestDeliveryJournal_CheckRunsAfterEvaluationAndImmediatelyBeforeAppend
=== RUN   TestDeliveryJournal_CheckRunsAfterEvaluationAndImmediatelyBeforeAppend/the_order_of_a_committed_batch
=== RUN   TestDeliveryJournal_CheckRunsAfterEvaluationAndImmediatelyBeforeAppend/format_1,_the_v1_sidecar
=== RUN   TestDeliveryJournal_CheckRunsAfterEvaluationAndImmediatelyBeforeAppend/format_1,_the_v1_sidecar/position_missing_between_batches
=== RUN   TestDeliveryJournal_CheckRunsAfterEvaluationAndImmediatelyBeforeAppend/format_1,_the_v1_sidecar/position_missing_during_evaluation
=== RUN   TestDeliveryJournal_CheckRunsAfterEvaluationAndImmediatelyBeforeAppend/format_1,_the_v1_sidecar/position_malformed_between_batches
=== RUN   TestDeliveryJournal_CheckRunsAfterEvaluationAndImmediatelyBeforeAppend/format_1,_the_v1_sidecar/position_malformed_during_evaluation
=== RUN   TestDeliveryJournal_CheckRunsAfterEvaluationAndImmediatelyBeforeAppend/format_1,_the_v1_sidecar/journal_truncated_between_batches
=== RUN   TestDeliveryJournal_CheckRunsAfterEvaluationAndImmediatelyBeforeAppend/format_1,_the_v1_sidecar/journal_truncated_during_evaluation
=== RUN   TestDeliveryJournal_CheckRunsAfterEvaluationAndImmediatelyBeforeAppend/format_1,_the_v1_sidecar/journal_extended_between_batches
=== RUN   TestDeliveryJournal_CheckRunsAfterEvaluationAndImmediatelyBeforeAppend/format_1,_the_v1_sidecar/journal_extended_during_evaluation
=== RUN   TestDeliveryJournal_CheckRunsAfterEvaluationAndImmediatelyBeforeAppend/format_1,_the_v1_sidecar/position_future_version_between_batches
=== RUN   TestDeliveryJournal_CheckRunsAfterEvaluationAndImmediatelyBeforeAppend/format_1,_the_v1_sidecar/position_future_version_during_evaluation
=== RUN   TestDeliveryJournal_CheckRunsAfterEvaluationAndImmediatelyBeforeAppend/format_1,_the_v1_sidecar/position_noncanonical_between_batches
=== RUN   TestDeliveryJournal_CheckRunsAfterEvaluationAndImmediatelyBeforeAppend/format_1,_the_v1_sidecar/position_noncanonical_during_evaluation
=== RUN   TestDeliveryJournal_CheckRunsAfterEvaluationAndImmediatelyBeforeAppend/format_1,_the_v1_sidecar/position_count_between_batches
=== RUN   TestDeliveryJournal_CheckRunsAfterEvaluationAndImmediatelyBeforeAppend/format_1,_the_v1_sidecar/position_count_during_evaluation
=== RUN   TestDeliveryJournal_CheckRunsAfterEvaluationAndImmediatelyBeforeAppend/format_1,_the_v1_sidecar/position_bytes_between_batches
=== RUN   TestDeliveryJournal_CheckRunsAfterEvaluationAndImmediatelyBeforeAppend/format_1,_the_v1_sidecar/position_bytes_during_evaluation
=== RUN   TestDeliveryJournal_CheckRunsAfterEvaluationAndImmediatelyBeforeAppend/format_1,_the_v1_sidecar/position_chain_between_batches
=== RUN   TestDeliveryJournal_CheckRunsAfterEvaluationAndImmediatelyBeforeAppend/format_1,_the_v1_sidecar/position_chain_during_evaluation
=== RUN   TestDeliveryJournal_CheckRunsAfterEvaluationAndImmediatelyBeforeAppend/format_2,_the_held_A/B_seal
=== RUN   TestDeliveryJournal_CheckRunsAfterEvaluationAndImmediatelyBeforeAppend/format_2,_the_held_A/B_seal/position_missing_between_batches
=== RUN   TestDeliveryJournal_CheckRunsAfterEvaluationAndImmediatelyBeforeAppend/format_2,_the_held_A/B_seal/position_missing_during_evaluation
=== RUN   TestDeliveryJournal_CheckRunsAfterEvaluationAndImmediatelyBeforeAppend/format_2,_the_held_A/B_seal/position_malformed_between_batches
=== RUN   TestDeliveryJournal_CheckRunsAfterEvaluationAndImmediatelyBeforeAppend/format_2,_the_held_A/B_seal/position_malformed_during_evaluation
=== RUN   TestDeliveryJournal_CheckRunsAfterEvaluationAndImmediatelyBeforeAppend/format_2,_the_held_A/B_seal/journal_truncated_between_batches
=== RUN   TestDeliveryJournal_CheckRunsAfterEvaluationAndImmediatelyBeforeAppend/format_2,_the_held_A/B_seal/journal_truncated_during_evaluation
=== RUN   TestDeliveryJournal_CheckRunsAfterEvaluationAndImmediatelyBeforeAppend/format_2,_the_held_A/B_seal/journal_extended_between_batches
=== RUN   TestDeliveryJournal_CheckRunsAfterEvaluationAndImmediatelyBeforeAppend/format_2,_the_held_A/B_seal/journal_extended_during_evaluation
=== RUN   TestDeliveryJournal_CheckRunsAfterEvaluationAndImmediatelyBeforeAppend/format_2,_the_held_A/B_seal/position_future_version_between_batches
=== RUN   TestDeliveryJournal_CheckRunsAfterEvaluationAndImmediatelyBeforeAppend/format_2,_the_held_A/B_seal/position_future_version_during_evaluation
=== RUN   TestDeliveryJournal_CheckRunsAfterEvaluationAndImmediatelyBeforeAppend/format_2,_the_held_A/B_seal/position_noncanonical_between_batches
=== RUN   TestDeliveryJournal_CheckRunsAfterEvaluationAndImmediatelyBeforeAppend/format_2,_the_held_A/B_seal/position_noncanonical_during_evaluation
=== RUN   TestDeliveryJournal_CheckRunsAfterEvaluationAndImmediatelyBeforeAppend/format_2,_the_held_A/B_seal/position_count_between_batches
=== RUN   TestDeliveryJournal_CheckRunsAfterEvaluationAndImmediatelyBeforeAppend/format_2,_the_held_A/B_seal/position_count_during_evaluation
=== RUN   TestDeliveryJournal_CheckRunsAfterEvaluationAndImmediatelyBeforeAppend/format_2,_the_held_A/B_seal/position_bytes_between_batches
=== RUN   TestDeliveryJournal_CheckRunsAfterEvaluationAndImmediatelyBeforeAppend/format_2,_the_held_A/B_seal/position_bytes_during_evaluation
=== RUN   TestDeliveryJournal_CheckRunsAfterEvaluationAndImmediatelyBeforeAppend/format_2,_the_held_A/B_seal/position_chain_between_batches
=== RUN   TestDeliveryJournal_CheckRunsAfterEvaluationAndImmediatelyBeforeAppend/format_2,_the_held_A/B_seal/position_chain_during_evaluation
=== RUN   TestDeliveryJournal_CheckRunsAfterEvaluationAndImmediatelyBeforeAppend/format_2,_the_held_A/B_seal/position_replaced_by_a_copy_of_itself_between_batches
=== RUN   TestDeliveryJournal_CheckRunsAfterEvaluationAndImmediatelyBeforeAppend/format_2,_the_held_A/B_seal/position_replaced_by_a_copy_of_itself_during_evaluation
--- PASS: TestDeliveryJournal_CheckRunsAfterEvaluationAndImmediatelyBeforeAppend (13.06s)
    --- PASS: TestDeliveryJournal_CheckRunsAfterEvaluationAndImmediatelyBeforeAppend/the_order_of_a_committed_batch (0.48s)
    --- PASS: TestDeliveryJournal_CheckRunsAfterEvaluationAndImmediatelyBeforeAppend/format_1,_the_v1_sidecar (5.31s)
        --- PASS: TestDeliveryJournal_CheckRunsAfterEvaluationAndImmediatelyBeforeAppend/format_1,_the_v1_sidecar/position_missing_between_batches (0.22s)
        --- PASS: TestDeliveryJournal_CheckRunsAfterEvaluationAndImmediatelyBeforeAppend/format_1,_the_v1_sidecar/position_missing_during_evaluation (0.28s)
        --- PASS: TestDeliveryJournal_CheckRunsAfterEvaluationAndImmediatelyBeforeAppend/format_1,_the_v1_sidecar/position_malformed_between_batches (0.41s)
        --- PASS: TestDeliveryJournal_CheckRunsAfterEvaluationAndImmediatelyBeforeAppend/format_1,_the_v1_sidecar/position_malformed_during_evaluation (0.43s)
        --- PASS: TestDeliveryJournal_CheckRunsAfterEvaluationAndImmediatelyBeforeAppend/format_1,_the_v1_sidecar/journal_truncated_between_batches (0.43s)
        --- PASS: TestDeliveryJournal_CheckRunsAfterEvaluationAndImmediatelyBeforeAppend/format_1,_the_v1_sidecar/journal_truncated_during_evaluation (0.42s)
        --- PASS: TestDeliveryJournal_CheckRunsAfterEvaluationAndImmediatelyBeforeAppend/format_1,_the_v1_sidecar/journal_extended_between_batches (0.26s)
        --- PASS: TestDeliveryJournal_CheckRunsAfterEvaluationAndImmediatelyBeforeAppend/format_1,_the_v1_sidecar/journal_extended_during_evaluation (0.18s)
        --- PASS: TestDeliveryJournal_CheckRunsAfterEvaluationAndImmediatelyBeforeAppend/format_1,_the_v1_sidecar/position_future_version_between_batches (0.26s)
        --- PASS: TestDeliveryJournal_CheckRunsAfterEvaluationAndImmediatelyBeforeAppend/format_1,_the_v1_sidecar/position_future_version_during_evaluation (0.33s)
        --- PASS: TestDeliveryJournal_CheckRunsAfterEvaluationAndImmediatelyBeforeAppend/format_1,_the_v1_sidecar/position_noncanonical_between_batches (0.21s)
        --- PASS: TestDeliveryJournal_CheckRunsAfterEvaluationAndImmediatelyBeforeAppend/format_1,_the_v1_sidecar/position_noncanonical_during_evaluation (0.20s)
        --- PASS: TestDeliveryJournal_CheckRunsAfterEvaluationAndImmediatelyBeforeAppend/format_1,_the_v1_sidecar/position_count_between_batches (0.24s)
        --- PASS: TestDeliveryJournal_CheckRunsAfterEvaluationAndImmediatelyBeforeAppend/format_1,_the_v1_sidecar/position_count_during_evaluation (0.26s)
        --- PASS: TestDeliveryJournal_CheckRunsAfterEvaluationAndImmediatelyBeforeAppend/format_1,_the_v1_sidecar/position_bytes_between_batches (0.34s)
        --- PASS: TestDeliveryJournal_CheckRunsAfterEvaluationAndImmediatelyBeforeAppend/format_1,_the_v1_sidecar/position_bytes_during_evaluation (0.21s)
        --- PASS: TestDeliveryJournal_CheckRunsAfterEvaluationAndImmediatelyBeforeAppend/format_1,_the_v1_sidecar/position_chain_between_batches (0.42s)
        --- PASS: TestDeliveryJournal_CheckRunsAfterEvaluationAndImmediatelyBeforeAppend/format_1,_the_v1_sidecar/position_chain_during_evaluation (0.21s)
    --- PASS: TestDeliveryJournal_CheckRunsAfterEvaluationAndImmediatelyBeforeAppend/format_2,_the_held_A/B_seal (7.28s)
        --- PASS: TestDeliveryJournal_CheckRunsAfterEvaluationAndImmediatelyBeforeAppend/format_2,_the_held_A/B_seal/position_missing_between_batches (0.17s)
        --- PASS: TestDeliveryJournal_CheckRunsAfterEvaluationAndImmediatelyBeforeAppend/format_2,_the_held_A/B_seal/position_missing_during_evaluation (0.28s)
        --- PASS: TestDeliveryJournal_CheckRunsAfterEvaluationAndImmediatelyBeforeAppend/format_2,_the_held_A/B_seal/position_malformed_between_batches (0.19s)
        --- PASS: TestDeliveryJournal_CheckRunsAfterEvaluationAndImmediatelyBeforeAppend/format_2,_the_held_A/B_seal/position_malformed_during_evaluation (0.28s)
        --- PASS: TestDeliveryJournal_CheckRunsAfterEvaluationAndImmediatelyBeforeAppend/format_2,_the_held_A/B_seal/journal_truncated_between_batches (0.23s)
        --- PASS: TestDeliveryJournal_CheckRunsAfterEvaluationAndImmediatelyBeforeAppend/format_2,_the_held_A/B_seal/journal_truncated_during_evaluation (0.29s)
        --- PASS: TestDeliveryJournal_CheckRunsAfterEvaluationAndImmediatelyBeforeAppend/format_2,_the_held_A/B_seal/journal_extended_between_batches (0.21s)
        --- PASS: TestDeliveryJournal_CheckRunsAfterEvaluationAndImmediatelyBeforeAppend/format_2,_the_held_A/B_seal/journal_extended_during_evaluation (0.35s)
        --- PASS: TestDeliveryJournal_CheckRunsAfterEvaluationAndImmediatelyBeforeAppend/format_2,_the_held_A/B_seal/position_future_version_between_batches (0.41s)
        --- PASS: TestDeliveryJournal_CheckRunsAfterEvaluationAndImmediatelyBeforeAppend/format_2,_the_held_A/B_seal/position_future_version_during_evaluation (0.24s)
        --- PASS: TestDeliveryJournal_CheckRunsAfterEvaluationAndImmediatelyBeforeAppend/format_2,_the_held_A/B_seal/position_noncanonical_between_batches (0.23s)
        --- PASS: TestDeliveryJournal_CheckRunsAfterEvaluationAndImmediatelyBeforeAppend/format_2,_the_held_A/B_seal/position_noncanonical_during_evaluation (0.25s)
        --- PASS: TestDeliveryJournal_CheckRunsAfterEvaluationAndImmediatelyBeforeAppend/format_2,_the_held_A/B_seal/position_count_between_batches (0.19s)
        --- PASS: TestDeliveryJournal_CheckRunsAfterEvaluationAndImmediatelyBeforeAppend/format_2,_the_held_A/B_seal/position_count_during_evaluation (0.71s)
        --- PASS: TestDeliveryJournal_CheckRunsAfterEvaluationAndImmediatelyBeforeAppend/format_2,_the_held_A/B_seal/position_bytes_between_batches (0.43s)
        --- PASS: TestDeliveryJournal_CheckRunsAfterEvaluationAndImmediatelyBeforeAppend/format_2,_the_held_A/B_seal/position_bytes_during_evaluation (0.51s)
        --- PASS: TestDeliveryJournal_CheckRunsAfterEvaluationAndImmediatelyBeforeAppend/format_2,_the_held_A/B_seal/position_chain_between_batches (0.65s)
        --- PASS: TestDeliveryJournal_CheckRunsAfterEvaluationAndImmediatelyBeforeAppend/format_2,_the_held_A/B_seal/position_chain_during_evaluation (0.49s)
        --- PASS: TestDeliveryJournal_CheckRunsAfterEvaluationAndImmediatelyBeforeAppend/format_2,_the_held_A/B_seal/position_replaced_by_a_copy_of_itself_between_batches (0.79s)
        --- PASS: TestDeliveryJournal_CheckRunsAfterEvaluationAndImmediatelyBeforeAppend/format_2,_the_held_A/B_seal/position_replaced_by_a_copy_of_itself_during_evaluation (0.38s)
=== RUN   TestDeliveryJournal_ReleaseWaitsForInFlightBatchesAndFailsQueued
=== RUN   TestDeliveryJournal_ReleaseWaitsForInFlightBatchesAndFailsQueued/lease_pipeline
=== RUN   TestDeliveryJournal_ReleaseWaitsForInFlightBatchesAndFailsQueued/acknowledgement_pipeline
=== RUN   TestDeliveryJournal_ReleaseWaitsForInFlightBatchesAndFailsQueued/both_pipelines_at_once
--- PASS: TestDeliveryJournal_ReleaseWaitsForInFlightBatchesAndFailsQueued (1.00s)
    --- PASS: TestDeliveryJournal_ReleaseWaitsForInFlightBatchesAndFailsQueued/lease_pipeline (0.36s)
    --- PASS: TestDeliveryJournal_ReleaseWaitsForInFlightBatchesAndFailsQueued/acknowledgement_pipeline (0.33s)
    --- PASS: TestDeliveryJournal_ReleaseWaitsForInFlightBatchesAndFailsQueued/both_pipelines_at_once (0.31s)
=== RUN   TestDeliveryJournal_AnyFaultPoisonsBothPipelines
=== RUN   TestDeliveryJournal_AnyFaultPoisonsBothPipelines/a_lease_Write_that_wrote_nothing
=== RUN   TestDeliveryJournal_AnyFaultPoisonsBothPipelines/an_acknowledgement_Write_that_wrote_nothing
=== RUN   TestDeliveryJournal_AnyFaultPoisonsBothPipelines/an_acknowledgement_whose_Sync_failed
=== RUN   TestDeliveryJournal_AnyFaultPoisonsBothPipelines/an_acknowledgement_whose_seal_failed
=== RUN   TestDeliveryJournal_AnyFaultPoisonsBothPipelines/an_acknowledgement_batch_that_panicked
--- PASS: TestDeliveryJournal_AnyFaultPoisonsBothPipelines (2.52s)
    --- PASS: TestDeliveryJournal_AnyFaultPoisonsBothPipelines/a_lease_Write_that_wrote_nothing (0.35s)
    --- PASS: TestDeliveryJournal_AnyFaultPoisonsBothPipelines/an_acknowledgement_Write_that_wrote_nothing (0.34s)
    --- PASS: TestDeliveryJournal_AnyFaultPoisonsBothPipelines/an_acknowledgement_whose_Sync_failed (0.49s)
    --- PASS: TestDeliveryJournal_AnyFaultPoisonsBothPipelines/an_acknowledgement_whose_seal_failed (0.73s)
    --- PASS: TestDeliveryJournal_AnyFaultPoisonsBothPipelines/an_acknowledgement_batch_that_panicked (0.61s)
=== RUN   TestDeliveryJournal_BatchOwnArrivalOverflowIsABudgetRefusal
--- PASS: TestDeliveryJournal_BatchOwnArrivalOverflowIsABudgetRefusal (0.65s)
=== RUN   TestDeliveryJournal_BatchKeepsEachCallsCheckOrder
=== RUN   TestDeliveryJournal_BatchKeepsEachCallsCheckOrder/a_cancelled_context_is_answered_before_the_gate
=== RUN   TestDeliveryJournal_BatchKeepsEachCallsCheckOrder/the_gate_is_answered_before_validation
=== RUN   TestDeliveryJournal_BatchKeepsEachCallsCheckOrder/a_known_nonce_is_answered_before_the_budget
=== RUN   TestDeliveryJournal_BatchKeepsEachCallsCheckOrder/the_context_is_checked_again_before_the_Write
--- PASS: TestDeliveryJournal_BatchKeepsEachCallsCheckOrder (1.17s)
    --- PASS: TestDeliveryJournal_BatchKeepsEachCallsCheckOrder/a_cancelled_context_is_answered_before_the_gate (0.26s)
    --- PASS: TestDeliveryJournal_BatchKeepsEachCallsCheckOrder/the_gate_is_answered_before_validation (0.26s)
    --- PASS: TestDeliveryJournal_BatchKeepsEachCallsCheckOrder/a_known_nonce_is_answered_before_the_budget (0.38s)
    --- PASS: TestDeliveryJournal_BatchKeepsEachCallsCheckOrder/the_context_is_checked_again_before_the_Write (0.27s)
=== RUN   TestDeliveryJournal_AdmissionIsUnderStBesideAcknowledge
--- PASS: TestDeliveryJournal_AdmissionIsUnderStBesideAcknowledge (0.28s)
=== RUN   TestDeliveryJournal_BatchMatchesSequentialOutcomes
=== RUN   TestDeliveryJournal_BatchMatchesSequentialOutcomes/seed_0
=== RUN   TestDeliveryJournal_BatchMatchesSequentialOutcomes/seed_1
=== RUN   TestDeliveryJournal_BatchMatchesSequentialOutcomes/seed_2
=== RUN   TestDeliveryJournal_BatchMatchesSequentialOutcomes/seed_3
=== RUN   TestDeliveryJournal_BatchMatchesSequentialOutcomes/seed_4
=== RUN   TestDeliveryJournal_BatchMatchesSequentialOutcomes/seed_5
=== RUN   TestDeliveryJournal_BatchMatchesSequentialOutcomes/seed_6
=== RUN   TestDeliveryJournal_BatchMatchesSequentialOutcomes/seed_7
=== RUN   TestDeliveryJournal_BatchMatchesSequentialOutcomes/entries_cap,_seed_0
=== RUN   TestDeliveryJournal_BatchMatchesSequentialOutcomes/entries_cap,_seed_1
=== RUN   TestDeliveryJournal_BatchMatchesSequentialOutcomes/bytes_cap
--- PASS: TestDeliveryJournal_BatchMatchesSequentialOutcomes (12.61s)
    --- PASS: TestDeliveryJournal_BatchMatchesSequentialOutcomes/seed_0 (0.88s)
    --- PASS: TestDeliveryJournal_BatchMatchesSequentialOutcomes/seed_1 (0.88s)
    --- PASS: TestDeliveryJournal_BatchMatchesSequentialOutcomes/seed_2 (1.03s)
    --- PASS: TestDeliveryJournal_BatchMatchesSequentialOutcomes/seed_3 (1.08s)
    --- PASS: TestDeliveryJournal_BatchMatchesSequentialOutcomes/seed_4 (0.71s)
    --- PASS: TestDeliveryJournal_BatchMatchesSequentialOutcomes/seed_5 (1.50s)
    --- PASS: TestDeliveryJournal_BatchMatchesSequentialOutcomes/seed_6 (0.88s)
    --- PASS: TestDeliveryJournal_BatchMatchesSequentialOutcomes/seed_7 (0.57s)
    --- PASS: TestDeliveryJournal_BatchMatchesSequentialOutcomes/entries_cap,_seed_0 (0.74s)
    --- PASS: TestDeliveryJournal_BatchMatchesSequentialOutcomes/entries_cap,_seed_1 (1.24s)
    --- PASS: TestDeliveryJournal_BatchMatchesSequentialOutcomes/bytes_cap (3.09s)
=== RUN   TestDeliveryJournal_EqualRequestsHaveDistinctDeliveries
--- PASS: TestDeliveryJournal_EqualRequestsHaveDistinctDeliveries (0.49s)
=== RUN   TestDeliveryJournal_RetryDoesNotAppendAndTokenMustKeepItsBinding
=== RUN   TestDeliveryJournal_RetryDoesNotAppendAndTokenMustKeepItsBinding/request
=== RUN   TestDeliveryJournal_RetryDoesNotAppendAndTokenMustKeepItsBinding/session
--- PASS: TestDeliveryJournal_RetryDoesNotAppendAndTokenMustKeepItsBinding (0.57s)
    --- PASS: TestDeliveryJournal_RetryDoesNotAppendAndTokenMustKeepItsBinding/request (0.00s)
    --- PASS: TestDeliveryJournal_RetryDoesNotAppendAndTokenMustKeepItsBinding/session (0.00s)
=== RUN   TestDeliveryJournal_EmptySessionIsAValidIdentityScope
--- PASS: TestDeliveryJournal_EmptySessionIsAValidIdentityScope (0.27s)
=== RUN   TestDeliveryJournal_RejectsCanceledAndInvalidLeaseInputsWithoutAppending
=== RUN   TestDeliveryJournal_RejectsCanceledAndInvalidLeaseInputsWithoutAppending/empty_token
=== RUN   TestDeliveryJournal_RejectsCanceledAndInvalidLeaseInputsWithoutAppending/short_token
=== RUN   TestDeliveryJournal_RejectsCanceledAndInvalidLeaseInputsWithoutAppending/upper_case_token
=== RUN   TestDeliveryJournal_RejectsCanceledAndInvalidLeaseInputsWithoutAppending/zero_token
=== RUN   TestDeliveryJournal_RejectsCanceledAndInvalidLeaseInputsWithoutAppending/zero_request_hash
--- PASS: TestDeliveryJournal_RejectsCanceledAndInvalidLeaseInputsWithoutAppending (0.47s)
    --- PASS: TestDeliveryJournal_RejectsCanceledAndInvalidLeaseInputsWithoutAppending/empty_token (0.00s)
    --- PASS: TestDeliveryJournal_RejectsCanceledAndInvalidLeaseInputsWithoutAppending/short_token (0.00s)
    --- PASS: TestDeliveryJournal_RejectsCanceledAndInvalidLeaseInputsWithoutAppending/upper_case_token (0.00s)
    --- PASS: TestDeliveryJournal_RejectsCanceledAndInvalidLeaseInputsWithoutAppending/zero_token (0.00s)
    --- PASS: TestDeliveryJournal_RejectsCanceledAndInvalidLeaseInputsWithoutAppending/zero_request_hash (0.00s)
=== RUN   TestDeliveryJournal_IsSingletonPerLockAndStopsWithItsLock
--- PASS: TestDeliveryJournal_IsSingletonPerLockAndStopsWithItsLock (0.73s)
=== RUN   TestDeliveryJournal_ReplacedLockCannotReleaseOrLeaseForNewOwner
--- PASS: TestDeliveryJournal_ReplacedLockCannotReleaseOrLeaseForNewOwner (0.55s)
=== RUN   TestDeliveryJournal_RejectsUntrustworthyRowsWithoutChangingThem
=== RUN   TestDeliveryJournal_RejectsUntrustworthyRowsWithoutChangingThem/malformed
=== RUN   TestDeliveryJournal_RejectsUntrustworthyRowsWithoutChangingThem/torn_final_row
=== RUN   TestDeliveryJournal_RejectsUntrustworthyRowsWithoutChangingThem/future_version
=== RUN   TestDeliveryJournal_RejectsUntrustworthyRowsWithoutChangingThem/invalid_derived_identity
=== RUN   TestDeliveryJournal_RejectsUntrustworthyRowsWithoutChangingThem/duplicate_identical_delivery
=== RUN   TestDeliveryJournal_RejectsUntrustworthyRowsWithoutChangingThem/gapped_sequence
--- PASS: TestDeliveryJournal_RejectsUntrustworthyRowsWithoutChangingThem (0.53s)
    --- PASS: TestDeliveryJournal_RejectsUntrustworthyRowsWithoutChangingThem/malformed (0.10s)
    --- PASS: TestDeliveryJournal_RejectsUntrustworthyRowsWithoutChangingThem/torn_final_row (0.08s)
    --- PASS: TestDeliveryJournal_RejectsUntrustworthyRowsWithoutChangingThem/future_version (0.07s)
    --- PASS: TestDeliveryJournal_RejectsUntrustworthyRowsWithoutChangingThem/invalid_derived_identity (0.10s)
    --- PASS: TestDeliveryJournal_RejectsUntrustworthyRowsWithoutChangingThem/duplicate_identical_delivery (0.10s)
    --- PASS: TestDeliveryJournal_RejectsUntrustworthyRowsWithoutChangingThem/gapped_sequence (0.08s)
=== RUN   TestDeliveryJournal_OneSyncAndOneSealPerLease
--- PASS: TestDeliveryJournal_OneSyncAndOneSealPerLease (0.65s)
=== RUN   TestDeliveryMigration_MissingLegacyAnchorsDoNotRecreateIdentity
=== RUN   TestDeliveryMigration_MissingLegacyAnchorsDoNotRecreateIdentity/delivery-generations
=== RUN   TestDeliveryMigration_MissingLegacyAnchorsDoNotRecreateIdentity/delivery-journal.json
=== RUN   TestDeliveryMigration_MissingLegacyAnchorsDoNotRecreateIdentity/delivery-segments
--- PASS: TestDeliveryMigration_MissingLegacyAnchorsDoNotRecreateIdentity (0.26s)
    --- PASS: TestDeliveryMigration_MissingLegacyAnchorsDoNotRecreateIdentity/delivery-generations (0.13s)
    --- PASS: TestDeliveryMigration_MissingLegacyAnchorsDoNotRecreateIdentity/delivery-journal.json (0.05s)
    --- PASS: TestDeliveryMigration_MissingLegacyAnchorsDoNotRecreateIdentity/delivery-segments (0.08s)
=== RUN   TestDeliveryMigration_OrphanArtifactsPreserveLegacyAnchorsWithoutContinuing
--- PASS: TestDeliveryMigration_OrphanArtifactsPreserveLegacyAnchorsWithoutContinuing (0.38s)
=== RUN   TestDeliveryMigration_MissingAckAnchorsAreNotRecreated
--- PASS: TestDeliveryMigration_MissingAckAnchorsAreNotRecreated (0.36s)
=== RUN   TestDeliveryJournal_AcceptsTheNonceTheHookClientMints
--- PASS: TestDeliveryJournal_AcceptsTheNonceTheHookClientMints (0.34s)
=== RUN   TestDeliveryOrder_ArchiveReadsHoldNeitherJournalLock
=== PAUSE TestDeliveryOrder_ArchiveReadsHoldNeitherJournalLock
=== RUN   TestDeliveryOrder_ArchiveReadsFailClosed
=== PAUSE TestDeliveryOrder_ArchiveReadsFailClosed
=== RUN   TestDeliveryOrder_ArchiveReadsNeverRunAheadOfASettlement
=== PAUSE TestDeliveryOrder_ArchiveReadsNeverRunAheadOfASettlement
=== RUN   TestDeliveryOrder_AStuckSessionCannotTakeTheOtherSessionsLanes
--- PASS: TestDeliveryOrder_AStuckSessionCannotTakeTheOtherSessionsLanes (1.93s)
=== RUN   TestDeliveryOrder_ParkedLaneAsksForADrainRatherThanWaitingForIdle
--- PASS: TestDeliveryOrder_ParkedLaneAsksForADrainRatherThanWaitingForIdle (1.09s)
=== RUN   TestDeliveryOrder_LaneOverflowIsDrainedOnRequest
--- PASS: TestDeliveryOrder_LaneOverflowIsDrainedOnRequest (1.85s)
=== RUN   TestDeliveryOrder_FlushOverAnUnreadableFrontierIsCountedNotSilent
--- PASS: TestDeliveryOrder_FlushOverAnUnreadableFrontierIsCountedNotSilent (0.70s)
=== RUN   TestDeliveryOrder_FlushWaitsForABacklogThatKeepsPublishing
--- PASS: TestDeliveryOrder_FlushWaitsForABacklogThatKeepsPublishing (8.36s)
=== RUN   TestDispatchLanes_PerSessionBoundOverflowAndForget
--- PASS: TestDispatchLanes_PerSessionBoundOverflowAndForget (0.00s)
=== RUN   TestAwaitLaneQuiet_WaitsWhileTheLaneSettlesAndStopsWhenItStalls
--- PASS: TestAwaitLaneQuiet_WaitsWhileTheLaneSettlesAndStopsWhenItStalls (1.11s)
=== RUN   TestSettleSessionLimitNestsInsideTheFlushDeadlines
--- PASS: TestSettleSessionLimitNestsInsideTheFlushDeadlines (0.00s)
=== RUN   TestDeliveryOrder_DrainReleasesOnlySessionsItPublishedOrRetired
--- PASS: TestDeliveryOrder_DrainReleasesOnlySessionsItPublishedOrRetired (1.27s)
=== RUN   TestDeliveryOrder_LiveSameSessionArrivalsPublishWithoutDrain
--- PASS: TestDeliveryOrder_LiveSameSessionArrivalsPublishWithoutDrain (2.88s)
=== RUN   TestDeliveryOrder_LiveReversedRingOrderPublishesWithoutDrain
--- PASS: TestDeliveryOrder_LiveReversedRingOrderPublishesWithoutDrain (1.05s)
=== RUN   TestDeliveryOrder_LiveOtherSessionsAreNotSerialized
--- PASS: TestDeliveryOrder_LiveOtherSessionsAreNotSerialized (1.11s)
=== RUN   TestDeliveryOrder_DrainReleaseWakesParkedLiveSuccessor
--- PASS: TestDeliveryOrder_DrainReleaseWakesParkedLiveSuccessor (1.08s)
=== RUN   TestDeliveryOrder_LiveLanesAreBoundedAndOverflowIsLeftForTheDrain
--- PASS: TestDeliveryOrder_LiveLanesAreBoundedAndOverflowIsLeftForTheDrain (1.64s)
=== RUN   TestDeliveryOrder_LiveFailedHeadIsRetriedByTheNextArrivalNotSpun
--- PASS: TestDeliveryOrder_LiveFailedHeadIsRetriedByTheNextArrivalNotSpun (1.00s)
=== RUN   TestDispatchLanes_SignalsKeepTheOwnerFromParkingOnAStaleView
--- PASS: TestDispatchLanes_SignalsKeepTheOwnerFromParkingOnAStaleView (0.00s)
=== RUN   TestDeliveryOrder_DrainReleasesSessionsOnlyAfterItsPass
--- PASS: TestDeliveryOrder_DrainReleasesSessionsOnlyAfterItsPass (1.03s)
=== RUN   TestDeliveryOrder_FlushSettlesQueuedSessionEventsBeforeSessionEnd
--- PASS: TestDeliveryOrder_FlushSettlesQueuedSessionEventsBeforeSessionEnd (2.02s)
=== RUN   TestDeliveryOrder_FlushDrainsAParkedSessionBeforeSessionEnd
--- PASS: TestDeliveryOrder_FlushDrainsAParkedSessionBeforeSessionEnd (1.63s)
=== RUN   TestDeliveryOrder_FlushThatCannotSettleSaysSoAndLosesNothing
--- PASS: TestDeliveryOrder_FlushThatCannotSettleSaysSoAndLosesNothing (1.87s)
=== RUN   TestDeliveryOrder_PredecessorsAcknowledgedGate
--- PASS: TestDeliveryOrder_PredecessorsAcknowledgedGate (0.39s)
=== RUN   TestDeliveryOrder_DrainReversedWALvsLeaseOrder
--- PASS: TestDeliveryOrder_DrainReversedWALvsLeaseOrder (0.93s)
=== RUN   TestDeliveryOrder_UnreadableFrontierFailsClosed
--- PASS: TestDeliveryOrder_UnreadableFrontierFailsClosed (0.38s)
=== RUN   TestDeliveryOrder_MissingJournalGetterFailsClosed
--- PASS: TestDeliveryOrder_MissingJournalGetterFailsClosed (0.12s)
=== RUN   TestDeliveryOrder_UnreadableFrontierNoPublication
--- PASS: TestDeliveryOrder_UnreadableFrontierNoPublication (0.36s)
=== RUN   TestDeliveryOrder_DrainReversedPrefixBeyondBufferBoundDoesNotWedge
--- PASS: TestDeliveryOrder_DrainReversedPrefixBeyondBufferBoundDoesNotWedge (84.28s)
=== RUN   TestDeliveryOrder_DrainOrdersPerSessionIndependently
--- PASS: TestDeliveryOrder_DrainOrdersPerSessionIndependently (1.65s)
=== RUN   TestDeliveryOrder_DrainCancellationPreservesUnconsumed
--- PASS: TestDeliveryOrder_DrainCancellationPreservesUnconsumed (0.59s)
=== RUN   TestDeliveryOrder_LeasedDenyOnRetryPreservedPending
--- PASS: TestDeliveryOrder_LeasedDenyOnRetryPreservedPending (1.16s)
=== RUN   TestDeliveryPath_V6_ExtraStagedEvidenceRefusesAdoption
--- PASS: TestDeliveryPath_V6_ExtraStagedEvidenceRefusesAdoption (0.17s)
=== RUN   TestDeliveryPath_V6_RotationCloseFailureStopsTheLiveSwitch
=== PAUSE TestDeliveryPath_V6_RotationCloseFailureStopsTheLiveSwitch
=== RUN   TestDeliveryPath_V6_PagePublicationPreservesAConflictingDestination
--- PASS: TestDeliveryPath_V6_PagePublicationPreservesAConflictingDestination (0.04s)
=== RUN   TestDeliveryPath_V6_TransitionLimitRefusesBeforeAppend
--- PASS: TestDeliveryPath_V6_TransitionLimitRefusesBeforeAppend (0.04s)
=== RUN   TestDeliveryPath_V6_RefusesAliasedSegmentParent
--- PASS: TestDeliveryPath_V6_RefusesAliasedSegmentParent (0.08s)
=== RUN   TestDeliveryJournal_AcknowledgementIsTheCommittedFrontier
--- PASS: TestDeliveryJournal_AcknowledgementIsTheCommittedFrontier (0.61s)
=== RUN   TestDeliveryJournal_AcknowledgementSurvivesReopen
--- PASS: TestDeliveryJournal_AcknowledgementSurvivesReopen (0.56s)
=== RUN   TestDeliveryJournal_AcknowledgementAheadOfItsLeaseIsRefused
--- PASS: TestDeliveryJournal_AcknowledgementAheadOfItsLeaseIsRefused (0.41s)
=== RUN   TestDispatchOpDeniesBeforeAnythingIsPersisted
--- PASS: TestDispatchOpDeniesBeforeAnythingIsPersisted (0.01s)
=== RUN   TestDispatchOpRefusesAnUndecidableCapture
--- PASS: TestDispatchOpRefusesAnUndecidableCapture (0.01s)
=== RUN   TestDispatchOpPersistsADegradedCaptureAsEvidence
--- PASS: TestDispatchOpPersistsADegradedCaptureAsEvidence (0.36s)
=== RUN   TestDispatchOpObservesAnOversizePayloadAtTheShippedDefault
--- PASS: TestDispatchOpObservesAnOversizePayloadAtTheShippedDefault (0.49s)
=== RUN   TestDispatchOpAdmitsARequestThatCarriesNoDecision
--- PASS: TestDispatchOpAdmitsARequestThatCarriesNoDecision (0.01s)
=== RUN   TestAdmissionNeverRestoresRemovedContent
--- PASS: TestAdmissionNeverRestoresRemovedContent (0.01s)
=== RUN   TestEqualContentDeliveriesStayDistinct
--- PASS: TestEqualContentDeliveriesStayDistinct (0.55s)
=== RUN   TestRedeliveryOfOneNonceIsObservedOnce
--- PASS: TestRedeliveryOfOneNonceIsObservedOnce (0.52s)
=== RUN   TestPublicationOrderIsObjectReferenceFrontier
--- PASS: TestPublicationOrderIsObjectReferenceFrontier (0.51s)
=== RUN   TestDrainAdmitsAndAcknowledgesInheritedRecords
--- PASS: TestDrainAdmitsAndAcknowledgesInheritedRecords (0.44s)
=== RUN   TestDrainReportsGapsInsteadOfSilentCompleteness
--- PASS: TestDrainReportsGapsInsteadOfSilentCompleteness (0.11s)
=== RUN   TestSessionEndRecordsRecoveryNeeded
--- PASS: TestSessionEndRecordsRecoveryNeeded (0.40s)
=== RUN   TestBoundedQueueDropsRatherThanBlocks
--- PASS: TestBoundedQueueDropsRatherThanBlocks (37.91s)
=== RUN   TestCrashCutBetweenReferenceAndFrontierRedelivers
--- PASS: TestCrashCutBetweenReferenceAndFrontierRedelivers (3.47s)
=== RUN   TestDeliveryRadix_MergeEqualsSequentialUpdates
=== PAUSE TestDeliveryRadix_MergeEqualsSequentialUpdates
=== RUN   TestDeliveryRadix_MergeRefusesWhatUpdateRefuses
--- PASS: TestDeliveryRadix_MergeRefusesWhatUpdateRefuses (1.14s)
=== RUN   TestDeliveryGeneration_CommitPublishesOnePackPerGenerationWhateverItsSize
=== RUN   TestDeliveryGeneration_CommitPublishesOnePackPerGenerationWhateverItsSize/one-lease
=== RUN   TestDeliveryGeneration_CommitPublishesOnePackPerGenerationWhateverItsSize/four-hundred-leases
--- PASS: TestDeliveryGeneration_CommitPublishesOnePackPerGenerationWhateverItsSize (1.09s)
    --- PASS: TestDeliveryGeneration_CommitPublishesOnePackPerGenerationWhateverItsSize/one-lease (0.55s)
    --- PASS: TestDeliveryGeneration_CommitPublishesOnePackPerGenerationWhateverItsSize/four-hundred-leases (0.54s)
=== RUN   TestDeliveryRadix_TxnHoldsOnlyLivePages
--- PASS: TestDeliveryRadix_TxnHoldsOnlyLivePages (0.12s)
=== RUN   TestDeliveryRadix_UncommittedRootIsUnavailableToCommittedReaders
--- PASS: TestDeliveryRadix_UncommittedRootIsUnavailableToCommittedReaders (0.47s)
=== RUN   TestDeliveryRadix_TamperedLocationIsUnavailableNotAnotherPage
--- PASS: TestDeliveryRadix_TamperedLocationIsUnavailableNotAnotherPage (0.20s)
=== RUN   TestDeliveryRadix_TruncatedPackIsUnavailable
--- PASS: TestDeliveryRadix_TruncatedPackIsUnavailable (0.32s)
=== RUN   TestDeliveryRadix_OrphanPackAndStagingAreIgnoredAndPreserved
--- PASS: TestDeliveryRadix_OrphanPackAndStagingAreIgnoredAndPreserved (0.38s)
=== RUN   TestDeliveryRadix_ConflictingRootPointerIsPreserved
--- PASS: TestDeliveryRadix_ConflictingRootPointerIsPreserved (0.09s)
=== RUN   TestDeliveryRadix_EmptyTreeAbsence
--- PASS: TestDeliveryRadix_EmptyTreeAbsence (0.02s)
=== RUN   TestDeliveryRadix_ManyGenerationsOldRootsUsable
=== PAUSE TestDeliveryRadix_ManyGenerationsOldRootsUsable
=== RUN   TestDeliveryRadix_UpdateValueSameKey
--- PASS: TestDeliveryRadix_UpdateValueSameKey (0.17s)
=== RUN   TestDeliveryRadix_ReopenPersists
--- PASS: TestDeliveryRadix_ReopenPersists (1.96s)
=== RUN   TestDeliveryRadix_CollisionRefused
--- PASS: TestDeliveryRadix_CollisionRefused (0.25s)
=== RUN   TestDeliveryRadix_WrongRootAndCorruptPageAreUnavailable
--- PASS: TestDeliveryRadix_WrongRootAndCorruptPageAreUnavailable (0.35s)
=== RUN   TestDeliveryRadix_MissingDescendantIsUnavailableWithoutTouchingTheOther
--- PASS: TestDeliveryRadix_MissingDescendantIsUnavailableWithoutTouchingTheOther (0.39s)
=== RUN   TestDeliveryRadix_LookupDoesNotTouchAnIrrelevantCorruptBranch
--- PASS: TestDeliveryRadix_LookupDoesNotTouchAnIrrelevantCorruptBranch (0.33s)
=== RUN   TestDeliveryRadix_LongCommonPrefixCompressesAndProvesAbsence
--- PASS: TestDeliveryRadix_LongCommonPrefixCompressesAndProvesAbsence (0.28s)
=== RUN   TestDeliveryRadix_Cancellation
--- PASS: TestDeliveryRadix_Cancellation (0.10s)
=== RUN   TestDeliveryRadix_CrashOrphanLeavesOldGenerationsUsable
--- PASS: TestDeliveryRadix_CrashOrphanLeavesOldGenerationsUsable (0.71s)
=== RUN   TestDeliveryRadix_InputBounds
--- PASS: TestDeliveryRadix_InputBounds (0.01s)
=== RUN   TestDeliveryRadix_DecodeRejectsMalformedPages
=== RUN   TestDeliveryRadix_DecodeRejectsMalformedPages/leaf_trailing_byte
=== RUN   TestDeliveryRadix_DecodeRejectsMalformedPages/empty
=== RUN   TestDeliveryRadix_DecodeRejectsMalformedPages/too_short
=== RUN   TestDeliveryRadix_DecodeRejectsMalformedPages/bad_magic
=== RUN   TestDeliveryRadix_DecodeRejectsMalformedPages/unknown_version
=== RUN   TestDeliveryRadix_DecodeRejectsMalformedPages/unknown_kind
=== RUN   TestDeliveryRadix_DecodeRejectsMalformedPages/branch_zero_child
--- PASS: TestDeliveryRadix_DecodeRejectsMalformedPages (0.00s)
    --- PASS: TestDeliveryRadix_DecodeRejectsMalformedPages/leaf_trailing_byte (0.00s)
    --- PASS: TestDeliveryRadix_DecodeRejectsMalformedPages/empty (0.00s)
    --- PASS: TestDeliveryRadix_DecodeRejectsMalformedPages/too_short (0.00s)
    --- PASS: TestDeliveryRadix_DecodeRejectsMalformedPages/bad_magic (0.00s)
    --- PASS: TestDeliveryRadix_DecodeRejectsMalformedPages/unknown_version (0.00s)
    --- PASS: TestDeliveryRadix_DecodeRejectsMalformedPages/unknown_kind (0.00s)
    --- PASS: TestDeliveryRadix_DecodeRejectsMalformedPages/branch_zero_child (0.00s)
=== RUN   TestDeliveryReaders_V6_GCAtEveryRotationStepKeepsEveryUnsettledRoot
--- PASS: TestDeliveryReaders_V6_GCAtEveryRotationStepKeepsEveryUnsettledRoot (3.45s)
=== RUN   TestDeliveryReaders_V6_GCRetainsActiveAndArchivedLeases
=== PAUSE TestDeliveryReaders_V6_GCRetainsActiveAndArchivedLeases
=== RUN   TestDeliveryReaders_V6_BackupRestoresHistoryAndAcceptsLaterWrites
=== PAUSE TestDeliveryReaders_V6_BackupRestoresHistoryAndAcceptsLaterWrites
=== RUN   TestDeliveryReaders_V6_GCDuringLiveRotationsKeepsEveryArchivedUnsettledRoot
=== PAUSE TestDeliveryReaders_V6_GCDuringLiveRotationsKeepsEveryArchivedUnsettledRoot
=== RUN   TestDeliveryRollover_ArchiveRecordsExactlyWhatTheBatchCommitsRecord
=== PAUSE TestDeliveryRollover_ArchiveRecordsExactlyWhatTheBatchCommitsRecord
=== RUN   TestDeliveryRollover_ArchiveIsIdempotentAfterAnInterruptedAttempt
=== PAUSE TestDeliveryRollover_ArchiveIsIdempotentAfterAnInterruptedAttempt
=== RUN   TestDeliveryRollover_ArchiveRefusesAConflictingLease
=== PAUSE TestDeliveryRollover_ArchiveRefusesAConflictingLease
=== RUN   TestDeliveryRollover_HotPathLeavesTheGenerationStoreUntouched
=== PAUSE TestDeliveryRollover_HotPathLeavesTheGenerationStoreUntouched
=== RUN   TestDeliveryRollover_RotationArchivesTheWholeOutgoingWindow
=== PAUSE TestDeliveryRollover_RotationArchivesTheWholeOutgoingWindow
=== RUN   TestDeliveryRollover_ArchivedSettlementIsMirroredAtOnce
=== PAUSE TestDeliveryRollover_ArchivedSettlementIsMirroredAtOnce
=== RUN   TestDeliveryRollover_AcknowledgementJournalRotatesAtItsOwnThreshold
=== PAUSE TestDeliveryRollover_AcknowledgementJournalRotatesAtItsOwnThreshold
=== RUN   TestDeliveryRollover_RedeliveredAcknowledgementOfArchivedDeliveryAppendsNothing
=== PAUSE TestDeliveryRollover_RedeliveredAcknowledgementOfArchivedDeliveryAppendsNothing
=== RUN   TestDeliveryRollover_InterruptedRotationRollsForwardAtOpen
=== PAUSE TestDeliveryRollover_InterruptedRotationRollsForwardAtOpen
=== RUN   TestDeliveryRollover_ConcurrentCallersNeverSeeARotationAsABudgetRefusal
=== PAUSE TestDeliveryRollover_ConcurrentCallersNeverSeeARotationAsABudgetRefusal
=== RUN   TestDeliveryRollover_CrossesCapacitySeamAndAdvancesSegment
=== PAUSE TestDeliveryRollover_CrossesCapacitySeamAndAdvancesSegment
=== RUN   TestDeliveryRollover_SeventyLiveRotationsPreserveIdentity
=== PAUSE TestDeliveryRollover_SeventyLiveRotationsPreserveIdentity
=== RUN   TestDeliveryRollover_RestartAcrossRotation
=== PAUSE TestDeliveryRollover_RestartAcrossRotation
=== RUN   TestDeliveryRollover_DormantSessionContinuesArrivals
=== PAUSE TestDeliveryRollover_DormantSessionContinuesArrivals
=== RUN   TestDeliveryRollover_ArchivedAckExactJoinAndFrontierRetained
=== PAUSE TestDeliveryRollover_ArchivedAckExactJoinAndFrontierRetained
=== RUN   TestDeliverySeal_FormatTwoSealsEveryBatchInPlace
--- PASS: TestDeliverySeal_FormatTwoSealsEveryBatchInPlace (0.47s)
=== RUN   TestDeliverySeal_ConversionAndDowngrade
=== RUN   TestDeliverySeal_ConversionAndDowngrade/a_v1_project_converts,_but_only_after_a_load_that_succeeded
=== RUN   TestDeliverySeal_ConversionAndDowngrade/a_failed_load_leaves_the_v1_bytes_untouched:_a_torn_journal_tail
=== RUN   TestDeliverySeal_ConversionAndDowngrade/a_failed_load_leaves_the_v1_bytes_untouched:_a_position_that_names_a_count_the_journal_never_had
=== RUN   TestDeliverySeal_ConversionAndDowngrade/a_faulted_Release_writes_no_downgrade
=== RUN   TestDeliverySeal_ConversionAndDowngrade/a_Release_by_a_replaced_owner_writes_no_downgrade
=== RUN   TestDeliverySeal_ConversionAndDowngrade/a_format-1_build_converts_a_v2_file_back
--- PASS: TestDeliverySeal_ConversionAndDowngrade (3.49s)
    --- PASS: TestDeliverySeal_ConversionAndDowngrade/a_v1_project_converts,_but_only_after_a_load_that_succeeded (0.49s)
    --- PASS: TestDeliverySeal_ConversionAndDowngrade/a_failed_load_leaves_the_v1_bytes_untouched:_a_torn_journal_tail (0.27s)
    --- PASS: TestDeliverySeal_ConversionAndDowngrade/a_failed_load_leaves_the_v1_bytes_untouched:_a_position_that_names_a_count_the_journal_never_had (0.30s)
    --- PASS: TestDeliverySeal_ConversionAndDowngrade/a_faulted_Release_writes_no_downgrade (0.34s)
    --- PASS: TestDeliverySeal_ConversionAndDowngrade/a_Release_by_a_replaced_owner_writes_no_downgrade (0.66s)
    --- PASS: TestDeliverySeal_ConversionAndDowngrade/a_format-1_build_converts_a_v2_file_back (1.42s)
=== RUN   TestDeliveryJournal_RollbackDrillAcrossFormats
--- PASS: TestDeliveryJournal_RollbackDrillAcrossFormats (2.43s)
=== RUN   TestDeliverySeal_StepTwoTraceHoldsInFormatTwo
=== RUN   TestDeliverySeal_StepTwoTraceHoldsInFormatTwo/a_corrupted_position_cannot_be_repaired_by_an_open_writer:_truncated
=== RUN   TestDeliverySeal_StepTwoTraceHoldsInFormatTwo/a_corrupted_position_cannot_be_repaired_by_an_open_writer:_overwritten_with_a_v1_position_that_disagrees
=== RUN   TestDeliverySeal_StepTwoTraceHoldsInFormatTwo/a_corrupted_position_cannot_be_repaired_by_an_open_writer:_overwritten_with_the_journal's_own_v1_position
=== RUN   TestDeliverySeal_StepTwoTraceHoldsInFormatTwo/a_corrupted_position_cannot_be_repaired_by_an_open_writer:_removed
=== RUN   TestDeliverySeal_StepTwoTraceHoldsInFormatTwo/a_corrupted_position_cannot_be_repaired_by_an_open_writer:_replaced_by_a_copy_with_the_same_bytes
=== RUN   TestDeliverySeal_StepTwoTraceHoldsInFormatTwo/a_corrupted_position_cannot_be_repaired_by_an_open_writer:_a_digit_of_the_effective_record
=== RUN   TestDeliverySeal_StepTwoTraceHoldsInFormatTwo/a_corrupted_position_cannot_be_repaired_by_an_open_writer:_a_padding_byte
=== RUN   TestDeliverySeal_StepTwoTraceHoldsInFormatTwo/a_corrupted_position_cannot_be_repaired_by_an_open_writer:_a_static_byte
=== RUN   TestDeliverySeal_StepTwoTraceHoldsInFormatTwo/an_uncertain_append_poisons_until_recovery
=== RUN   TestDeliverySeal_StepTwoTraceHoldsInFormatTwo/a_lease_sync_serializes_with_release
=== RUN   TestDeliverySeal_StepTwoTraceHoldsInFormatTwo/a_close_failure_retains_ownership_and_leaves_v2_on_disk
=== RUN   TestDeliverySeal_StepTwoTraceHoldsInFormatTwo/a_v1_fixture_still_opens_a_format-2_build
--- PASS: TestDeliverySeal_StepTwoTraceHoldsInFormatTwo (12.15s)
    --- PASS: TestDeliverySeal_StepTwoTraceHoldsInFormatTwo/a_corrupted_position_cannot_be_repaired_by_an_open_writer:_truncated (1.07s)
    --- PASS: TestDeliverySeal_StepTwoTraceHoldsInFormatTwo/a_corrupted_position_cannot_be_repaired_by_an_open_writer:_overwritten_with_a_v1_position_that_disagrees (0.59s)
    --- PASS: TestDeliverySeal_StepTwoTraceHoldsInFormatTwo/a_corrupted_position_cannot_be_repaired_by_an_open_writer:_overwritten_with_the_journal's_own_v1_position (1.55s)
    --- PASS: TestDeliverySeal_StepTwoTraceHoldsInFormatTwo/a_corrupted_position_cannot_be_repaired_by_an_open_writer:_removed (0.60s)
    --- PASS: TestDeliverySeal_StepTwoTraceHoldsInFormatTwo/a_corrupted_position_cannot_be_repaired_by_an_open_writer:_replaced_by_a_copy_with_the_same_bytes (2.35s)
    --- PASS: TestDeliverySeal_StepTwoTraceHoldsInFormatTwo/a_corrupted_position_cannot_be_repaired_by_an_open_writer:_a_digit_of_the_effective_record (0.62s)
    --- PASS: TestDeliverySeal_StepTwoTraceHoldsInFormatTwo/a_corrupted_position_cannot_be_repaired_by_an_open_writer:_a_padding_byte (0.54s)
    --- PASS: TestDeliverySeal_StepTwoTraceHoldsInFormatTwo/a_corrupted_position_cannot_be_repaired_by_an_open_writer:_a_static_byte (0.75s)
    --- PASS: TestDeliverySeal_StepTwoTraceHoldsInFormatTwo/an_uncertain_append_poisons_until_recovery (1.63s)
    --- PASS: TestDeliverySeal_StepTwoTraceHoldsInFormatTwo/a_lease_sync_serializes_with_release (0.67s)
    --- PASS: TestDeliverySeal_StepTwoTraceHoldsInFormatTwo/a_close_failure_retains_ownership_and_leaves_v2_on_disk (0.29s)
    --- PASS: TestDeliverySeal_StepTwoTraceHoldsInFormatTwo/a_v1_fixture_still_opens_a_format-2_build (1.49s)
=== RUN   TestDeliveryJournal_CloseRetryAfterAFailedAckCloseReleasesOwnership
--- PASS: TestDeliveryJournal_CloseRetryAfterAFailedAckCloseReleasesOwnership (1.50s)
=== RUN   TestDeliveryJournal_CloseRetryAfterAFailedLeaseCloseReleasesOwnership
--- PASS: TestDeliveryJournal_CloseRetryAfterAFailedLeaseCloseReleasesOwnership (0.54s)
=== RUN   TestDeliverySeal_FormatOneRefusesAV2ImageAtEitherSidecar
=== RUN   TestDeliverySeal_FormatOneRefusesAV2ImageAtEitherSidecar/a_format-1_build_refuses_a_v2_image_at_its_lease_sidecar
=== RUN   TestDeliverySeal_FormatOneRefusesAV2ImageAtEitherSidecar/a_format-1_build_refuses_a_v2_image_at_its_acknowledgement_sidecar
--- PASS: TestDeliverySeal_FormatOneRefusesAV2ImageAtEitherSidecar (0.87s)
    --- PASS: TestDeliverySeal_FormatOneRefusesAV2ImageAtEitherSidecar/a_format-1_build_refuses_a_v2_image_at_its_lease_sidecar (0.45s)
    --- PASS: TestDeliverySeal_FormatOneRefusesAV2ImageAtEitherSidecar/a_format-1_build_refuses_a_v2_image_at_its_acknowledgement_sidecar (0.42s)
=== RUN   TestDeliverySeal_AFailedDowngradeIsRecordedAndStillReleases
--- PASS: TestDeliverySeal_AFailedDowngradeIsRecordedAndStillReleases (0.39s)
=== RUN   TestDeliverySeal_ACleanReleaseLeavesNoResidual
--- PASS: TestDeliverySeal_ACleanReleaseLeavesNoResidual (0.26s)
=== RUN   TestDeliverySeal_AResidualReachesTheOperatorFromStop
=== RUN   TestDeliverySeal_AResidualReachesTheOperatorFromStop/a_failed_downgrade_is_reported_once,_at_Warn,_naming_the_repair
=== RUN   TestDeliverySeal_AResidualReachesTheOperatorFromStop/a_clean_stop_says_nothing
--- PASS: TestDeliverySeal_AResidualReachesTheOperatorFromStop (0.70s)
    --- PASS: TestDeliverySeal_AResidualReachesTheOperatorFromStop/a_failed_downgrade_is_reported_once,_at_Warn,_naming_the_repair (0.43s)
    --- PASS: TestDeliverySeal_AResidualReachesTheOperatorFromStop/a_clean_stop_says_nothing (0.27s)
=== RUN   TestDeliverySealSegment_RuleRRepairsATornActiveSegmentSeal
=== PAUSE TestDeliverySealSegment_RuleRRepairsATornActiveSegmentSeal
=== RUN   TestDeliverySealSegment_RuleRNeverReachesAnArchivedSegment
=== PAUSE TestDeliverySealSegment_RuleRNeverReachesAnArchivedSegment
=== RUN   TestDeliverySealSegment_ConversionWithoutATornSlotIsStillRefused
=== PAUSE TestDeliverySealSegment_ConversionWithoutATornSlotIsStillRefused
=== RUN   TestDeliverySealSegment_RefusesCorruptActiveSegmentThatLegacyOnlyAccepts
=== PAUSE TestDeliverySealSegment_RefusesCorruptActiveSegmentThatLegacyOnlyAccepts
=== RUN   TestDeliverySealSegment_ValidMultiSegmentTreePasses
=== PAUSE TestDeliverySealSegment_ValidMultiSegmentTreePasses
=== RUN   TestDeliverySealSegment_ArchivedAckExactJoinPasses
=== PAUSE TestDeliverySealSegment_ArchivedAckExactJoinPasses
=== RUN   TestDeliverySealSegment_MissingActiveSegmentFilesRefused
=== PAUSE TestDeliverySealSegment_MissingActiveSegmentFilesRefused
=== RUN   TestDeliverySealSegment_MissingHeadRefused
=== PAUSE TestDeliverySealSegment_MissingHeadRefused
=== RUN   TestDeliverySealSegment_NewerAuthoritySchemaRefused
=== PAUSE TestDeliverySealSegment_NewerAuthoritySchemaRefused
=== RUN   TestDeliverySealSegment_ConversionRefusedPreservesBytes
=== PAUSE TestDeliverySealSegment_ConversionRefusedPreservesBytes
=== RUN   TestDeliverySealSegment_UnmigratedLegacyTreeStillChecks
--- PASS: TestDeliverySealSegment_UnmigratedLegacyTreeStillChecks (0.26s)
=== RUN   TestDeliverySealSegment_FreshStoreThatNeverRotatedChecks
--- PASS: TestDeliverySealSegment_FreshStoreThatNeverRotatedChecks (0.39s)
=== RUN   TestDeliverySealSegment_CorruptPredecessorPageWithFirstArrivalRefused
=== PAUSE TestDeliverySealSegment_CorruptPredecessorPageWithFirstArrivalRefused
=== RUN   TestDeliverySealSegment_TornGenerationManifestRefused
=== PAUSE TestDeliverySealSegment_TornGenerationManifestRefused
=== RUN   TestDeliverySealSegment_NonDenseActiveAuthorityRefused
--- PASS: TestDeliverySealSegment_NonDenseActiveAuthorityRefused (0.06s)
=== RUN   TestDeliverySealSegment_SegmentDirNotADirectoryRefused
=== PAUSE TestDeliverySealSegment_SegmentDirNotADirectoryRefused
=== RUN   TestDeliverySeal_V2IsOneJSONDocumentAndTheOldReaderRefusesIt
=== RUN   TestDeliverySeal_V2IsOneJSONDocumentAndTheOldReaderRefusesIt/layout
=== RUN   TestDeliverySeal_V2IsOneJSONDocumentAndTheOldReaderRefusesIt/lease
=== RUN   TestDeliverySeal_V2IsOneJSONDocumentAndTheOldReaderRefusesIt/ack
--- PASS: TestDeliverySeal_V2IsOneJSONDocumentAndTheOldReaderRefusesIt (0.49s)
    --- PASS: TestDeliverySeal_V2IsOneJSONDocumentAndTheOldReaderRefusesIt/layout (0.00s)
    --- PASS: TestDeliverySeal_V2IsOneJSONDocumentAndTheOldReaderRefusesIt/lease (0.21s)
    --- PASS: TestDeliverySeal_V2IsOneJSONDocumentAndTheOldReaderRefusesIt/ack (0.28s)
=== RUN   TestDeliverySeal_StrictSelectionTable
=== RUN   TestDeliverySeal_StrictSelectionTable/accepted
=== RUN   TestDeliverySeal_StrictSelectionTable/accepted/a_fresh_seq_1_beside_an_empty_b
=== RUN   TestDeliverySeal_StrictSelectionTable/accepted/a_converted_seq_1_beside_an_empty_b
=== RUN   TestDeliverySeal_StrictSelectionTable/accepted/a_seq_1_and_b_seq_2:_b_is_effective
=== RUN   TestDeliverySeal_StrictSelectionTable/accepted/a_fresh_seq_1_and_b_seq_2
=== RUN   TestDeliverySeal_StrictSelectionTable/accepted/a_seq_3_and_b_seq_2:_a_is_effective
=== RUN   TestDeliverySeal_StrictSelectionTable/accepted/far_along:_a_seq_1001_and_b_seq_1000
=== RUN   TestDeliverySeal_StrictSelectionTable/a_torn_slot:_a_new_record's_first_differing_byte_over_the_old_one
=== RUN   TestDeliverySeal_StrictSelectionTable/a_torn_slot:_half_a_new_record_over_the_old_one
=== RUN   TestDeliverySeal_StrictSelectionTable/a_torn_slot:_all_but_the_last_byte_of_a_new_record
=== RUN   TestDeliverySeal_StrictSelectionTable/a_slot_of_random_garbage
=== RUN   TestDeliverySeal_StrictSelectionTable/a_slot_of_zero_bytes,_as_a_hole_reads
=== RUN   TestDeliverySeal_StrictSelectionTable/an_empty_slot_beside_seq_3
=== RUN   TestDeliverySeal_StrictSelectionTable/an_empty_a_beside_a_valid_b
=== RUN   TestDeliverySeal_StrictSelectionTable/both_slots_empty
=== RUN   TestDeliverySeal_StrictSelectionTable/a_seq_gap:_1_and_4
=== RUN   TestDeliverySeal_StrictSelectionTable/a_seq_gap:_5_and_2
=== RUN   TestDeliverySeal_StrictSelectionTable/a_seq_gap:_3_and_6
=== RUN   TestDeliverySeal_StrictSelectionTable/parity:_seq_2_in_a,_summed_for_a,_beside_seq_3_in_b,_summed_for_b
=== RUN   TestDeliverySeal_StrictSelectionTable/parity:_seq_2_in_a,_summed_for_a,_beside_an_empty_b
=== RUN   TestDeliverySeal_StrictSelectionTable/parity:_seq_1_in_b,_summed_for_b,_beside_seq_2_in_a,_summed_for_a
=== RUN   TestDeliverySeal_StrictSelectionTable/slot_b's_record_copied_into_slot_a
=== RUN   TestDeliverySeal_StrictSelectionTable/slot_a's_record_copied_into_slot_b
=== RUN   TestDeliverySeal_StrictSelectionTable/a_seq-1_record_in_a_whose_sum_is_for_slot_b
=== RUN   TestDeliverySeal_StrictSelectionTable/a_non-canonical_record:_its_chain_spelled_as_bare_hex
=== RUN   TestDeliverySeal_StrictSelectionTable/a_non-canonical_record:_its_keys_reordered
=== RUN   TestDeliverySeal_StrictSelectionTable/a_non-canonical_record:_a_duplicated_key
=== RUN   TestDeliverySeal_StrictSelectionTable/a_non-canonical_record:_a_key_in_upper_case
=== RUN   TestDeliverySeal_StrictSelectionTable/a_non-canonical_record:_an_unknown_key
=== RUN   TestDeliverySeal_StrictSelectionTable/records_from_the_ack_journal
=== RUN   TestDeliverySeal_StrictSelectionTable/the_ack_journal's_fresh_file
=== RUN   TestDeliverySeal_StrictSelectionTable/an_older_record_with_as_many_bytes
=== RUN   TestDeliverySeal_StrictSelectionTable/an_older_record_with_as_many_entries
=== RUN   TestDeliverySeal_StrictSelectionTable/an_older_record_that_seals_more
=== RUN   TestDeliverySeal_StrictSelectionTable/rot_of_the_newest_slot:_one_hex_digit_of_its_chain
=== RUN   TestDeliverySeal_StrictSelectionTable/rot_of_the_newest_slot:_its_seq_digit
=== RUN   TestDeliverySeal_StrictSelectionTable/rot_of_the_newest_slot:_its_record_replaced_by_null
=== RUN   TestDeliverySeal_StrictSelectionTable/rot_of_the_newest_slot:_a_torn_record
=== RUN   TestDeliverySeal_StrictSelectionTable/a_static_byte:_the_document's_first
=== RUN   TestDeliverySeal_StrictSelectionTable/a_static_byte:_the_version
=== RUN   TestDeliverySeal_StrictSelectionTable/a_static_byte:_the_padding_right_after_slot_a
=== RUN   TestDeliverySeal_StrictSelectionTable/a_static_byte:_the_last_before_the_second_stride
=== RUN   TestDeliverySeal_StrictSelectionTable/a_static_byte:_slot_b's_prefix
=== RUN   TestDeliverySeal_StrictSelectionTable/a_static_byte:_the_padding_right_after_slot_b
=== RUN   TestDeliverySeal_StrictSelectionTable/a_static_byte:_the_closing_brace
=== RUN   TestDeliverySeal_StrictSelectionTable/padding:_a_byte_right_after_slot_a's_record
=== RUN   TestDeliverySeal_StrictSelectionTable/padding:_slot_a's_last_byte
=== RUN   TestDeliverySeal_StrictSelectionTable/padding:_a_NUL_after_slot_b's_record
=== RUN   TestDeliverySeal_StrictSelectionTable/padding:_a_newline_after_slot_b's_record
=== RUN   TestDeliverySeal_StrictSelectionTable/padding:_a_space_before_slot_a's_record
=== RUN   TestDeliverySeal_StrictSelectionTable/the_wrong_size:_one_byte_short
=== RUN   TestDeliverySeal_StrictSelectionTable/the_wrong_size:_one_byte_long
=== RUN   TestDeliverySeal_StrictSelectionTable/the_wrong_size:_empty
=== RUN   TestDeliverySeal_StrictSelectionTable/a_v1_position_file
=== RUN   TestDeliverySeal_StrictSelectionTable/a_static_byte_at_offset_12859
=== RUN   TestDeliverySeal_StrictSelectionTable/a_static_byte_at_offset_19515
=== RUN   TestDeliverySeal_StrictSelectionTable/a_static_byte_at_offset_21137
=== RUN   TestDeliverySeal_StrictSelectionTable/a_static_byte_at_offset_8292
=== RUN   TestDeliverySeal_StrictSelectionTable/a_static_byte_at_offset_8137
=== RUN   TestDeliverySeal_StrictSelectionTable/a_static_byte_at_offset_9891
=== RUN   TestDeliverySeal_StrictSelectionTable/a_static_byte_at_offset_4113
=== RUN   TestDeliverySeal_StrictSelectionTable/a_static_byte_at_offset_15696
=== RUN   TestDeliverySeal_StrictSelectionTable/a_static_byte_at_offset_586
=== RUN   TestDeliverySeal_StrictSelectionTable/a_static_byte_at_offset_13037
=== RUN   TestDeliverySeal_StrictSelectionTable/a_static_byte_at_offset_18263
=== RUN   TestDeliverySeal_StrictSelectionTable/a_static_byte_at_offset_17861
=== RUN   TestDeliverySeal_StrictSelectionTable/a_static_byte_at_offset_2517
=== RUN   TestDeliverySeal_StrictSelectionTable/a_static_byte_at_offset_32198
=== RUN   TestDeliverySeal_StrictSelectionTable/a_static_byte_at_offset_9046
=== RUN   TestDeliverySeal_StrictSelectionTable/a_static_byte_at_offset_24536
=== RUN   TestDeliverySeal_StrictSelectionTable/a_static_byte_at_offset_13462
--- PASS: TestDeliverySeal_StrictSelectionTable (1.54s)
    --- PASS: TestDeliverySeal_StrictSelectionTable/accepted (0.00s)
        --- PASS: TestDeliverySeal_StrictSelectionTable/accepted/a_fresh_seq_1_beside_an_empty_b (0.00s)
        --- PASS: TestDeliverySeal_StrictSelectionTable/accepted/a_converted_seq_1_beside_an_empty_b (0.00s)
        --- PASS: TestDeliverySeal_StrictSelectionTable/accepted/a_seq_1_and_b_seq_2:_b_is_effective (0.00s)
        --- PASS: TestDeliverySeal_StrictSelectionTable/accepted/a_fresh_seq_1_and_b_seq_2 (0.00s)
        --- PASS: TestDeliverySeal_StrictSelectionTable/accepted/a_seq_3_and_b_seq_2:_a_is_effective (0.00s)
        --- PASS: TestDeliverySeal_StrictSelectionTable/accepted/far_along:_a_seq_1001_and_b_seq_1000 (0.00s)
    --- PASS: TestDeliverySeal_StrictSelectionTable/a_torn_slot:_a_new_record's_first_differing_byte_over_the_old_one (0.03s)
    --- PASS: TestDeliverySeal_StrictSelectionTable/a_torn_slot:_half_a_new_record_over_the_old_one (0.03s)
    --- PASS: TestDeliverySeal_StrictSelectionTable/a_torn_slot:_all_but_the_last_byte_of_a_new_record (0.02s)
    --- PASS: TestDeliverySeal_StrictSelectionTable/a_slot_of_random_garbage (0.02s)
    --- PASS: TestDeliverySeal_StrictSelectionTable/a_slot_of_zero_bytes,_as_a_hole_reads (0.02s)
    --- PASS: TestDeliverySeal_StrictSelectionTable/an_empty_slot_beside_seq_3 (0.02s)
    --- PASS: TestDeliverySeal_StrictSelectionTable/an_empty_a_beside_a_valid_b (0.02s)
    --- PASS: TestDeliverySeal_StrictSelectionTable/both_slots_empty (0.02s)
    --- PASS: TestDeliverySeal_StrictSelectionTable/a_seq_gap:_1_and_4 (0.07s)
    --- PASS: TestDeliverySeal_StrictSelectionTable/a_seq_gap:_5_and_2 (0.02s)
    --- PASS: TestDeliverySeal_StrictSelectionTable/a_seq_gap:_3_and_6 (0.02s)
    --- PASS: TestDeliverySeal_StrictSelectionTable/parity:_seq_2_in_a,_summed_for_a,_beside_seq_3_in_b,_summed_for_b (0.02s)
    --- PASS: TestDeliverySeal_StrictSelectionTable/parity:_seq_2_in_a,_summed_for_a,_beside_an_empty_b (0.02s)
    --- PASS: TestDeliverySeal_StrictSelectionTable/parity:_seq_1_in_b,_summed_for_b,_beside_seq_2_in_a,_summed_for_a (0.02s)
    --- PASS: TestDeliverySeal_StrictSelectionTable/slot_b's_record_copied_into_slot_a (0.02s)
    --- PASS: TestDeliverySeal_StrictSelectionTable/slot_a's_record_copied_into_slot_b (0.04s)
    --- PASS: TestDeliverySeal_StrictSelectionTable/a_seq-1_record_in_a_whose_sum_is_for_slot_b (0.02s)
    --- PASS: TestDeliverySeal_StrictSelectionTable/a_non-canonical_record:_its_chain_spelled_as_bare_hex (0.08s)
    --- PASS: TestDeliverySeal_StrictSelectionTable/a_non-canonical_record:_its_keys_reordered (0.03s)
    --- PASS: TestDeliverySeal_StrictSelectionTable/a_non-canonical_record:_a_duplicated_key (0.03s)
    --- PASS: TestDeliverySeal_StrictSelectionTable/a_non-canonical_record:_a_key_in_upper_case (0.04s)
    --- PASS: TestDeliverySeal_StrictSelectionTable/a_non-canonical_record:_an_unknown_key (0.02s)
    --- PASS: TestDeliverySeal_StrictSelectionTable/records_from_the_ack_journal (0.02s)
    --- PASS: TestDeliverySeal_StrictSelectionTable/the_ack_journal's_fresh_file (0.02s)
    --- PASS: TestDeliverySeal_StrictSelectionTable/an_older_record_with_as_many_bytes (0.02s)
    --- PASS: TestDeliverySeal_StrictSelectionTable/an_older_record_with_as_many_entries (0.02s)
    --- PASS: TestDeliverySeal_StrictSelectionTable/an_older_record_that_seals_more (0.02s)
    --- PASS: TestDeliverySeal_StrictSelectionTable/rot_of_the_newest_slot:_one_hex_digit_of_its_chain (0.02s)
    --- PASS: TestDeliverySeal_StrictSelectionTable/rot_of_the_newest_slot:_its_seq_digit (0.02s)
    --- PASS: TestDeliverySeal_StrictSelectionTable/rot_of_the_newest_slot:_its_record_replaced_by_null (0.02s)
    --- PASS: TestDeliverySeal_StrictSelectionTable/rot_of_the_newest_slot:_a_torn_record (0.02s)
    --- PASS: TestDeliverySeal_StrictSelectionTable/a_static_byte:_the_document's_first (0.02s)
    --- PASS: TestDeliverySeal_StrictSelectionTable/a_static_byte:_the_version (0.02s)
    --- PASS: TestDeliverySeal_StrictSelectionTable/a_static_byte:_the_padding_right_after_slot_a (0.02s)
    --- PASS: TestDeliverySeal_StrictSelectionTable/a_static_byte:_the_last_before_the_second_stride (0.02s)
    --- PASS: TestDeliverySeal_StrictSelectionTable/a_static_byte:_slot_b's_prefix (0.01s)
    --- PASS: TestDeliverySeal_StrictSelectionTable/a_static_byte:_the_padding_right_after_slot_b (0.02s)
    --- PASS: TestDeliverySeal_StrictSelectionTable/a_static_byte:_the_closing_brace (0.02s)
    --- PASS: TestDeliverySeal_StrictSelectionTable/padding:_a_byte_right_after_slot_a's_record (0.02s)
    --- PASS: TestDeliverySeal_StrictSelectionTable/padding:_slot_a's_last_byte (0.02s)
    --- PASS: TestDeliverySeal_StrictSelectionTable/padding:_a_NUL_after_slot_b's_record (0.02s)
    --- PASS: TestDeliverySeal_StrictSelectionTable/padding:_a_newline_after_slot_b's_record (0.02s)
    --- PASS: TestDeliverySeal_StrictSelectionTable/padding:_a_space_before_slot_a's_record (0.02s)
    --- PASS: TestDeliverySeal_StrictSelectionTable/the_wrong_size:_one_byte_short (0.02s)
    --- PASS: TestDeliverySeal_StrictSelectionTable/the_wrong_size:_one_byte_long (0.02s)
    --- PASS: TestDeliverySeal_StrictSelectionTable/the_wrong_size:_empty (0.00s)
    --- PASS: TestDeliverySeal_StrictSelectionTable/a_v1_position_file (0.02s)
    --- PASS: TestDeliverySeal_StrictSelectionTable/a_static_byte_at_offset_12859 (0.02s)
    --- PASS: TestDeliverySeal_StrictSelectionTable/a_static_byte_at_offset_19515 (0.02s)
    --- PASS: TestDeliverySeal_StrictSelectionTable/a_static_byte_at_offset_21137 (0.02s)
    --- PASS: TestDeliverySeal_StrictSelectionTable/a_static_byte_at_offset_8292 (0.02s)
    --- PASS: TestDeliverySeal_StrictSelectionTable/a_static_byte_at_offset_8137 (0.02s)
    --- PASS: TestDeliverySeal_StrictSelectionTable/a_static_byte_at_offset_9891 (0.02s)
    --- PASS: TestDeliverySeal_StrictSelectionTable/a_static_byte_at_offset_4113 (0.02s)
    --- PASS: TestDeliverySeal_StrictSelectionTable/a_static_byte_at_offset_15696 (0.03s)
    --- PASS: TestDeliverySeal_StrictSelectionTable/a_static_byte_at_offset_586 (0.03s)
    --- PASS: TestDeliverySeal_StrictSelectionTable/a_static_byte_at_offset_13037 (0.03s)
    --- PASS: TestDeliverySeal_StrictSelectionTable/a_static_byte_at_offset_18263 (0.03s)
    --- PASS: TestDeliverySeal_StrictSelectionTable/a_static_byte_at_offset_17861 (0.04s)
    --- PASS: TestDeliverySeal_StrictSelectionTable/a_static_byte_at_offset_2517 (0.03s)
    --- PASS: TestDeliverySeal_StrictSelectionTable/a_static_byte_at_offset_32198 (0.03s)
    --- PASS: TestDeliverySeal_StrictSelectionTable/a_static_byte_at_offset_9046 (0.03s)
    --- PASS: TestDeliverySeal_StrictSelectionTable/a_static_byte_at_offset_24536 (0.02s)
    --- PASS: TestDeliverySeal_StrictSelectionTable/a_static_byte_at_offset_13462 (0.03s)
=== RUN   TestDeliverySeal_WritesAlternateSlotsAndTheFileIsTheImage
=== RUN   TestDeliverySeal_WritesAlternateSlotsAndTheFileIsTheImage/lease
=== RUN   TestDeliverySeal_WritesAlternateSlotsAndTheFileIsTheImage/ack
--- PASS: TestDeliverySeal_WritesAlternateSlotsAndTheFileIsTheImage (0.32s)
    --- PASS: TestDeliverySeal_WritesAlternateSlotsAndTheFileIsTheImage/lease (0.16s)
    --- PASS: TestDeliverySeal_WritesAlternateSlotsAndTheFileIsTheImage/ack (0.16s)
=== RUN   TestDeliverySeal_EveryCrashReachableImageSelects
=== RUN   TestDeliverySeal_EveryCrashReachableImageSelects/lease
=== RUN   TestDeliverySeal_EveryCrashReachableImageSelects/ack
--- PASS: TestDeliverySeal_EveryCrashReachableImageSelects (1.06s)
    --- PASS: TestDeliverySeal_EveryCrashReachableImageSelects/lease (0.29s)
    --- PASS: TestDeliverySeal_EveryCrashReachableImageSelects/ack (0.77s)
=== RUN   TestDeliverySeal_CheckDetectsEveryChange
=== RUN   TestDeliverySeal_CheckDetectsEveryChange/an_untouched_file_passes
=== RUN   TestDeliverySeal_CheckDetectsEveryChange/the_file_grows_by_a_byte
=== RUN   TestDeliverySeal_CheckDetectsEveryChange/the_file_shrinks_by_a_byte
=== RUN   TestDeliverySeal_CheckDetectsEveryChange/the_path_names_a_replacement_with_the_same_bytes
=== RUN   TestDeliverySeal_CheckDetectsEveryChange/the_path_names_a_directory
=== RUN   TestDeliverySeal_CheckDetectsEveryChange/the_path_is_gone
=== RUN   TestDeliverySeal_CheckDetectsEveryChange/a_digit_of_the_effective_record
=== RUN   TestDeliverySeal_CheckDetectsEveryChange/a_digit_of_the_older_record
=== RUN   TestDeliverySeal_CheckDetectsEveryChange/a_padding_byte_of_a_slot
=== RUN   TestDeliverySeal_CheckDetectsEveryChange/a_static_byte
=== RUN   TestDeliverySeal_CheckDetectsEveryChange/a_cur_that_differs_from_the_journal's_position
--- PASS: TestDeliverySeal_CheckDetectsEveryChange (1.06s)
    --- PASS: TestDeliverySeal_CheckDetectsEveryChange/an_untouched_file_passes (0.11s)
    --- PASS: TestDeliverySeal_CheckDetectsEveryChange/the_file_grows_by_a_byte (0.10s)
    --- PASS: TestDeliverySeal_CheckDetectsEveryChange/the_file_shrinks_by_a_byte (0.13s)
    --- PASS: TestDeliverySeal_CheckDetectsEveryChange/the_path_names_a_replacement_with_the_same_bytes (0.15s)
    --- PASS: TestDeliverySeal_CheckDetectsEveryChange/the_path_names_a_directory (0.11s)
    --- PASS: TestDeliverySeal_CheckDetectsEveryChange/the_path_is_gone (0.06s)
    --- PASS: TestDeliverySeal_CheckDetectsEveryChange/a_digit_of_the_effective_record (0.10s)
    --- PASS: TestDeliverySeal_CheckDetectsEveryChange/a_digit_of_the_older_record (0.10s)
    --- PASS: TestDeliverySeal_CheckDetectsEveryChange/a_padding_byte_of_a_slot (0.09s)
    --- PASS: TestDeliverySeal_CheckDetectsEveryChange/a_static_byte (0.07s)
    --- PASS: TestDeliverySeal_CheckDetectsEveryChange/a_cur_that_differs_from_the_journal's_position (0.05s)
=== RUN   TestDeliverySeal_OpenVerifiesTheFileAndClosesOnFailure
=== RUN   TestDeliverySeal_OpenVerifiesTheFileAndClosesOnFailure/lease
=== RUN   TestDeliverySeal_OpenVerifiesTheFileAndClosesOnFailure/lease/a_file_that_reads_back_as_the_image
=== RUN   TestDeliverySeal_OpenVerifiesTheFileAndClosesOnFailure/lease/a_file_that_selects,_but_is_not_the_image_the_caller_read
=== RUN   TestDeliverySeal_OpenVerifiesTheFileAndClosesOnFailure/lease/a_file_one_byte_longer_than_the_image
=== RUN   TestDeliverySeal_OpenVerifiesTheFileAndClosesOnFailure/lease/a_file_one_byte_shorter_than_the_image
=== RUN   TestDeliverySeal_OpenVerifiesTheFileAndClosesOnFailure/lease/a_missing_file,_which_it_does_not_create
=== RUN   TestDeliverySeal_OpenVerifiesTheFileAndClosesOnFailure/lease/a_directory
=== RUN   TestDeliverySeal_OpenVerifiesTheFileAndClosesOnFailure/ack
=== RUN   TestDeliverySeal_OpenVerifiesTheFileAndClosesOnFailure/ack/a_file_that_reads_back_as_the_image
=== RUN   TestDeliverySeal_OpenVerifiesTheFileAndClosesOnFailure/ack/a_file_that_selects,_but_is_not_the_image_the_caller_read
=== RUN   TestDeliverySeal_OpenVerifiesTheFileAndClosesOnFailure/ack/a_file_one_byte_longer_than_the_image
=== RUN   TestDeliverySeal_OpenVerifiesTheFileAndClosesOnFailure/ack/a_file_one_byte_shorter_than_the_image
=== RUN   TestDeliverySeal_OpenVerifiesTheFileAndClosesOnFailure/ack/a_missing_file,_which_it_does_not_create
=== RUN   TestDeliverySeal_OpenVerifiesTheFileAndClosesOnFailure/ack/a_directory
--- PASS: TestDeliverySeal_OpenVerifiesTheFileAndClosesOnFailure (0.38s)
    --- PASS: TestDeliverySeal_OpenVerifiesTheFileAndClosesOnFailure/lease (0.17s)
        --- PASS: TestDeliverySeal_OpenVerifiesTheFileAndClosesOnFailure/lease/a_file_that_reads_back_as_the_image (0.02s)
        --- PASS: TestDeliverySeal_OpenVerifiesTheFileAndClosesOnFailure/lease/a_file_that_selects,_but_is_not_the_image_the_caller_read (0.05s)
        --- PASS: TestDeliverySeal_OpenVerifiesTheFileAndClosesOnFailure/lease/a_file_one_byte_longer_than_the_image (0.02s)
        --- PASS: TestDeliverySeal_OpenVerifiesTheFileAndClosesOnFailure/lease/a_file_one_byte_shorter_than_the_image (0.06s)
        --- PASS: TestDeliverySeal_OpenVerifiesTheFileAndClosesOnFailure/lease/a_missing_file,_which_it_does_not_create (0.00s)
        --- PASS: TestDeliverySeal_OpenVerifiesTheFileAndClosesOnFailure/lease/a_directory (0.00s)
    --- PASS: TestDeliverySeal_OpenVerifiesTheFileAndClosesOnFailure/ack (0.21s)
        --- PASS: TestDeliverySeal_OpenVerifiesTheFileAndClosesOnFailure/ack/a_file_that_reads_back_as_the_image (0.04s)
        --- PASS: TestDeliverySeal_OpenVerifiesTheFileAndClosesOnFailure/ack/a_file_that_selects,_but_is_not_the_image_the_caller_read (0.07s)
        --- PASS: TestDeliverySeal_OpenVerifiesTheFileAndClosesOnFailure/ack/a_file_one_byte_longer_than_the_image (0.04s)
        --- PASS: TestDeliverySeal_OpenVerifiesTheFileAndClosesOnFailure/ack/a_file_one_byte_shorter_than_the_image (0.04s)
        --- PASS: TestDeliverySeal_OpenVerifiesTheFileAndClosesOnFailure/ack/a_missing_file,_which_it_does_not_create (0.01s)
        --- PASS: TestDeliverySeal_OpenVerifiesTheFileAndClosesOnFailure/ack/a_directory (0.00s)
=== RUN   TestDeliverySeal_PathReplacedDuringSealReleasesNothing
=== RUN   TestDeliverySeal_PathReplacedDuringSealReleasesNothing/lease
=== RUN   TestDeliverySeal_PathReplacedDuringSealReleasesNothing/ack
--- PASS: TestDeliverySeal_PathReplacedDuringSealReleasesNothing (0.27s)
    --- PASS: TestDeliverySeal_PathReplacedDuringSealReleasesNothing/lease (0.12s)
    --- PASS: TestDeliverySeal_PathReplacedDuringSealReleasesNothing/ack (0.15s)
=== RUN   TestDeliverySeal_WriteRefusesWhatItsReaderWouldRefuse
=== RUN   TestDeliverySeal_WriteRefusesWhatItsReaderWouldRefuse/the_sealed_position_again
=== RUN   TestDeliverySeal_WriteRefusesWhatItsReaderWouldRefuse/fewer_bytes
=== RUN   TestDeliverySeal_WriteRefusesWhatItsReaderWouldRefuse/no_more_bytes
=== RUN   TestDeliverySeal_WriteRefusesWhatItsReaderWouldRefuse/no_more_entries
=== RUN   TestDeliverySeal_WriteRefusesWhatItsReaderWouldRefuse/fewer_entries
=== RUN   TestDeliverySeal_WriteRefusesWhatItsReaderWouldRefuse/bytes_past_the_journal's_cap
=== RUN   TestDeliverySeal_WriteRefusesWhatItsReaderWouldRefuse/entries_past_the_journal's_cap
=== RUN   TestDeliverySeal_WriteRefusesWhatItsReaderWouldRefuse/a_zero_chain
=== RUN   TestDeliverySeal_WriteRefusesWhatItsReaderWouldRefuse/a_seq_that_would_wrap
--- PASS: TestDeliverySeal_WriteRefusesWhatItsReaderWouldRefuse (0.29s)
    --- PASS: TestDeliverySeal_WriteRefusesWhatItsReaderWouldRefuse/the_sealed_position_again (0.03s)
    --- PASS: TestDeliverySeal_WriteRefusesWhatItsReaderWouldRefuse/fewer_bytes (0.04s)
    --- PASS: TestDeliverySeal_WriteRefusesWhatItsReaderWouldRefuse/no_more_bytes (0.03s)
    --- PASS: TestDeliverySeal_WriteRefusesWhatItsReaderWouldRefuse/no_more_entries (0.04s)
    --- PASS: TestDeliverySeal_WriteRefusesWhatItsReaderWouldRefuse/fewer_entries (0.04s)
    --- PASS: TestDeliverySeal_WriteRefusesWhatItsReaderWouldRefuse/bytes_past_the_journal's_cap (0.03s)
    --- PASS: TestDeliverySeal_WriteRefusesWhatItsReaderWouldRefuse/entries_past_the_journal's_cap (0.03s)
    --- PASS: TestDeliverySeal_WriteRefusesWhatItsReaderWouldRefuse/a_zero_chain (0.03s)
    --- PASS: TestDeliverySeal_WriteRefusesWhatItsReaderWouldRefuse/a_seq_that_would_wrap (0.02s)
=== RUN   TestDeliverySeal_AFailedWriteLatchesTheSeal
=== RUN   TestDeliverySeal_AFailedWriteLatchesTheSeal/a_failure_at_the_sync
=== RUN   TestDeliverySeal_AFailedWriteLatchesTheSeal/a_failure_at_the_post-seal_identity_check
=== RUN   TestDeliverySeal_AFailedWriteLatchesTheSeal/a_refusal_before_any_I/O
--- PASS: TestDeliverySeal_AFailedWriteLatchesTheSeal (0.32s)
    --- PASS: TestDeliverySeal_AFailedWriteLatchesTheSeal/a_failure_at_the_sync (0.06s)
    --- PASS: TestDeliverySeal_AFailedWriteLatchesTheSeal/a_failure_at_the_post-seal_identity_check (0.13s)
    --- PASS: TestDeliverySeal_AFailedWriteLatchesTheSeal/a_refusal_before_any_I/O (0.12s)
=== RUN   TestDeliverySeal_ClosedSealWritesAndPassesNothing
--- PASS: TestDeliverySeal_ClosedSealWritesAndPassesNothing (0.11s)
=== RUN   TestDeliverySeal_DowngradeWritesTodaysV1Bytes
=== RUN   TestDeliverySeal_DowngradeWritesTodaysV1Bytes/lease
=== RUN   TestDeliverySeal_DowngradeWritesTodaysV1Bytes/lease/fresh
=== RUN   TestDeliverySeal_DowngradeWritesTodaysV1Bytes/lease/written_twice
=== RUN   TestDeliverySeal_DowngradeWritesTodaysV1Bytes/lease/converted
=== RUN   TestDeliverySeal_DowngradeWritesTodaysV1Bytes/lease/maximal
=== RUN   TestDeliverySeal_DowngradeWritesTodaysV1Bytes/lease/a_fresh_project's_sidecar
=== RUN   TestDeliverySeal_DowngradeWritesTodaysV1Bytes/ack
=== RUN   TestDeliverySeal_DowngradeWritesTodaysV1Bytes/ack/fresh
=== RUN   TestDeliverySeal_DowngradeWritesTodaysV1Bytes/ack/written_twice
=== RUN   TestDeliverySeal_DowngradeWritesTodaysV1Bytes/ack/converted
=== RUN   TestDeliverySeal_DowngradeWritesTodaysV1Bytes/ack/maximal
=== RUN   TestDeliverySeal_DowngradeWritesTodaysV1Bytes/ack/a_fresh_project's_sidecar
--- PASS: TestDeliverySeal_DowngradeWritesTodaysV1Bytes (2.21s)
    --- PASS: TestDeliverySeal_DowngradeWritesTodaysV1Bytes/lease (1.28s)
        --- PASS: TestDeliverySeal_DowngradeWritesTodaysV1Bytes/lease/fresh (0.15s)
        --- PASS: TestDeliverySeal_DowngradeWritesTodaysV1Bytes/lease/written_twice (0.16s)
        --- PASS: TestDeliverySeal_DowngradeWritesTodaysV1Bytes/lease/converted (0.19s)
        --- PASS: TestDeliverySeal_DowngradeWritesTodaysV1Bytes/lease/maximal (0.20s)
        --- PASS: TestDeliverySeal_DowngradeWritesTodaysV1Bytes/lease/a_fresh_project's_sidecar (0.57s)
    --- PASS: TestDeliverySeal_DowngradeWritesTodaysV1Bytes/ack (0.93s)
        --- PASS: TestDeliverySeal_DowngradeWritesTodaysV1Bytes/ack/fresh (0.25s)
        --- PASS: TestDeliverySeal_DowngradeWritesTodaysV1Bytes/ack/written_twice (0.26s)
        --- PASS: TestDeliverySeal_DowngradeWritesTodaysV1Bytes/ack/converted (0.06s)
        --- PASS: TestDeliverySeal_DowngradeWritesTodaysV1Bytes/ack/maximal (0.17s)
        --- PASS: TestDeliverySeal_DowngradeWritesTodaysV1Bytes/ack/a_fresh_project's_sidecar (0.18s)
=== RUN   TestDeliveryPosition_CreateEmptyIsTheOneV1Encoders
=== RUN   TestDeliveryPosition_CreateEmptyIsTheOneV1Encoders/lease
=== RUN   TestDeliveryPosition_CreateEmptyIsTheOneV1Encoders/ack
--- PASS: TestDeliveryPosition_CreateEmptyIsTheOneV1Encoders (0.10s)
    --- PASS: TestDeliveryPosition_CreateEmptyIsTheOneV1Encoders/lease (0.04s)
    --- PASS: TestDeliveryPosition_CreateEmptyIsTheOneV1Encoders/ack (0.05s)
=== RUN   TestDeliverySeal_BoundsAreTheJournalReaders
=== RUN   TestDeliverySeal_BoundsAreTheJournalReaders/the_empty_position
=== RUN   TestDeliverySeal_BoundsAreTheJournalReaders/one_byte_and_one_entry
=== RUN   TestDeliverySeal_BoundsAreTheJournalReaders/the_caps
=== RUN   TestDeliverySeal_BoundsAreTheJournalReaders/negative_bytes
=== RUN   TestDeliverySeal_BoundsAreTheJournalReaders/bytes_past_the_cap
=== RUN   TestDeliverySeal_BoundsAreTheJournalReaders/negative_entries
=== RUN   TestDeliverySeal_BoundsAreTheJournalReaders/entries_past_the_cap
=== RUN   TestDeliverySeal_BoundsAreTheJournalReaders/bytes_without_entries
=== RUN   TestDeliverySeal_BoundsAreTheJournalReaders/entries_without_bytes
=== RUN   TestDeliverySeal_BoundsAreTheJournalReaders/a_zero_chain
=== RUN   TestDeliverySeal_BoundsAreTheJournalReaders/the_empty_position_with_another_chain
=== RUN   TestDeliverySeal_BoundsAreTheJournalReaders/the_empty_position_with_the_ack_journal's_seed
--- PASS: TestDeliverySeal_BoundsAreTheJournalReaders (0.42s)
    --- PASS: TestDeliverySeal_BoundsAreTheJournalReaders/the_empty_position (0.01s)
    --- PASS: TestDeliverySeal_BoundsAreTheJournalReaders/one_byte_and_one_entry (0.03s)
    --- PASS: TestDeliverySeal_BoundsAreTheJournalReaders/the_caps (0.03s)
    --- PASS: TestDeliverySeal_BoundsAreTheJournalReaders/negative_bytes (0.06s)
    --- PASS: TestDeliverySeal_BoundsAreTheJournalReaders/bytes_past_the_cap (0.06s)
    --- PASS: TestDeliverySeal_BoundsAreTheJournalReaders/negative_entries (0.02s)
    --- PASS: TestDeliverySeal_BoundsAreTheJournalReaders/entries_past_the_cap (0.03s)
    --- PASS: TestDeliverySeal_BoundsAreTheJournalReaders/bytes_without_entries (0.05s)
    --- PASS: TestDeliverySeal_BoundsAreTheJournalReaders/entries_without_bytes (0.02s)
    --- PASS: TestDeliverySeal_BoundsAreTheJournalReaders/a_zero_chain (0.05s)
    --- PASS: TestDeliverySeal_BoundsAreTheJournalReaders/the_empty_position_with_another_chain (0.03s)
    --- PASS: TestDeliverySeal_BoundsAreTheJournalReaders/the_empty_position_with_the_ack_journal's_seed (0.02s)
=== RUN   TestDeliverySeal_SumIsItsDocumentedEncoding
--- PASS: TestDeliverySeal_SumIsItsDocumentedEncoding (0.00s)
=== RUN   TestDeliverySeal_LongestRecordFitsItsSlot
--- PASS: TestDeliverySeal_LongestRecordFitsItsSlot (0.00s)
=== RUN   TestDeliverySeal_WriteFormatIsDeliberate
--- PASS: TestDeliverySeal_WriteFormatIsDeliberate (0.00s)
=== RUN   TestDeliverySealRuleR_AcceptsOnlyOneValidSlotBesideOneTornSlot
=== RUN   TestDeliverySealRuleR_AcceptsOnlyOneValidSlotBesideOneTornSlot/accepts_the_valid_record_beside_a_torn_slot
=== RUN   TestDeliverySealRuleR_AcceptsOnlyOneValidSlotBesideOneTornSlot/accepts_the_valid_record_beside_a_torn_slot/the_newest_slot_is_torn
=== RUN   TestDeliverySealRuleR_AcceptsOnlyOneValidSlotBesideOneTornSlot/accepts_the_valid_record_beside_a_torn_slot/the_older_slot_is_torn
=== RUN   TestDeliverySealRuleR_AcceptsOnlyOneValidSlotBesideOneTornSlot/accepts_the_valid_record_beside_a_torn_slot/a_fresh_file_whose_empty_slot_was_overwritten
=== RUN   TestDeliverySealRuleR_AcceptsOnlyOneValidSlotBesideOneTornSlot/accepts_the_valid_record_beside_a_torn_slot/a_slot_summed_for_the_other_slot:_a_foreign_write
=== RUN   TestDeliverySealRuleR_AcceptsOnlyOneValidSlotBesideOneTornSlot/accepts_the_valid_record_beside_a_torn_slot/a_slot_whose_seq_has_the_other_slot's_parity
=== RUN   TestDeliverySealRuleR_AcceptsOnlyOneValidSlotBesideOneTornSlot/accepts_the_valid_record_beside_a_torn_slot/a_slot_summed_for_the_other_journal
=== RUN   TestDeliverySealRuleR_AcceptsOnlyOneValidSlotBesideOneTornSlot/refuses_every_image_that_is_not_one_valid_slot_beside_one_torn_slot
=== RUN   TestDeliverySealRuleR_AcceptsOnlyOneValidSlotBesideOneTornSlot/refuses_every_image_that_is_not_one_valid_slot_beside_one_torn_slot/a_fresh_seq_1_beside_an_empty_slot
=== RUN   TestDeliverySealRuleR_AcceptsOnlyOneValidSlotBesideOneTornSlot/refuses_every_image_that_is_not_one_valid_slot_beside_one_torn_slot/two_valid_slots_one_seq_apart
=== RUN   TestDeliverySealRuleR_AcceptsOnlyOneValidSlotBesideOneTornSlot/refuses_every_image_that_is_not_one_valid_slot_beside_one_torn_slot/a_valid_seq_3_beside_an_empty_slot
=== RUN   TestDeliverySealRuleR_AcceptsOnlyOneValidSlotBesideOneTornSlot/refuses_every_image_that_is_not_one_valid_slot_beside_one_torn_slot/an_empty_slot_beside_a_valid_seq_2
=== RUN   TestDeliverySealRuleR_AcceptsOnlyOneValidSlotBesideOneTornSlot/refuses_every_image_that_is_not_one_valid_slot_beside_one_torn_slot/a_valid_seq_1001_beside_an_empty_slot
=== RUN   TestDeliverySealRuleR_AcceptsOnlyOneValidSlotBesideOneTornSlot/refuses_every_image_that_is_not_one_valid_slot_beside_one_torn_slot/both_slots_empty
=== RUN   TestDeliverySealRuleR_AcceptsOnlyOneValidSlotBesideOneTornSlot/refuses_every_image_that_is_not_one_valid_slot_beside_one_torn_slot/two_valid_slots_with_a_seq_gap
=== RUN   TestDeliverySealRuleR_AcceptsOnlyOneValidSlotBesideOneTornSlot/refuses_every_image_that_is_not_one_valid_slot_beside_one_torn_slot/two_valid_slots_whose_older_seals_as_many_bytes
=== RUN   TestDeliverySealRuleR_AcceptsOnlyOneValidSlotBesideOneTornSlot/refuses_every_image_that_is_not_one_valid_slot_beside_one_torn_slot/two_valid_slots_whose_older_seals_as_many_entries
=== RUN   TestDeliverySealRuleR_AcceptsOnlyOneValidSlotBesideOneTornSlot/refuses_every_image_that_is_not_one_valid_slot_beside_one_torn_slot/two_valid_slots_whose_older_seals_more
=== RUN   TestDeliverySealRuleR_AcceptsOnlyOneValidSlotBesideOneTornSlot/refuses_every_image_that_is_not_one_valid_slot_beside_one_torn_slot/both_slots_torn
=== RUN   TestDeliverySealRuleR_AcceptsOnlyOneValidSlotBesideOneTornSlot/refuses_every_image_that_is_not_one_valid_slot_beside_one_torn_slot/a_torn_slot_beside_an_empty_one
=== RUN   TestDeliverySealRuleR_AcceptsOnlyOneValidSlotBesideOneTornSlot/refuses_every_image_that_is_not_one_valid_slot_beside_one_torn_slot/both_slots_belong_to_the_other_journal
=== RUN   TestDeliverySealRuleR_AcceptsOnlyOneValidSlotBesideOneTornSlot/refuses_every_image_that_is_not_one_valid_slot_beside_one_torn_slot/a_v2_image_one_byte_short
=== RUN   TestDeliverySealRuleR_AcceptsOnlyOneValidSlotBesideOneTornSlot/refuses_every_image_that_is_not_one_valid_slot_beside_one_torn_slot/a_static_byte_changed
=== RUN   TestDeliverySealRuleR_AcceptsOnlyOneValidSlotBesideOneTornSlot/refuses_every_image_that_is_not_one_valid_slot_beside_one_torn_slot/an_empty_file
--- PASS: TestDeliverySealRuleR_AcceptsOnlyOneValidSlotBesideOneTornSlot (0.07s)
    --- PASS: TestDeliverySealRuleR_AcceptsOnlyOneValidSlotBesideOneTornSlot/accepts_the_valid_record_beside_a_torn_slot (0.01s)
        --- PASS: TestDeliverySealRuleR_AcceptsOnlyOneValidSlotBesideOneTornSlot/accepts_the_valid_record_beside_a_torn_slot/the_newest_slot_is_torn (0.00s)
        --- PASS: TestDeliverySealRuleR_AcceptsOnlyOneValidSlotBesideOneTornSlot/accepts_the_valid_record_beside_a_torn_slot/the_older_slot_is_torn (0.00s)
        --- PASS: TestDeliverySealRuleR_AcceptsOnlyOneValidSlotBesideOneTornSlot/accepts_the_valid_record_beside_a_torn_slot/a_fresh_file_whose_empty_slot_was_overwritten (0.00s)
        --- PASS: TestDeliverySealRuleR_AcceptsOnlyOneValidSlotBesideOneTornSlot/accepts_the_valid_record_beside_a_torn_slot/a_slot_summed_for_the_other_slot:_a_foreign_write (0.00s)
        --- PASS: TestDeliverySealRuleR_AcceptsOnlyOneValidSlotBesideOneTornSlot/accepts_the_valid_record_beside_a_torn_slot/a_slot_whose_seq_has_the_other_slot's_parity (0.00s)
        --- PASS: TestDeliverySealRuleR_AcceptsOnlyOneValidSlotBesideOneTornSlot/accepts_the_valid_record_beside_a_torn_slot/a_slot_summed_for_the_other_journal (0.00s)
    --- PASS: TestDeliverySealRuleR_AcceptsOnlyOneValidSlotBesideOneTornSlot/refuses_every_image_that_is_not_one_valid_slot_beside_one_torn_slot (0.05s)
        --- PASS: TestDeliverySealRuleR_AcceptsOnlyOneValidSlotBesideOneTornSlot/refuses_every_image_that_is_not_one_valid_slot_beside_one_torn_slot/a_fresh_seq_1_beside_an_empty_slot (0.00s)
        --- PASS: TestDeliverySealRuleR_AcceptsOnlyOneValidSlotBesideOneTornSlot/refuses_every_image_that_is_not_one_valid_slot_beside_one_torn_slot/two_valid_slots_one_seq_apart (0.00s)
        --- PASS: TestDeliverySealRuleR_AcceptsOnlyOneValidSlotBesideOneTornSlot/refuses_every_image_that_is_not_one_valid_slot_beside_one_torn_slot/a_valid_seq_3_beside_an_empty_slot (0.00s)
        --- PASS: TestDeliverySealRuleR_AcceptsOnlyOneValidSlotBesideOneTornSlot/refuses_every_image_that_is_not_one_valid_slot_beside_one_torn_slot/an_empty_slot_beside_a_valid_seq_2 (0.00s)
        --- PASS: TestDeliverySealRuleR_AcceptsOnlyOneValidSlotBesideOneTornSlot/refuses_every_image_that_is_not_one_valid_slot_beside_one_torn_slot/a_valid_seq_1001_beside_an_empty_slot (0.00s)
        --- PASS: TestDeliverySealRuleR_AcceptsOnlyOneValidSlotBesideOneTornSlot/refuses_every_image_that_is_not_one_valid_slot_beside_one_torn_slot/both_slots_empty (0.04s)
        --- PASS: TestDeliverySealRuleR_AcceptsOnlyOneValidSlotBesideOneTornSlot/refuses_every_image_that_is_not_one_valid_slot_beside_one_torn_slot/two_valid_slots_with_a_seq_gap (0.00s)
        --- PASS: TestDeliverySealRuleR_AcceptsOnlyOneValidSlotBesideOneTornSlot/refuses_every_image_that_is_not_one_valid_slot_beside_one_torn_slot/two_valid_slots_whose_older_seals_as_many_bytes (0.00s)
        --- PASS: TestDeliverySealRuleR_AcceptsOnlyOneValidSlotBesideOneTornSlot/refuses_every_image_that_is_not_one_valid_slot_beside_one_torn_slot/two_valid_slots_whose_older_seals_as_many_entries (0.00s)
        --- PASS: TestDeliverySealRuleR_AcceptsOnlyOneValidSlotBesideOneTornSlot/refuses_every_image_that_is_not_one_valid_slot_beside_one_torn_slot/two_valid_slots_whose_older_seals_more (0.00s)
        --- PASS: TestDeliverySealRuleR_AcceptsOnlyOneValidSlotBesideOneTornSlot/refuses_every_image_that_is_not_one_valid_slot_beside_one_torn_slot/both_slots_torn (0.00s)
        --- PASS: TestDeliverySealRuleR_AcceptsOnlyOneValidSlotBesideOneTornSlot/refuses_every_image_that_is_not_one_valid_slot_beside_one_torn_slot/a_torn_slot_beside_an_empty_one (0.00s)
        --- PASS: TestDeliverySealRuleR_AcceptsOnlyOneValidSlotBesideOneTornSlot/refuses_every_image_that_is_not_one_valid_slot_beside_one_torn_slot/both_slots_belong_to_the_other_journal (0.00s)
        --- PASS: TestDeliverySealRuleR_AcceptsOnlyOneValidSlotBesideOneTornSlot/refuses_every_image_that_is_not_one_valid_slot_beside_one_torn_slot/a_v2_image_one_byte_short (0.00s)
        --- PASS: TestDeliverySealRuleR_AcceptsOnlyOneValidSlotBesideOneTornSlot/refuses_every_image_that_is_not_one_valid_slot_beside_one_torn_slot/a_static_byte_changed (0.00s)
        --- PASS: TestDeliverySealRuleR_AcceptsOnlyOneValidSlotBesideOneTornSlot/refuses_every_image_that_is_not_one_valid_slot_beside_one_torn_slot/an_empty_file (0.00s)
=== RUN   TestDeliveryOfflineTool_SyncsTheJournalItScannedBeforeSealingIt
=== RUN   TestDeliveryOfflineTool_SyncsTheJournalItScannedBeforeSealingIt/syncs_the_file_its_scan_read_and_refuses_any_other
=== RUN   TestDeliveryOfflineTool_SyncsTheJournalItScannedBeforeSealingIt/seals_nothing_when_a_journal_cannot_be_made_durable
=== RUN   TestDeliveryOfflineTool_SyncsTheJournalItScannedBeforeSealingIt/seals_nothing_when_a_journal_cannot_be_made_durable/delivery-leases.jsonl
    delivery_seal_tool_test.go:362: report:
        delivery-seal: C:\Users\Quant\AppData\Local\Temp\TestDeliveryOfflineTool_SyncsTheJournalItScannedBeforeSealingIt252000614\001
          lease seal C:\Users\Quant\AppData\Local\Temp\TestDeliveryOfflineTool_SyncsTheJournalItScannedBeforeSealingIt252000614\001\.qompack\state\delivery-lease-position.json: v2, seq 3, 2 entries, 576 bytes
          lease journal C:\Users\Quant\AppData\Local\Temp\TestDeliveryOfflineTool_SyncsTheJournalItScannedBeforeSealingIt252000614\001\.qompack\state\delivery-leases.jsonl: loads, 2 entries, 576 bytes, chain sha256:da4ee95f48b63dfa283b41184086cd032e6309052b7b93431526575fa9139e15
          ack seal C:\Users\Quant\AppData\Local\Temp\TestDeliveryOfflineTool_SyncsTheJournalItScannedBeforeSealingIt252000614\001\.qompack\state\delivery-ack-position.json: v2, seq 2, 1 entries, 258 bytes
          ack journal C:\Users\Quant\AppData\Local\Temp\TestDeliveryOfflineTool_SyncsTheJournalItScannedBeforeSealingIt252000614\001\.qompack\state\delivery-acks.jsonl: loads, 1 entries, 258 bytes, chain sha256:5ca0c2f7a6d63742f7c6cb0b0563dfd1b738c05a36ac9269e9a317b05ecbc0a2
=== RUN   TestDeliveryOfflineTool_SyncsTheJournalItScannedBeforeSealingIt/seals_nothing_when_a_journal_cannot_be_made_durable/delivery-acks.jsonl
    delivery_seal_tool_test.go:362: report:
        delivery-seal: C:\Users\Quant\AppData\Local\Temp\TestDeliveryOfflineTool_SyncsTheJournalItScannedBeforeSealingIt1091141139\001
          lease seal C:\Users\Quant\AppData\Local\Temp\TestDeliveryOfflineTool_SyncsTheJournalItScannedBeforeSealingIt1091141139\001\.qompack\state\delivery-lease-position.json: v2, seq 3, 2 entries, 576 bytes
          lease journal C:\Users\Quant\AppData\Local\Temp\TestDeliveryOfflineTool_SyncsTheJournalItScannedBeforeSealingIt1091141139\001\.qompack\state\delivery-leases.jsonl: loads, 2 entries, 576 bytes, chain sha256:da4ee95f48b63dfa283b41184086cd032e6309052b7b93431526575fa9139e15
          ack seal C:\Users\Quant\AppData\Local\Temp\TestDeliveryOfflineTool_SyncsTheJournalItScannedBeforeSealingIt1091141139\001\.qompack\state\delivery-ack-position.json: v2, seq 2, 1 entries, 258 bytes
          ack journal C:\Users\Quant\AppData\Local\Temp\TestDeliveryOfflineTool_SyncsTheJournalItScannedBeforeSealingIt1091141139\001\.qompack\state\delivery-acks.jsonl: loads, 1 entries, 258 bytes, chain sha256:5ca0c2f7a6d63742f7c6cb0b0563dfd1b738c05a36ac9269e9a317b05ecbc0a2
--- PASS: TestDeliveryOfflineTool_SyncsTheJournalItScannedBeforeSealingIt (2.08s)
    --- PASS: TestDeliveryOfflineTool_SyncsTheJournalItScannedBeforeSealingIt/syncs_the_file_its_scan_read_and_refuses_any_other (0.58s)
    --- PASS: TestDeliveryOfflineTool_SyncsTheJournalItScannedBeforeSealingIt/seals_nothing_when_a_journal_cannot_be_made_durable (1.50s)
        --- PASS: TestDeliveryOfflineTool_SyncsTheJournalItScannedBeforeSealingIt/seals_nothing_when_a_journal_cannot_be_made_durable/delivery-leases.jsonl (0.95s)
        --- PASS: TestDeliveryOfflineTool_SyncsTheJournalItScannedBeforeSealingIt/seals_nothing_when_a_journal_cannot_be_made_durable/delivery-acks.jsonl (0.55s)
=== RUN   TestDeliveryOfflineTool_ConvertsAndRefusesWhileADaemonHoldsTheLock
=== RUN   TestDeliveryOfflineTool_ConvertsAndRefusesWhileADaemonHoldsTheLock/refuses_while_a_daemon_holds_the_lock
    delivery_seal_tool_test.go:404: report:
    delivery_seal_tool_test.go:404: report:
=== RUN   TestDeliveryOfflineTool_ConvertsAndRefusesWhileADaemonHoldsTheLock/refuses_once_a_daemon_has_taken_the_lock_over_mid-run
    delivery_seal_tool_test.go:429: report:
        delivery-seal: C:\Users\Quant\AppData\Local\Temp\TestDeliveryOfflineTool_ConvertsAndRefusesWhileADaemonHoldsTheLo4291935221\001
          lease seal C:\Users\Quant\AppData\Local\Temp\TestDeliveryOfflineTool_ConvertsAndRefusesWhileADaemonHoldsTheLo4291935221\001\.qompack\state\delivery-lease-position.json: v2, seq 3, 2 entries, 576 bytes
          lease journal C:\Users\Quant\AppData\Local\Temp\TestDeliveryOfflineTool_ConvertsAndRefusesWhileADaemonHoldsTheLo4291935221\001\.qompack\state\delivery-leases.jsonl: loads, 2 entries, 576 bytes, chain sha256:da4ee95f48b63dfa283b41184086cd032e6309052b7b93431526575fa9139e15
          ack seal C:\Users\Quant\AppData\Local\Temp\TestDeliveryOfflineTool_ConvertsAndRefusesWhileADaemonHoldsTheLo4291935221\001\.qompack\state\delivery-ack-position.json: v2, seq 2, 1 entries, 258 bytes
          ack journal C:\Users\Quant\AppData\Local\Temp\TestDeliveryOfflineTool_ConvertsAndRefusesWhileADaemonHoldsTheLo4291935221\001\.qompack\state\delivery-acks.jsonl: loads, 1 entries, 258 bytes, chain sha256:5ca0c2f7a6d63742f7c6cb0b0563dfd1b738c05a36ac9269e9a317b05ecbc0a2
    delivery_seal_tool_test.go:429: report:
        delivery-seal: C:\Users\Quant\AppData\Local\Temp\TestDeliveryOfflineTool_ConvertsAndRefusesWhileADaemonHoldsTheLo4291935221\001
          lease seal C:\Users\Quant\AppData\Local\Temp\TestDeliveryOfflineTool_ConvertsAndRefusesWhileADaemonHoldsTheLo4291935221\001\.qompack\state\delivery-lease-position.json: v2, seq 3, 2 entries, 576 bytes
          lease journal C:\Users\Quant\AppData\Local\Temp\TestDeliveryOfflineTool_ConvertsAndRefusesWhileADaemonHoldsTheLo4291935221\001\.qompack\state\delivery-leases.jsonl: loads, 2 entries, 576 bytes, chain sha256:da4ee95f48b63dfa283b41184086cd032e6309052b7b93431526575fa9139e15
          ack seal C:\Users\Quant\AppData\Local\Temp\TestDeliveryOfflineTool_ConvertsAndRefusesWhileADaemonHoldsTheLo4291935221\001\.qompack\state\delivery-ack-position.json: v2, seq 2, 1 entries, 258 bytes
          ack journal C:\Users\Quant\AppData\Local\Temp\TestDeliveryOfflineTool_ConvertsAndRefusesWhileADaemonHoldsTheLo4291935221\001\.qompack\state\delivery-acks.jsonl: loads, 1 entries, 258 bytes, chain sha256:5ca0c2f7a6d63742f7c6cb0b0563dfd1b738c05a36ac9269e9a317b05ecbc0a2
=== RUN   TestDeliveryOfflineTool_ConvertsAndRefusesWhileADaemonHoldsTheLock/refuses_to_convert_once_a_daemon_has_taken_the_lock_after_the_scan
    delivery_seal_tool_test.go:447: report:
        delivery-seal: C:\Users\Quant\AppData\Local\Temp\TestDeliveryOfflineTool_ConvertsAndRefusesWhileADaemonHoldsTheLo2382245511\001
          lease seal C:\Users\Quant\AppData\Local\Temp\TestDeliveryOfflineTool_ConvertsAndRefusesWhileADaemonHoldsTheLo2382245511\001\.qompack\state\delivery-lease-position.json: v2, seq 3, 2 entries, 576 bytes
          lease journal C:\Users\Quant\AppData\Local\Temp\TestDeliveryOfflineTool_ConvertsAndRefusesWhileADaemonHoldsTheLo2382245511\001\.qompack\state\delivery-leases.jsonl: loads, 2 entries, 576 bytes, chain sha256:da4ee95f48b63dfa283b41184086cd032e6309052b7b93431526575fa9139e15
          ack seal C:\Users\Quant\AppData\Local\Temp\TestDeliveryOfflineTool_ConvertsAndRefusesWhileADaemonHoldsTheLo2382245511\001\.qompack\state\delivery-ack-position.json: v2, seq 2, 1 entries, 258 bytes
          ack journal C:\Users\Quant\AppData\Local\Temp\TestDeliveryOfflineTool_ConvertsAndRefusesWhileADaemonHoldsTheLo2382245511\001\.qompack\state\delivery-acks.jsonl: loads, 1 entries, 258 bytes, chain sha256:5ca0c2f7a6d63742f7c6cb0b0563dfd1b738c05a36ac9269e9a317b05ecbc0a2
=== RUN   TestDeliveryOfflineTool_ConvertsAndRefusesWhileADaemonHoldsTheLock/each_ownership_check_refreshes_the_heartbeat_the_staleness_protocol_reads
=== RUN   TestDeliveryOfflineTool_ConvertsAndRefusesWhileADaemonHoldsTheLock/a_run_directory_removed_after_the_scan_is_not_reported_as_a_daemon_takeover
    delivery_seal_tool_test.go:515: report:
        delivery-seal: C:\Users\Quant\AppData\Local\Temp\TestDeliveryOfflineTool_ConvertsAndRefusesWhileADaemonHoldsTheLo77178329\001
          lease seal C:\Users\Quant\AppData\Local\Temp\TestDeliveryOfflineTool_ConvertsAndRefusesWhileADaemonHoldsTheLo77178329\001\.qompack\state\delivery-lease-position.json: v2, seq 3, 2 entries, 576 bytes
          lease journal C:\Users\Quant\AppData\Local\Temp\TestDeliveryOfflineTool_ConvertsAndRefusesWhileADaemonHoldsTheLo77178329\001\.qompack\state\delivery-leases.jsonl: loads, 2 entries, 576 bytes, chain sha256:da4ee95f48b63dfa283b41184086cd032e6309052b7b93431526575fa9139e15
          ack seal C:\Users\Quant\AppData\Local\Temp\TestDeliveryOfflineTool_ConvertsAndRefusesWhileADaemonHoldsTheLo77178329\001\.qompack\state\delivery-ack-position.json: v2, seq 2, 1 entries, 258 bytes
          ack journal C:\Users\Quant\AppData\Local\Temp\TestDeliveryOfflineTool_ConvertsAndRefusesWhileADaemonHoldsTheLo77178329\001\.qompack\state\delivery-acks.jsonl: loads, 1 entries, 258 bytes, chain sha256:5ca0c2f7a6d63742f7c6cb0b0563dfd1b738c05a36ac9269e9a317b05ecbc0a2
=== RUN   TestDeliveryOfflineTool_ConvertsAndRefusesWhileADaemonHoldsTheLock/a_run_directory_removed_between_the_two_seals_says_how_to_finish_the_pair
    delivery_seal_tool_test.go:546: report: delivery-seal: C:\Users\Quant\AppData\Local\Temp\TestDeliveryOfflineTool_ConvertsAndRefusesWhileADaemonHoldsTheLo269885728\001
          lease seal C:\Users\Quant\AppData\Local\Temp\TestDeliveryOfflineTool_ConvertsAndRefusesWhileADaemonHoldsTheLo269885728\001\.qompack\state\delivery-lease-position.json: v2, seq 3, 2 entries, 576 bytes
          lease journal C:\Users\Quant\AppData\Local\Temp\TestDeliveryOfflineTool_ConvertsAndRefusesWhileADaemonHoldsTheLo269885728\001\.qompack\state\delivery-leases.jsonl: loads, 2 entries, 576 bytes, chain sha256:da4ee95f48b63dfa283b41184086cd032e6309052b7b93431526575fa9139e15
          ack seal C:\Users\Quant\AppData\Local\Temp\TestDeliveryOfflineTool_ConvertsAndRefusesWhileADaemonHoldsTheLo269885728\001\.qompack\state\delivery-ack-position.json: v2, seq 2, 1 entries, 258 bytes
          ack journal C:\Users\Quant\AppData\Local\Temp\TestDeliveryOfflineTool_ConvertsAndRefusesWhileADaemonHoldsTheLo269885728\001\.qompack\state\delivery-acks.jsonl: loads, 1 entries, 258 bytes, chain sha256:5ca0c2f7a6d63742f7c6cb0b0563dfd1b738c05a36ac9269e9a317b05ecbc0a2
          lease seal C:\Users\Quant\AppData\Local\Temp\TestDeliveryOfflineTool_ConvertsAndRefusesWhileADaemonHoldsTheLo269885728\001\.qompack\state\delivery-lease-position.json: wrote v1 at 2 entries, 576 bytes (it sealed 2 entries, 576 bytes)
    delivery_seal_tool_test.go:563: report:
        delivery-seal: C:\Users\Quant\AppData\Local\Temp\TestDeliveryOfflineTool_ConvertsAndRefusesWhileADaemonHoldsTheLo269885728\001
          lease seal C:\Users\Quant\AppData\Local\Temp\TestDeliveryOfflineTool_ConvertsAndRefusesWhileADaemonHoldsTheLo269885728\001\.qompack\state\delivery-lease-position.json: v1, 2 entries, 576 bytes
          lease journal C:\Users\Quant\AppData\Local\Temp\TestDeliveryOfflineTool_ConvertsAndRefusesWhileADaemonHoldsTheLo269885728\001\.qompack\state\delivery-leases.jsonl: loads, 2 entries, 576 bytes, chain sha256:da4ee95f48b63dfa283b41184086cd032e6309052b7b93431526575fa9139e15
          ack seal C:\Users\Quant\AppData\Local\Temp\TestDeliveryOfflineTool_ConvertsAndRefusesWhileADaemonHoldsTheLo269885728\001\.qompack\state\delivery-ack-position.json: v2, seq 2, 1 entries, 258 bytes
          ack journal C:\Users\Quant\AppData\Local\Temp\TestDeliveryOfflineTool_ConvertsAndRefusesWhileADaemonHoldsTheLo269885728\001\.qompack\state\delivery-acks.jsonl: loads, 1 entries, 258 bytes, chain sha256:5ca0c2f7a6d63742f7c6cb0b0563dfd1b738c05a36ac9269e9a317b05ecbc0a2
          lease seal C:\Users\Quant\AppData\Local\Temp\TestDeliveryOfflineTool_ConvertsAndRefusesWhileADaemonHoldsTheLo269885728\001\.qompack\state\delivery-lease-position.json: wrote v1 at 2 entries, 576 bytes (it sealed 2 entries, 576 bytes)
          ack seal C:\Users\Quant\AppData\Local\Temp\TestDeliveryOfflineTool_ConvertsAndRefusesWhileADaemonHoldsTheLo269885728\001\.qompack\state\delivery-ack-position.json: wrote v1 at 1 entries, 258 bytes (it sealed 1 entries, 258 bytes)
=== RUN   TestDeliveryOfflineTool_ConvertsAndRefusesWhileADaemonHoldsTheLock/a_daemon_that_takes_the_lock_between_the_two_seals_leaves_the_pair_half_converted
    delivery_seal_tool_test.go:586: report:
        delivery-seal: C:\Users\Quant\AppData\Local\Temp\TestDeliveryOfflineTool_ConvertsAndRefusesWhileADaemonHoldsTheLo3845452469\001
          lease seal C:\Users\Quant\AppData\Local\Temp\TestDeliveryOfflineTool_ConvertsAndRefusesWhileADaemonHoldsTheLo3845452469\001\.qompack\state\delivery-lease-position.json: v2, seq 3, 2 entries, 576 bytes
          lease journal C:\Users\Quant\AppData\Local\Temp\TestDeliveryOfflineTool_ConvertsAndRefusesWhileADaemonHoldsTheLo3845452469\001\.qompack\state\delivery-leases.jsonl: loads, 2 entries, 576 bytes, chain sha256:da4ee95f48b63dfa283b41184086cd032e6309052b7b93431526575fa9139e15
          ack seal C:\Users\Quant\AppData\Local\Temp\TestDeliveryOfflineTool_ConvertsAndRefusesWhileADaemonHoldsTheLo3845452469\001\.qompack\state\delivery-ack-position.json: v2, seq 2, 1 entries, 258 bytes
          ack journal C:\Users\Quant\AppData\Local\Temp\TestDeliveryOfflineTool_ConvertsAndRefusesWhileADaemonHoldsTheLo3845452469\001\.qompack\state\delivery-acks.jsonl: loads, 1 entries, 258 bytes, chain sha256:5ca0c2f7a6d63742f7c6cb0b0563dfd1b738c05a36ac9269e9a317b05ecbc0a2
          lease seal C:\Users\Quant\AppData\Local\Temp\TestDeliveryOfflineTool_ConvertsAndRefusesWhileADaemonHoldsTheLo3845452469\001\.qompack\state\delivery-lease-position.json: wrote v1 at 2 entries, 576 bytes (it sealed 2 entries, 576 bytes)
    delivery_seal_tool_test.go:610: report:
    delivery_seal_tool_test.go:615: report:
        delivery-seal: C:\Users\Quant\AppData\Local\Temp\TestDeliveryOfflineTool_ConvertsAndRefusesWhileADaemonHoldsTheLo3845452469\001
          lease seal C:\Users\Quant\AppData\Local\Temp\TestDeliveryOfflineTool_ConvertsAndRefusesWhileADaemonHoldsTheLo3845452469\001\.qompack\state\delivery-lease-position.json: v1, 2 entries, 576 bytes
          lease journal C:\Users\Quant\AppData\Local\Temp\TestDeliveryOfflineTool_ConvertsAndRefusesWhileADaemonHoldsTheLo3845452469\001\.qompack\state\delivery-leases.jsonl: loads, 2 entries, 576 bytes, chain sha256:da4ee95f48b63dfa283b41184086cd032e6309052b7b93431526575fa9139e15
          ack seal C:\Users\Quant\AppData\Local\Temp\TestDeliveryOfflineTool_ConvertsAndRefusesWhileADaemonHoldsTheLo3845452469\001\.qompack\state\delivery-ack-position.json: v2, seq 2, 1 entries, 258 bytes
          ack journal C:\Users\Quant\AppData\Local\Temp\TestDeliveryOfflineTool_ConvertsAndRefusesWhileADaemonHoldsTheLo3845452469\001\.qompack\state\delivery-acks.jsonl: loads, 1 entries, 258 bytes, chain sha256:5ca0c2f7a6d63742f7c6cb0b0563dfd1b738c05a36ac9269e9a317b05ecbc0a2
          lease seal C:\Users\Quant\AppData\Local\Temp\TestDeliveryOfflineTool_ConvertsAndRefusesWhileADaemonHoldsTheLo3845452469\001\.qompack\state\delivery-lease-position.json: wrote v1 at 2 entries, 576 bytes (it sealed 2 entries, 576 bytes)
          ack seal C:\Users\Quant\AppData\Local\Temp\TestDeliveryOfflineTool_ConvertsAndRefusesWhileADaemonHoldsTheLo3845452469\001\.qompack\state\delivery-ack-position.json: wrote v1 at 1 entries, 258 bytes (it sealed 1 entries, 258 bytes)
=== RUN   TestDeliveryOfflineTool_ConvertsAndRefusesWhileADaemonHoldsTheLock/converts_both_seals_to_v1_after_a_check_that_writes_nothing
    delivery_seal_tool_test.go:637: report:
        delivery-seal: C:\Users\Quant\AppData\Local\Temp\TestDeliveryOfflineTool_ConvertsAndRefusesWhileADaemonHoldsTheLo534752046\001
          lease seal C:\Users\Quant\AppData\Local\Temp\TestDeliveryOfflineTool_ConvertsAndRefusesWhileADaemonHoldsTheLo534752046\001\.qompack\state\delivery-lease-position.json: v2, seq 3, 2 entries, 576 bytes
          lease journal C:\Users\Quant\AppData\Local\Temp\TestDeliveryOfflineTool_ConvertsAndRefusesWhileADaemonHoldsTheLo534752046\001\.qompack\state\delivery-leases.jsonl: loads, 2 entries, 576 bytes, chain sha256:da4ee95f48b63dfa283b41184086cd032e6309052b7b93431526575fa9139e15
          ack seal C:\Users\Quant\AppData\Local\Temp\TestDeliveryOfflineTool_ConvertsAndRefusesWhileADaemonHoldsTheLo534752046\001\.qompack\state\delivery-ack-position.json: v2, seq 2, 1 entries, 258 bytes
          ack journal C:\Users\Quant\AppData\Local\Temp\TestDeliveryOfflineTool_ConvertsAndRefusesWhileADaemonHoldsTheLo534752046\001\.qompack\state\delivery-acks.jsonl: loads, 1 entries, 258 bytes, chain sha256:5ca0c2f7a6d63742f7c6cb0b0563dfd1b738c05a36ac9269e9a317b05ecbc0a2
          checked; nothing was written
    delivery_seal_tool_test.go:649: report:
        delivery-seal: C:\Users\Quant\AppData\Local\Temp\TestDeliveryOfflineTool_ConvertsAndRefusesWhileADaemonHoldsTheLo534752046\001
          lease seal C:\Users\Quant\AppData\Local\Temp\TestDeliveryOfflineTool_ConvertsAndRefusesWhileADaemonHoldsTheLo534752046\001\.qompack\state\delivery-lease-position.json: v2, seq 3, 2 entries, 576 bytes
          lease journal C:\Users\Quant\AppData\Local\Temp\TestDeliveryOfflineTool_ConvertsAndRefusesWhileADaemonHoldsTheLo534752046\001\.qompack\state\delivery-leases.jsonl: loads, 2 entries, 576 bytes, chain sha256:da4ee95f48b63dfa283b41184086cd032e6309052b7b93431526575fa9139e15
          ack seal C:\Users\Quant\AppData\Local\Temp\TestDeliveryOfflineTool_ConvertsAndRefusesWhileADaemonHoldsTheLo534752046\001\.qompack\state\delivery-ack-position.json: v2, seq 2, 1 entries, 258 bytes
          ack journal C:\Users\Quant\AppData\Local\Temp\TestDeliveryOfflineTool_ConvertsAndRefusesWhileADaemonHoldsTheLo534752046\001\.qompack\state\delivery-acks.jsonl: loads, 1 entries, 258 bytes, chain sha256:5ca0c2f7a6d63742f7c6cb0b0563dfd1b738c05a36ac9269e9a317b05ecbc0a2
          lease seal C:\Users\Quant\AppData\Local\Temp\TestDeliveryOfflineTool_ConvertsAndRefusesWhileADaemonHoldsTheLo534752046\001\.qompack\state\delivery-lease-position.json: wrote v1 at 2 entries, 576 bytes (it sealed 2 entries, 576 bytes)
          ack seal C:\Users\Quant\AppData\Local\Temp\TestDeliveryOfflineTool_ConvertsAndRefusesWhileADaemonHoldsTheLo534752046\001\.qompack\state\delivery-ack-position.json: wrote v1 at 1 entries, 258 bytes (it sealed 1 entries, 258 bytes)
=== RUN   TestDeliveryOfflineTool_ConvertsAndRefusesWhileADaemonHoldsTheLock/a_rerun_reads_the_v1_seals_it_wrote_and_converts_what_is_left
    delivery_seal_tool_test.go:677: report:
        delivery-seal: C:\Users\Quant\AppData\Local\Temp\TestDeliveryOfflineTool_ConvertsAndRefusesWhileADaemonHoldsTheLo3560891721\001
          lease seal C:\Users\Quant\AppData\Local\Temp\TestDeliveryOfflineTool_ConvertsAndRefusesWhileADaemonHoldsTheLo3560891721\001\.qompack\state\delivery-lease-position.json: v2, seq 3, 2 entries, 576 bytes
          lease journal C:\Users\Quant\AppData\Local\Temp\TestDeliveryOfflineTool_ConvertsAndRefusesWhileADaemonHoldsTheLo3560891721\001\.qompack\state\delivery-leases.jsonl: loads, 2 entries, 576 bytes, chain sha256:da4ee95f48b63dfa283b41184086cd032e6309052b7b93431526575fa9139e15
          ack seal C:\Users\Quant\AppData\Local\Temp\TestDeliveryOfflineTool_ConvertsAndRefusesWhileADaemonHoldsTheLo3560891721\001\.qompack\state\delivery-ack-position.json: v2, seq 2, 1 entries, 258 bytes
          ack journal C:\Users\Quant\AppData\Local\Temp\TestDeliveryOfflineTool_ConvertsAndRefusesWhileADaemonHoldsTheLo3560891721\001\.qompack\state\delivery-acks.jsonl: loads, 1 entries, 258 bytes, chain sha256:5ca0c2f7a6d63742f7c6cb0b0563dfd1b738c05a36ac9269e9a317b05ecbc0a2
          lease seal C:\Users\Quant\AppData\Local\Temp\TestDeliveryOfflineTool_ConvertsAndRefusesWhileADaemonHoldsTheLo3560891721\001\.qompack\state\delivery-lease-position.json: wrote v1 at 2 entries, 576 bytes (it sealed 2 entries, 576 bytes)
          ack seal C:\Users\Quant\AppData\Local\Temp\TestDeliveryOfflineTool_ConvertsAndRefusesWhileADaemonHoldsTheLo3560891721\001\.qompack\state\delivery-ack-position.json: wrote v1 at 1 entries, 258 bytes (it sealed 1 entries, 258 bytes)
    delivery_seal_tool_test.go:689: report:
        delivery-seal: C:\Users\Quant\AppData\Local\Temp\TestDeliveryOfflineTool_ConvertsAndRefusesWhileADaemonHoldsTheLo3560891721\001
          lease seal C:\Users\Quant\AppData\Local\Temp\TestDeliveryOfflineTool_ConvertsAndRefusesWhileADaemonHoldsTheLo3560891721\001\.qompack\state\delivery-lease-position.json: v1, 2 entries, 576 bytes
          lease journal C:\Users\Quant\AppData\Local\Temp\TestDeliveryOfflineTool_ConvertsAndRefusesWhileADaemonHoldsTheLo3560891721\001\.qompack\state\delivery-leases.jsonl: loads, 2 entries, 576 bytes, chain sha256:da4ee95f48b63dfa283b41184086cd032e6309052b7b93431526575fa9139e15
          ack seal C:\Users\Quant\AppData\Local\Temp\TestDeliveryOfflineTool_ConvertsAndRefusesWhileADaemonHoldsTheLo3560891721\001\.qompack\state\delivery-ack-position.json: v1, 1 entries, 258 bytes
          ack journal C:\Users\Quant\AppData\Local\Temp\TestDeliveryOfflineTool_ConvertsAndRefusesWhileADaemonHoldsTheLo3560891721\001\.qompack\state\delivery-acks.jsonl: loads, 1 entries, 258 bytes, chain sha256:5ca0c2f7a6d63742f7c6cb0b0563dfd1b738c05a36ac9269e9a317b05ecbc0a2
          checked; nothing was written
    delivery_seal_tool_test.go:694: report:
        delivery-seal: C:\Users\Quant\AppData\Local\Temp\TestDeliveryOfflineTool_ConvertsAndRefusesWhileADaemonHoldsTheLo3560891721\001
          lease seal C:\Users\Quant\AppData\Local\Temp\TestDeliveryOfflineTool_ConvertsAndRefusesWhileADaemonHoldsTheLo3560891721\001\.qompack\state\delivery-lease-position.json: v1, 2 entries, 576 bytes
          lease journal C:\Users\Quant\AppData\Local\Temp\TestDeliveryOfflineTool_ConvertsAndRefusesWhileADaemonHoldsTheLo3560891721\001\.qompack\state\delivery-leases.jsonl: loads, 2 entries, 576 bytes, chain sha256:da4ee95f48b63dfa283b41184086cd032e6309052b7b93431526575fa9139e15
          ack seal C:\Users\Quant\AppData\Local\Temp\TestDeliveryOfflineTool_ConvertsAndRefusesWhileADaemonHoldsTheLo3560891721\001\.qompack\state\delivery-ack-position.json: v1, 1 entries, 258 bytes
          ack journal C:\Users\Quant\AppData\Local\Temp\TestDeliveryOfflineTool_ConvertsAndRefusesWhileADaemonHoldsTheLo3560891721\001\.qompack\state\delivery-acks.jsonl: loads, 1 entries, 258 bytes, chain sha256:5ca0c2f7a6d63742f7c6cb0b0563dfd1b738c05a36ac9269e9a317b05ecbc0a2
          lease seal C:\Users\Quant\AppData\Local\Temp\TestDeliveryOfflineTool_ConvertsAndRefusesWhileADaemonHoldsTheLo3560891721\001\.qompack\state\delivery-lease-position.json: wrote v1 at 2 entries, 576 bytes (it sealed 2 entries, 576 bytes)
          ack seal C:\Users\Quant\AppData\Local\Temp\TestDeliveryOfflineTool_ConvertsAndRefusesWhileADaemonHoldsTheLo3560891721\001\.qompack\state\delivery-ack-position.json: wrote v1 at 1 entries, 258 bytes (it sealed 1 entries, 258 bytes)
=== RUN   TestDeliveryOfflineTool_ConvertsAndRefusesWhileADaemonHoldsTheLock/refuses_to_convert_a_journal_that_does_not_load
    delivery_seal_tool_test.go:709: report:
        delivery-seal: C:\Users\Quant\AppData\Local\Temp\TestDeliveryOfflineTool_ConvertsAndRefusesWhileADaemonHoldsTheLo621658849\001
          lease seal C:\Users\Quant\AppData\Local\Temp\TestDeliveryOfflineTool_ConvertsAndRefusesWhileADaemonHoldsTheLo621658849\001\.qompack\state\delivery-lease-position.json: v2, seq 3, 2 entries, 576 bytes
=== RUN   TestDeliveryOfflineTool_ConvertsAndRefusesWhileADaemonHoldsTheLock/refuses_to_convert_either_seal_when_the_ACK_journal_does_not_load
    delivery_seal_tool_test.go:730: report:
        delivery-seal: C:\Users\Quant\AppData\Local\Temp\TestDeliveryOfflineTool_ConvertsAndRefusesWhileADaemonHoldsTheLo25792274\001
          lease seal C:\Users\Quant\AppData\Local\Temp\TestDeliveryOfflineTool_ConvertsAndRefusesWhileADaemonHoldsTheLo25792274\001\.qompack\state\delivery-lease-position.json: v2, seq 3, 2 entries, 576 bytes
          lease journal C:\Users\Quant\AppData\Local\Temp\TestDeliveryOfflineTool_ConvertsAndRefusesWhileADaemonHoldsTheLo25792274\001\.qompack\state\delivery-leases.jsonl: loads, 2 entries, 576 bytes, chain sha256:da4ee95f48b63dfa283b41184086cd032e6309052b7b93431526575fa9139e15
          ack seal C:\Users\Quant\AppData\Local\Temp\TestDeliveryOfflineTool_ConvertsAndRefusesWhileADaemonHoldsTheLo25792274\001\.qompack\state\delivery-ack-position.json: v2, seq 2, 1 entries, 258 bytes
=== RUN   TestDeliveryOfflineTool_ConvertsAndRefusesWhileADaemonHoldsTheLock/refuses_an_acknowledgement_journal_whose_lease_journal_is_gone,_holding_an_acknowledgement
    delivery_seal_tool_test.go:769: report:
        delivery-seal: C:\Users\Quant\AppData\Local\Temp\TestDeliveryOfflineTool_ConvertsAndRefusesWhileADaemonHoldsTheLo3395150644\001
=== RUN   TestDeliveryOfflineTool_ConvertsAndRefusesWhileADaemonHoldsTheLock/refuses_an_acknowledgement_journal_whose_lease_journal_is_gone,_empty,_so_that_nothing_else_refuses_it
    delivery_seal_tool_test.go:769: report:
        delivery-seal: C:\Users\Quant\AppData\Local\Temp\TestDeliveryOfflineTool_ConvertsAndRefusesWhileADaemonHoldsTheLo2216768517\001
=== RUN   TestDeliveryOfflineTool_ConvertsAndRefusesWhileADaemonHoldsTheLock/refuses_a_seal_whose_older_record_is_not_a_prefix_of_this_journal
    delivery_seal_tool_test.go:822: report:
        delivery-seal: C:\Users\Quant\AppData\Local\Temp\TestDeliveryOfflineTool_ConvertsAndRefusesWhileADaemonHoldsTheLo3532963329\001
          lease seal C:\Users\Quant\AppData\Local\Temp\TestDeliveryOfflineTool_ConvertsAndRefusesWhileADaemonHoldsTheLo3532963329\001\.qompack\state\delivery-lease-position.json: v2, seq 4, 3 entries, 864 bytes
=== RUN   TestDeliveryOfflineTool_ConvertsAndRefusesWhileADaemonHoldsTheLock/refuses_a_half-present_pair:_the_journal_is_there_and_its_seal_is_gone
    delivery_seal_tool_test.go:847: report:
        delivery-seal: C:\Users\Quant\AppData\Local\Temp\TestDeliveryOfflineTool_ConvertsAndRefusesWhileADaemonHoldsTheLo3022497906\001
=== RUN   TestDeliveryOfflineTool_ConvertsAndRefusesWhileADaemonHoldsTheLock/refuses_a_half-present_pair:_the_seal_is_there_and_its_journal_is_gone
    delivery_seal_tool_test.go:847: report:
        delivery-seal: C:\Users\Quant\AppData\Local\Temp\TestDeliveryOfflineTool_ConvertsAndRefusesWhileADaemonHoldsTheLo2990567451\001
=== RUN   TestDeliveryOfflineTool_ConvertsAndRefusesWhileADaemonHoldsTheLock/reports_a_project_with_no_delivery_journal
    delivery_seal_tool_test.go:860: report:
        delivery-seal: C:\Users\Quant\AppData\Local\Temp\TestDeliveryOfflineTool_ConvertsAndRefusesWhileADaemonHoldsTheLo2292413323\001
          no delivery journal in this project; nothing to check
=== RUN   TestDeliveryOfflineTool_ConvertsAndRefusesWhileADaemonHoldsTheLock/a_torn_slot_is_refused_without_consent
    delivery_seal_tool_test.go:874: report:
        delivery-seal: C:\Users\Quant\AppData\Local\Temp\TestDeliveryOfflineTool_ConvertsAndRefusesWhileADaemonHoldsTheLo186870878\001
    delivery_seal_tool_test.go:878: report:
=== RUN   TestDeliveryOfflineTool_ConvertsAndRefusesWhileADaemonHoldsTheLock/a_conversion_refuses_when_the_acceptance_could_not_be_reported
    delivery_seal_tool_test.go:909: report:
        delivery-seal: C:\Users\Quant\AppData\Local\Temp\TestDeliveryOfflineTool_ConvertsAndRefusesWhileADaemonHoldsTheLo983218647\001
          lease seal C:\Users\Quant\AppData\Local\Temp\TestDeliveryOfflineTool_ConvertsAndRefusesWhileADaemonHoldsTheLo983218647\001\.qompack\state\delivery-lease-position.json: v2 with one torn slot; accepting seq 2, 1 entries, 288 bytes
          lease journal C:\Users\Quant\AppData\Local\Temp\TestDeliveryOfflineTool_ConvertsAndRefusesWhileADaemonHoldsTheLo983218647\001\.qompack\state\delivery-leases.jsonl: loads, 2 entries, 576 bytes, chain sha256:da4ee95f48b63dfa283b41184086cd032e6309052b7b93431526575fa9139e15
          lease: --accept-torn-slot admitted 1 line(s) past the accepted record:
            {"v":1,"delivery":"bbbbbbbbbbbbbbbbbbbbbbbbbbbbbbbbbbbbbbbbbbbbbbbbbbbbbbbbbbbbbbbb","session":"s1","request":"sha256:112e50c3f3819c6e1fddb615c1837bcd020d96b4d817a636933b25020073e112","arrival":2,"observation_id":"sha256:11995782d9207a0434ebaef3169fa78b6d70637967dc642da9f06e6ce52dd8d7"}
          ack seal C:\Users\Quant\AppData\Local\Temp\TestDeliveryOfflineTool_ConvertsAndRefusesWhileADaemonHoldsTheLo983218647\001\.qompack\state\delivery-ack-position.json: v2, seq 2, 1 entries, 258 bytes
          ack journal C:\Users\Quant\AppData\Local\Temp\TestDeliveryOfflineTool_ConvertsAndRefusesWhileADaemonHoldsTheLo983218647\001\.qompack\state\delivery-acks.jsonl: loads, 1 entries, 258 bytes, chain sha256:5ca0c2f7a6d63742f7c6cb0b0563dfd1b738c05a36ac9269e9a317b05ecbc0a2
          lease seal C:\Users\Quant\AppData\Local\Temp\TestDeliveryOfflineTool_ConvertsAndRefusesWhileADaemonHoldsTheLo983218647\001\.qompack\state\delivery-lease-position.json: wrote v1 at 2 entries, 576 bytes (it sealed 1 entries, 288 bytes)
          ack seal C:\Users\Quant\AppData\Local\Temp\TestDeliveryOfflineTool_ConvertsAndRefusesWhileADaemonHoldsTheLo983218647\001\.qompack\state\delivery-ack-position.json: wrote v1 at 1 entries, 258 bytes (it sealed 1 entries, 258 bytes)
=== RUN   TestDeliveryOfflineTool_ConvertsAndRefusesWhileADaemonHoldsTheLock/a_check_whose_report_was_lost_still_reports_nothing_written
=== RUN   TestDeliveryOfflineTool_ConvertsAndRefusesWhileADaemonHoldsTheLock/the_accepted-lines_re-read_refuses_a_from_past_the_file's_end
=== RUN   TestDeliveryOfflineTool_ConvertsAndRefusesWhileADaemonHoldsTheLock/a_confirmed_torn_slot_accepts_the_complete_tail_and_names_it
    delivery_seal_tool_test.go:957: report:
        delivery-seal: C:\Users\Quant\AppData\Local\Temp\TestDeliveryOfflineTool_ConvertsAndRefusesWhileADaemonHoldsTheLo1891824911\001
          lease seal C:\Users\Quant\AppData\Local\Temp\TestDeliveryOfflineTool_ConvertsAndRefusesWhileADaemonHoldsTheLo1891824911\001\.qompack\state\delivery-lease-position.json: v2 with one torn slot; accepting seq 2, 1 entries, 288 bytes
          lease journal C:\Users\Quant\AppData\Local\Temp\TestDeliveryOfflineTool_ConvertsAndRefusesWhileADaemonHoldsTheLo1891824911\001\.qompack\state\delivery-leases.jsonl: loads, 2 entries, 576 bytes, chain sha256:da4ee95f48b63dfa283b41184086cd032e6309052b7b93431526575fa9139e15
          lease: --accept-torn-slot admitted 1 line(s) past the accepted record:
            {"v":1,"delivery":"bbbbbbbbbbbbbbbbbbbbbbbbbbbbbbbbbbbbbbbbbbbbbbbbbbbbbbbbbbbbbbbb","session":"s1","request":"sha256:112e50c3f3819c6e1fddb615c1837bcd020d96b4d817a636933b25020073e112","arrival":2,"observation_id":"sha256:11995782d9207a0434ebaef3169fa78b6d70637967dc642da9f06e6ce52dd8d7"}
          ack seal C:\Users\Quant\AppData\Local\Temp\TestDeliveryOfflineTool_ConvertsAndRefusesWhileADaemonHoldsTheLo1891824911\001\.qompack\state\delivery-ack-position.json: v2, seq 2, 1 entries, 258 bytes
          ack journal C:\Users\Quant\AppData\Local\Temp\TestDeliveryOfflineTool_ConvertsAndRefusesWhileADaemonHoldsTheLo1891824911\001\.qompack\state\delivery-acks.jsonl: loads, 1 entries, 258 bytes, chain sha256:5ca0c2f7a6d63742f7c6cb0b0563dfd1b738c05a36ac9269e9a317b05ecbc0a2
          lease seal C:\Users\Quant\AppData\Local\Temp\TestDeliveryOfflineTool_ConvertsAndRefusesWhileADaemonHoldsTheLo1891824911\001\.qompack\state\delivery-lease-position.json: wrote v1 at 2 entries, 576 bytes (it sealed 1 entries, 288 bytes)
          ack seal C:\Users\Quant\AppData\Local\Temp\TestDeliveryOfflineTool_ConvertsAndRefusesWhileADaemonHoldsTheLo1891824911\001\.qompack\state\delivery-ack-position.json: wrote v1 at 1 entries, 258 bytes (it sealed 1 entries, 258 bytes)
--- PASS: TestDeliveryOfflineTool_ConvertsAndRefusesWhileADaemonHoldsTheLock (11.20s)
    --- PASS: TestDeliveryOfflineTool_ConvertsAndRefusesWhileADaemonHoldsTheLock/refuses_while_a_daemon_holds_the_lock (0.97s)
    --- PASS: TestDeliveryOfflineTool_ConvertsAndRefusesWhileADaemonHoldsTheLock/refuses_once_a_daemon_has_taken_the_lock_over_mid-run (0.72s)
    --- PASS: TestDeliveryOfflineTool_ConvertsAndRefusesWhileADaemonHoldsTheLock/refuses_to_convert_once_a_daemon_has_taken_the_lock_after_the_scan (0.49s)
    --- PASS: TestDeliveryOfflineTool_ConvertsAndRefusesWhileADaemonHoldsTheLock/each_ownership_check_refreshes_the_heartbeat_the_staleness_protocol_reads (0.37s)
    --- PASS: TestDeliveryOfflineTool_ConvertsAndRefusesWhileADaemonHoldsTheLock/a_run_directory_removed_after_the_scan_is_not_reported_as_a_daemon_takeover (0.96s)
    --- PASS: TestDeliveryOfflineTool_ConvertsAndRefusesWhileADaemonHoldsTheLock/a_run_directory_removed_between_the_two_seals_says_how_to_finish_the_pair (0.86s)
    --- PASS: TestDeliveryOfflineTool_ConvertsAndRefusesWhileADaemonHoldsTheLock/a_daemon_that_takes_the_lock_between_the_two_seals_leaves_the_pair_half_converted (0.96s)
    --- PASS: TestDeliveryOfflineTool_ConvertsAndRefusesWhileADaemonHoldsTheLock/converts_both_seals_to_v1_after_a_check_that_writes_nothing (0.58s)
    --- PASS: TestDeliveryOfflineTool_ConvertsAndRefusesWhileADaemonHoldsTheLock/a_rerun_reads_the_v1_seals_it_wrote_and_converts_what_is_left (0.74s)
    --- PASS: TestDeliveryOfflineTool_ConvertsAndRefusesWhileADaemonHoldsTheLock/refuses_to_convert_a_journal_that_does_not_load (0.33s)
    --- PASS: TestDeliveryOfflineTool_ConvertsAndRefusesWhileADaemonHoldsTheLock/refuses_to_convert_either_seal_when_the_ACK_journal_does_not_load (0.35s)
    --- PASS: TestDeliveryOfflineTool_ConvertsAndRefusesWhileADaemonHoldsTheLock/refuses_an_acknowledgement_journal_whose_lease_journal_is_gone,_holding_an_acknowledgement (0.32s)
    --- PASS: TestDeliveryOfflineTool_ConvertsAndRefusesWhileADaemonHoldsTheLock/refuses_an_acknowledgement_journal_whose_lease_journal_is_gone,_empty,_so_that_nothing_else_refuses_it (0.31s)
    --- PASS: TestDeliveryOfflineTool_ConvertsAndRefusesWhileADaemonHoldsTheLock/refuses_a_seal_whose_older_record_is_not_a_prefix_of_this_journal (0.35s)
    --- PASS: TestDeliveryOfflineTool_ConvertsAndRefusesWhileADaemonHoldsTheLock/refuses_a_half-present_pair:_the_journal_is_there_and_its_seal_is_gone (0.26s)
    --- PASS: TestDeliveryOfflineTool_ConvertsAndRefusesWhileADaemonHoldsTheLock/refuses_a_half-present_pair:_the_seal_is_there_and_its_journal_is_gone (0.26s)
    --- PASS: TestDeliveryOfflineTool_ConvertsAndRefusesWhileADaemonHoldsTheLock/reports_a_project_with_no_delivery_journal (0.03s)
    --- PASS: TestDeliveryOfflineTool_ConvertsAndRefusesWhileADaemonHoldsTheLock/a_torn_slot_is_refused_without_consent (0.31s)
    --- PASS: TestDeliveryOfflineTool_ConvertsAndRefusesWhileADaemonHoldsTheLock/a_conversion_refuses_when_the_acceptance_could_not_be_reported (0.53s)
    --- PASS: TestDeliveryOfflineTool_ConvertsAndRefusesWhileADaemonHoldsTheLock/a_check_whose_report_was_lost_still_reports_nothing_written (0.34s)
    --- PASS: TestDeliveryOfflineTool_ConvertsAndRefusesWhileADaemonHoldsTheLock/the_accepted-lines_re-read_refuses_a_from_past_the_file's_end (0.25s)
    --- PASS: TestDeliveryOfflineTool_ConvertsAndRefusesWhileADaemonHoldsTheLock/a_confirmed_torn_slot_accepts_the_complete_tail_and_names_it (0.90s)
=== RUN   TestDeliverySeal_OlderSlotMustSealAJournalPrefix
=== RUN   TestDeliverySeal_OlderSlotMustSealAJournalPrefix/an_older_record_that_seals_a_real_prefix_opens
=== RUN   TestDeliverySeal_OlderSlotMustSealAJournalPrefix/a_count_the_journal_never_had_at_those_bytes_refuses
=== RUN   TestDeliverySeal_OlderSlotMustSealAJournalPrefix/a_chain_the_journal_never_had_at_those_bytes_refuses
=== RUN   TestDeliverySeal_OlderSlotMustSealAJournalPrefix/bytes_that_fall_inside_a_line_rather_than_after_one_refuses
=== RUN   TestDeliverySeal_OlderSlotMustSealAJournalPrefix/bytes_of_one_boundary_with_the_count_of_another_refuses
=== RUN   TestDeliverySeal_OlderSlotMustSealAJournalPrefix/the_acknowledgement_journal_checks_its_own_older_record
--- PASS: TestDeliverySeal_OlderSlotMustSealAJournalPrefix (4.93s)
    --- PASS: TestDeliverySeal_OlderSlotMustSealAJournalPrefix/an_older_record_that_seals_a_real_prefix_opens (0.64s)
    --- PASS: TestDeliverySeal_OlderSlotMustSealAJournalPrefix/a_count_the_journal_never_had_at_those_bytes_refuses (0.81s)
    --- PASS: TestDeliverySeal_OlderSlotMustSealAJournalPrefix/a_chain_the_journal_never_had_at_those_bytes_refuses (0.48s)
    --- PASS: TestDeliverySeal_OlderSlotMustSealAJournalPrefix/bytes_that_fall_inside_a_line_rather_than_after_one_refuses (1.29s)
    --- PASS: TestDeliverySeal_OlderSlotMustSealAJournalPrefix/bytes_of_one_boundary_with_the_count_of_another_refuses (0.90s)
    --- PASS: TestDeliverySeal_OlderSlotMustSealAJournalPrefix/the_acknowledgement_journal_checks_its_own_older_record (0.80s)
=== RUN   TestDeliverySegments_InitActiveZeroAndReopen
--- PASS: TestDeliverySegments_InitActiveZeroAndReopen (0.16s)
=== RUN   TestDeliverySegments_SeventyTransitionsAndReopen
--- PASS: TestDeliverySegments_SeventyTransitionsAndReopen (3.70s)
=== RUN   TestDeliverySegments_HeadLossWithLogIsUnavailable
--- PASS: TestDeliverySegments_HeadLossWithLogIsUnavailable (0.10s)
=== RUN   TestDeliverySegments_CompleteTailAdoptedNeverReverts
--- PASS: TestDeliverySegments_CompleteTailAdoptedNeverReverts (0.14s)
=== RUN   TestDeliverySegments_TornTailPreservedAndUnavailable
--- PASS: TestDeliverySegments_TornTailPreservedAndUnavailable (0.09s)
=== RUN   TestDeliverySegments_ConflictingHeadIsRefused
=== RUN   TestDeliverySegments_ConflictingHeadIsRefused/log_bytes_past_eof
=== RUN   TestDeliverySegments_ConflictingHeadIsRefused/active_disagrees_with_record
=== RUN   TestDeliverySegments_ConflictingHeadIsRefused/last_len_past_log_bytes
--- PASS: TestDeliverySegments_ConflictingHeadIsRefused (0.45s)
    --- PASS: TestDeliverySegments_ConflictingHeadIsRefused/log_bytes_past_eof (0.10s)
    --- PASS: TestDeliverySegments_ConflictingHeadIsRefused/active_disagrees_with_record (0.17s)
    --- PASS: TestDeliverySegments_ConflictingHeadIsRefused/last_len_past_log_bytes (0.18s)
=== RUN   TestDeliverySegments_CommitRequiresActiveZeroAndAdvances
--- PASS: TestDeliverySegments_CommitRequiresActiveZeroAndAdvances (0.16s)
=== RUN   TestDeliverySegments_CreateFreshSegmentIdempotentAndConflict
--- PASS: TestDeliverySegments_CreateFreshSegmentIdempotentAndConflict (0.08s)
=== RUN   TestDeliveryTerminal_ArchivedDenialSettlesOrderingWithoutCaptureAck
=== PAUSE TestDeliveryTerminal_ArchivedDenialSettlesOrderingWithoutCaptureAck
=== RUN   TestDeliveryTerminal_RotationDefersDispositionWithoutDeadlock
=== PAUSE TestDeliveryTerminal_RotationDefersDispositionWithoutDeadlock
=== RUN   TestDeliveryTerminal_DrainAfterPhysicalScopeChanges
--- PASS: TestDeliveryTerminal_DrainAfterPhysicalScopeChanges (2.10s)
=== RUN   TestDeliveryTerminal_RetirementBeforeOffsetSurvivesRestart
--- PASS: TestDeliveryTerminal_RetirementBeforeOffsetSurvivesRestart (1.46s)
=== RUN   TestDeliveryTerminal_UnprovedPolicyAndUnavailableJournalRemainPending
=== RUN   TestDeliveryTerminal_UnprovedPolicyAndUnavailableJournalRemainPending/policy_unavailable
=== RUN   TestDeliveryTerminal_UnprovedPolicyAndUnavailableJournalRemainPending/journal_unavailable
=== RUN   TestDeliveryTerminal_UnprovedPolicyAndUnavailableJournalRemainPending/binding_conflict
--- PASS: TestDeliveryTerminal_UnprovedPolicyAndUnavailableJournalRemainPending (2.97s)
    --- PASS: TestDeliveryTerminal_UnprovedPolicyAndUnavailableJournalRemainPending/policy_unavailable (1.10s)
    --- PASS: TestDeliveryTerminal_UnprovedPolicyAndUnavailableJournalRemainPending/journal_unavailable (0.92s)
    --- PASS: TestDeliveryTerminal_UnprovedPolicyAndUnavailableJournalRemainPending/binding_conflict (0.95s)
=== RUN   TestDeliveryTerminal_LiveQueuePolicyChangeCreatesNoCapture
--- PASS: TestDeliveryTerminal_LiveQueuePolicyChangeCreatesNoCapture (0.71s)
=== RUN   TestDeliveryTerminal_DrainWaitsForLivePublicationOwner
--- PASS: TestDeliveryTerminal_DrainWaitsForLivePublicationOwner (0.86s)
=== RUN   TestDeliveryTerminal_RestartRetainsDenialWithoutCaptureACK
--- PASS: TestDeliveryTerminal_RestartRetainsDenialWithoutCaptureACK (0.64s)
=== RUN   TestDeliveryTerminal_RejectsUnknownOrChangedLease
--- PASS: TestDeliveryTerminal_RejectsUnknownOrChangedLease (0.38s)
=== RUN   TestDeliveryTerminal_MalformedEvidenceIsPreservedAndUnavailable
--- PASS: TestDeliveryTerminal_MalformedEvidenceIsPreservedAndUnavailable (0.59s)
=== RUN   TestDeliveryTerminal_StagingArtifactIsNotACompletion
--- PASS: TestDeliveryTerminal_StagingArtifactIsNotACompletion (0.46s)
=== RUN   TestDispatchOp_AReplayIsNotAServedRequest
--- PASS: TestDispatchOp_AReplayIsNotAServedRequest (0.01s)
=== RUN   TestDrainDoesNotRedeliverAnAcknowledgedClientCopy
--- PASS: TestDrainDoesNotRedeliverAnAcknowledgedClientCopy (0.40s)
=== RUN   TestDrainSkipsAnUnadmittableRecordAndDeliversWhatFollows
--- PASS: TestDrainSkipsAnUnadmittableRecordAndDeliversWhatFollows (0.43s)
=== RUN   TestDrainReportsADeniedRecordAsAGapAndMovesOn
--- PASS: TestDrainReportsADeniedRecordAsAGapAndMovesOn (0.40s)
=== RUN   TestDrainPersistsADegradedCaptureAsEvidence
--- PASS: TestDrainPersistsADegradedCaptureAsEvidence (0.45s)
=== RUN   TestDrain_ControlLinesPublishNoCaptureSidecar
=== RUN   TestDrain_ControlLinesPublishNoCaptureSidecar/flush
=== RUN   TestDrain_ControlLinesPublishNoCaptureSidecar/checkpoint
=== RUN   TestDrain_ControlLinesPublishNoCaptureSidecar/session.start
--- PASS: TestDrain_ControlLinesPublishNoCaptureSidecar (1.78s)
    --- PASS: TestDrain_ControlLinesPublishNoCaptureSidecar/flush (0.72s)
    --- PASS: TestDrain_ControlLinesPublishNoCaptureSidecar/checkpoint (0.56s)
    --- PASS: TestDrain_ControlLinesPublishNoCaptureSidecar/session.start (0.49s)
=== RUN   TestNewDrainerIssuesTheRealSyncsByDefault
--- PASS: TestNewDrainerIssuesTheRealSyncsByDefault (0.00s)
=== RUN   TestDrainTakesNothingOfAFreshSegmentBeforeItsFirstSyncReturns
--- PASS: TestDrainTakesNothingOfAFreshSegmentBeforeItsFirstSyncReturns (0.42s)
=== RUN   TestDrainReadsAHeldSegmentNoFurtherThanItsStat
--- PASS: TestDrainReadsAHeldSegmentNoFurtherThanItsStat (0.15s)
=== RUN   TestDrainLeavesBytesAppendedAfterItsSyncForTheNextPass
--- PASS: TestDrainLeavesBytesAppendedAfterItsSyncForTheNextPass (0.23s)
=== RUN   TestDrainFsyncsASpoolFileOnAHandleOfItsOwnBeforeItsFirstDispatch
--- PASS: TestDrainFsyncsASpoolFileOnAHandleOfItsOwnBeforeItsFirstDispatch (0.27s)
=== RUN   TestDrainCountsTheBytesOfAFileItCouldNotSyncAsPending
--- PASS: TestDrainCountsTheBytesOfAFileItCouldNotSyncAsPending (0.32s)
=== RUN   TestDrainSyncsTheSpoolDirectoryOncePerPassBeforeItConsumesASyncedFile
--- PASS: TestDrainSyncsTheSpoolDirectoryOncePerPassBeforeItConsumesASyncedFile (1.65s)
=== RUN   TestDrainAnnouncesAFileItCannotSyncOncePerFailure
--- PASS: TestDrainAnnouncesAFileItCannotSyncOncePerFailure (0.35s)
=== RUN   TestDrainRecoversFromACrashThatTookAHeldSegmentsUnsyncedTail
--- PASS: TestDrainRecoversFromACrashThatTookAHeldSegmentsUnsyncedTail (0.18s)
=== RUN   TestDrainRefusesProgressWhoseFileLostItsDurableBytes
=== RUN   TestDrainRefusesProgressWhoseFileLostItsDurableBytes/a_file_truncated_below_the_bytes_the_drain_consumed
=== RUN   TestDrainRefusesProgressWhoseFileLostItsDurableBytes/a_file_replaced_by_different_bytes,_short_of_the_bound_its_progress_names
=== RUN   TestDrainRefusesProgressWhoseFileLostItsDurableBytes/a_held_segment_that_comes_back_short_of_the_synced_size_it_recorded
--- PASS: TestDrainRefusesProgressWhoseFileLostItsDurableBytes (0.43s)
    --- PASS: TestDrainRefusesProgressWhoseFileLostItsDurableBytes/a_file_truncated_below_the_bytes_the_drain_consumed (0.12s)
    --- PASS: TestDrainRefusesProgressWhoseFileLostItsDurableBytes/a_file_replaced_by_different_bytes,_short_of_the_bound_its_progress_names (0.11s)
    --- PASS: TestDrainRefusesProgressWhoseFileLostItsDurableBytes/a_held_segment_that_comes_back_short_of_the_synced_size_it_recorded (0.20s)
=== RUN   TestDrainConsumesNothingOfAFileWhoseFsyncFailed
--- PASS: TestDrainConsumesNothingOfAFileWhoseFsyncFailed (0.28s)
=== RUN   TestDrainConsumesNothingWhenItCannotCloseTheHandleItSynced
--- PASS: TestDrainConsumesNothingWhenItCannotCloseTheHandleItSynced (0.14s)
=== RUN   TestDrainSyncNeverCreatesASpoolFileThatIsGone
--- PASS: TestDrainSyncNeverCreatesASpoolFileThatIsGone (0.26s)
=== RUN   TestIngest_SyncedWALAdvancesOnlyPastASyncThatReturned
=== RUN   TestIngest_SyncedWALAdvancesOnlyPastASyncThatReturned/a_batch_in_flight_adds_nothing_until_its_Sync_returns
=== RUN   TestIngest_SyncedWALAdvancesOnlyPastASyncThatReturned/a_failed_Sync_freezes_it_until_a_segment_is_opened
=== RUN   TestIngest_SyncedWALAdvancesOnlyPastASyncThatReturned/a_segment_closed_by_CloseSession_or_Close_is_not_held
=== RUN   TestIngest_SyncedWALAdvancesOnlyPastASyncThatReturned/a_segment_opened_over_bytes_it_did_not_write_counts_none_of_them_synced
=== RUN   TestIngest_SyncedWALAdvancesOnlyPastASyncThatReturned/a_Sync_that_panics_freezes_it
--- PASS: TestIngest_SyncedWALAdvancesOnlyPastASyncThatReturned (0.68s)
    --- PASS: TestIngest_SyncedWALAdvancesOnlyPastASyncThatReturned/a_batch_in_flight_adds_nothing_until_its_Sync_returns (0.37s)
    --- PASS: TestIngest_SyncedWALAdvancesOnlyPastASyncThatReturned/a_failed_Sync_freezes_it_until_a_segment_is_opened (0.17s)
    --- PASS: TestIngest_SyncedWALAdvancesOnlyPastASyncThatReturned/a_segment_closed_by_CloseSession_or_Close_is_not_held (0.04s)
    --- PASS: TestIngest_SyncedWALAdvancesOnlyPastASyncThatReturned/a_segment_opened_over_bytes_it_did_not_write_counts_none_of_them_synced (0.06s)
    --- PASS: TestIngest_SyncedWALAdvancesOnlyPastASyncThatReturned/a_Sync_that_panics_freezes_it (0.05s)
=== RUN   TestDrainNeverLeasesAWALLineBeforeItsSyncReturns
=== RUN   TestDrainNeverLeasesAWALLineBeforeItsSyncReturns/wired_as_the_daemon_wires_it,_a_pass_takes_nothing_past_the_synced_size
=== RUN   TestDrainNeverLeasesAWALLineBeforeItsSyncReturns/a_drainer_with_no_ingest_behind_it_syncs_the_segment_before_it_leases
--- PASS: TestDrainNeverLeasesAWALLineBeforeItsSyncReturns (2.52s)
    --- PASS: TestDrainNeverLeasesAWALLineBeforeItsSyncReturns/wired_as_the_daemon_wires_it,_a_pass_takes_nothing_past_the_synced_size (1.52s)
    --- PASS: TestDrainNeverLeasesAWALLineBeforeItsSyncReturns/a_drainer_with_no_ingest_behind_it_syncs_the_segment_before_it_leases (1.00s)
=== RUN   TestDrainSyncsAFileTheIngestDoesNotHoldBeforeItsFirstLease
--- PASS: TestDrainSyncsAFileTheIngestDoesNotHoldBeforeItsFirstLease (2.18s)
=== RUN   TestDrainLeasesNothingFromAFileItCouldNotSync
--- PASS: TestDrainLeasesNothingFromAFileItCouldNotSync (1.39s)
=== RUN   TestDrainSyncsASpoolFileAHookStillHasOpen
--- PASS: TestDrainSyncsASpoolFileAHookStillHasOpen (0.31s)
=== RUN   TestCarriedDefect_SP05D1_IdleBudgetExpiryLeavesInterruptedLinePending
=== RUN   TestCarriedDefect_SP05D1_IdleBudgetExpiryLeavesInterruptedLinePending/restart_redelivers_the_interrupted_line
=== RUN   TestCarriedDefect_SP05D1_IdleBudgetExpiryLeavesInterruptedLinePending/same_process_retries_the_interrupted_line
--- PASS: TestCarriedDefect_SP05D1_IdleBudgetExpiryLeavesInterruptedLinePending (0.47s)
    --- PASS: TestCarriedDefect_SP05D1_IdleBudgetExpiryLeavesInterruptedLinePending/restart_redelivers_the_interrupted_line (0.29s)
    --- PASS: TestCarriedDefect_SP05D1_IdleBudgetExpiryLeavesInterruptedLinePending/same_process_retries_the_interrupted_line (0.18s)
=== RUN   TestDrainKeepsTheWALTheIngestHoldsForAnUnregisteredSession
=== PAUSE TestDrainKeepsTheWALTheIngestHoldsForAnUnregisteredSession
=== RUN   TestDrainKeepsTheWALOfASessionLiveByTrafficAlone
=== PAUSE TestDrainKeepsTheWALOfASessionLiveByTrafficAlone
=== RUN   TestDrainDoesNotRemoveAWALThatGrewBeforeTheRemovalDecision
=== PAUSE TestDrainDoesNotRemoveAWALThatGrewBeforeTheRemovalDecision
=== RUN   TestDrainPassIsBoundedByItsOwnSnapshotOfAGrowingSpoolFile
=== PAUSE TestDrainPassIsBoundedByItsOwnSnapshotOfAGrowingSpoolFile
=== RUN   TestDrainRemovesClosedRotatedSegmentsAndKeepsTheHeldOne
=== PAUSE TestDrainRemovesClosedRotatedSegmentsAndKeepsTheHeldOne
=== RUN   TestStragglerAfterSessionEndIsNotLostWithItsReopenedSegment
=== PAUSE TestStragglerAfterSessionEndIsNotLostWithItsReopenedSegment
=== RUN   TestIngestRemoveDrainedWALRefusesHeldAndGrownSegments
=== PAUSE TestIngestRemoveDrainedWALRefusesHeldAndGrownSegments
=== RUN   TestIngestHoldsWALAnswersForTheCurrentSegmentOnly
=== PAUSE TestIngestHoldsWALAnswersForTheCurrentSegmentOnly
=== RUN   TestCarriedDefect_SP08D3_ReplayedPromptIsCapturedAtTurnZero
--- PASS: TestCarriedDefect_SP08D3_ReplayedPromptIsCapturedAtTurnZero (0.94s)
=== RUN   TestSP08D3_DistinctSameTextRepliesStayDistinct
--- PASS: TestSP08D3_DistinctSameTextRepliesStayDistinct (0.73s)
=== RUN   TestSP08D3_CaptureFailureIsNotAcknowledged
--- PASS: TestSP08D3_CaptureFailureIsNotAcknowledged (0.36s)
=== RUN   TestSP08D3_ReplayThroughRunIngestedEmitsNoOutput
--- PASS: TestSP08D3_ReplayThroughRunIngestedEmitsNoOutput (0.18s)
=== RUN   TestDrainRoundTripsACleanupIntentThroughTheRecordCodec
=== RUN   TestDrainRoundTripsACleanupIntentThroughTheRecordCodec/the_intents_a_record_holds_survive_the_write_and_the_read
=== RUN   TestDrainRoundTripsACleanupIntentThroughTheRecordCodec/a_later_pass_removes_the_blob_an_inherited_intent_names
--- PASS: TestDrainRoundTripsACleanupIntentThroughTheRecordCodec (0.09s)
    --- PASS: TestDrainRoundTripsACleanupIntentThroughTheRecordCodec/the_intents_a_record_holds_survive_the_write_and_the_read (0.03s)
    --- PASS: TestDrainRoundTripsACleanupIntentThroughTheRecordCodec/a_later_pass_removes_the_blob_an_inherited_intent_names (0.07s)
=== RUN   TestDrainKeepsTheDurableBoundItRecordedWhenASegmentIsReopenedBelowIt
--- PASS: TestDrainKeepsTheDurableBoundItRecordedWhenASegmentIsReopenedBelowIt (0.10s)
=== RUN   TestDrainDoesNotKeepARawStatBoundItDidNotRecord
=== RUN   TestDrainDoesNotKeepARawStatBoundItDidNotRecord/a_record_written_before_the_mark,_whose_size_names_the_unsynced_tail
=== RUN   TestDrainDoesNotKeepARawStatBoundItDidNotRecord/a_record_this_code_wrote,_whose_size_names_only_durable_bytes
--- PASS: TestDrainDoesNotKeepARawStatBoundItDidNotRecord (0.29s)
    --- PASS: TestDrainDoesNotKeepARawStatBoundItDidNotRecord/a_record_written_before_the_mark,_whose_size_names_the_unsynced_tail (0.16s)
    --- PASS: TestDrainDoesNotKeepARawStatBoundItDidNotRecord/a_record_this_code_wrote,_whose_size_names_only_durable_bytes (0.13s)
=== RUN   TestDrainWritesALoadableRecordWhenAFileShrinksUnderThePass
--- PASS: TestDrainWritesALoadableRecordWhenAFileShrinksUnderThePass (0.20s)
=== RUN   TestDrainDoesNotMarkASizeThatRestsOnALegacyOffset
--- PASS: TestDrainDoesNotMarkASizeThatRestsOnALegacyOffset (0.16s)
=== RUN   TestDrainKeepsTheProvenanceOfARecordItDidNotVisit
--- PASS: TestDrainKeepsTheProvenanceOfARecordItDidNotVisit (0.09s)
=== RUN   TestDrainRejectedResponseIsRetryableAfterRestart
--- PASS: TestDrainRejectedResponseIsRetryableAfterRestart (0.18s)
=== RUN   TestDrainCanceledRejectedHandlerLeavesCurrentLinePending
--- PASS: TestDrainCanceledRejectedHandlerLeavesCurrentLinePending (0.12s)
=== RUN   TestDrainTrailingIncompleteLineWaitsForCompletion
--- PASS: TestDrainTrailingIncompleteLineWaitsForCompletion (0.14s)
=== RUN   TestDrainLoadStateTreatsAFileParentAsNoState
--- PASS: TestDrainLoadStateTreatsAFileParentAsNoState (0.00s)
=== RUN   TestDrainStatePersistenceFailurePreservesSpool
--- PASS: TestDrainStatePersistenceFailurePreservesSpool (0.09s)
=== RUN   TestDrainRejectedBlobResponseRetainsBlobForRestart
--- PASS: TestDrainRejectedBlobResponseRetainsBlobForRestart (0.13s)
=== RUN   TestDrainRestartCleansPersistedBlobWithoutRedispatching
--- PASS: TestDrainRestartCleansPersistedBlobWithoutRedispatching (0.07s)
=== RUN   TestDrainRestartCleansPriorBlobBeforeRetryingLaterRejectedLine
--- PASS: TestDrainRestartCleansPriorBlobBeforeRetryingLaterRejectedLine (0.13s)
=== RUN   TestDrainWindowsOpenBlobRetainsCleanupIntent
--- PASS: TestDrainWindowsOpenBlobRetainsCleanupIntent (0.09s)
=== RUN   TestDrainCrossFileSharedBlobWaitsForLaterRetry
--- PASS: TestDrainCrossFileSharedBlobWaitsForLaterRetry (0.17s)
=== RUN   TestDrainFreshSeenMayRedeliverWithoutPersistedOffset
--- PASS: TestDrainFreshSeenMayRedeliverWithoutPersistedOffset (0.06s)
=== RUN   TestDrainRejectsInvalidPersistedStateBeforeTouchingRecoveryResources
=== RUN   TestDrainRejectsInvalidPersistedStateBeforeTouchingRecoveryResources/malformed
=== RUN   TestDrainRejectsInvalidPersistedStateBeforeTouchingRecoveryResources/null_state
=== RUN   TestDrainRejectsInvalidPersistedStateBeforeTouchingRecoveryResources/null_file_entry
=== RUN   TestDrainRejectsInvalidPersistedStateBeforeTouchingRecoveryResources/negative_offset
=== RUN   TestDrainRejectsInvalidPersistedStateBeforeTouchingRecoveryResources/offset_beyond_spool_size
=== RUN   TestDrainRejectsInvalidPersistedStateBeforeTouchingRecoveryResources/done_without_complete_offset
--- PASS: TestDrainRejectsInvalidPersistedStateBeforeTouchingRecoveryResources (0.10s)
    --- PASS: TestDrainRejectsInvalidPersistedStateBeforeTouchingRecoveryResources/malformed (0.02s)
    --- PASS: TestDrainRejectsInvalidPersistedStateBeforeTouchingRecoveryResources/null_state (0.01s)
    --- PASS: TestDrainRejectsInvalidPersistedStateBeforeTouchingRecoveryResources/null_file_entry (0.01s)
    --- PASS: TestDrainRejectsInvalidPersistedStateBeforeTouchingRecoveryResources/negative_offset (0.02s)
    --- PASS: TestDrainRejectsInvalidPersistedStateBeforeTouchingRecoveryResources/offset_beyond_spool_size (0.02s)
    --- PASS: TestDrainRejectsInvalidPersistedStateBeforeTouchingRecoveryResources/done_without_complete_offset (0.01s)
=== RUN   TestDrainKeepsItsProgressLoadableWhenAStragglerReopensADrainedSegment
--- PASS: TestDrainKeepsItsProgressLoadableWhenAStragglerReopensADrainedSegment (0.22s)
=== RUN   TestCarriedDefect_SP08D2_ReusedLeaseRedeliveryIsNotIdempotent
--- PASS: TestCarriedDefect_SP08D2_ReusedLeaseRedeliveryIsNotIdempotent (1.26s)
=== RUN   TestDrainForgetsAFileDurablyBeforeUnlinkingIt
=== PAUSE TestDrainForgetsAFileDurablyBeforeUnlinkingIt
=== RUN   TestDrainCrashAtTheUnlinkLeavesNoProgressForARecreatedSegment
=== PAUSE TestDrainCrashAtTheUnlinkLeavesNoProgressForARecreatedSegment
=== RUN   TestDrainRestoresProgressWhenItDoesNotRemoveTheFile
=== PAUSE TestDrainRestoresProgressWhenItDoesNotRemoveTheFile
=== RUN   TestDrainDoesNotForgetASegmentTheIngestHolds
=== PAUSE TestDrainDoesNotForgetASegmentTheIngestHolds
=== RUN   TestDrainCrashBetweenForgettingAndUnlinkingReplaysOnlyWhatTheFrontierLacks
--- PASS: TestDrainCrashBetweenForgettingAndUnlinkingReplaysOnlyWhatTheFrontierLacks (0.51s)
=== RUN   TestDrainStartupForgetsStaleProgressBeforeTheSessionRecreatesItsSegment
=== PAUSE TestDrainStartupForgetsStaleProgressBeforeTheSessionRecreatesItsSegment
=== RUN   TestDrainForgetsReleasedProgressForMissingFilesBeforeReadingAny
=== PAUSE TestDrainForgetsReleasedProgressForMissingFilesBeforeReadingAny
=== RUN   TestDrainForgetsAFileAlreadyGoneAtItsRemoval
=== PAUSE TestDrainForgetsAFileAlreadyGoneAtItsRemoval
=== RUN   TestDrainKeepsProgressWhenItCannotPersistTheForgetting
=== PAUSE TestDrainKeepsProgressWhenItCannotPersistTheForgetting
=== RUN   TestDrainRejectsMismatchedProgressBeforePruningIt
=== PAUSE TestDrainRejectsMismatchedProgressBeforePruningIt
=== RUN   TestDrainKeepsCleanupIntentsForAFileDeletedAfterTheListing
=== PAUSE TestDrainKeepsCleanupIntentsForAFileDeletedAfterTheListing
=== RUN   TestDrainPersistsPerFileBeforeMovingOn
=== PAUSE TestDrainPersistsPerFileBeforeMovingOn
=== RUN   TestDrainPersistsAFileBeforeCleaningUpItsBlobs
=== PAUSE TestDrainPersistsAFileBeforeCleaningUpItsBlobs
=== RUN   TestDrainIsIdempotent
=== PAUSE TestDrainIsIdempotent
=== RUN   TestDrainResumesAfterCancel
=== PAUSE TestDrainResumesAfterCancel
=== RUN   TestDrainResolvesBlobs
=== PAUSE TestDrainResolvesBlobs
=== RUN   TestDrainSurvivesCorruptLine
=== PAUSE TestDrainSurvivesCorruptLine
=== RUN   TestDrainKeepsLiveSessionWAL
=== PAUSE TestDrainKeepsLiveSessionWAL
=== RUN   TestDrainNotesAStaleProgressOnceThenClears
=== PAUSE TestDrainNotesAStaleProgressOnceThenClears
=== RUN   TestWalSessionID
=== PAUSE TestWalSessionID
=== RUN   TestFlush_SessionEndIsOrderedAfterAcceptedArrivals
=== RUN   TestFlush_SessionEndIsOrderedAfterAcceptedArrivals/queued_job_no_worker_has_reached
=== RUN   TestFlush_SessionEndIsOrderedAfterAcceptedArrivals/one_worker_busy_on_another_session
--- PASS: TestFlush_SessionEndIsOrderedAfterAcceptedArrivals (2.90s)
    --- PASS: TestFlush_SessionEndIsOrderedAfterAcceptedArrivals/queued_job_no_worker_has_reached (1.43s)
    --- PASS: TestFlush_SessionEndIsOrderedAfterAcceptedArrivals/one_worker_busy_on_another_session (1.47s)
=== RUN   TestFlush_AnswersOnceDurableNotAfterSessionEnd
--- PASS: TestFlush_AnswersOnceDurableNotAfterSessionEnd (0.73s)
=== RUN   TestFlush_AReplyCallerStillWaitsForTheSessionEnd
--- PASS: TestFlush_AReplyCallerStillWaitsForTheSessionEnd (0.76s)
=== RUN   TestFlush_AnAcceptedFlushSurvivesACrashBeforeTheEnd
--- PASS: TestFlush_AnAcceptedFlushSurvivesACrashBeforeTheEnd (0.73s)
=== RUN   TestFlush_TheHookSpooledCopyOfAnAcceptedFlushEndsTheSessionOnce
--- PASS: TestFlush_TheHookSpooledCopyOfAnAcceptedFlushEndsTheSessionOnce (0.84s)
=== RUN   TestFlush_ADrainedFlushSettlesUpToItsOwnArrival
--- PASS: TestFlush_ADrainedFlushSettlesUpToItsOwnArrival (0.92s)
=== RUN   TestStop_FinishesAnAcceptedSessionEndBeforeItReturns
--- PASS: TestStop_FinishesAnAcceptedSessionEndBeforeItReturns (1.01s)
=== RUN   TestSessionRecovery_ConcurrentEndsLoseNoMarker
--- PASS: TestSessionRecovery_ConcurrentEndsLoseNoMarker (1.38s)
=== RUN   TestFlush_AFlushAcknowledgedDuringShutdownIsMarkedForRecovery
--- PASS: TestFlush_AFlushAcknowledgedDuringShutdownIsMarkedForRecovery (0.35s)
=== RUN   TestStop_IsNotHeldBehindASessionEndsDrain
--- PASS: TestStop_IsNotHeldBehindASessionEndsDrain (1.34s)
=== RUN   TestDrain_AReplayedFlushIsEndedOnItsOwnNotUnderThePassBudget
--- PASS: TestDrain_AReplayedFlushIsEndedOnItsOwnNotUnderThePassBudget (0.74s)
=== RUN   TestFlushRoute_AReplayedSessionEndCutShortIsNotAcknowledged
--- PASS: TestFlushRoute_AReplayedSessionEndCutShortIsNotAcknowledged (0.46s)
=== RUN   TestDrain_AReplayedFlushIsEndedInlineWhereNoEndMayStart
=== RUN   TestDrain_AReplayedFlushIsEndedInlineWhereNoEndMayStart/Stop_has_closed_the_gate
=== RUN   TestDrain_AReplayedFlushIsEndedInlineWhereNoEndMayStart/a_session_end's_own_drain
--- PASS: TestDrain_AReplayedFlushIsEndedInlineWhereNoEndMayStart (1.33s)
    --- PASS: TestDrain_AReplayedFlushIsEndedInlineWhereNoEndMayStart/Stop_has_closed_the_gate (0.70s)
    --- PASS: TestDrain_AReplayedFlushIsEndedInlineWhereNoEndMayStart/a_session_end's_own_drain (0.63s)
=== RUN   TestGroupQueue_FIFOBatchesEachRequestCommittedOnce
=== RUN   TestGroupQueue_FIFOBatchesEachRequestCommittedOnce/batches_are_the_longest_FIFO_prefixes_within_the_caps
=== RUN   TestGroupQueue_FIFOBatchesEachRequestCommittedOnce/concurrent_callers_are_each_committed_once_by_one_serial_leader_per_batch
=== RUN   TestGroupQueue_FIFOBatchesEachRequestCommittedOnce/the_zero_value_commits_one_request_per_batch
=== RUN   TestGroupQueue_FIFOBatchesEachRequestCommittedOnce/the_caps_hold_at_extreme_estimates_and_at_their_edges
=== RUN   TestGroupQueue_FIFOBatchesEachRequestCommittedOnce/a_drained_queue_keeps_nothing_it_cut_reachable
--- PASS: TestGroupQueue_FIFOBatchesEachRequestCommittedOnce (0.02s)
    --- PASS: TestGroupQueue_FIFOBatchesEachRequestCommittedOnce/batches_are_the_longest_FIFO_prefixes_within_the_caps (0.00s)
    --- PASS: TestGroupQueue_FIFOBatchesEachRequestCommittedOnce/concurrent_callers_are_each_committed_once_by_one_serial_leader_per_batch (0.02s)
    --- PASS: TestGroupQueue_FIFOBatchesEachRequestCommittedOnce/the_zero_value_commits_one_request_per_batch (0.00s)
    --- PASS: TestGroupQueue_FIFOBatchesEachRequestCommittedOnce/the_caps_hold_at_extreme_estimates_and_at_their_edges (0.00s)
    --- PASS: TestGroupQueue_FIFOBatchesEachRequestCommittedOnce/a_drained_queue_keeps_nothing_it_cut_reachable (0.00s)
=== RUN   TestGroupQueue_PanicInCommitHandsOffWithoutDeadlock
--- PASS: TestGroupQueue_PanicInCommitHandsOffWithoutDeadlock (0.01s)
=== RUN   TestGroupQueue_UnassignedResultStaysAFailure
=== RUN   TestGroupQueue_UnassignedResultStaysAFailure/commit_returns_early
=== RUN   TestGroupQueue_UnassignedResultStaysAFailure/commit_resolves_a_prefix_and_returns
=== RUN   TestGroupQueue_UnassignedResultStaysAFailure/commit_panics
=== RUN   TestGroupQueue_UnassignedResultStaysAFailure/commit_resolves_a_prefix_and_panics
=== RUN   TestGroupQueue_UnassignedResultStaysAFailure/commit_resolves_every_member_(control)
--- PASS: TestGroupQueue_UnassignedResultStaysAFailure (0.00s)
    --- PASS: TestGroupQueue_UnassignedResultStaysAFailure/commit_returns_early (0.00s)
    --- PASS: TestGroupQueue_UnassignedResultStaysAFailure/commit_resolves_a_prefix_and_returns (0.00s)
    --- PASS: TestGroupQueue_UnassignedResultStaysAFailure/commit_panics (0.00s)
    --- PASS: TestGroupQueue_UnassignedResultStaysAFailure/commit_resolves_a_prefix_and_panics (0.00s)
    --- PASS: TestGroupQueue_UnassignedResultStaysAFailure/commit_resolves_every_member_(control) (0.00s)
=== RUN   TestCarriedDefect_SP20D6_GatedBASampleIncludesThePreACKHandler
=== RUN   TestCarriedDefect_SP20D6_GatedBASampleIncludesThePreACKHandler/the_gated_sample_includes_the_handler_the_hook_waits_on
=== RUN   TestCarriedDefect_SP20D6_GatedBASampleIncludesThePreACKHandler/the_ack_byte_is_observed_only_after_the_handler_returned
--- PASS: TestCarriedDefect_SP20D6_GatedBASampleIncludesThePreACKHandler (0.02s)
    --- PASS: TestCarriedDefect_SP20D6_GatedBASampleIncludesThePreACKHandler/the_gated_sample_includes_the_handler_the_hook_waits_on (0.02s)
    --- PASS: TestCarriedDefect_SP20D6_GatedBASampleIncludesThePreACKHandler/the_ack_byte_is_observed_only_after_the_handler_returned (0.00s)
=== RUN   TestIdleRunsByPriority
=== PAUSE TestIdleRunsByPriority
=== RUN   TestIdleRespectsBudget
=== PAUSE TestIdleRespectsBudget
=== RUN   TestIdleTaskPanicIsolated
=== PAUSE TestIdleTaskPanicIsolated
=== RUN   TestIdleTaskErrorIsNotFatal
=== PAUSE TestIdleTaskErrorIsNotFatal
=== RUN   TestIsIdleUsesDetectAfterSeconds
=== PAUSE TestIsIdleUsesDetectAfterSeconds
=== RUN   TestIdleRegisterReplacesInPlace
=== PAUSE TestIdleRegisterReplacesInPlace
=== RUN   TestIdleActPrefixSkippedWhenNotMayAct
=== PAUSE TestIdleActPrefixSkippedWhenNotMayAct
=== RUN   TestIdleActPrefixRunsWhenMayAct
=== PAUSE TestIdleActPrefixRunsWhenMayAct
=== RUN   TestIngestWALIsExactBytes
=== PAUSE TestIngestWALIsExactBytes
=== RUN   TestIngestRingFullWALsEveryLineAndNeverSpills
--- PASS: TestIngestRingFullWALsEveryLineAndNeverSpills (0.10s)
=== RUN   TestIngestACKPrecedesProcessing
--- PASS: TestIngestACKPrecedesProcessing (0.05s)
=== RUN   TestIngestWALRotates
=== PAUSE TestIngestWALRotates
=== RUN   TestIngestResolvesBlobsEndToEnd
=== PAUSE TestIngestResolvesBlobsEndToEnd
=== RUN   TestAcceptWireLineWALsExactlyOneTerminator
=== PAUSE TestAcceptWireLineWALsExactlyOneTerminator
=== RUN   TestLiveDispatchedLineIsNotRedispatchedByDrain
=== PAUSE TestLiveDispatchedLineIsNotRedispatchedByDrain
=== RUN   TestIngest_WALGroupCommitOneSyncPerSegmentPerBatch
--- PASS: TestIngest_WALGroupCommitOneSyncPerSegmentPerBatch (0.04s)
=== RUN   TestIngest_AcceptNeverReturnsBeforeItsWALSync
--- PASS: TestIngest_AcceptNeverReturnsBeforeItsWALSync (0.06s)
=== RUN   TestIngest_CloseWaitsForTheWALBatchInFlight
=== RUN   TestIngest_CloseWaitsForTheWALBatchInFlight/CloseSession
=== RUN   TestIngest_CloseWaitsForTheWALBatchInFlight/Close
--- PASS: TestIngest_CloseWaitsForTheWALBatchInFlight (0.06s)
    --- PASS: TestIngest_CloseWaitsForTheWALBatchInFlight/CloseSession (0.04s)
    --- PASS: TestIngest_CloseWaitsForTheWALBatchInFlight/Close (0.02s)
=== RUN   TestIngest_WALBatchPreservesRotationBoundaries
--- PASS: TestIngest_WALBatchPreservesRotationBoundaries (0.23s)
=== RUN   TestIngest_WALFailureFailsExactlyItsSegment
=== RUN   TestIngest_WALFailureFailsExactlyItsSegment/a_write_error
=== RUN   TestIngest_WALFailureFailsExactlyItsSegment/a_short_write
=== RUN   TestIngest_WALFailureFailsExactlyItsSegment/a_sync_error
=== RUN   TestIngest_WALFailureFailsExactlyItsSegment/a_sync_error_on_a_batch's_only_segment
=== RUN   TestIngest_WALFailureFailsExactlyItsSegment/a_rotation's_sync_error_fails_only_the_outgoing_segment
=== RUN   TestIngest_WALFailureFailsExactlyItsSegment/a_rotation_flush's_write_error_fails_only_the_outgoing_segment
=== RUN   TestIngest_WALFailureFailsExactlyItsSegment/a_rotation_flush's_short_write_fails_only_the_outgoing_segment
=== RUN   TestIngest_WALFailureFailsExactlyItsSegment/a_line_after_a_rotation_whose_open_failed_goes_to_the_segment_it_reopens
=== RUN   TestIngest_WALFailureFailsExactlyItsSegment/a_rotation_whose_Close_fails_fails_its_session's_lines
=== RUN   TestIngest_WALFailureFailsExactlyItsSegment/a_Sync_that_panics_on_the_leader
=== RUN   TestIngest_WALFailureFailsExactlyItsSegment/a_Sync_that_panics_on_a_helper_goroutine
=== RUN   TestIngest_WALFailureFailsExactlyItsSegment/a_Sync_that_never_returns_on_a_helper_goroutine
=== RUN   TestIngest_WALFailureFailsExactlyItsSegment/a_Sync_that_never_returns_on_the_leader
--- PASS: TestIngest_WALFailureFailsExactlyItsSegment (0.79s)
    --- PASS: TestIngest_WALFailureFailsExactlyItsSegment/a_write_error (0.07s)
    --- PASS: TestIngest_WALFailureFailsExactlyItsSegment/a_short_write (0.08s)
    --- PASS: TestIngest_WALFailureFailsExactlyItsSegment/a_sync_error (0.06s)
    --- PASS: TestIngest_WALFailureFailsExactlyItsSegment/a_sync_error_on_a_batch's_only_segment (0.05s)
    --- PASS: TestIngest_WALFailureFailsExactlyItsSegment/a_rotation's_sync_error_fails_only_the_outgoing_segment (0.06s)
    --- PASS: TestIngest_WALFailureFailsExactlyItsSegment/a_rotation_flush's_write_error_fails_only_the_outgoing_segment (0.04s)
    --- PASS: TestIngest_WALFailureFailsExactlyItsSegment/a_rotation_flush's_short_write_fails_only_the_outgoing_segment (0.05s)
    --- PASS: TestIngest_WALFailureFailsExactlyItsSegment/a_line_after_a_rotation_whose_open_failed_goes_to_the_segment_it_reopens (0.10s)
    --- PASS: TestIngest_WALFailureFailsExactlyItsSegment/a_rotation_whose_Close_fails_fails_its_session's_lines (0.05s)
    --- PASS: TestIngest_WALFailureFailsExactlyItsSegment/a_Sync_that_panics_on_the_leader (0.04s)
    --- PASS: TestIngest_WALFailureFailsExactlyItsSegment/a_Sync_that_panics_on_a_helper_goroutine (0.06s)
    --- PASS: TestIngest_WALFailureFailsExactlyItsSegment/a_Sync_that_never_returns_on_a_helper_goroutine (0.05s)
    --- PASS: TestIngest_WALFailureFailsExactlyItsSegment/a_Sync_that_never_returns_on_the_leader (0.07s)
=== RUN   TestIngest_LeaseLineNeverPrecedesItsWALSync
--- PASS: TestIngest_LeaseLineNeverPrecedesItsWALSync (0.29s)
=== RUN   TestIngest_WALBatchStopsAtTheRequestCap
--- PASS: TestIngest_WALBatchStopsAtTheRequestCap (0.08s)
=== RUN   TestIngest_WALBatchByteCapCountsEveryTerminator
--- PASS: TestIngest_WALBatchByteCapCountsEveryTerminator (0.10s)
=== RUN   TestIngest_WALBatchByteCapAdmitsLinesThatFillItExactly
--- PASS: TestIngest_WALBatchByteCapAdmitsLinesThatFillItExactly (0.10s)
=== RUN   TestAcquireLockExclusive
=== PAUSE TestAcquireLockExclusive
=== RUN   TestStaleLockReclaimed
=== PAUSE TestStaleLockReclaimed
=== RUN   TestLiveLockNotReclaimed
=== PAUSE TestLiveLockNotReclaimed
=== RUN   TestAcquireLockRaceWindowIsNotStale
=== PAUSE TestAcquireLockRaceWindowIsNotStale
=== RUN   TestHeartbeatUpdatesMtime
=== PAUSE TestHeartbeatUpdatesMtime
=== RUN   TestLockRefusesAfterReclaim
=== PAUSE TestLockRefusesAfterReclaim
=== RUN   TestReleaseIsIdempotent
=== PAUSE TestReleaseIsIdempotent
=== RUN   TestReadLock_UnparseableFileReportsNotOK
=== PAUSE TestReadLock_UnparseableFileReportsNotOK
=== RUN   TestMCPOpFixture_TheMachinesHostRulesDoNotReachIt
--- PASS: TestMCPOpFixture_TheMachinesHostRulesDoNotReachIt (0.17s)
=== RUN   TestInstallMCPOpRegistersOp
=== PAUSE TestInstallMCPOpRegistersOp
=== RUN   TestInstallMCPOpRejectsANilOptions
=== PAUSE TestInstallMCPOpRejectsANilOptions
=== RUN   TestMCPInitializedSeamFlipsAfterInitialize
--- PASS: TestMCPInitializedSeamFlipsAfterInitialize (0.10s)
=== RUN   TestInitializedWritesContractHistory
--- PASS: TestInitializedWritesContractHistory (0.11s)
=== RUN   TestInitializedSurvivesHistoryWriteFailure
--- PASS: TestInitializedSurvivesHistoryWriteFailure (0.10s)
=== RUN   TestDaemonMCPOpDispatchesToolCall
--- PASS: TestDaemonMCPOpDispatchesToolCall (0.17s)
=== RUN   TestDaemonMCPOpUnknownToolIsPayloadError
--- PASS: TestDaemonMCPOpUnknownToolIsPayloadError (0.26s)
=== RUN   TestDaemonMCPOpMalformedPayloadIsTransportError
--- PASS: TestDaemonMCPOpMalformedPayloadIsTransportError (0.06s)
=== RUN   TestDaemonMCPOpResolvesSessionFromRegistry
--- PASS: TestDaemonMCPOpResolvesSessionFromRegistry (0.14s)
=== RUN   TestDaemonMCPOpEmptyRegistryDegrades
--- PASS: TestDaemonMCPOpEmptyRegistryDegrades (0.18s)
=== RUN   TestDaemonMCPOpResolvesTurnFromCurrentSegment
--- PASS: TestDaemonMCPOpResolvesTurnFromCurrentSegment (0.17s)
=== RUN   TestDaemonMCPOpHonoursAnExplicitTurn
--- PASS: TestDaemonMCPOpHonoursAnExplicitTurn (0.15s)
=== RUN   TestDaemonMCPOpUnknownKindIsRefused
--- PASS: TestDaemonMCPOpUnknownKindIsRefused (0.09s)
=== RUN   TestSessionStartRecordsCapabilityObservations
--- PASS: TestSessionStartRecordsCapabilityObservations (0.19s)
=== RUN   TestStoreWrapperDropsTheSupersedingCapability
--- PASS: TestStoreWrapperDropsTheSupersedingCapability (0.00s)
=== RUN   TestObserverAtomicPublicationFailureRemainsDrainRetryable
--- PASS: TestObserverAtomicPublicationFailureRemainsDrainRetryable (0.26s)
=== RUN   TestObserverAtomicLeasedPublicationFailureRemainsDrainRetryable
--- PASS: TestObserverAtomicLeasedPublicationFailureRemainsDrainRetryable (0.68s)
=== RUN   TestWireObserverStoreSupportsSupersedingRecorder
--- PASS: TestWireObserverStoreSupportsSupersedingRecorder (0.08s)
=== RUN   TestStoreWrapperDropsTheDurablePublisherCapability
--- PASS: TestStoreWrapperDropsTheDurablePublisherCapability (0.00s)
=== RUN   TestObserverDurablePublisherFailureRemainsDrainRetryable
--- PASS: TestObserverDurablePublisherFailureRemainsDrainRetryable (0.68s)
=== RUN   TestWireObserver
--- PASS: TestWireObserver (0.17s)
=== RUN   TestWireObserver_SessionStartRefreshesStaleness
--- PASS: TestWireObserver_SessionStartRefreshesStaleness (0.22s)
=== RUN   TestObserverPublicationFailureRemainsDrainRetryable
=== RUN   TestObserverPublicationFailureRemainsDrainRetryable/object_write
=== RUN   TestObserverPublicationFailureRemainsDrainRetryable/tool-use_reference
--- PASS: TestObserverPublicationFailureRemainsDrainRetryable (0.52s)
    --- PASS: TestObserverPublicationFailureRemainsDrainRetryable/object_write (0.24s)
    --- PASS: TestObserverPublicationFailureRemainsDrainRetryable/tool-use_reference (0.28s)
=== RUN   TestNewOptions_SeedsSaneDefaults
=== PAUSE TestNewOptions_SeedsSaneDefaults
=== RUN   TestHandleOnBareOptionsIsSafe
=== PAUSE TestHandleOnBareOptionsIsSafe
=== RUN   TestHandleOverridesDefaultRoute
=== PAUSE TestHandleOverridesDefaultRoute
=== RUN   TestBindRunsInOrderAndDeclaresProducers
--- PASS: TestBindRunsInOrderAndDeclaresProducers (0.00s)
=== RUN   TestDeclaredProducerSetMatchesArchitecture
--- PASS: TestDeclaredProducerSetMatchesArchitecture (0.00s)
=== RUN   TestServicesFromNeverReturnsNil
=== PAUSE TestServicesFromNeverReturnsNil
=== RUN   TestServicesModeIsAssignedBeforeBinds
--- PASS: TestServicesModeIsAssignedBeforeBinds (0.00s)
=== RUN   TestPromptOrder_V6_OrderingGateGivesTurnZeroToEarliestLeasedArrival
--- PASS: TestPromptOrder_V6_OrderingGateGivesTurnZeroToEarliestLeasedArrival (0.71s)
=== RUN   TestPromptOrder_V6_UnleasedEarlierSpooledIsSeparateUncertainty
--- PASS: TestPromptOrder_V6_UnleasedEarlierSpooledIsSeparateUncertainty (0.54s)
=== RUN   TestObservePrompt_RecordingOutlivesTheReplyDeadline
=== PAUSE TestObservePrompt_RecordingOutlivesTheReplyDeadline
=== RUN   TestObservePrompt_CancelledRequestIsNotAnOverrun
=== PAUSE TestObservePrompt_CancelledRequestIsNotAnOverrun
=== RUN   TestObservePrompt_PanickingSeamIsRecovered
=== PAUSE TestObservePrompt_PanickingSeamIsRecovered
=== RUN   TestObservePrompt_StopJoinsAnInFlightRecording
=== PAUSE TestObservePrompt_StopJoinsAnInFlightRecording
=== RUN   TestObservePrompt_StopCancelsARecordingThatOutlivesItsGrace
=== PAUSE TestObservePrompt_StopCancelsARecordingThatOutlivesItsGrace
=== RUN   TestObservePrompt_StopAbandonsACaptureThatIgnoresCancellation
=== PAUSE TestObservePrompt_StopAbandonsACaptureThatIgnoresCancellation
=== RUN   TestObservePrompt_RealObserverCaptureLandsBehindAHeldSessionLock
--- PASS: TestObservePrompt_RealObserverCaptureLandsBehindAHeldSessionLock (0.45s)
=== RUN   TestLoudPublicationGaps_AnnouncesAnUnpublishedCapture
--- PASS: TestLoudPublicationGaps_AnnouncesAnUnpublishedCapture (0.11s)
=== RUN   TestLoudPublicationGaps_QuietWhenClean
--- PASS: TestLoudPublicationGaps_QuietWhenClean (0.08s)
=== RUN   TestAccountPublicationGaps_UnobservedForNonAuditorStore
--- PASS: TestAccountPublicationGaps_UnobservedForNonAuditorStore (0.00s)
=== RUN   TestRegistryNewSessionResetsHotMode
=== PAUSE TestRegistryNewSessionResetsHotMode
=== RUN   TestRegistryEvictsEndedOverMax
=== PAUSE TestRegistryEvictsEndedOverMax
=== RUN   TestRegistryAllLiveOverMaxKeepsAll
=== PAUSE TestRegistryAllLiveOverMaxKeepsAll
=== RUN   TestRegistryTouchAndEnd
=== PAUSE TestRegistryTouchAndEnd
=== RUN   TestRegistryEnsureUpdatesSourceAndTranscript
=== PAUSE TestRegistryEnsureUpdatesSourceAndTranscript
=== RUN   TestSessionRegistry_IsLive
=== PAUSE TestSessionRegistry_IsLive
=== RUN   TestSessionRegistry_IsLiveConcurrentWithEndIsRaceFree
=== PAUSE TestSessionRegistry_IsLiveConcurrentWithEndIsRaceFree
=== RUN   TestRegistrySetMaxSessionsRejectsNonPositive
=== PAUSE TestRegistrySetMaxSessionsRejectsNonPositive
=== RUN   TestEndAbandonedEndsOnlySilentLiveSessions
=== PAUSE TestEndAbandonedEndsOnlySilentLiveSessions
=== RUN   TestRegistryTouchRegistersTrafficFromAnUnseenSession
=== PAUSE TestRegistryTouchRegistersTrafficFromAnUnseenSession
=== RUN   TestRegistryTouchRevivesAnAbandonedSessionButNotAnEndedOne
=== PAUSE TestRegistryTouchRevivesAnAbandonedSessionButNotAnEndedOne
=== RUN   TestIdleExitWaitsForAnUnregisteredSessionThatKeepsSendingTraffic
=== PAUSE TestIdleExitWaitsForAnUnregisteredSessionThatKeepsSendingTraffic
=== RUN   TestTrafficRegistrationLeavesHotSubmodeAndBreachDetectorAlone
=== PAUSE TestTrafficRegistrationLeavesHotSubmodeAndBreachDetectorAlone
=== RUN   TestSelectionFor_DisabledIsTheShippedPath
--- PASS: TestSelectionFor_DisabledIsTheShippedPath (0.00s)
=== RUN   TestSelectionFor_EnabledWithoutTheShipOrderGateDegrades
--- PASS: TestSelectionFor_EnabledWithoutTheShipOrderGateDegrades (0.00s)
=== RUN   TestSelectionFor_NoCandidatesIsNilNotAnEmptySelection
--- PASS: TestSelectionFor_NoCandidatesIsNilNotAnEmptySelection (0.00s)
=== RUN   TestSelectionFor_CarriesActiveEliminations
--- PASS: TestSelectionFor_CarriesActiveEliminations (0.00s)
=== RUN   TestEliminationCandidates_OnlyActiveRecordsBind
--- PASS: TestEliminationCandidates_OnlyActiveRecordsBind (0.00s)
=== RUN   TestEliminationCandidates_QualificationsSurviveTranslation
--- PASS: TestEliminationCandidates_QualificationsSurviveTranslation (0.00s)
=== RUN   TestEliminationCandidates_EveryItemOffersAPointerFallback
--- PASS: TestEliminationCandidates_EveryItemOffersAPointerFallback (0.00s)
=== RUN   TestSelectionFor_PressureDegradesToAPointerBeforeOverflowing
--- PASS: TestSelectionFor_PressureDegradesToAPointerBeforeOverflowing (0.00s)
=== RUN   TestSelectionFor_OverflowsRatherThanDroppingAConstraint
--- PASS: TestSelectionFor_OverflowsRatherThanDroppingAConstraint (0.00s)
=== RUN   TestSelectionFor_AStaleRecordNeverOverflows
--- PASS: TestSelectionFor_AStaleRecordNeverOverflows (0.00s)
=== RUN   TestSelectionFor_IsDeterministic
--- PASS: TestSelectionFor_IsDeterministic (0.00s)
=== RUN   TestSelectableEliminations_TheLedgerCopyWins
--- PASS: TestSelectableEliminations_TheLedgerCopyWins (0.00s)
=== RUN   TestSelectableEliminations_ALedgerErrorLeavesTheFrozenCopyStanding
--- PASS: TestSelectableEliminations_ALedgerErrorLeavesTheFrozenCopyStanding (0.00s)
=== RUN   TestAssemble_IntersectsChangepointsAndRounds
=== PAUSE TestAssemble_IntersectsChangepointsAndRounds
=== RUN   TestAssemble_SkipsUnresolvableTurns
=== PAUSE TestAssemble_SkipsUnresolvableTurns
=== RUN   TestAssemble_CouplingFromCrossingEdges
=== PAUSE TestAssemble_CouplingFromCrossingEdges
=== RUN   TestAssemble_CouplingRecomputedEveryCall
=== PAUSE TestAssemble_CouplingRecomputedEveryCall
=== RUN   TestAssemble_TurnPosCachedUntilTurnAdvances
=== PAUSE TestAssemble_TurnPosCachedUntilTurnAdvances
=== RUN   TestAssemble_TurnPosRebuiltWhenTurnAdvances
=== PAUSE TestAssemble_TurnPosRebuiltWhenTurnAdvances
=== RUN   TestAssemble_CapAt32KeepsHighestPos
=== PAUSE TestAssemble_CapAt32KeepsHighestPos
=== RUN   TestAssemble_CapPrefersRoundBoundaries
=== PAUSE TestAssemble_CapPrefersRoundBoundaries
=== RUN   TestAssemble_ReclaimableFromIndex
=== PAUSE TestAssemble_ReclaimableFromIndex
=== RUN   TestAssemble_NilGraphReturnsNoCandidates
=== PAUSE TestAssemble_NilGraphReturnsNoCandidates
=== RUN   TestAssemble_RecoversCrossingEdgesPanic
=== PAUSE TestAssemble_RecoversCrossingEdgesPanic
=== RUN   TestClassifyDrop_AdaptsStoreRecord
=== PAUSE TestClassifyDrop_AdaptsStoreRecord
=== RUN   TestReclaimableIndex_SuffixSums
=== PAUSE TestReclaimableIndex_SuffixSums
=== RUN   TestReclaimableIndex_ExcludesDropNone
=== PAUSE TestReclaimableIndex_ExcludesDropNone
=== RUN   TestReclaimableIndex_MonotoneNonIncreasing_Property
=== PAUSE TestReclaimableIndex_MonotoneNonIncreasing_Property
=== RUN   TestReclaimableIndex_Empty
=== PAUSE TestReclaimableIndex_Empty
=== RUN   TestFeaturesFrom_PathJaccard
=== PAUSE TestFeaturesFrom_PathJaccard
=== RUN   TestFeaturesFrom_PathJaccard_EmptyUnionIsOne
=== PAUSE TestFeaturesFrom_PathJaccard_EmptyUnionIsOne
=== RUN   TestFeaturesFrom_ToolShiftTotalVariation
=== PAUSE TestFeaturesFrom_ToolShiftTotalVariation
=== RUN   TestFeaturesFrom_GapSeconds
=== PAUSE TestFeaturesFrom_GapSeconds
=== RUN   TestFeaturesFrom_TodoTransition
=== PAUSE TestFeaturesFrom_TodoTransition
=== RUN   TestFeaturesFrom_WindowRoll
=== PAUSE TestFeaturesFrom_WindowRoll
=== RUN   TestFeaturesFrom_LexicalCohesionShingleCap
=== PAUSE TestFeaturesFrom_LexicalCohesionShingleCap
=== RUN   TestFrontier_CloseOnTodoCompleted
=== PAUSE TestFrontier_CloseOnTodoCompleted
=== RUN   TestFrontier_CloseOnTestPassed
=== PAUSE TestFrontier_CloseOnTestPassed
=== RUN   TestFrontier_CloseOnGitCommit
=== PAUSE TestFrontier_CloseOnGitCommit
=== RUN   TestFrontier_NoCloseWithoutCurrentSegment
=== PAUSE TestFrontier_NoCloseWithoutCurrentSegment
=== RUN   TestFrontier_AdvanceCallsWriterWithClosedUnencodedOnly
=== PAUSE TestFrontier_AdvanceCallsWriterWithClosedUnencodedOnly
=== RUN   TestFrontier_AdvanceNoWriterIsNoOp
=== PAUSE TestFrontier_AdvanceNoWriterIsNoOp
=== RUN   TestFrontier_AdvanceIdempotent
=== PAUSE TestFrontier_AdvanceIdempotent
=== RUN   TestFrontier_ConstructorUsesPortOrLegacyAdapter
=== RUN   TestFrontier_ConstructorUsesPortOrLegacyAdapter/legacy_adapter
=== RUN   TestFrontier_ConstructorUsesPortOrLegacyAdapter/explicit_port
--- PASS: TestFrontier_ConstructorUsesPortOrLegacyAdapter (0.00s)
    --- PASS: TestFrontier_ConstructorUsesPortOrLegacyAdapter/legacy_adapter (0.00s)
    --- PASS: TestFrontier_ConstructorUsesPortOrLegacyAdapter/explicit_port (0.00s)
=== RUN   TestFrontier_DPIGuardPreservesOwnerOutcomeWithoutRetry
=== PAUSE TestFrontier_DPIGuardPreservesOwnerOutcomeWithoutRetry
=== RUN   TestFrontier_SessionChangeDuringAdvancePreservesOwnerWork
--- PASS: TestFrontier_SessionChangeDuringAdvancePreservesOwnerWork (0.00s)
=== RUN   TestFrontier_CloseWritesRealSegmentTokens
=== PAUSE TestFrontier_CloseWritesRealSegmentTokens
=== RUN   TestFrontier_ResidualRecomputed
=== PAUSE TestFrontier_ResidualRecomputed
=== RUN   TestFrontier_ResidualNeverNegative
=== PAUSE TestFrontier_ResidualNeverNegative
=== RUN   TestFrontier_ResidualOverBudgetWarnsOnce
=== PAUSE TestFrontier_ResidualOverBudgetWarnsOnce
=== RUN   TestFrontier_AdvanceStopsAtAGapInDurableEvidence
=== PAUSE TestFrontier_AdvanceStopsAtAGapInDurableEvidence
=== RUN   TestFrontier_AdvanceRefusesUnreadableEvidence
=== PAUSE TestFrontier_AdvanceRefusesUnreadableEvidence
=== RUN   TestFrontier_AdvanceRefusesInFlightEvidence
=== PAUSE TestFrontier_AdvanceRefusesInFlightEvidence
=== RUN   TestFrontier_VerifyEvidenceStepsOverAnAlreadyEncodedNeighbour
=== PAUSE TestFrontier_VerifyEvidenceStepsOverAnAlreadyEncodedNeighbour
=== RUN   TestFrontier_AdvanceIsLoudAboutADPIViolation
--- PASS: TestFrontier_AdvanceIsLoudAboutADPIViolation (0.00s)
=== RUN   TestFrontier_AdvanceHonoursCancellation
=== PAUSE TestFrontier_AdvanceHonoursCancellation
=== RUN   TestFrontier_SegmentLogFailureLeavesTheFrontierUnchanged
=== PAUSE TestFrontier_SegmentLogFailureLeavesTheFrontierUnchanged
=== RUN   TestFrontier_VerifyEvidenceStopsOnCancellation
=== PAUSE TestFrontier_VerifyEvidenceStopsOnCancellation
=== RUN   TestIdleTasksRegistered
=== PAUSE TestIdleTasksRegistered
=== RUN   TestIdleActingTaskSkippedInDegradedPassive
=== PAUSE TestIdleActingTaskSkippedInDegradedPassive
=== RUN   TestIdleWorkBindsDaemon
=== PAUSE TestIdleWorkBindsDaemon
=== RUN   TestIdleTaskInertBeforeSessionBind
=== PAUSE TestIdleTaskInertBeforeSessionBind
=== RUN   TestIdleRefreshesDecisionOncePerPass
=== PAUSE TestIdleRefreshesDecisionOncePerPass
=== RUN   TestIdleFrontierSkippedCounted
=== PAUSE TestIdleFrontierSkippedCounted
=== RUN   TestIdleTaskGatedByDecisionBackground
=== PAUSE TestIdleTaskGatedByDecisionBackground
=== RUN   TestIdleTasksOffWhenBackgroundWorkFalse
=== PAUSE TestIdleTasksOffWhenBackgroundWorkFalse
=== RUN   TestIdleTaskRebuildBloomSkippedWhenLedgerNil
=== PAUSE TestIdleTaskRebuildBloomSkippedWhenLedgerNil
=== RUN   TestIdleTaskGCPassesRemainingDeadline
=== PAUSE TestIdleTaskGCPassesRemainingDeadline
=== RUN   TestIdleTasksHonourContextCancellation
--- PASS: TestIdleTasksHonourContextCancellation (0.00s)
=== RUN   TestIdle_RebuildBloomSeesALedgerOpenedAfterRegistration
--- PASS: TestIdle_RebuildBloomSeesALedgerOpenedAfterRegistration (0.00s)
=== RUN   TestIdle_RebuildBloomStaysInertWhenRebuildOnStaleIsNotNextIdle
--- PASS: TestIdle_RebuildBloomStaysInertWhenRebuildOnStaleIsNotNextIdle (0.00s)
=== RUN   TestNewSchedulerRuntime_RequiresDeps
--- PASS: TestNewSchedulerRuntime_RequiresDeps (0.00s)
=== RUN   TestNewSchedulerRuntime_EnablesPSelectionGate
--- PASS: TestNewSchedulerRuntime_EnablesPSelectionGate (0.00s)
=== RUN   TestRuntime_CloseThenRebindSameIDReopensGate
--- PASS: TestRuntime_CloseThenRebindSameIDReopensGate (0.03s)
=== RUN   TestNewSchedulerRuntime_EmptySessionIsLegal
=== PAUSE TestNewSchedulerRuntime_EmptySessionIsLegal
=== RUN   TestRuntime_WindowResolutionLadder
=== PAUSE TestRuntime_WindowResolutionLadder
=== RUN   TestResolveWindow_HostVariables
=== PAUSE TestResolveWindow_HostVariables
=== RUN   TestRuntime_ContextTokensFromSegments
=== PAUSE TestRuntime_ContextTokensFromSegments
=== RUN   TestRuntime_ObserveDeclaresAndRecordsChangepoint
=== PAUSE TestRuntime_ObserveDeclaresAndRecordsChangepoint
=== RUN   TestRuntime_ObserveNoOpWhenAdvanceOnSegmentCloseFalse
=== PAUSE TestRuntime_ObserveNoOpWhenAdvanceOnSegmentCloseFalse
=== RUN   TestRuntime_EvaluateProducesDecision
=== PAUSE TestRuntime_EvaluateProducesDecision
=== RUN   TestRuntime_EvaluateSuppliesLambdaFromSelectionConfig
=== PAUSE TestRuntime_EvaluateSuppliesLambdaFromSelectionConfig
=== RUN   TestRuntime_DeltaPtrNilUntilMeasured
=== PAUSE TestRuntime_DeltaPtrNilUntilMeasured
=== RUN   TestRuntime_DeltaEWMA
=== PAUSE TestRuntime_DeltaEWMA
=== RUN   TestRuntime_BurnRateEWMA
=== PAUSE TestRuntime_BurnRateEWMA
=== RUN   TestRuntime_NotifyActivitySetsAPICallClock
=== PAUSE TestRuntime_NotifyActivitySetsAPICallClock
=== RUN   TestRuntime_PersistRoundTrip
=== PAUSE TestRuntime_PersistRoundTrip
=== RUN   TestRuntime_PersistRoundTrip_FutureStampRepaired
=== PAUSE TestRuntime_PersistRoundTrip_FutureStampRepaired
=== RUN   TestRuntime_StateDiscardedOnSessionMismatch
=== PAUSE TestRuntime_StateDiscardedOnSessionMismatch
=== RUN   TestRuntime_StateDiscardedOnHazardChange
=== PAUSE TestRuntime_StateDiscardedOnHazardChange
=== RUN   TestRuntime_StateDiscardedOnFeatureListChange
=== PAUSE TestRuntime_StateDiscardedOnFeatureListChange
=== RUN   TestRuntime_CorruptStateFilesSelfHeal
=== PAUSE TestRuntime_CorruptStateFilesSelfHeal
=== RUN   TestRuntime_ChangepointTurnsCapped
=== PAUSE TestRuntime_ChangepointTurnsCapped
=== RUN   TestRuntime_NoteAPIRoundRecordsBoundary
=== PAUSE TestRuntime_NoteAPIRoundRecordsBoundary
=== RUN   TestRuntime_CloseIsIdempotent
=== PAUSE TestRuntime_CloseIsIdempotent
=== RUN   TestSchedulerSnapshotOf_ReportsRuntimeState
=== PAUSE TestSchedulerSnapshotOf_ReportsRuntimeState
=== RUN   TestRuntime_ConcurrentObserveEvaluatePersist
=== PAUSE TestRuntime_ConcurrentObserveEvaluatePersist
=== RUN   TestRuntime_OpenSegmentTokensResetOnClose
=== PAUSE TestRuntime_OpenSegmentTokensResetOnClose
=== RUN   TestRuntime_ObserveClosesSegmentOnChangepoint
=== PAUSE TestRuntime_ObserveClosesSegmentOnChangepoint
=== RUN   TestSchedulerRuntimeBuildsItsAdvancerFromTheWriterAndSourcePair
=== RUN   TestSchedulerRuntimeBuildsItsAdvancerFromTheWriterAndSourcePair/writer_and_sources_together_yield_an_advancer
=== RUN   TestSchedulerRuntimeBuildsItsAdvancerFromTheWriterAndSourcePair/a_writer_with_no_sources_stays_unavailable
=== RUN   TestSchedulerRuntimeBuildsItsAdvancerFromTheWriterAndSourcePair/sources_with_no_writer_stay_unavailable
--- PASS: TestSchedulerRuntimeBuildsItsAdvancerFromTheWriterAndSourcePair (0.00s)
    --- PASS: TestSchedulerRuntimeBuildsItsAdvancerFromTheWriterAndSourcePair/writer_and_sources_together_yield_an_advancer (0.00s)
    --- PASS: TestSchedulerRuntimeBuildsItsAdvancerFromTheWriterAndSourcePair/a_writer_with_no_sources_stays_unavailable (0.00s)
    --- PASS: TestSchedulerRuntimeBuildsItsAdvancerFromTheWriterAndSourcePair/sources_with_no_writer_stay_unavailable (0.00s)
=== RUN   TestStateCodec_BOCDRoundTrip
=== PAUSE TestStateCodec_BOCDRoundTrip
=== RUN   TestStateCodec_SchedulerRoundTrip
=== PAUSE TestStateCodec_SchedulerRoundTrip
=== RUN   TestStateCodec_UnknownFieldsIgnored
=== PAUSE TestStateCodec_UnknownFieldsIgnored
=== RUN   TestStateCodec_WritesAtomicallyNotAppendOnly
=== PAUSE TestStateCodec_WritesAtomicallyNotAppendOnly
=== RUN   TestStateCodec_TurnListsCapped
=== PAUSE TestStateCodec_TurnListsCapped
=== RUN   TestLocalCheckpointIsNeverConflatedWithHostCompaction
--- PASS: TestLocalCheckpointIsNeverConflatedWithHostCompaction (0.05s)
=== RUN   TestSchedulerSuite_DaemonRuntime
=== RUN   TestSchedulerSuite_DaemonRuntime/daemon/shape
=== RUN   TestSchedulerSuite_DaemonRuntime/daemon/behaviour
=== RUN   TestSchedulerSuite_DaemonRuntime/daemon/behaviour/runtime_evaluate_is_deterministic
=== RUN   TestSchedulerSuite_DaemonRuntime/daemon/behaviour/evaluate_young_daly_matches_formula
=== RUN   TestSchedulerSuite_DaemonRuntime/daemon/behaviour/composite_trigger_truth_table
=== RUN   TestSchedulerSuite_DaemonRuntime/daemon/behaviour/composite_trigger_truth_table/quiet_baseline_does_not_compact
=== RUN   TestSchedulerSuite_DaemonRuntime/daemon/behaviour/composite_trigger_truth_table/below_soft_floor_suppresses_every_other_trigger
=== RUN   TestSchedulerSuite_DaemonRuntime/daemon/behaviour/composite_trigger_truth_table/changepoint_fires
=== RUN   TestSchedulerSuite_DaemonRuntime/daemon/behaviour/composite_trigger_truth_table/hard_ceiling_fires
=== RUN   TestSchedulerSuite_DaemonRuntime/daemon/behaviour/composite_trigger_truth_table/young_daly_fires
=== RUN   TestSchedulerSuite_DaemonRuntime/daemon/behaviour/composite_trigger_truth_table/idle_cold_cache_fires
=== RUN   TestSchedulerSuite_DaemonRuntime/daemon/behaviour/threshold_arithmetic
=== RUN   TestSchedulerSuite_DaemonRuntime/daemon/behaviour/argmax_latest_when_warm
=== RUN   TestSchedulerSuite_DaemonRuntime/daemon/behaviour/argmax_deepest_when_cold
=== RUN   TestSchedulerSuite_DaemonRuntime/daemon/behaviour/evaluate_is_pure
=== RUN   TestSchedulerSuite_DaemonRuntime/daemon/behaviour/breakdown_carries_core_keys
=== RUN   TestSchedulerSuite_DaemonRuntime/daemon/behaviour/runtime_observe_returns_normalized_posterior
=== RUN   TestSchedulerSuite_DaemonRuntime/daemon/behaviour/runtime_notify_activity_anchors_idle_since
=== RUN   TestSchedulerSuite_DaemonRuntime/daemon/behaviour/runtime_persist_is_repeatable
--- PASS: TestSchedulerSuite_DaemonRuntime (0.10s)
    --- PASS: TestSchedulerSuite_DaemonRuntime/daemon/shape (0.03s)
    --- PASS: TestSchedulerSuite_DaemonRuntime/daemon/behaviour (0.07s)
        --- PASS: TestSchedulerSuite_DaemonRuntime/daemon/behaviour/runtime_evaluate_is_deterministic (0.00s)
        --- PASS: TestSchedulerSuite_DaemonRuntime/daemon/behaviour/evaluate_young_daly_matches_formula (0.00s)
        --- PASS: TestSchedulerSuite_DaemonRuntime/daemon/behaviour/composite_trigger_truth_table (0.00s)
            --- PASS: TestSchedulerSuite_DaemonRuntime/daemon/behaviour/composite_trigger_truth_table/quiet_baseline_does_not_compact (0.00s)
            --- PASS: TestSchedulerSuite_DaemonRuntime/daemon/behaviour/composite_trigger_truth_table/below_soft_floor_suppresses_every_other_trigger (0.00s)
            --- PASS: TestSchedulerSuite_DaemonRuntime/daemon/behaviour/composite_trigger_truth_table/changepoint_fires (0.00s)
            --- PASS: TestSchedulerSuite_DaemonRuntime/daemon/behaviour/composite_trigger_truth_table/hard_ceiling_fires (0.00s)
            --- PASS: TestSchedulerSuite_DaemonRuntime/daemon/behaviour/composite_trigger_truth_table/young_daly_fires (0.00s)
            --- PASS: TestSchedulerSuite_DaemonRuntime/daemon/behaviour/composite_trigger_truth_table/idle_cold_cache_fires (0.00s)
        --- PASS: TestSchedulerSuite_DaemonRuntime/daemon/behaviour/threshold_arithmetic (0.00s)
        --- PASS: TestSchedulerSuite_DaemonRuntime/daemon/behaviour/argmax_latest_when_warm (0.00s)
        --- PASS: TestSchedulerSuite_DaemonRuntime/daemon/behaviour/argmax_deepest_when_cold (0.00s)
        --- PASS: TestSchedulerSuite_DaemonRuntime/daemon/behaviour/evaluate_is_pure (0.00s)
        --- PASS: TestSchedulerSuite_DaemonRuntime/daemon/behaviour/breakdown_carries_core_keys (0.00s)
        --- PASS: TestSchedulerSuite_DaemonRuntime/daemon/behaviour/runtime_observe_returns_normalized_posterior (0.00s)
        --- PASS: TestSchedulerSuite_DaemonRuntime/daemon/behaviour/runtime_notify_activity_anchors_idle_since (0.00s)
        --- PASS: TestSchedulerSuite_DaemonRuntime/daemon/behaviour/runtime_persist_is_repeatable (0.06s)
=== RUN   TestSchedulerSuite_DaemonRuntimeUnbound
=== RUN   TestSchedulerSuite_DaemonRuntimeUnbound/daemon-unbound/shape
=== RUN   TestSchedulerSuite_DaemonRuntimeUnbound/daemon-unbound/behaviour
=== RUN   TestSchedulerSuite_DaemonRuntimeUnbound/daemon-unbound/behaviour/runtime_evaluate_is_deterministic
=== RUN   TestSchedulerSuite_DaemonRuntimeUnbound/daemon-unbound/behaviour/evaluate_young_daly_matches_formula
=== RUN   TestSchedulerSuite_DaemonRuntimeUnbound/daemon-unbound/behaviour/composite_trigger_truth_table
=== RUN   TestSchedulerSuite_DaemonRuntimeUnbound/daemon-unbound/behaviour/composite_trigger_truth_table/quiet_baseline_does_not_compact
=== RUN   TestSchedulerSuite_DaemonRuntimeUnbound/daemon-unbound/behaviour/composite_trigger_truth_table/below_soft_floor_suppresses_every_other_trigger
=== RUN   TestSchedulerSuite_DaemonRuntimeUnbound/daemon-unbound/behaviour/composite_trigger_truth_table/changepoint_fires
=== RUN   TestSchedulerSuite_DaemonRuntimeUnbound/daemon-unbound/behaviour/composite_trigger_truth_table/hard_ceiling_fires
=== RUN   TestSchedulerSuite_DaemonRuntimeUnbound/daemon-unbound/behaviour/composite_trigger_truth_table/young_daly_fires
=== RUN   TestSchedulerSuite_DaemonRuntimeUnbound/daemon-unbound/behaviour/composite_trigger_truth_table/idle_cold_cache_fires
=== RUN   TestSchedulerSuite_DaemonRuntimeUnbound/daemon-unbound/behaviour/threshold_arithmetic
=== RUN   TestSchedulerSuite_DaemonRuntimeUnbound/daemon-unbound/behaviour/argmax_latest_when_warm
=== RUN   TestSchedulerSuite_DaemonRuntimeUnbound/daemon-unbound/behaviour/argmax_deepest_when_cold
=== RUN   TestSchedulerSuite_DaemonRuntimeUnbound/daemon-unbound/behaviour/evaluate_is_pure
=== RUN   TestSchedulerSuite_DaemonRuntimeUnbound/daemon-unbound/behaviour/breakdown_carries_core_keys
=== RUN   TestSchedulerSuite_DaemonRuntimeUnbound/daemon-unbound/behaviour/runtime_observe_returns_normalized_posterior
=== RUN   TestSchedulerSuite_DaemonRuntimeUnbound/daemon-unbound/behaviour/runtime_notify_activity_anchors_idle_since
=== RUN   TestSchedulerSuite_DaemonRuntimeUnbound/daemon-unbound/behaviour/runtime_persist_is_repeatable
--- PASS: TestSchedulerSuite_DaemonRuntimeUnbound (0.01s)
    --- PASS: TestSchedulerSuite_DaemonRuntimeUnbound/daemon-unbound/shape (0.00s)
    --- PASS: TestSchedulerSuite_DaemonRuntimeUnbound/daemon-unbound/behaviour (0.01s)
        --- PASS: TestSchedulerSuite_DaemonRuntimeUnbound/daemon-unbound/behaviour/runtime_evaluate_is_deterministic (0.00s)
        --- PASS: TestSchedulerSuite_DaemonRuntimeUnbound/daemon-unbound/behaviour/evaluate_young_daly_matches_formula (0.00s)
        --- PASS: TestSchedulerSuite_DaemonRuntimeUnbound/daemon-unbound/behaviour/composite_trigger_truth_table (0.00s)
            --- PASS: TestSchedulerSuite_DaemonRuntimeUnbound/daemon-unbound/behaviour/composite_trigger_truth_table/quiet_baseline_does_not_compact (0.00s)
            --- PASS: TestSchedulerSuite_DaemonRuntimeUnbound/daemon-unbound/behaviour/composite_trigger_truth_table/below_soft_floor_suppresses_every_other_trigger (0.00s)
            --- PASS: TestSchedulerSuite_DaemonRuntimeUnbound/daemon-unbound/behaviour/composite_trigger_truth_table/changepoint_fires (0.00s)
            --- PASS: TestSchedulerSuite_DaemonRuntimeUnbound/daemon-unbound/behaviour/composite_trigger_truth_table/hard_ceiling_fires (0.00s)
            --- PASS: TestSchedulerSuite_DaemonRuntimeUnbound/daemon-unbound/behaviour/composite_trigger_truth_table/young_daly_fires (0.00s)
            --- PASS: TestSchedulerSuite_DaemonRuntimeUnbound/daemon-unbound/behaviour/composite_trigger_truth_table/idle_cold_cache_fires (0.00s)
        --- PASS: TestSchedulerSuite_DaemonRuntimeUnbound/daemon-unbound/behaviour/threshold_arithmetic (0.00s)
        --- PASS: TestSchedulerSuite_DaemonRuntimeUnbound/daemon-unbound/behaviour/argmax_latest_when_warm (0.00s)
        --- PASS: TestSchedulerSuite_DaemonRuntimeUnbound/daemon-unbound/behaviour/argmax_deepest_when_cold (0.00s)
        --- PASS: TestSchedulerSuite_DaemonRuntimeUnbound/daemon-unbound/behaviour/evaluate_is_pure (0.00s)
        --- PASS: TestSchedulerSuite_DaemonRuntimeUnbound/daemon-unbound/behaviour/breakdown_carries_core_keys (0.00s)
        --- PASS: TestSchedulerSuite_DaemonRuntimeUnbound/daemon-unbound/behaviour/runtime_observe_returns_normalized_posterior (0.00s)
        --- PASS: TestSchedulerSuite_DaemonRuntimeUnbound/daemon-unbound/behaviour/runtime_notify_activity_anchors_idle_since (0.00s)
        --- PASS: TestSchedulerSuite_DaemonRuntimeUnbound/daemon-unbound/behaviour/runtime_persist_is_repeatable (0.00s)
=== RUN   TestDetectorSuite_BOCD
=== RUN   TestDetectorSuite_BOCD/bocd/normalized_after_random_observations
=== RUN   TestDetectorSuite_BOCD/bocd/posterior_length_bounded
=== RUN   TestDetectorSuite_BOCD/bocd/marshal_round_trip_reproduces_state
=== RUN   TestDetectorSuite_BOCD/bocd/deterministic_across_instances
--- PASS: TestDetectorSuite_BOCD (0.04s)
    --- PASS: TestDetectorSuite_BOCD/bocd/normalized_after_random_observations (0.03s)
    --- PASS: TestDetectorSuite_BOCD/bocd/posterior_length_bounded (0.00s)
    --- PASS: TestDetectorSuite_BOCD/bocd/marshal_round_trip_reproduces_state (0.00s)
    --- PASS: TestDetectorSuite_BOCD/bocd/deterministic_across_instances (0.01s)
=== RUN   TestWrapServices_CallsInnerSeamsFirst
=== PAUSE TestWrapServices_CallsInnerSeamsFirst
=== RUN   TestWrapServices_UndecoratedSeamsUntouched
=== PAUSE TestWrapServices_UndecoratedSeamsUntouched
=== RUN   TestWrapServices_NilInnerSeamsTolerated
=== PAUSE TestWrapServices_NilInnerSeamsTolerated
=== RUN   TestWrapServices_ObserveToolDrivesObserve
=== PAUSE TestWrapServices_ObserveToolDrivesObserve
=== RUN   TestWrapServices_ObserveStopRecordsRoundBoundary
=== PAUSE TestWrapServices_ObserveStopRecordsRoundBoundary
=== RUN   TestWrapServices_BoundarySignalsCloseSegment
=== PAUSE TestWrapServices_BoundarySignalsCloseSegment
=== RUN   TestWrapServices_SessionStartBindsAndSessionEndCloses
=== PAUSE TestWrapServices_SessionStartBindsAndSessionEndCloses
=== RUN   TestWrapServices_PromptSeamDoesNoStoreIO
=== PAUSE TestWrapServices_PromptSeamDoesNoStoreIO
=== RUN   TestWrapServices_MissingRecordCounted
=== PAUSE TestWrapServices_MissingRecordCounted
=== RUN   TestWrapServices_NilRuntimeIsNoOp
=== PAUSE TestWrapServices_NilRuntimeIsNoOp
=== RUN   TestWrapServices_PanicRecoveredOncePerSession
=== PAUSE TestWrapServices_PanicRecoveredOncePerSession
=== RUN   TestSentinelScan_APromptFromBeforeTheMintIsNoMiss
--- PASS: TestSentinelScan_APromptFromBeforeTheMintIsNoMiss (0.18s)
=== RUN   TestSentinelScan_APromptOfAnotherSessionIsNoMiss
--- PASS: TestSentinelScan_APromptOfAnotherSessionIsNoMiss (0.16s)
=== RUN   TestSentinelScan_ARetriedPromptDeliveryIsOneChance
--- PASS: TestSentinelScan_ARetriedPromptDeliveryIsOneChance (0.21s)
=== RUN   TestSentinelScan_APromptRedeliveredAfterARestartIsOneChance
--- PASS: TestSentinelScan_APromptRedeliveredAfterARestartIsOneChance (0.23s)
=== RUN   TestSessionStartCompact_SessionsNextEventWaitsForTheBookkeeping
--- PASS: TestSessionStartCompact_SessionsNextEventWaitsForTheBookkeeping (0.38s)
=== RUN   TestSessionStartCompact_BookkeepingGateHonoursCancellation
--- PASS: TestSessionStartCompact_BookkeepingGateHonoursCancellation (0.07s)
=== RUN   TestSessionStartCompact_UnreadableCheckpointStoreIsAnsweredWithTheNote
--- PASS: TestSessionStartCompact_UnreadableCheckpointStoreIsAnsweredWithTheNote (0.11s)
=== RUN   TestSessionStartCompact_StopDuringTheCheckpointReadIsAnsweredAsStopping
--- PASS: TestSessionStartCompact_StopDuringTheCheckpointReadIsAnsweredAsStopping (0.09s)
=== RUN   TestSessionStartCompact_PanickingRehydrationServiceIsAnsweredWithTheNote
--- PASS: TestSessionStartCompact_PanickingRehydrationServiceIsAnsweredWithTheNote (0.08s)
=== RUN   TestSessionStartCompact_FailedRehydrationSeamIsAnsweredWithTheNote
--- PASS: TestSessionStartCompact_FailedRehydrationSeamIsAnsweredWithTheNote (0.08s)
=== RUN   TestSessionStartCompact_DegradedPassiveAnswersNothingForABrokenStore
--- PASS: TestSessionStartCompact_DegradedPassiveAnswersNothingForABrokenStore (0.11s)
=== RUN   TestSessionStartCompact_AnswerDoesNotWaitForTheSessionsIngest
    session_start_compact_test.go:174: answered in 71.4319ms with the session's lock held
--- PASS: TestSessionStartCompact_AnswerDoesNotWaitForTheSessionsIngest (0.25s)
=== RUN   TestSessionStartCompact_LateRehydrationIsAnsweredWithTheDeferredNote
--- PASS: TestSessionStartCompact_LateRehydrationIsAnsweredWithTheDeferredNote (0.23s)
=== RUN   TestSessionStartCompact_ReadyRehydrationIsTheAnswer
--- PASS: TestSessionStartCompact_ReadyRehydrationIsTheAnswer (0.07s)
=== RUN   TestSessionStartCompact_PanickingRehydrationIsAnsweredAtOnce
--- PASS: TestSessionStartCompact_PanickingRehydrationIsAnsweredAtOnce (0.09s)
=== RUN   TestSessionStartCompact_StoppingDaemonAnswersWithTheNote
--- PASS: TestSessionStartCompact_StoppingDaemonAnswersWithTheNote (0.08s)
=== RUN   TestSessionStartCompact_PassiveModeStillActsOnNothing
--- PASS: TestSessionStartCompact_PassiveModeStillActsOnNothing (0.10s)
=== RUN   TestCompactDeferredNote_FitsTheHostCap
--- PASS: TestCompactDeferredNote_FitsTheHostCap (0.00s)
=== RUN   TestCompactAnswerBudget_IsAThirdOfTheManifestTimeout
--- PASS: TestCompactAnswerBudget_IsAThirdOfTheManifestTimeout (0.00s)
=== RUN   TestSessionStartRoute_RecordsItsPhases
--- PASS: TestSessionStartRoute_RecordsItsPhases (0.25s)
=== RUN   TestSessionStartReplay_MintsNoProbeAndAnswersNothing
--- PASS: TestSessionStartReplay_MintsNoProbeAndAnswersNothing (0.12s)
=== RUN   TestSessionStartReplay_NeverDegradesTheProjectTwoPromptsLater
--- PASS: TestSessionStartReplay_NeverDegradesTheProjectTwoPromptsLater (0.20s)
=== RUN   TestSessionStartReplay_WithdrawsTheProbeItsLostAnswerCarried
--- PASS: TestSessionStartReplay_WithdrawsTheProbeItsLostAnswerCarried (0.33s)
=== RUN   TestSessionStartReplay_LeavesTheDegradeBannerToTheNextLiveStart
--- PASS: TestSessionStartReplay_LeavesTheDegradeBannerToTheNextLiveStart (0.33s)
=== RUN   TestSessionStartReplay_OwesTheBannerItsLostAnswerCarried
--- PASS: TestSessionStartReplay_OwesTheBannerItsLostAnswerCarried (0.28s)
=== RUN   TestSessionStartReplay_AnEarlierSessionsProbeIsNotMissedByTheReplayedSession
--- PASS: TestSessionStartReplay_AnEarlierSessionsProbeIsNotMissedByTheReplayedSession (0.27s)
=== RUN   TestSessionStartCompact_ReplayedRequestRecordsItsRehydrationUndelivered
--- PASS: TestSessionStartCompact_ReplayedRequestRecordsItsRehydrationUndelivered (0.08s)
=== RUN   TestSessionStartCompact_LiveRequestIsNotAReplay
--- PASS: TestSessionStartCompact_LiveRequestIsNotAReplay (0.09s)
=== RUN   TestSketchSetNeverWritesTriedBloom
=== PAUSE TestSketchSetNeverWritesTriedBloom
=== RUN   TestNewSketchSet_ConstructsAllFour
=== PAUSE TestNewSketchSet_ConstructsAllFour
=== RUN   TestSketchSetSaveIsNoopWhenNotDirty
=== PAUSE TestSketchSetSaveIsNoopWhenNotDirty
=== RUN   TestSketchSetLoadToleratesStubSketchPackage
=== PAUSE TestSketchSetLoadToleratesStubSketchPackage
=== RUN   TestSketchSetLoad_CorruptFileIsLoud
--- PASS: TestSketchSetLoad_CorruptFileIsLoud (0.04s)
=== RUN   TestSketchSetLoad_AbsentFileIsQuiet
--- PASS: TestSketchSetLoad_AbsentFileIsQuiet (0.00s)
=== RUN   TestStageBinary_CopiesOnceUnderTheContentAddress
=== PAUSE TestStageBinary_CopiesOnceUnderTheContentAddress
=== RUN   TestStageBinary_ReplacesATamperedCopy
=== PAUSE TestStageBinary_ReplacesATamperedCopy
=== RUN   TestStageBinary_ReplacesANonFileAtTheTarget
=== PAUSE TestStageBinary_ReplacesANonFileAtTheTarget
=== RUN   TestStageBinary_RefusesWithoutAHome
=== PAUSE TestStageBinary_RefusesWithoutAHome
=== RUN   TestStageBinary_UnreadableSourceFails
=== PAUSE TestStageBinary_UnreadableSourceFails
=== RUN   TestStageBinary_PrunesOtherVersions
=== PAUSE TestStageBinary_PrunesOtherVersions
=== RUN   TestStageBinary_ConcurrentSpawnersAgree
=== PAUSE TestStageBinary_ConcurrentSpawnersAgree
=== RUN   TestDaemonProgram_StagesOnlyWhereEnabled
=== PAUSE TestDaemonProgram_StagesOnlyWhereEnabled
=== RUN   TestDaemonProgram_StagesAPluginLayoutWithoutTheVariable
=== PAUSE TestDaemonProgram_StagesAPluginLayoutWithoutTheVariable
=== RUN   TestDaemonWorkingDir
=== PAUSE TestDaemonWorkingDir
=== RUN   TestRunningFromPluginRoot
=== PAUSE TestRunningFromPluginRoot
=== RUN   TestRun_ReportsRunningFromThePluginDirectory
--- PASS: TestRun_ReportsRunningFromThePluginDirectory (0.13s)
=== RUN   TestBuildSpawnEnv_StripsFaultAddsProjectRoot
=== PAUSE TestBuildSpawnEnv_StripsFaultAddsProjectRoot
=== RUN   TestBuildSpawnEnv_StripIsCaseInsensitive
=== PAUSE TestBuildSpawnEnv_StripIsCaseInsensitive
=== RUN   TestBuildSpawnEnv_NoFaultEntryIsUnaffected
=== PAUSE TestBuildSpawnEnv_NoFaultEntryIsUnaffected
=== RUN   TestBuildSpawnCommand_ShapesArgvAndSysProcAttr
=== PAUSE TestBuildSpawnCommand_ShapesArgvAndSysProcAttr
=== RUN   TestEnsureRunning_AlreadyRunningNeverSpawns
--- PASS: TestEnsureRunning_AlreadyRunningNeverSpawns (0.02s)
=== RUN   TestEnsureRunning_SpawnFailureReportsImmediately
=== PAUSE TestEnsureRunning_SpawnFailureReportsImmediately
=== RUN   TestSpoolWatch_AClientSpoolIsPublishedWhileItsSessionIsActive
--- PASS: TestSpoolWatch_AClientSpoolIsPublishedWhileItsSessionIsActive (1.37s)
=== RUN   TestSpoolWatch_ASpoolWaitingOnItsSessionIsRetriedWithNoFurtherHook
--- PASS: TestSpoolWatch_ASpoolWaitingOnItsSessionIsRetriedWithNoFurtherHook (0.97s)
=== RUN   TestSpoolWatch_AnUnconsumableSpoolIsRetriedWithBackoffNotEveryTick
--- PASS: TestSpoolWatch_AnUnconsumableSpoolIsRetriedWithBackoffNotEveryTick (3.80s)
=== RUN   TestSpoolWatch_DoesNothingWithoutAKick
--- PASS: TestSpoolWatch_DoesNothingWithoutAKick (0.80s)
=== RUN   TestDrainClientSpools_LeavesWALSegmentsToTheWorkerPool
--- PASS: TestDrainClientSpools_LeavesWALSegmentsToTheWorkerPool (0.73s)
=== RUN   TestDrainClientSpools_DefersTheSpooledCopyOfADeliveryInFlight
--- PASS: TestDrainClientSpools_DefersTheSpooledCopyOfADeliveryInFlight (0.75s)
=== RUN   TestSpoolWatch_KnowsTheClientSpoolFamily
--- PASS: TestSpoolWatch_KnowsTheClientSpoolFamily (0.00s)
=== RUN   TestSpoolRetryAfter_Doubles
--- PASS: TestSpoolRetryAfter_Doubles (0.00s)
=== RUN   TestCadenceFinalizesWhenDraftReachesBudget
=== RUN   TestCadenceFinalizesWhenDraftReachesBudget/the_draft_prices_at_or_above_the_budget
=== RUN   TestCadenceFinalizesWhenDraftReachesBudget/the_draft_absorbed_eight_segments_while_still_under_budget
--- PASS: TestCadenceFinalizesWhenDraftReachesBudget (0.46s)
    --- PASS: TestCadenceFinalizesWhenDraftReachesBudget/the_draft_prices_at_or_above_the_budget (0.17s)
    --- PASS: TestCadenceFinalizesWhenDraftReachesBudget/the_draft_absorbed_eight_segments_while_still_under_budget (0.30s)
=== RUN   TestCadenceSealsNothingWhenNeitherConditionHolds
--- PASS: TestCadenceSealsNothingWhenNeitherConditionHolds (0.11s)
=== RUN   TestAdvanceFrontierOpensNoDraftForASessionWithNothingToEncode
--- PASS: TestAdvanceFrontierOpensNoDraftForASessionWithNothingToEncode (0.12s)
=== RUN   TestACancelledContextStopsTheFrontierSweep
--- PASS: TestACancelledContextStopsTheFrontierSweep (0.09s)
=== RUN   TestACancelledContextStopsTheCadenceLoop
--- PASS: TestACancelledContextStopsTheCadenceLoop (0.13s)
=== RUN   TestADPIViolationIsLoggedLoudAndSkipped
=== RUN   TestADPIViolationIsLoggedLoudAndSkipped/the_violation_is_the_only_thing_that_went_wrong
=== RUN   TestADPIViolationIsLoggedLoudAndSkipped/an_unrelated_failure_elsewhere_in_the_sweep_does_not_hide_it
--- PASS: TestADPIViolationIsLoggedLoudAndSkipped (0.19s)
    --- PASS: TestADPIViolationIsLoggedLoudAndSkipped/the_violation_is_the_only_thing_that_went_wrong (0.10s)
    --- PASS: TestADPIViolationIsLoggedLoudAndSkipped/an_unrelated_failure_elsewhere_in_the_sweep_does_not_hide_it (0.09s)
=== RUN   TestTheSweepReportsEvidenceItCannotVerify
--- PASS: TestTheSweepReportsEvidenceItCannotVerify (0.13s)
=== RUN   TestPrecompactDeadlineIsLeftUnsetWhenTheManifestDeclaresNoTimeout
=== PAUSE TestPrecompactDeadlineIsLeftUnsetWhenTheManifestDeclaresNoTimeout
=== RUN   TestPrecompactDeadlineIsNestedInsideTheClientWait
=== PAUSE TestPrecompactDeadlineIsNestedInsideTheClientWait
=== RUN   TestDaemonLogReachesTheConstructedDaemonsLogger
=== PAUSE TestDaemonLogReachesTheConstructedDaemonsLogger
=== RUN   TestWireCheckpointResolvesItsSourcesLive
--- PASS: TestWireCheckpointResolvesItsSourcesLive (0.13s)
=== RUN   TestWireCheckpointWithoutASupplierStillValidatesItsFrozenSet
--- PASS: TestWireCheckpointWithoutASupplierStillValidatesItsFrozenSet (0.08s)
=== RUN   TestBindCheckpointSealsOnTheFirstPreCompact
--- PASS: TestBindCheckpointSealsOnTheFirstPreCompact (0.21s)
=== RUN   TestBindCheckpointDegradesWhenTheLedgerCannotBeOpened
--- PASS: TestBindCheckpointDegradesWhenTheLedgerCannotBeOpened (0.09s)
=== RUN   TestArmSourcesOpensNothingWhenTheSourcesAlreadyResolve
--- PASS: TestArmSourcesOpensNothingWhenTheSourcesAlreadyResolve (0.18s)
=== RUN   TestStopClosesTheLedgerTheDaemonOpened
--- PASS: TestStopClosesTheLedgerTheDaemonOpened (0.06s)
=== RUN   TestService_CompactEmitsAdditionalContext
--- PASS: TestService_CompactEmitsAdditionalContext (0.06s)
=== RUN   TestService_ReinjectionKillSwitchEmitsNothing
--- PASS: TestService_ReinjectionKillSwitchEmitsNothing (0.05s)
=== RUN   TestService_DegradedPassiveEmitsNothing
--- PASS: TestService_DegradedPassiveEmitsNothing (0.05s)
=== RUN   TestService_CheckpointNotFoundStillEmits
--- PASS: TestService_CheckpointNotFoundStillEmits (0.07s)
=== RUN   TestService_CheckpointErrorAnswersWithTheDeferredNote
--- PASS: TestService_CheckpointErrorAnswersWithTheDeferredNote (0.06s)
=== RUN   TestService_BuildFailureAnswersWithTheDeferredNote
--- PASS: TestService_BuildFailureAnswersWithTheDeferredNote (0.08s)
=== RUN   TestService_CancelledCheckpointReadAnswersThatTheDaemonWasStopping
--- PASS: TestService_CancelledCheckpointReadAnswersThatTheDaemonWasStopping (0.12s)
=== RUN   TestService_UnreadableCheckpointManifestAnswersWithTheDeferredNote
--- PASS: TestService_UnreadableCheckpointManifestAnswersWithTheDeferredNote (0.06s)
=== RUN   TestService_UndecodableCheckpointAnswersWithTheDeferredNote
--- PASS: TestService_UndecodableCheckpointAnswersWithTheDeferredNote (0.10s)
=== RUN   TestService_UnverifiableCheckpointStillRehydratesWithoutIt
--- PASS: TestService_UnverifiableCheckpointStillRehydratesWithoutIt (0.07s)
=== RUN   TestService_ResumedOrForkedSessionInheritsProjectCheckpoint
--- PASS: TestService_ResumedOrForkedSessionInheritsProjectCheckpoint (0.06s)
=== RUN   TestService_FreshServiceInstanceNeedsNoWarmup
--- PASS: TestService_FreshServiceInstanceNeedsNoWarmup (0.04s)
=== RUN   TestService_RepeatedCompactionIsIndependentAndDoesNotReingestItsOwnInjection
--- PASS: TestService_RepeatedCompactionIsIndependentAndDoesNotReingestItsOwnInjection (0.06s)
=== RUN   TestService_DuplicateCompactEventIsHandledConsistently
--- PASS: TestService_DuplicateCompactEventIsHandledConsistently (0.06s)
=== RUN   TestService_OutOfOrderCheckpointDeliveryReflectsWhateverIsCurrentlyLatest
--- PASS: TestService_OutOfOrderCheckpointDeliveryReflectsWhateverIsCurrentlyLatest (0.07s)
=== RUN   TestService_MissingSessionIDDoesNotPanic
--- PASS: TestService_MissingSessionIDDoesNotPanic (0.04s)
=== RUN   TestService_PanicRecovered
--- PASS: TestService_PanicRecovered (0.07s)
=== RUN   TestService_RecordsState
--- PASS: TestService_RecordsState (0.04s)
=== RUN   TestService_StateWriteFailureStillEmits
    rehydrate_service_test.go:970: platform: a directory mode bit does not deny file creation on Windows
--- SKIP: TestService_StateWriteFailureStillEmits (0.00s)
=== RUN   TestService_ClearResetsState
--- PASS: TestService_ClearResetsState (0.04s)
=== RUN   TestService_ClearOnMissingStateIsNoOp
--- PASS: TestService_ClearOnMissingStateIsNoOp (0.04s)
=== RUN   TestService_DeclaresAdditionalContextProducer
--- PASS: TestService_DeclaresAdditionalContextProducer (0.03s)
=== RUN   TestService_OffersTheAnswerThenRecordsIt
--- PASS: TestService_OffersTheAnswerThenRecordsIt (0.05s)
=== RUN   TestService_AbandonedRehydrationRecordsItselfUndelivered
--- PASS: TestService_AbandonedRehydrationRecordsItselfUndelivered (0.06s)
=== RUN   TestService_RouteRehydratesMarkBuildsNothing
--- PASS: TestService_RouteRehydratesMarkBuildsNothing (0.04s)
=== RUN   TestService_ReplayedRehydrationRecordsWhyItWasNotDelivered
--- PASS: TestService_ReplayedRehydrationRecordsWhyItWasNotDelivered (0.16s)
=== RUN   TestService_ReplayedUnbuildableRehydrationSaysWhatTheHookAnswered
--- PASS: TestService_ReplayedUnbuildableRehydrationSaysWhatTheHookAnswered (0.07s)
=== RUN   TestScopedReuse_ReportOnlyIsAStateNotAnAbsence
=== PAUSE TestScopedReuse_ReportOnlyIsAStateNotAnAbsence
=== RUN   TestScopedReuse_ADisabledFeatureAndAnEmptyResultAreDifferent
=== PAUSE TestScopedReuse_ADisabledFeatureAndAnEmptyResultAreDifferent
=== RUN   TestScopedReuse_OffersASiblingWorktreesEliminationWithItsAttribution
=== PAUSE TestScopedReuse_OffersASiblingWorktreesEliminationWithItsAttribution
=== RUN   TestScopedReuse_NoGrantOffersNothingEvenWithTheSwitchOn
=== PAUSE TestScopedReuse_NoGrantOffersNothingEvenWithTheSwitchOn
=== RUN   TestScopedReuse_WithheldAndDeniedAreCountedApart
=== PAUSE TestScopedReuse_WithheldAndDeniedAreCountedApart
=== RUN   TestScopedReuse_CrossRepositoryIsDeniedByTheBroadestGrant
=== PAUSE TestScopedReuse_CrossRepositoryIsDeniedByTheBroadestGrant
=== RUN   TestScopedReuse_DegradedDependencyCoverageWithholdsEverything
=== PAUSE TestScopedReuse_DegradedDependencyCoverageWithholdsEverything
=== RUN   TestScopedReuse_UnobservedScopeWithholdsRatherThanMatching
=== PAUSE TestScopedReuse_UnobservedScopeWithholdsRatherThanMatching
=== RUN   TestScopedReuse_OmissionsAreGroupedByReason
=== PAUSE TestScopedReuse_OmissionsAreGroupedByReason
=== RUN   TestScopedReuse_ADaemonCannotMintItsOwnGrant
=== PAUSE TestScopedReuse_ADaemonCannotMintItsOwnGrant
=== RUN   TestObserveScope_TwoWorktreesShareARepositoryAndDifferInTree
=== PAUSE TestObserveScope_TwoWorktreesShareARepositoryAndDifferInTree
=== RUN   TestObserveScope_TwoUnrelatedRepositoriesNeverRelate
=== PAUSE TestObserveScope_TwoUnrelatedRepositoriesNeverRelate
=== RUN   TestObserveScope_SameWorktreeAcrossSessions
=== PAUSE TestObserveScope_SameWorktreeAcrossSessions
=== RUN   TestObserveScope_NothingFailsAndEveryGapIsNamed
=== PAUSE TestObserveScope_NothingFailsAndEveryGapIsNamed
=== RUN   TestObserveScope_DetachedHeadHasNoBranch
=== PAUSE TestObserveScope_DetachedHeadHasNoBranch
=== RUN   TestObserveScope_ReadsAPackedRef
=== PAUSE TestObserveScope_ReadsAPackedRef
=== RUN   TestObserveScope_AWorktreesOwnRefShadowsTheCommonOne
=== PAUSE TestObserveScope_AWorktreesOwnRefShadowsTheCommonOne
=== RUN   TestObserveScope_AWorktreeWithNoCommondirLooksLikeItsOwnRepository
=== PAUSE TestObserveScope_AWorktreeWithNoCommondirLooksLikeItsOwnRepository
=== RUN   TestObserveScope_IsStableAcrossCalls
=== PAUSE TestObserveScope_IsStableAcrossCalls
=== CONT  TestRunningFromPluginRoot
=== CONT  TestResolveBlob_NilEventLeavesBlobFileUntouched
=== CONT  TestDaemonProgram_StagesOnlyWhereEnabled
=== CONT  TestDrainPassIsBoundedByItsOwnSnapshotOfAGrowingSpoolFile
=== CONT  TestDeliveryGeneration_TerminalArchivedLeaseResolves
=== CONT  TestDeliveryRollover_CrossesCapacitySeamAndAdvancesSegment
=== CONT  TestNewOptions_SeedsSaneDefaults
=== CONT  TestHotModeTransitionPersistsBeforeItIsAnnounced
=== CONT  TestIdleRunsByPriority
=== CONT  TestScopedReuse_CrossRepositoryIsDeniedByTheBroadestGrant
--- PASS: TestIdleRunsByPriority (0.00s)
=== CONT  TestStageBinary_ConcurrentSpawnersAgree
=== CONT  TestFrontier_CloseOnTodoCompleted
=== CONT  TestAssemble_IntersectsChangepointsAndRounds
=== CONT  TestDaemonWorkingDir
--- PASS: TestDaemonWorkingDir (0.00s)
=== CONT  TestDaemonProgram_StagesAPluginLayoutWithoutTheVariable
=== CONT  TestFeaturesFrom_LexicalCohesionShingleCap
--- PASS: TestAssemble_IntersectsChangepointsAndRounds (0.00s)
=== CONT  TestStageBinary_PrunesOtherVersions
=== CONT  TestFeaturesFrom_WindowRoll
=== CONT  TestFeaturesFrom_TodoTransition
=== CONT  TestFeaturesFrom_GapSeconds
=== CONT  TestReclaimableIndex_MonotoneNonIncreasing_Property
=== CONT  TestFeaturesFrom_ToolShiftTotalVariation
=== CONT  TestFeaturesFrom_PathJaccard_EmptyUnionIsOne
=== CONT  TestStageBinary_UnreadableSourceFails
=== CONT  TestRuntime_PersistRoundTrip
=== CONT  TestReclaimableIndex_SuffixSums
=== CONT  TestStageBinary_RefusesWithoutAHome
=== CONT  TestReclaimableIndex_Empty
--- PASS: TestFeaturesFrom_TodoTransition (0.00s)
=== CONT  TestReclaimableIndex_ExcludesDropNone
=== CONT  TestFeaturesFrom_PathJaccard
=== CONT  TestAssemble_RecoversCrossingEdgesPanic
=== CONT  TestClassifyDrop_AdaptsStoreRecord
=== CONT  TestStageBinary_ReplacesANonFileAtTheTarget
=== CONT  TestAssemble_NilGraphReturnsNoCandidates
=== CONT  TestAssemble_ReclaimableFromIndex
=== CONT  TestStageBinary_ReplacesATamperedCopy
=== CONT  TestAssemble_CapPrefersRoundBoundaries
=== CONT  TestDrainKeepsProgressWhenItCannotPersistTheForgetting
--- PASS: TestFeaturesFrom_GapSeconds (0.00s)
--- PASS: TestFeaturesFrom_ToolShiftTotalVariation (0.00s)
--- PASS: TestFeaturesFrom_PathJaccard_EmptyUnionIsOne (0.00s)
--- PASS: TestReclaimableIndex_SuffixSums (0.00s)
--- PASS: TestReclaimableIndex_Empty (0.00s)
--- PASS: TestReclaimableIndex_ExcludesDropNone (0.00s)
--- PASS: TestFeaturesFrom_PathJaccard (0.00s)
--- PASS: TestClassifyDrop_AdaptsStoreRecord (0.00s)
--- PASS: TestAssemble_NilGraphReturnsNoCandidates (0.00s)
--- PASS: TestAssemble_RecoversCrossingEdgesPanic (0.00s)
--- PASS: TestAssemble_ReclaimableFromIndex (0.00s)
--- PASS: TestAssemble_CapPrefersRoundBoundaries (0.00s)
=== NAME  TestReclaimableIndex_MonotoneNonIncreasing_Property
    scheduler_droppable_test.go:87: [rapid] OK, passed 100 tests (9.1608ms)
--- PASS: TestReclaimableIndex_MonotoneNonIncreasing_Property (0.01s)
=== CONT  TestWalSessionID
--- PASS: TestWalSessionID (0.00s)
=== CONT  TestDrainNotesAStaleProgressOnceThenClears
--- PASS: TestNewOptions_SeedsSaneDefaults (0.02s)
=== CONT  TestDrainKeepsLiveSessionWAL
--- PASS: TestFeaturesFrom_LexicalCohesionShingleCap (0.02s)
=== CONT  TestDrainSurvivesCorruptLine
--- PASS: TestFrontier_CloseOnTodoCompleted (0.02s)
=== CONT  TestDrainResolvesBlobs
--- PASS: TestResolveBlob_NilEventLeavesBlobFileUntouched (0.03s)
=== CONT  TestDrainResumesAfterCancel
--- PASS: TestStageBinary_UnreadableSourceFails (0.04s)
=== CONT  TestDrainIsIdempotent
--- PASS: TestStageBinary_RefusesWithoutAHome (0.06s)
=== CONT  TestDrainPersistsAFileBeforeCleaningUpItsBlobs
--- PASS: TestRunningFromPluginRoot (0.06s)
=== CONT  TestStageBinary_CopiesOnceUnderTheContentAddress
--- PASS: TestFeaturesFrom_WindowRoll (0.06s)
=== CONT  TestDrainPersistsPerFileBeforeMovingOn
--- PASS: TestHotModeTransitionPersistsBeforeItIsAnnounced (0.08s)
=== CONT  TestDrainKeepsCleanupIntentsForAFileDeletedAfterTheListing
--- PASS: TestDaemonProgram_StagesAPluginLayoutWithoutTheVariable (0.11s)
=== CONT  TestDrainRejectsMismatchedProgressBeforePruningIt
--- PASS: TestScopedReuse_CrossRepositoryIsDeniedByTheBroadestGrant (0.12s)
=== CONT  TestPrecompactDeadlineIsNestedInsideTheClientWait
--- PASS: TestPrecompactDeadlineIsNestedInsideTheClientWait (0.00s)
=== CONT  TestScopedReuse_WithheldAndDeniedAreCountedApart
--- PASS: TestStageBinary_PrunesOtherVersions (0.12s)
=== CONT  TestScopedReuse_NoGrantOffersNothingEvenWithTheSwitchOn
--- PASS: TestRuntime_PersistRoundTrip (0.15s)
=== CONT  TestSketchSetLoadToleratesStubSketchPackage
--- PASS: TestSketchSetLoadToleratesStubSketchPackage (0.04s)
=== CONT  TestSketchSetSaveIsNoopWhenNotDirty
--- PASS: TestDaemonProgram_StagesOnlyWhereEnabled (0.18s)
=== CONT  TestScopedReuse_OffersASiblingWorktreesEliminationWithItsAttribution
--- PASS: TestStageBinary_ReplacesANonFileAtTheTarget (0.19s)
=== CONT  TestNewSketchSet_ConstructsAllFour
--- PASS: TestNewSketchSet_ConstructsAllFour (0.00s)
=== CONT  TestScopedReuse_ADisabledFeatureAndAnEmptyResultAreDifferent
--- PASS: TestStageBinary_ReplacesATamperedCopy (0.20s)
=== CONT  TestSketchSetNeverWritesTriedBloom
--- PASS: TestSketchSetSaveIsNoopWhenNotDirty (0.03s)
=== CONT  TestScopedReuse_ReportOnlyIsAStateNotAnAbsence
--- PASS: TestDrainRejectsMismatchedProgressBeforePruningIt (0.11s)
=== CONT  TestDaemonLogReachesTheConstructedDaemonsLogger
--- PASS: TestStageBinary_ConcurrentSpawnersAgree (0.23s)
=== CONT  TestWrapServices_PanicRecoveredOncePerSession
--- PASS: TestStageBinary_CopiesOnceUnderTheContentAddress (0.18s)
=== CONT  TestObserveScope_SameWorktreeAcrossSessions
--- PASS: TestDrainSurvivesCorruptLine (0.21s)
=== CONT  TestWrapServices_NilRuntimeIsNoOp
--- PASS: TestWrapServices_NilRuntimeIsNoOp (0.00s)
=== CONT  TestWrapServices_MissingRecordCounted
--- PASS: TestDrainNotesAStaleProgressOnceThenClears (0.23s)
=== CONT  TestObserveScope_IsStableAcrossCalls
--- PASS: TestDrainResolvesBlobs (0.22s)
=== CONT  TestWrapServices_PromptSeamDoesNoStoreIO
--- PASS: TestDrainKeepsLiveSessionWAL (0.22s)
=== CONT  TestObserveScope_AWorktreeWithNoCommondirLooksLikeItsOwnRepository
--- PASS: TestWrapServices_PanicRecoveredOncePerSession (0.02s)
=== CONT  TestObserveScope_AWorktreesOwnRefShadowsTheCommonOne
--- PASS: TestDaemonLogReachesTheConstructedDaemonsLogger (0.02s)
=== CONT  TestWrapServices_SessionStartBindsAndSessionEndCloses
--- PASS: TestWrapServices_PromptSeamDoesNoStoreIO (0.02s)
=== CONT  TestObserveScope_ReadsAPackedRef
--- PASS: TestWrapServices_MissingRecordCounted (0.03s)
=== CONT  TestWrapServices_BoundarySignalsCloseSegment
--- PASS: TestObserveScope_SameWorktreeAcrossSessions (0.03s)
=== CONT  TestAssemble_CapAt32KeepsHighestPos
--- PASS: TestAssemble_CapAt32KeepsHighestPos (0.00s)
=== CONT  TestWrapServices_ObserveStopRecordsRoundBoundary
--- PASS: TestWrapServices_BoundarySignalsCloseSegment (0.01s)
=== CONT  TestAssemble_TurnPosRebuiltWhenTurnAdvances
--- PASS: TestAssemble_TurnPosRebuiltWhenTurnAdvances (0.00s)
=== CONT  TestIdleWorkBindsDaemon
--- PASS: TestDrainIsIdempotent (0.24s)
=== CONT  TestAssemble_TurnPosCachedUntilTurnAdvances
--- PASS: TestAssemble_TurnPosCachedUntilTurnAdvances (0.00s)
=== CONT  TestRuntime_NotifyActivitySetsAPICallClock
--- PASS: TestIdleWorkBindsDaemon (0.02s)
=== CONT  TestAssemble_CouplingRecomputedEveryCall
--- PASS: TestAssemble_CouplingRecomputedEveryCall (0.00s)
=== CONT  TestAssemble_CouplingFromCrossingEdges
--- PASS: TestWrapServices_ObserveStopRecordsRoundBoundary (0.03s)
=== CONT  TestRuntime_BurnRateEWMA
--- PASS: TestAssemble_CouplingFromCrossingEdges (0.00s)
=== CONT  TestAssemble_SkipsUnresolvableTurns
--- PASS: TestAssemble_SkipsUnresolvableTurns (0.00s)
=== CONT  TestWrapServices_ObserveToolDrivesObserve
--- PASS: TestObserveScope_IsStableAcrossCalls (0.06s)
=== CONT  TestWrapServices_NilInnerSeamsTolerated
--- PASS: TestRuntime_NotifyActivitySetsAPICallClock (0.02s)
=== CONT  TestRuntime_DeltaEWMA
--- PASS: TestSketchSetNeverWritesTriedBloom (0.10s)
=== CONT  TestDeliveryReaders_V6_GCDuringLiveRotationsKeepsEveryArchivedUnsettledRoot
--- PASS: TestDrainKeepsProgressWhenItCannotPersistTheForgetting (0.30s)
=== CONT  TestWrapServices_UndecoratedSeamsUntouched
--- PASS: TestWrapServices_ObserveToolDrivesObserve (0.01s)
=== CONT  TestRuntime_DeltaPtrNilUntilMeasured
--- PASS: TestRuntime_BurnRateEWMA (0.01s)
=== CONT  TestDeliveryRollover_ConcurrentCallersNeverSeeARotationAsABudgetRefusal
--- PASS: TestScopedReuse_WithheldAndDeniedAreCountedApart (0.19s)
=== CONT  TestWrapServices_CallsInnerSeamsFirst
--- PASS: TestDrainPersistsAFileBeforeCleaningUpItsBlobs (0.25s)
=== CONT  TestRuntime_EvaluateSuppliesLambdaFromSelectionConfig
--- PASS: TestRuntime_DeltaEWMA (0.01s)
=== CONT  TestStateCodec_TurnListsCapped
--- PASS: TestScopedReuse_NoGrantOffersNothingEvenWithTheSwitchOn (0.19s)
=== CONT  TestDeliveryRollover_InterruptedRotationRollsForwardAtOpen
--- PASS: TestRuntime_DeltaPtrNilUntilMeasured (0.01s)
=== CONT  TestRuntime_EvaluateProducesDecision
--- PASS: TestObserveScope_ReadsAPackedRef (0.06s)
=== CONT  TestDeliveryRollover_RedeliveredAcknowledgementOfArchivedDeliveryAppendsNothing
--- PASS: TestScopedReuse_OffersASiblingWorktreesEliminationWithItsAttribution (0.13s)
=== CONT  TestStateCodec_WritesAtomicallyNotAppendOnly
--- PASS: TestScopedReuse_ADisabledFeatureAndAnEmptyResultAreDifferent (0.13s)
=== CONT  TestRuntime_ObserveNoOpWhenAdvanceOnSegmentCloseFalse
--- PASS: TestDrainPassIsBoundedByItsOwnSnapshotOfAGrowingSpoolFile (0.32s)
=== CONT  TestStateCodec_UnknownFieldsIgnored
--- PASS: TestRuntime_EvaluateSuppliesLambdaFromSelectionConfig (0.04s)
=== CONT  TestRuntime_ObserveDeclaresAndRecordsChangepoint
=== CONT  TestStateCodec_SchedulerRoundTrip
--- PASS: TestWrapServices_UndecoratedSeamsUntouched (0.04s)
=== CONT  TestRuntime_ContextTokensFromSegments
--- PASS: TestObserveScope_AWorktreeWithNoCommondirLooksLikeItsOwnRepository (0.10s)
--- PASS: TestStateCodec_SchedulerRoundTrip (0.00s)
=== CONT  TestStateCodec_BOCDRoundTrip
--- PASS: TestScopedReuse_ReportOnlyIsAStateNotAnAbsence (0.15s)
=== CONT  TestResolveWindow_HostVariables
=== RUN   TestResolveWindow_HostVariables/disable_compact_caps_urgency_at_advisory
=== PAUSE TestResolveWindow_HostVariables/disable_compact_caps_urgency_at_advisory
=== RUN   TestResolveWindow_HostVariables/hard_ceiling_without_disable_compact_is_urgency_now
=== PAUSE TestResolveWindow_HostVariables/hard_ceiling_without_disable_compact_is_urgency_now
=== RUN   TestResolveWindow_HostVariables/max_context_tokens_outranks_host_default
=== PAUSE TestResolveWindow_HostVariables/max_context_tokens_outranks_host_default
=== RUN   TestResolveWindow_HostVariables/max_context_tokens_does_not_outrank_autocompact
=== PAUSE TestResolveWindow_HostVariables/max_context_tokens_does_not_outrank_autocompact
=== RUN   TestResolveWindow_HostVariables/max_context_tokens_is_clamped_to_range
=== PAUSE TestResolveWindow_HostVariables/max_context_tokens_is_clamped_to_range
=== RUN   TestResolveWindow_HostVariables/disable_1m_context_without_a_clamp_stamps_nothing
=== PAUSE TestResolveWindow_HostVariables/disable_1m_context_without_a_clamp_stamps_nothing
=== RUN   TestResolveWindow_HostVariables/disable_1m_context_clamps_after_every_rung
=== PAUSE TestResolveWindow_HostVariables/disable_1m_context_clamps_after_every_rung
=== RUN   TestResolveWindow_HostVariables/disable_1m_context_clamps_the_autocompact_rung_too
=== PAUSE TestResolveWindow_HostVariables/disable_1m_context_clamps_the_autocompact_rung_too
=== RUN   TestResolveWindow_HostVariables/unknown_model_enforcement_off_is_advisory_with_a_normal_window
=== PAUSE TestResolveWindow_HostVariables/unknown_model_enforcement_off_is_advisory_with_a_normal_window
=== RUN   TestResolveWindow_HostVariables/falsy_spellings_do_not_bind
=== PAUSE TestResolveWindow_HostVariables/falsy_spellings_do_not_bind
=== CONT  TestDeliverySealSegment_MissingHeadRefused
--- PASS: TestDrainResumesAfterCancel (0.34s)
=== CONT  TestRuntime_WindowResolutionLadder
--- PASS: TestRuntime_EvaluateProducesDecision (0.06s)
=== CONT  TestNewSchedulerRuntime_EmptySessionIsLegal
=== RUN   TestRuntime_WindowResolutionLadder/autocompact
=== PAUSE TestRuntime_WindowResolutionLadder/autocompact
=== RUN   TestRuntime_WindowResolutionLadder/override
=== PAUSE TestRuntime_WindowResolutionLadder/override
=== RUN   TestRuntime_WindowResolutionLadder/host_default
=== PAUSE TestRuntime_WindowResolutionLadder/host_default
=== RUN   TestRuntime_WindowResolutionLadder/autocompact_below_range_clamped
=== PAUSE TestRuntime_WindowResolutionLadder/autocompact_below_range_clamped
=== RUN   TestRuntime_WindowResolutionLadder/autocompact_above_range_clamped
=== PAUSE TestRuntime_WindowResolutionLadder/autocompact_above_range_clamped
=== RUN   TestRuntime_WindowResolutionLadder/autocompact_garbage_falls_through
=== PAUSE TestRuntime_WindowResolutionLadder/autocompact_garbage_falls_through
=== RUN   TestRuntime_WindowResolutionLadder/autocompact_empty_falls_through
=== PAUSE TestRuntime_WindowResolutionLadder/autocompact_empty_falls_through
=== RUN   TestRuntime_WindowResolutionLadder/autocompact_zero_falls_through
=== PAUSE TestRuntime_WindowResolutionLadder/autocompact_zero_falls_through
=== RUN   TestRuntime_WindowResolutionLadder/autocompact_negative_falls_through
=== PAUSE TestRuntime_WindowResolutionLadder/autocompact_negative_falls_through
=== RUN   TestRuntime_WindowResolutionLadder/autocompact_outranks_override
=== PAUSE TestRuntime_WindowResolutionLadder/autocompact_outranks_override
=== RUN   TestRuntime_WindowResolutionLadder/override_without_max_output_uses_host_default_output
=== PAUSE TestRuntime_WindowResolutionLadder/override_without_max_output_uses_host_default_output
=== RUN   TestRuntime_WindowResolutionLadder/override_leaving_no_window_falls_through_to_host_default
=== PAUSE TestRuntime_WindowResolutionLadder/override_leaving_no_window_falls_through_to_host_default
=== CONT  TestDrainDoesNotRemoveAWALThatGrewBeforeTheRemovalDecision
--- PASS: TestRuntime_ObserveNoOpWhenAdvanceOnSegmentCloseFalse (0.06s)
=== CONT  TestIdleTaskGCPassesRemainingDeadline
--- PASS: TestRuntime_ContextTokensFromSegments (0.03s)
=== CONT  TestDrainKeepsTheWALOfASessionLiveByTrafficAlone
--- PASS: TestRuntime_ObserveDeclaresAndRecordsChangepoint (0.03s)
=== CONT  TestIdleTaskRebuildBloomSkippedWhenLedgerNil
--- PASS: TestNewSchedulerRuntime_EmptySessionIsLegal (0.02s)
=== CONT  TestRuntime_ObserveClosesSegmentOnChangepoint
--- PASS: TestWrapServices_NilInnerSeamsTolerated (0.09s)
=== CONT  TestDrainKeepsTheWALTheIngestHoldsForAnUnregisteredSession
--- PASS: TestIdleTaskGCPassesRemainingDeadline (0.01s)
=== CONT  TestIdleTasksOffWhenBackgroundWorkFalse
--- PASS: TestObserveScope_AWorktreesOwnRefShadowsTheCommonOne (0.15s)
=== CONT  TestObserveScope_DetachedHeadHasNoBranch
--- PASS: TestRuntime_ObserveClosesSegmentOnChangepoint (0.02s)
=== CONT  TestObservePrompt_ModeOffNeverInvokesTheSeam
--- PASS: TestIdleTasksOffWhenBackgroundWorkFalse (0.02s)
=== CONT  TestDeliveryTerminal_RotationDefersDispositionWithoutDeadlock
--- PASS: TestIdleTaskRebuildBloomSkippedWhenLedgerNil (0.04s)
--- PASS: TestDrainKeepsCleanupIntentsForAFileDeletedAfterTheListing (0.34s)
=== CONT  TestRuntime_OpenSegmentTokensResetOnClose
=== CONT  TestDeliveryGeneration_DormantSessionArrivalContinuity
--- PASS: TestDrainPersistsPerFileBeforeMovingOn (0.36s)
=== CONT  TestDeliveryGeneration_ManyGenerationsAndReplayIdentity
--- PASS: TestStateCodec_BOCDRoundTrip (0.07s)
=== CONT  TestObserveScope_NothingFailsAndEveryGapIsNamed
=== RUN   TestObserveScope_NothingFailsAndEveryGapIsNamed/no_git_at_all
=== PAUSE TestObserveScope_NothingFailsAndEveryGapIsNamed/no_git_at_all
=== RUN   TestObserveScope_NothingFailsAndEveryGapIsNamed/no_session_id
=== PAUSE TestObserveScope_NothingFailsAndEveryGapIsNamed/no_session_id
=== RUN   TestObserveScope_NothingFailsAndEveryGapIsNamed/unreadable_HEAD
=== PAUSE TestObserveScope_NothingFailsAndEveryGapIsNamed/unreadable_HEAD
=== RUN   TestObserveScope_NothingFailsAndEveryGapIsNamed/a_branch_with_no_commit_yet
=== PAUSE TestObserveScope_NothingFailsAndEveryGapIsNamed/a_branch_with_no_commit_yet
=== RUN   TestObserveScope_NothingFailsAndEveryGapIsNamed/a_dangling_worktree_gitdir
=== PAUSE TestObserveScope_NothingFailsAndEveryGapIsNamed/a_dangling_worktree_gitdir
=== RUN   TestObserveScope_NothingFailsAndEveryGapIsNamed/a_.git_file_that_is_not_a_gitdir_pointer
=== PAUSE TestObserveScope_NothingFailsAndEveryGapIsNamed/a_.git_file_that_is_not_a_gitdir_pointer
=== CONT  TestRuntime_ConcurrentObserveEvaluatePersist
--- PASS: TestWrapServices_SessionStartBindsAndSessionEndCloses (0.19s)
=== CONT  TestDeliveryTerminal_ArchivedDenialSettlesOrderingWithoutCaptureAck
--- PASS: TestWrapServices_CallsInnerSeamsFirst (0.13s)
=== CONT  TestRuntime_CorruptStateFilesSelfHeal
--- PASS: TestRuntime_OpenSegmentTokensResetOnClose (0.04s)
=== CONT  TestDeliverySealSegment_SegmentDirNotADirectoryRefused
--- PASS: TestObserveScope_DetachedHeadHasNoBranch (0.08s)
=== CONT  TestDeliveryRollover_FrozenSealOnTheActiveSegmentRefusesOpen
--- PASS: TestStateCodec_UnknownFieldsIgnored (0.22s)
=== CONT  TestDeliverySealSegment_TornGenerationManifestRefused
--- PASS: TestRuntime_CorruptStateFilesSelfHeal (0.11s)
=== CONT  TestRuntime_StateDiscardedOnFeatureListChange
--- PASS: TestStateCodec_WritesAtomicallyNotAppendOnly (0.24s)
=== CONT  TestDeliveryRollover_FrozenSealThatDisagreesWithItsJournalRefusesOpen
--- PASS: TestRuntime_StateDiscardedOnFeatureListChange (0.07s)
=== CONT  TestRuntime_StateDiscardedOnHazardChange
--- PASS: TestObservePrompt_ModeOffNeverInvokesTheSeam (0.21s)
=== CONT  TestDeliveryRollover_ArchivedLegacySegmentIsRefrozenAtOpen
--- PASS: TestRuntime_StateDiscardedOnHazardChange (0.05s)
=== CONT  TestRuntime_StateDiscardedOnSessionMismatch
--- PASS: TestDrainKeepsTheWALOfASessionLiveByTrafficAlone (0.31s)
=== CONT  TestDeliveryRollover_ArchivedLegacySegmentRefusesThePreSegmentReader
--- PASS: TestStateCodec_TurnListsCapped (0.38s)
=== CONT  TestIdleTaskGatedByDecisionBackground
--- PASS: TestDrainKeepsTheWALTheIngestHoldsForAnUnregisteredSession (0.33s)
=== CONT  TestSchedulerSnapshotOf_ReportsRuntimeState
--- PASS: TestSchedulerSnapshotOf_ReportsRuntimeState (0.00s)
=== CONT  TestRuntime_PersistRoundTrip_FutureStampRepaired
--- PASS: TestIdleTaskGatedByDecisionBackground (0.07s)
=== CONT  TestIdleFrontierSkippedCounted
--- PASS: TestRuntime_StateDiscardedOnSessionMismatch (0.08s)
=== CONT  TestRuntime_CloseIsIdempotent
--- PASS: TestDrainDoesNotRemoveAWALThatGrewBeforeTheRemovalDecision (0.47s)
=== CONT  TestDeliverySealSegment_CarryIsCheckedAgainstTheBaseRoot
--- PASS: TestRuntime_PersistRoundTrip_FutureStampRepaired (0.12s)
=== CONT  TestIdleRefreshesDecisionOncePerPass
--- PASS: TestRuntime_CloseIsIdempotent (0.23s)
=== CONT  TestBuildSpawnCommand_ShapesArgvAndSysProcAttr
--- PASS: TestBuildSpawnCommand_ShapesArgvAndSysProcAttr (0.00s)
=== CONT  TestDeliveryRollover_DamagedCarryRefusesTheNextRotation
--- PASS: TestDeliveryTerminal_RotationDefersDispositionWithoutDeadlock (0.60s)
=== CONT  TestIdleTaskInertBeforeSessionBind
--- PASS: TestIdleTaskInertBeforeSessionBind (0.02s)
=== CONT  TestRuntime_NoteAPIRoundRecordsBoundary
--- PASS: TestRuntime_NoteAPIRoundRecordsBoundary (0.04s)
=== CONT  TestDeliveryRollover_CarryNamesEveryArchivedUnacknowledgedLease
--- PASS: TestIdleRefreshesDecisionOncePerPass (0.25s)
=== CONT  TestBuildSpawnEnv_StripIsCaseInsensitive
--- PASS: TestBuildSpawnEnv_StripIsCaseInsensitive (0.00s)
=== CONT  TestBackupWatchedFiles_NamesTheDeliveryStateThisPackageWrites
--- PASS: TestDeliveryRollover_CrossesCapacitySeamAndAdvancesSegment (1.11s)
=== CONT  TestBuildSpawnEnv_NoFaultEntryIsUnaffected
--- PASS: TestBuildSpawnEnv_NoFaultEntryIsUnaffected (0.00s)
=== CONT  TestDeliverySealSegment_ConversionRefusedPreservesBytes
--- PASS: TestDeliveryRollover_FrozenSealOnTheActiveSegmentRefusesOpen (0.67s)
=== CONT  TestDrainCrashAtTheUnlinkLeavesNoProgressForARecreatedSegment
=== RUN   TestDrainCrashAtTheUnlinkLeavesNoProgressForARecreatedSegment/recreated_smaller
=== PAUSE TestDrainCrashAtTheUnlinkLeavesNoProgressForARecreatedSegment/recreated_smaller
=== RUN   TestDrainCrashAtTheUnlinkLeavesNoProgressForARecreatedSegment/recreated_at_the_same_size
=== PAUSE TestDrainCrashAtTheUnlinkLeavesNoProgressForARecreatedSegment/recreated_at_the_same_size
=== RUN   TestDrainCrashAtTheUnlinkLeavesNoProgressForARecreatedSegment/recreated_larger
=== PAUSE TestDrainCrashAtTheUnlinkLeavesNoProgressForARecreatedSegment/recreated_larger
=== CONT  TestDrainStartupForgetsStaleProgressBeforeTheSessionRecreatesItsSegment
=== RUN   TestDrainStartupForgetsStaleProgressBeforeTheSessionRecreatesItsSegment/recreated_smaller
=== PAUSE TestDrainStartupForgetsStaleProgressBeforeTheSessionRecreatesItsSegment/recreated_smaller
=== RUN   TestDrainStartupForgetsStaleProgressBeforeTheSessionRecreatesItsSegment/recreated_at_the_same_size
=== PAUSE TestDrainStartupForgetsStaleProgressBeforeTheSessionRecreatesItsSegment/recreated_at_the_same_size
=== RUN   TestDrainStartupForgetsStaleProgressBeforeTheSessionRecreatesItsSegment/recreated_larger
=== PAUSE TestDrainStartupForgetsStaleProgressBeforeTheSessionRecreatesItsSegment/recreated_larger
=== CONT  TestAdminPingAlwaysAnswersOK
--- PASS: TestAdminPingAlwaysAnswersOK (0.04s)
=== CONT  TestDrainForgetsAFileAlreadyGoneAtItsRemoval
--- PASS: TestIdleFrontierSkippedCounted (0.64s)
=== CONT  TestPrecompactDeadlineIsLeftUnsetWhenTheManifestDeclaresNoTimeout
=== RUN   TestPrecompactDeadlineIsLeftUnsetWhenTheManifestDeclaresNoTimeout/the_shipped_manifest's_20s
=== PAUSE TestPrecompactDeadlineIsLeftUnsetWhenTheManifestDeclaresNoTimeout/the_shipped_manifest's_20s
=== RUN   TestPrecompactDeadlineIsLeftUnsetWhenTheManifestDeclaresNoTimeout/an_unreadable_manifest_shape
=== PAUSE TestPrecompactDeadlineIsLeftUnsetWhenTheManifestDeclaresNoTimeout/an_unreadable_manifest_shape
=== RUN   TestPrecompactDeadlineIsLeftUnsetWhenTheManifestDeclaresNoTimeout/a_negative_timeout_is_just_as_unusable
=== PAUSE TestPrecompactDeadlineIsLeftUnsetWhenTheManifestDeclaresNoTimeout/a_negative_timeout_is_just_as_unusable
=== CONT  TestObservePrompt_PassiveModeInvokesSeamButEmitsNothing
--- PASS: TestObservePrompt_PassiveModeInvokesSeamButEmitsNothing (0.08s)
=== CONT  TestEnsureRunning_SpawnFailureReportsImmediately
--- PASS: TestEnsureRunning_SpawnFailureReportsImmediately (0.00s)
=== CONT  TestObserveStopSeamSeesTheRestoredAgentName
--- PASS: TestBackupWatchedFiles_NamesTheDeliveryStateThisPackageWrites (0.39s)
=== CONT  TestResolveEvent_RestoresRawExtras
=== RUN   TestResolveEvent_RestoresRawExtras/an_object_Raw_becomes_Extra
=== RUN   TestResolveEvent_RestoresRawExtras/a_nil_Event_still_gets_the_restored_keys
=== RUN   TestResolveEvent_RestoresRawExtras/no_Raw_leaves_Extra_nil
=== RUN   TestResolveEvent_RestoresRawExtras/a_JSON_null_leaves_Extra_nil
=== RUN   TestResolveEvent_RestoresRawExtras/a_JSON_array_is_not_an_object
=== RUN   TestResolveEvent_RestoresRawExtras/a_JSON_string_is_not_an_object
=== RUN   TestResolveEvent_RestoresRawExtras/malformed_Raw_is_ignored,_never_fatal
--- PASS: TestResolveEvent_RestoresRawExtras (0.00s)
    --- PASS: TestResolveEvent_RestoresRawExtras/an_object_Raw_becomes_Extra (0.00s)
    --- PASS: TestResolveEvent_RestoresRawExtras/a_nil_Event_still_gets_the_restored_keys (0.00s)
    --- PASS: TestResolveEvent_RestoresRawExtras/no_Raw_leaves_Extra_nil (0.00s)
    --- PASS: TestResolveEvent_RestoresRawExtras/a_JSON_null_leaves_Extra_nil (0.00s)
    --- PASS: TestResolveEvent_RestoresRawExtras/a_JSON_array_is_not_an_object (0.00s)
    --- PASS: TestResolveEvent_RestoresRawExtras/a_JSON_string_is_not_an_object (0.00s)
    --- PASS: TestResolveEvent_RestoresRawExtras/malformed_Raw_is_ignored,_never_fatal (0.00s)
=== CONT  TestDeliverySealSegment_NewerAuthoritySchemaRefused
--- PASS: TestDeliveryRollover_RedeliveredAcknowledgementOfArchivedDeliveryAppendsNothing (1.17s)
=== CONT  TestDrainForgetsReleasedProgressForMissingFilesBeforeReadingAny
--- PASS: TestDrainForgetsAFileAlreadyGoneAtItsRemoval (0.30s)
=== CONT  TestHandlerPanicIsRecovered
--- PASS: TestHandlerPanicIsRecovered (0.00s)
=== CONT  TestDeliveryRollover_AcknowledgementJournalRotatesAtItsOwnThreshold
--- PASS: TestObserveStopSeamSeesTheRestoredAgentName (0.03s)
=== CONT  TestDeliveryRollover_HotPathLeavesTheGenerationStoreUntouched
--- PASS: TestDeliveryRollover_FrozenSealThatDisagreesWithItsJournalRefusesOpen (1.05s)
=== CONT  TestDeliveryRollover_ArchiveIsIdempotentAfterAnInterruptedAttempt
--- PASS: TestDrainForgetsReleasedProgressForMissingFilesBeforeReadingAny (0.29s)
=== CONT  TestDeliveryRollover_ArchivedSettlementIsMirroredAtOnce
--- PASS: TestDeliveryRollover_ArchivedLegacySegmentRefusesThePreSegmentReader (1.16s)
=== CONT  TestDeliveryRollover_ArchiveRecordsExactlyWhatTheBatchCommitsRecord
--- PASS: TestDeliveryRollover_InterruptedRotationRollsForwardAtOpen (1.59s)
=== CONT  TestDeliveryRollover_ArchiveRefusesAConflictingLease
--- PASS: TestDeliveryTerminal_ArchivedDenialSettlesOrderingWithoutCaptureAck (1.49s)
=== CONT  TestDeliveryRollover_RotationArchivesTheWholeOutgoingWindow
--- PASS: TestDeliveryRollover_DamagedCarryRefusesTheNextRotation (0.94s)
=== CONT  TestSessionStartNeverWipesSentinelObserved
--- PASS: TestDeliveryRollover_ArchivedLegacySegmentIsRefrozenAtOpen (1.31s)
=== CONT  TestFrontier_ResidualOverBudgetWarnsOnce
=== RUN   TestFrontier_ResidualOverBudgetWarnsOnce/nothing_to_encode
=== PAUSE TestFrontier_ResidualOverBudgetWarnsOnce/nothing_to_encode
=== RUN   TestFrontier_ResidualOverBudgetWarnsOnce/three-segment_backlog
=== PAUSE TestFrontier_ResidualOverBudgetWarnsOnce/three-segment_backlog
=== CONT  TestUnknownOpIsRefusedNotPanicked
--- PASS: TestUnknownOpIsRefusedNotPanicked (0.00s)
=== CONT  TestDeliverySealSegment_RuleRNeverReachesAnArchivedSegment
--- PASS: TestSessionStartNeverWipesSentinelObserved (0.18s)
=== CONT  TestIdleActingTaskSkippedInDegradedPassive
--- PASS: TestDeliveryRollover_ArchiveRefusesAConflictingLease (0.28s)
=== CONT  TestRecordHotPathSampleRejectsInvalidTS
--- PASS: TestRecordHotPathSampleRejectsInvalidTS (0.00s)
=== CONT  TestDeliverySealSegment_MissingActiveSegmentFilesRefused
--- PASS: TestIdleActingTaskSkippedInDegradedPassive (0.09s)
=== CONT  TestIdleTasksRegistered
--- PASS: TestIdleTasksRegistered (0.00s)
=== CONT  TestDeliverySealSegment_ArchivedAckExactJoinPasses
--- PASS: TestDeliveryRollover_HotPathLeavesTheGenerationStoreUntouched (1.12s)
=== CONT  TestFrontier_VerifyEvidenceStopsOnCancellation
=== CONT  TestDeliverySealSegment_ValidMultiSegmentTreePasses
--- PASS: TestFrontier_VerifyEvidenceStopsOnCancellation (0.00s)
--- PASS: TestDeliveryRollover_ArchiveIsIdempotentAfterAnInterruptedAttempt (1.16s)
=== CONT  TestFrontier_SegmentLogFailureLeavesTheFrontierUnchanged
--- PASS: TestFrontier_SegmentLogFailureLeavesTheFrontierUnchanged (0.00s)
=== CONT  TestDeliverySealSegment_RefusesCorruptActiveSegmentThatLegacyOnlyAccepts
--- PASS: TestDeliveryRollover_ArchivedSettlementIsMirroredAtOnce (1.45s)
=== CONT  TestSessionStartResetsBreachDetectorForNewSession
--- PASS: TestDeliveryRollover_RotationArchivesTheWholeOutgoingWindow (1.29s)
=== CONT  TestFrontier_AdvanceHonoursCancellation
--- PASS: TestFrontier_AdvanceHonoursCancellation (0.00s)
=== CONT  TestDeliverySealSegment_ConversionWithoutATornSlotIsStillRefused
--- PASS: TestRuntime_ConcurrentObserveEvaluatePersist (2.81s)
=== CONT  TestDeliveryRollover_DormantSessionContinuesArrivals
--- PASS: TestDeliverySealSegment_MissingHeadRefused (2.92s)
=== CONT  TestDeliveryOrder_ArchiveReadsNeverRunAheadOfASettlement
--- PASS: TestDeliverySealSegment_TornGenerationManifestRefused (2.79s)
=== CONT  TestBuildSpawnEnv_StripsFaultAddsProjectRoot
--- PASS: TestBuildSpawnEnv_StripsFaultAddsProjectRoot (0.00s)
=== CONT  TestRuntime_ChangepointTurnsCapped
--- PASS: TestSessionStartResetsBreachDetectorForNewSession (0.12s)
=== CONT  TestScopedReuse_ADaemonCannotMintItsOwnGrant
--- PASS: TestScopedReuse_ADaemonCannotMintItsOwnGrant (0.09s)
=== CONT  TestObserveScope_TwoWorktreesShareARepositoryAndDifferInTree
--- PASS: TestObserveScope_TwoWorktreesShareARepositoryAndDifferInTree (0.08s)
=== CONT  TestObserveScope_TwoUnrelatedRepositoriesNeverRelate
--- PASS: TestDeliverySealSegment_SegmentDirNotADirectoryRefused (3.08s)
=== CONT  TestDrainRestoresProgressWhenItDoesNotRemoveTheFile
=== RUN   TestDrainRestoresProgressWhenItDoesNotRemoveTheFile/the_ingest_refuses_a_segment_reopened_after_the_drain_asked
=== PAUSE TestDrainRestoresProgressWhenItDoesNotRemoveTheFile/the_ingest_refuses_a_segment_reopened_after_the_drain_asked
=== RUN   TestDrainRestoresProgressWhenItDoesNotRemoveTheFile/the_unlink_fails
=== PAUSE TestDrainRestoresProgressWhenItDoesNotRemoveTheFile/the_unlink_fails
=== CONT  TestFrontier_AdvanceRefusesUnreadableEvidence
--- PASS: TestFrontier_AdvanceRefusesUnreadableEvidence (0.00s)
=== CONT  TestFrontier_AdvanceRefusesInFlightEvidence
--- PASS: TestFrontier_AdvanceRefusesInFlightEvidence (0.00s)
=== CONT  TestScopedReuse_UnobservedScopeWithholdsRatherThanMatching
--- PASS: TestDeliveryRollover_AcknowledgementJournalRotatesAtItsOwnThreshold (2.07s)
=== CONT  TestDeliverySealSegment_CorruptPredecessorPageWithFirstArrivalRefused
--- PASS: TestObserveScope_TwoUnrelatedRepositoriesNeverRelate (0.06s)
=== CONT  TestFrontier_VerifyEvidenceStepsOverAnAlreadyEncodedNeighbour
--- PASS: TestFrontier_VerifyEvidenceStepsOverAnAlreadyEncodedNeighbour (0.00s)
=== CONT  TestLiveDispatchedLineIsNotRedispatchedByDrain
--- PASS: TestScopedReuse_UnobservedScopeWithholdsRatherThanMatching (0.06s)
=== CONT  TestRegistryAllLiveOverMaxKeepsAll
--- PASS: TestRegistryAllLiveOverMaxKeepsAll (0.00s)
=== CONT  TestInstallMCPOpRejectsANilOptions
--- PASS: TestInstallMCPOpRejectsANilOptions (0.00s)
=== CONT  TestIngestRemoveDrainedWALRefusesHeldAndGrownSegments
--- PASS: TestIngestRemoveDrainedWALRefusesHeldAndGrownSegments (0.06s)
=== CONT  TestTrafficRegistrationLeavesHotSubmodeAndBreachDetectorAlone
--- PASS: TestRuntime_ChangepointTurnsCapped (0.42s)
=== CONT  TestInstallMCPOpRegistersOp
--- PASS: TestDeliveryGeneration_TerminalArchivedLeaseResolves (3.75s)
=== CONT  TestScopedReuse_OmissionsAreGroupedByReason
--- PASS: TestInstallMCPOpRegistersOp (0.01s)
=== CONT  TestDrainForgetsAFileDurablyBeforeUnlinkingIt
=== RUN   TestDrainForgetsAFileDurablyBeforeUnlinkingIt/read_to_its_end_by_the_same_pass
=== PAUSE TestDrainForgetsAFileDurablyBeforeUnlinkingIt/read_to_its_end_by_the_same_pass
=== RUN   TestDrainForgetsAFileDurablyBeforeUnlinkingIt/finished_by_an_earlier_pass
=== PAUSE TestDrainForgetsAFileDurablyBeforeUnlinkingIt/finished_by_an_earlier_pass
=== CONT  TestReadLock_UnparseableFileReportsNotOK
--- PASS: TestLiveDispatchedLineIsNotRedispatchedByDrain (0.22s)
=== CONT  TestIngestHoldsWALAnswersForTheCurrentSegmentOnly
--- PASS: TestReadLock_UnparseableFileReportsNotOK (0.08s)
=== CONT  TestReleaseIsIdempotent
--- PASS: TestScopedReuse_OmissionsAreGroupedByReason (0.09s)
=== CONT  TestIdleExitWaitsForAnUnregisteredSessionThatKeepsSendingTraffic
=== RUN   TestIdleExitWaitsForAnUnregisteredSessionThatKeepsSendingTraffic/abandoned
=== PAUSE TestIdleExitWaitsForAnUnregisteredSessionThatKeepsSendingTraffic/abandoned
=== RUN   TestIdleExitWaitsForAnUnregisteredSessionThatKeepsSendingTraffic/ended
=== PAUSE TestIdleExitWaitsForAnUnregisteredSessionThatKeepsSendingTraffic/ended
=== CONT  TestLockRefusesAfterReclaim
--- PASS: TestIngestHoldsWALAnswersForTheCurrentSegmentOnly (0.06s)
=== CONT  TestFrontier_AdvanceStopsAtAGapInDurableEvidence
--- PASS: TestFrontier_AdvanceStopsAtAGapInDurableEvidence (0.01s)
=== CONT  TestHeartbeatUpdatesMtime
--- PASS: TestDeliverySealSegment_ConversionRefusedPreservesBytes (2.74s)
=== CONT  TestDegradedPassiveStillRecords
=== NAME  TestDeliverySealSegment_RuleRNeverReachesAnArchivedSegment
    delivery_seal_segment_ruler_test.go:132: report:
        delivery-seal: C:\Users\Quant\AppData\Local\Temp\TestDeliverySealSegment_RuleRNeverReachesAnArchivedSegment1861803739\001
          segment 0 lease journal: loads, 2 entries, 582 bytes, chain sha256:cf62b5236bd027c53ef2f8561d8505e3205023f0aed20697fd4ae5f3859e4b3c
          segment 0 ack journal: loads, 0 entries, 0 bytes (archived ACKs joined to their original leases)
--- PASS: TestTrafficRegistrationLeavesHotSubmodeAndBreachDetectorAlone (0.26s)
=== CONT  TestSketchSet_CarriesAllFourStructures
--- PASS: TestReleaseIsIdempotent (0.09s)
=== CONT  TestStragglerAfterSessionEndIsNotLostWithItsReopenedSegment
=== NAME  TestDeliverySealSegment_RuleRNeverReachesAnArchivedSegment
    delivery_seal_segment_ruler_test.go:132: report:
        delivery-seal: C:\Users\Quant\AppData\Local\Temp\TestDeliverySealSegment_RuleRNeverReachesAnArchivedSegment1861803739\001
          segment 0 lease journal: loads, 2 entries, 582 bytes, chain sha256:cf62b5236bd027c53ef2f8561d8505e3205023f0aed20697fd4ae5f3859e4b3c
          segment 0 ack journal: loads, 0 entries, 0 bytes (archived ACKs joined to their original leases)
--- PASS: TestSketchSet_CarriesAllFourStructures (0.01s)
=== CONT  TestRegistryTouchRevivesAnAbandonedSessionButNotAnEndedOne
--- PASS: TestRegistryTouchRevivesAnAbandonedSessionButNotAnEndedOne (0.00s)
=== CONT  TestDegradedPassiveSuppressesActingPaths
--- PASS: TestHeartbeatUpdatesMtime (0.09s)
=== CONT  TestDeliveryRollover_ArchivedAckExactJoinAndFrontierRetained
--- PASS: TestLockRefusesAfterReclaim (0.10s)
=== CONT  TestRegistryTouchRegistersTrafficFromAnUnseenSession
--- PASS: TestRegistryTouchRegistersTrafficFromAnUnseenSession (0.00s)
=== CONT  TestObservePromptWALFailureIsObservable
--- PASS: TestObservePromptWALFailureIsObservable (0.01s)
=== CONT  TestEndAbandonedEndsOnlySilentLiveSessions
--- PASS: TestEndAbandonedEndsOnlySilentLiveSessions (0.00s)
=== CONT  TestObservePromptBlockingVariantTimesOut
--- PASS: TestDeliverySealSegment_RuleRNeverReachesAnArchivedSegment (2.03s)
=== CONT  TestRegistrySetMaxSessionsRejectsNonPositive
--- PASS: TestRegistrySetMaxSessionsRejectsNonPositive (0.00s)
=== CONT  TestObservePromptRepliesWithinDeadline
--- PASS: TestObservePromptRepliesWithinDeadline (0.03s)
=== CONT  TestSessionRegistry_IsLiveConcurrentWithEndIsRaceFree
--- PASS: TestSessionRegistry_IsLiveConcurrentWithEndIsRaceFree (0.00s)
=== CONT  TestServicesAllNil
--- PASS: TestDeliverySealSegment_CarryIsCheckedAgainstTheBaseRoot (3.18s)
=== CONT  TestSessionRegistry_IsLive
--- PASS: TestSessionRegistry_IsLive (0.00s)
=== CONT  TestRegistryEnsureUpdatesSourceAndTranscript
--- PASS: TestRegistryEnsureUpdatesSourceAndTranscript (0.00s)
=== CONT  TestDrainOfSpooledFlushLineDoesNotDeadlock
--- PASS: TestDeliverySealSegment_NewerAuthoritySchemaRefused (2.56s)
=== CONT  TestRegistryTouchAndEnd
--- PASS: TestRegistryTouchAndEnd (0.00s)
=== CONT  TestDeliveryReaders_V6_BackupRestoresHistoryAndAcceptsLaterWrites
=== NAME  TestDeliverySealSegment_ConversionWithoutATornSlotIsStillRefused
    delivery_seal_segment_ruler_test.go:150: report:
        delivery-seal: C:\Users\Quant\AppData\Local\Temp\TestDeliverySealSegment_ConversionWithoutATornSlotIsStillRefused1138881376\001
--- PASS: TestObservePromptBlockingVariantTimesOut (0.28s)
=== CONT  TestMarkerIsWrittenByFlushAndCheckpointOnly
--- PASS: TestDegradedPassiveSuppressesActingPaths (0.30s)
=== CONT  TestDeliveryRadix_MergeEqualsSequentialUpdates
=== RUN   TestDeliveryRadix_MergeEqualsSequentialUpdates/seed01-mode1
=== PAUSE TestDeliveryRadix_MergeEqualsSequentialUpdates/seed01-mode1
=== RUN   TestDeliveryRadix_MergeEqualsSequentialUpdates/seed02-mode2
=== PAUSE TestDeliveryRadix_MergeEqualsSequentialUpdates/seed02-mode2
=== RUN   TestDeliveryRadix_MergeEqualsSequentialUpdates/seed03-mode3
=== PAUSE TestDeliveryRadix_MergeEqualsSequentialUpdates/seed03-mode3
=== RUN   TestDeliveryRadix_MergeEqualsSequentialUpdates/seed04-mode0
=== PAUSE TestDeliveryRadix_MergeEqualsSequentialUpdates/seed04-mode0
=== RUN   TestDeliveryRadix_MergeEqualsSequentialUpdates/seed05-mode1
=== PAUSE TestDeliveryRadix_MergeEqualsSequentialUpdates/seed05-mode1
=== RUN   TestDeliveryRadix_MergeEqualsSequentialUpdates/seed06-mode2
=== PAUSE TestDeliveryRadix_MergeEqualsSequentialUpdates/seed06-mode2
=== RUN   TestDeliveryRadix_MergeEqualsSequentialUpdates/seed07-mode3
=== PAUSE TestDeliveryRadix_MergeEqualsSequentialUpdates/seed07-mode3
=== RUN   TestDeliveryRadix_MergeEqualsSequentialUpdates/seed08-mode0
=== PAUSE TestDeliveryRadix_MergeEqualsSequentialUpdates/seed08-mode0
=== RUN   TestDeliveryRadix_MergeEqualsSequentialUpdates/seed09-mode1
=== PAUSE TestDeliveryRadix_MergeEqualsSequentialUpdates/seed09-mode1
=== RUN   TestDeliveryRadix_MergeEqualsSequentialUpdates/seed10-mode2
=== PAUSE TestDeliveryRadix_MergeEqualsSequentialUpdates/seed10-mode2
=== RUN   TestDeliveryRadix_MergeEqualsSequentialUpdates/seed11-mode3
=== PAUSE TestDeliveryRadix_MergeEqualsSequentialUpdates/seed11-mode3
=== RUN   TestDeliveryRadix_MergeEqualsSequentialUpdates/seed12-mode0
=== PAUSE TestDeliveryRadix_MergeEqualsSequentialUpdates/seed12-mode0
=== RUN   TestDeliveryRadix_MergeEqualsSequentialUpdates/seed13-mode1
=== PAUSE TestDeliveryRadix_MergeEqualsSequentialUpdates/seed13-mode1
=== RUN   TestDeliveryRadix_MergeEqualsSequentialUpdates/seed14-mode2
=== PAUSE TestDeliveryRadix_MergeEqualsSequentialUpdates/seed14-mode2
=== RUN   TestDeliveryRadix_MergeEqualsSequentialUpdates/seed15-mode3
=== PAUSE TestDeliveryRadix_MergeEqualsSequentialUpdates/seed15-mode3
=== RUN   TestDeliveryRadix_MergeEqualsSequentialUpdates/seed16-mode0
=== PAUSE TestDeliveryRadix_MergeEqualsSequentialUpdates/seed16-mode0
=== RUN   TestDeliveryRadix_MergeEqualsSequentialUpdates/seed17-mode1
=== PAUSE TestDeliveryRadix_MergeEqualsSequentialUpdates/seed17-mode1
=== RUN   TestDeliveryRadix_MergeEqualsSequentialUpdates/seed18-mode2
=== PAUSE TestDeliveryRadix_MergeEqualsSequentialUpdates/seed18-mode2
=== RUN   TestDeliveryRadix_MergeEqualsSequentialUpdates/seed19-mode3
=== PAUSE TestDeliveryRadix_MergeEqualsSequentialUpdates/seed19-mode3
=== RUN   TestDeliveryRadix_MergeEqualsSequentialUpdates/seed20-mode0
=== PAUSE TestDeliveryRadix_MergeEqualsSequentialUpdates/seed20-mode0
=== RUN   TestDeliveryRadix_MergeEqualsSequentialUpdates/seed21-mode1
=== PAUSE TestDeliveryRadix_MergeEqualsSequentialUpdates/seed21-mode1
=== RUN   TestDeliveryRadix_MergeEqualsSequentialUpdates/seed22-mode2
=== PAUSE TestDeliveryRadix_MergeEqualsSequentialUpdates/seed22-mode2
=== RUN   TestDeliveryRadix_MergeEqualsSequentialUpdates/seed23-mode3
=== PAUSE TestDeliveryRadix_MergeEqualsSequentialUpdates/seed23-mode3
=== RUN   TestDeliveryRadix_MergeEqualsSequentialUpdates/seed24-mode0
=== PAUSE TestDeliveryRadix_MergeEqualsSequentialUpdates/seed24-mode0
=== RUN   TestDeliveryRadix_MergeEqualsSequentialUpdates/seed25-mode1
=== PAUSE TestDeliveryRadix_MergeEqualsSequentialUpdates/seed25-mode1
=== RUN   TestDeliveryRadix_MergeEqualsSequentialUpdates/seed26-mode2
=== PAUSE TestDeliveryRadix_MergeEqualsSequentialUpdates/seed26-mode2
=== RUN   TestDeliveryRadix_MergeEqualsSequentialUpdates/seed27-mode3
=== PAUSE TestDeliveryRadix_MergeEqualsSequentialUpdates/seed27-mode3
=== RUN   TestDeliveryRadix_MergeEqualsSequentialUpdates/seed28-mode0
=== PAUSE TestDeliveryRadix_MergeEqualsSequentialUpdates/seed28-mode0
=== RUN   TestDeliveryRadix_MergeEqualsSequentialUpdates/seed29-mode1
=== PAUSE TestDeliveryRadix_MergeEqualsSequentialUpdates/seed29-mode1
=== RUN   TestDeliveryRadix_MergeEqualsSequentialUpdates/seed30-mode2
=== PAUSE TestDeliveryRadix_MergeEqualsSequentialUpdates/seed30-mode2
=== RUN   TestDeliveryRadix_MergeEqualsSequentialUpdates/seed31-mode3
=== PAUSE TestDeliveryRadix_MergeEqualsSequentialUpdates/seed31-mode3
=== RUN   TestDeliveryRadix_MergeEqualsSequentialUpdates/seed32-mode0
=== PAUSE TestDeliveryRadix_MergeEqualsSequentialUpdates/seed32-mode0
=== RUN   TestDeliveryRadix_MergeEqualsSequentialUpdates/seed33-mode1
=== PAUSE TestDeliveryRadix_MergeEqualsSequentialUpdates/seed33-mode1
=== RUN   TestDeliveryRadix_MergeEqualsSequentialUpdates/seed34-mode2
=== PAUSE TestDeliveryRadix_MergeEqualsSequentialUpdates/seed34-mode2
=== RUN   TestDeliveryRadix_MergeEqualsSequentialUpdates/seed35-mode3
=== PAUSE TestDeliveryRadix_MergeEqualsSequentialUpdates/seed35-mode3
=== RUN   TestDeliveryRadix_MergeEqualsSequentialUpdates/seed36-mode0
=== PAUSE TestDeliveryRadix_MergeEqualsSequentialUpdates/seed36-mode0
=== RUN   TestDeliveryRadix_MergeEqualsSequentialUpdates/seed37-mode1
=== PAUSE TestDeliveryRadix_MergeEqualsSequentialUpdates/seed37-mode1
=== RUN   TestDeliveryRadix_MergeEqualsSequentialUpdates/seed38-mode2
=== PAUSE TestDeliveryRadix_MergeEqualsSequentialUpdates/seed38-mode2
=== RUN   TestDeliveryRadix_MergeEqualsSequentialUpdates/seed39-mode3
=== PAUSE TestDeliveryRadix_MergeEqualsSequentialUpdates/seed39-mode3
=== RUN   TestDeliveryRadix_MergeEqualsSequentialUpdates/seed40-mode0
=== PAUSE TestDeliveryRadix_MergeEqualsSequentialUpdates/seed40-mode0
=== RUN   TestDeliveryRadix_MergeEqualsSequentialUpdates/seed41-mode1
=== PAUSE TestDeliveryRadix_MergeEqualsSequentialUpdates/seed41-mode1
=== RUN   TestDeliveryRadix_MergeEqualsSequentialUpdates/seed42-mode2
=== PAUSE TestDeliveryRadix_MergeEqualsSequentialUpdates/seed42-mode2
=== RUN   TestDeliveryRadix_MergeEqualsSequentialUpdates/seed43-mode3
=== PAUSE TestDeliveryRadix_MergeEqualsSequentialUpdates/seed43-mode3
=== RUN   TestDeliveryRadix_MergeEqualsSequentialUpdates/seed44-mode0
=== PAUSE TestDeliveryRadix_MergeEqualsSequentialUpdates/seed44-mode0
=== RUN   TestDeliveryRadix_MergeEqualsSequentialUpdates/seed45-mode1
=== PAUSE TestDeliveryRadix_MergeEqualsSequentialUpdates/seed45-mode1
=== RUN   TestDeliveryRadix_MergeEqualsSequentialUpdates/seed46-mode2
=== PAUSE TestDeliveryRadix_MergeEqualsSequentialUpdates/seed46-mode2
=== RUN   TestDeliveryRadix_MergeEqualsSequentialUpdates/seed47-mode3
=== PAUSE TestDeliveryRadix_MergeEqualsSequentialUpdates/seed47-mode3
=== RUN   TestDeliveryRadix_MergeEqualsSequentialUpdates/seed48-mode0
=== PAUSE TestDeliveryRadix_MergeEqualsSequentialUpdates/seed48-mode0
=== CONT  TestStaleLockReclaimed
=== NAME  TestDeliverySealSegment_ConversionWithoutATornSlotIsStillRefused
    delivery_seal_segment_ruler_test.go:150: report:
        delivery-seal: C:\Users\Quant\AppData\Local\Temp\TestDeliverySealSegment_ConversionWithoutATornSlotIsStillRefused1138881376\001
          segment 0 lease journal: loads, 2 entries, 582 bytes, chain sha256:cf62b5236bd027c53ef2f8561d8505e3205023f0aed20697fd4ae5f3859e4b3c
          segment 0 ack journal: loads, 0 entries, 0 bytes (archived ACKs joined to their original leases)
          segment 1 lease journal: loads, 2 entries, 582 bytes, chain sha256:a0761154099148b6fbf33d227d330f3fa0d66cc408ac3cfe4406c719da4caa74
          segment 1 ack journal: loads, 1 entries, 258 bytes (archived ACKs joined to their original leases)
          segment 1 carried leases: 2 archived with no acknowledgement, each resolved at the base root
--- PASS: TestDrainOfSpooledFlushLineDoesNotDeadlock (0.29s)
=== CONT  TestDeliveryPath_V6_RotationCloseFailureStopsTheLiveSwitch
--- PASS: TestDeliverySealSegment_ConversionWithoutATornSlotIsStillRefused (1.08s)
=== CONT  TestLiveLockNotReclaimed
--- PASS: TestStaleLockReclaimed (0.09s)
=== CONT  TestScopedReuse_DegradedDependencyCoverageWithholdsEverything
--- PASS: TestLiveLockNotReclaimed (0.05s)
=== CONT  TestBreachDetectorRevertsAfterThreeCleanWindows
--- PASS: TestBreachDetectorRevertsAfterThreeCleanWindows (0.00s)
=== CONT  TestCarriedDefect_SP20D4_CaptureContinuesPastTheOldEntryCapAcrossRestart
--- PASS: TestScopedReuse_DegradedDependencyCoverageWithholdsEverything (0.14s)
=== CONT  TestConfigReloadDefersChunkChange
--- PASS: TestDegradedPassiveStillRecords (0.76s)
=== CONT  TestNew_SucceedsWithNoServices
--- PASS: TestNew_SucceedsWithNoServices (0.01s)
=== CONT  TestDeliveryOrder_ArchiveReadsFailClosed
--- PASS: TestServicesAllNil (0.64s)
=== CONT  TestDeliveryOrder_ArchiveReadsHoldNeitherJournalLock
--- PASS: TestDeliveryRollover_CarryNamesEveryArchivedUnacknowledgedLease (3.58s)
=== CONT  TestDeliveryRollover_RestartAcrossRotation
--- PASS: TestConfigReloadDefersChunkChange (0.20s)
=== CONT  TestDeliveryReaders_V6_GCRetainsActiveAndArchivedLeases
=== RUN   TestDeliveryReaders_V6_GCRetainsActiveAndArchivedLeases/complete
=== PAUSE TestDeliveryReaders_V6_GCRetainsActiveAndArchivedLeases/complete
=== RUN   TestDeliveryReaders_V6_GCRetainsActiveAndArchivedLeases/delivery-lease-position.json
=== PAUSE TestDeliveryReaders_V6_GCRetainsActiveAndArchivedLeases/delivery-lease-position.json
=== RUN   TestDeliveryReaders_V6_GCRetainsActiveAndArchivedLeases/delivery-acks.jsonl
=== PAUSE TestDeliveryReaders_V6_GCRetainsActiveAndArchivedLeases/delivery-acks.jsonl
=== CONT  TestFrontier_AdvanceIdempotent
--- PASS: TestFrontier_AdvanceIdempotent (0.02s)
=== CONT  TestFrontier_ResidualNeverNegative
--- PASS: TestFrontier_ResidualNeverNegative (0.00s)
=== CONT  TestBreachDetectorReset
--- PASS: TestBreachDetectorReset (0.00s)
=== CONT  TestFrontier_ResidualRecomputed
--- PASS: TestFrontier_ResidualRecomputed (0.00s)
=== CONT  TestResolveBlob_RestoresAndDeletes
--- PASS: TestStragglerAfterSessionEndIsNotLostWithItsReopenedSegment (0.79s)
=== CONT  TestAcquireLockRaceWindowIsNotStale
--- PASS: TestResolveBlob_RestoresAndDeletes (0.02s)
=== CONT  TestFrontier_CloseWritesRealSegmentTokens
--- PASS: TestMarkerIsWrittenByFlushAndCheckpointOnly (0.52s)
=== CONT  TestBreachDetectorResetsOnCleanWindow
--- PASS: TestBreachDetectorResetsOnCleanWindow (0.00s)
=== CONT  TestFrontier_DPIGuardPreservesOwnerOutcomeWithoutRetry
--- PASS: TestAcquireLockRaceWindowIsNotStale (0.05s)
=== CONT  TestBreachDetectorPartialWindowNeverCloses
--- PASS: TestBreachDetectorPartialWindowNeverCloses (0.00s)
=== CONT  TestAcquireLockExclusive
--- PASS: TestFrontier_DPIGuardPreservesOwnerOutcomeWithoutRetry (0.00s)
=== CONT  TestBreachDetectorTransitionsAfterThreeWindows
--- PASS: TestBreachDetectorTransitionsAfterThreeWindows (0.00s)
=== CONT  TestBreachDetectorObserveReportsClosedOnlyOnTheWindowBoundary
--- PASS: TestBreachDetectorObserveReportsClosedOnlyOnTheWindowBoundary (0.00s)
=== CONT  TestDeliveryRollover_SeventyLiveRotationsPreserveIdentity
--- PASS: TestAcquireLockExclusive (0.07s)
=== CONT  TestDeliveryJournal_GenerationAckArchivesWithItsWindowAndSettlesTheFrontier
--- PASS: TestFrontier_CloseWritesRealSegmentTokens (0.29s)
=== CONT  TestDrainRemovesClosedRotatedSegmentsAndKeepsTheHeldOne
--- PASS: TestDeliverySealSegment_MissingActiveSegmentFilesRefused (2.93s)
=== CONT  TestIngestWALRotates
--- PASS: TestIngestWALRotates (0.03s)
=== CONT  TestNAKDuplicateIsDedupedOnDrain
--- PASS: TestDeliverySealSegment_CorruptPredecessorPageWithFirstArrivalRefused (1.72s)
=== CONT  TestAcceptWireLineWALsExactlyOneTerminator
--- PASS: TestDeliverySealSegment_ArchivedAckExactJoinPasses (3.10s)
=== CONT  TestResolveBlob_RefusesPathTraversal
=== RUN   TestResolveBlob_RefusesPathTraversal/parent-traversal
=== RUN   TestResolveBlob_RefusesPathTraversal/nested-traversal
=== RUN   TestResolveBlob_RefusesPathTraversal/absolute-path
=== RUN   TestResolveBlob_RefusesPathTraversal/missing-prefix
--- PASS: TestResolveBlob_RefusesPathTraversal (0.02s)
    --- PASS: TestResolveBlob_RefusesPathTraversal/parent-traversal (0.00s)
    --- PASS: TestResolveBlob_RefusesPathTraversal/nested-traversal (0.00s)
    --- PASS: TestResolveBlob_RefusesPathTraversal/absolute-path (0.00s)
    --- PASS: TestResolveBlob_RefusesPathTraversal/missing-prefix (0.00s)
=== CONT  TestIdleActPrefixSkippedWhenNotMayAct
--- PASS: TestIdleActPrefixSkippedWhenNotMayAct (0.00s)
=== CONT  TestIngestResolvesBlobsEndToEnd
--- PASS: TestAcceptWireLineWALsExactlyOneTerminator (0.03s)
=== CONT  TestResolveBlob_NonBlobRawIsUntouched
--- PASS: TestResolveBlob_NonBlobRawIsUntouched (0.00s)
=== CONT  TestDeliveryJournal_GenerationArchivesAdmittedLeaseWithItsWindow
=== NAME  TestCarriedDefect_SP20D4_CaptureContinuesPastTheOldEntryCapAcrossRestart
    delivery_lease_cap_test.go:56: fixture: 65536 acknowledged leases; lease journal 20239518 bytes, ack journal 16908288 bytes
--- PASS: TestIngestResolvesBlobsEndToEnd (0.04s)
=== CONT  TestIngestWALIsExactBytes
--- PASS: TestDrainRemovesClosedRotatedSegmentsAndKeepsTheHeldOne (0.33s)
=== CONT  TestDeliverySealSegment_RuleRRepairsATornActiveSegmentSeal
--- PASS: TestDeliverySealSegment_ValidMultiSegmentTreePasses (2.75s)
=== CONT  TestFrontier_NoCloseWithoutCurrentSegment
--- PASS: TestFrontier_NoCloseWithoutCurrentSegment (0.00s)
=== CONT  TestFrontier_CloseOnGitCommit
--- PASS: TestFrontier_CloseOnGitCommit (0.00s)
=== CONT  TestFrontier_AdvanceNoWriterIsNoOp
--- PASS: TestIngestWALIsExactBytes (0.04s)
=== CONT  TestIdleActPrefixRunsWhenMayAct
--- PASS: TestIdleActPrefixRunsWhenMayAct (0.00s)
=== CONT  TestObservePrompt_PanickingSeamIsRecovered
--- PASS: TestDeliveryPath_V6_RotationCloseFailureStopsTheLiveSwitch (1.08s)
=== CONT  TestObservePrompt_StopAbandonsACaptureThatIgnoresCancellation
--- PASS: TestFrontier_AdvanceNoWriterIsNoOp (0.00s)
=== CONT  TestObservePrompt_StopCancelsARecordingThatOutlivesItsGrace
--- PASS: TestNAKDuplicateIsDedupedOnDrain (0.24s)
=== CONT  TestRegistryEvictsEndedOverMax
--- PASS: TestRegistryEvictsEndedOverMax (0.00s)
=== CONT  TestRegistryNewSessionResetsHotMode
--- PASS: TestRegistryNewSessionResetsHotMode (0.00s)
=== CONT  TestObservePrompt_StopJoinsAnInFlightRecording
--- PASS: TestObservePrompt_PanickingSeamIsRecovered (0.07s)
=== CONT  TestIdleTaskErrorIsNotFatal
--- PASS: TestIdleTaskErrorIsNotFatal (0.00s)
=== CONT  TestIdleTaskPanicIsolated
--- PASS: TestIdleTaskPanicIsolated (0.00s)
=== CONT  TestIdleRegisterReplacesInPlace
--- PASS: TestIdleRegisterReplacesInPlace (0.00s)
=== CONT  TestIsIdleUsesDetectAfterSeconds
--- PASS: TestIsIdleUsesDetectAfterSeconds (0.00s)
=== CONT  TestObservePrompt_CancelledRequestIsNotAnOverrun
--- PASS: TestObservePrompt_CancelledRequestIsNotAnOverrun (0.09s)
=== CONT  TestFrontier_AdvanceCallsWriterWithClosedUnencodedOnly
--- PASS: TestFrontier_AdvanceCallsWriterWithClosedUnencodedOnly (0.00s)
=== CONT  TestIdleRespectsBudget
--- PASS: TestIdleRespectsBudget (0.00s)
=== CONT  TestPercentileDurationP99
--- PASS: TestPercentileDurationP99 (0.00s)
=== CONT  TestFrontier_CloseOnTestPassed
--- PASS: TestFrontier_CloseOnTestPassed (0.00s)
=== CONT  TestObservePrompt_RecordingOutlivesTheReplyDeadline
--- PASS: TestDeliverySealSegment_RefusesCorruptActiveSegmentThatLegacyOnlyAccepts (2.96s)
=== CONT  TestHandleOnBareOptionsIsSafe
--- PASS: TestDeliveryOrder_ArchiveReadsHoldNeitherJournalLock (1.10s)
=== CONT  TestHandleOverridesDefaultRoute
--- PASS: TestHandleOverridesDefaultRoute (0.00s)
=== CONT  TestServicesFromNeverReturnsNil
--- PASS: TestServicesFromNeverReturnsNil (0.00s)
=== CONT  TestDrainDoesNotForgetASegmentTheIngestHolds
--- PASS: TestHandleOnBareOptionsIsSafe (0.01s)
=== CONT  TestHotModeTransitionWritesStateAndNAKs
--- PASS: TestObservePrompt_StopAbandonsACaptureThatIgnoresCancellation (0.36s)
=== CONT  TestModeOffSkipsIngest
--- PASS: TestDeliveryGeneration_DormantSessionArrivalContinuity (5.37s)
=== CONT  TestSpoolOnBreachFalseDoesNotTransition
--- PASS: TestDeliveryOrder_ArchiveReadsFailClosed (1.16s)
=== CONT  TestDeliveryRadix_ManyGenerationsOldRootsUsable
--- PASS: TestSpoolOnBreachFalseDoesNotTransition (0.01s)
=== CONT  TestResolveWindow_HostVariables/disable_compact_caps_urgency_at_advisory
=== CONT  TestResolveWindow_HostVariables/disable_1m_context_without_a_clamp_stamps_nothing
=== CONT  TestResolveWindow_HostVariables/falsy_spellings_do_not_bind
=== CONT  TestResolveWindow_HostVariables/unknown_model_enforcement_off_is_advisory_with_a_normal_window
=== CONT  TestResolveWindow_HostVariables/disable_1m_context_clamps_the_autocompact_rung_too
--- PASS: TestModeOffSkipsIngest (0.12s)
=== CONT  TestResolveWindow_HostVariables/disable_1m_context_clamps_after_every_rung
=== CONT  TestResolveWindow_HostVariables/max_context_tokens_does_not_outrank_autocompact
=== CONT  TestResolveWindow_HostVariables/max_context_tokens_is_clamped_to_range
=== CONT  TestResolveWindow_HostVariables/max_context_tokens_outranks_host_default
--- PASS: TestObservePrompt_RecordingOutlivesTheReplyDeadline (0.37s)
=== CONT  TestResolveWindow_HostVariables/hard_ceiling_without_disable_compact_is_urgency_now
--- PASS: TestHotModeTransitionWritesStateAndNAKs (0.17s)
=== CONT  TestRuntime_WindowResolutionLadder/autocompact
=== CONT  TestRuntime_WindowResolutionLadder/autocompact_empty_falls_through
=== CONT  TestRuntime_WindowResolutionLadder/override_leaving_no_window_falls_through_to_host_default
--- PASS: TestObservePrompt_StopCancelsARecordingThatOutlivesItsGrace (0.56s)
=== CONT  TestRuntime_WindowResolutionLadder/override_without_max_output_uses_host_default_output
=== CONT  TestRuntime_WindowResolutionLadder/autocompact_outranks_override
--- PASS: TestResolveWindow_HostVariables (0.00s)
    --- PASS: TestResolveWindow_HostVariables/disable_compact_caps_urgency_at_advisory (0.00s)
    --- PASS: TestResolveWindow_HostVariables/disable_1m_context_without_a_clamp_stamps_nothing (0.00s)
    --- PASS: TestResolveWindow_HostVariables/falsy_spellings_do_not_bind (0.02s)
    --- PASS: TestResolveWindow_HostVariables/unknown_model_enforcement_off_is_advisory_with_a_normal_window (0.00s)
    --- PASS: TestResolveWindow_HostVariables/disable_1m_context_clamps_the_autocompact_rung_too (0.04s)
    --- PASS: TestResolveWindow_HostVariables/disable_1m_context_clamps_after_every_rung (0.03s)
    --- PASS: TestResolveWindow_HostVariables/max_context_tokens_does_not_outrank_autocompact (0.04s)
    --- PASS: TestResolveWindow_HostVariables/max_context_tokens_outranks_host_default (0.03s)
    --- PASS: TestResolveWindow_HostVariables/max_context_tokens_is_clamped_to_range (0.05s)
    --- PASS: TestResolveWindow_HostVariables/hard_ceiling_without_disable_compact_is_urgency_now (0.04s)
=== CONT  TestRuntime_WindowResolutionLadder/autocompact_negative_falls_through
=== CONT  TestRuntime_WindowResolutionLadder/autocompact_zero_falls_through
=== CONT  TestRuntime_WindowResolutionLadder/autocompact_below_range_clamped
--- PASS: TestObservePrompt_StopJoinsAnInFlightRecording (0.60s)
=== CONT  TestRuntime_WindowResolutionLadder/autocompact_garbage_falls_through
=== CONT  TestRuntime_WindowResolutionLadder/autocompact_above_range_clamped
--- PASS: TestDrainDoesNotForgetASegmentTheIngestHolds (0.32s)
=== CONT  TestRuntime_WindowResolutionLadder/host_default
=== CONT  TestRuntime_WindowResolutionLadder/override
=== CONT  TestObserveScope_NothingFailsAndEveryGapIsNamed/no_git_at_all
=== CONT  TestObserveScope_NothingFailsAndEveryGapIsNamed/a_branch_with_no_commit_yet
=== CONT  TestObserveScope_NothingFailsAndEveryGapIsNamed/a_.git_file_that_is_not_a_gitdir_pointer
=== CONT  TestObserveScope_NothingFailsAndEveryGapIsNamed/a_dangling_worktree_gitdir
=== CONT  TestObserveScope_NothingFailsAndEveryGapIsNamed/unreadable_HEAD
=== CONT  TestObserveScope_NothingFailsAndEveryGapIsNamed/no_session_id
=== CONT  TestDrainCrashAtTheUnlinkLeavesNoProgressForARecreatedSegment/recreated_smaller
--- PASS: TestRuntime_WindowResolutionLadder (0.00s)
    --- PASS: TestRuntime_WindowResolutionLadder/autocompact (0.04s)
    --- PASS: TestRuntime_WindowResolutionLadder/autocompact_empty_falls_through (0.04s)
    --- PASS: TestRuntime_WindowResolutionLadder/override_without_max_output_uses_host_default_output (0.05s)
    --- PASS: TestRuntime_WindowResolutionLadder/override_leaving_no_window_falls_through_to_host_default (0.09s)
    --- PASS: TestRuntime_WindowResolutionLadder/autocompact_negative_falls_through (0.11s)
    --- PASS: TestRuntime_WindowResolutionLadder/autocompact_outranks_override (0.11s)
    --- PASS: TestRuntime_WindowResolutionLadder/autocompact_below_range_clamped (0.15s)
    --- PASS: TestRuntime_WindowResolutionLadder/autocompact_zero_falls_through (0.15s)
    --- PASS: TestRuntime_WindowResolutionLadder/autocompact_garbage_falls_through (0.15s)
    --- PASS: TestRuntime_WindowResolutionLadder/host_default (0.08s)
    --- PASS: TestRuntime_WindowResolutionLadder/override (0.08s)
    --- PASS: TestRuntime_WindowResolutionLadder/autocompact_above_range_clamped (0.14s)
=== CONT  TestDrainCrashAtTheUnlinkLeavesNoProgressForARecreatedSegment/recreated_larger
=== CONT  TestDrainCrashAtTheUnlinkLeavesNoProgressForARecreatedSegment/recreated_at_the_same_size
=== CONT  TestDrainStartupForgetsStaleProgressBeforeTheSessionRecreatesItsSegment/recreated_smaller
=== CONT  TestDrainStartupForgetsStaleProgressBeforeTheSessionRecreatesItsSegment/recreated_larger
=== CONT  TestDrainStartupForgetsStaleProgressBeforeTheSessionRecreatesItsSegment/recreated_at_the_same_size
--- PASS: TestDeliveryJournal_GenerationAckArchivesWithItsWindowAndSettlesTheFrontier (1.41s)
=== CONT  TestPrecompactDeadlineIsLeftUnsetWhenTheManifestDeclaresNoTimeout/the_shipped_manifest's_20s
=== CONT  TestPrecompactDeadlineIsLeftUnsetWhenTheManifestDeclaresNoTimeout/a_negative_timeout_is_just_as_unusable
=== CONT  TestPrecompactDeadlineIsLeftUnsetWhenTheManifestDeclaresNoTimeout/an_unreadable_manifest_shape
--- PASS: TestPrecompactDeadlineIsLeftUnsetWhenTheManifestDeclaresNoTimeout (0.00s)
    --- PASS: TestPrecompactDeadlineIsLeftUnsetWhenTheManifestDeclaresNoTimeout/the_shipped_manifest's_20s (0.00s)
    --- PASS: TestPrecompactDeadlineIsLeftUnsetWhenTheManifestDeclaresNoTimeout/a_negative_timeout_is_just_as_unusable (0.00s)
    --- PASS: TestPrecompactDeadlineIsLeftUnsetWhenTheManifestDeclaresNoTimeout/an_unreadable_manifest_shape (0.00s)
=== CONT  TestFrontier_ResidualOverBudgetWarnsOnce/nothing_to_encode
=== CONT  TestFrontier_ResidualOverBudgetWarnsOnce/three-segment_backlog
--- PASS: TestFrontier_ResidualOverBudgetWarnsOnce (0.00s)
    --- PASS: TestFrontier_ResidualOverBudgetWarnsOnce/nothing_to_encode (0.00s)
    --- PASS: TestFrontier_ResidualOverBudgetWarnsOnce/three-segment_backlog (0.00s)
=== CONT  TestDrainRestoresProgressWhenItDoesNotRemoveTheFile/the_ingest_refuses_a_segment_reopened_after_the_drain_asked
--- PASS: TestObserveScope_NothingFailsAndEveryGapIsNamed (0.00s)
    --- PASS: TestObserveScope_NothingFailsAndEveryGapIsNamed/no_git_at_all (0.08s)
    --- PASS: TestObserveScope_NothingFailsAndEveryGapIsNamed/a_.git_file_that_is_not_a_gitdir_pointer (0.07s)
    --- PASS: TestObserveScope_NothingFailsAndEveryGapIsNamed/a_dangling_worktree_gitdir (0.07s)
    --- PASS: TestObserveScope_NothingFailsAndEveryGapIsNamed/unreadable_HEAD (0.07s)
    --- PASS: TestObserveScope_NothingFailsAndEveryGapIsNamed/a_branch_with_no_commit_yet (0.08s)
    --- PASS: TestObserveScope_NothingFailsAndEveryGapIsNamed/no_session_id (0.13s)
=== CONT  TestDrainRestoresProgressWhenItDoesNotRemoveTheFile/the_unlink_fails
--- PASS: TestDeliveryJournal_GenerationArchivesAdmittedLeaseWithItsWindow (1.02s)
=== CONT  TestDrainForgetsAFileDurablyBeforeUnlinkingIt/read_to_its_end_by_the_same_pass
=== CONT  TestDrainForgetsAFileDurablyBeforeUnlinkingIt/finished_by_an_earlier_pass
=== CONT  TestIdleExitWaitsForAnUnregisteredSessionThatKeepsSendingTraffic/abandoned
=== CONT  TestIdleExitWaitsForAnUnregisteredSessionThatKeepsSendingTraffic/ended
--- PASS: TestDrainCrashAtTheUnlinkLeavesNoProgressForARecreatedSegment (0.00s)
    --- PASS: TestDrainCrashAtTheUnlinkLeavesNoProgressForARecreatedSegment/recreated_at_the_same_size (0.52s)
    --- PASS: TestDrainCrashAtTheUnlinkLeavesNoProgressForARecreatedSegment/recreated_smaller (0.59s)
    --- PASS: TestDrainCrashAtTheUnlinkLeavesNoProgressForARecreatedSegment/recreated_larger (0.56s)
=== CONT  TestDeliveryRadix_MergeEqualsSequentialUpdates/seed01-mode1
=== CONT  TestDeliveryRadix_MergeEqualsSequentialUpdates/seed25-mode1
=== CONT  TestDeliveryRadix_MergeEqualsSequentialUpdates/seed48-mode0
--- PASS: TestDrainRestoresProgressWhenItDoesNotRemoveTheFile (0.00s)
    --- PASS: TestDrainRestoresProgressWhenItDoesNotRemoveTheFile/the_ingest_refuses_a_segment_reopened_after_the_drain_asked (0.58s)
    --- PASS: TestDrainRestoresProgressWhenItDoesNotRemoveTheFile/the_unlink_fails (0.57s)
=== CONT  TestDeliveryRadix_MergeEqualsSequentialUpdates/seed47-mode3
=== CONT  TestDeliveryRadix_MergeEqualsSequentialUpdates/seed46-mode2
=== NAME  TestDeliverySealSegment_RuleRRepairsATornActiveSegmentSeal
    delivery_seal_segment_ruler_test.go:84: report:
        delivery-seal: C:\Users\Quant\AppData\Local\Temp\TestDeliverySealSegment_RuleRRepairsATornActiveSegmentSeal4080742989\001
          segment 0 lease journal: loads, 2 entries, 582 bytes, chain sha256:cf62b5236bd027c53ef2f8561d8505e3205023f0aed20697fd4ae5f3859e4b3c
          segment 0 ack journal: loads, 0 entries, 0 bytes (archived ACKs joined to their original leases)
          segment 1 lease journal: loads, 2 entries, 582 bytes, chain sha256:a0761154099148b6fbf33d227d330f3fa0d66cc408ac3cfe4406c719da4caa74
          lease seal C:\Users\Quant\AppData\Local\Temp\TestDeliverySealSegment_RuleRRepairsATornActiveSegmentSeal4080742989\001\.qompack\state\delivery-segments\00000000000000000001\delivery-lease-position.json: v2 with one torn slot; accepting 1 entries, 291 bytes
          lease: --accept-torn-slot admitted 1 line(s) past the accepted record:
            {"v":1,"delivery":"0000000000000000000000000000000000000000000000000000000000000004","session":"ruler","request":"sha256:bddf49144490b6a8657e38ca52897548592980b23c50a0212922a765355aef0f","arrival":4,"observation_id":"sha256:ec04120ab38a04d2a265f166ff3b6540f545d6098b34ec37e6da1c17c9738814"}
          segment 1 ack journal: loads, 1 entries, 258 bytes (archived ACKs joined to their original leases)
          segment 1 carried leases: 2 archived with no acknowledgement, each resolved at the base root
          checked 2 committed segment(s) through segment 1 and the generation store; nothing was written
=== CONT  TestDeliveryRadix_MergeEqualsSequentialUpdates/seed45-mode1
--- PASS: TestDrainForgetsAFileDurablyBeforeUnlinkingIt (0.00s)
    --- PASS: TestDrainForgetsAFileDurablyBeforeUnlinkingIt/read_to_its_end_by_the_same_pass (0.37s)
    --- PASS: TestDrainForgetsAFileDurablyBeforeUnlinkingIt/finished_by_an_earlier_pass (0.27s)
=== CONT  TestDeliveryRadix_MergeEqualsSequentialUpdates/seed44-mode0
--- PASS: TestDrainStartupForgetsStaleProgressBeforeTheSessionRecreatesItsSegment (0.00s)
    --- PASS: TestDrainStartupForgetsStaleProgressBeforeTheSessionRecreatesItsSegment/recreated_smaller (0.67s)
    --- PASS: TestDrainStartupForgetsStaleProgressBeforeTheSessionRecreatesItsSegment/recreated_larger (0.75s)
    --- PASS: TestDrainStartupForgetsStaleProgressBeforeTheSessionRecreatesItsSegment/recreated_at_the_same_size (0.77s)
=== CONT  TestDeliveryRadix_MergeEqualsSequentialUpdates/seed43-mode3
--- PASS: TestDeliveryRollover_RestartAcrossRotation (2.36s)
=== CONT  TestDeliveryRadix_MergeEqualsSequentialUpdates/seed42-mode2
=== CONT  TestDeliveryRadix_MergeEqualsSequentialUpdates/seed41-mode1
=== NAME  TestDeliverySealSegment_RuleRRepairsATornActiveSegmentSeal
    delivery_seal_segment_ruler_test.go:95: report:
        delivery-seal: C:\Users\Quant\AppData\Local\Temp\TestDeliverySealSegment_RuleRRepairsATornActiveSegmentSeal4080742989\001
          segment 0 lease journal: loads, 2 entries, 582 bytes, chain sha256:cf62b5236bd027c53ef2f8561d8505e3205023f0aed20697fd4ae5f3859e4b3c
          segment 0 ack journal: loads, 0 entries, 0 bytes (archived ACKs joined to their original leases)
          segment 1 lease journal: loads, 2 entries, 582 bytes, chain sha256:a0761154099148b6fbf33d227d330f3fa0d66cc408ac3cfe4406c719da4caa74
          lease seal C:\Users\Quant\AppData\Local\Temp\TestDeliverySealSegment_RuleRRepairsATornActiveSegmentSeal4080742989\001\.qompack\state\delivery-segments\00000000000000000001\delivery-lease-position.json: v2 with one torn slot; accepting 1 entries, 291 bytes
          lease: --accept-torn-slot admitted 1 line(s) past the accepted record:
            {"v":1,"delivery":"0000000000000000000000000000000000000000000000000000000000000004","session":"ruler","request":"sha256:bddf49144490b6a8657e38ca52897548592980b23c50a0212922a765355aef0f","arrival":4,"observation_id":"sha256:ec04120ab38a04d2a265f166ff3b6540f545d6098b34ec37e6da1c17c9738814"}
          segment 1 ack journal: loads, 1 entries, 258 bytes (archived ACKs joined to their original leases)
          segment 1 carried leases: 2 archived with no acknowledgement, each resolved at the base root
          segment 1 lease seal C:\Users\Quant\AppData\Local\Temp\TestDeliverySealSegment_RuleRRepairsATornActiveSegmentSeal4080742989\001\.qompack\state\delivery-segments\00000000000000000001\delivery-lease-position.json: wrote v1 at 2 entries, 582 bytes (the accepted record sealed 1 entries, 291 bytes)
=== CONT  TestDeliveryRadix_MergeEqualsSequentialUpdates/seed40-mode0
=== CONT  TestDeliveryRadix_MergeEqualsSequentialUpdates/seed39-mode3
--- PASS: TestIdleExitWaitsForAnUnregisteredSessionThatKeepsSendingTraffic (0.00s)
    --- PASS: TestIdleExitWaitsForAnUnregisteredSessionThatKeepsSendingTraffic/abandoned (0.10s)
    --- PASS: TestIdleExitWaitsForAnUnregisteredSessionThatKeepsSendingTraffic/ended (0.33s)
=== CONT  TestDeliveryRadix_MergeEqualsSequentialUpdates/seed38-mode2
=== CONT  TestDeliveryRadix_MergeEqualsSequentialUpdates/seed37-mode1
=== CONT  TestDeliveryRadix_MergeEqualsSequentialUpdates/seed36-mode0
=== CONT  TestDeliveryRadix_MergeEqualsSequentialUpdates/seed35-mode3
=== CONT  TestDeliveryRadix_MergeEqualsSequentialUpdates/seed34-mode2
=== CONT  TestDeliveryRadix_MergeEqualsSequentialUpdates/seed33-mode1
=== CONT  TestDeliveryRadix_MergeEqualsSequentialUpdates/seed32-mode0
=== CONT  TestDeliveryRadix_MergeEqualsSequentialUpdates/seed31-mode3
=== CONT  TestDeliveryRadix_MergeEqualsSequentialUpdates/seed30-mode2
=== CONT  TestDeliveryRadix_MergeEqualsSequentialUpdates/seed29-mode1
=== CONT  TestDeliveryRadix_MergeEqualsSequentialUpdates/seed28-mode0
=== CONT  TestDeliveryRadix_MergeEqualsSequentialUpdates/seed27-mode3
=== CONT  TestDeliveryRadix_MergeEqualsSequentialUpdates/seed26-mode2
=== CONT  TestDeliveryRadix_MergeEqualsSequentialUpdates/seed13-mode1
=== CONT  TestDeliveryRadix_MergeEqualsSequentialUpdates/seed24-mode0
=== CONT  TestDeliveryRadix_MergeEqualsSequentialUpdates/seed23-mode3
=== CONT  TestDeliveryRadix_MergeEqualsSequentialUpdates/seed22-mode2
--- PASS: TestDeliverySealSegment_RuleRRepairsATornActiveSegmentSeal (2.47s)
=== CONT  TestDeliveryRadix_MergeEqualsSequentialUpdates/seed21-mode1
=== CONT  TestDeliveryRadix_MergeEqualsSequentialUpdates/seed20-mode0
=== CONT  TestDeliveryRadix_MergeEqualsSequentialUpdates/seed19-mode3
=== CONT  TestDeliveryRadix_MergeEqualsSequentialUpdates/seed18-mode2
=== CONT  TestDeliveryRadix_MergeEqualsSequentialUpdates/seed17-mode1
=== CONT  TestDeliveryRadix_MergeEqualsSequentialUpdates/seed15-mode3
=== CONT  TestDeliveryRadix_MergeEqualsSequentialUpdates/seed16-mode0
=== CONT  TestDeliveryRadix_MergeEqualsSequentialUpdates/seed14-mode2
=== CONT  TestDeliveryRadix_MergeEqualsSequentialUpdates/seed07-mode3
=== CONT  TestDeliveryRadix_MergeEqualsSequentialUpdates/seed12-mode0
=== CONT  TestDeliveryRadix_MergeEqualsSequentialUpdates/seed11-mode3
=== CONT  TestDeliveryRadix_MergeEqualsSequentialUpdates/seed10-mode2
=== CONT  TestDeliveryRadix_MergeEqualsSequentialUpdates/seed09-mode1
=== CONT  TestDeliveryRadix_MergeEqualsSequentialUpdates/seed08-mode0
=== CONT  TestDeliveryRadix_MergeEqualsSequentialUpdates/seed04-mode0
=== CONT  TestDeliveryRadix_MergeEqualsSequentialUpdates/seed06-mode2
=== CONT  TestDeliveryRadix_MergeEqualsSequentialUpdates/seed05-mode1
=== CONT  TestDeliveryRadix_MergeEqualsSequentialUpdates/seed03-mode3
=== CONT  TestDeliveryRadix_MergeEqualsSequentialUpdates/seed02-mode2
=== CONT  TestDeliveryReaders_V6_GCRetainsActiveAndArchivedLeases/complete
=== CONT  TestDeliveryReaders_V6_GCRetainsActiveAndArchivedLeases/delivery-lease-position.json
=== CONT  TestDeliveryReaders_V6_GCRetainsActiveAndArchivedLeases/delivery-acks.jsonl
--- PASS: TestDeliveryRadix_MergeEqualsSequentialUpdates (0.00s)
    --- PASS: TestDeliveryRadix_MergeEqualsSequentialUpdates/seed25-mode1 (0.20s)
    --- PASS: TestDeliveryRadix_MergeEqualsSequentialUpdates/seed48-mode0 (0.23s)
    --- PASS: TestDeliveryRadix_MergeEqualsSequentialUpdates/seed01-mode1 (0.33s)
    --- PASS: TestDeliveryRadix_MergeEqualsSequentialUpdates/seed41-mode1 (0.17s)
    --- PASS: TestDeliveryRadix_MergeEqualsSequentialUpdates/seed43-mode3 (0.25s)
    --- PASS: TestDeliveryRadix_MergeEqualsSequentialUpdates/seed45-mode1 (0.28s)
    --- PASS: TestDeliveryRadix_MergeEqualsSequentialUpdates/seed38-mode2 (0.22s)
    --- PASS: TestDeliveryRadix_MergeEqualsSequentialUpdates/seed46-mode2 (0.41s)
    --- PASS: TestDeliveryRadix_MergeEqualsSequentialUpdates/seed47-mode3 (0.46s)
    --- PASS: TestDeliveryRadix_MergeEqualsSequentialUpdates/seed37-mode1 (0.15s)
    --- PASS: TestDeliveryRadix_MergeEqualsSequentialUpdates/seed39-mode3 (0.37s)
    --- PASS: TestDeliveryRadix_MergeEqualsSequentialUpdates/seed35-mode3 (0.24s)
    --- PASS: TestDeliveryRadix_MergeEqualsSequentialUpdates/seed44-mode0 (0.54s)
    --- PASS: TestDeliveryRadix_MergeEqualsSequentialUpdates/seed31-mode3 (0.34s)
    --- PASS: TestDeliveryRadix_MergeEqualsSequentialUpdates/seed42-mode2 (0.74s)
    --- PASS: TestDeliveryRadix_MergeEqualsSequentialUpdates/seed40-mode0 (0.74s)
    --- PASS: TestDeliveryRadix_MergeEqualsSequentialUpdates/seed34-mode2 (0.52s)
    --- PASS: TestDeliveryRadix_MergeEqualsSequentialUpdates/seed33-mode1 (0.51s)
    --- PASS: TestDeliveryRadix_MergeEqualsSequentialUpdates/seed30-mode2 (0.39s)
    --- PASS: TestDeliveryRadix_MergeEqualsSequentialUpdates/seed36-mode0 (0.60s)
    --- PASS: TestDeliveryRadix_MergeEqualsSequentialUpdates/seed32-mode0 (0.56s)
    --- PASS: TestDeliveryRadix_MergeEqualsSequentialUpdates/seed27-mode3 (0.24s)
    --- PASS: TestDeliveryRadix_MergeEqualsSequentialUpdates/seed23-mode3 (0.24s)
    --- PASS: TestDeliveryRadix_MergeEqualsSequentialUpdates/seed29-mode1 (0.56s)
    --- PASS: TestDeliveryRadix_MergeEqualsSequentialUpdates/seed13-mode1 (0.26s)
    --- PASS: TestDeliveryRadix_MergeEqualsSequentialUpdates/seed28-mode0 (0.66s)
    --- PASS: TestDeliveryRadix_MergeEqualsSequentialUpdates/seed24-mode0 (0.42s)
    --- PASS: TestDeliveryRadix_MergeEqualsSequentialUpdates/seed20-mode0 (0.48s)
    --- PASS: TestDeliveryRadix_MergeEqualsSequentialUpdates/seed26-mode2 (0.57s)
    --- PASS: TestDeliveryRadix_MergeEqualsSequentialUpdates/seed19-mode3 (0.63s)
    --- PASS: TestDeliveryRadix_MergeEqualsSequentialUpdates/seed12-mode0 (0.18s)
    --- PASS: TestDeliveryRadix_MergeEqualsSequentialUpdates/seed21-mode1 (0.80s)
    --- PASS: TestDeliveryRadix_MergeEqualsSequentialUpdates/seed22-mode2 (0.81s)
    --- PASS: TestDeliveryRadix_MergeEqualsSequentialUpdates/seed15-mode3 (0.63s)
    --- PASS: TestDeliveryRadix_MergeEqualsSequentialUpdates/seed16-mode0 (0.63s)
    --- PASS: TestDeliveryRadix_MergeEqualsSequentialUpdates/seed18-mode2 (0.77s)
    --- PASS: TestDeliveryRadix_MergeEqualsSequentialUpdates/seed17-mode1 (0.79s)
    --- PASS: TestDeliveryRadix_MergeEqualsSequentialUpdates/seed05-mode1 (0.18s)
    --- PASS: TestDeliveryRadix_MergeEqualsSequentialUpdates/seed04-mode0 (0.30s)
    --- PASS: TestDeliveryRadix_MergeEqualsSequentialUpdates/seed03-mode3 (0.37s)
    --- PASS: TestDeliveryRadix_MergeEqualsSequentialUpdates/seed09-mode1 (0.65s)
    --- PASS: TestDeliveryRadix_MergeEqualsSequentialUpdates/seed14-mode2 (0.98s)
    --- PASS: TestDeliveryRadix_MergeEqualsSequentialUpdates/seed10-mode2 (0.76s)
    --- PASS: TestDeliveryRadix_MergeEqualsSequentialUpdates/seed07-mode3 (1.05s)
    --- PASS: TestDeliveryRadix_MergeEqualsSequentialUpdates/seed08-mode0 (0.74s)
    --- PASS: TestDeliveryRadix_MergeEqualsSequentialUpdates/seed11-mode3 (1.12s)
    --- PASS: TestDeliveryRadix_MergeEqualsSequentialUpdates/seed06-mode2 (0.84s)
    --- PASS: TestDeliveryRadix_MergeEqualsSequentialUpdates/seed02-mode2 (0.73s)
--- PASS: TestDeliveryGeneration_ManyGenerationsAndReplayIdentity (9.33s)
--- PASS: TestDeliveryReaders_V6_BackupRestoresHistoryAndAcceptsLaterWrites (5.75s)
--- PASS: TestDeliveryOrder_ArchiveReadsNeverRunAheadOfASettlement (6.61s)
--- PASS: TestDeliveryReaders_V6_GCRetainsActiveAndArchivedLeases (0.00s)
    --- PASS: TestDeliveryReaders_V6_GCRetainsActiveAndArchivedLeases/delivery-acks.jsonl (1.84s)
    --- PASS: TestDeliveryReaders_V6_GCRetainsActiveAndArchivedLeases/delivery-lease-position.json (1.99s)
    --- PASS: TestDeliveryReaders_V6_GCRetainsActiveAndArchivedLeases/complete (2.13s)
--- PASS: TestDeliveryRadix_ManyGenerationsOldRootsUsable (6.22s)
--- PASS: TestCarriedDefect_SP20D4_CaptureContinuesPastTheOldEntryCapAcrossRestart (8.65s)
--- PASS: TestDeliveryRollover_ArchiveRecordsExactlyWhatTheBatchCommitsRecord (11.31s)
=== NAME  TestDeliveryReaders_V6_GCDuringLiveRotationsKeepsEveryArchivedUnsettledRoot
    delivery_readers_v6_test.go:241: GC passes during rotation: 14 completed, 0 halted by a moving authority
--- PASS: TestDeliveryReaders_V6_GCDuringLiveRotationsKeepsEveryArchivedUnsettledRoot (13.99s)
--- PASS: TestDeliveryRollover_DormantSessionContinuesArrivals (16.25s)
--- PASS: TestDeliveryRollover_ConcurrentCallersNeverSeeARotationAsABudgetRefusal (21.63s)
--- PASS: TestDeliveryRollover_ArchivedAckExactJoinAndFrontierRetained (26.33s)
--- PASS: TestDeliveryRollover_SeventyLiveRotationsPreserveIdentity (27.77s)
=== RUN   FuzzDeliverySealSelect
=== RUN   FuzzDeliverySealSelect/seed#0
=== RUN   FuzzDeliverySealSelect/seed#1
=== RUN   FuzzDeliverySealSelect/seed#2
=== RUN   FuzzDeliverySealSelect/seed#3
=== RUN   FuzzDeliverySealSelect/seed#4
=== RUN   FuzzDeliverySealSelect/seed#5
=== RUN   FuzzDeliverySealSelect/seed#6
=== RUN   FuzzDeliverySealSelect/seed#7
=== RUN   FuzzDeliverySealSelect/seed#8
=== RUN   FuzzDeliverySealSelect/seed#9
--- PASS: FuzzDeliverySealSelect (0.00s)
    --- PASS: FuzzDeliverySealSelect/seed#0 (0.00s)
    --- PASS: FuzzDeliverySealSelect/seed#1 (0.00s)
    --- PASS: FuzzDeliverySealSelect/seed#2 (0.00s)
    --- PASS: FuzzDeliverySealSelect/seed#3 (0.00s)
    --- PASS: FuzzDeliverySealSelect/seed#4 (0.00s)
    --- PASS: FuzzDeliverySealSelect/seed#5 (0.00s)
    --- PASS: FuzzDeliverySealSelect/seed#6 (0.00s)
    --- PASS: FuzzDeliverySealSelect/seed#7 (0.00s)
    --- PASS: FuzzDeliverySealSelect/seed#8 (0.00s)
    --- PASS: FuzzDeliverySealSelect/seed#9 (0.00s)
PASS
ok  	github.com/qompack/qompack/internal/daemon	475.902s
=== RUN   TestFault_AuditSeesADeletedObjectUnderALiveIndex
    audit_test.go:66: fault: deleting one object under a live index produced 3 dangling reference(s): root_chunk(91daa03aa2e6/6139dde14f6a): root 91daa03aa2e6 names chunk 6139dde14f6a, which the object store does not hold; tool_use_root(prompt_sess-fault-audit-selftest_0): tool_use prompt_sess-fault-audit-selftest_0 points at root 91daa03aa2e6, which cannot be materialized; capture_bytes_absent(prompt_sess-fault-audit-selftest_0): published capture sidecar names root 91daa03aa2e6, which does not resolve
--- PASS: TestFault_AuditSeesADeletedObjectUnderALiveIndex (13.10s)
=== RUN   TestFault_MCPChildKilledMidRequest
    child_test.go:94: fault child_mcp_killed_mid_request: recovered — the client saw the session end as an error rather than hanging (the mcp launcher closed its stdout before answering); every object present before the MCP session is still present with the same bytes, and nothing dangles
          boundary: the MCP server child is killed mid-request
          seed:     a real session through the installed binary, then `<bundle>/bin/qompack mcp` launched the way plugin/.mcp.json instructs (exec form, no shell), killed between a request and its answer
          dangling: 0→0
          detail:   first call: isError=false found=true denied=false available=<absent> reason=""
        after the kill: transport/protocol error: the mcp launcher closed its stdout before answering
        audit before {tool_uses:3 roots:3 sidecars:3 checkpoints:0 dangling:0 reported:0}; after {tool_uses:4 roots:4 sidecars:3 checkpoints:0 dangling:0 reported:0}
        objects present before the session: 3, of which changed or gone afterwards: []
          artifact: C:\Users\Quant\AppData\Local\Temp\TestFault_MCPChildKilledMidRequest3746718282\001\child_mcp_killed_mid_request.json
--- PASS: TestFault_MCPChildKilledMidRequest (5.47s)
=== RUN   TestFault_DaemonKilledMidIngest
    child_test.go:134: fault: killed daemon pid 41768 serving the fixture C:\Users\Quant\AppData\Local\Temp\qompack-fault-2957947785\proj
    child_test.go:134: fault: aged C:\Users\Quant\AppData\Local\Temp\qompack-fault-2957947785\proj\.qompack\run\daemon.hb past the staleness window so the next daemon may reclaim the lock
    child_test.go:158: fault child_daemon_killed_mid_ingest: recovered — the restarted daemon replayed the spool the killed one left, went on recording, and introduced no dangling reference
          boundary: the daemon is killed during a burst of `observe tool` deliveries
          seed:     a 6-delivery burst was cut by killing the daemon (killed=true) and the heartbeat aged past daemon.staleAfter so the next daemon may reclaim the lock, leaving 1 wal-* and 1 client-* spool file(s)
          dangling: 1→0
          detail:   spool wal/client 1/1 → 0/1; recording resumed: true
        audit before {tool_uses:8 roots:4 sidecars:8 checkpoints:0 dangling:1 reported:0}; after {tool_uses:10 roots:5 sidecars:10 checkpoints:0 dangling:0 reported:0}; reported gaps: none
        degradation (new since the kill): status[1]: spool_files=1; surfaces status --json
          artifact: C:\Users\Quant\AppData\Local\Temp\TestFault_DaemonKilledMidIngest1510355349\001\child_daemon_killed_mid_ingest.json
--- PASS: TestFault_DaemonKilledMidIngest (9.52s)
=== RUN   TestFault_SubagentStopWithoutResult
    child_test.go:233: fault child_subagent_stop_without_result: recovered — the hook exited 0 with parseable stdout and left no dangling reference. The stop is NOT inert, and what it wrote is stated rather than denied: tool_use records 0→1, roots 0→2, capture sidecars 0→1. Every one of those records resolves — that is what the clean audit above means
          boundary: `observe stop --subagent` for a subagent that never produced a result
          seed:     a live session, then a SubagentStop with no preceding tool observation for that subagent at all
          dangling: 0→0
          detail:   audit before {tool_uses:0 roots:0 sidecars:0 checkpoints:0 dangling:0 reported:0}; after {tool_uses:1 roots:2 sidecars:1 checkpoints:0 dangling:0 reported:2}
        what the stop caused to be written: tool_use records 0→1, roots 0→2, capture sidecars 0→1
          artifact: C:\Users\Quant\AppData\Local\Temp\TestFault_SubagentStopWithoutResult489594281\001\child_subagent_stop_without_result.json
--- PASS: TestFault_SubagentStopWithoutResult (14.75s)
=== RUN   TestFault_HookStdinUnusable
=== RUN   TestFault_HookStdinUnusable/stdin_eof
    child_test.go:261: fault: qompack.exe [session-start] took 6.64s
    child_test.go:291: fault child_hook_stdin_eof: recovered — every hook exited 0 with parseable stdout under stdin-eof, and the store the live session was writing gained no dangling reference
          boundary: a hook whose stdin is stdin-eof, during a live session
          seed:     the `stdin-eof` QOMPACK_FAULT site (internal/cli/fault.go), delivered to every hook subcommand of a live session
          dangling: 0→0
          detail:   six hook subcommands driven under stdin-eof
        audit before {tool_uses:0 roots:0 sidecars:0 checkpoints:0 dangling:0 reported:0}; after {tool_uses:0 roots:0 sidecars:3 checkpoints:0 dangling:0 reported:1}
          artifact: C:\Users\Quant\AppData\Local\Temp\TestFault_HookStdinUnusablestdin_eof611825269\001\child_hook_stdin_eof.json
=== RUN   TestFault_HookStdinUnusable/stdin_garbage
    child_test.go:291: fault child_hook_stdin_garbage: recovered — every hook exited 0 with parseable stdout under stdin-garbage, and the store the live session was writing gained no dangling reference
          boundary: a hook whose stdin is stdin-garbage, during a live session
          seed:     the `stdin-garbage` QOMPACK_FAULT site (internal/cli/fault.go), delivered to every hook subcommand of a live session
          dangling: 0→0
          detail:   six hook subcommands driven under stdin-garbage
        audit before {tool_uses:0 roots:0 sidecars:0 checkpoints:0 dangling:0 reported:0}; after {tool_uses:0 roots:0 sidecars:3 checkpoints:0 dangling:0 reported:1}
          artifact: C:\Users\Quant\AppData\Local\Temp\TestFault_HookStdinUnusablestdin_garbage1453683825\001\child_hook_stdin_garbage.json
--- PASS: TestFault_HookStdinUnusable (14.67s)
    --- PASS: TestFault_HookStdinUnusable/stdin_eof (10.77s)
    --- PASS: TestFault_HookStdinUnusable/stdin_garbage (3.90s)
=== RUN   TestFault_LinesNamingIgnoresTheUniversalWarn
    evidence_test.go:1111: fault: auditing 20 registered token list(s)
--- PASS: TestFault_LinesNamingIgnoresTheUniversalWarn (0.00s)
=== RUN   TestFault_LinesNamingKeepsTheFileAValueNames
=== RUN   TestFault_LinesNamingKeepsTheFileAValueNames/a_bare_file_name_survives
=== RUN   TestFault_LinesNamingKeepsTheFileAValueNames/a_full_path_keeps_its_base_name_and_loses_the_fixture_directory
=== RUN   TestFault_LinesNamingKeepsTheFileAValueNames/a_QUOTED_path_with_a_space_still_yields_its_base_name
--- PASS: TestFault_LinesNamingKeepsTheFileAValueNames (0.00s)
    --- PASS: TestFault_LinesNamingKeepsTheFileAValueNames/a_bare_file_name_survives (0.00s)
    --- PASS: TestFault_LinesNamingKeepsTheFileAValueNames/a_full_path_keeps_its_base_name_and_loses_the_fixture_directory (0.00s)
    --- PASS: TestFault_LinesNamingKeepsTheFileAValueNames/a_QUOTED_path_with_a_space_still_yields_its_base_name (0.00s)
=== RUN   TestFault_UnavailableHistoricalObject
    historical_test.go:111: fault historical_object_unavailable: explicit_incomplete — the retrieval layer answered `unavailable` for an address whose bytes are gone rather than reporting a miss, the damaged object was quarantined as evidence, and a forced GC pass left that evidence in place
          boundary: an object present at capture, damaged afterwards, asked for through the installed MCP server
          seed:     a real session captures a file through the installed binary; one of the stored object files is then truncated in half — §12.3's "store corrupt (bad CRC, truncated object)" — and the retrieval is driven through `<bundle>/bin/qompack mcp`
          dangling: 0→3
          detail:   damaged: truncated the object file for chunk 6139dde14f6a from 52 to 26 bytes
        expand(hash=91daa03aa2e6): isError=false found=false denied=false available=false reason="the stored object was refused rather than served: its bytes could not be read intact; a damaged object is preserved as evidence and `qompack fsck` reports it"
        expand(tool_use_id=prompt_sess-fault-historical_0): isError=false found=false denied=false available=false reason="the stored object was refused rather than served: its bytes could not be read intact; a damaged object is preserved as evidence and `qompack fsck` reports it"
        quarantined: true
        forced GC (RetainDays -1, RetainSessions -1) deleted 3 object(s); quarantine 0→0, capture sidecars 3→3
        audit before {tool_uses:3 roots:3 sidecars:3 checkpoints:0 dangling:0 reported:1}; after {tool_uses:5 roots:4 sidecars:3 checkpoints:0 dangling:3 reported:9}
        named as reported: root_chunk(91daa03aa2e6/6139dde14f6a): root 91daa03aa2e6 names chunk 6139dde14f6a, which the object store does not hold; root_chunk(e5ec33f50136/62706e319837): root e5ec33f50136 names chunk 62706e319837, which the object store does not hold; root_chunk(8152211d8f49/3e0c1c855d16): root 8152211d8f49 names chunk 3e0c1c855d16, which the object store does not hold; root_chunk(b072bdf2002a/fad664912af9): root b072bdf2002a names chunk fad664912af9, which the object store does not hold; tool_use_root(prompt_sess-fault-historical_0): tool_use prompt_sess-fault-historical_0 points at root 91daa03aa2e6, which cannot be materialized; tool_use_root(toolu_fault_historical_01): tool_use toolu_fault_historical_01 points at root e5ec33f50136, which cannot be materialized; tool_use_root(toolu_fault_historical_02): tool_use toolu_fault_historical_02 points at root 8152211d8f49, which cannot be materialized; tool_use_root(qompack-mcp:6ca58f1b8678): tool_use qompack-mcp:6ca58f1b8678 points at root b072bdf2002a, which cannot be materialized; tool_use_root(qompack-mcp:f135aad46365): tool_use qompack-mcp:f135aad46365 points at root b072bdf2002a, which cannot be materialized
          artifact: C:\Users\Quant\AppData\Local\Temp\TestFault_UnavailableHistoricalObject3458202877\001\historical_object_unavailable.json
--- PASS: TestFault_UnavailableHistoricalObject (5.70s)
=== RUN   TestFault_CheckpointDropsAnUnresolvablePointer
    historical_test.go:260: fault historical_checkpoint_drops_pointer: reproduced the returned finding F4-1 (owner internal/store (the index keeps naming bytes that are gone)); the record is the deliverable and nothing here fixes it
    historical_test.go:260: fault historical_checkpoint_drops_pointer: failed — 3 reference(s) the cut introduced do not resolve and NO surface gained anything about it — not LOUD.log, not status --json taken with the recovery daemon up, not self-test --json, not the day log, not a DropEntry. Owner: internal/store (the index keeps naming bytes that are gone). Returned as F4-1.
          boundary: a checkpoint written after the object one of its pointers names went away
          seed:     a real session, one stored object removed outright, then a real PreCompact through the installed binary, then one more observation so the judge has a measured "did recording go on" rather than an assumed one
          dangling: 0→3
          detail:   removed: removed the object file for chunk 6139dde14f6a
        artifacts 0 -> 1 (sealed 1); pointers across them: 4
        new drop entries: [pointer_git_unavailable()], of which naming the cut: []
        recovery observation toolu_fault_historical_drop_03 indexed: true
        everything the surfaces gained: daylog[1]: qompack-20260926.log: ts=2026-09-26T22:27:14.4080533Z level=warn msg="store: segment closed without a tokens feature; Segment.Tokens stays zero permanently" segment=2 session=sess-fault-historical-drop; drop[1]: pointer_git_unavailable(); status[1]: spool_files=2; surfaces status --json+checkpoint DropEntry+day log (warn)
        of which naming this cut (quarantin, materialize, dangling, missing object, prompt_sess-fault-historical-drop_0, 6139dde14f6a): nothing new on LOUD.log, status --json, self-test --json, the day log or a DropEntry
        note: the sealed checkpoint's OWN pointers all resolve on disk, so the references listed as newly dangling below are not the checkpoint's — they are what the removed object left behind in the index that outlived it. This row cannot distinguish finalize having DROPPED an unresolvable pointer from the pointer never having been a candidate: no drop entry names the removed object either way.
        audit before {tool_uses:3 roots:3 sidecars:3 checkpoints:0 dangling:0 reported:0}
        audit after  {tool_uses:4 roots:4 sidecars:4 checkpoints:1 dangling:3 reported:0}
        degradation (new since the cut): nothing new on LOUD.log, status --json, self-test --json, the day log or a DropEntry
        newly dangling: root_chunk(91daa03aa2e6/6139dde14f6a): root 91daa03aa2e6 names chunk 6139dde14f6a, which the object store does not hold; tool_use_root(prompt_sess-fault-historical-drop_0): tool_use prompt_sess-fault-historical-drop_0 points at root 91daa03aa2e6, which cannot be materialized; capture_bytes_absent(prompt_sess-fault-historical-drop_0): published capture sidecar names root 91daa03aa2e6, which does not resolve
        newly reported: none
        remaining dangling after recovery: root_chunk(91daa03aa2e6/6139dde14f6a): root 91daa03aa2e6 names chunk 6139dde14f6a, which the object store does not hold; tool_use_root(prompt_sess-fault-historical-drop_0): tool_use prompt_sess-fault-historical-drop_0 points at root 91daa03aa2e6, which cannot be materialized; capture_bytes_absent(prompt_sess-fault-historical-drop_0): published capture sidecar names root 91daa03aa2e6, which does not resolve
          artifact: C:\Users\Quant\AppData\Local\Temp\TestFault_CheckpointDropsAnUnresolvablePointer3799140299\001\historical_checkpoint_drops_pointer.json
--- PASS: TestFault_CheckpointDropsAnUnresolvablePointer (5.89s)
=== RUN   TestFault_CheckpointResolvabilityIsBlindToADeletedObject
    historical_test.go:541: fault historical_resolvability_blind_to_deleted_object: recovered — the predicate internal/checkpoint decides pointer resolvability with agrees with the filesystem about a deleted object, and so does the root-level form of it. store.Has still answers from the index, which is its documented contract and no longer what a durable promise is made on.
          boundary: store.Has answers `held` for an object whose bytes are gone but whose index line survives, and checkpoint finalize decides pointer resolvability with it
          seed:     a real session through the installed binary, then one object file deleted from objects/ with index/roots.jsonl untouched; store.Has and an on-disk Lstat are then asked the same question
          dangling: 0→0
          detail:   after deleting the object backing chunk 6139dde14f6a with its index line intact: store.Has(chunk)=true (the index's belief), store.ObjectOnDisk(chunk)=false (offered=true, the predicate the checkpoint decides with), the bytes are on disk=false, and the whole root 91daa03aa2e6 answers resolvable=false
          artifact: C:\Users\Quant\AppData\Local\Temp\TestFault_CheckpointResolvabilityIsBlindToADeletedObject792830116\001\historical_resolvability_blind_to_deleted_object.json
--- PASS: TestFault_CheckpointResolvabilityIsBlindToADeletedObject (3.78s)
=== RUN   TestFault_Lifecycle
=== RUN   TestFault_Lifecycle/startup
    lifecycle_test.go:79: fault lifecycle_startup: recovered — every hook exited 0 with parseable stdout, the index gained no duplicate tool_use record, and the event sequence left no dangling reference
          boundary: SessionStart source: startup, then a turn
          seed:     SessionStart(startup) + one turn (toolu_fault_startup_01) + SessionEnd
          dangling: 0→0
          detail:   audit before {tool_uses:0 roots:0 sidecars:0 checkpoints:0 dangling:0 reported:0}; after {tool_uses:2 roots:2 sidecars:3 checkpoints:0 dangling:0 reported:0}; newly dangling: none; duplicate tool_use ids: []; duplicate root records: []; loud lines gained: 0
          artifact: C:\Users\Quant\AppData\Local\Temp\TestFault_Lifecyclestartup4256872017\001\lifecycle_startup.json
=== RUN   TestFault_Lifecycle/resume
    lifecycle_test.go:79: fault lifecycle_resume: recovered — every hook exited 0 with parseable stdout, the index gained no duplicate tool_use record, and the event sequence left no dangling reference
          boundary: SessionStart source: resume, then a turn
          seed:     SessionStart(startup) + turn, SessionStart(resume) on the same id + turn (toolu_fault_resume_02)
          dangling: 0→0
          detail:   audit before {tool_uses:2 roots:2 sidecars:3 checkpoints:0 dangling:0 reported:0}; after {tool_uses:6 roots:5 sidecars:9 checkpoints:0 dangling:0 reported:0}; newly dangling: none; duplicate tool_use ids: []; duplicate root records: []; loud lines gained: 0
          artifact: C:\Users\Quant\AppData\Local\Temp\TestFault_Lifecycleresume2707860403\001\lifecycle_resume.json
=== RUN   TestFault_Lifecycle/fork
    lifecycle_test.go:79: fault lifecycle_fork: recovered — every hook exited 0 with parseable stdout, the index gained no duplicate tool_use record, and the event sequence left no dangling reference
          boundary: SessionStart source: fork (a source the observer's own set does not name)
          seed:     SessionStart(source:fork) + one turn; the hook exited 0 and the turn was indexed — `fork` is not one of the four sources internal/observer names, so the source is carried but not branched on
          dangling: 0→0
          detail:   audit before {tool_uses:6 roots:5 sidecars:9 checkpoints:0 dangling:0 reported:0}; after {tool_uses:8 roots:7 sidecars:12 checkpoints:0 dangling:0 reported:0}; newly dangling: none; duplicate tool_use ids: []; duplicate root records: []; loud lines gained: 0
          artifact: C:\Users\Quant\AppData\Local\Temp\TestFault_Lifecyclefork1060870636\001\lifecycle_fork.json
=== RUN   TestFault_Lifecycle/clear
    lifecycle_test.go:79: fault lifecycle_clear: recovered — every hook exited 0 with parseable stdout, the index gained no duplicate tool_use record, and the event sequence left no dangling reference
          boundary: SessionStart source: clear
          seed:     SessionStart(startup) + turn, SessionStart(clear) + turn (toolu_fault_clear_02)
          dangling: 0→0
          detail:   audit before {tool_uses:8 roots:7 sidecars:12 checkpoints:0 dangling:0 reported:0}; after {tool_uses:12 roots:10 sidecars:18 checkpoints:0 dangling:0 reported:0}; newly dangling: none; duplicate tool_use ids: []; duplicate root records: []; loud lines gained: 0
          artifact: C:\Users\Quant\AppData\Local\Temp\TestFault_Lifecycleclear4081987946\001\lifecycle_clear.json
=== RUN   TestFault_Lifecycle/compaction_manual
    lifecycle_test.go:79: fault lifecycle_compaction_manual: recovered — every hook exited 0 with parseable stdout, the index gained no duplicate tool_use record, and the event sequence left no dangling reference
          boundary: PreCompact trigger: manual, then SessionStart source: compact
          seed:     turn, PreCompact(trigger:manual), SessionStart(compact), turn (toolu_fault_compaction_manual_02)
          dangling: 0→0
          detail:   audit before {tool_uses:12 roots:10 sidecars:18 checkpoints:0 dangling:0 reported:0}; after {tool_uses:16 roots:13 sidecars:24 checkpoints:1 dangling:0 reported:0}; newly dangling: none; duplicate tool_use ids: []; duplicate root records: []; loud lines gained: 0
          artifact: C:\Users\Quant\AppData\Local\Temp\TestFault_Lifecyclecompaction_manual2179626910\001\lifecycle_compaction_manual.json
=== RUN   TestFault_Lifecycle/compaction_auto
    lifecycle_test.go:79: fault lifecycle_compaction_auto: recovered — every hook exited 0 with parseable stdout, the index gained no duplicate tool_use record, and the event sequence left no dangling reference
          boundary: PreCompact trigger: auto, then SessionStart source: compact
          seed:     turn, PreCompact(trigger:auto), SessionStart(compact), turn (toolu_fault_compaction_auto_02)
          dangling: 0→0
          detail:   audit before {tool_uses:16 roots:13 sidecars:24 checkpoints:1 dangling:0 reported:0}; after {tool_uses:20 roots:16 sidecars:30 checkpoints:2 dangling:0 reported:0}; newly dangling: none; duplicate tool_use ids: []; duplicate root records: []; loud lines gained: 1
          artifact: C:\Users\Quant\AppData\Local\Temp\TestFault_Lifecyclecompaction_auto1865709019\001\lifecycle_compaction_auto.json
=== RUN   TestFault_Lifecycle/compaction_failed
    lifecycle_test.go:79: fault lifecycle_compaction_failed: recovered — every hook exited 0 with parseable stdout, the index gained no duplicate tool_use record, and the event sequence left no dangling reference
          boundary: PreCompact with no compact SessionStart at all
          seed:     turn, PreCompact(auto), NO SessionStart(compact), turn (toolu_fault_compaction_failed_02)
          dangling: 0→0
          detail:   audit before {tool_uses:20 roots:16 sidecars:30 checkpoints:2 dangling:0 reported:0}; after {tool_uses:24 roots:19 sidecars:36 checkpoints:3 dangling:0 reported:0}; newly dangling: none; duplicate tool_use ids: []; duplicate root records: []; loud lines gained: 0
          artifact: C:\Users\Quant\AppData\Local\Temp\TestFault_Lifecyclecompaction_failed2578303188\001\lifecycle_compaction_failed.json
=== RUN   TestFault_Lifecycle/compaction_crossed
    lifecycle_test.go:79: fault lifecycle_compaction_crossed: recovered — every hook exited 0 with parseable stdout, the index gained no duplicate tool_use record, and the event sequence left no dangling reference
          boundary: PreCompact whose compact SessionStart arrives for ANOTHER session id
          seed:     PreCompact on sess-fault-compaction-crossed, SessionStart(compact) on sess-fault-compaction-crossed-other, turn (toolu_fault_compaction_crossed_02)
          dangling: 0→0
          detail:   audit before {tool_uses:24 roots:19 sidecars:36 checkpoints:3 dangling:0 reported:0}; after {tool_uses:28 roots:22 sidecars:42 checkpoints:3 dangling:0 reported:0}; newly dangling: none; duplicate tool_use ids: []; duplicate root records: []; loud lines gained: 2
          artifact: C:\Users\Quant\AppData\Local\Temp\TestFault_Lifecyclecompaction_crossed1584306553\001\lifecycle_compaction_crossed.json
=== RUN   TestFault_Lifecycle/duplicate_tool_use
    lifecycle_test.go:79: fault lifecycle_duplicate_tool_use: recovered — every hook exited 0 with parseable stdout, the index gained no duplicate tool_use record, and the event sequence left no dangling reference
          boundary: the same tool_use_id delivered twice
          seed:     the identical PostToolUse payload for toolu_fault_duplicate_tool_use_01 delivered twice
          dangling: 0→0
          detail:   audit before {tool_uses:28 roots:22 sidecars:42 checkpoints:3 dangling:0 reported:0}; after {tool_uses:29 roots:23 sidecars:44 checkpoints:3 dangling:0 reported:0}; newly dangling: none; duplicate tool_use ids: []; duplicate root records: []; loud lines gained: 1
          artifact: C:\Users\Quant\AppData\Local\Temp\TestFault_Lifecycleduplicate_tool_use1969564214\001\lifecycle_duplicate_tool_use.json
=== RUN   TestFault_Lifecycle/duplicate_precompact
    lifecycle_test.go:79: fault lifecycle_duplicate_precompact: recovered — every hook exited 0 with parseable stdout, the index gained no duplicate tool_use record, and the event sequence left no dangling reference
          boundary: the same PreCompact delivered twice
          seed:     the identical PreCompact payload delivered twice
          dangling: 0→0
          detail:   audit before {tool_uses:29 roots:23 sidecars:44 checkpoints:3 dangling:0 reported:0}; after {tool_uses:31 roots:25 sidecars:47 checkpoints:3 dangling:0 reported:0}; newly dangling: none; duplicate tool_use ids: []; duplicate root records: []; loud lines gained: 1
          artifact: C:\Users\Quant\AppData\Local\Temp\TestFault_Lifecycleduplicate_precompact1593294836\001\lifecycle_duplicate_precompact.json
=== RUN   TestFault_Lifecycle/missing_turn
    lifecycle_test.go:79: fault lifecycle_missing_turn: recovered — every hook exited 0 with parseable stdout, the index gained no duplicate tool_use record, and the event sequence left no dangling reference
          boundary: a turn the host never delivered, followed by the next one
          seed:     turn toolu_fault_missing_turn_01 and turn toolu_fault_missing_turn_03 delivered; the turn between them never was. An undelivered turn leaves no trace for the product to detect, so the row measures that the turns either side of the hole are intact rather than that the hole was noticed
          dangling: 0→0
          detail:   audit before {tool_uses:31 roots:25 sidecars:47 checkpoints:3 dangling:0 reported:0}; after {tool_uses:35 roots:28 sidecars:53 checkpoints:3 dangling:0 reported:0}; newly dangling: none; duplicate tool_use ids: []; duplicate root records: []; loud lines gained: 1
          artifact: C:\Users\Quant\AppData\Local\Temp\TestFault_Lifecyclemissing_turn985566769\001\lifecycle_missing_turn.json
=== RUN   TestFault_Lifecycle/out_of_order_precompact
    lifecycle_test.go:79: fault lifecycle_out_of_order_precompact: recovered — every hook exited 0 with parseable stdout, the index gained no duplicate tool_use record, and the event sequence left no dangling reference
          boundary: PreCompact before the tool events it would summarise
          seed:     PreCompact before any tool event, then the turn (toolu_fault_out_of_order_precompact_01) it would have summarised
          dangling: 0→0
          detail:   audit before {tool_uses:35 roots:28 sidecars:53 checkpoints:3 dangling:0 reported:0}; after {tool_uses:37 roots:30 sidecars:56 checkpoints:3 dangling:0 reported:0}; newly dangling: none; duplicate tool_use ids: []; duplicate root records: []; loud lines gained: 1
          artifact: C:\Users\Quant\AppData\Local\Temp\TestFault_Lifecycleout_of_order_precompact3439751697\001\lifecycle_out_of_order_precompact.json
=== RUN   TestFault_Lifecycle/out_of_order_sessionend
    lifecycle_test.go:79: fault lifecycle_out_of_order_sessionend: recovered — every hook exited 0 with parseable stdout, the index gained no duplicate tool_use record, and the event sequence left no dangling reference
          boundary: SessionEnd before Stop
          seed:     tool event toolu_fault_out_of_order_sessionend_01, SessionEnd, then the Stop that should have come first
          dangling: 0→0
          detail:   audit before {tool_uses:37 roots:30 sidecars:56 checkpoints:3 dangling:0 reported:0}; after {tool_uses:38 roots:31 sidecars:58 checkpoints:3 dangling:0 reported:0}; newly dangling: none; duplicate tool_use ids: []; duplicate root records: []; loud lines gained: 1
          artifact: C:\Users\Quant\AppData\Local\Temp\TestFault_Lifecycleout_of_order_sessionend352319597\001\lifecycle_out_of_order_sessionend.json
=== RUN   TestFault_Lifecycle/frontier_state_is_explicit
    lifecycle_test.go:148: fault lifecycle_frontier_state_is_explicit: recovered — the frontier state is explicit and self-consistent after thirteen lifecycle sequences: 3 checkpoint artifact(s), the same 3 recorded in MANIFEST.jsonl, and no dangling reference anywhere under .qompack/
          boundary: the frontier and checkpoint state after the whole lifecycle matrix
          seed:     status --json and self-test --json taken with the matrix's daemon still up, checkpoint List against the artifacts on disk, and a full store audit
          dangling: 0→0
          detail:   status gaps: [counter contract.degrade=7 loud_tail: ts=2026-09-26T22:27:39.1195914Z level=loud msg="contract: degrading to passive recording" mode=degraded-passive reason="critical host-contract failure: hook.additional_context_delivered (expected \"additionalContext reaches the transcript\", observed \"sentinel not found after two chances\")" failed=hook.additional_context_delivered/critical,mcp.server_registered/info
         loud_tail: ts=2026-09-26T22:27:40.5200165Z level=loud msg="contract: degrading to passive recording" mode=degraded-passive reason="critical host-contract failure: hook.additional_context_delivered (expected \"additionalContext reaches the transcript\", observed \"sentinel not found after two chances\")" failed=hook.additional_context_delivered/critical,mcp.server_registered/info
         loud_tail: ts=2026-09-26T22:27:42.0053794Z level=loud msg="contract: degrading to passive recording" mode=degraded-passive reason="critical host-contract failure: hook.additional_context_delivered (expected \"additionalContext reaches the transcript\", observed \"sentinel not found after two chances\")" failed=hook.additional_context_delivered/critical,mcp.server_registered/info
         loud_tail: ts=2026-09-26T22:27:43.7295698Z level=loud msg="contract: degrading to passive recording" mode=degraded-passive reason="critical host-contract failure: hook.additional_context_delivered (expected \"additionalContext reaches the transcript\", observed \"sentinel not found after two chances\")" failed=hook.additional_context_delivered/critical,mcp.server_registered/info
         loud_tail: ts=2026-09-26T22:27:46.6394418Z level=loud msg="contract: degrading to passive recording" mode=degraded-passive reason="critical host-contract failure: hook.additional_context_delivered (expected \"additionalContext reaches the transcript\", observed \"sentinel not found after two chances\")" failed=hook.additional_context_delivered/critical,mcp.server_registered/info
         spool_files=1]
        self-test failures: []
        loud lines: 8; day-log warnings: 15
        checkpoint artifacts on disk: [0001.json 0003.json 0005.json]; manifest lists: [1 3 5] (err <nil>)
        audit: {tool_uses:38 roots:31 sidecars:58 checkpoints:3 dangling:0 reported:0}
          artifact: C:\Users\Quant\AppData\Local\Temp\TestFault_Lifecyclefrontier_state_is_explicit2861784553\001\lifecycle_frontier_state_is_explicit.json
--- PASS: TestFault_Lifecycle (30.90s)
    --- PASS: TestFault_Lifecycle/startup (2.05s)
    --- PASS: TestFault_Lifecycle/resume (2.22s)
    --- PASS: TestFault_Lifecycle/fork (1.46s)
    --- PASS: TestFault_Lifecycle/clear (2.10s)
    --- PASS: TestFault_Lifecycle/compaction_manual (2.18s)
    --- PASS: TestFault_Lifecycle/compaction_auto (2.56s)
    --- PASS: TestFault_Lifecycle/compaction_failed (2.25s)
    --- PASS: TestFault_Lifecycle/compaction_crossed (2.54s)
    --- PASS: TestFault_Lifecycle/duplicate_tool_use (1.35s)
    --- PASS: TestFault_Lifecycle/duplicate_precompact (1.51s)
    --- PASS: TestFault_Lifecycle/missing_turn (1.53s)
    --- PASS: TestFault_Lifecycle/out_of_order_precompact (2.67s)
    --- PASS: TestFault_Lifecycle/out_of_order_sessionend (2.03s)
    --- PASS: TestFault_Lifecycle/frontier_state_is_explicit (0.63s)
=== RUN   TestFault_PublicationBoundaries
=== RUN   TestFault_PublicationBoundaries/object_written_index_line_absent
    publication_test.go:71: fault object_written_index_line_absent: explicit_incomplete — 2 reference(s) the cut introduced still do not resolve, and the product reports the degradation on LOUD.log+status --json+day log (warn): daylog[1]: qompack-20260926.log: ts=2026-09-26T22:27:55.9420444Z level=loud msg="daemon: unpublished captures or unindexed objects found at startup" unpublished_captures=0 unindexed_object_candidates=1 pending_objects=0 captures_scanned=3 objects_scan…; loud[1]: ts=2026-09-26T22:27:55.9420444Z level=loud msg="daemon: unpublished captures or unindexed objects found at startup" unpublished_captures=0 unindexed_object_candidates=1 pending_objects=0 captures_scanned=3 objects_scanned=3 incomplete=false…; status[1]: loud_tail: ts=2026-09-26T22:27:55.9420444Z level=loud msg="daemon: unpublished captures or unindexed objects found at startup" unpublished_captures=0 unindexed_object_candidates=1 pending_objects=0 captures_scanned=3 objects_scanned=3 incom…; surfaces LOUD.log+status --json+day log (warn)
          boundary: object written but index line absent
          seed:     a real session's last index/roots.jsonl line is removed while its objects stay on disk — the state daemon/delivery_crash_test.go's cut between the durable object and the reference produces in process
          dangling: 0→2
          detail:   cut: removed the last of 3 index/roots.jsonl lines; objects untouched
        everything the surfaces gained: daylog[2]: qompack-20260926.log: ts=2026-09-26T22:27:55.9420444Z level=loud msg="daemon: unpublished captures or unindexed objects found at startup" unpublished_captures=0 unindexed_object_candidates=1 pending_objects=0 captures_scanned=3 objects_scan…; loud[1]: ts=2026-09-26T22:27:55.9420444Z level=loud msg="daemon: unpublished captures or unindexed objects found at startup" unpublished_captures=0 unindexed_object_candidates=1 pending_objects=0 captures_scanned=3 objects_scanned=3 incomplete=false…; status[2]: loud_tail: ts=2026-09-26T22:27:55.9420444Z level=loud msg="daemon: unpublished captures or unindexed objects found at startup" unpublished_captures=0 unindexed_object_candidates=1 pending_objects=0 captures_scanned=3 objects_scanned=3 incom…; surfaces LOUD.log+status --json+day log (warn)
        of which naming this cut (roots.jsonl, badline, index, root, resolve, unindexed): daylog[1]: qompack-20260926.log: ts=2026-09-26T22:27:55.9420444Z level=loud msg="daemon: unpublished captures or unindexed objects found at startup" unpublished_captures=0 unindexed_object_candidates=1 pending_objects=0 captures_scanned=3 objects_scan…; loud[1]: ts=2026-09-26T22:27:55.9420444Z level=loud msg="daemon: unpublished captures or unindexed objects found at startup" unpublished_captures=0 unindexed_object_candidates=1 pending_objects=0 captures_scanned=3 objects_scanned=3 incomplete=false…; status[1]: loud_tail: ts=2026-09-26T22:27:55.9420444Z level=loud msg="daemon: unpublished captures or unindexed objects found at startup" unpublished_captures=0 unindexed_object_candidates=1 pending_objects=0 captures_scanned=3 objects_scanned=3 incom…; surfaces LOUD.log+status --json+day log (warn)
        audit before {tool_uses:3 roots:3 sidecars:3 checkpoints:0 dangling:0 reported:0}
        audit after  {tool_uses:4 roots:3 sidecars:4 checkpoints:0 dangling:2 reported:0}
        degradation (new since the cut): daylog[1]: qompack-20260926.log: ts=2026-09-26T22:27:55.9420444Z level=loud msg="daemon: unpublished captures or unindexed objects found at startup" unpublished_captures=0 unindexed_object_candidates=1 pending_objects=0 captures_scanned=3 objects_scan…; loud[1]: ts=2026-09-26T22:27:55.9420444Z level=loud msg="daemon: unpublished captures or unindexed objects found at startup" unpublished_captures=0 unindexed_object_candidates=1 pending_objects=0 captures_scanned=3 objects_scanned=3 incomplete=false…; status[1]: loud_tail: ts=2026-09-26T22:27:55.9420444Z level=loud msg="daemon: unpublished captures or unindexed objects found at startup" unpublished_captures=0 unindexed_object_candidates=1 pending_objects=0 captures_scanned=3 objects_scanned=3 incom…; surfaces LOUD.log+status --json+day log (warn)
        newly dangling: tool_use_root(toolu_fault_object_written_index_line_absent_02): tool_use toolu_fault_object_written_index_line_absent_02 points at root 8152211d8f49, which cannot be materialized; capture_bytes_absent(toolu_fault_object_written_index_line_absent_02): published capture sidecar names root 8152211d8f49, which does not resolve
        newly reported: none
        remaining dangling after recovery: tool_use_root(toolu_fault_object_written_index_line_absent_02): tool_use toolu_fault_object_written_index_line_absent_02 points at root 8152211d8f49, which cannot be materialized; capture_bytes_absent(toolu_fault_object_written_index_line_absent_02): published capture sidecar names root 8152211d8f49, which does not resolve
          artifact: C:\Users\Quant\AppData\Local\Temp\TestFault_PublicationBoundariesobject_written_index_line_absent1237729904\001\object_written_index_line_absent.json
=== RUN   TestFault_PublicationBoundaries/roots_last_line_truncated
    publication_test.go:71: fault roots_last_line_truncated: explicit_incomplete — 3 reference(s) the cut introduced still do not resolve, and the product reports the degradation on status --json+day log (warn): daylog[1]: qompack-20260926.log: ts=2026-09-26T22:28:05.1367652Z level=warn msg="store: skipped malformed index lines" file=roots.jsonl lines=1; status[1]: counter store.index.badline=1; surfaces status --json+day log (warn)
          boundary: roots.jsonl last line truncated mid-record
          seed:     index/roots.jsonl is truncated inside its final record, the torn-write shape store/fsstore's loadRoots counts as store.index.badline
          dangling: 0→3
          detail:   cut: truncated roots.jsonl from 3705 to 3680 bytes, inside its final record
        everything the surfaces gained: daylog[3]: qompack-20260926.log: ts=2026-09-26T22:28:05.1367652Z level=warn msg="store: skipped malformed index lines" file=roots.jsonl lines=1; loud[1]: ts=2026-09-26T22:28:05.371532Z level=loud msg="daemon: unpublished captures or unindexed objects found at startup" unpublished_captures=0 unindexed_object_candidates=1 pending_objects=0 captures_scanned=3 objects_scanned=3 incomplete=false …; status[2]: counter store.index.badline=1; surfaces LOUD.log+status --json+day log (warn)
        of which naming this cut (roots.jsonl, badline, malformed index): daylog[1]: qompack-20260926.log: ts=2026-09-26T22:28:05.1367652Z level=warn msg="store: skipped malformed index lines" file=roots.jsonl lines=1; status[1]: counter store.index.badline=1; surfaces status --json+day log (warn)
        audit before {tool_uses:3 roots:3 sidecars:3 checkpoints:0 dangling:0 reported:0}
        audit after  {tool_uses:4 roots:3 sidecars:4 checkpoints:0 dangling:3 reported:0}
        degradation (new since the cut): daylog[1]: qompack-20260926.log: ts=2026-09-26T22:28:05.1367652Z level=warn msg="store: skipped malformed index lines" file=roots.jsonl lines=1; status[1]: counter store.index.badline=1; surfaces status --json+day log (warn)
        newly dangling: index_bad_line(roots.jsonl:3): line does not parse as a roots record: unexpected end of JSON input; tool_use_root(toolu_fault_roots_last_line_truncated_02): tool_use toolu_fault_roots_last_line_truncated_02 points at root 8152211d8f49, which cannot be materialized; capture_bytes_absent(toolu_fault_roots_last_line_truncated_02): published capture sidecar names root 8152211d8f49, which does not resolve
        newly reported: none
        remaining dangling after recovery: index_bad_line(roots.jsonl:3): line does not parse as a roots record: unexpected end of JSON input; tool_use_root(toolu_fault_roots_last_line_truncated_02): tool_use toolu_fault_roots_last_line_truncated_02 points at root 8152211d8f49, which cannot be materialized; capture_bytes_absent(toolu_fault_roots_last_line_truncated_02): published capture sidecar names root 8152211d8f49, which does not resolve
          artifact: C:\Users\Quant\AppData\Local\Temp\TestFault_PublicationBoundariesroots_last_line_truncated1331801415\001\roots_last_line_truncated.json
=== RUN   TestFault_PublicationBoundaries/tool_use_truncated
    publication_test.go:71: fault tool_use_truncated: explicit_incomplete — 1 reference(s) the cut introduced still do not resolve, and the product reports the degradation on status --json+day log (warn): daylog[1]: qompack-20260926.log: ts=2026-09-26T22:28:15.6654706Z level=warn msg="store: skipped malformed tool_use index lines" file=C:\Users\Quant\AppData\Local\Temp\qompack-fault-784228330\proj\.qompack\index\tool_use.jsonl lines=1; status[1]: counter store.index.badline=1; surfaces status --json+day log (warn)
          boundary: tool_use.jsonl truncated
          seed:     index/tool_use.jsonl is truncated inside its final record (the frozen wire shape testdata/golden/contracts/store/want/tool_use_line.jsonl pins)
          dangling: 0→1
          detail:   cut: truncated tool_use.jsonl from 4021 to 3996 bytes, inside its final record
        everything the surfaces gained: daylog[3]: qompack-20260926.log: ts=2026-09-26T22:28:15.6654706Z level=warn msg="store: skipped malformed tool_use index lines" file=C:\Users\Quant\AppData\Local\Temp\qompack-fault-784228330\proj\.qompack\index\tool_use.jsonl lines=1; loud[1]: ts=2026-09-26T22:28:15.8404534Z level=loud msg="daemon: publication accounting incomplete; a zero gap count is only a lower bound" captures_scanned=3 objects_scanned=3 truncated=false notes="observation publication remains incomplete"; status[2]: counter store.index.badline=1; surfaces LOUD.log+status --json+day log (warn)
        of which naming this cut (tool_use, badline, malformed): daylog[1]: qompack-20260926.log: ts=2026-09-26T22:28:15.6654706Z level=warn msg="store: skipped malformed tool_use index lines" file=C:\Users\Quant\AppData\Local\Temp\qompack-fault-784228330\proj\.qompack\index\tool_use.jsonl lines=1; status[1]: counter store.index.badline=1; surfaces status --json+day log (warn)
        audit before {tool_uses:3 roots:3 sidecars:3 checkpoints:0 dangling:0 reported:0}
        audit after  {tool_uses:3 roots:4 sidecars:4 checkpoints:0 dangling:1 reported:0}
        degradation (new since the cut): daylog[1]: qompack-20260926.log: ts=2026-09-26T22:28:15.6654706Z level=warn msg="store: skipped malformed tool_use index lines" file=C:\Users\Quant\AppData\Local\Temp\qompack-fault-784228330\proj\.qompack\index\tool_use.jsonl lines=1; status[1]: counter store.index.badline=1; surfaces status --json+day log (warn)
        newly dangling: index_bad_line(tool_use.jsonl:3): line does not parse as a tool_use record: unexpected end of JSON input
        newly reported: none
        remaining dangling after recovery: index_bad_line(tool_use.jsonl:3): line does not parse as a tool_use record: unexpected end of JSON input
          artifact: C:\Users\Quant\AppData\Local\Temp\TestFault_PublicationBoundariestool_use_truncated3964130440\001\tool_use_truncated.json
=== RUN   TestFault_PublicationBoundaries/capture_sidecar_stage_one_only
    publication_test.go:71: fault capture_sidecar_stage_one_only: explicit_incomplete — 1 reference(s) the cut introduced still do not resolve, and the product reports the degradation on LOUD.log+status --json+day log (warn): daylog[1]: qompack-20260926.log: ts=2026-09-26T22:28:24.7775962Z level=loud msg="daemon: unpublished captures or unindexed objects found at startup" unpublished_captures=1 unindexed_object_candidates=0 pending_objects=0 captures_scanned=3 objects_scan…; loud[1]: ts=2026-09-26T22:28:24.7775962Z level=loud msg="daemon: unpublished captures or unindexed objects found at startup" unpublished_captures=1 unindexed_object_candidates=0 pending_objects=0 captures_scanned=3 objects_scanned=3 incomplete=false…; status[1]: loud_tail: ts=2026-09-26T22:28:24.7775962Z level=loud msg="daemon: unpublished captures or unindexed objects found at startup" unpublished_captures=1 unindexed_object_candidates=0 pending_objects=0 captures_scanned=3 objects_scanned=3 incom…; surfaces LOUD.log+status --json+day log (warn)
          boundary: capture sidecar at stage 1 only (published:false)
          seed:     a real sidecar is rewritten to the state WriteCaptureSidecar leaves and LinkCaptureReference has not yet joined — store/capture_sidecar.go's own "crash between publication order's first two stages"
          dangling: 0→1
          detail:   cut: rewrote dd113294cedc79a7021874646d0a87d7fea7763e8315e435a447a744743e70c1.json to the real stage-1 shape: published:false, zero root, no tool_use_id, bytes_hash retained
        everything the surfaces gained: daylog[2]: qompack-20260926.log: ts=2026-09-26T22:28:24.7775962Z level=loud msg="daemon: unpublished captures or unindexed objects found at startup" unpublished_captures=1 unindexed_object_candidates=0 pending_objects=0 captures_scanned=3 objects_scan…; loud[1]: ts=2026-09-26T22:28:24.7775962Z level=loud msg="daemon: unpublished captures or unindexed objects found at startup" unpublished_captures=1 unindexed_object_candidates=0 pending_objects=0 captures_scanned=3 objects_scanned=3 incomplete=false…; status[1]: loud_tail: ts=2026-09-26T22:28:24.7775962Z level=loud msg="daemon: unpublished captures or unindexed objects found at startup" unpublished_captures=1 unindexed_object_candidates=0 pending_objects=0 captures_scanned=3 objects_scanned=3 incom…; surfaces LOUD.log+status --json+day log (warn)
        of which naming this cut (capture, sidecar, published, observation, unpublished): daylog[1]: qompack-20260926.log: ts=2026-09-26T22:28:24.7775962Z level=loud msg="daemon: unpublished captures or unindexed objects found at startup" unpublished_captures=1 unindexed_object_candidates=0 pending_objects=0 captures_scanned=3 objects_scan…; loud[1]: ts=2026-09-26T22:28:24.7775962Z level=loud msg="daemon: unpublished captures or unindexed objects found at startup" unpublished_captures=1 unindexed_object_candidates=0 pending_objects=0 captures_scanned=3 objects_scanned=3 incomplete=false…; status[1]: loud_tail: ts=2026-09-26T22:28:24.7775962Z level=loud msg="daemon: unpublished captures or unindexed objects found at startup" unpublished_captures=1 unindexed_object_candidates=0 pending_objects=0 captures_scanned=3 objects_scanned=3 incom…; surfaces LOUD.log+status --json+day log (warn)
        audit before {tool_uses:3 roots:3 sidecars:3 checkpoints:0 dangling:0 reported:0}
        audit after  {tool_uses:4 roots:4 sidecars:4 checkpoints:0 dangling:1 reported:0}
        degradation (new since the cut): daylog[1]: qompack-20260926.log: ts=2026-09-26T22:28:24.7775962Z level=loud msg="daemon: unpublished captures or unindexed objects found at startup" unpublished_captures=1 unindexed_object_candidates=0 pending_objects=0 captures_scanned=3 objects_scan…; loud[1]: ts=2026-09-26T22:28:24.7775962Z level=loud msg="daemon: unpublished captures or unindexed objects found at startup" unpublished_captures=1 unindexed_object_candidates=0 pending_objects=0 captures_scanned=3 objects_scanned=3 incomplete=false…; status[1]: loud_tail: ts=2026-09-26T22:28:24.7775962Z level=loud msg="daemon: unpublished captures or unindexed objects found at startup" unpublished_captures=1 unindexed_object_candidates=0 pending_objects=0 captures_scanned=3 objects_scanned=3 incom…; surfaces LOUD.log+status --json+day log (warn)
        newly dangling: capture_unpublished(sha256:dd113294cedc79a7021874646d0a87d7fea7763e8315e435a447a744743e70c1): capture sidecar for a observe.tool delivery is at stage 1 only: outcome "ok" with bytes 70b8a50eaa84 durable and no reference joined to it (root 000000000000)
        newly reported: none
        remaining dangling after recovery: capture_unpublished(sha256:dd113294cedc79a7021874646d0a87d7fea7763e8315e435a447a744743e70c1): capture sidecar for a observe.tool delivery is at stage 1 only: outcome "ok" with bytes 70b8a50eaa84 durable and no reference joined to it (root 000000000000)
          artifact: C:\Users\Quant\AppData\Local\Temp\TestFault_PublicationBoundariescapture_sidecar_stage_one_only126672344\001\capture_sidecar_stage_one_only.json
=== RUN   TestFault_PublicationBoundaries/checkpoint_orphan_artifact
    publication_test.go:71: fault checkpoint_orphan_artifact: explicit_incomplete — 1 reference(s) the cut introduced still do not resolve, and the product reports the degradation on LOUD.log+status --json+day log (warn): daylog[1]: qompack-20260926.log: ts=2026-09-26T22:28:33.0635829Z level=loud msg="checkpoint artifact present with no MANIFEST line; it is an orphan and is not used" artifact=0002.json path=C:\Users\Quant\AppData\Local\Temp\qompack-fault-1674543747\pro…; loud[1]: ts=2026-09-26T22:28:33.0635829Z level=loud msg="checkpoint artifact present with no MANIFEST line; it is an orphan and is not used" artifact=0002.json path=C:\Users\Quant\AppData\Local\Temp\qompack-fault-1674543747\proj\.qompack\checkpoints…; status[2]: counter checkpoint.manifest_mismatch=1; surfaces LOUD.log+status --json+day log (warn)
          boundary: checkpoint artifact present without its MANIFEST line (orphan)
          seed:     a second artifact is written beside the sealed one with no manifest line, the state finalize.go logs when CreateNew succeeded and AppendManifest did not; a real PreCompact through the installed binary sealed 1 artifact(s)
          dangling: 0→1
          detail:   cut: created checkpoints/0002.json with no MANIFEST.jsonl line
        everything the surfaces gained: daylog[2]: qompack-20260926.log: ts=2026-09-26T22:28:33.0635829Z level=loud msg="checkpoint artifact present with no MANIFEST line; it is an orphan and is not used" artifact=0002.json path=C:\Users\Quant\AppData\Local\Temp\qompack-fault-1674543747\pro…; loud[1]: ts=2026-09-26T22:28:33.0635829Z level=loud msg="checkpoint artifact present with no MANIFEST line; it is an orphan and is not used" artifact=0002.json path=C:\Users\Quant\AppData\Local\Temp\qompack-fault-1674543747\proj\.qompack\checkpoints…; status[3]: counter checkpoint.manifest_mismatch=1; surfaces LOUD.log+status --json+day log (warn)
        of which naming this cut (checkpoint, manifest, artifact, orphan): daylog[1]: qompack-20260926.log: ts=2026-09-26T22:28:33.0635829Z level=loud msg="checkpoint artifact present with no MANIFEST line; it is an orphan and is not used" artifact=0002.json path=C:\Users\Quant\AppData\Local\Temp\qompack-fault-1674543747\pro…; loud[1]: ts=2026-09-26T22:28:33.0635829Z level=loud msg="checkpoint artifact present with no MANIFEST line; it is an orphan and is not used" artifact=0002.json path=C:\Users\Quant\AppData\Local\Temp\qompack-fault-1674543747\proj\.qompack\checkpoints…; status[2]: counter checkpoint.manifest_mismatch=1; surfaces LOUD.log+status --json+day log (warn)
        audit before {tool_uses:3 roots:3 sidecars:3 checkpoints:1 dangling:0 reported:0}
        audit after  {tool_uses:4 roots:4 sidecars:4 checkpoints:1 dangling:1 reported:0}
        degradation (new since the cut): daylog[1]: qompack-20260926.log: ts=2026-09-26T22:28:33.0635829Z level=loud msg="checkpoint artifact present with no MANIFEST line; it is an orphan and is not used" artifact=0002.json path=C:\Users\Quant\AppData\Local\Temp\qompack-fault-1674543747\pro…; loud[1]: ts=2026-09-26T22:28:33.0635829Z level=loud msg="checkpoint artifact present with no MANIFEST line; it is an orphan and is not used" artifact=0002.json path=C:\Users\Quant\AppData\Local\Temp\qompack-fault-1674543747\proj\.qompack\checkpoints…; status[2]: counter checkpoint.manifest_mismatch=1; surfaces LOUD.log+status --json+day log (warn)
        newly dangling: orphan_artifact(0002.json): checkpoint artifact present with no checkpoints/MANIFEST.jsonl line (orphan)
        newly reported: none
        remaining dangling after recovery: orphan_artifact(0002.json): checkpoint artifact present with no checkpoints/MANIFEST.jsonl line (orphan)
          artifact: C:\Users\Quant\AppData\Local\Temp\TestFault_PublicationBoundariescheckpoint_orphan_artifact536111827\001\checkpoint_orphan_artifact.json
=== RUN   TestFault_PublicationBoundaries/checkpoint_manifest_artifact_missing
    publication_test.go:71: fault checkpoint_manifest_artifact_missing: explicit_incomplete — 1 reference(s) the cut introduced still do not resolve, and the product reports the degradation on LOUD.log+status --json+day log (warn): daylog[1]: qompack-20260926.log: ts=2026-09-26T22:28:41.5980426Z level=loud msg="checkpoint artifact missing; the manifest still claims it" artifact=0001.json seq=1 path=C:\Users\Quant\AppData\Local\Temp\qompack-fault-729677665\proj\.qompack\checkpoin…; loud[1]: ts=2026-09-26T22:28:41.5980426Z level=loud msg="checkpoint artifact missing; the manifest still claims it" artifact=0001.json seq=1 path=C:\Users\Quant\AppData\Local\Temp\qompack-fault-729677665\proj\.qompack\checkpoints\0001.json sha256=sh…; status[2]: counter checkpoint.manifest_mismatch=1; surfaces LOUD.log+status --json+day log (warn)
          boundary: MANIFEST line whose artifact is missing
          seed:     the sealed artifact is removed and its manifest line left in place (checkpoint/reader_test.go's ErrContract case); a real PreCompact through the installed binary sealed 1 artifact(s)
          dangling: 0→1
          detail:   cut: removed 0001.json, leaving its MANIFEST.jsonl line
        everything the surfaces gained: daylog[2]: qompack-20260926.log: ts=2026-09-26T22:28:41.5980426Z level=loud msg="checkpoint artifact missing; the manifest still claims it" artifact=0001.json seq=1 path=C:\Users\Quant\AppData\Local\Temp\qompack-fault-729677665\proj\.qompack\checkpoin…; loud[1]: ts=2026-09-26T22:28:41.5980426Z level=loud msg="checkpoint artifact missing; the manifest still claims it" artifact=0001.json seq=1 path=C:\Users\Quant\AppData\Local\Temp\qompack-fault-729677665\proj\.qompack\checkpoints\0001.json sha256=sh…; status[3]: counter checkpoint.manifest_mismatch=1; surfaces LOUD.log+status --json+day log (warn)
        of which naming this cut (checkpoint, manifest, artifact): daylog[1]: qompack-20260926.log: ts=2026-09-26T22:28:41.5980426Z level=loud msg="checkpoint artifact missing; the manifest still claims it" artifact=0001.json seq=1 path=C:\Users\Quant\AppData\Local\Temp\qompack-fault-729677665\proj\.qompack\checkpoin…; loud[1]: ts=2026-09-26T22:28:41.5980426Z level=loud msg="checkpoint artifact missing; the manifest still claims it" artifact=0001.json seq=1 path=C:\Users\Quant\AppData\Local\Temp\qompack-fault-729677665\proj\.qompack\checkpoints\0001.json sha256=sh…; status[2]: counter checkpoint.manifest_mismatch=1; surfaces LOUD.log+status --json+day log (warn)
        audit before {tool_uses:3 roots:3 sidecars:3 checkpoints:1 dangling:0 reported:0}
        audit after  {tool_uses:4 roots:4 sidecars:4 checkpoints:1 dangling:1 reported:0}
        degradation (new since the cut): daylog[1]: qompack-20260926.log: ts=2026-09-26T22:28:41.5980426Z level=loud msg="checkpoint artifact missing; the manifest still claims it" artifact=0001.json seq=1 path=C:\Users\Quant\AppData\Local\Temp\qompack-fault-729677665\proj\.qompack\checkpoin…; loud[1]: ts=2026-09-26T22:28:41.5980426Z level=loud msg="checkpoint artifact missing; the manifest still claims it" artifact=0001.json seq=1 path=C:\Users\Quant\AppData\Local\Temp\qompack-fault-729677665\proj\.qompack\checkpoints\0001.json sha256=sh…; status[2]: counter checkpoint.manifest_mismatch=1; surfaces LOUD.log+status --json+day log (warn)
        newly dangling: manifest_artifact(0001): checkpoints/MANIFEST.jsonl records this seq and its artifact is missing or does not re-hash to the recorded digest
        newly reported: none
        remaining dangling after recovery: manifest_artifact(0001): checkpoints/MANIFEST.jsonl records this seq and its artifact is missing or does not re-hash to the recorded digest
          artifact: C:\Users\Quant\AppData\Local\Temp\TestFault_PublicationBoundariescheckpoint_manifest_artifact_mis3055044331\001\checkpoint_manifest_artifact_missing.json
=== RUN   TestFault_PublicationBoundaries/checkpoint_manifest_digest_mismatch
    publication_test.go:71: fault checkpoint_manifest_digest_mismatch: explicit_incomplete — 1 reference(s) the cut introduced still do not resolve, and the product reports the degradation on LOUD.log+status --json+day log (warn): daylog[1]: qompack-20260926.log: ts=2026-09-26T22:28:48.328151Z level=loud msg="checkpoint artifact does not match its MANIFEST digest; the checkpoint is refused" artifact=0001.json seq=1 expected=sha256:4cce561491697ffad049dcbb358961e3be4daa8d707d04b…; loud[1]: ts=2026-09-26T22:28:48.328151Z level=loud msg="checkpoint artifact does not match its MANIFEST digest; the checkpoint is refused" artifact=0001.json seq=1 expected=sha256:4cce561491697ffad049dcbb358961e3be4daa8d707d04b19974351d56093794 obse…; status[2]: counter checkpoint.manifest_mismatch=1; surfaces LOUD.log+status --json+day log (warn)
          boundary: MANIFEST digest mismatch (flip one bit)
          seed:     one byte of the sealed artifact is flipped so it no longer re-hashes to its manifest line (§12.3 "checkpoint MANIFEST mismatch"); a real PreCompact through the installed binary sealed 1 artifact(s)
          dangling: 0→1
          detail:   cut: flipped one bit at offset 924 of 0001.json
        everything the surfaces gained: daylog[2]: qompack-20260926.log: ts=2026-09-26T22:28:48.328151Z level=loud msg="checkpoint artifact does not match its MANIFEST digest; the checkpoint is refused" artifact=0001.json seq=1 expected=sha256:4cce561491697ffad049dcbb358961e3be4daa8d707d04b…; loud[1]: ts=2026-09-26T22:28:48.328151Z level=loud msg="checkpoint artifact does not match its MANIFEST digest; the checkpoint is refused" artifact=0001.json seq=1 expected=sha256:4cce561491697ffad049dcbb358961e3be4daa8d707d04b19974351d56093794 obse…; status[3]: counter checkpoint.manifest_mismatch=1; surfaces LOUD.log+status --json+day log (warn)
        of which naming this cut (checkpoint, manifest, mismatch, digest): daylog[1]: qompack-20260926.log: ts=2026-09-26T22:28:48.328151Z level=loud msg="checkpoint artifact does not match its MANIFEST digest; the checkpoint is refused" artifact=0001.json seq=1 expected=sha256:4cce561491697ffad049dcbb358961e3be4daa8d707d04b…; loud[1]: ts=2026-09-26T22:28:48.328151Z level=loud msg="checkpoint artifact does not match its MANIFEST digest; the checkpoint is refused" artifact=0001.json seq=1 expected=sha256:4cce561491697ffad049dcbb358961e3be4daa8d707d04b19974351d56093794 obse…; status[2]: counter checkpoint.manifest_mismatch=1; surfaces LOUD.log+status --json+day log (warn)
        audit before {tool_uses:3 roots:3 sidecars:3 checkpoints:1 dangling:0 reported:0}
        audit after  {tool_uses:4 roots:4 sidecars:4 checkpoints:1 dangling:1 reported:0}
        degradation (new since the cut): daylog[1]: qompack-20260926.log: ts=2026-09-26T22:28:48.328151Z level=loud msg="checkpoint artifact does not match its MANIFEST digest; the checkpoint is refused" artifact=0001.json seq=1 expected=sha256:4cce561491697ffad049dcbb358961e3be4daa8d707d04b…; loud[1]: ts=2026-09-26T22:28:48.328151Z level=loud msg="checkpoint artifact does not match its MANIFEST digest; the checkpoint is refused" artifact=0001.json seq=1 expected=sha256:4cce561491697ffad049dcbb358961e3be4daa8d707d04b19974351d56093794 obse…; status[2]: counter checkpoint.manifest_mismatch=1; surfaces LOUD.log+status --json+day log (warn)
        newly dangling: manifest_artifact(0001): checkpoints/MANIFEST.jsonl records this seq and its artifact is missing or does not re-hash to the recorded digest
        newly reported: none
        remaining dangling after recovery: manifest_artifact(0001): checkpoints/MANIFEST.jsonl records this seq and its artifact is missing or does not re-hash to the recorded digest
          artifact: C:\Users\Quant\AppData\Local\Temp\TestFault_PublicationBoundariescheckpoint_manifest_digest_misma2725602175\001\checkpoint_manifest_digest_mismatch.json
=== RUN   TestFault_PublicationBoundaries/wal_segment_truncated
    publication_test.go:71: fault: killed daemon pid 11520 serving the fixture C:\Users\Quant\AppData\Local\Temp\qompack-fault-1892590575\proj
    publication_test.go:71: fault: aged C:\Users\Quant\AppData\Local\Temp\qompack-fault-1892590575\proj\.qompack\run\daemon.hb past the staleness window so the next daemon may reclaim the lock
    publication_test.go:71: fault wal_segment_truncated: explicit_incomplete — the cut introduced no silently dangling reference; what it did leave, the audit can name as reported: drain_gap(wal-sess-fault-wal-segment-truncated-burst.ndjson): pending: 6337 spool bytes not yet replayed
          boundary: WAL segment truncated mid-record
          seed:     a spool/wal-*.ndjson segment is truncated inside a record, the shape daemon/drain.go answers with DrainGapCorruptLine; a 6-delivery burst was cut by killing the daemon (killed=true) and the heartbeat aged past daemon.staleAfter so the next daemon may reclaim the lock, leaving 1 wal-* and 1 client-* spool file(s)
          dangling: 1→0
          detail:   cut: truncated wal-sess-fault-wal-segment-truncated-burst.ndjson from 38166 to 38142 bytes
        everything the surfaces gained: daylog[1]: qompack-20260926.log: ts=2026-09-26T22:28:58.1647719Z level=warn msg="store: segment closed without a tokens feature; Segment.Tokens stays zero permanently" segment=3 session=sess-fault-wal-segment-truncated-r; status[1]: spool_files=3; surfaces status --json+day log (warn)
        of which naming this cut (drain, spool, wal): status[1]: spool_files=3; surfaces status --json
        audit before {tool_uses:7 roots:4 sidecars:7 checkpoints:0 dangling:1 reported:0}
        audit after  {tool_uses:9 roots:5 sidecars:9 checkpoints:0 dangling:0 reported:1}
        degradation (new since the cut): status[1]: spool_files=3; surfaces status --json
        newly dangling: none
        newly reported: drain_gap(wal-sess-fault-wal-segment-truncated-burst.ndjson): pending: 6337 spool bytes not yet replayed
        remaining dangling after recovery: none
          artifact: C:\Users\Quant\AppData\Local\Temp\TestFault_PublicationBoundarieswal_segment_truncated1582377539\001\wal_segment_truncated.json
=== RUN   TestFault_PublicationBoundaries/client_spool_truncated
    publication_test.go:71: fault: qompack.exe [session-start] took 5.911s
    publication_test.go:71: fault: killed daemon pid 11188 serving the fixture C:\Users\Quant\AppData\Local\Temp\qompack-fault-3319197475\proj
    publication_test.go:71: fault: aged C:\Users\Quant\AppData\Local\Temp\qompack-fault-3319197475\proj\.qompack\run\daemon.hb past the staleness window so the next daemon may reclaim the lock
    publication_test.go:71: fault client_spool_truncated: explicit_incomplete — the cut introduced no silently dangling reference; what it did leave, the audit can name as reported: drain_gap(client-14372.ndjson): pending: 6344 spool bytes not yet replayed
          boundary: client spool truncated
          seed:     a spool/client-*.ndjson file is truncated inside a record; a 6-delivery burst was cut by killing the daemon (killed=true) and the heartbeat aged past daemon.staleAfter so the next daemon may reclaim the lock, leaving 1 wal-* and 6 client-* spool file(s)
          dangling: 1→0
          detail:   cut: truncated client-14372.ndjson from 6368 to 6344 bytes
        everything the surfaces gained: daylog[1]: qompack-20260926.log: ts=2026-09-26T22:29:25.368293Z level=warn msg="store: segment closed without a tokens feature; Segment.Tokens stays zero permanently" segment=3 session=sess-fault-client-spool-truncated-r; status[1]: spool_files=2; surfaces status --json+day log (warn)
        of which naming this cut (drain, spool, client): status[1]: spool_files=2; surfaces status --json
        audit before {tool_uses:7 roots:4 sidecars:7 checkpoints:0 dangling:1 reported:0}
        audit after  {tool_uses:10 roots:5 sidecars:10 checkpoints:0 dangling:0 reported:1}
        degradation (new since the cut): status[1]: spool_files=2; surfaces status --json
        newly dangling: none
        newly reported: drain_gap(client-14372.ndjson): pending: 6344 spool bytes not yet replayed
        remaining dangling after recovery: none
          artifact: C:\Users\Quant\AppData\Local\Temp\TestFault_PublicationBoundariesclient_spool_truncated35964629\001\client_spool_truncated.json
=== RUN   TestFault_PublicationBoundaries/stale_drain_progress
    publication_test.go:71: fault: killed daemon pid 36448 serving the fixture C:\Users\Quant\AppData\Local\Temp\qompack-fault-2939696235\proj
    publication_test.go:71: fault: aged C:\Users\Quant\AppData\Local\Temp\qompack-fault-2939696235\proj\.qompack\run\daemon.hb past the staleness window so the next daemon may reclaim the lock
    publication_test.go:71: fault stale_drain_progress: explicit_incomplete — 2 reference(s) the cut introduced still do not resolve, and the product reports the degradation on LOUD.log+status --json+day log (warn): daylog[3]: qompack-20260926.log: ts=2026-09-26T22:29:46.96213Z level=loud msg="daemon: drain refused; spooled deliveries are stranded until state/drain.json is replaced or removed" spool_files=3 err="daemon: drain: progress no longer matches spool"; loud[1]: ts=2026-09-26T22:29:46.96213Z level=loud msg="daemon: drain refused; spooled deliveries are stranded until state/drain.json is replaced or removed" spool_files=3 err="daemon: drain: progress no longer matches spool"; status[1]: loud_tail: ts=2026-09-26T22:29:46.96213Z level=loud msg="daemon: drain refused; spooled deliveries are stranded until state/drain.json is replaced or removed" spool_files=3 err="daemon: drain: progress no longer matches spool"; surfaces LOUD.log+status --json+day log (warn)
          boundary: stale drain.json
          seed:     state/drain.json is rewritten to claim durable bytes the spool no longer has, the wedge daemon/drain_stale_progress_test.go cuts at ten points in process; a 6-delivery burst was cut by killing the daemon (killed=true) and the heartbeat aged past daemon.staleAfter so the next daemon may reclaim the lock, leaving 1 wal-* and 2 client-* spool file(s)
          dangling: 1→3
          detail:   cut: doubled the recorded size and offset of 2 drain record(s): client-28676.ndjson,client-38712.ndjson
        everything the surfaces gained: daylog[5]: qompack-20260926.log: ts=2026-09-26T22:29:46.96213Z level=loud msg="daemon: drain refused; spooled deliveries are stranded until state/drain.json is replaced or removed" spool_files=3 err="daemon: drain: progress no longer matches spool"; loud[2]: ts=2026-09-26T22:29:46.96213Z level=loud msg="daemon: drain refused; spooled deliveries are stranded until state/drain.json is replaced or removed" spool_files=3 err="daemon: drain: progress no longer matches spool"; status[2]: loud_tail: ts=2026-09-26T22:29:46.96213Z level=loud msg="daemon: drain refused; spooled deliveries are stranded until state/drain.json is replaced or removed" spool_files=3 err="daemon: drain: progress no longer matches spool"; surfaces LOUD.log+status --json+day log (warn)
        of which naming this cut (drain, spool, progress): daylog[3]: qompack-20260926.log: ts=2026-09-26T22:29:46.96213Z level=loud msg="daemon: drain refused; spooled deliveries are stranded until state/drain.json is replaced or removed" spool_files=3 err="daemon: drain: progress no longer matches spool"; loud[1]: ts=2026-09-26T22:29:46.96213Z level=loud msg="daemon: drain refused; spooled deliveries are stranded until state/drain.json is replaced or removed" spool_files=3 err="daemon: drain: progress no longer matches spool"; status[1]: loud_tail: ts=2026-09-26T22:29:46.96213Z level=loud msg="daemon: drain refused; spooled deliveries are stranded until state/drain.json is replaced or removed" spool_files=3 err="daemon: drain: progress no longer matches spool"; surfaces LOUD.log+status --json+day log (warn)
        audit before {tool_uses:8 roots:4 sidecars:9 checkpoints:0 dangling:1 reported:1}
        audit after  {tool_uses:9 roots:5 sidecars:10 checkpoints:0 dangling:3 reported:0}
        degradation (new since the cut): daylog[3]: qompack-20260926.log: ts=2026-09-26T22:29:46.96213Z level=loud msg="daemon: drain refused; spooled deliveries are stranded until state/drain.json is replaced or removed" spool_files=3 err="daemon: drain: progress no longer matches spool"; loud[1]: ts=2026-09-26T22:29:46.96213Z level=loud msg="daemon: drain refused; spooled deliveries are stranded until state/drain.json is replaced or removed" spool_files=3 err="daemon: drain: progress no longer matches spool"; status[1]: loud_tail: ts=2026-09-26T22:29:46.96213Z level=loud msg="daemon: drain refused; spooled deliveries are stranded until state/drain.json is replaced or removed" spool_files=3 err="daemon: drain: progress no longer matches spool"; surfaces LOUD.log+status --json+day log (warn)
        newly dangling: drain_gap(client-38712.ndjson): spool file is 6358 bytes, below the 12716-byte durable bound the drain recorded: validateProgress refuses the spool over this; drain_gap(client-28676.ndjson): spool file is 6358 bytes, below the 12716-byte durable bound the drain recorded: validateProgress refuses the spool over this
        newly reported: none
        remaining dangling after recovery: capture_unpublished(sha256:9f20447e78807698361d2f6c36f8edc0c1944e94587fde2cfbd1b57361997f96): capture sidecar for a observe.tool delivery is at stage 1 only: outcome "ok" with bytes 960824588a11 durable and no reference joined to it (root 000000000000); drain_gap(client-38712.ndjson): spool file is 6358 bytes, below the 12716-byte durable bound the drain recorded: validateProgress refuses the spool over this; drain_gap(client-28676.ndjson): spool file is 6358 bytes, below the 12716-byte durable bound the drain recorded: validateProgress refuses the spool over this
          artifact: C:\Users\Quant\AppData\Local\Temp\TestFault_PublicationBoundariesstale_drain_progress1104204450\001\stale_drain_progress.json
=== RUN   TestFault_PublicationBoundaries/delivery_seal_torn_slot
    publication_test.go:71: fault: the recovery session sess-fault-delivery-seal-torn-slot-r was not ended within 30s of its flush hook; the degradation reading is taken without that end
    publication_test.go:71: fault delivery_seal_torn_slot: explicit_incomplete — the cut introduced no silently dangling reference; what it did leave, the audit can name as reported: drain_gap(client-44188.ndjson): pending: 933 spool bytes not yet replayed; drain_gap(wal-sess-fault-delivery-seal-torn-slot-r.ndjson): pending: 10678 spool bytes not yet replayed; drain_gap(client-20356.ndjson): pending: 9745 spool bytes not yet replayed
          boundary: delivery seal with one torn slot, and a half-present seal pair
          seed:     the delivery position files are torn the way daemon/delivery_seal_test.go's crash-reachable images are, then one side of the pair is removed entirely (delivery_seal_tool.go calls a half-present pair "a recovery decision, not a repair")
          dangling: 0→0
          detail:   cut: tore delivery-lease-position.json from 112 to 88 bytes; removed delivery-ack-position.json, leaving a half-present pair
        everything the surfaces gained: daylog[24]: qompack-20260926.log: ts=2026-09-26T22:29:54.142819Z level=loud msg="daemon: delivery identity unavailable; durable WAL retained for recovery"; loud[13]: ts=2026-09-26T22:29:54.142819Z level=loud msg="daemon: delivery identity unavailable; durable WAL retained for recovery"; status[7]: counter l0_delivery_unleased=2; surfaces LOUD.log+status --json+day log (warn)
        of which naming this cut (delivery, seal, delivery-lease-position, delivery-ack-position, unleased, unacknowledged): daylog[13]: qompack-20260926.log: ts=2026-09-26T22:29:54.142819Z level=loud msg="daemon: delivery identity unavailable; durable WAL retained for recovery"; loud[13]: ts=2026-09-26T22:29:54.142819Z level=loud msg="daemon: delivery identity unavailable; durable WAL retained for recovery"; status[6]: counter l0_delivery_unleased=2; surfaces LOUD.log+status --json+day log (warn)
        audit before {tool_uses:3 roots:3 sidecars:3 checkpoints:0 dangling:0 reported:0}
        audit after  {tool_uses:3 roots:3 sidecars:3 checkpoints:0 dangling:0 reported:3}
        degradation (new since the cut): daylog[13]: qompack-20260926.log: ts=2026-09-26T22:29:54.142819Z level=loud msg="daemon: delivery identity unavailable; durable WAL retained for recovery"; loud[13]: ts=2026-09-26T22:29:54.142819Z level=loud msg="daemon: delivery identity unavailable; durable WAL retained for recovery"; status[6]: counter l0_delivery_unleased=2; surfaces LOUD.log+status --json+day log (warn)
        newly dangling: none
        newly reported: drain_gap(client-44188.ndjson): pending: 933 spool bytes not yet replayed; drain_gap(wal-sess-fault-delivery-seal-torn-slot-r.ndjson): pending: 10678 spool bytes not yet replayed; drain_gap(client-20356.ndjson): pending: 9745 spool bytes not yet replayed
        remaining dangling after recovery: none
          artifact: C:\Users\Quant\AppData\Local\Temp\TestFault_PublicationBoundariesdelivery_seal_torn_slot3089578805\001\delivery_seal_torn_slot.json
=== RUN   TestFault_PublicationBoundaries/retention_roots_truncated
    publication_test.go:71: fault: qompack.exe [session-start] took 5.462s
    publication_test.go:71: fault: a daemon answered C:\Users\Quant\AppData\Local\Temp\qompack-fault-1138956203\proj after 2.298s
    publication_test.go:71: fault retention_roots_truncated: explicit_incomplete — 1 reference(s) the cut introduced still do not resolve, and the product reports the degradation on LOUD.log+status --json+day log (warn): daylog[2]: qompack-20260926.log: ts=2026-09-26T22:31:17.762439Z level=loud msg="store: retention-roots line unreadable; everything it names is retained under the blanket rollback class rather than its declared one" file=retention-roots.jsonl class=rol…; loud[1]: ts=2026-09-26T22:31:17.762439Z level=loud msg="store: retention-roots line unreadable; everything it names is retained under the blanket rollback class rather than its declared one" file=retention-roots.jsonl class=rollback; status[2]: counter store.retention_roots_badline=1; surfaces LOUD.log+status --json+day log (warn)
          boundary: retention-roots file truncated
          seed:     state/retention-roots.jsonl is truncated mid-record, then a forced GC pass is run to measure what that actually costs (declaredRetentionLine retains everything on a line it cannot parse; only an in-process source failure stops a pass)
          dangling: 0→1
          detail:   cut: truncated retention-roots.jsonl from 603 to 578 bytes, inside its final record
        everything the surfaces gained: daylog[3]: qompack-20260926.log: ts=2026-09-26T22:31:17.1771372Z level=warn msg="store: segment closed without a tokens feature; Segment.Tokens stays zero permanently" segment=2 session=sess-fault-retention-roots-truncated-r; loud[1]: ts=2026-09-26T22:31:17.762439Z level=loud msg="store: retention-roots line unreadable; everything it names is retained under the blanket rollback class rather than its declared one" file=retention-roots.jsonl class=rollback; status[3]: counter store.retention_roots_badline=1; surfaces LOUD.log+status --json+day log (warn)
        of which naming this cut (retention, retention-roots.jsonl, collect): daylog[2]: qompack-20260926.log: ts=2026-09-26T22:31:17.762439Z level=loud msg="store: retention-roots line unreadable; everything it names is retained under the blanket rollback class rather than its declared one" file=retention-roots.jsonl class=rol…; loud[1]: ts=2026-09-26T22:31:17.762439Z level=loud msg="store: retention-roots line unreadable; everything it names is retained under the blanket rollback class rather than its declared one" file=retention-roots.jsonl class=rollback; status[2]: counter store.retention_roots_badline=1; surfaces LOUD.log+status --json+day log (warn)
        measured: a forced GC pass (RetainDays -1, RetainSessions -1) over the torn retention-roots.jsonl completed: RetentionRootsError=true, scanned 0 object(s), deleted 0, retained 0 root(s) of which 0 under the blanket `rollback` class that gcrun.go's declaredRetentionLine gives an unparseable line. Collection was NOT stopped, so round 1's claim that a torn file makes GC collect nothing is refuted by measurement; whether this particular torn line also OVER-retained depends on whether its surviving hash-shaped tokens name anything live, and the blanket count above is what says so for this fixture
        audit before {tool_uses:3 roots:3 sidecars:3 checkpoints:0 dangling:0 reported:0}
        audit after  {tool_uses:4 roots:4 sidecars:4 checkpoints:0 dangling:1 reported:1}
        degradation (new since the cut): daylog[2]: qompack-20260926.log: ts=2026-09-26T22:31:17.762439Z level=loud msg="store: retention-roots line unreadable; everything it names is retained under the blanket rollback class rather than its declared one" file=retention-roots.jsonl class=rol…; loud[1]: ts=2026-09-26T22:31:17.762439Z level=loud msg="store: retention-roots line unreadable; everything it names is retained under the blanket rollback class rather than its declared one" file=retention-roots.jsonl class=rollback; status[2]: counter store.retention_roots_badline=1; surfaces LOUD.log+status --json+day log (warn)
        newly dangling: retention_root(retention-roots.jsonl:3): retention root line does not parse: invalid character 'h' after object key:value pair
        newly reported: drain_gap(client-39144.ndjson): pending: 232 spool bytes not yet replayed
        remaining dangling after recovery: retention_root(retention-roots.jsonl:3): retention root line does not parse: invalid character 'h' after object key:value pair
          artifact: C:\Users\Quant\AppData\Local\Temp\TestFault_PublicationBoundariesretention_roots_truncated2917473194\001\retention_roots_truncated.json
=== RUN   TestFault_PublicationBoundaries/state_bin_corrupt
    publication_test.go:71: fault state_bin_corrupt: recovered — the cut introduced no dangling reference, none remains anywhere under .qompack/, and the product went on recording: the recovery session's own observation was indexed.
          boundary: state.bin corrupt
          seed:     the `state-corrupt` QOMPACK_FAULT site, which writes 32 random bytes into run/state.bin from a real hook process (internal/cli/fault.go)
          dangling: 0→0
          detail:   cut: the state-corrupt site rewrote run/state.bin (32 bytes)
        everything the surfaces gained: daylog[1]: qompack-20260926.log: ts=2026-09-26T22:31:27.3447535Z level=loud msg="contract: degrading to passive recording" mode=degraded-passive reason="critical host-contract failure: hook.additional_context_delivered (expected \"additionalContext re…; loud[1]: ts=2026-09-26T22:31:27.3447535Z level=loud msg="contract: degrading to passive recording" mode=degraded-passive reason="critical host-contract failure: hook.additional_context_delivered (expected \"additionalContext reaches the transcript\"…; status[3]: counter contract.degrade=1; surfaces LOUD.log+status --json+day log (warn)
        of which naming this cut (state, state.bin): nothing new on LOUD.log, status --json, self-test --json, the day log or a DropEntry
        note (INFERENCE, not a measurement): run/state.bin holds the host-contract observations, so the `contract: degrading to passive recording` LOUD line this session emits is a PLAUSIBLE consequence of the corruption — and this row did not establish that it is one. The identical line appears in lifecycle_frontier_state_is_explicit, which cuts nothing at all. The chain (state.bin corrupt → the contract observation is lost → the self-check fails → passive) is read off the message text; what was MEASURED is that the cut left no dangling reference and recording resumed.
        audit before {tool_uses:3 roots:3 sidecars:3 checkpoints:0 dangling:0 reported:0}
        audit after  {tool_uses:5 roots:5 sidecars:5 checkpoints:0 dangling:0 reported:0}
        degradation (new since the cut): nothing new on LOUD.log, status --json, self-test --json, the day log or a DropEntry
        newly dangling: none
        newly reported: none
        remaining dangling after recovery: none
          artifact: C:\Users\Quant\AppData\Local\Temp\TestFault_PublicationBoundariesstate_bin_corrupt2371462611\001\state_bin_corrupt.json
=== RUN   TestFault_PublicationBoundaries/config_json_corrupt
    publication_test.go:71: fault: no daemon answered C:\Users\Quant\AppData\Local\Temp\qompack-fault-1887049893\proj within 1m0s (lock pid 0, held=false)
    publication_test.go:71: fault: the recovery session sess-fault-config-json-corrupt-r was not ended within 30s of its flush hook; the degradation reading is taken without that end
    publication_test.go:71: fault config_json_corrupt: explicit_incomplete — the cut introduced no dangling reference; recording did not resume within the bound and the product says so on LOUD.log+self-test --json+day log (warn): daylog[2]: qompack-20260926.log: ts=2026-09-26T22:33:12.8257015Z level=loud msg="configuration unusable, using defaults" message="unparseable config: unexpected end of JSON input" location=C:\Users\Quant\AppData\Local\Temp\qompack-fault-1887049893\pro…; loud[2]: ts=2026-09-26T22:33:12.8257015Z level=loud msg="configuration unusable, using defaults" message="unparseable config: unexpected end of JSON input" location=C:\Users\Quant\AppData\Local\Temp\qompack-fault-1887049893\proj\.qompack\config.json; self-test[1]: config.capture(severity 2): refused: every hook admits nothing; surfaces LOUD.log+self-test --json+day log (warn)
          boundary: config.json corrupt
          seed:     the `config-corrupt` QOMPACK_FAULT site, which writes truncated JSON into .qompack/config.json from a real hook process (internal/cli/fault.go)
          dangling: 0→0
          detail:   cut: .qompack/config.json holds 25 bytes of unparseable JSON
        everything the surfaces gained: daylog[2]: qompack-20260926.log: ts=2026-09-26T22:33:12.8257015Z level=loud msg="configuration unusable, using defaults" message="unparseable config: unexpected end of JSON input" location=C:\Users\Quant\AppData\Local\Temp\qompack-fault-1887049893\pro…; loud[2]: ts=2026-09-26T22:33:12.8257015Z level=loud msg="configuration unusable, using defaults" message="unparseable config: unexpected end of JSON input" location=C:\Users\Quant\AppData\Local\Temp\qompack-fault-1887049893\proj\.qompack\config.json; self-test[1]: config.capture(severity 2): refused: every hook admits nothing; surfaces LOUD.log+self-test --json+day log (warn)
        of which naming this cut (config): daylog[2]: qompack-20260926.log: ts=2026-09-26T22:33:12.8257015Z level=loud msg="configuration unusable, using defaults" message="unparseable config: unexpected end of JSON input" location=C:\Users\Quant\AppData\Local\Temp\qompack-fault-1887049893\pro…; loud[2]: ts=2026-09-26T22:33:12.8257015Z level=loud msg="configuration unusable, using defaults" message="unparseable config: unexpected end of JSON input" location=C:\Users\Quant\AppData\Local\Temp\qompack-fault-1887049893\proj\.qompack\config.json; self-test[1]: config.capture(severity 2): refused: every hook admits nothing; surfaces LOUD.log+self-test --json+day log (warn)
        audit before {tool_uses:3 roots:3 sidecars:3 checkpoints:0 dangling:0 reported:0}
        audit after  {tool_uses:3 roots:3 sidecars:3 checkpoints:0 dangling:0 reported:0}
        degradation (new since the cut): daylog[2]: qompack-20260926.log: ts=2026-09-26T22:33:12.8257015Z level=loud msg="configuration unusable, using defaults" message="unparseable config: unexpected end of JSON input" location=C:\Users\Quant\AppData\Local\Temp\qompack-fault-1887049893\pro…; loud[2]: ts=2026-09-26T22:33:12.8257015Z level=loud msg="configuration unusable, using defaults" message="unparseable config: unexpected end of JSON input" location=C:\Users\Quant\AppData\Local\Temp\qompack-fault-1887049893\proj\.qompack\config.json; self-test[1]: config.capture(severity 2): refused: every hook admits nothing; surfaces LOUD.log+self-test --json+day log (warn)
        newly dangling: none
        newly reported: none
        remaining dangling after recovery: none
          artifact: C:\Users\Quant\AppData\Local\Temp\TestFault_PublicationBoundariesconfig_json_corrupt1311421880\001\config_json_corrupt.json
--- PASS: TestFault_PublicationBoundaries (323.35s)
    --- PASS: TestFault_PublicationBoundaries/object_written_index_line_absent (8.51s)
    --- PASS: TestFault_PublicationBoundaries/roots_last_line_truncated (9.84s)
    --- PASS: TestFault_PublicationBoundaries/tool_use_truncated (10.77s)
    --- PASS: TestFault_PublicationBoundaries/capture_sidecar_stage_one_only (7.62s)
    --- PASS: TestFault_PublicationBoundaries/checkpoint_orphan_artifact (9.00s)
    --- PASS: TestFault_PublicationBoundaries/checkpoint_manifest_artifact_missing (7.85s)
    --- PASS: TestFault_PublicationBoundaries/checkpoint_manifest_digest_mismatch (6.29s)
    --- PASS: TestFault_PublicationBoundaries/wal_segment_truncated (15.91s)
    --- PASS: TestFault_PublicationBoundaries/client_spool_truncated (21.09s)
    --- PASS: TestFault_PublicationBoundaries/stale_drain_progress (22.67s)
    --- PASS: TestFault_PublicationBoundaries/delivery_seal_torn_slot (69.10s)
    --- PASS: TestFault_PublicationBoundaries/retention_roots_truncated (21.05s)
    --- PASS: TestFault_PublicationBoundaries/state_bin_corrupt (13.48s)
    --- PASS: TestFault_PublicationBoundaries/config_json_corrupt (100.18s)
=== RUN   TestFault_WriteFailures
=== RUN   TestFault_WriteFailures/disk_full
    resources_test.go:155: fault resource_disk_full: recovered — the cut introduced no dangling reference, none remains anywhere under .qompack/, and the product went on recording: the recovery session's own observation was indexed.
          boundary: every write fails, from the first one
          seed:     the `disk-full` QOMPACK_FAULT site (internal/cli/fault.go:172-208). SIMULATED: this is a forced write failure, not a real ENOSPC — no volume was filled
          dangling: 0→0
          detail:   the faulted delivery toolu_fault_disk_full_01 did not reach the index, so the disk-full site bit; after the restart and drain it still had not landed
        audit before {tool_uses:3 roots:3 sidecars:3 checkpoints:0 dangling:0 reported:0}
        audit after  {tool_uses:4 roots:4 sidecars:4 checkpoints:0 dangling:0 reported:0}
        degradation (new since the cut): daylog[2]: qompack-20260926.log: ts=2026-09-26T22:33:16.6284875Z level=loud msg="ipc: spool append refused — event dropped" op=observe.tool err="qompack: fault disk-full: no space left on device"; loud[2]: ts=2026-09-26T22:33:16.6284875Z level=loud msg="ipc: spool append refused — event dropped" op=observe.tool err="qompack: fault disk-full: no space left on device"; surfaces LOUD.log+day log (warn)
        newly dangling: none
        newly reported: none
        remaining dangling after recovery: none
          artifact: C:\Users\Quant\AppData\Local\Temp\TestFault_WriteFailuresdisk_full3138748936\001\resource_disk_full.json
=== RUN   TestFault_WriteFailures/spool_full
    resources_test.go:155: fault resource_spool_full: recovered — the cut introduced no dangling reference, none remains anywhere under .qompack/, and the product went on recording: the recovery session's own observation was indexed.
          boundary: the spool accepts nothing at all
          seed:     the `spool-full:0` QOMPACK_FAULT site, whose allowance of zero makes every Append fail. SIMULATED: a forced Append failure, not a real ENOSPC
          dangling: 0→0
          detail:   the faulted delivery toolu_fault_spool_full_01 did not reach the index, so the spool-full:0 site bit; after the restart and drain it still had not landed
        audit before {tool_uses:3 roots:3 sidecars:3 checkpoints:0 dangling:0 reported:0}
        audit after  {tool_uses:4 roots:4 sidecars:4 checkpoints:0 dangling:0 reported:0}
        degradation (new since the cut): daylog[2]: qompack-20260926.log: ts=2026-09-26T22:33:21.8490316Z level=loud msg="ipc: spool append refused — event dropped" op=observe.tool err="qompack: spool file at cap"; loud[2]: ts=2026-09-26T22:33:21.8490316Z level=loud msg="ipc: spool append refused — event dropped" op=observe.tool err="qompack: spool file at cap"; surfaces LOUD.log+day log (warn)
        newly dangling: none
        newly reported: none
        remaining dangling after recovery: none
          artifact: C:\Users\Quant\AppData\Local\Temp\TestFault_WriteFailuresspool_full3762242017\001\resource_spool_full.json
=== RUN   TestFault_WriteFailures/spool_readonly
    resources_test.go:155: fault resource_spool_readonly: explicit_incomplete — the cut introduced no silently dangling reference; what it did leave, the audit can name as reported: drain_gap(client-39144.ndjson): pending: 290 spool bytes not yet replayed
          boundary: the spool directory is not writable
          seed:     the `spool-readonly` QOMPACK_FAULT site, which denies write on the spool directory (icacls on Windows, chmod elsewhere) from inside the hook process
          dangling: 0→0
          detail:   the faulted delivery toolu_fault_spool_readonly_01 did not reach the index, so the spool-readonly site bit; after the restart and drain it still had not landed
        audit before {tool_uses:3 roots:3 sidecars:3 checkpoints:0 dangling:0 reported:0}
        audit after  {tool_uses:4 roots:4 sidecars:4 checkpoints:0 dangling:0 reported:1}
        degradation (new since the cut): daylog[2]: qompack-20260926.log: ts=2026-09-26T22:33:27.1426828Z level=loud msg="ipc: spool write failed — event dropped" err="ipc: spool: open: open C:\\Users\\Quant\\AppData\\Local\\Temp\\qompack-fault-1304004226\\proj\\.qompack\\spool\\client-238…; loud[2]: ts=2026-09-26T22:33:27.1426828Z level=loud msg="ipc: spool write failed — event dropped" err="ipc: spool: open: open C:\\Users\\Quant\\AppData\\Local\\Temp\\qompack-fault-1304004226\\proj\\.qompack\\spool\\client-23876.ndjson: Access is d…; surfaces LOUD.log+day log (warn)
        newly dangling: none
        newly reported: drain_gap(client-39144.ndjson): pending: 290 spool bytes not yet replayed
        remaining dangling after recovery: none
          artifact: C:\Users\Quant\AppData\Local\Temp\TestFault_WriteFailuresspool_readonly561804585\001\resource_spool_readonly.json
--- PASS: TestFault_WriteFailures (17.31s)
    --- PASS: TestFault_WriteFailures/disk_full (5.11s)
    --- PASS: TestFault_WriteFailures/spool_full (5.39s)
    --- PASS: TestFault_WriteFailures/spool_readonly (6.81s)
=== RUN   TestFault_ReadOnlyObjectsDirectory
    resources_test.go:246: fault resource_objects_readonly: recovered — the cut introduced no dangling reference, none remains anywhere under .qompack/, and the product went on recording: the recovery session's own observation was indexed.
          boundary: `.qompack/objects` is read-only while a session records into it
          seed:     a real session, then a genuine deny on the objects directory (icacls (OI)(CI)(WD,AD,WEA,WA,DE,DC) on Windows, 0o500 elsewhere), then a turn, then the deny lifted
          dangling: 0→0
          detail:   note: recording recovered by spool replay once the deny was lifted. Whether anything durable said so WHILE the deny was in force is Task 2's F-2 (owner internal/cli + internal/ipc); the degradation line above is this row's measurement of it, not a new finding.
        audit before {tool_uses:3 roots:3 sidecars:3 checkpoints:0 dangling:0 reported:0}
        audit after  {tool_uses:5 roots:5 sidecars:5 checkpoints:0 dangling:0 reported:0}
        degradation (new since the cut): daylog[10]: qompack-20260926.log: ts=2026-09-26T22:33:37.0259881Z level=warn msg="daemon: ObserveTool failed"; surfaces day log (warn)
        newly dangling: none
        newly reported: none
        remaining dangling after recovery: none
          artifact: C:\Users\Quant\AppData\Local\Temp\TestFault_ReadOnlyObjectsDirectory2837027355\001\resource_objects_readonly.json
--- PASS: TestFault_ReadOnlyObjectsDirectory (11.53s)
=== RUN   TestFault_LockContention
    resources_test.go:318: fault: aged C:\Users\Quant\AppData\Local\Temp\qompack-fault-1219040085\proj\.qompack\run\daemon.hb past the staleness window so the next daemon may reclaim the lock
    resources_test.go:336: fault resource_lock_contention: recovered — exactly one daemon held the lock, the second exited 0 without touching the project, hooks delivered during the contention exited 0, and a stale lock was reclaimed by the next daemon
          boundary: two daemons for one project, and a stale lock left by a dead one
          seed:     a real session brings the first daemon up; a second `qompack daemon` is run against the same project in the foreground; then the lock is rewritten to name a dead pid
          dangling: 0→0
          detail:   second `qompack daemon` exited 0 (stdout "", stderr ""); the lock holder was pid 42168 before and pid 42168 after (held=true)
        stale lock: planted a lock naming pid 0 with an ancient heartbeat; a daemon answered and the lock is now held=true by pid 45680
        audit before {tool_uses:3 roots:3 sidecars:3 checkpoints:0 dangling:0 reported:0}; after {tool_uses:5 roots:3 sidecars:4 checkpoints:0 dangling:0 reported:0}
          artifact: C:\Users\Quant\AppData\Local\Temp\TestFault_LockContention1480017088\001\resource_lock_contention.json
--- PASS: TestFault_LockContention (5.48s)
=== RUN   TestV6Backup_RoundTripPreservesSourceLaterWritesAndBackup
    v6_backup_test.go:112: fault v6_backup_roundtrip_preserves_source: recovered — packaged backup create/verify with the daemon stopped, then restore into a fresh destination: same-build content read proof and fsck --seal-check integrity pass; the point-in-time destination excludes the later write; the source, its later write and the original backup are unchanged. Same-build only; no older-reader compatibility is claimed.
          boundary: operator backup/verify/restore of a stopped store into a fresh destination
          seed:     packaged hooks seed a store and captures; daemon stopped; backup create/verify; a real hook then writes a new root; daemon stopped; restore into a fresh destination
          dangling: 0→0
          detail:   roots_proven=3; integrity_exit=0; source_objects=4; dest_objects=3
          artifact: C:\Users\Quant\AppData\Local\Temp\TestV6Backup_RoundTripPreservesSourceLaterWritesAndBackup1089840368\001\v6_backup_roundtrip_preserves_source.json
--- PASS: TestV6Backup_RoundTripPreservesSourceLaterWritesAndBackup (8.19s)
=== RUN   TestV6Backup_RefusesLiveWriterAndTargetConflict
    v6_backup_test.go:188: fault v6_backup_refuses_live_writer_and_target_conflict: explicit_incomplete — backup create refuses beside a live daemon (telling the operator to stop it) and creates no artifact; restore refuses an occupied destination and leaves it untouched. The product reports both boundaries rather than proceeding.
          boundary: backup create beside a live daemon; restore into an occupied destination
          seed:     packaged hooks seed a store and leave the daemon up; backup create is attempted while it holds the lease; then the daemon is stopped, a backup is taken, and restore is aimed at a destination that already holds a .qompack
          dangling: 0→0
          detail:   live_refusal="backup: stop the source daemon before maintenance: qompack: daemon lock already held"; conflict_refusal="store: restore destination .qompack already exists: C:\\Users\\Quant\\AppData\\Local\\Temp\\qompack-fault-1611774512\\occupied\\.qompack is a directory"
          artifact: C:\Users\Quant\AppData\Local\Temp\TestV6Backup_RefusesLiveWriterAndTargetConflict2088279117\001\v6_backup_refuses_live_writer_and_target_conflict.json
--- PASS: TestV6Backup_RefusesLiveWriterAndTargetConflict (5.30s)
=== RUN   TestV6Backup_CorruptedAndUnknownSchemaRefusedWithoutOverwriting
    v6_backup_test.go:248: fault v6_backup_corrupt_or_unknown_schema_refused: explicit_incomplete — restore refuses a corrupted backup and an unknown-schema manifest, and in neither case does it publish a destination .qompack; the failures are reported, not swept.
          boundary: restore of a corrupted backup and of an unknown-schema manifest
          seed:     packaged hooks seed a store; daemon stopped; a valid backup is taken; then one tree file is tampered and, separately, the manifest schema is bumped beyond this build; each restore is aimed at its own fresh destination
          dangling: 0→0
          detail:   corrupt_refusal="store: restore backup \"good\": .gitignore: store: backup does not match its manifest: longer than its manifest size; the incomplete staging tree is preserved as evidence at C:\\Users\\Quant\\AppData\\Local\\Temp\\qompack-fault-712956624\\dest-corrupt\\.qompack.restore-good-a2dbbe17b62e8a41"; schema_refusal="store: backup manifest is unusable: backup \"good\" manifest version 999 is not readable by this build"
          artifact: C:\Users\Quant\AppData\Local\Temp\TestV6Backup_CorruptedAndUnknownSchemaRefusedWithoutOverwriting883642938\001\v6_backup_corrupt_or_unknown_schema_refused.json
--- PASS: TestV6Backup_CorruptedAndUnknownSchemaRefusedWithoutOverwriting (4.80s)
=== RUN   TestV6_FsckReportsUnpublishedCaptureWithoutDiscardingEvidence
    v6_fsck_test.go:37: fault v6_fsck_unpublished_capture: explicit_incomplete — operator-invoked packaged fsck reports the stage-one capture and exits 1 without changing its objects or sidecars; this is not automatic recovery
          boundary: capture sidecar published:false with no reference joined
          seed:     packaged hook capture, stopped writer, then a published observe.tool sidecar returned to stage one
          dangling: 0→0
          detail:   returned observe.tool capture sha256:cebbc37c2380b67ba5ca6620e47e73e2090c62baf029160b456981034aa15da6 to stage one; fsck read_only=true; objects=3; sidecars=3
          artifact: C:\Users\Quant\AppData\Local\Temp\TestV6_FsckReportsUnpublishedCaptureWithoutDiscardingEvidence1800145960\001\v6_fsck_unpublished_capture.json
--- PASS: TestV6_FsckReportsUnpublishedCaptureWithoutDiscardingEvidence (3.35s)
=== RUN   TestV6_StartupAccountingReportsUnpublishedCaptureViaStatus
    v6_fsck_test.go:102: fault v6_startup_accounting_unpublished_capture: explicit_incomplete — the daemon's startup accounting names the stage-one observe.tool capture on `status --json` (loud tail / publication counter) and on LOUD.log, and preserves the objects and the sidecar unchanged; the capture is still unpublished afterwards — this is automatic detection, not recovery, which stays the operator's verified backup/restore path
          boundary: capture sidecar published:false with no reference joined, discovered at daemon startup
          seed:     packaged hook capture, stopped writer, then a published observe.tool sidecar returned to stage one; the daemon is then restarted so its startup accounting runs
          dangling: 0→0
          detail:   returned observe.tool capture sha256:199a34e672142b15b1ca044cbb8e27c1cde3df5e2b7f3c1866d968597271f425 to stage one; status gaps naming the cut present=true; objects=3; sidecars=3
          artifact: C:\Users\Quant\AppData\Local\Temp\TestV6_StartupAccountingReportsUnpublishedCaptureViaStatus790045181\001\v6_startup_accounting_unpublished_capture.json
--- PASS: TestV6_StartupAccountingReportsUnpublishedCaptureViaStatus (3.73s)
PASS
ok  	github.com/qompack/qompack/test/fault	488.571s
=== RUN   TestPlatform_UnsupportedOptimizationsDisabled
    optimizations_test.go:52: platform optimizations-disabled-fresh-project: verified — every gated optimization is reported disabled by the shipped bundle
          detail:   `qompack config print --json` in a fresh project reports map[runtime.migration.capture.rawEvidence:false runtime.migration.experiments.enabled:false runtime.migration.publication.durableFrontier:false runtime.migration.replacement.newResult:false]
          artifact: C:\Users\Quant\AppData\Local\Temp\TestPlatform_UnsupportedOptimizationsDisabled4177820601\001\optimizations-disabled-fresh-project.json
--- PASS: TestPlatform_UnsupportedOptimizationsDisabled (7.68s)
=== RUN   TestPlatform_UnknownSettingsVersion
    optimizations_test.go:124: platform optimizations-unknown-settings-version: verified — a configuration from a newer plugin has its whole runtime.migration block reset to defaults
          detail:   project config declared runtime.migration.settingsVersion=99 with all four gated switches true; the shipped binary reports settingsVersion=1 and map[runtime.migration.capture.rawEvidence:false runtime.migration.experiments.enabled:false runtime.migration.publication.durableFrontier:false runtime.migration.replacement.newResult:false], and all six hooks still exit 0 (hook stderr 0 bytes). The mechanism is internal/config/migration.go's applyVersionedSection: a wholesale block reset plus a Warning, not a per-leaf fallback and not a load error
          artifact: C:\Users\Quant\AppData\Local\Temp\TestPlatform_UnknownSettingsVersion2022515570\001\optimizations-unknown-settings-version.json
--- PASS: TestPlatform_UnknownSettingsVersion (0.59s)
=== RUN   TestPlatform_ProjectRootShapes
=== RUN   TestPlatform_ProjectRootShapes/plain
    paths_test.go:59: platform path-root-plain: verified — an ordinary ASCII project root (the control)
          detail:   root="C:\\Users\\Quant\\AppData\\Local\\Temp\\qompack-platform-2535280176\\plain-project" (75 chars); six hooks exit 0 with parseable hookio.Output; C:\Users\Quant\AppData\Local\Temp\qompack-platform-2535280176\plain-project\.qompack exists; daemon reachable at \\.\pipe\qompack.76d76ee60862; admin.ping answered (mode=degraded-passive hot=sync); within the project root and HOME trees (the only two walked) nothing was written outside [C:\Users\Quant\AppData\Local\Temp\qompack-platform-2535280176\plain-project\.qompack\ C:\Users\Quant\AppData\Local\Temp\qompack-platform-2535280176\home\.qompack\]
          artifact: C:\Users\Quant\AppData\Local\Temp\TestPlatform_ProjectRootShapesplain3739317315\001\path-root-plain.json
=== RUN   TestPlatform_ProjectRootShapes/spaces
    paths_test.go:59: platform path-root-spaces: verified — a project root containing spaces
          detail:   root="C:\\Users\\Quant\\AppData\\Local\\Temp\\qompack-platform-3523447845\\my proj ect" (73 chars); six hooks exit 0 with parseable hookio.Output; C:\Users\Quant\AppData\Local\Temp\qompack-platform-3523447845\my proj ect\.qompack exists; daemon reachable at \\.\pipe\qompack.d685df625b7f; admin.ping answered (mode=degraded-passive hot=sync); within the project root and HOME trees (the only two walked) nothing was written outside [C:\Users\Quant\AppData\Local\Temp\qompack-platform-3523447845\my proj ect\.qompack\ C:\Users\Quant\AppData\Local\Temp\qompack-platform-3523447845\home\.qompack\]
          artifact: C:\Users\Quant\AppData\Local\Temp\TestPlatform_ProjectRootShapesspaces3137589634\001\path-root-spaces.json
=== RUN   TestPlatform_ProjectRootShapes/unicode
    paths_test.go:59: platform path-root-unicode: verified — a project root containing non-ASCII characters
          detail:   root="C:\\Users\\Quant\\AppData\\Local\\Temp\\qompack-platform-683611811\\prøjekt-日本-ünï" (82 chars); six hooks exit 0 with parseable hookio.Output; C:\Users\Quant\AppData\Local\Temp\qompack-platform-683611811\prøjekt-日本-ünï\.qompack exists; daemon reachable at \\.\pipe\qompack.dadb02849f83; admin.ping answered (mode=full hot=sync); within the project root and HOME trees (the only two walked) nothing was written outside [C:\Users\Quant\AppData\Local\Temp\qompack-platform-683611811\prøjekt-日本-ünï\.qompack\ C:\Users\Quant\AppData\Local\Temp\qompack-platform-683611811\home\.qompack\]
          artifact: C:\Users\Quant\AppData\Local\Temp\TestPlatform_ProjectRootShapesunicode2049008778\001\path-root-unicode.json
=== RUN   TestPlatform_ProjectRootShapes/long
    paths_test.go:59: platform path-root-long: verified — a project root whose absolute path exceeds MAX_PATH
          detail:   root="C:\\Users\\Quant\\AppData\\Local\\Temp\\qompack-platform-3099419594\\ddddddddddddddddddddddddd\\ddddddddddddddddddddddddd\\ddddddddddddddddddddddddd\\ddddddddddddddddddddddddd\\ddddddddddddddddddddddddd\\ddddddddddddddddddddddddd\\ddddddddddddddddddddddddd\\ddddddddddddddddddddddddd\\ddddddddddddddddddddddddd\\ddddddddddddddddddddddddd\\ddddddddddddddddddddddddd\\ddddddddddddddddddddddddd" (373 chars); six hooks exit 0 with parseable hookio.Output; C:\Users\Quant\AppData\Local\Temp\qompack-platform-3099419594\ddddddddddddddddddddddddd\ddddddddddddddddddddddddd\ddddddddddddddddddddddddd\ddddddddddddddddddddddddd\ddddddddddddddddddddddddd\ddddddddddddddddddddddddd\ddddddddddddddddddddddddd\ddddddddddddddddddddddddd\ddddddddddddddddddddddddd\ddddddddddddddddddddddddd\ddddddddddddddddddddddddd\ddddddddddddddddddddddddd\.qompack exists; daemon reachable at \\.\pipe\qompack.f26fab0d60f8; admin.ping answered (mode=degraded-passive hot=sync); within the project root and HOME trees (the only two walked) nothing was written outside [C:\Users\Quant\AppData\Local\Temp\qompack-platform-3099419594\ddddddddddddddddddddddddd\ddddddddddddddddddddddddd\ddddddddddddddddddddddddd\ddddddddddddddddddddddddd\ddddddddddddddddddddddddd\ddddddddddddddddddddddddd\ddddddddddddddddddddddddd\ddddddddddddddddddddddddd\ddddddddddddddddddddddddd\ddddddddddddddddddddddddd\ddddddddddddddddddddddddd\ddddddddddddddddddddddddd\.qompack\ C:\Users\Quant\AppData\Local\Temp\qompack-platform-3099419594\home\.qompack\]
          artifact: C:\Users\Quant\AppData\Local\Temp\TestPlatform_ProjectRootShapeslong593212760\001\path-root-long.json
--- PASS: TestPlatform_ProjectRootShapes (35.19s)
    --- PASS: TestPlatform_ProjectRootShapes/plain (5.57s)
    --- PASS: TestPlatform_ProjectRootShapes/spaces (5.68s)
    --- PASS: TestPlatform_ProjectRootShapes/unicode (16.12s)
    --- PASS: TestPlatform_ProjectRootShapes/long (7.82s)
=== RUN   TestPlatform_MixedCaseProjectRoot
    paths_test.go:330: platform path-root-mixed-case: verified — mixed-case project root, resolved through the payload cwd, with the product exercised at both spellings
          detail:   case-insensitive volume and case-folding normalization agree: "C:\\Users\\Quant\\AppData\\Local\\Temp\\qompack-platform-137630213\\Proj-Case" and "C:\\Users\\Quant\\AppData\\Local\\Temp\\qompack-platform-137630213\\proj-case" share ipc.ProjectHash12 bc44422ac5b8 and transport \\.\pipe\qompack.bc44422ac5b8; session-start ran at BOTH spellings and one daemon (pid 30376) served both, answering admin.ping (mode=full hot=sync)
          artifact: C:\Users\Quant\AppData\Local\Temp\TestPlatform_MixedCaseProjectRoot1934869812\001\path-root-mixed-case.json
--- PASS: TestPlatform_MixedCaseProjectRoot (2.34s)
=== RUN   TestPlatform_PluginRootWithSpacesAndUnicode
    paths_test.go:422: platform path-plugin-root-spaces-unicode: verified — plugin root containing a space and non-ASCII characters
          detail:   CLAUDE_PLUGIN_ROOT="C:\\Users\\Quant\\AppData\\Local\\Temp\\qompack-platform-3263692123\\plug in ünï"; six hooks exit 0 with parseable output; self-test --json exit 0 with plugin.root_resolves ok=true observed="resolved"; 13 bundle files byte-identical afterwards
          artifact: C:\Users\Quant\AppData\Local\Temp\TestPlatform_PluginRootWithSpacesAndUnicode1461147438\001\path-plugin-root-spaces-unicode.json
--- PASS: TestPlatform_PluginRootWithSpacesAndUnicode (6.01s)
=== RUN   TestPlatform_ReadOnlyProjectRoot
    restrictions_test.go:102: platform restrict-readonly-project-root: verified — all six hooks exit 0 with consumable output on a read-only project root
          detail:   deny applied to "C:\\Users\\Quant\\AppData\\Local\\Temp\\qompack-platform-781032426\\plain-project" before any store existed; .qompack present afterwards=false; daemon suppressed through QOMPACK_RUNTIME__DAEMON__ENABLED=false, so this row covers the hook adapter's exit contract, not the daemon; hook stderr was 0 bytes
          artifact: C:\Users\Quant\AppData\Local\Temp\TestPlatform_ReadOnlyProjectRoot3725025608\001\restrict-readonly-project-root.json
--- PASS: TestPlatform_ReadOnlyProjectRoot (0.24s)
=== RUN   TestPlatform_ReadOnlyQompackDir
    restrictions_test.go:188: platform restrict-readonly-qompack-dir: verified — a read-only .qompack leaves durable evidence that names the dropped event
          detail:   drop-naming observables that changed under the deny: [hook stderr (3090 bytes)] (all changes: [hook stderr (3090 bytes)]); deny applied to "C:\\Users\\Quant\\AppData\\Local\\Temp\\qompack-platform-978881850\\plain-project\\.qompack" after the layout existed; daemon suppressed through QOMPACK_RUNTIME__DAEMON__ENABLED=false
          artifact: C:\Users\Quant\AppData\Local\Temp\TestPlatform_ReadOnlyQompackDir1740552687\001\restrict-readonly-qompack-dir.json
--- PASS: TestPlatform_ReadOnlyQompackDir (0.35s)
=== RUN   TestPlatform_ReadOnlyBundleDir
    restrictions_test.go:234: platform restrict-readonly-bundle-dir: verified — all six hooks run from a read-only plugin install directory
          detail:   deny applied to "C:\\Users\\Quant\\AppData\\Local\\Temp\\qompack-platform-353829053\\plug in ünï"; 13 bundle files byte-identical afterwards; CLAUDE_PLUGIN_ROOT set to the denied directory; hook stderr was 0 bytes; daemon suppressed through QOMPACK_RUNTIME__DAEMON__ENABLED=false
          artifact: C:\Users\Quant\AppData\Local\Temp\TestPlatform_ReadOnlyBundleDir598204799\001\restrict-readonly-bundle-dir.json
--- PASS: TestPlatform_ReadOnlyBundleDir (1.83s)
=== RUN   TestPlatform_UnwritableHome
    restrictions_test.go:261: platform restrict-unwritable-home: verified — all six hooks exit 0 with an unwritable HOME
          detail:   deny applied to "C:\\Users\\Quant\\AppData\\Local\\Temp\\qompack-platform-565569917\\home" (HOME and USERPROFILE both point there); the project tier stayed writable; hook stderr was 0 bytes; daemon suppressed through QOMPACK_RUNTIME__DAEMON__ENABLED=false
          artifact: C:\Users\Quant\AppData\Local\Temp\TestPlatform_UnwritableHome2430632437\001\restrict-unwritable-home.json
--- PASS: TestPlatform_UnwritableHome (0.25s)
=== RUN   TestPlatform_HookLauncherForms
    shell_test.go:155: exec plain PostToolUse: exit 0
          exe:    C:\Users\Quant\AppData\Local\Temp\qompack-platform-2788314153\plugplain\bin\qompack.exe
          argv:   ["observe" "tool"]
          stdout: {}
        
          stderr: 
    shell_test.go:155: exec spaced PostToolUse: exit 0
          exe:    C:\Users\Quant\AppData\Local\Temp\qompack-platform-2788314153\plug in ünï\bin\qompack.exe
          argv:   ["observe" "tool"]
          stdout: {}
        
          stderr: 
    shell_test.go:155: exec spaced UserPromptSubmit: exit 0
          exe:    C:\Users\Quant\AppData\Local\Temp\qompack-platform-2788314153\plug in ünï\bin\qompack.exe
          argv:   ["observe" "prompt"]
          stdout: {}
        
          stderr: 
    shell_test.go:155: exec spaced Stop: exit 0
          exe:    C:\Users\Quant\AppData\Local\Temp\qompack-platform-2788314153\plug in ünï\bin\qompack.exe
          argv:   ["observe" "stop"]
          stdout: {}
        
          stderr: 
    shell_test.go:155: exec spaced SessionStart: exit 0
          exe:    C:\Users\Quant\AppData\Local\Temp\qompack-platform-2788314153\plug in ünï\bin\qompack.exe
          argv:   ["session-start"]
          stdout: {"hookSpecificOutput":{"hookEventName":"SessionStart","additionalContext":"<!-- qompack-contract-probe qompack-contract-f8485c1f5767 -->"}}
        
          stderr: 
    shell_test.go:155: exec spaced PreCompact: exit 0
          exe:    C:\Users\Quant\AppData\Local\Temp\qompack-platform-2788314153\plug in ünï\bin\qompack.exe
          argv:   ["checkpoint"]
          stdout: {}
        
          stderr: 
    shell_test.go:155: exec spaced SessionEnd: exit 0
          exe:    C:\Users\Quant\AppData\Local\Temp\qompack-platform-2788314153\plug in ünï\bin\qompack.exe
          argv:   ["flush"]
          stdout: {}
        
          stderr: 
    shell_test.go:155: exec spaced SubagentStop: exit 0
          exe:    C:\Users\Quant\AppData\Local\Temp\qompack-platform-2788314153\plug in ünï\bin\qompack.exe
          argv:   ["observe" "stop" "--subagent"]
          stdout: {}
        
          stderr: 
    shell_test.go:173: platform hook-exec-form: verified — every hooks.json entry and .mcp.json is exec form naming exactly ${CLAUDE_PLUGIN_ROOT}/bin/qompack.exe; spawned directly as the host does, each exits 0 with parseable stdout from a spaced, non-ASCII install directory
          detail:   control "C:\\Users\\Quant\\AppData\\Local\\Temp\\qompack-platform-2788314153\\plugplain" exited 0; 7 entries run from "C:\\Users\\Quant\\AppData\\Local\\Temp\\qompack-platform-2788314153\\plug in ünï"; `shell` absent and ignored by the host when args is set, so no host shell choice reaches these launches
          artifact: C:\Users\Quant\AppData\Local\Temp\TestPlatform_HookLauncherForms3680316633\001\hook-exec-form.json
    shell_test.go:183: platform shell-form-contrast-gitbash: verified — recorded contrast, not asserted: the pre-C1.11 shell-form hook string under Git Bash
          detail:   shell C:\Program Files\Git\usr\bin\bash.exe (found at the Git for Windows install location under %ProgramFiles%); script "\"${CLAUDE_PLUGIN_ROOT}/bin/qompack\" observe tool"; CLAUDE_PLUGIN_ROOT="C:\\Users\\Quant\\AppData\\Local\\Temp\\qompack-platform-2788314153\\plug in ünï"; exit 0; stderr: 
          artifact: C:\Users\Quant\AppData\Local\Temp\TestPlatform_HookLauncherForms3680316633\001\shell-form-contrast-gitbash.json
    shell_test.go:183: platform shell-form-contrast-powershell: verified — recorded contrast, not asserted: the pre-C1.11 shell-form hook string under PowerShell, the shell a Windows host uses when Git Bash is not installed
          detail:   shell C:\Program Files\PowerShell\7\pwsh.exe; script "\"${env:CLAUDE_PLUGIN_ROOT}/bin/qompack\" observe tool"; CLAUDE_PLUGIN_ROOT="C:\\Users\\Quant\\AppData\\Local\\Temp\\qompack-platform-2788314153\\plug in ünï"; exit 1; stderr: [31;1mParserError: [0m
        [31;1m[36;1mLine |[0m
        [31;1m[36;1m[36;1m   1 | [0m "${env:CLAUDE_PLUGIN_ROOT}/bin/qompack" [36;1mobserve[0m tool[0m
        [31;1m[36;1m[36;1m[0m[36;1m[0m[36;1m     | [31;1m                                         ~~~~~~~[0m
        [31;1m[36;1m[36;1m[0m[36;1m[0m[36;1m[31;1m[31;1m[36;1m     | [31;1mUnexpected token 'observe' in expression or statement.[0m
          artifact: C:\Users\Quant\AppData\Local\Temp\TestPlatform_HookLauncherForms3680316633\001\shell-form-contrast-powershell.json
    shell_test.go:183: shell-form contrast under PowerShell: exit 1
        [31;1mParserError: [0m
        [31;1m[36;1mLine |[0m
        [31;1m[36;1m[36;1m   1 | [0m "${env:CLAUDE_PLUGIN_ROOT}/bin/qompack" [36;1mobserve[0m tool[0m
        [31;1m[36;1m[36;1m[0m[36;1m[0m[36;1m     | [31;1m                                         ~~~~~~~[0m
        [31;1m[36;1m[36;1m[0m[36;1m[0m[36;1m[31;1m[31;1m[36;1m     | [31;1mUnexpected token 'observe' in expression or statement.[0m
    shell_test.go:189: platform hook-launcher-forms: verified — the hook launcher matrix ran (10 launches); the shipped exec form passed every one it asserts
          detail:   10 launches against "C:\\Users\\Quant\\AppData\\Local\\Temp\\qompack-platform-2788314153\\plugplain" and "C:\\Users\\Quant\\AppData\\Local\\Temp\\qompack-platform-2788314153\\plug in ünï"
          artifact: C:\Users\Quant\AppData\Local\Temp\TestPlatform_HookLauncherForms3680316633\001\hook-launcher-forms.json
--- PASS: TestPlatform_HookLauncherForms (6.31s)
PASS
ok  	github.com/qompack/qompack/test/platform	62.212s
=== RUN   TestSwitch_ModePassiveStopsActingAndKeepsRecording
    switches_test.go:219: release switch_mode_passive: verified — runtime.mode passive stopped SessionStart reinjection and left recording and retrieval working
          control:  defaults injected a checkpoint span, 621 byte(s) of additionalContext; recall ok=true count=1
          detail:   with the switch: SessionStart(compact) carried no injected span (additionalContext=""), recall ok=true count=1 found=true, 4 file(s) under objects+index, all six hooks exit 0 with parseable stdout, `status --json` reports snapshot.mode=degraded-passive. Without it, on the same project after a daemon restart: 621 byte(s) carrying an injected span, recall ok=true count=1. NOTE for the reader: passive is not a recording switch — Mode.MayRecord (internal/contract/mode.go) is false only for `off`, so the objects and index above are the design, not a leak. Not duplicated here: internal/ipc's StateFromConfig unit tests and internal/contract's monitor tests pin the mode mapping itself
          artifact: C:\Users\Quant\AppData\Local\Temp\TestSwitch_ModePassiveStopsActingAndKeepsRecording3788208225\001\switch_mode_passive.json
--- PASS: TestSwitch_ModePassiveStopsActingAndKeepsRecording (11.23s)
=== RUN   TestSwitch_ModeOffStopsEverything
    switches_test.go:255: release switch_mode_off: verified — runtime.mode off recorded nothing, started no daemon, and every hook still exited 0
          control:  
          detail:   all six hooks exit 0 with empty or parseable JSON with no additionalContext; 0 file(s) under objects+index; no daemon lock file was ever created. `config print --json` reports runtime.mode=off (status --json is not used: this switch starts no daemon). Not duplicated here: internal/cli/hooks_test.go and internal/daemon's own mode tests pin the short-circuit at the seam
          artifact: C:\Users\Quant\AppData\Local\Temp\TestSwitch_ModeOffStopsEverything1248250184\001\switch_mode_off.json
--- PASS: TestSwitch_ModeOffStopsEverything (0.46s)
=== RUN   TestSwitch_ReinjectionSessionStartCompactOff
    switches_test.go:295: release switch_reinjection_session_start_compact: verified — reinjection off stopped the injected span on SessionStart source=compact while the session's tool event was still recorded
          control:  defaults injected a checkpoint span, 621 byte(s) of additionalContext, on the same project
          detail:   with the switch: SessionStart(compact) carried no injected span (its additionalContext was "<!-- qompack-contract-probe qompack-contract-13e8d50b9c35 -->" — the contract monitor's probe marker, which is contract machinery and not reinjection) and index/tool_use.jsonl names toolu_01RELEASESWITCHSEED0001; 4 file(s) under objects+index. Without it, after a daemon restart: 621 byte(s) carrying an injected span. Not duplicated here: internal/daemon's TestService_ReinjectionKillSwitchEmitsNothing pins the service seam and test/e2e's v5_x04 pins the hook answer
          artifact: C:\Users\Quant\AppData\Local\Temp\TestSwitch_ReinjectionSessionStartCompactOff2228614956\001\switch_reinjection_session_start_compact.json
--- PASS: TestSwitch_ReinjectionSessionStartCompactOff (3.67s)
=== RUN   TestSwitch_DaemonDisabled
    switches_test.go:337: release switch_daemon_disabled: verified — no daemon was started and no lock file appeared, while the hooks still answered and spooled
          control:  
          detail:   all six hooks exit 0 with empty or parseable JSON with no additionalContext; C:\Users\Quant\AppData\Local\Temp\qompack-release-3680495355\project\.qompack\run\daemon.lock never appeared; the spool holds 6 file(s) [client-1980.ndjson client-35352.ndjson client-38924.ndjson client-39060.ndjson client-39160.ndjson client-41928.ndjson], which is what distinguishes a disabled daemon from a disabled plugin. `config print --json` reports runtime.daemon.enabled=false (status --json is not used: this switch starts no daemon). Not duplicated here: test/e2e's v5_x15 daemon-off project covers the end-to-end path
          artifact: C:\Users\Quant\AppData\Local\Temp\TestSwitch_DaemonDisabled3447211301\001\switch_daemon_disabled.json
--- PASS: TestSwitch_DaemonDisabled (0.29s)
=== RUN   TestSwitch_GatedCapabilitiesAreRefusedNotDisabled
=== RUN   TestSwitch_GatedCapabilitiesAreRefusedNotDisabled/switch_refused_replacement_new_result
    switches_test.go:390: release switch_refused_replacement_new_result: verified — the operator's value was refused and restored to the default, with a recorded violation
          control:  
          detail:   `config print --json` reports runtime.migration.replacement.newResult=false after the environment layer set it true, and state/config-violations.json names [runtime.migration.replacement.newResult]. This switch REFUSES rather than disables: there is no production reader to turn off (internal/config/migration.go's gate table), so nothing stops — the value never takes effect at all. Not duplicated here: internal/config/validate_test.go pins the refusal itself and test/security's posture_telemetry_is_refused pins telemetry end to end
          artifact: C:\Users\Quant\AppData\Local\Temp\TestSwitch_GatedCapabilitiesAreRefusedNotDisabledswitch_refused2990501474\001\switch_refused_replacement_new_result.json
=== RUN   TestSwitch_GatedCapabilitiesAreRefusedNotDisabled/switch_refused_experiments_enabled
    switches_test.go:390: release switch_refused_experiments_enabled: verified — the operator's value was refused and restored to the default, with a recorded violation
          control:  
          detail:   `config print --json` reports runtime.migration.experiments.enabled=false after the environment layer set it true, and state/config-violations.json names [runtime.migration.experiments.enabled]. This switch REFUSES rather than disables: there is no production reader to turn off (internal/config/migration.go's gate table), so nothing stops — the value never takes effect at all. Not duplicated here: internal/config/validate_test.go pins the refusal itself and test/security's posture_telemetry_is_refused pins telemetry end to end
          artifact: C:\Users\Quant\AppData\Local\Temp\TestSwitch_GatedCapabilitiesAreRefusedNotDisabledswitch_refused3675374384\001\switch_refused_experiments_enabled.json
=== RUN   TestSwitch_GatedCapabilitiesAreRefusedNotDisabled/switch_refused_telemetry_enabled
    switches_test.go:390: release switch_refused_telemetry_enabled: verified — the operator's value was refused and restored to the default, with a recorded violation
          control:  
          detail:   `config print --json` reports runtime.telemetry.enabled=false after the environment layer set it true, and state/config-violations.json names [runtime.telemetry.enabled]. This switch REFUSES rather than disables: there is no production reader to turn off (internal/config/migration.go's gate table), so nothing stops — the value never takes effect at all. Not duplicated here: internal/config/validate_test.go pins the refusal itself and test/security's posture_telemetry_is_refused pins telemetry end to end
          artifact: C:\Users\Quant\AppData\Local\Temp\TestSwitch_GatedCapabilitiesAreRefusedNotDisabledswitch_refused42359564\001\switch_refused_telemetry_enabled.json
--- PASS: TestSwitch_GatedCapabilitiesAreRefusedNotDisabled (0.22s)
    --- PASS: TestSwitch_GatedCapabilitiesAreRefusedNotDisabled/switch_refused_replacement_new_result (0.09s)
    --- PASS: TestSwitch_GatedCapabilitiesAreRefusedNotDisabled/switch_refused_experiments_enabled (0.07s)
    --- PASS: TestSwitch_GatedCapabilitiesAreRefusedNotDisabled/switch_refused_telemetry_enabled (0.06s)
PASS
ok  	github.com/qompack/qompack/test/release	18.048s
=== RUN   TestSecurity_MalformedObjectsAreQuarantinedAndBounded
    bounds_test.go:194: security bounds_damaged_zstd_frame: verified — damaged_zstd_frame was refused with core.ErrNotFound and moved to .qompack/tmp/quarantine/ (§12.3): a zstd frame with its middle overwritten.
          detail:   read error: qompack: not found: object refused as damaged: object c261659ba42e failed to decode
          artifact: C:\Users\Quant\AppData\Local\Temp\TestSecurity_MalformedObjectsAreQuarantinedAndBounded4078812231\001\bounds_damaged_zstd_frame.json
    bounds_test.go:194: security bounds_truncated_object: verified — truncated_object was refused with core.ErrNotFound and moved to .qompack/tmp/quarantine/ (§12.3): a zstd frame cut in half.
          detail:   read error: qompack: not found: object refused as damaged: object 2e2772655b5f failed to decode
          artifact: C:\Users\Quant\AppData\Local\Temp\TestSecurity_MalformedObjectsAreQuarantinedAndBounded4078812231\001\bounds_truncated_object.json
    bounds_test.go:194: security bounds_physical_size_past_the_read_bound: verified — physical_size_past_the_read_bound was refused with core.ErrNotFound and moved to .qompack/tmp/quarantine/ (§12.3): an object file larger than encodedObjectLimit().
          detail:   read error: qompack: not found: object refused as damaged: object 022da21c772a exceeds size limit
          artifact: C:\Users\Quant\AppData\Local\Temp\TestSecurity_MalformedObjectsAreQuarantinedAndBounded4078812231\001\bounds_physical_size_past_the_read_bound.json
    bounds_test.go:194: security bounds_decompression_bomb: verified — decompression_bomb was refused with core.ErrNotFound and moved to .qompack/tmp/quarantine/ (§12.3): a valid zstd frame expanding past store's 64 MiB maxDecodedSize.
          detail:   read error: qompack: not found: object refused as damaged: object 36b7bb6c22ac failed to decode
          artifact: C:\Users\Quant\AppData\Local\Temp\TestSecurity_MalformedObjectsAreQuarantinedAndBounded4078812231\001\bounds_decompression_bomb.json
    bounds_test.go:194: security bounds_content_hash_mismatch: verified — content_hash_mismatch was refused with core.ErrNotFound and moved to .qompack/tmp/quarantine/ (§12.3): a valid frame of the right length whose plaintext hashes to another address.
          detail:   read error: qompack: not found: object refused as damaged: object d031e75962c4 has the wrong content hash
          artifact: C:\Users\Quant\AppData\Local\Temp\TestSecurity_MalformedObjectsAreQuarantinedAndBounded4078812231\001\bounds_content_hash_mismatch.json
    bounds_test.go:253: security bounds_retrieval_and_checkpoint_survive_corruption: verified — after five hostile objects the daemon still held its lock, the MCP server still expanded the healthy control object, and the checkpoint hook still exited 0 with a host-parseable document. No corrupt object was ever reported found.
          detail:   by tool_use_id: content_hash_mismatch=unavailable damaged_zstd_frame=unavailable decompression_bomb=unavailable physical_size_past_the_read_bound=unavailable truncated_object=unavailable
          artifact: C:\Users\Quant\AppData\Local\Temp\TestSecurity_MalformedObjectsAreQuarantinedAndBounded4078812231\001\bounds_retrieval_and_checkpoint_survive_corruption.json
    bounds_test.go:264: security bounds_corrupt_object_envelope: verified — a quarantined object is reported unavailable through both address forms: the explicit third answer, neither a protocol error nor an absence.
          detail:   by tool_use_id: content_hash_mismatch=unavailable damaged_zstd_frame=unavailable decompression_bomb=unavailable physical_size_past_the_read_bound=unavailable truncated_object=unavailable; by bare chunk hash: content_hash_mismatch=unavailable damaged_zstd_frame=unavailable decompression_bomb=unavailable physical_size_past_the_read_bound=unavailable truncated_object=unavailable
          artifact: C:\Users\Quant\AppData\Local\Temp\TestSecurity_MalformedObjectsAreQuarantinedAndBounded4078812231\001\bounds_corrupt_object_envelope.json
--- PASS: TestSecurity_MalformedObjectsAreQuarantinedAndBounded (10.68s)
=== RUN   TestSecurity_HookCaptureCapBoundsAnOversizePayload
    bounds_test.go:340: security bounds_hook_capture_cap: verified — a 6 MiB tool_response was refused by the hard capture cap: the hook still exited 0 with a parseable document, and no byte from the 64 KiB mark of the payload reached any file under .qompack/.
          detail:   swept 32 files under .qompack/
          artifact: C:\Users\Quant\AppData\Local\Temp\TestSecurity_HookCaptureCapBoundsAnOversizePayload3414596369\001\bounds_hook_capture_cap.json
--- PASS: TestSecurity_HookCaptureCapBoundsAnOversizePayload (5.43s)
=== RUN   TestSecurity_ConfigurationCannotRaiseTheCaptureCap
    bounds_test.go:447: security bounds_config_cannot_raise_the_capture_cap: verified — the configured payload bound was clamped to the supported value, the oversize payload was refused, and the hook contract held.
          detail:   config print reports runtime.hotPath.maxPayloadBytes=1048576; 1 configuration violation(s) recorded; daemon reachable=true; ordinary capture retained=true
          artifact: C:\Users\Quant\AppData\Local\Temp\TestSecurity_ConfigurationCannotRaiseTheCaptureCap2526336139\001\bounds_config_cannot_raise_the_capture_cap.json
--- PASS: TestSecurity_ConfigurationCannotRaiseTheCaptureCap (7.54s)
=== RUN   TestSecurity_MCPResponseStaysWithinItsConfiguredBound
    bounds_test.go:499: security bounds_mcp_max_response_bytes: verified — with runtime.mcp.maxResponseBytes=4096, a full expand of a 24636-byte object returned 4096 bytes, marked truncated, with a next_span cursor.
          detail:   
          artifact: C:\Users\Quant\AppData\Local\Temp\TestSecurity_MCPResponseStaysWithinItsConfiguredBound4091043409\001\bounds_mcp_max_response_bytes.json
--- PASS: TestSecurity_MCPResponseStaysWithinItsConfiguredBound (5.30s)
=== RUN   TestSecurity_ArchivedRetrievalCannotBeWalkedOutsideTheProject
=== RUN   TestSecurity_ArchivedRetrievalCannotBeWalkedOutsideTheProject/parent_directory_replaced_by_link_outside
    denied_test.go:230: security archive_trust_parent_directory_replaced_by_link_outside: verified — for parent_directory_replaced_by_link_outside, neither expand-by-id nor re_read-by-path materialized content for the escaping address; no byte of the file outside the project root appeared in any response, no refusal echoed the offending path, and the stored objects were untouched.
          detail:   escape built with an NTFS directory junction (mklink /J); envelopes: expand=denied(found=false) re_read=denied(found=false) recall=non_json({"hits":[],"count":0,"found":false,"query":{"text":"refresh token rotati…)
          artifact: C:\Users\Quant\AppData\Local\Temp\TestSecurity_ArchivedRetrievalCannotBeWalkedOutsideTheProjectpa2053882191\001\archive_trust_parent_directory_replaced_by_link_outside.json
=== RUN   TestSecurity_ArchivedRetrievalCannotBeWalkedOutsideTheProject/captured_file_replaced_by_link_outside
    denied_test.go:201: security archive_trust_captured_file_replaced_by_link_outside: skipped — symlink creation requires SeCreateSymbolicLinkPrivilege or Developer Mode
          detail:   
          artifact: C:\Users\Quant\AppData\Local\Temp\TestSecurity_ArchivedRetrievalCannotBeWalkedOutsideTheProjectca430250753\001\archive_trust_captured_file_replaced_by_link_outside.json
    denied_test.go:201: platform: archive_trust_captured_file_replaced_by_link_outside: symlink creation requires SeCreateSymbolicLinkPrivilege or Developer Mode
=== RUN   TestSecurity_ArchivedRetrievalCannotBeWalkedOutsideTheProject/lexical_parent_escape_in_a_stored_record
    denied_test.go:230: security archive_trust_lexical_parent_escape_in_a_stored_record: verified — for lexical_parent_escape_in_a_stored_record, neither expand-by-id nor re_read-by-path materialized content for the escaping address; no byte of the file outside the project root appeared in any response, no refusal echoed the offending path, and the stored objects were untouched.
          detail:   escape built with a hand-written tool_use record whose Path is ../outside/leak.txt; envelopes: expand=denied(found=false) re_read=tool_error recall=non_json({"hits":[],"count":0,"found":false,"query":{"text":"neighbouring project…)
          artifact: C:\Users\Quant\AppData\Local\Temp\TestSecurity_ArchivedRetrievalCannotBeWalkedOutsideTheProjectle4186467232\001\archive_trust_lexical_parent_escape_in_a_stored_record.json
--- PASS: TestSecurity_ArchivedRetrievalCannotBeWalkedOutsideTheProject (8.17s)
    --- PASS: TestSecurity_ArchivedRetrievalCannotBeWalkedOutsideTheProject/parent_directory_replaced_by_link_outside (1.07s)
    --- SKIP: TestSecurity_ArchivedRetrievalCannotBeWalkedOutsideTheProject/captured_file_replaced_by_link_outside (0.02s)
    --- PASS: TestSecurity_ArchivedRetrievalCannotBeWalkedOutsideTheProject/lexical_parent_escape_in_a_stored_record (0.27s)
=== RUN   TestSecurity_ReReadAnswersFromTheArchiveNotTheLiveDisk
    denied_test.go:294: security archive_trust_re_read_never_reads_the_live_disk: verified — re_read served the archived bytes after the working-tree file was replaced, and again after it was deleted; the replacement marker never appeared in either response.
          detail:   
          artifact: C:\Users\Quant\AppData\Local\Temp\TestSecurity_ReReadAnswersFromTheArchiveNotTheLiveDisk2322017453\001\archive_trust_re_read_never_reads_the_live_disk.json
--- PASS: TestSecurity_ReReadAnswersFromTheArchiveNotTheLiveDisk (4.33s)
=== RUN   TestHarness_FileVersionPredicateReadsTheObserversKey
=== RUN   TestHarness_FileVersionPredicateReadsTheObserversKey/the_observers_key_on_this_host
=== RUN   TestHarness_FileVersionPredicateReadsTheObserversKey/fold_true
=== RUN   TestHarness_FileVersionPredicateReadsTheObserversKey/fold_false
--- PASS: TestHarness_FileVersionPredicateReadsTheObserversKey (0.02s)
    --- PASS: TestHarness_FileVersionPredicateReadsTheObserversKey/the_observers_key_on_this_host (0.02s)
    --- PASS: TestHarness_FileVersionPredicateReadsTheObserversKey/fold_true (0.00s)
    --- PASS: TestHarness_FileVersionPredicateReadsTheObserversKey/fold_false (0.00s)
=== RUN   TestHarness_TempArtifactDirDoesNotOutliveItsTest
=== RUN   TestHarness_TempArtifactDirDoesNotOutliveItsTest/writes_a_record
--- PASS: TestHarness_TempArtifactDirDoesNotOutliveItsTest (0.01s)
    --- PASS: TestHarness_TempArtifactDirDoesNotOutliveItsTest/writes_a_record (0.01s)
=== RUN   TestSecurity_TelemetryCannotBeTurnedOn
    posture_test.go:82: security posture_telemetry_is_refused: verified — a project config setting runtime.telemetry.enabled=true was refused: the effective configuration reports false and state/config-violations.json names the key, so the refusal is loud rather than silent (§7.1, §11.3).
          detail:   1 configuration violation(s) recorded
          artifact: C:\Users\Quant\AppData\Local\Temp\TestSecurity_TelemetryCannotBeTurnedOn68820529\001\posture_telemetry_is_refused.json
--- PASS: TestSecurity_TelemetryCannotBeTurnedOn (0.26s)
=== RUN   TestSecurity_OutOfProjectCaptureIsRefusedBeforePersistence
    posture_test.go:140: security posture_out_of_project_capture_is_archived: verified — a capture whose tool_input named a file outside the project root persisted nothing: neither its bytes nor its absolute path reached any file under .qompack/, and the hook still exited 0 with a host-parseable document.
          detail:   swept 29 files under .qompack/
          artifact: C:\Users\Quant\AppData\Local\Temp\TestSecurity_OutOfProjectCaptureIsRefusedBeforePersistence228011703\001\posture_out_of_project_capture_is_archived.json
--- PASS: TestSecurity_OutOfProjectCaptureIsRefusedBeforePersistence (4.22s)
=== RUN   TestSecurity_AnyConfigurationViolationDisablesCapture
    posture_test.go:291: security posture_any_config_violation_disables_capture: verified — an invalid configuration key was clamped and reported — `config print` reports the default and state/config-violations.json names the key — and an ordinary capture under the same configuration was still retained.
          detail:   config print reports runtime.telemetry.enabled=false and the §11.3 list names it afterwards=true; violations recorded by the hook path alone=1; ordinary capture retained=true; daemon reachable within 10s=true
          artifact: C:\Users\Quant\AppData\Local\Temp\TestSecurity_AnyConfigurationViolationDisablesCapture439557658\001\posture_any_config_violation_disables_capture.json
--- PASS: TestSecurity_AnyConfigurationViolationDisablesCapture (9.75s)
=== RUN   TestSecurity_NoSecretReachesAnyDurableSurface
    redaction_test.go:172: security privacy_surface_backup: verified — no literal and no >8-byte fragment of any of the 11 planted credential families survives under backup.
          detail:   53 files, 156339 bytes swept, 40 redaction placeholders
          artifact: C:\Users\Quant\AppData\Local\Temp\TestSecurity_NoSecretReachesAnyDurableSurface1437226908\001\privacy_surface_backup.json
    redaction_test.go:172: security privacy_surface_checkpoints: verified — no literal and no >8-byte fragment of any of the 11 planted credential families survives under checkpoints.
          detail:   2 files, 1050 bytes swept, 0 redaction placeholders
          artifact: C:\Users\Quant\AppData\Local\Temp\TestSecurity_NoSecretReachesAnyDurableSurface1437226908\001\privacy_surface_checkpoints.json
    redaction_test.go:172: security privacy_surface_dag: verified — no literal and no >8-byte fragment of any of the 11 planted credential families survives under dag.
          detail:   1 files, 3355 bytes swept, 0 redaction placeholders
          artifact: C:\Users\Quant\AppData\Local\Temp\TestSecurity_NoSecretReachesAnyDurableSurface1437226908\001\privacy_surface_dag.json
    redaction_test.go:172: security privacy_surface_dot_root: verified — no literal and no >8-byte fragment of any of the 11 planted credential families survives under dot-root.
          detail:   2 files, 135 bytes swept, 0 redaction placeholders
          artifact: C:\Users\Quant\AppData\Local\Temp\TestSecurity_NoSecretReachesAnyDurableSurface1437226908\001\privacy_surface_dot_root.json
    redaction_test.go:172: security privacy_surface_eval_export: verified — no literal and no >8-byte fragment of any of the 11 planted credential families survives under eval-export.
          detail:   1 files, 1361 bytes swept, 0 redaction placeholders
          artifact: C:\Users\Quant\AppData\Local\Temp\TestSecurity_NoSecretReachesAnyDurableSurface1437226908\001\privacy_surface_eval_export.json
    redaction_test.go:172: security privacy_surface_index: verified — no literal and no >8-byte fragment of any of the 11 planted credential families survives under index.
          detail:   7 files, 31129 bytes swept, 4 redaction placeholders
          artifact: C:\Users\Quant\AppData\Local\Temp\TestSecurity_NoSecretReachesAnyDurableSurface1437226908\001\privacy_surface_index.json
    redaction_test.go:172: security privacy_surface_logs: verified — no literal and no >8-byte fragment of any of the 11 planted credential families survives under logs.
          detail:   1 files, 848 bytes swept, 0 redaction placeholders
          artifact: C:\Users\Quant\AppData\Local\Temp\TestSecurity_NoSecretReachesAnyDurableSurface1437226908\001\privacy_surface_logs.json
    redaction_test.go:172: security privacy_surface_mcp_retrieval: verified — no literal and no >8-byte fragment of any of the 11 planted credential families survives under mcp-retrieval.
          detail:   7 files, 10075 bytes swept, 23 redaction placeholders
          artifact: C:\Users\Quant\AppData\Local\Temp\TestSecurity_NoSecretReachesAnyDurableSurface1437226908\001\privacy_surface_mcp_retrieval.json
    redaction_test.go:172: security privacy_surface_metrics: verified — no literal and no >8-byte fragment of any of the 11 planted credential families survives under metrics.
          detail:   1 files, 2720 bytes swept, 0 redaction placeholders
          artifact: C:\Users\Quant\AppData\Local\Temp\TestSecurity_NoSecretReachesAnyDurableSurface1437226908\001\privacy_surface_metrics.json
    redaction_test.go:172: security privacy_surface_objects: verified — no literal and no >8-byte fragment of any of the 11 planted credential families survives under objects.
          detail:   9 files, 21775 bytes swept, 36 redaction placeholders
          artifact: C:\Users\Quant\AppData\Local\Temp\TestSecurity_NoSecretReachesAnyDurableSurface1437226908\001\privacy_surface_objects.json
    redaction_test.go:172: security privacy_surface_pins: verified — no literal and no >8-byte fragment of any of the 11 planted credential families survives under pins.
          detail:   1 files, 3 bytes swept, 0 redaction placeholders
          artifact: C:\Users\Quant\AppData\Local\Temp\TestSecurity_NoSecretReachesAnyDurableSurface1437226908\001\privacy_surface_pins.json
    redaction_test.go:172: security privacy_surface_records: verified — no literal and no >8-byte fragment of any of the 11 planted credential families survives under records.
          detail:   4 files, 10264 bytes swept, 0 redaction placeholders
          artifact: C:\Users\Quant\AppData\Local\Temp\TestSecurity_NoSecretReachesAnyDurableSurface1437226908\001\privacy_surface_records.json
    redaction_test.go:172: security privacy_surface_run: verified — no literal and no >8-byte fragment of any of the 11 planted credential families survives under run.
          detail:   1 files, 61 bytes swept, 0 redaction placeholders
          artifact: C:\Users\Quant\AppData\Local\Temp\TestSecurity_NoSecretReachesAnyDurableSurface1437226908\001\privacy_surface_run.json
    redaction_test.go:172: security privacy_surface_sketches: verified — no literal and no >8-byte fragment of any of the 11 planted credential families survives under sketches.
          detail:   3 files, 68648 bytes swept, 0 redaction placeholders
          artifact: C:\Users\Quant\AppData\Local\Temp\TestSecurity_NoSecretReachesAnyDurableSurface1437226908\001\privacy_surface_sketches.json
    redaction_test.go:172: security privacy_surface_spool: verified — no literal and no >8-byte fragment of any of the 11 planted credential families survives under spool.
          detail:   1 files, 464 bytes swept, 0 redaction placeholders
          artifact: C:\Users\Quant\AppData\Local\Temp\TestSecurity_NoSecretReachesAnyDurableSurface1437226908\001\privacy_surface_spool.json
    redaction_test.go:172: security privacy_surface_state: verified — no literal and no >8-byte fragment of any of the 11 planted credential families survives under state.
          detail:   22 files, 12269 bytes swept, 0 redaction placeholders
          artifact: C:\Users\Quant\AppData\Local\Temp\TestSecurity_NoSecretReachesAnyDurableSurface1437226908\001\privacy_surface_state.json
    redaction_test.go:174: security privacy_backup_take: verified — a consistent backup of 52 files was taken through the real store.Migrator.TakeBackup with the legacy-import gate supplied by the test (it ships closed, so no shipped build reaches this code); its tree is swept as its own surface.
          detail:   manifest consistent=true
          artifact: C:\Users\Quant\AppData\Local\Temp\TestSecurity_NoSecretReachesAnyDurableSurface1437226908\001\privacy_backup_take.json
    redaction_test.go:175: security privacy_eval_export: verified — eval.Import wrote 1 session(s) from 1 transcript file(s) with the default redaction and the operator's own runtime.redact.patterns rule, replacing 22 spans; the destination is swept as its own surface.
          detail:   
          artifact: C:\Users\Quant\AppData\Local\Temp\TestSecurity_NoSecretReachesAnyDurableSurface1437226908\001\privacy_eval_export.json
--- PASS: TestSecurity_NoSecretReachesAnyDurableSurface (8.09s)
=== RUN   TestSecurity_AssignmentRuleCoverageForUnderscoredKeys
    redaction_test.go:467: security privacy_assignment_rule_underscored_keys: verified — the assignment rule reaches an underscore-prefixed key: an `_authToken=` credential was redacted on every durable surface.
          detail:   swept 34 files under .qompack/; probe key spelling `_authToken=`
          artifact: C:\Users\Quant\AppData\Local\Temp\TestSecurity_AssignmentRuleCoverageForUnderscoredKeys459708997\001\privacy_assignment_rule_underscored_keys.json
--- PASS: TestSecurity_AssignmentRuleCoverageForUnderscoredKeys (3.86s)
=== RUN   TestSecurity_LoudDiagnosticsNeverCarryTheSecret
    redaction_test.go:551: security privacy_loud_log_carries_no_secret: verified — the daemon quarantined a credential-bearing object and Louded about it; logs/LOUD.log was written, was swept by name, and carries no literal and no >8-byte fragment of any of the 11 planted credentials. The Loud names a 12-character hash prefix and a reason, never a span of the content.
          detail:   expand envelope unavailable; logs/ held [logs/LOUD.log logs/qompack-20260926.log]
          artifact: C:\Users\Quant\AppData\Local\Temp\TestSecurity_LoudDiagnosticsNeverCarryTheSecret3093571610\001\privacy_loud_log_carries_no_secret.json
--- PASS: TestSecurity_LoudDiagnosticsNeverCarryTheSecret (3.81s)
=== RUN   TestSecurity_ForcedGCPreservesQuarantineAndCaptureEvidence
    retention_test.go:125: security retention_forced_gc_preserves_evidence: verified — a GC pass with negative retention on both axes — the forcing form — collected objects and left every piece of diagnostic evidence in place: the quarantined object, the .corrupt.<ms> sketch, and every records/captures/** sidecar.
          detail:   GC deleted 5 object(s); quarantine 1→1, captures 1→1
          artifact: C:\Users\Quant\AppData\Local\Temp\TestSecurity_ForcedGCPreservesQuarantineAndCaptureEvidence3119186188\001\retention_forced_gc_preserves_evidence.json
--- PASS: TestSecurity_ForcedGCPreservesQuarantineAndCaptureEvidence (4.53s)
=== RUN   TestSecurity_ArchivedTextIsDataNeverAnInstruction
    untrusted_test.go:129: security archive_trust_stored_text_is_never_executed: verified — prompt-injection-shaped content and a shell command were captured and then retrieved through 3 tools; every response carrying archived text set _meta.qompack.untrusted, the content came back verbatim, and the sentinel file the archived command would have created was never created.
          detail:   labelled: expand, re_read, recall
          artifact: C:\Users\Quant\AppData\Local\Temp\TestSecurity_ArchivedTextIsDataNeverAnInstruction2793102252\001\archive_trust_stored_text_is_never_executed.json
--- PASS: TestSecurity_ArchivedTextIsDataNeverAnInstruction (10.76s)
=== RUN   TestSecurity_MCPServerNeverImportsOSExec
    untrusted_test.go:171: security archive_trust_mcp_imports_no_exec: verified — the transitive import set of internal/mcp contains no os/exec: the retrieval layer has no mechanism to execute anything, archived or otherwise. The no-network rule for the same graph is owned by test/guards' TestGuard_NoNetworkImports and is cited, not duplicated, here.
          detail:   156 transitive packages inspected
          artifact: C:\Users\Quant\AppData\Local\Temp\TestSecurity_MCPServerNeverImportsOSExec4251992323\001\archive_trust_mcp_imports_no_exec.json
--- PASS: TestSecurity_MCPServerNeverImportsOSExec (2.06s)
=== RUN   TestV6_ArchivedReadRetainsItsAuthorizationBoundary
    v6_authorization_test.go:44: security v6_outside_read_by_id: verified — the packaged MCP server denied the address without materializing forbidden content
          detail:   envelope=denied(found=false); synthetic forbidden marker exposed=false
          artifact: C:\Users\Quant\AppData\Local\Temp\TestV6_ArchivedReadRetainsItsAuthorizationBoundary1267643409\001\v6_outside_read_by_id.json
--- PASS: TestV6_ArchivedReadRetainsItsAuthorizationBoundary (6.52s)
=== RUN   TestV6_HashAddressesDoNotBypassPathAuthorization
    v6_authorization_test.go:65: security: qompack.exe [session-start] took 5.357s
=== RUN   TestV6_HashAddressesDoNotBypassPathAuthorization/tool_use_id
    v6_authorization_test.go:102: security v6_escape_tool_use_id: verified — the packaged MCP server denied the address without materializing forbidden content
          detail:   envelope=denied(found=false); synthetic forbidden marker exposed=false
          artifact: C:\Users\Quant\AppData\Local\Temp\TestV6_HashAddressesDoNotBypassPathAuthorizationtool_use_id3455966480\001\v6_escape_tool_use_id.json
=== RUN   TestV6_HashAddressesDoNotBypassPathAuthorization/root_hash
    v6_authorization_test.go:102: security v6_escape_root_hash: verified — the packaged MCP server denied the address without materializing forbidden content
          detail:   envelope=denied(found=false); synthetic forbidden marker exposed=false
          artifact: C:\Users\Quant\AppData\Local\Temp\TestV6_HashAddressesDoNotBypassPathAuthorizationroot_hash2217580504\001\v6_escape_root_hash.json
=== RUN   TestV6_HashAddressesDoNotBypassPathAuthorization/chunk_hash
    v6_authorization_test.go:102: security v6_escape_chunk_hash: verified — the packaged MCP server denied the address without materializing forbidden content
          detail:   envelope=denied(found=false); synthetic forbidden marker exposed=false
          artifact: C:\Users\Quant\AppData\Local\Temp\TestV6_HashAddressesDoNotBypassPathAuthorizationchunk_hash2669765524\001\v6_escape_chunk_hash.json
--- PASS: TestV6_HashAddressesDoNotBypassPathAuthorization (9.59s)
    --- PASS: TestV6_HashAddressesDoNotBypassPathAuthorization/tool_use_id (0.04s)
    --- PASS: TestV6_HashAddressesDoNotBypassPathAuthorization/root_hash (0.02s)
    --- PASS: TestV6_HashAddressesDoNotBypassPathAuthorization/chunk_hash (0.03s)
=== RUN   TestV6_HostReadRulesGovernArchivedRetrieval
    v6_host_permissions_test.go:187: security v6_host_read_rules_govern_archived_retrieval: verified — every retrieval form of the packaged MCP server refused a path under a current Claude Code deny or ask rule, and withheld path-bearing content while a settings file was unreadable
          detail:   ask/expand_chunk_hash=denied(found=false); ask/expand_root_hash=denied(found=false); ask/expand_tool_use_id=denied(found=false); ask/re_read_at_hash=denied(found=false); ask/re_read_latest=denied(found=false); ask/re_read_trailing_dot_alias=denied(found=false); ask/re_read_trailing_space_alias=denied(found=false); ask/recall=hits=0,denied=10,host_policy=false; deny/expand_chunk_hash=denied(found=false); deny/expand_root_hash=denied(found=false); deny/expand_tool_use_id=denied(found=false); deny/re_read_at_hash=denied(found=false); deny/re_read_latest=denied(found=false); deny/re_read_trailing_dot_alias=denied(found=false); deny/re_read_trailing_space_alias=denied(found=false); deny/recall=hits=0,denied=8,host_policy=false; unreadable/expand_chunk_hash=unavailable; unreadable/expand_root_hash=unavailable; unreadable/expand_tool_use_id=unavailable; unreadable/re_read_at_hash=unavailable; unreadable/re_read_latest=unavailable; unreadable/re_read_trailing_dot_alias=unavailable; unreadable/re_read_trailing_space_alias=unavailable; unreadable/recall=hits=0,denied=10,host_policy=true
          artifact: C:\Users\Quant\AppData\Local\Temp\TestV6_HostReadRulesGovernArchivedRetrieval1124348967\001\v6_host_read_rules_govern_archived_retrieval.json
--- PASS: TestV6_HostReadRulesGovernArchivedRetrieval (20.99s)
PASS
ok  	github.com/qompack/qompack/test/security	127.926s
=== RUN   TestGuard_Phase0BeforeStore
--- PASS: TestGuard_Phase0BeforeStore (0.00s)
=== RUN   TestGuard_StoreAndNegknowBeforeCheckpoint
--- PASS: TestGuard_StoreAndNegknowBeforeCheckpoint (0.18s)
=== RUN   TestGuard_SubmodularInertWithoutPSelection
=== PAUSE TestGuard_SubmodularInertWithoutPSelection
=== RUN   TestGuard_SelectorRefusesWithoutPSelection
=== PAUSE TestGuard_SelectorRefusesWithoutPSelection
=== RUN   TestGuard_O1FlagDefaults
=== PAUSE TestGuard_O1FlagDefaults
=== RUN   TestGuard_SubmodularDefaultsOff
=== PAUSE TestGuard_SubmodularDefaultsOff
=== RUN   TestGuard_CacheOrderingIdentifiersStayInsideEval
=== PAUSE TestGuard_CacheOrderingIdentifiersStayInsideEval
=== RUN   TestGuard_CacheOrderingScannerSeesAMention
=== PAUSE TestGuard_CacheOrderingScannerSeesAMention
=== RUN   TestCarriedDefects_ManifestIsWellFormed
=== PAUSE TestCarriedDefects_ManifestIsWellFormed
=== RUN   TestCarriedDefects_OpenRowsHaveLivingEvidence
=== PAUSE TestCarriedDefects_OpenRowsHaveLivingEvidence
=== RUN   TestCarriedDefects_WaveReportRequiresResolution
=== PAUSE TestCarriedDefects_WaveReportRequiresResolution
=== RUN   TestColoadYieldersAreJudgedInIsolation
=== PAUSE TestColoadYieldersAreJudgedInIsolation
=== RUN   TestColoadDeclarationIsPinnedToTheGoConstant
=== PAUSE TestColoadDeclarationIsPinnedToTheGoConstant
=== RUN   TestGuard_CommandsAreFreeOfStdioAndWallClock
=== PAUSE TestGuard_CommandsAreFreeOfStdioAndWallClock
=== RUN   TestGuard_CommandsPurityScannerSeesAForbiddenSelector
=== PAUSE TestGuard_CommandsPurityScannerSeesAForbiddenSelector
=== RUN   TestGuard_FreshBuildReportsModeFull
--- PASS: TestGuard_FreshBuildReportsModeFull (0.05s)
=== RUN   TestGuard_DeclaredSeverityIsPreservedOnTheAssertion
=== PAUSE TestGuard_DeclaredSeverityIsPreservedOnTheAssertion
=== RUN   TestGuard_TheV1DeliveryPositionHasOneEncoder
=== RUN   TestGuard_TheV1DeliveryPositionHasOneEncoder/internal/daemon/delivery_lease.go:openDeliveryJournal
=== RUN   TestGuard_TheV1DeliveryPositionHasOneEncoder/internal/daemon/delivery_lease.go:openAckLocked
=== RUN   TestGuard_TheV1DeliveryPositionHasOneEncoder/every_deliveryPosition_marshal_site_is_named_here
--- PASS: TestGuard_TheV1DeliveryPositionHasOneEncoder (0.19s)
    --- PASS: TestGuard_TheV1DeliveryPositionHasOneEncoder/internal/daemon/delivery_lease.go:openDeliveryJournal (0.00s)
    --- PASS: TestGuard_TheV1DeliveryPositionHasOneEncoder/internal/daemon/delivery_lease.go:openAckLocked (0.00s)
    --- PASS: TestGuard_TheV1DeliveryPositionHasOneEncoder/every_deliveryPosition_marshal_site_is_named_here (0.05s)
=== RUN   TestGuard_TheDeliveryPositionScannerSeesEveryShapeItClaims
--- PASS: TestGuard_TheDeliveryPositionScannerSeesEveryShapeItClaims (0.00s)
=== RUN   TestGuard_FaultEnvIsConfinedToTwoFiles
=== PAUSE TestGuard_FaultEnvIsConfinedToTwoFiles
=== RUN   TestWorkflowGoVersionMatchesToolchain
    goversion_test.go:85: 20 go-version pins across [ci.yml marketplace.yml nightly.yml release.yml] all equal go.mod's toolchain go1.26.6
--- PASS: TestWorkflowGoVersionMatchesToolchain (0.07s)
=== RUN   TestMarketplaceWorkflowPinsWithTheReleasesGenerator
=== PAUSE TestMarketplaceWorkflowPinsWithTheReleasesGenerator
=== RUN   TestMarketplaceWorkflowReRunsCleanly
=== PAUSE TestMarketplaceWorkflowReRunsCleanly
=== RUN   TestGuard_NoNetworkImports
=== PAUSE TestGuard_NoNetworkImports
=== RUN   TestGuard_NoNetworkImports_DetectsAViolation
=== PAUSE TestGuard_NoNetworkImports_DetectsAViolation
=== RUN   TestNightlyFuzzMatrix
=== PAUSE TestNightlyFuzzMatrix
=== RUN   TestNightlyFuzz_LandedSubplansMirrorsCoverGo
=== PAUSE TestNightlyFuzz_LandedSubplansMirrorsCoverGo
=== RUN   TestQompackChangesOnlyThroughAnAuthorizedRevision
--- PASS: TestQompackChangesOnlyThroughAnAuthorizedRevision (0.02s)
=== RUN   TestQompackDeclaredVersionIsRecorded
--- PASS: TestQompackDeclaredVersionIsRecorded (0.00s)
=== RUN   TestQompackErrataAndRevisionLogAgree
--- PASS: TestQompackErrataAndRevisionLogAgree (0.00s)
=== RUN   TestGoreleaserBuildsNothingAndDraftsTheRelease
=== PAUSE TestGoreleaserBuildsNothingAndDraftsTheRelease
=== RUN   TestReleaseWorkflowGatesGoreleaserBehindReleaseCheck
=== PAUSE TestReleaseWorkflowGatesGoreleaserBehindReleaseCheck
=== RUN   TestGoreleaserGuardRejectsReshapedYAML
=== PAUSE TestGoreleaserGuardRejectsReshapedYAML
=== RUN   TestGuard_AReleasedLockReportsItsSealResidual
=== RUN   TestGuard_AReleasedLockReportsItsSealResidual/internal/daemon/borrowed_lease.go:ReleaseWithReport
=== RUN   TestGuard_AReleasedLockReportsItsSealResidual/every_release_in_internal/daemon_is_accounted_for
--- PASS: TestGuard_AReleasedLockReportsItsSealResidual (0.15s)
    --- PASS: TestGuard_AReleasedLockReportsItsSealResidual/internal/daemon/borrowed_lease.go:ReleaseWithReport (0.00s)
    --- PASS: TestGuard_AReleasedLockReportsItsSealResidual/every_release_in_internal/daemon_is_accounted_for (0.05s)
=== RUN   TestGuard_TheSealResidualScannerSeesBothCallShapes
--- PASS: TestGuard_TheSealResidualScannerSeesBothCallShapes (0.00s)
=== RUN   TestGuard_SelectorHasExactlyOnePosVersusPComparison
=== PAUSE TestGuard_SelectorHasExactlyOnePosVersusPComparison
=== RUN   TestGuard_SelectorBypassScannerSeesAComparison
=== PAUSE TestGuard_SelectorBypassScannerSeesAComparison
=== RUN   TestGuard_HotFilesAreReadWithDeleteSharing
=== RUN   TestGuard_HotFilesAreReadWithDeleteSharing/internal/daemon/lock.go:readLockFile
=== RUN   TestGuard_HotFilesAreReadWithDeleteSharing/internal/ipc/client.go:spawnLockIsStale
=== RUN   TestGuard_HotFilesAreReadWithDeleteSharing/internal/contract/monitor.go:load
=== RUN   TestGuard_HotFilesAreReadWithDeleteSharing/internal/contract/history.go:LoadHistory
=== RUN   TestGuard_HotFilesAreReadWithDeleteSharing/internal/rehydrate/drops.go:CurrentDrops
=== RUN   TestGuard_HotFilesAreReadWithDeleteSharing/internal/ipc/state.go:ReadState
=== RUN   TestGuard_HotFilesAreReadWithDeleteSharing/test/e2e/observer_e2e_test.go:obsSessionEndMarker
=== RUN   TestGuard_HotFilesAreReadWithDeleteSharing/test/e2e/sessionstart_compact_test.go:scAwaitState
=== RUN   TestGuard_HotFilesAreReadWithDeleteSharing/internal/store/backup.go:backupFileDigest
=== RUN   TestGuard_HotFilesAreReadWithDeleteSharing/internal/store/backup.go:TakeBackup
--- PASS: TestGuard_HotFilesAreReadWithDeleteSharing (0.12s)
    --- PASS: TestGuard_HotFilesAreReadWithDeleteSharing/internal/daemon/lock.go:readLockFile (0.00s)
    --- PASS: TestGuard_HotFilesAreReadWithDeleteSharing/internal/ipc/client.go:spawnLockIsStale (0.00s)
    --- PASS: TestGuard_HotFilesAreReadWithDeleteSharing/internal/contract/monitor.go:load (0.00s)
    --- PASS: TestGuard_HotFilesAreReadWithDeleteSharing/internal/contract/history.go:LoadHistory (0.00s)
    --- PASS: TestGuard_HotFilesAreReadWithDeleteSharing/internal/rehydrate/drops.go:CurrentDrops (0.00s)
    --- PASS: TestGuard_HotFilesAreReadWithDeleteSharing/internal/ipc/state.go:ReadState (0.00s)
    --- PASS: TestGuard_HotFilesAreReadWithDeleteSharing/test/e2e/observer_e2e_test.go:obsSessionEndMarker (0.00s)
    --- PASS: TestGuard_HotFilesAreReadWithDeleteSharing/test/e2e/sessionstart_compact_test.go:scAwaitState (0.00s)
    --- PASS: TestGuard_HotFilesAreReadWithDeleteSharing/internal/store/backup.go:backupFileDigest (0.00s)
    --- PASS: TestGuard_HotFilesAreReadWithDeleteSharing/internal/store/backup.go:TakeBackup (0.00s)
=== RUN   TestGuard_SharedReaderScannerSeesAForbiddenCall
--- PASS: TestGuard_SharedReaderScannerSeesAForbiddenCall (0.00s)
=== RUN   TestGuard_NoSilentSketchLoadOutsideItsPackage
=== PAUSE TestGuard_NoSilentSketchLoadOutsideItsPackage
=== RUN   TestGuard_SketchLoadScannerSeesACall
=== PAUSE TestGuard_SketchLoadScannerSeesACall
=== RUN   TestObserverNewRequiresItsCollaborators
=== RUN   TestObserverNewRequiresItsCollaborators/Clock
=== RUN   TestObserverNewRequiresItsCollaborators/ProjectRoot
=== RUN   TestObserverNewRequiresItsCollaborators/Store
=== RUN   TestObserverNewRequiresItsCollaborators/Graph
=== RUN   TestObserverNewRequiresItsCollaborators/Log
--- PASS: TestObserverNewRequiresItsCollaborators (0.12s)
    --- PASS: TestObserverNewRequiresItsCollaborators/Clock (0.00s)
    --- PASS: TestObserverNewRequiresItsCollaborators/ProjectRoot (0.00s)
    --- PASS: TestObserverNewRequiresItsCollaborators/Store (0.00s)
    --- PASS: TestObserverNewRequiresItsCollaborators/Graph (0.00s)
    --- PASS: TestObserverNewRequiresItsCollaborators/Log (0.00s)
=== RUN   TestAllStubsReturnNotImplemented
=== RUN   TestAllStubsReturnNotImplemented/chunk
=== RUN   TestAllStubsReturnNotImplemented/canon
=== RUN   TestAllStubsReturnNotImplemented/symbols
=== RUN   TestAllStubsReturnNotImplemented/redact
=== RUN   TestAllStubsReturnNotImplemented/sketch
=== RUN   TestAllStubsReturnNotImplemented/store
=== RUN   TestAllStubsReturnNotImplemented/dag
=== RUN   TestAllStubsReturnNotImplemented/grammar
=== RUN   TestAllStubsReturnNotImplemented/negknow
=== RUN   TestAllStubsReturnNotImplemented/analyzer
=== RUN   TestAllStubsReturnNotImplemented/scheduler
=== RUN   TestAllStubsReturnNotImplemented/checkpoint
=== RUN   TestAllStubsReturnNotImplemented/pins
=== RUN   TestAllStubsReturnNotImplemented/rules
=== RUN   TestAllStubsReturnNotImplemented/skills
=== RUN   TestAllStubsReturnNotImplemented/mcp
=== RUN   TestAllStubsReturnNotImplemented/eval
=== RUN   TestAllStubsReturnNotImplemented/ipc
=== RUN   TestAllStubsReturnNotImplemented/observer
=== RUN   TestAllStubsReturnNotImplemented/contract
=== RUN   TestAllStubsReturnNotImplemented/state
=== RUN   TestAllStubsReturnNotImplemented/admission
=== RUN   TestAllStubsReturnNotImplemented/hostperm
--- PASS: TestAllStubsReturnNotImplemented (0.76s)
    --- PASS: TestAllStubsReturnNotImplemented/chunk (0.00s)
    --- PASS: TestAllStubsReturnNotImplemented/canon (0.00s)
    --- PASS: TestAllStubsReturnNotImplemented/symbols (0.00s)
    --- PASS: TestAllStubsReturnNotImplemented/redact (0.00s)
    --- PASS: TestAllStubsReturnNotImplemented/sketch (0.00s)
    --- PASS: TestAllStubsReturnNotImplemented/store (0.38s)
    --- PASS: TestAllStubsReturnNotImplemented/dag (0.03s)
    --- PASS: TestAllStubsReturnNotImplemented/grammar (0.00s)
    --- PASS: TestAllStubsReturnNotImplemented/negknow (0.08s)
    --- PASS: TestAllStubsReturnNotImplemented/analyzer (0.00s)
    --- PASS: TestAllStubsReturnNotImplemented/scheduler (0.00s)
    --- PASS: TestAllStubsReturnNotImplemented/checkpoint (0.00s)
    --- PASS: TestAllStubsReturnNotImplemented/pins (0.02s)
    --- PASS: TestAllStubsReturnNotImplemented/rules (0.00s)
    --- PASS: TestAllStubsReturnNotImplemented/skills (0.00s)
    --- PASS: TestAllStubsReturnNotImplemented/mcp (0.00s)
    --- PASS: TestAllStubsReturnNotImplemented/eval (0.00s)
    --- PASS: TestAllStubsReturnNotImplemented/ipc (0.00s)
    --- PASS: TestAllStubsReturnNotImplemented/observer (0.21s)
    --- PASS: TestAllStubsReturnNotImplemented/contract (0.03s)
    --- PASS: TestAllStubsReturnNotImplemented/state (0.00s)
    --- PASS: TestAllStubsReturnNotImplemented/admission (0.00s)
    --- PASS: TestAllStubsReturnNotImplemented/hostperm (0.00s)
=== RUN   TestStubRegistry_ListsEveryPackageOnDisk
=== PAUSE TestStubRegistry_ListsEveryPackageOnDisk
=== RUN   TestV1_AppendOnlyInvariantSurvivesRealHookRun
=== RUN   TestV1_AppendOnlyInvariantSurvivesRealHookRun/a_trunc_on_checkpoint
=== RUN   TestV1_AppendOnlyInvariantSurvivesRealHookRun/b_nonappend_write_on_pins
=== RUN   TestV1_AppendOnlyInvariantSurvivesRealHookRun/c_writeatomic_on_bloom
=== RUN   TestV1_AppendOnlyInvariantSurvivesRealHookRun/d_createnew_twice
=== RUN   TestV1_AppendOnlyInvariantSurvivesRealHookRun/e_appendonly_wrong_extension
--- PASS: TestV1_AppendOnlyInvariantSurvivesRealHookRun (0.19s)
    --- PASS: TestV1_AppendOnlyInvariantSurvivesRealHookRun/a_trunc_on_checkpoint (0.00s)
    --- PASS: TestV1_AppendOnlyInvariantSurvivesRealHookRun/b_nonappend_write_on_pins (0.00s)
    --- PASS: TestV1_AppendOnlyInvariantSurvivesRealHookRun/c_writeatomic_on_bloom (0.00s)
    --- PASS: TestV1_AppendOnlyInvariantSurvivesRealHookRun/d_createnew_twice (0.00s)
    --- PASS: TestV1_AppendOnlyInvariantSurvivesRealHookRun/e_appendonly_wrong_extension (0.00s)
=== RUN   TestV1_WriteSetConfinedAcrossFullHookSequence
--- PASS: TestV1_WriteSetConfinedAcrossFullHookSequence (4.32s)
=== RUN   TestV1_StubGraphIsInertAndOwned
    v1_integration_test.go:368: eval has landed since V1; its stub-inertness rows no longer apply
    v1_integration_test.go:368: store has landed since V1; its stub-inertness rows no longer apply
    v1_integration_test.go:368: negknow has landed since V1; its stub-inertness rows no longer apply
    v1_integration_test.go:368: checkpoint has landed since V1; its stub-inertness rows no longer apply
--- PASS: TestV1_StubGraphIsInertAndOwned (0.52s)
=== RUN   TestV1_ContractMonitorDegradesAndRestoresLoudly
    v1_integration_test.go:426: LOUD.log absent in C:\Users\Quant\AppData\Local\Temp\TestV1_ContractMonitorDegradesAndRestoresLoudly998346472\001\project\.qompack\logs (nothing loud has happened yet); directory holds: [qompack-20260926.log]
--- PASS: TestV1_ContractMonitorDegradesAndRestoresLoudly (0.17s)
=== RUN   TestV1_ObsBudgetsAreConfigDrivenEndToEnd
--- PASS: TestV1_ObsBudgetsAreConfigDrivenEndToEnd (0.09s)
=== RUN   TestV1_FrozenContractFixturesRoundTripIntoDeclaredTypes
=== RUN   TestV1_FrozenContractFixturesRoundTripIntoDeclaredTypes/hookio_covers_every_event_and_source
=== RUN   TestV1_FrozenContractFixturesRoundTripIntoDeclaredTypes/checkpoint_golden_populates_every_tier_and_carries_no_code
=== RUN   TestV1_FrozenContractFixturesRoundTripIntoDeclaredTypes/pins_records_carry_a_round_trippable_invariant
--- PASS: TestV1_FrozenContractFixturesRoundTripIntoDeclaredTypes (0.17s)
    --- PASS: TestV1_FrozenContractFixturesRoundTripIntoDeclaredTypes/hookio_covers_every_event_and_source (0.00s)
    --- PASS: TestV1_FrozenContractFixturesRoundTripIntoDeclaredTypes/checkpoint_golden_populates_every_tier_and_carries_no_code (0.00s)
    --- PASS: TestV1_FrozenContractFixturesRoundTripIntoDeclaredTypes/pins_records_carry_a_round_trippable_invariant (0.00s)
=== RUN   TestV1_ToolchainGatesRejectRealViolations
=== RUN   TestV1_ToolchainGatesRejectRealViolations/TestNoMagic_Analyzer
=== RUN   TestV1_ToolchainGatesRejectRealViolations/TestImportGraph_RejectsViolation
=== RUN   TestV1_ToolchainGatesRejectRealViolations/TestTestDeps_RejectsProductionTestify
=== RUN   TestV1_ToolchainGatesRejectRealViolations/TestScanAllowComments_BareAllowIsNotExempt
--- PASS: TestV1_ToolchainGatesRejectRealViolations (16.86s)
    --- PASS: TestV1_ToolchainGatesRejectRealViolations/TestNoMagic_Analyzer (5.77s)
    --- PASS: TestV1_ToolchainGatesRejectRealViolations/TestImportGraph_RejectsViolation (3.94s)
    --- PASS: TestV1_ToolchainGatesRejectRealViolations/TestTestDeps_RejectsProductionTestify (4.26s)
    --- PASS: TestV1_ToolchainGatesRejectRealViolations/TestScanAllowComments_BareAllowIsNotExempt (2.80s)
=== RUN   TestGuard_WriteSetConfinedToQompack
--- PASS: TestGuard_WriteSetConfinedToQompack (0.18s)
=== RUN   TestGuard_WriteSetDetectsAStrayWrite
=== PAUSE TestGuard_WriteSetDetectsAStrayWrite
=== CONT  TestGuard_SubmodularInertWithoutPSelection
--- PASS: TestGuard_SubmodularInertWithoutPSelection (0.00s)
=== CONT  TestGuard_WriteSetDetectsAStrayWrite
=== CONT  TestMarketplaceWorkflowPinsWithTheReleasesGenerator
=== CONT  TestReleaseWorkflowGatesGoreleaserBehindReleaseCheck
=== CONT  TestGuard_NoSilentSketchLoadOutsideItsPackage
=== CONT  TestStubRegistry_ListsEveryPackageOnDisk
=== CONT  TestGuard_SketchLoadScannerSeesACall
=== CONT  TestCarriedDefects_WaveReportRequiresResolution
=== CONT  TestGuard_CommandsPurityScannerSeesAForbiddenSelector
=== CONT  TestGuard_CacheOrderingIdentifiersStayInsideEval
=== CONT  TestGuard_FaultEnvIsConfinedToTwoFiles
=== CONT  TestCarriedDefects_ManifestIsWellFormed
=== CONT  TestGuard_SelectorHasExactlyOnePosVersusPComparison
=== CONT  TestCarriedDefects_OpenRowsHaveLivingEvidence
=== CONT  TestGuard_CacheOrderingScannerSeesAMention
=== CONT  TestGuard_SelectorBypassScannerSeesAComparison
=== CONT  TestGoreleaserBuildsNothingAndDraftsTheRelease
=== CONT  TestGoreleaserGuardRejectsReshapedYAML
--- PASS: TestGoreleaserGuardRejectsReshapedYAML (0.00s)
=== CONT  TestColoadDeclarationIsPinnedToTheGoConstant
=== CONT  TestGuard_CommandsAreFreeOfStdioAndWallClock
=== CONT  TestGuard_SubmodularDefaultsOff
--- PASS: TestGuard_SubmodularDefaultsOff (0.00s)
=== CONT  TestGuard_O1FlagDefaults
--- PASS: TestGuard_O1FlagDefaults (0.00s)
=== CONT  TestGuard_SelectorRefusesWithoutPSelection
--- PASS: TestGuard_SelectorRefusesWithoutPSelection (0.00s)
=== CONT  TestColoadYieldersAreJudgedInIsolation
=== CONT  TestGuard_DeclaredSeverityIsPreservedOnTheAssertion
=== CONT  TestGuard_NoNetworkImports_DetectsAViolation
=== CONT  TestNightlyFuzz_LandedSubplansMirrorsCoverGo
--- PASS: TestGuard_NoNetworkImports_DetectsAViolation (0.00s)
=== CONT  TestNightlyFuzzMatrix
--- PASS: TestGuard_DeclaredSeverityIsPreservedOnTheAssertion (0.00s)
=== CONT  TestGuard_NoNetworkImports
--- PASS: TestGuard_CommandsPurityScannerSeesAForbiddenSelector (0.04s)
=== CONT  TestMarketplaceWorkflowReRunsCleanly
--- PASS: TestGuard_WriteSetDetectsAStrayWrite (0.05s)
--- PASS: TestGuard_SketchLoadScannerSeesACall (0.06s)
--- PASS: TestGuard_SelectorBypassScannerSeesAComparison (0.06s)
--- PASS: TestGuard_CacheOrderingScannerSeesAMention (0.06s)
=== RUN   TestNightlyFuzzMatrix/canon_FuzzCanonicalize
=== PAUSE TestNightlyFuzzMatrix/canon_FuzzCanonicalize
=== RUN   TestNightlyFuzzMatrix/canon_FuzzNumericMatchesAgreeWithReference
=== PAUSE TestNightlyFuzzMatrix/canon_FuzzNumericMatchesAgreeWithReference
=== RUN   TestNightlyFuzzMatrix/canon_FuzzPrefilterAgreesWithFullScan
=== PAUSE TestNightlyFuzzMatrix/canon_FuzzPrefilterAgreesWithFullScan
=== RUN   TestNightlyFuzzMatrix/canon_FuzzRestore
=== PAUSE TestNightlyFuzzMatrix/canon_FuzzRestore
=== RUN   TestNightlyFuzzMatrix/canon_FuzzTrailingWSAgreesWithReference
=== PAUSE TestNightlyFuzzMatrix/canon_FuzzTrailingWSAgreesWithReference
=== RUN   TestNightlyFuzzMatrix/checkpoint_FuzzParseGitIndex
=== PAUSE TestNightlyFuzzMatrix/checkpoint_FuzzParseGitIndex
=== RUN   TestNightlyFuzzMatrix/checkpoint_FuzzStripInjections
=== PAUSE TestNightlyFuzzMatrix/checkpoint_FuzzStripInjections
=== RUN   TestNightlyFuzzMatrix/chunk_FuzzSplit
=== PAUSE TestNightlyFuzzMatrix/chunk_FuzzSplit
=== RUN   TestNightlyFuzzMatrix/chunk_FuzzSplitStream
=== PAUSE TestNightlyFuzzMatrix/chunk_FuzzSplitStream
=== RUN   TestNightlyFuzzMatrix/config_FuzzConfigLoad
=== PAUSE TestNightlyFuzzMatrix/config_FuzzConfigLoad
=== RUN   TestNightlyFuzzMatrix/daemon_FuzzDeliverySealSelect
=== PAUSE TestNightlyFuzzMatrix/daemon_FuzzDeliverySealSelect
=== RUN   TestNightlyFuzzMatrix/eval_FuzzRedact
=== PAUSE TestNightlyFuzzMatrix/eval_FuzzRedact
=== RUN   TestNightlyFuzzMatrix/hookio_FuzzReadEvent
=== PAUSE TestNightlyFuzzMatrix/hookio_FuzzReadEvent
=== RUN   TestNightlyFuzzMatrix/ipc_FuzzDecodeRequest
=== PAUSE TestNightlyFuzzMatrix/ipc_FuzzDecodeRequest
=== RUN   TestNightlyFuzzMatrix/mcp_FuzzServeLine
=== PAUSE TestNightlyFuzzMatrix/mcp_FuzzServeLine
=== RUN   TestNightlyFuzzMatrix/observer_FuzzExtractSignals
=== PAUSE TestNightlyFuzzMatrix/observer_FuzzExtractSignals
=== RUN   TestNightlyFuzzMatrix/redact_FuzzRedactIdempotent
=== PAUSE TestNightlyFuzzMatrix/redact_FuzzRedactIdempotent
=== RUN   TestNightlyFuzzMatrix/redact_FuzzRedactPrefilterEquivalence
=== PAUSE TestNightlyFuzzMatrix/redact_FuzzRedactPrefilterEquivalence
=== RUN   TestNightlyFuzzMatrix/rehydrate_FuzzBuild_HostCeiling
=== PAUSE TestNightlyFuzzMatrix/rehydrate_FuzzBuild_HostCeiling
=== RUN   TestNightlyFuzzMatrix/sketch_FuzzBloomUnmarshalBinary
--- PASS: TestReleaseWorkflowGatesGoreleaserBehindReleaseCheck (0.29s)
=== PAUSE TestNightlyFuzzMatrix/sketch_FuzzBloomUnmarshalBinary
=== RUN   TestNightlyFuzzMatrix/sketch_FuzzCMSUnmarshalBinary
=== PAUSE TestNightlyFuzzMatrix/sketch_FuzzCMSUnmarshalBinary
=== RUN   TestNightlyFuzzMatrix/sketch_FuzzHLLUnmarshalBinary
=== PAUSE TestNightlyFuzzMatrix/sketch_FuzzHLLUnmarshalBinary
=== RUN   TestNightlyFuzzMatrix/sketch_FuzzMisraGriesUnmarshalBinary
=== PAUSE TestNightlyFuzzMatrix/sketch_FuzzMisraGriesUnmarshalBinary
=== RUN   TestNightlyFuzzMatrix/sketch_FuzzSignatureUnmarshalBinary
=== PAUSE TestNightlyFuzzMatrix/sketch_FuzzSignatureUnmarshalBinary
=== RUN   TestNightlyFuzzMatrix/symbols_FuzzExtract
=== PAUSE TestNightlyFuzzMatrix/symbols_FuzzExtract
=== CONT  TestNightlyFuzzMatrix/canon_FuzzCanonicalize
=== CONT  TestNightlyFuzzMatrix/ipc_FuzzDecodeRequest
=== CONT  TestNightlyFuzzMatrix/chunk_FuzzSplit
=== CONT  TestNightlyFuzzMatrix/daemon_FuzzDeliverySealSelect
=== CONT  TestNightlyFuzzMatrix/hookio_FuzzReadEvent
=== CONT  TestNightlyFuzzMatrix/config_FuzzConfigLoad
--- PASS: TestGuard_CommandsAreFreeOfStdioAndWallClock (0.34s)
=== CONT  TestNightlyFuzzMatrix/chunk_FuzzSplitStream
=== RUN   TestCarriedDefects_OpenRowsHaveLivingEvidence/SP08-D1
--- PASS: TestGuard_SelectorHasExactlyOnePosVersusPComparison (0.35s)
=== CONT  TestNightlyFuzzMatrix/sketch_FuzzBloomUnmarshalBinary
=== RUN   TestCarriedDefects_ManifestIsWellFormed/SP04-D1
=== RUN   TestCarriedDefects_ManifestIsWellFormed/SP04-D2
=== RUN   TestCarriedDefects_ManifestIsWellFormed/SP04-D3
=== RUN   TestCarriedDefects_ManifestIsWellFormed/SP04-D4
=== RUN   TestCarriedDefects_ManifestIsWellFormed/SP04-D5
=== RUN   TestCarriedDefects_ManifestIsWellFormed/SP04-D6
=== RUN   TestCarriedDefects_ManifestIsWellFormed/SP06-D1
=== RUN   TestCarriedDefects_ManifestIsWellFormed/SP05-D1
=== RUN   TestCarriedDefects_ManifestIsWellFormed/SP02-D1
=== RUN   TestCarriedDefects_ManifestIsWellFormed/SP02-D2
=== RUN   TestCarriedDefects_ManifestIsWellFormed/SP02-D3
=== RUN   TestCarriedDefects_ManifestIsWellFormed/SP02-D4
=== RUN   TestCarriedDefects_ManifestIsWellFormed/SP02-D5
=== RUN   TestCarriedDefects_ManifestIsWellFormed/SP02-D6
=== RUN   TestCarriedDefects_ManifestIsWellFormed/SP04-D7
=== RUN   TestCarriedDefects_ManifestIsWellFormed/SP06-D2
=== RUN   TestCarriedDefects_ManifestIsWellFormed/SP08-D1
=== RUN   TestCarriedDefects_ManifestIsWellFormed/SP10-D1
=== RUN   TestCarriedDefects_ManifestIsWellFormed/SP09-D1
=== RUN   TestCarriedDefects_ManifestIsWellFormed/SP20-D2
=== RUN   TestCarriedDefects_ManifestIsWellFormed/SP20-D3
=== RUN   TestCarriedDefects_ManifestIsWellFormed/SP08-D2
=== RUN   TestCarriedDefects_ManifestIsWellFormed/SP20-D1
=== RUN   TestCarriedDefects_ManifestIsWellFormed/SP05-D2
=== RUN   TestCarriedDefects_ManifestIsWellFormed/SP08-D3
--- PASS: TestGoreleaserBuildsNothingAndDraftsTheRelease (0.39s)
=== CONT  TestNightlyFuzzMatrix/symbols_FuzzExtract
=== RUN   TestCarriedDefects_ManifestIsWellFormed/SP20-D4
=== RUN   TestCarriedDefects_ManifestIsWellFormed/SP20-D5
=== RUN   TestCarriedDefects_ManifestIsWellFormed/SP20-D6
--- PASS: TestCarriedDefects_ManifestIsWellFormed (0.39s)
    --- PASS: TestCarriedDefects_ManifestIsWellFormed/SP04-D1 (0.00s)
    --- PASS: TestCarriedDefects_ManifestIsWellFormed/SP04-D2 (0.00s)
    --- PASS: TestCarriedDefects_ManifestIsWellFormed/SP04-D3 (0.00s)
    --- PASS: TestCarriedDefects_ManifestIsWellFormed/SP04-D4 (0.00s)
    --- PASS: TestCarriedDefects_ManifestIsWellFormed/SP04-D5 (0.00s)
    --- PASS: TestCarriedDefects_ManifestIsWellFormed/SP04-D6 (0.00s)
    --- PASS: TestCarriedDefects_ManifestIsWellFormed/SP06-D1 (0.00s)
    --- PASS: TestCarriedDefects_ManifestIsWellFormed/SP05-D1 (0.00s)
    --- PASS: TestCarriedDefects_ManifestIsWellFormed/SP02-D1 (0.00s)
    --- PASS: TestCarriedDefects_ManifestIsWellFormed/SP02-D2 (0.00s)
    --- PASS: TestCarriedDefects_ManifestIsWellFormed/SP02-D3 (0.00s)
    --- PASS: TestCarriedDefects_ManifestIsWellFormed/SP02-D4 (0.00s)
    --- PASS: TestCarriedDefects_ManifestIsWellFormed/SP02-D5 (0.00s)
    --- PASS: TestCarriedDefects_ManifestIsWellFormed/SP02-D6 (0.00s)
    --- PASS: TestCarriedDefects_ManifestIsWellFormed/SP04-D7 (0.00s)
    --- PASS: TestCarriedDefects_ManifestIsWellFormed/SP06-D2 (0.00s)
    --- PASS: TestCarriedDefects_ManifestIsWellFormed/SP08-D1 (0.00s)
    --- PASS: TestCarriedDefects_ManifestIsWellFormed/SP10-D1 (0.00s)
    --- PASS: TestCarriedDefects_ManifestIsWellFormed/SP09-D1 (0.00s)
    --- PASS: TestCarriedDefects_ManifestIsWellFormed/SP20-D2 (0.00s)
    --- PASS: TestCarriedDefects_ManifestIsWellFormed/SP20-D3 (0.00s)
    --- PASS: TestCarriedDefects_ManifestIsWellFormed/SP08-D2 (0.00s)
    --- PASS: TestCarriedDefects_ManifestIsWellFormed/SP20-D1 (0.00s)
    --- PASS: TestCarriedDefects_ManifestIsWellFormed/SP05-D2 (0.00s)
    --- PASS: TestCarriedDefects_ManifestIsWellFormed/SP08-D3 (0.00s)
    --- PASS: TestCarriedDefects_ManifestIsWellFormed/SP20-D4 (0.00s)
    --- PASS: TestCarriedDefects_ManifestIsWellFormed/SP20-D5 (0.00s)
    --- PASS: TestCarriedDefects_ManifestIsWellFormed/SP20-D6 (0.00s)
=== CONT  TestNightlyFuzzMatrix/sketch_FuzzSignatureUnmarshalBinary
--- PASS: TestMarketplaceWorkflowPinsWithTheReleasesGenerator (0.40s)
=== CONT  TestNightlyFuzzMatrix/sketch_FuzzMisraGriesUnmarshalBinary
--- PASS: TestMarketplaceWorkflowReRunsCleanly (0.36s)
=== CONT  TestNightlyFuzzMatrix/sketch_FuzzHLLUnmarshalBinary
--- PASS: TestNightlyFuzz_LandedSubplansMirrorsCoverGo (0.43s)
=== CONT  TestNightlyFuzzMatrix/sketch_FuzzCMSUnmarshalBinary
--- PASS: TestColoadDeclarationIsPinnedToTheGoConstant (0.43s)
=== CONT  TestNightlyFuzzMatrix/redact_FuzzRedactIdempotent
=== RUN   TestCarriedDefects_WaveReportRequiresResolution/SP06-D2
    carrieddefects_test.go:293: 
        	Error Trace:	C:/Users/Quant/Documents/Programming/Projects/qompack-cx-w5-helpers/test/guards/carrieddefects_test.go:293
        	Error:      	carried defect left unresolved at wave sign-off
        	Test:       	TestCarriedDefects_WaveReportRequiresResolution/SP06-D2
        	Messages:   	SP06-D2 is still `deferred:V6-VERIFY` in plans/CARRIED-DEFECTS.tsv, but plans/V6-report.md exists — V6-VERIFY has been signed off with a defect it was responsible for resolving.
        	            	
        	            	  the PutBytes cold and warm budgets (3 ms / 400 us) are 5.2x and 14.1x over on Windows at V5 (15.74 / 5.65 ms, cold allocations up 28 % since the wave-3 baseline) and have never been measured on the reference platform
        	            	
        	            	Resolve it one of two ways: fix it and set the status to `fixed`, or set the status to `deferred:<a later checkpoint>` and add the reason to plans/V2-WAVE1-carried-defects.md. Both are fine; leaving it for this checkpoint is not.
=== RUN   TestCarriedDefects_WaveReportRequiresResolution/SP08-D1
    carrieddefects_test.go:293: 
        	Error Trace:	C:/Users/Quant/Documents/Programming/Projects/qompack-cx-w5-helpers/test/guards/carrieddefects_test.go:293
        	Error:      	carried defect left unresolved at wave sign-off
        	Test:       	TestCarriedDefects_WaveReportRequiresResolution/SP08-D1
        	Messages:   	SP08-D1 is still `deferred:V6-VERIFY` in plans/CARRIED-DEFECTS.tsv, but plans/V6-report.md exists — V6-VERIFY has been signed off with a defect it was responsible for resolving.
        	            	
        	            	  OnToolUse over a 256 KB tool result breaches budget B-C (l0_process, p99 < 50 ms): 53-115 ms on Qompack.md 8.1's own one-changed-line case and 262-655 ms when every chunk is novel, dominated by store.PutBytes's per-novel-chunk object-write path
        	            	
        	            	Resolve it one of two ways: fix it and set the status to `fixed`, or set the status to `deferred:<a later checkpoint>` and add the reason to plans/V2-SP-08-carried-defects.md. Both are fine; leaving it for this checkpoint is not.
=== RUN   TestCarriedDefects_WaveReportRequiresResolution/SP10-D1
    carrieddefects_test.go:293: 
        	Error Trace:	C:/Users/Quant/Documents/Programming/Projects/qompack-cx-w5-helpers/test/guards/carrieddefects_test.go:293
        	Error:      	carried defect left unresolved at wave sign-off
        	Test:       	TestCarriedDefects_WaveReportRequiresResolution/SP10-D1
        	Messages:   	SP10-D1 is still `deferred:V6-VERIFY` in plans/CARRIED-DEFECTS.tsv, but plans/V6-report.md exists — V6-VERIFY has been signed off with a defect it was responsible for resolving.
        	            	
        	            	  Finalize measures 42.8-43.8 ms/op at 170-208 % processor performance but 64-73 ms/op at 128 % and at base clock on Windows against exit criterion 1570's 50 ms after perf(checkpoint) 72f3226 removed the paths.Norm share (264-284 ms before), and the reference platform has never been measured
        	            	
        	            	Resolve it one of two ways: fix it and set the status to `fixed`, or set the status to `deferred:<a later checkpoint>` and add the reason to plans/V2-SP-10-carried-defects.md. Both are fine; leaving it for this checkpoint is not.
=== RUN   TestCarriedDefects_WaveReportRequiresResolution/SP09-D1
    carrieddefects_test.go:293: 
        	Error Trace:	C:/Users/Quant/Documents/Programming/Projects/qompack-cx-w5-helpers/test/guards/carrieddefects_test.go:293
        	Error:      	carried defect left unresolved at wave sign-off
        	Test:       	TestCarriedDefects_WaveReportRequiresResolution/SP09-D1
        	Messages:   	SP09-D1 is still `deferred:V6-VERIFY` in plans/CARRIED-DEFECTS.tsv, but plans/V6-report.md exists — V6-VERIFY has been signed off with a defect it was responsible for resolving.
        	            	
        	            	  negknow Open measures 258-273 ms CPU/op at 120 % processor performance but 586-633 ms at 55 % on Windows against its 300 ms budget, so the budget holds on this host only at turbo clocks, and the reference platform has never been measured
        	            	
        	            	Resolve it one of two ways: fix it and set the status to `fixed`, or set the status to `deferred:<a later checkpoint>` and add the reason to plans/V2-WAVE1-carried-defects.md. Both are fine; leaving it for this checkpoint is not.
=== RUN   TestCarriedDefects_WaveReportRequiresResolution/SP20-D2
    carrieddefects_test.go:293: 
        	Error Trace:	C:/Users/Quant/Documents/Programming/Projects/qompack-cx-w5-helpers/test/guards/carrieddefects_test.go:293
        	Error:      	carried defect left unresolved at wave sign-off
        	Test:       	TestCarriedDefects_WaveReportRequiresResolution/SP20-D2
        	Messages:   	SP20-D2 is still `deferred:V6-VERIFY` in plans/CARRIED-DEFECTS.tsv, but plans/V6-report.md exists — V6-VERIFY has been signed off with a defect it was responsible for resolving.
        	            	
        	            	  verify-on-read (16ecc77) adds an Lstat, an fstat and a content hash of the plaintext to every object read, so GetChunk measures 85-88 us/op (26 allocs) against the 60 us budget where the wave-3 baseline read 45 us (18 allocs), and Search_1000Roots, which reads every candidate chunk through the same path, 82 ms against 25 ms where the baseline read 45-52 ms; OpenSpan_4KB_of_4MB (19 -> 27 allocs) stays inside its 150 us at turbo but reads 316-333 us at base clock
        	            	
        	            	Resolve it one of two ways: fix it and set the status to `fixed`, or set the status to `deferred:<a later checkpoint>` and add the reason to plans/V2-WAVE1-carried-defects.md. Both are fine; leaving it for this checkpoint is not.
=== RUN   TestCarriedDefects_WaveReportRequiresResolution/SP08-D3
    carrieddefects_test.go:293: 
        	Error Trace:	C:/Users/Quant/Documents/Programming/Projects/qompack-cx-w5-helpers/test/guards/carrieddefects_test.go:293
        	Error:      	carried defect left unresolved at wave sign-off
        	Test:       	TestCarriedDefects_WaveReportRequiresResolution/SP08-D3
        	Messages:   	SP08-D3 is still `deferred:V6-VERIFY` in plans/CARRIED-DEFECTS.tsv, but plans/V6-report.md exists — V6-VERIFY has been signed off with a defect it was responsible for resolving.
        	            	
        	            	  V6 worker capture restores spooled prompts and original publication intents, preserves distinct equal-text deliveries, and orders leased same-session replay; focused recovery and instrumented Linux crash-replay cases pass on identified snapshots, while final candidate packaged recovery and acceptance remain outstanding
        	            	
        	            	Resolve it one of two ways: fix it and set the status to `fixed`, or set the status to `deferred:<a later checkpoint>` and add the reason to plans/V2-SP-08-carried-defects.md. Both are fine; leaving it for this checkpoint is not.
--- FAIL: TestCarriedDefects_WaveReportRequiresResolution (0.45s)
    --- FAIL: TestCarriedDefects_WaveReportRequiresResolution/SP06-D2 (0.00s)
    --- FAIL: TestCarriedDefects_WaveReportRequiresResolution/SP08-D1 (0.00s)
    --- FAIL: TestCarriedDefects_WaveReportRequiresResolution/SP10-D1 (0.00s)
    --- FAIL: TestCarriedDefects_WaveReportRequiresResolution/SP09-D1 (0.00s)
    --- FAIL: TestCarriedDefects_WaveReportRequiresResolution/SP20-D2 (0.00s)
    --- FAIL: TestCarriedDefects_WaveReportRequiresResolution/SP08-D3 (0.00s)
=== CONT  TestNightlyFuzzMatrix/rehydrate_FuzzBuild_HostCeiling
--- PASS: TestGuard_FaultEnvIsConfinedToTwoFiles (0.90s)
=== CONT  TestNightlyFuzzMatrix/redact_FuzzRedactPrefilterEquivalence
--- PASS: TestGuard_CacheOrderingIdentifiersStayInsideEval (1.11s)
=== CONT  TestNightlyFuzzMatrix/observer_FuzzExtractSignals
--- PASS: TestGuard_NoSilentSketchLoadOutsideItsPackage (1.14s)
=== CONT  TestNightlyFuzzMatrix/eval_FuzzRedact
--- PASS: TestStubRegistry_ListsEveryPackageOnDisk (1.31s)
=== CONT  TestNightlyFuzzMatrix/canon_FuzzTrailingWSAgreesWithReference
--- PASS: TestGuard_NoNetworkImports (2.60s)
=== CONT  TestNightlyFuzzMatrix/checkpoint_FuzzStripInjections
=== NAME  TestColoadYieldersAreJudgedInIsolation
    coload_test.go:149: 13 yielders found from source: [./internal/daemon:TestFeaturesFrom_LexicalCohesionShingleCap ./internal/mcp:TestBudgetBF ./internal/negknow:TestBudget_DetectorScan ./internal/negknow:TestBudget_Open ./internal/negknow:TestBudget_QueryHit ./internal/negknow:TestBudget_QueryMiss ./internal/negknow:TestBudget_RebuildBloom ./internal/negknow:TestBudget_Record ./internal/negknow:TestBudget_RefreshStaleness ./internal/store:TestGC_DeadlineOvershootIsBoundedByTheCheckInterval ./internal/store:TestGC_DeadlineTruncatesAndResumes ./test/e2e:TestV3_HotPathUnchangedWithLedgerResident ./test/integration:TestIntegration_HotPathWarmWithRealResidentState]
    coload_test.go:209: ./test/e2e:TestV3_HotPathUnchangedWithLedgerResident is judged by `test-e2e`, which runs ./test/e2e whole
    coload_test.go:248: every yielder is judged in isolation: 12 by name in `timing`, the rest by `test-e2e`
--- PASS: TestColoadYieldersAreJudgedInIsolation (4.81s)
=== CONT  TestNightlyFuzzMatrix/checkpoint_FuzzParseGitIndex
=== NAME  TestNightlyFuzzMatrix/hookio_FuzzReadEvent
    nightlyfuzz_test.go:136: live: ./internal/hookio declares FuzzReadEvent; the nightly leg fuzzes it for real
=== CONT  TestNightlyFuzzMatrix/mcp_FuzzServeLine
=== NAME  TestNightlyFuzzMatrix/config_FuzzConfigLoad
    nightlyfuzz_test.go:136: live: ./internal/config declares FuzzConfigLoad; the nightly leg fuzzes it for real
=== CONT  TestNightlyFuzzMatrix/canon_FuzzPrefilterAgreesWithFullScan
=== NAME  TestNightlyFuzzMatrix/observer_FuzzExtractSignals
    nightlyfuzz_test.go:136: live: ./internal/observer declares FuzzExtractSignals; the nightly leg fuzzes it for real
=== CONT  TestNightlyFuzzMatrix/canon_FuzzRestore
=== NAME  TestNightlyFuzzMatrix/symbols_FuzzExtract
    nightlyfuzz_test.go:136: live: ./internal/symbols declares FuzzExtract; the nightly leg fuzzes it for real
=== CONT  TestNightlyFuzzMatrix/canon_FuzzNumericMatchesAgreeWithReference
=== NAME  TestNightlyFuzzMatrix/ipc_FuzzDecodeRequest
    nightlyfuzz_test.go:136: live: ./internal/ipc declares FuzzDecodeRequest; the nightly leg fuzzes it for real
=== NAME  TestNightlyFuzzMatrix/rehydrate_FuzzBuild_HostCeiling
    nightlyfuzz_test.go:136: live: ./internal/rehydrate declares FuzzBuild_HostCeiling; the nightly leg fuzzes it for real
=== NAME  TestNightlyFuzzMatrix/redact_FuzzRedactPrefilterEquivalence
    nightlyfuzz_test.go:136: live: ./internal/redact declares FuzzRedactPrefilterEquivalence; the nightly leg fuzzes it for real
=== NAME  TestNightlyFuzzMatrix/daemon_FuzzDeliverySealSelect
    nightlyfuzz_test.go:136: live: ./internal/daemon declares FuzzDeliverySealSelect; the nightly leg fuzzes it for real
=== NAME  TestNightlyFuzzMatrix/redact_FuzzRedactIdempotent
    nightlyfuzz_test.go:136: live: ./internal/redact declares FuzzRedactIdempotent; the nightly leg fuzzes it for real
=== NAME  TestNightlyFuzzMatrix/eval_FuzzRedact
    nightlyfuzz_test.go:136: live: ./internal/eval declares FuzzRedact; the nightly leg fuzzes it for real
=== NAME  TestNightlyFuzzMatrix/checkpoint_FuzzStripInjections
    nightlyfuzz_test.go:136: live: ./internal/checkpoint declares FuzzStripInjections; the nightly leg fuzzes it for real
=== NAME  TestNightlyFuzzMatrix/checkpoint_FuzzParseGitIndex
    nightlyfuzz_test.go:136: live: ./internal/checkpoint declares FuzzParseGitIndex; the nightly leg fuzzes it for real
=== NAME  TestNightlyFuzzMatrix/chunk_FuzzSplitStream
    nightlyfuzz_test.go:136: live: ./internal/chunk declares FuzzSplitStream; the nightly leg fuzzes it for real
=== NAME  TestNightlyFuzzMatrix/chunk_FuzzSplit
    nightlyfuzz_test.go:136: live: ./internal/chunk declares FuzzSplit; the nightly leg fuzzes it for real
=== NAME  TestNightlyFuzzMatrix/canon_FuzzCanonicalize
    nightlyfuzz_test.go:136: live: ./internal/canon declares FuzzCanonicalize; the nightly leg fuzzes it for real
=== NAME  TestNightlyFuzzMatrix/sketch_FuzzBloomUnmarshalBinary
    nightlyfuzz_test.go:136: live: ./internal/sketch declares FuzzBloomUnmarshalBinary; the nightly leg fuzzes it for real
=== NAME  TestNightlyFuzzMatrix/canon_FuzzTrailingWSAgreesWithReference
    nightlyfuzz_test.go:136: live: ./internal/canon declares FuzzTrailingWSAgreesWithReference; the nightly leg fuzzes it for real
=== NAME  TestNightlyFuzzMatrix/sketch_FuzzSignatureUnmarshalBinary
    nightlyfuzz_test.go:136: live: ./internal/sketch declares FuzzSignatureUnmarshalBinary; the nightly leg fuzzes it for real
=== NAME  TestNightlyFuzzMatrix/sketch_FuzzMisraGriesUnmarshalBinary
    nightlyfuzz_test.go:136: live: ./internal/sketch declares FuzzMisraGriesUnmarshalBinary; the nightly leg fuzzes it for real
=== NAME  TestNightlyFuzzMatrix/sketch_FuzzHLLUnmarshalBinary
    nightlyfuzz_test.go:136: live: ./internal/sketch declares FuzzHLLUnmarshalBinary; the nightly leg fuzzes it for real
=== NAME  TestNightlyFuzzMatrix/sketch_FuzzCMSUnmarshalBinary
    nightlyfuzz_test.go:136: live: ./internal/sketch declares FuzzCMSUnmarshalBinary; the nightly leg fuzzes it for real
=== NAME  TestNightlyFuzzMatrix/mcp_FuzzServeLine
    nightlyfuzz_test.go:136: live: ./internal/mcp declares FuzzServeLine; the nightly leg fuzzes it for real
=== NAME  TestNightlyFuzzMatrix/canon_FuzzRestore
    nightlyfuzz_test.go:136: live: ./internal/canon declares FuzzRestore; the nightly leg fuzzes it for real
=== NAME  TestNightlyFuzzMatrix/canon_FuzzPrefilterAgreesWithFullScan
    nightlyfuzz_test.go:136: live: ./internal/canon declares FuzzPrefilterAgreesWithFullScan; the nightly leg fuzzes it for real
=== NAME  TestNightlyFuzzMatrix/canon_FuzzNumericMatchesAgreeWithReference
    nightlyfuzz_test.go:136: live: ./internal/canon declares FuzzNumericMatchesAgreeWithReference; the nightly leg fuzzes it for real
--- PASS: TestNightlyFuzzMatrix (0.28s)
    --- PASS: TestNightlyFuzzMatrix/hookio_FuzzReadEvent (20.77s)
    --- PASS: TestNightlyFuzzMatrix/config_FuzzConfigLoad (21.28s)
    --- PASS: TestNightlyFuzzMatrix/observer_FuzzExtractSignals (21.04s)
    --- PASS: TestNightlyFuzzMatrix/symbols_FuzzExtract (25.38s)
    --- PASS: TestNightlyFuzzMatrix/ipc_FuzzDecodeRequest (26.47s)
    --- PASS: TestNightlyFuzzMatrix/rehydrate_FuzzBuild_HostCeiling (27.63s)
    --- PASS: TestNightlyFuzzMatrix/redact_FuzzRedactPrefilterEquivalence (32.56s)
    --- PASS: TestNightlyFuzzMatrix/daemon_FuzzDeliverySealSelect (33.42s)
    --- PASS: TestNightlyFuzzMatrix/redact_FuzzRedactIdempotent (33.83s)
    --- PASS: TestNightlyFuzzMatrix/eval_FuzzRedact (34.15s)
    --- PASS: TestNightlyFuzzMatrix/checkpoint_FuzzStripInjections (33.61s)
    --- PASS: TestNightlyFuzzMatrix/checkpoint_FuzzParseGitIndex (31.49s)
    --- PASS: TestNightlyFuzzMatrix/chunk_FuzzSplitStream (36.18s)
    --- PASS: TestNightlyFuzzMatrix/chunk_FuzzSplit (36.25s)
    --- PASS: TestNightlyFuzzMatrix/canon_FuzzCanonicalize (36.38s)
    --- PASS: TestNightlyFuzzMatrix/sketch_FuzzBloomUnmarshalBinary (36.65s)
    --- PASS: TestNightlyFuzzMatrix/canon_FuzzTrailingWSAgreesWithReference (35.72s)
    --- PASS: TestNightlyFuzzMatrix/sketch_FuzzSignatureUnmarshalBinary (36.73s)
    --- PASS: TestNightlyFuzzMatrix/sketch_FuzzMisraGriesUnmarshalBinary (36.78s)
    --- PASS: TestNightlyFuzzMatrix/sketch_FuzzHLLUnmarshalBinary (36.87s)
    --- PASS: TestNightlyFuzzMatrix/sketch_FuzzCMSUnmarshalBinary (36.96s)
    --- PASS: TestNightlyFuzzMatrix/mcp_FuzzServeLine (25.31s)
    --- PASS: TestNightlyFuzzMatrix/canon_FuzzRestore (33.91s)
    --- PASS: TestNightlyFuzzMatrix/canon_FuzzPrefilterAgreesWithFullScan (34.49s)
    --- PASS: TestNightlyFuzzMatrix/canon_FuzzNumericMatchesAgreeWithReference (32.51s)
=== RUN   TestCarriedDefects_OpenRowsHaveLivingEvidence/SP10-D1
=== RUN   TestCarriedDefects_OpenRowsHaveLivingEvidence/SP09-D1
=== RUN   TestCarriedDefects_OpenRowsHaveLivingEvidence/SP20-D2
=== RUN   TestCarriedDefects_OpenRowsHaveLivingEvidence/SP08-D3
--- PASS: TestCarriedDefects_OpenRowsHaveLivingEvidence (151.80s)
    --- PASS: TestCarriedDefects_OpenRowsHaveLivingEvidence/SP08-D1 (62.68s)
    --- PASS: TestCarriedDefects_OpenRowsHaveLivingEvidence/SP10-D1 (27.75s)
    --- PASS: TestCarriedDefects_OpenRowsHaveLivingEvidence/SP09-D1 (20.07s)
    --- PASS: TestCarriedDefects_OpenRowsHaveLivingEvidence/SP20-D2 (22.85s)
    --- PASS: TestCarriedDefects_OpenRowsHaveLivingEvidence/SP08-D3 (18.10s)
FAIL
FAIL	github.com/qompack/qompack/test/guards	176.224s
FAIL
exit=1
