=== RUN   TestZZW5_ColdStart
    zz_w5_coldstart_diag_test.go:412: GOOS=windows NumCPU=22 cpu-coload="1" mult=1 fsync=0 iters=5 up="marks"
    zz_w5_coldstart_diag_test.go:428: ROW mode=unstaged    source=startup i=0 wall=  457ms sswall=  457ms overhead= 227ms presend=  125ms up=  384ms(ok=true) spooled=false daemons=1 leaseOK=1 lockHeld=0 answer=probe                                    probe_minted=true  sessions=1 mode=full drop=""
    zz_w5_coldstart_diag_test.go:432: TIMELINE mode=unstaged source=startup i=0
           +214ms pid=47588 ppid=20992 +17ms hook-start [op session.start]
           +246ms pid=47588 ppid=20992 +49ms presend-start [by_in_ms 3217]
           +246ms pid=47588 ppid=20992 +49ms ensure-probe-miss []
           +255ms pid=47588 ppid=20992 +58ms ensure-claimed [claim 1]
           +255ms pid=47588 ppid=20992 +58ms stage-start []
           +255ms pid=47588 ppid=20992 +58ms stage-end [err <nil>]
           +255ms pid=47588 ppid=20992 +59ms spawn-start [program C:\Users\Quant\AppData\Local\Temp\qompack-e2e-3734100860\qompack.exe]
           +262ms pid=47588 ppid=20992 +66ms spawn-started [child 43772]
           +263ms pid=47588 ppid=20992 +66ms ensure-spawned []
           +296ms pid=43772 ppid=47588 +23ms daemon-enter []
           +296ms pid=43772 ppid=47588 +24ms lease-try []
           +324ms pid=43772 ppid=47588 +51ms lease-result [err <nil>]
           +334ms pid=43772 ppid=47588 +62ms wired []
           +359ms pid=43772 ppid=47588 +86ms run-call []
           +359ms pid=43772 ppid=47588 +86ms run-enter []
           +359ms pid=43772 ppid=47588 +87ms lock-ok []
           +359ms pid=43772 ppid=47588 +87ms ing-started []
           +359ms pid=43772 ppid=47588 +87ms listen-start []
           +364ms pid=43772 ppid=47588 +92ms listening []
           +364ms pid=43772 ppid=47588 +92ms accepting []
           +371ms pid=47588 ppid=20992 +175ms ensure-up [spawned true]
           +371ms pid=47588 ppid=20992 +175ms presend-end []
           +372ms pid=47588 ppid=20992 +175ms send-start [deadline_ms 10000]
           +372ms pid=47588 ppid=20992 +175ms connect [err <nil>]
           +373ms pid=43772 ppid=47588 +100ms state-written []
           +373ms pid=43772 ppid=47588 +101ms drain-start []
           +383ms pid=43772 ppid=47588 +110ms drain-end []
           +383ms pid=43772 ppid=47588 +111ms sweep-end []
           +384ms pid=43772 ppid=47588 +111ms audit-end []
           +384ms pid=43772 ppid=47588 +111ms serving []
           +444ms pid=47588 ppid=20992 +247ms reply [err <nil>]
           +444ms pid=47588 ppid=20992 +247ms send-end [ok true out true]
           +444ms pid=47588 ppid=20992 +247ms hook-end []
    zz_w5_coldstart_diag_test.go:428: ROW mode=unstaged    source=startup i=1 wall=  448ms sswall=  448ms overhead= 145ms presend=  102ms up=  321ms(ok=true) spooled=false daemons=1 leaseOK=1 lockHeld=0 answer=probe                                    probe_minted=true  sessions=1 mode=full drop=""
    zz_w5_coldstart_diag_test.go:432: TIMELINE mode=unstaged source=startup i=1
            +65ms pid=47784 ppid=20992 +21ms hook-start [op session.start]
           +224ms pid=47784 ppid=20992 +180ms presend-start [by_in_ms 3090]
           +225ms pid=47784 ppid=20992 +181ms ensure-probe-miss []
           +230ms pid=47784 ppid=20992 +186ms ensure-claimed [claim 1]
           +230ms pid=47784 ppid=20992 +186ms stage-start []
           +230ms pid=47784 ppid=20992 +186ms stage-end [err <nil>]
           +230ms pid=47784 ppid=20992 +186ms spawn-start [program C:\Users\Quant\AppData\Local\Temp\qompack-e2e-3734100860\qompack.exe]
           +238ms pid=47784 ppid=20992 +194ms spawn-started [child 43104]
           +238ms pid=47784 ppid=20992 +194ms ensure-spawned []
           +262ms pid=43104 ppid=47784 +16ms daemon-enter []
           +262ms pid=43104 ppid=47784 +16ms lease-try []
           +276ms pid=43104 ppid=47784 +30ms lease-result [err <nil>]
           +286ms pid=43104 ppid=47784 +40ms wired []
           +303ms pid=43104 ppid=47784 +57ms run-call []
           +303ms pid=43104 ppid=47784 +57ms run-enter []
           +304ms pid=43104 ppid=47784 +58ms lock-ok []
           +305ms pid=43104 ppid=47784 +59ms ing-started []
           +305ms pid=43104 ppid=47784 +59ms listen-start []
           +308ms pid=43104 ppid=47784 +62ms listening []
           +308ms pid=43104 ppid=47784 +62ms accepting []
           +313ms pid=43104 ppid=47784 +67ms state-written []
           +314ms pid=43104 ppid=47784 +68ms drain-start []
           +319ms pid=43104 ppid=47784 +73ms drain-end []
           +320ms pid=43104 ppid=47784 +74ms sweep-end []
           +321ms pid=43104 ppid=47784 +75ms audit-end []
           +321ms pid=43104 ppid=47784 +75ms serving []
           +326ms pid=47784 ppid=20992 +282ms ensure-up [spawned true]
           +326ms pid=47784 ppid=20992 +282ms presend-end []
           +326ms pid=47784 ppid=20992 +282ms send-start [deadline_ms 10000]
           +326ms pid=47784 ppid=20992 +282ms connect [err <nil>]
           +368ms pid=47784 ppid=20992 +323ms reply [err <nil>]
           +368ms pid=47784 ppid=20992 +323ms send-end [ok true out true]
           +368ms pid=47784 ppid=20992 +323ms hook-end []
    zz_w5_coldstart_diag_test.go:428: ROW mode=unstaged    source=startup i=2 wall=  393ms sswall=  393ms overhead=  77ms presend=  100ms up=  326ms(ok=true) spooled=false daemons=1 leaseOK=1 lockHeld=0 answer=probe                                    probe_minted=true  sessions=1 mode=full drop=""
    zz_w5_coldstart_diag_test.go:432: TIMELINE mode=unstaged source=startup i=2
            +62ms pid=34572 ppid=20992 +18ms hook-start [op session.start]
           +233ms pid=34572 ppid=20992 +189ms presend-start [by_in_ms 3082]
           +233ms pid=34572 ppid=20992 +189ms ensure-probe-miss []
           +240ms pid=34572 ppid=20992 +197ms ensure-claimed [claim 1]
           +241ms pid=34572 ppid=20992 +197ms stage-start []
           +241ms pid=34572 ppid=20992 +197ms stage-end [err <nil>]
           +241ms pid=34572 ppid=20992 +197ms spawn-start [program C:\Users\Quant\AppData\Local\Temp\qompack-e2e-3734100860\qompack.exe]
           +250ms pid=34572 ppid=20992 +206ms spawn-started [child 31580]
           +250ms pid=34572 ppid=20992 +206ms ensure-spawned []
           +270ms pid=31580 ppid=34572 +15ms daemon-enter []
           +271ms pid=31580 ppid=34572 +15ms lease-try []
           +284ms pid=31580 ppid=34572 +28ms lease-result [err <nil>]
           +291ms pid=31580 ppid=34572 +35ms wired []
           +305ms pid=31580 ppid=34572 +50ms run-call []
           +305ms pid=31580 ppid=34572 +50ms run-enter []
           +306ms pid=31580 ppid=34572 +50ms lock-ok []
           +306ms pid=31580 ppid=34572 +50ms ing-started []
           +306ms pid=31580 ppid=34572 +50ms listen-start []
           +310ms pid=31580 ppid=34572 +54ms listening []
           +310ms pid=31580 ppid=34572 +54ms accepting []
           +318ms pid=31580 ppid=34572 +62ms state-written []
           +319ms pid=31580 ppid=34572 +63ms drain-start []
           +325ms pid=31580 ppid=34572 +69ms drain-end []
           +325ms pid=31580 ppid=34572 +70ms sweep-end []
           +326ms pid=31580 ppid=34572 +70ms audit-end []
           +326ms pid=31580 ppid=34572 +70ms serving []
           +333ms pid=34572 ppid=20992 +289ms ensure-up [spawned true]
           +333ms pid=34572 ppid=20992 +289ms presend-end []
           +333ms pid=34572 ppid=20992 +289ms send-start [deadline_ms 10000]
           +333ms pid=34572 ppid=20992 +290ms connect [err <nil>]
           +378ms pid=34572 ppid=20992 +335ms reply [err <nil>]
           +378ms pid=34572 ppid=20992 +335ms send-end [ok true out true]
           +378ms pid=34572 ppid=20992 +335ms hook-end []
    zz_w5_coldstart_diag_test.go:428: ROW mode=unstaged    source=startup i=3 wall=  478ms sswall=  478ms overhead=  69ms presend=  100ms up=  404ms(ok=true) spooled=false daemons=1 leaseOK=1 lockHeld=0 answer=probe                                    probe_minted=true  sessions=1 mode=full drop=""
    zz_w5_coldstart_diag_test.go:432: TIMELINE mode=unstaged source=startup i=3
            +46ms pid=39596 ppid=20992 +20ms hook-start [op session.start]
           +284ms pid=39596 ppid=20992 +258ms presend-start [by_in_ms 3011]
           +284ms pid=39596 ppid=20992 +258ms ensure-probe-miss []
           +293ms pid=39596 ppid=20992 +267ms ensure-claimed [claim 1]
           +293ms pid=39596 ppid=20992 +267ms stage-start []
           +293ms pid=39596 ppid=20992 +267ms stage-end [err <nil>]
           +294ms pid=39596 ppid=20992 +268ms spawn-start [program C:\Users\Quant\AppData\Local\Temp\qompack-e2e-3734100860\qompack.exe]
           +305ms pid=39596 ppid=20992 +279ms spawn-started [child 42644]
           +305ms pid=39596 ppid=20992 +279ms ensure-spawned []
           +329ms pid=42644 ppid=39596 +18ms daemon-enter []
           +329ms pid=42644 ppid=39596 +18ms lease-try []
           +347ms pid=42644 ppid=39596 +36ms lease-result [err <nil>]
           +354ms pid=42644 ppid=39596 +42ms wired []
           +371ms pid=42644 ppid=39596 +59ms run-call []
           +371ms pid=42644 ppid=39596 +59ms run-enter []
           +371ms pid=42644 ppid=39596 +60ms lock-ok []
           +371ms pid=42644 ppid=39596 +60ms ing-started []
           +371ms pid=42644 ppid=39596 +60ms listen-start []
           +375ms pid=42644 ppid=39596 +64ms listening []
           +375ms pid=42644 ppid=39596 +64ms accepting []
           +384ms pid=39596 ppid=20992 +358ms ensure-up [spawned true]
           +384ms pid=39596 ppid=20992 +358ms presend-end []
           +384ms pid=39596 ppid=20992 +358ms send-start [deadline_ms 10000]
           +385ms pid=39596 ppid=20992 +359ms connect [err <nil>]
           +396ms pid=42644 ppid=39596 +84ms state-written []
           +396ms pid=42644 ppid=39596 +85ms drain-start []
           +403ms pid=42644 ppid=39596 +92ms drain-end []
           +403ms pid=42644 ppid=39596 +92ms sweep-end []
           +404ms pid=42644 ppid=39596 +92ms audit-end []
           +404ms pid=42644 ppid=39596 +92ms serving []
           +455ms pid=39596 ppid=20992 +429ms reply [err <nil>]
           +455ms pid=39596 ppid=20992 +429ms send-end [ok true out true]
           +455ms pid=39596 ppid=20992 +429ms hook-end []
    zz_w5_coldstart_diag_test.go:428: ROW mode=unstaged    source=startup i=4 wall=  380ms sswall=  380ms overhead=  54ms presend=  103ms up=  313ms(ok=true) spooled=false daemons=1 leaseOK=1 lockHeld=0 answer=probe                                    probe_minted=true  sessions=1 mode=full drop=""
    zz_w5_coldstart_diag_test.go:432: TIMELINE mode=unstaged source=startup i=4
            +35ms pid=2592 ppid=20992 +14ms hook-start [op session.start]
           +210ms pid=2592 ppid=20992 +189ms presend-start [by_in_ms 3077]
           +210ms pid=2592 ppid=20992 +189ms ensure-probe-miss []
           +220ms pid=2592 ppid=20992 +199ms ensure-claimed [claim 1]
           +220ms pid=2592 ppid=20992 +199ms stage-start []
           +220ms pid=2592 ppid=20992 +199ms stage-end [err <nil>]
           +220ms pid=2592 ppid=20992 +199ms spawn-start [program C:\Users\Quant\AppData\Local\Temp\qompack-e2e-3734100860\qompack.exe]
           +228ms pid=2592 ppid=20992 +206ms spawn-started [child 8596]
           +228ms pid=2592 ppid=20992 +206ms ensure-spawned []
           +250ms pid=8596 ppid=2592 +17ms daemon-enter []
           +250ms pid=8596 ppid=2592 +17ms lease-try []
           +273ms pid=8596 ppid=2592 +40ms lease-result [err <nil>]
           +278ms pid=8596 ppid=2592 +45ms wired []
           +290ms pid=8596 ppid=2592 +57ms run-call []
           +290ms pid=8596 ppid=2592 +57ms run-enter []
           +291ms pid=8596 ppid=2592 +58ms lock-ok []
           +291ms pid=8596 ppid=2592 +58ms ing-started []
           +291ms pid=8596 ppid=2592 +58ms listen-start []
           +294ms pid=8596 ppid=2592 +61ms listening []
           +294ms pid=8596 ppid=2592 +61ms accepting []
           +301ms pid=8596 ppid=2592 +69ms state-written []
           +302ms pid=8596 ppid=2592 +69ms drain-start []
           +312ms pid=8596 ppid=2592 +79ms drain-end []
           +312ms pid=8596 ppid=2592 +79ms sweep-end []
           +313ms pid=2592 ppid=20992 +291ms ensure-up [spawned true]
           +313ms pid=2592 ppid=20992 +291ms presend-end []
           +313ms pid=2592 ppid=20992 +291ms send-start [deadline_ms 10000]
           +313ms pid=2592 ppid=20992 +292ms connect [err <nil>]
           +313ms pid=8596 ppid=2592 +80ms audit-end []
           +313ms pid=8596 ppid=2592 +80ms serving []
           +361ms pid=2592 ppid=20992 +340ms reply [err <nil>]
           +361ms pid=2592 ppid=20992 +340ms send-end [ok true out true]
           +361ms pid=2592 ppid=20992 +340ms hook-end []
    zz_w5_coldstart_diag_test.go:428: ROW mode=unstaged    source=resume  i=0 wall=  280ms sswall=  280ms overhead=  64ms presend=  100ms up=  203ms(ok=true) spooled=false daemons=1 leaseOK=1 lockHeld=0 answer=probe                                    probe_minted=true  sessions=1 mode=full drop=""
    zz_w5_coldstart_diag_test.go:432: TIMELINE mode=unstaged source=resume i=0
            +47ms pid=40032 ppid=20992 +15ms hook-start [op session.start]
           +100ms pid=40032 ppid=20992 +69ms presend-start [by_in_ms 3196]
           +100ms pid=40032 ppid=20992 +69ms ensure-probe-miss []
           +110ms pid=40032 ppid=20992 +79ms ensure-claimed [claim 1]
           +110ms pid=40032 ppid=20992 +79ms stage-start []
           +110ms pid=40032 ppid=20992 +79ms stage-end [err <nil>]
           +110ms pid=40032 ppid=20992 +79ms spawn-start [program C:\Users\Quant\AppData\Local\Temp\qompack-e2e-3734100860\qompack.exe]
           +117ms pid=40032 ppid=20992 +86ms spawn-started [child 46704]
           +117ms pid=40032 ppid=20992 +86ms ensure-spawned []
           +136ms pid=46704 ppid=40032 +14ms daemon-enter []
           +136ms pid=46704 ppid=40032 +14ms lease-try []
           +157ms pid=46704 ppid=40032 +35ms lease-result [err <nil>]
           +164ms pid=46704 ppid=40032 +42ms wired []
           +182ms pid=46704 ppid=40032 +60ms run-call []
           +182ms pid=46704 ppid=40032 +60ms run-enter []
           +182ms pid=46704 ppid=40032 +60ms lock-ok []
           +183ms pid=46704 ppid=40032 +61ms ing-started []
           +183ms pid=46704 ppid=40032 +61ms listen-start []
           +186ms pid=46704 ppid=40032 +64ms listening []
           +186ms pid=46704 ppid=40032 +64ms accepting []
           +194ms pid=46704 ppid=40032 +72ms state-written []
           +194ms pid=46704 ppid=40032 +72ms drain-start []
           +200ms pid=40032 ppid=20992 +169ms ensure-up [spawned true]
           +200ms pid=40032 ppid=20992 +169ms presend-end []
           +200ms pid=40032 ppid=20992 +169ms send-start [deadline_ms 10000]
           +201ms pid=40032 ppid=20992 +170ms connect [err <nil>]
           +202ms pid=46704 ppid=40032 +80ms drain-end []
           +202ms pid=46704 ppid=40032 +80ms sweep-end []
           +203ms pid=46704 ppid=40032 +81ms audit-end []
           +203ms pid=46704 ppid=40032 +81ms serving []
           +262ms pid=40032 ppid=20992 +231ms reply [err <nil>]
           +263ms pid=40032 ppid=20992 +231ms send-end [ok true out true]
           +263ms pid=40032 ppid=20992 +231ms hook-end []
    zz_w5_coldstart_diag_test.go:428: ROW mode=unstaged    source=resume  i=1 wall=  293ms sswall=  293ms overhead=  52ms presend=   76ms up=  244ms(ok=true) spooled=false daemons=1 leaseOK=1 lockHeld=0 answer=probe                                    probe_minted=true  sessions=1 mode=full drop=""
    zz_w5_coldstart_diag_test.go:432: TIMELINE mode=unstaged source=resume i=1
            +37ms pid=43608 ppid=20992 +13ms hook-start [op session.start]
           +157ms pid=43608 ppid=20992 +133ms presend-start [by_in_ms 3130]
           +157ms pid=43608 ppid=20992 +133ms ensure-probe-miss []
           +165ms pid=43608 ppid=20992 +141ms ensure-claimed [claim 1]
           +165ms pid=43608 ppid=20992 +141ms stage-start []
           +165ms pid=43608 ppid=20992 +141ms stage-end [err <nil>]
           +165ms pid=43608 ppid=20992 +141ms spawn-start [program C:\Users\Quant\AppData\Local\Temp\qompack-e2e-3734100860\qompack.exe]
           +171ms pid=43608 ppid=20992 +146ms spawn-started [child 42260]
           +171ms pid=43608 ppid=20992 +146ms ensure-spawned []
           +190ms pid=42260 ppid=43608 +14ms daemon-enter []
           +190ms pid=42260 ppid=43608 +14ms lease-try []
           +204ms pid=42260 ppid=43608 +27ms lease-result [err <nil>]
           +209ms pid=42260 ppid=43608 +33ms wired []
           +223ms pid=42260 ppid=43608 +47ms run-call []
           +223ms pid=42260 ppid=43608 +47ms run-enter []
           +224ms pid=42260 ppid=43608 +48ms lock-ok []
           +224ms pid=42260 ppid=43608 +48ms ing-started []
           +224ms pid=42260 ppid=43608 +48ms listen-start []
           +227ms pid=42260 ppid=43608 +51ms listening []
           +227ms pid=42260 ppid=43608 +51ms accepting []
           +233ms pid=43608 ppid=20992 +208ms ensure-up [spawned true]
           +233ms pid=43608 ppid=20992 +208ms presend-end []
           +233ms pid=43608 ppid=20992 +208ms send-start [deadline_ms 10000]
           +233ms pid=43608 ppid=20992 +208ms connect [err <nil>]
           +236ms pid=42260 ppid=43608 +60ms state-written []
           +236ms pid=42260 ppid=43608 +60ms drain-start []
           +244ms pid=42260 ppid=43608 +67ms drain-end []
           +244ms pid=42260 ppid=43608 +67ms sweep-end []
           +244ms pid=42260 ppid=43608 +68ms audit-end []
           +244ms pid=42260 ppid=43608 +68ms serving []
           +278ms pid=43608 ppid=20992 +254ms reply [err <nil>]
           +278ms pid=43608 ppid=20992 +254ms send-end [ok true out true]
           +278ms pid=43608 ppid=20992 +254ms hook-end []
    zz_w5_coldstart_diag_test.go:428: ROW mode=unstaged    source=resume  i=2 wall=  540ms sswall=  540ms overhead=  66ms presend=  100ms up=  471ms(ok=true) spooled=false daemons=1 leaseOK=1 lockHeld=0 answer=probe                                    probe_minted=true  sessions=1 mode=full drop=""
    zz_w5_coldstart_diag_test.go:432: TIMELINE mode=unstaged source=resume i=2
            +55ms pid=47888 ppid=20992 +19ms hook-start [op session.start]
           +350ms pid=47888 ppid=20992 +314ms presend-start [by_in_ms 2955]
           +350ms pid=47888 ppid=20992 +314ms ensure-probe-miss []
           +356ms pid=47888 ppid=20992 +321ms ensure-claimed [claim 1]
           +356ms pid=47888 ppid=20992 +321ms stage-start []
           +356ms pid=47888 ppid=20992 +321ms stage-end [err <nil>]
           +356ms pid=47888 ppid=20992 +321ms spawn-start [program C:\Users\Quant\AppData\Local\Temp\qompack-e2e-3734100860\qompack.exe]
           +374ms pid=47888 ppid=20992 +338ms spawn-started [child 19300]
           +374ms pid=47888 ppid=20992 +338ms ensure-spawned []
           +401ms pid=19300 ppid=47888 +18ms daemon-enter []
           +402ms pid=19300 ppid=47888 +19ms lease-try []
           +425ms pid=19300 ppid=47888 +42ms lease-result [err <nil>]
           +432ms pid=19300 ppid=47888 +49ms wired []
           +444ms pid=19300 ppid=47888 +62ms run-call []
           +444ms pid=19300 ppid=47888 +62ms run-enter []
           +445ms pid=19300 ppid=47888 +62ms lock-ok []
           +445ms pid=19300 ppid=47888 +62ms ing-started []
           +445ms pid=19300 ppid=47888 +62ms listen-start []
           +449ms pid=19300 ppid=47888 +66ms listening []
           +449ms pid=19300 ppid=47888 +66ms accepting []
           +450ms pid=47888 ppid=20992 +414ms ensure-up [spawned true]
           +450ms pid=47888 ppid=20992 +414ms presend-end []
           +450ms pid=47888 ppid=20992 +414ms send-start [deadline_ms 10000]
           +450ms pid=47888 ppid=20992 +415ms connect [err <nil>]
           +463ms pid=19300 ppid=47888 +80ms state-written []
           +463ms pid=19300 ppid=47888 +80ms drain-start []
           +470ms pid=19300 ppid=47888 +88ms drain-end []
           +471ms pid=19300 ppid=47888 +88ms sweep-end []
           +471ms pid=19300 ppid=47888 +89ms audit-end []
           +471ms pid=19300 ppid=47888 +89ms serving []
           +529ms pid=47888 ppid=20992 +493ms reply [err <nil>]
           +529ms pid=47888 ppid=20992 +493ms send-end [ok true out true]
           +529ms pid=47888 ppid=20992 +493ms hook-end []
    zz_w5_coldstart_diag_test.go:428: ROW mode=unstaged    source=resume  i=3 wall=  321ms sswall=  321ms overhead=  44ms presend=   77ms up=  264ms(ok=true) spooled=false daemons=1 leaseOK=1 lockHeld=0 answer=probe                                    probe_minted=true  sessions=1 mode=full drop=""
    zz_w5_coldstart_diag_test.go:432: TIMELINE mode=unstaged source=resume i=3
            +34ms pid=38548 ppid=20992 +14ms hook-start [op session.start]
           +164ms pid=38548 ppid=20992 +144ms presend-start [by_in_ms 3119]
           +165ms pid=38548 ppid=20992 +145ms ensure-probe-miss []
           +171ms pid=38548 ppid=20992 +151ms ensure-claimed [claim 1]
           +171ms pid=38548 ppid=20992 +151ms stage-start []
           +171ms pid=38548 ppid=20992 +151ms stage-end [err <nil>]
           +171ms pid=38548 ppid=20992 +151ms spawn-start [program C:\Users\Quant\AppData\Local\Temp\qompack-e2e-3734100860\qompack.exe]
           +178ms pid=38548 ppid=20992 +158ms spawn-started [child 47652]
           +178ms pid=38548 ppid=20992 +158ms ensure-spawned []
           +201ms pid=47652 ppid=38548 +16ms daemon-enter []
           +201ms pid=47652 ppid=38548 +16ms lease-try []
           +217ms pid=47652 ppid=38548 +32ms lease-result [err <nil>]
           +225ms pid=47652 ppid=38548 +40ms wired []
           +235ms pid=47652 ppid=38548 +50ms run-call []
           +235ms pid=47652 ppid=38548 +50ms run-enter []
           +236ms pid=47652 ppid=38548 +51ms lock-ok []
           +236ms pid=47652 ppid=38548 +51ms ing-started []
           +236ms pid=47652 ppid=38548 +51ms listen-start []
           +238ms pid=47652 ppid=38548 +54ms listening []
           +238ms pid=47652 ppid=38548 +54ms accepting []
           +241ms pid=38548 ppid=20992 +220ms ensure-up [spawned true]
           +241ms pid=38548 ppid=20992 +220ms presend-end []
           +241ms pid=38548 ppid=20992 +220ms send-start [deadline_ms 10000]
           +241ms pid=38548 ppid=20992 +220ms connect [err <nil>]
           +251ms pid=47652 ppid=38548 +66ms state-written []
           +251ms pid=47652 ppid=38548 +66ms drain-start []
           +264ms pid=47652 ppid=38548 +79ms drain-end []
           +264ms pid=47652 ppid=38548 +79ms sweep-end []
           +264ms pid=47652 ppid=38548 +79ms audit-end []
           +264ms pid=47652 ppid=38548 +79ms serving []
           +311ms pid=38548 ppid=20992 +291ms reply [err <nil>]
           +311ms pid=38548 ppid=20992 +291ms send-end [ok true out true]
           +311ms pid=38548 ppid=20992 +291ms hook-end []
    zz_w5_coldstart_diag_test.go:428: ROW mode=unstaged    source=resume  i=4 wall=  292ms sswall=  292ms overhead=  64ms presend=  100ms up=  240ms(ok=true) spooled=false daemons=1 leaseOK=1 lockHeld=0 answer=probe                                    probe_minted=true  sessions=1 mode=full drop=""
    zz_w5_coldstart_diag_test.go:432: TIMELINE mode=unstaged source=resume i=4
            +48ms pid=46284 ppid=20992 +18ms hook-start [op session.start]
           +138ms pid=46284 ppid=20992 +108ms presend-start [by_in_ms 3160]
           +138ms pid=46284 ppid=20992 +108ms ensure-probe-miss []
           +144ms pid=46284 ppid=20992 +114ms ensure-claimed [claim 1]
           +144ms pid=46284 ppid=20992 +114ms stage-start []
           +144ms pid=46284 ppid=20992 +114ms stage-end [err <nil>]
           +145ms pid=46284 ppid=20992 +115ms spawn-start [program C:\Users\Quant\AppData\Local\Temp\qompack-e2e-3734100860\qompack.exe]
           +151ms pid=46284 ppid=20992 +121ms spawn-started [child 36672]
           +151ms pid=46284 ppid=20992 +121ms ensure-spawned []
           +178ms pid=36672 ppid=46284 +20ms daemon-enter []
           +178ms pid=36672 ppid=46284 +20ms lease-try []
           +194ms pid=36672 ppid=46284 +36ms lease-result [err <nil>]
           +201ms pid=36672 ppid=46284 +43ms wired []
           +217ms pid=36672 ppid=46284 +59ms run-call []
           +217ms pid=36672 ppid=46284 +59ms run-enter []
           +218ms pid=36672 ppid=46284 +60ms lock-ok []
           +218ms pid=36672 ppid=46284 +60ms ing-started []
           +218ms pid=36672 ppid=46284 +60ms listen-start []
           +222ms pid=36672 ppid=46284 +64ms listening []
           +222ms pid=36672 ppid=46284 +64ms accepting []
           +232ms pid=36672 ppid=46284 +74ms state-written []
           +232ms pid=36672 ppid=46284 +74ms drain-start []
           +238ms pid=46284 ppid=20992 +208ms ensure-up [spawned true]
           +238ms pid=46284 ppid=20992 +208ms presend-end []
           +238ms pid=46284 ppid=20992 +208ms send-start [deadline_ms 10000]
           +239ms pid=46284 ppid=20992 +209ms connect [err <nil>]
           +240ms pid=36672 ppid=46284 +82ms drain-end []
           +240ms pid=36672 ppid=46284 +82ms sweep-end []
           +240ms pid=36672 ppid=46284 +82ms audit-end []
           +240ms pid=36672 ppid=46284 +82ms serving []
           +276ms pid=46284 ppid=20992 +246ms reply [err <nil>]
           +276ms pid=46284 ppid=20992 +246ms send-end [ok true out true]
           +276ms pid=46284 ppid=20992 +246ms hook-end []
    zz_w5_coldstart_diag_test.go:428: ROW mode=unstaged    source=compact i=0 wall= 2564ms sswall= 2564ms overhead=  45ms presend= 2275ms up= 2488ms(ok=true) spooled=false daemons=1 leaseOK=1 lockHeld=0 answer=rehydration+probe                        probe_minted=true  sessions=2 mode=full drop="pointer_git_unavailable:checkpoint: no .git at the project root"
    zz_w5_coldstart_diag_test.go:432: TIMELINE mode=unstaged source=compact i=0
            +37ms pid=45524 ppid=20992 +17ms hook-start [op session.start]
           +155ms pid=45524 ppid=20992 +135ms presend-start [by_in_ms 3131]
           +155ms pid=45524 ppid=20992 +135ms ensure-probe-miss []
           +163ms pid=45524 ppid=20992 +143ms ensure-claimed [claim 1]
           +163ms pid=45524 ppid=20992 +143ms stage-start []
           +163ms pid=45524 ppid=20992 +143ms stage-end [err <nil>]
           +163ms pid=45524 ppid=20992 +143ms spawn-start [program C:\Users\Quant\AppData\Local\Temp\qompack-e2e-3734100860\qompack.exe]
          +2286ms pid=45524 ppid=20992 +2266ms spawn-started [child 28268]
          +2286ms pid=45524 ppid=20992 +2266ms ensure-spawned []
          +2307ms pid=28268 ppid=45524 +15ms daemon-enter []
          +2307ms pid=28268 ppid=45524 +15ms lease-try []
          +2323ms pid=28268 ppid=45524 +31ms lease-result [err <nil>]
          +2391ms pid=28268 ppid=45524 +99ms wired []
          +2402ms pid=28268 ppid=45524 +110ms run-call []
          +2402ms pid=28268 ppid=45524 +110ms run-enter []
          +2402ms pid=28268 ppid=45524 +110ms lock-ok []
          +2414ms pid=28268 ppid=45524 +122ms ing-started []
          +2414ms pid=28268 ppid=45524 +122ms listen-start []
          +2418ms pid=28268 ppid=45524 +126ms listening []
          +2418ms pid=28268 ppid=45524 +126ms accepting []
          +2423ms pid=28268 ppid=45524 +131ms state-written []
          +2423ms pid=28268 ppid=45524 +132ms drain-start []
          +2430ms pid=45524 ppid=20992 +2410ms ensure-up [spawned true]
          +2430ms pid=45524 ppid=20992 +2410ms presend-end []
          +2430ms pid=45524 ppid=20992 +2410ms send-start [deadline_ms 10000]
          +2431ms pid=45524 ppid=20992 +2411ms connect [err <nil>]
          +2454ms pid=28268 ppid=45524 +163ms drain-line [file client-20992.ndjson op admin.shutdown sess  ms 0 err <nil>]
          +2454ms pid=28268 ppid=45524 +163ms drain-line [file client-20992.ndjson op admin.shutdown sess  ms 0 err <nil>]
          +2476ms pid=28268 ppid=45524 +184ms drain-end []
          +2476ms pid=28268 ppid=45524 +184ms sweep-end []
          +2488ms pid=28268 ppid=45524 +196ms audit-end []
          +2488ms pid=28268 ppid=45524 +196ms serving []
          +2556ms pid=45524 ppid=20992 +2536ms reply [err <nil>]
          +2556ms pid=45524 ppid=20992 +2536ms send-end [ok true out true]
          +2556ms pid=45524 ppid=20992 +2536ms hook-end []
    zz_w5_coldstart_diag_test.go:428: ROW mode=unstaged    source=compact i=1 wall=  475ms sswall=  475ms overhead=  57ms presend=  200ms up=  380ms(ok=true) spooled=false daemons=1 leaseOK=1 lockHeld=0 answer=rehydration+probe                        probe_minted=true  sessions=2 mode=full drop="pointer_git_unavailable:checkpoint: no .git at the project root"
    zz_w5_coldstart_diag_test.go:432: TIMELINE mode=unstaged source=compact i=1
            +46ms pid=10892 ppid=20992 +19ms hook-start [op session.start]
           +148ms pid=10892 ppid=20992 +120ms presend-start [by_in_ms 3148]
           +148ms pid=10892 ppid=20992 +120ms ensure-probe-miss []
           +158ms pid=10892 ppid=20992 +130ms ensure-claimed [claim 1]
           +158ms pid=10892 ppid=20992 +131ms stage-start []
           +158ms pid=10892 ppid=20992 +131ms stage-end [err <nil>]
           +158ms pid=10892 ppid=20992 +131ms spawn-start [program C:\Users\Quant\AppData\Local\Temp\qompack-e2e-3734100860\qompack.exe]
           +168ms pid=10892 ppid=20992 +140ms spawn-started [child 24964]
           +168ms pid=10892 ppid=20992 +140ms ensure-spawned []
           +196ms pid=24964 ppid=10892 +20ms daemon-enter []
           +196ms pid=24964 ppid=10892 +20ms lease-try []
           +214ms pid=24964 ppid=10892 +38ms lease-result [err <nil>]
           +299ms pid=24964 ppid=10892 +123ms wired []
           +312ms pid=24964 ppid=10892 +136ms run-call []
           +312ms pid=24964 ppid=10892 +136ms run-enter []
           +312ms pid=24964 ppid=10892 +136ms lock-ok []
           +322ms pid=24964 ppid=10892 +146ms ing-started []
           +322ms pid=24964 ppid=10892 +146ms listen-start []
           +327ms pid=24964 ppid=10892 +151ms listening []
           +327ms pid=24964 ppid=10892 +151ms accepting []
           +336ms pid=24964 ppid=10892 +160ms state-written []
           +336ms pid=24964 ppid=10892 +160ms drain-start []
           +348ms pid=10892 ppid=20992 +321ms ensure-up [spawned true]
           +348ms pid=10892 ppid=20992 +321ms presend-end []
           +349ms pid=10892 ppid=20992 +321ms send-start [deadline_ms 10000]
           +349ms pid=10892 ppid=20992 +321ms connect [err <nil>]
           +366ms pid=24964 ppid=10892 +190ms drain-end []
           +368ms pid=24964 ppid=10892 +192ms sweep-end []
           +380ms pid=24964 ppid=10892 +204ms audit-end []
           +380ms pid=24964 ppid=10892 +204ms serving []
           +463ms pid=10892 ppid=20992 +435ms reply [err <nil>]
           +464ms pid=10892 ppid=20992 +436ms send-end [ok true out true]
           +464ms pid=10892 ppid=20992 +436ms hook-end []
    zz_w5_coldstart_diag_test.go:428: ROW mode=unstaged    source=compact i=2 wall=  477ms sswall=  477ms overhead=  61ms presend=  175ms up=  382ms(ok=true) spooled=false daemons=1 leaseOK=1 lockHeld=0 answer=rehydration+probe                        probe_minted=true  sessions=2 mode=full drop="pointer_git_unavailable:checkpoint: no .git at the project root"
    zz_w5_coldstart_diag_test.go:432: TIMELINE mode=unstaged source=compact i=2
            +49ms pid=14164 ppid=20992 +16ms hook-start [op session.start]
           +172ms pid=14164 ppid=20992 +140ms presend-start [by_in_ms 3126]
           +172ms pid=14164 ppid=20992 +140ms ensure-probe-miss []
           +182ms pid=14164 ppid=20992 +149ms ensure-claimed [claim 1]
           +182ms pid=14164 ppid=20992 +149ms stage-start []
           +182ms pid=14164 ppid=20992 +149ms stage-end [err <nil>]
           +182ms pid=14164 ppid=20992 +149ms spawn-start [program C:\Users\Quant\AppData\Local\Temp\qompack-e2e-3734100860\qompack.exe]
           +187ms pid=14164 ppid=20992 +155ms spawn-started [child 44472]
           +187ms pid=14164 ppid=20992 +155ms ensure-spawned []
           +213ms pid=44472 ppid=14164 +18ms daemon-enter []
           +213ms pid=44472 ppid=14164 +18ms lease-try []
           +228ms pid=44472 ppid=14164 +33ms lease-result [err <nil>]
           +295ms pid=44472 ppid=14164 +100ms wired []
           +310ms pid=44472 ppid=14164 +115ms run-call []
           +310ms pid=44472 ppid=14164 +115ms run-enter []
           +310ms pid=44472 ppid=14164 +115ms lock-ok []
           +322ms pid=44472 ppid=14164 +127ms ing-started []
           +322ms pid=44472 ppid=14164 +127ms listen-start []
           +326ms pid=44472 ppid=14164 +131ms listening []
           +326ms pid=44472 ppid=14164 +131ms accepting []
           +336ms pid=44472 ppid=14164 +141ms state-written []
           +337ms pid=44472 ppid=14164 +141ms drain-start []
           +347ms pid=14164 ppid=20992 +315ms ensure-up [spawned true]
           +347ms pid=14164 ppid=20992 +315ms presend-end []
           +347ms pid=14164 ppid=20992 +315ms send-start [deadline_ms 10000]
           +348ms pid=14164 ppid=20992 +315ms connect [err <nil>]
           +364ms pid=44472 ppid=14164 +168ms drain-end []
           +364ms pid=44472 ppid=14164 +169ms sweep-end []
           +382ms pid=44472 ppid=14164 +187ms audit-end []
           +382ms pid=44472 ppid=14164 +187ms serving []
           +465ms pid=14164 ppid=20992 +432ms reply [err <nil>]
           +465ms pid=14164 ppid=20992 +432ms send-end [ok true out true]
           +465ms pid=14164 ppid=20992 +432ms hook-end []
    zz_w5_coldstart_diag_test.go:428: ROW mode=unstaged    source=compact i=3 wall=  558ms sswall=  558ms overhead=  73ms presend=  251ms up=  450ms(ok=true) spooled=false daemons=1 leaseOK=1 lockHeld=0 answer=rehydration+probe                        probe_minted=true  sessions=2 mode=full drop="pointer_git_unavailable:checkpoint: no .git at the project root"
    zz_w5_coldstart_diag_test.go:432: TIMELINE mode=unstaged source=compact i=3
            +52ms pid=48624 ppid=20992 +22ms hook-start [op session.start]
           +165ms pid=48624 ppid=20992 +135ms presend-start [by_in_ms 3136]
           +165ms pid=48624 ppid=20992 +135ms ensure-probe-miss []
           +170ms pid=48624 ppid=20992 +140ms ensure-claimed [claim 1]
           +170ms pid=48624 ppid=20992 +140ms stage-start []
           +170ms pid=48624 ppid=20992 +140ms stage-end [err <nil>]
           +171ms pid=48624 ppid=20992 +140ms spawn-start [program C:\Users\Quant\AppData\Local\Temp\qompack-e2e-3734100860\qompack.exe]
           +179ms pid=48624 ppid=20992 +148ms spawn-started [child 20100]
           +179ms pid=48624 ppid=20992 +148ms ensure-spawned []
           +208ms pid=20100 ppid=48624 +22ms daemon-enter []
           +209ms pid=20100 ppid=48624 +22ms lease-try []
           +225ms pid=20100 ppid=48624 +38ms lease-result [err <nil>]
           +343ms pid=20100 ppid=48624 +155ms wired []
           +365ms pid=20100 ppid=48624 +177ms run-call []
           +365ms pid=20100 ppid=48624 +177ms run-enter []
           +365ms pid=20100 ppid=48624 +177ms lock-ok []
           +389ms pid=20100 ppid=48624 +202ms ing-started []
           +389ms pid=20100 ppid=48624 +202ms listen-start []
           +396ms pid=20100 ppid=48624 +209ms listening []
           +396ms pid=20100 ppid=48624 +209ms accepting []
           +402ms pid=20100 ppid=48624 +214ms state-written []
           +402ms pid=20100 ppid=48624 +215ms drain-start []
           +416ms pid=48624 ppid=20992 +385ms ensure-up [spawned true]
           +416ms pid=48624 ppid=20992 +385ms presend-end []
           +416ms pid=48624 ppid=20992 +386ms send-start [deadline_ms 10000]
           +416ms pid=48624 ppid=20992 +386ms connect [err <nil>]
           +424ms pid=20100 ppid=48624 +237ms drain-end []
           +425ms pid=20100 ppid=48624 +238ms sweep-end []
           +450ms pid=20100 ppid=48624 +262ms audit-end []
           +450ms pid=20100 ppid=48624 +262ms serving []
           +537ms pid=48624 ppid=20992 +506ms reply [err <nil>]
           +537ms pid=48624 ppid=20992 +507ms send-end [ok true out true]
           +537ms pid=48624 ppid=20992 +507ms hook-end []
    zz_w5_coldstart_diag_test.go:428: ROW mode=unstaged    source=compact i=4 wall=  633ms sswall=  633ms overhead=  51ms presend=  276ms up=  533ms(ok=true) spooled=false daemons=1 leaseOK=1 lockHeld=0 answer=rehydration+probe                        probe_minted=true  sessions=2 mode=full drop="pointer_git_unavailable:checkpoint: no .git at the project root"
    zz_w5_coldstart_diag_test.go:432: TIMELINE mode=unstaged source=compact i=4
            +38ms pid=40316 ppid=20992 +17ms hook-start [op session.start]
           +158ms pid=40316 ppid=20992 +137ms presend-start [by_in_ms 3129]
           +158ms pid=40316 ppid=20992 +137ms ensure-probe-miss []
           +174ms pid=40316 ppid=20992 +152ms ensure-claimed [claim 1]
           +174ms pid=40316 ppid=20992 +152ms stage-start []
           +174ms pid=40316 ppid=20992 +152ms stage-end [err <nil>]
           +174ms pid=40316 ppid=20992 +152ms spawn-start [program C:\Users\Quant\AppData\Local\Temp\qompack-e2e-3734100860\qompack.exe]
           +185ms pid=40316 ppid=20992 +164ms spawn-started [child 47908]
           +185ms pid=40316 ppid=20992 +164ms ensure-spawned []
           +218ms pid=47908 ppid=40316 +19ms daemon-enter []
           +219ms pid=47908 ppid=40316 +20ms lease-try []
           +235ms pid=47908 ppid=40316 +37ms lease-result [err <nil>]
           +368ms pid=47908 ppid=40316 +170ms wired []
           +401ms pid=47908 ppid=40316 +202ms run-call []
           +401ms pid=47908 ppid=40316 +202ms run-enter []
           +401ms pid=47908 ppid=40316 +202ms lock-ok []
           +412ms pid=47908 ppid=40316 +213ms ing-started []
           +412ms pid=47908 ppid=40316 +213ms listen-start []
           +418ms pid=47908 ppid=40316 +219ms listening []
           +418ms pid=47908 ppid=40316 +219ms accepting []
           +426ms pid=47908 ppid=40316 +227ms state-written []
           +427ms pid=47908 ppid=40316 +228ms drain-start []
           +434ms pid=40316 ppid=20992 +413ms ensure-up [spawned true]
           +434ms pid=40316 ppid=20992 +413ms presend-end []
           +434ms pid=40316 ppid=20992 +413ms send-start [deadline_ms 10000]
           +435ms pid=40316 ppid=20992 +414ms connect [err <nil>]
           +469ms pid=47908 ppid=40316 +270ms drain-line [file client-20992.ndjson op admin.shutdown sess  ms 0 err <nil>]
           +473ms pid=47908 ppid=40316 +274ms drain-line [file client-20992.ndjson op admin.shutdown sess  ms 0 err <nil>]
           +511ms pid=47908 ppid=40316 +312ms drain-end []
           +512ms pid=47908 ppid=40316 +313ms sweep-end []
           +533ms pid=47908 ppid=40316 +334ms audit-end []
           +533ms pid=47908 ppid=40316 +334ms serving []
           +620ms pid=40316 ppid=20992 +598ms reply [err <nil>]
           +620ms pid=40316 ppid=20992 +598ms send-end [ok true out true]
           +620ms pid=40316 ppid=20992 +598ms hook-end []
    zz_w5_coldstart_diag_test.go:428: ROW mode=staged-cold source=startup i=0 wall= 1289ms sswall= 1289ms overhead= 433ms presend=  541ms up= 1120ms(ok=true) spooled=false daemons=1 leaseOK=1 lockHeld=0 answer=probe                                    probe_minted=true  sessions=1 mode=full drop=""
    zz_w5_coldstart_diag_test.go:432: TIMELINE mode=staged-cold source=startup i=0
           +402ms pid=45480 ppid=20992 +22ms hook-start [op session.start]
           +550ms pid=45480 ppid=20992 +170ms presend-start [by_in_ms 3102]
           +550ms pid=45480 ppid=20992 +170ms ensure-probe-miss []
           +556ms pid=45480 ppid=20992 +176ms ensure-claimed [claim 1]
           +556ms pid=45480 ppid=20992 +176ms stage-start []
           +747ms pid=45480 ppid=20992 +367ms stage-end [err <nil>]
           +748ms pid=45480 ppid=20992 +367ms spawn-start [program C:\Users\Quant\AppData\Local\Temp\TestZZW5_ColdStart4103877050\031\home\.qompack\bin\04207654cf86245d08714ee38125465ea96a9faead560ecae1a645a61b46092d\qompack.exe]
           +900ms pid=45480 ppid=20992 +520ms spawn-started [child 47312]
           +900ms pid=45480 ppid=20992 +520ms ensure-spawned []
           +937ms pid=47312 ppid=45480 +22ms daemon-enter []
           +937ms pid=47312 ppid=45480 +22ms lease-try []
           +957ms pid=47312 ppid=45480 +42ms lease-result [err <nil>]
           +988ms pid=47312 ppid=45480 +72ms wired []
          +1055ms pid=47312 ppid=45480 +139ms run-call []
          +1055ms pid=47312 ppid=45480 +139ms run-enter []
          +1055ms pid=47312 ppid=45480 +140ms lock-ok []
          +1055ms pid=47312 ppid=45480 +140ms ing-started []
          +1056ms pid=47312 ppid=45480 +140ms listen-start []
          +1072ms pid=47312 ppid=45480 +157ms listening []
          +1072ms pid=47312 ppid=45480 +157ms accepting []
          +1091ms pid=45480 ppid=20992 +711ms ensure-up [spawned true]
          +1091ms pid=45480 ppid=20992 +711ms presend-end []
          +1091ms pid=45480 ppid=20992 +711ms send-start [deadline_ms 10000]
          +1097ms pid=47312 ppid=45480 +182ms state-written []
          +1102ms pid=47312 ppid=45480 +187ms drain-start []
          +1116ms pid=45480 ppid=20992 +736ms connect [err <nil>]
          +1116ms pid=47312 ppid=45480 +201ms drain-end []
          +1119ms pid=47312 ppid=45480 +204ms sweep-end []
          +1120ms pid=47312 ppid=45480 +204ms audit-end []
          +1120ms pid=47312 ppid=45480 +204ms serving []
          +1258ms pid=45480 ppid=20992 +878ms reply [err <nil>]
          +1258ms pid=45480 ppid=20992 +878ms send-end [ok true out true]
          +1258ms pid=45480 ppid=20992 +878ms hook-end []
    zz_w5_coldstart_diag_test.go:428: ROW mode=staged-cold source=startup i=1 wall= 1539ms sswall= 1539ms overhead= 524ms presend=  551ms up= 1459ms(ok=true) spooled=false daemons=1 leaseOK=1 lockHeld=0 answer=probe                                    probe_minted=true  sessions=1 mode=full drop=""
    zz_w5_coldstart_diag_test.go:432: TIMELINE mode=staged-cold source=startup i=1
           +513ms pid=49632 ppid=20992 +45ms hook-start [op session.start]
           +892ms pid=49632 ppid=20992 +425ms presend-start [by_in_ms 2870]
           +892ms pid=49632 ppid=20992 +425ms ensure-probe-miss []
           +899ms pid=49632 ppid=20992 +432ms ensure-claimed [claim 1]
           +899ms pid=49632 ppid=20992 +432ms stage-start []
          +1093ms pid=49632 ppid=20992 +626ms stage-end [err <nil>]
          +1093ms pid=49632 ppid=20992 +626ms spawn-start [program C:\Users\Quant\AppData\Local\Temp\TestZZW5_ColdStart4103877050\034\home\.qompack\bin\04207654cf86245d08714ee38125465ea96a9faead560ecae1a645a61b46092d\qompack.exe]
          +1300ms pid=49632 ppid=20992 +832ms spawn-started [child 49580]
          +1300ms pid=49632 ppid=20992 +832ms ensure-spawned []
          +1331ms pid=49580 ppid=49632 +20ms daemon-enter []
          +1332ms pid=49580 ppid=49632 +20ms lease-try []
          +1349ms pid=49580 ppid=49632 +37ms lease-result [err <nil>]
          +1365ms pid=49580 ppid=49632 +53ms wired []
          +1416ms pid=49580 ppid=49632 +104ms run-call []
          +1416ms pid=49580 ppid=49632 +104ms run-enter []
          +1419ms pid=49580 ppid=49632 +108ms lock-ok []
          +1419ms pid=49580 ppid=49632 +108ms ing-started []
          +1419ms pid=49580 ppid=49632 +108ms listen-start []
          +1434ms pid=49580 ppid=49632 +123ms listening []
          +1434ms pid=49580 ppid=49632 +123ms accepting []
          +1442ms pid=49580 ppid=49632 +131ms state-written []
          +1443ms pid=49632 ppid=20992 +975ms ensure-up [spawned true]
          +1443ms pid=49632 ppid=20992 +975ms presend-end []
          +1443ms pid=49632 ppid=20992 +975ms send-start [deadline_ms 10000]
          +1445ms pid=49580 ppid=49632 +133ms drain-start []
          +1454ms pid=49580 ppid=49632 +142ms drain-end []
          +1456ms pid=49632 ppid=20992 +988ms connect [err <nil>]
          +1458ms pid=49580 ppid=49632 +146ms sweep-end []
          +1459ms pid=49580 ppid=49632 +147ms audit-end []
          +1459ms pid=49580 ppid=49632 +147ms serving []
          +1527ms pid=49632 ppid=20992 +1060ms reply [err <nil>]
          +1527ms pid=49632 ppid=20992 +1060ms send-end [ok true out true]
          +1528ms pid=49632 ppid=20992 +1060ms hook-end []
    zz_w5_coldstart_diag_test.go:428: ROW mode=staged-cold source=startup i=2 wall= 1120ms sswall= 1120ms overhead= 425ms presend=  450ms up= 1056ms(ok=true) spooled=false daemons=1 leaseOK=1 lockHeld=0 answer=probe                                    probe_minted=true  sessions=1 mode=full drop=""
    zz_w5_coldstart_diag_test.go:432: TIMELINE mode=staged-cold source=startup i=2
           +412ms pid=34936 ppid=20992 +17ms hook-start [op session.start]
           +574ms pid=34936 ppid=20992 +179ms presend-start [by_in_ms 3088]
           +574ms pid=34936 ppid=20992 +179ms ensure-probe-miss []
           +580ms pid=34936 ppid=20992 +186ms ensure-claimed [claim 1]
           +580ms pid=34936 ppid=20992 +186ms stage-start []
           +790ms pid=34936 ppid=20992 +396ms stage-end [err <nil>]
           +791ms pid=34936 ppid=20992 +396ms spawn-start [program C:\Users\Quant\AppData\Local\Temp\TestZZW5_ColdStart4103877050\037\home\.qompack\bin\04207654cf86245d08714ee38125465ea96a9faead560ecae1a645a61b46092d\qompack.exe]
           +957ms pid=34936 ppid=20992 +563ms spawn-started [child 31224]
           +957ms pid=34936 ppid=20992 +563ms ensure-spawned []
           +981ms pid=31224 ppid=34936 +16ms daemon-enter []
           +981ms pid=31224 ppid=34936 +16ms lease-try []
           +995ms pid=31224 ppid=34936 +30ms lease-result [err <nil>]
          +1000ms pid=31224 ppid=34936 +35ms wired []
          +1012ms pid=31224 ppid=34936 +47ms run-call []
          +1012ms pid=31224 ppid=34936 +47ms run-enter []
          +1013ms pid=31224 ppid=34936 +48ms lock-ok []
          +1013ms pid=31224 ppid=34936 +48ms ing-started []
          +1013ms pid=31224 ppid=34936 +48ms listen-start []
          +1017ms pid=31224 ppid=34936 +52ms listening []
          +1017ms pid=31224 ppid=34936 +52ms accepting []
          +1024ms pid=34936 ppid=20992 +629ms ensure-up [spawned true]
          +1024ms pid=34936 ppid=20992 +629ms presend-end []
          +1024ms pid=34936 ppid=20992 +629ms send-start [deadline_ms 10000]
          +1024ms pid=34936 ppid=20992 +629ms connect [err <nil>]
          +1031ms pid=31224 ppid=34936 +66ms state-written []
          +1043ms pid=31224 ppid=34936 +78ms drain-start []
          +1055ms pid=31224 ppid=34936 +90ms drain-end []
          +1055ms pid=31224 ppid=34936 +90ms sweep-end []
          +1056ms pid=31224 ppid=34936 +91ms audit-end []
          +1056ms pid=31224 ppid=34936 +91ms serving []
          +1107ms pid=34936 ppid=20992 +713ms reply [err <nil>]
          +1107ms pid=34936 ppid=20992 +713ms send-end [ok true out true]
          +1107ms pid=34936 ppid=20992 +713ms hook-end []
    zz_w5_coldstart_diag_test.go:428: ROW mode=staged-cold source=startup i=3 wall=  928ms sswall=  928ms overhead= 345ms presend=  351ms up=  882ms(ok=true) spooled=false daemons=1 leaseOK=1 lockHeld=0 answer=probe                                    probe_minted=true  sessions=1 mode=full drop=""
    zz_w5_coldstart_diag_test.go:432: TIMELINE mode=staged-cold source=startup i=3
           +338ms pid=20484 ppid=20992 +15ms hook-start [op session.start]
           +523ms pid=20484 ppid=20992 +200ms presend-start [by_in_ms 3065]
           +524ms pid=20484 ppid=20992 +201ms ensure-probe-miss []
           +528ms pid=20484 ppid=20992 +205ms ensure-claimed [claim 1]
           +528ms pid=20484 ppid=20992 +205ms stage-start []
           +690ms pid=20484 ppid=20992 +367ms stage-end [err <nil>]
           +690ms pid=20484 ppid=20992 +367ms spawn-start [program C:\Users\Quant\AppData\Local\Temp\TestZZW5_ColdStart4103877050\040\home\.qompack\bin\04207654cf86245d08714ee38125465ea96a9faead560ecae1a645a61b46092d\qompack.exe]
           +806ms pid=20484 ppid=20992 +484ms spawn-started [child 40068]
           +807ms pid=20484 ppid=20992 +484ms ensure-spawned []
           +830ms pid=40068 ppid=20484 +15ms daemon-enter []
           +830ms pid=40068 ppid=20484 +15ms lease-try []
           +843ms pid=40068 ppid=20484 +28ms lease-result [err <nil>]
           +850ms pid=40068 ppid=20484 +35ms wired []
           +865ms pid=40068 ppid=20484 +50ms run-call []
           +865ms pid=40068 ppid=20484 +50ms run-enter []
           +865ms pid=40068 ppid=20484 +50ms lock-ok []
           +865ms pid=40068 ppid=20484 +51ms ing-started []
           +865ms pid=40068 ppid=20484 +51ms listen-start []
           +869ms pid=40068 ppid=20484 +54ms listening []
           +869ms pid=40068 ppid=20484 +54ms accepting []
           +873ms pid=40068 ppid=20484 +59ms state-written []
           +874ms pid=20484 ppid=20992 +551ms ensure-up [spawned true]
           +874ms pid=20484 ppid=20992 +551ms presend-end []
           +874ms pid=20484 ppid=20992 +551ms send-start [deadline_ms 10000]
           +874ms pid=20484 ppid=20992 +551ms connect [err <nil>]
           +874ms pid=40068 ppid=20484 +60ms drain-start []
           +881ms pid=40068 ppid=20484 +67ms drain-end []
           +881ms pid=40068 ppid=20484 +67ms sweep-end []
           +882ms pid=40068 ppid=20484 +67ms audit-end []
           +882ms pid=40068 ppid=20484 +67ms serving []
           +921ms pid=20484 ppid=20992 +598ms reply [err <nil>]
           +921ms pid=20484 ppid=20992 +598ms send-end [ok true out true]
           +921ms pid=20484 ppid=20992 +598ms hook-end []
    zz_w5_coldstart_diag_test.go:428: ROW mode=staged-cold source=startup i=4 wall= 1282ms sswall= 1282ms overhead= 419ms presend=  426ms up= 1221ms(ok=true) spooled=false daemons=1 leaseOK=1 lockHeld=0 answer=probe                                    probe_minted=true  sessions=1 mode=full drop=""
    zz_w5_coldstart_diag_test.go:432: TIMELINE mode=staged-cold source=startup i=4
           +405ms pid=37632 ppid=20992 +15ms hook-start [op session.start]
           +785ms pid=37632 ppid=20992 +395ms presend-start [by_in_ms 2869]
           +785ms pid=37632 ppid=20992 +395ms ensure-probe-miss []
           +791ms pid=37632 ppid=20992 +400ms ensure-claimed [claim 1]
           +791ms pid=37632 ppid=20992 +400ms stage-start []
           +986ms pid=37632 ppid=20992 +595ms stage-end [err <nil>]
           +986ms pid=37632 ppid=20992 +596ms spawn-start [program C:\Users\Quant\AppData\Local\Temp\TestZZW5_ColdStart4103877050\043\home\.qompack\bin\04207654cf86245d08714ee38125465ea96a9faead560ecae1a645a61b46092d\qompack.exe]
          +1150ms pid=37632 ppid=20992 +760ms spawn-started [child 40100]
          +1150ms pid=37632 ppid=20992 +760ms ensure-spawned []
          +1174ms pid=40100 ppid=37632 +15ms daemon-enter []
          +1174ms pid=40100 ppid=37632 +15ms lease-try []
          +1186ms pid=40100 ppid=37632 +27ms lease-result [err <nil>]
          +1192ms pid=40100 ppid=37632 +32ms wired []
          +1203ms pid=40100 ppid=37632 +44ms run-call []
          +1203ms pid=40100 ppid=37632 +44ms run-enter []
          +1203ms pid=40100 ppid=37632 +44ms lock-ok []
          +1204ms pid=40100 ppid=37632 +44ms ing-started []
          +1204ms pid=40100 ppid=37632 +44ms listen-start []
          +1206ms pid=40100 ppid=37632 +47ms listening []
          +1206ms pid=40100 ppid=37632 +47ms accepting []
          +1211ms pid=37632 ppid=20992 +820ms ensure-up [spawned true]
          +1211ms pid=37632 ppid=20992 +820ms presend-end []
          +1211ms pid=37632 ppid=20992 +820ms send-start [deadline_ms 10000]
          +1211ms pid=37632 ppid=20992 +820ms connect [err <nil>]
          +1213ms pid=40100 ppid=37632 +54ms state-written []
          +1214ms pid=40100 ppid=37632 +55ms drain-start []
          +1220ms pid=40100 ppid=37632 +61ms drain-end []
          +1221ms pid=40100 ppid=37632 +61ms sweep-end []
          +1221ms pid=40100 ppid=37632 +61ms audit-end []
          +1221ms pid=40100 ppid=37632 +61ms serving []
          +1268ms pid=37632 ppid=20992 +878ms reply [err <nil>]
          +1268ms pid=37632 ppid=20992 +878ms send-end [ok true out true]
          +1268ms pid=37632 ppid=20992 +878ms hook-end []
    zz_w5_coldstart_diag_test.go:428: ROW mode=staged-cold source=resume  i=0 wall=  934ms sswall=  934ms overhead= 351ms presend=  375ms up=  814ms(ok=true) spooled=false daemons=1 leaseOK=1 lockHeld=0 answer=probe                                    probe_minted=true  sessions=1 mode=full drop=""
    zz_w5_coldstart_diag_test.go:432: TIMELINE mode=staged-cold source=resume i=0
           +339ms pid=38128 ppid=20992 +15ms hook-start [op session.start]
           +439ms pid=38128 ppid=20992 +114ms presend-start [by_in_ms 3150]
           +439ms pid=38128 ppid=20992 +114ms ensure-probe-miss []
           +446ms pid=38128 ppid=20992 +122ms ensure-claimed [claim 1]
           +446ms pid=38128 ppid=20992 +122ms stage-start []
           +611ms pid=38128 ppid=20992 +287ms stage-end [err <nil>]
           +611ms pid=38128 ppid=20992 +287ms spawn-start [program C:\Users\Quant\AppData\Local\Temp\TestZZW5_ColdStart4103877050\046\home\.qompack\bin\04207654cf86245d08714ee38125465ea96a9faead560ecae1a645a61b46092d\qompack.exe]
           +733ms pid=38128 ppid=20992 +409ms spawn-started [child 46968]
           +733ms pid=38128 ppid=20992 +409ms ensure-spawned []
           +763ms pid=46968 ppid=38128 +20ms daemon-enter []
           +764ms pid=46968 ppid=38128 +20ms lease-try []
           +778ms pid=46968 ppid=38128 +34ms lease-result [err <nil>]
           +784ms pid=46968 ppid=38128 +41ms wired []
           +796ms pid=46968 ppid=38128 +52ms run-call []
           +796ms pid=46968 ppid=38128 +52ms run-enter []
           +797ms pid=46968 ppid=38128 +53ms lock-ok []
           +797ms pid=46968 ppid=38128 +53ms ing-started []
           +797ms pid=46968 ppid=38128 +53ms listen-start []
           +801ms pid=46968 ppid=38128 +57ms listening []
           +801ms pid=46968 ppid=38128 +57ms accepting []
           +806ms pid=46968 ppid=38128 +63ms state-written []
           +807ms pid=46968 ppid=38128 +64ms drain-start []
           +813ms pid=46968 ppid=38128 +69ms drain-end []
           +813ms pid=46968 ppid=38128 +70ms sweep-end []
           +814ms pid=38128 ppid=20992 +490ms ensure-up [spawned true]
           +814ms pid=38128 ppid=20992 +490ms presend-end []
           +814ms pid=38128 ppid=20992 +490ms send-start [deadline_ms 10000]
           +814ms pid=46968 ppid=38128 +70ms audit-end []
           +814ms pid=46968 ppid=38128 +70ms serving []
           +816ms pid=38128 ppid=20992 +492ms connect [err <nil>]
           +921ms pid=38128 ppid=20992 +597ms reply [err <nil>]
           +922ms pid=38128 ppid=20992 +597ms send-end [ok true out true]
           +922ms pid=38128 ppid=20992 +597ms hook-end []
    zz_w5_coldstart_diag_test.go:428: ROW mode=staged-cold source=resume  i=1 wall=  802ms sswall=  802ms overhead= 279ms presend=  375ms up=  746ms(ok=true) spooled=false daemons=1 leaseOK=1 lockHeld=0 answer=probe                                    probe_minted=true  sessions=1 mode=full drop=""
    zz_w5_coldstart_diag_test.go:432: TIMELINE mode=staged-cold source=resume i=1
           +264ms pid=49432 ppid=20992 +19ms hook-start [op session.start]
           +361ms pid=49432 ppid=20992 +117ms presend-start [by_in_ms 3153]
           +361ms pid=49432 ppid=20992 +117ms ensure-probe-miss []
           +366ms pid=49432 ppid=20992 +122ms ensure-claimed [claim 1]
           +366ms pid=49432 ppid=20992 +122ms stage-start []
           +537ms pid=49432 ppid=20992 +293ms stage-end [err <nil>]
           +537ms pid=49432 ppid=20992 +293ms spawn-start [program C:\Users\Quant\AppData\Local\Temp\TestZZW5_ColdStart4103877050\049\home\.qompack\bin\04207654cf86245d08714ee38125465ea96a9faead560ecae1a645a61b46092d\qompack.exe]
           +668ms pid=49432 ppid=20992 +424ms spawn-started [child 40048]
           +668ms pid=49432 ppid=20992 +424ms ensure-spawned []
           +698ms pid=40048 ppid=49432 +20ms daemon-enter []
           +698ms pid=40048 ppid=49432 +20ms lease-try []
           +711ms pid=40048 ppid=49432 +33ms lease-result [err <nil>]
           +718ms pid=40048 ppid=49432 +39ms wired []
           +729ms pid=40048 ppid=49432 +50ms run-call []
           +729ms pid=40048 ppid=49432 +50ms run-enter []
           +730ms pid=40048 ppid=49432 +51ms lock-ok []
           +730ms pid=40048 ppid=49432 +51ms ing-started []
           +730ms pid=40048 ppid=49432 +51ms listen-start []
           +733ms pid=40048 ppid=49432 +54ms listening []
           +733ms pid=40048 ppid=49432 +54ms accepting []
           +736ms pid=49432 ppid=20992 +492ms ensure-up [spawned true]
           +736ms pid=49432 ppid=20992 +492ms presend-end []
           +736ms pid=49432 ppid=20992 +492ms send-start [deadline_ms 10000]
           +736ms pid=49432 ppid=20992 +492ms connect [err <nil>]
           +738ms pid=40048 ppid=49432 +59ms state-written []
           +739ms pid=40048 ppid=49432 +61ms drain-start []
           +746ms pid=40048 ppid=49432 +67ms drain-end []
           +746ms pid=40048 ppid=49432 +67ms sweep-end []
           +746ms pid=40048 ppid=49432 +67ms audit-end []
           +746ms pid=40048 ppid=49432 +67ms serving []
           +787ms pid=49432 ppid=20992 +543ms reply [err <nil>]
           +787ms pid=49432 ppid=20992 +543ms send-end [ok true out true]
           +787ms pid=49432 ppid=20992 +543ms hook-end []
    zz_w5_coldstart_diag_test.go:428: ROW mode=staged-cold source=resume  i=2 wall= 1024ms sswall= 1024ms overhead= 319ms presend=  400ms up=  967ms(ok=true) spooled=false daemons=1 leaseOK=1 lockHeld=0 answer=probe                                    probe_minted=true  sessions=1 mode=full drop=""
    zz_w5_coldstart_diag_test.go:432: TIMELINE mode=staged-cold source=resume i=2
           +311ms pid=39852 ppid=20992 +19ms hook-start [op session.start]
           +548ms pid=39852 ppid=20992 +256ms presend-start [by_in_ms 3014]
           +548ms pid=39852 ppid=20992 +256ms ensure-probe-miss []
           +553ms pid=39852 ppid=20992 +261ms ensure-claimed [claim 1]
           +553ms pid=39852 ppid=20992 +261ms stage-start []
           +724ms pid=39852 ppid=20992 +432ms stage-end [err <nil>]
           +724ms pid=39852 ppid=20992 +433ms spawn-start [program C:\Users\Quant\AppData\Local\Temp\TestZZW5_ColdStart4103877050\052\home\.qompack\bin\04207654cf86245d08714ee38125465ea96a9faead560ecae1a645a61b46092d\qompack.exe]
           +839ms pid=39852 ppid=20992 +547ms spawn-started [child 42088]
           +839ms pid=39852 ppid=20992 +547ms ensure-spawned []
           +879ms pid=42088 ppid=39852 +26ms daemon-enter []
           +880ms pid=42088 ppid=39852 +27ms lease-try []
           +904ms pid=42088 ppid=39852 +50ms lease-result [err <nil>]
           +919ms pid=42088 ppid=39852 +65ms wired []
           +939ms pid=42088 ppid=39852 +86ms run-call []
           +939ms pid=42088 ppid=39852 +86ms run-enter []
           +940ms pid=42088 ppid=39852 +86ms lock-ok []
           +940ms pid=42088 ppid=39852 +86ms ing-started []
           +940ms pid=42088 ppid=39852 +86ms listen-start []
           +945ms pid=42088 ppid=39852 +92ms listening []
           +945ms pid=42088 ppid=39852 +92ms accepting []
           +948ms pid=39852 ppid=20992 +656ms ensure-up [spawned true]
           +948ms pid=39852 ppid=20992 +656ms presend-end []
           +948ms pid=39852 ppid=20992 +656ms send-start [deadline_ms 10000]
           +948ms pid=39852 ppid=20992 +656ms connect [err <nil>]
           +952ms pid=42088 ppid=39852 +99ms state-written []
           +957ms pid=42088 ppid=39852 +104ms drain-start []
           +965ms pid=42088 ppid=39852 +112ms drain-end []
           +966ms pid=42088 ppid=39852 +112ms sweep-end []
           +966ms pid=42088 ppid=39852 +113ms audit-end []
           +967ms pid=42088 ppid=39852 +113ms serving []
          +1016ms pid=39852 ppid=20992 +724ms reply [err <nil>]
          +1016ms pid=39852 ppid=20992 +724ms send-end [ok true out true]
          +1016ms pid=39852 ppid=20992 +724ms hook-end []
    zz_w5_coldstart_diag_test.go:428: ROW mode=staged-cold source=resume  i=3 wall= 1101ms sswall= 1101ms overhead= 355ms presend=  451ms up= 1042ms(ok=true) spooled=false daemons=1 leaseOK=1 lockHeld=0 answer=probe                                    probe_minted=true  sessions=1 mode=full drop=""
    zz_w5_coldstart_diag_test.go:432: TIMELINE mode=staged-cold source=resume i=3
           +336ms pid=44000 ppid=20992 +22ms hook-start [op session.start]
           +592ms pid=44000 ppid=20992 +279ms presend-start [by_in_ms 2993]
           +593ms pid=44000 ppid=20992 +279ms ensure-probe-miss []
           +599ms pid=44000 ppid=20992 +285ms ensure-claimed [claim 1]
           +599ms pid=44000 ppid=20992 +285ms stage-start []
           +751ms pid=44000 ppid=20992 +437ms stage-end [err <nil>]
           +751ms pid=44000 ppid=20992 +437ms spawn-start [program C:\Users\Quant\AppData\Local\Temp\TestZZW5_ColdStart4103877050\055\home\.qompack\bin\04207654cf86245d08714ee38125465ea96a9faead560ecae1a645a61b46092d\qompack.exe]
           +875ms pid=44000 ppid=20992 +562ms spawn-started [child 41460]
           +875ms pid=44000 ppid=20992 +562ms ensure-spawned []
           +988ms pid=41460 ppid=44000 +16ms daemon-enter []
           +988ms pid=41460 ppid=44000 +17ms lease-try []
          +1003ms pid=41460 ppid=44000 +32ms lease-result [err <nil>]
          +1009ms pid=41460 ppid=44000 +38ms wired []
          +1024ms pid=41460 ppid=44000 +53ms run-call []
          +1024ms pid=41460 ppid=44000 +53ms run-enter []
          +1024ms pid=41460 ppid=44000 +53ms lock-ok []
          +1024ms pid=41460 ppid=44000 +53ms ing-started []
          +1024ms pid=41460 ppid=44000 +53ms listen-start []
          +1028ms pid=41460 ppid=44000 +56ms listening []
          +1028ms pid=41460 ppid=44000 +56ms accepting []
          +1034ms pid=41460 ppid=44000 +63ms state-written []
          +1035ms pid=41460 ppid=44000 +64ms drain-start []
          +1041ms pid=41460 ppid=44000 +70ms drain-end []
          +1041ms pid=41460 ppid=44000 +70ms sweep-end []
          +1042ms pid=41460 ppid=44000 +71ms audit-end []
          +1042ms pid=41460 ppid=44000 +71ms serving []
          +1043ms pid=44000 ppid=20992 +729ms ensure-up [spawned true]
          +1043ms pid=44000 ppid=20992 +729ms presend-end []
          +1043ms pid=44000 ppid=20992 +729ms send-start [deadline_ms 10000]
          +1043ms pid=44000 ppid=20992 +729ms connect [err <nil>]
          +1082ms pid=44000 ppid=20992 +769ms reply [err <nil>]
          +1082ms pid=44000 ppid=20992 +769ms send-end [ok true out true]
          +1082ms pid=44000 ppid=20992 +769ms hook-end []
    zz_w5_coldstart_diag_test.go:428: ROW mode=staged-cold source=resume  i=4 wall= 1272ms sswall= 1272ms overhead= 503ms presend=  425ms up= 1212ms(ok=true) spooled=false daemons=1 leaseOK=1 lockHeld=0 answer=probe                                    probe_minted=true  sessions=1 mode=full drop=""
    zz_w5_coldstart_diag_test.go:432: TIMELINE mode=staged-cold source=resume i=4
           +489ms pid=46448 ppid=20992 +22ms hook-start [op session.start]
           +788ms pid=46448 ppid=20992 +320ms presend-start [by_in_ms 2951]
           +788ms pid=46448 ppid=20992 +320ms ensure-probe-miss []
           +795ms pid=46448 ppid=20992 +327ms ensure-claimed [claim 1]
           +795ms pid=46448 ppid=20992 +327ms stage-start []
           +961ms pid=46448 ppid=20992 +493ms stage-end [err <nil>]
           +961ms pid=46448 ppid=20992 +493ms spawn-start [program C:\Users\Quant\AppData\Local\Temp\TestZZW5_ColdStart4103877050\058\home\.qompack\bin\04207654cf86245d08714ee38125465ea96a9faead560ecae1a645a61b46092d\qompack.exe]
          +1108ms pid=46448 ppid=20992 +641ms spawn-started [child 4376]
          +1108ms pid=46448 ppid=20992 +641ms ensure-spawned []
          +1136ms pid=4376 ppid=46448 +17ms daemon-enter []
          +1136ms pid=4376 ppid=46448 +17ms lease-try []
          +1150ms pid=4376 ppid=46448 +31ms lease-result [err <nil>]
          +1158ms pid=4376 ppid=46448 +39ms wired []
          +1180ms pid=4376 ppid=46448 +61ms run-call []
          +1180ms pid=4376 ppid=46448 +61ms run-enter []
          +1184ms pid=4376 ppid=46448 +65ms lock-ok []
          +1184ms pid=4376 ppid=46448 +65ms ing-started []
          +1184ms pid=4376 ppid=46448 +65ms listen-start []
          +1188ms pid=4376 ppid=46448 +69ms listening []
          +1188ms pid=4376 ppid=46448 +69ms accepting []
          +1195ms pid=4376 ppid=46448 +76ms state-written []
          +1197ms pid=4376 ppid=46448 +78ms drain-start []
          +1211ms pid=4376 ppid=46448 +92ms drain-end []
          +1211ms pid=4376 ppid=46448 +92ms sweep-end []
          +1212ms pid=4376 ppid=46448 +93ms audit-end []
          +1212ms pid=4376 ppid=46448 +93ms serving []
          +1213ms pid=46448 ppid=20992 +745ms ensure-up [spawned true]
          +1213ms pid=46448 ppid=20992 +745ms presend-end []
          +1213ms pid=46448 ppid=20992 +745ms send-start [deadline_ms 10000]
          +1213ms pid=46448 ppid=20992 +745ms connect [err <nil>]
          +1257ms pid=46448 ppid=20992 +790ms reply [err <nil>]
          +1258ms pid=46448 ppid=20992 +790ms send-end [ok true out true]
          +1258ms pid=46448 ppid=20992 +790ms hook-end []
    zz_w5_coldstart_diag_test.go:428: ROW mode=staged-cold source=compact i=0 wall= 1698ms sswall= 1698ms overhead=  58ms presend= 1451ms up= 1607ms(ok=true) spooled=false daemons=1 leaseOK=1 lockHeld=0 answer=rehydration+probe                        probe_minted=true  sessions=2 mode=full drop="pointer_git_unavailable:checkpoint: no .git at the project root"
    zz_w5_coldstart_diag_test.go:432: TIMELINE mode=staged-cold source=compact i=0
            +33ms pid=34148 ppid=20992 +15ms hook-start [op session.start]
           +123ms pid=34148 ppid=20992 +105ms presend-start [by_in_ms 3159]
           +123ms pid=34148 ppid=20992 +105ms ensure-probe-miss []
           +130ms pid=34148 ppid=20992 +112ms ensure-claimed [claim 1]
           +130ms pid=34148 ppid=20992 +112ms stage-start []
           +340ms pid=34148 ppid=20992 +322ms stage-end [err <nil>]
           +340ms pid=34148 ppid=20992 +322ms spawn-start [program C:\Users\Quant\AppData\Local\Temp\TestZZW5_ColdStart4103877050\063\.qompack\bin\04207654cf86245d08714ee38125465ea96a9faead560ecae1a645a61b46092d\qompack.exe]
          +1407ms pid=34148 ppid=20992 +1389ms spawn-started [child 47432]
          +1407ms pid=34148 ppid=20992 +1389ms ensure-spawned []
          +1433ms pid=47432 ppid=34148 +17ms daemon-enter []
          +1433ms pid=47432 ppid=34148 +17ms lease-try []
          +1448ms pid=47432 ppid=34148 +33ms lease-result [err <nil>]
          +1524ms pid=47432 ppid=34148 +108ms wired []
          +1537ms pid=47432 ppid=34148 +121ms run-call []
          +1537ms pid=47432 ppid=34148 +121ms run-enter []
          +1538ms pid=47432 ppid=34148 +122ms lock-ok []
          +1547ms pid=47432 ppid=34148 +131ms ing-started []
          +1548ms pid=47432 ppid=34148 +132ms listen-start []
          +1552ms pid=47432 ppid=34148 +136ms listening []
          +1553ms pid=47432 ppid=34148 +137ms accepting []
          +1561ms pid=47432 ppid=34148 +145ms state-written []
          +1563ms pid=47432 ppid=34148 +147ms drain-start []
          +1574ms pid=34148 ppid=20992 +1556ms ensure-up [spawned true]
          +1574ms pid=34148 ppid=20992 +1556ms presend-end []
          +1574ms pid=34148 ppid=20992 +1556ms send-start [deadline_ms 10000]
          +1574ms pid=34148 ppid=20992 +1556ms connect [err <nil>]
          +1593ms pid=47432 ppid=34148 +177ms drain-end []
          +1593ms pid=47432 ppid=34148 +177ms sweep-end []
          +1607ms pid=47432 ppid=34148 +191ms audit-end []
          +1607ms pid=47432 ppid=34148 +191ms serving []
          +1673ms pid=34148 ppid=20992 +1655ms reply [err <nil>]
          +1673ms pid=34148 ppid=20992 +1656ms send-end [ok true out true]
          +1673ms pid=34148 ppid=20992 +1656ms hook-end []
    zz_w5_coldstart_diag_test.go:428: ROW mode=staged-cold source=compact i=1 wall=  945ms sswall=  945ms overhead=  70ms presend=  575ms up=  851ms(ok=true) spooled=false daemons=1 leaseOK=1 lockHeld=0 answer=rehydration+probe                        probe_minted=true  sessions=2 mode=full drop="pointer_git_unavailable:checkpoint: no .git at the project root"
    zz_w5_coldstart_diag_test.go:432: TIMELINE mode=staged-cold source=compact i=1
            +49ms pid=45196 ppid=20992 +19ms hook-start [op session.start]
           +213ms pid=45196 ppid=20992 +182ms presend-start [by_in_ms 3086]
           +213ms pid=45196 ppid=20992 +182ms ensure-probe-miss []
           +223ms pid=45196 ppid=20992 +192ms ensure-claimed [claim 1]
           +223ms pid=45196 ppid=20992 +192ms stage-start []
           +429ms pid=45196 ppid=20992 +398ms stage-end [err <nil>]
           +429ms pid=45196 ppid=20992 +398ms spawn-start [program C:\Users\Quant\AppData\Local\Temp\TestZZW5_ColdStart4103877050\067\.qompack\bin\04207654cf86245d08714ee38125465ea96a9faead560ecae1a645a61b46092d\qompack.exe]
           +566ms pid=45196 ppid=20992 +535ms spawn-started [child 46996]
           +566ms pid=45196 ppid=20992 +536ms ensure-spawned []
           +601ms pid=46996 ppid=45196 +22ms daemon-enter []
           +601ms pid=46996 ppid=45196 +22ms lease-try []
           +669ms pid=46996 ppid=45196 +90ms lease-result [err <nil>]
           +753ms pid=46996 ppid=45196 +173ms wired []
           +772ms pid=46996 ppid=45196 +193ms run-call []
           +772ms pid=46996 ppid=45196 +193ms run-enter []
           +773ms pid=46996 ppid=45196 +193ms lock-ok []
           +782ms pid=46996 ppid=45196 +203ms ing-started []
           +782ms pid=46996 ppid=45196 +203ms listen-start []
           +787ms pid=46996 ppid=45196 +208ms listening []
           +787ms pid=46996 ppid=45196 +208ms accepting []
           +788ms pid=45196 ppid=20992 +758ms ensure-up [spawned true]
           +788ms pid=45196 ppid=20992 +758ms presend-end []
           +788ms pid=45196 ppid=20992 +758ms send-start [deadline_ms 10000]
           +788ms pid=45196 ppid=20992 +758ms connect [err <nil>]
           +797ms pid=46996 ppid=45196 +218ms state-written []
           +799ms pid=46996 ppid=45196 +220ms drain-start []
           +828ms pid=46996 ppid=45196 +248ms drain-end []
           +829ms pid=46996 ppid=45196 +250ms sweep-end []
           +851ms pid=46996 ppid=45196 +271ms audit-end []
           +851ms pid=46996 ppid=45196 +271ms serving []
           +924ms pid=45196 ppid=20992 +894ms reply [err <nil>]
           +924ms pid=45196 ppid=20992 +894ms send-end [ok true out true]
           +924ms pid=45196 ppid=20992 +894ms hook-end []
    zz_w5_coldstart_diag_test.go:428: ROW mode=staged-cold source=compact i=2 wall=  882ms sswall=  882ms overhead=  67ms presend=  501ms up=  798ms(ok=true) spooled=false daemons=1 leaseOK=1 lockHeld=0 answer=rehydration+probe                        probe_minted=true  sessions=2 mode=full drop="pointer_git_unavailable:checkpoint: no .git at the project root"
    zz_w5_coldstart_diag_test.go:432: TIMELINE mode=staged-cold source=compact i=2
            +58ms pid=44768 ppid=20992 +19ms hook-start [op session.start]
           +252ms pid=44768 ppid=20992 +214ms presend-start [by_in_ms 3056]
           +252ms pid=44768 ppid=20992 +214ms ensure-probe-miss []
           +258ms pid=44768 ppid=20992 +219ms ensure-claimed [claim 1]
           +258ms pid=44768 ppid=20992 +219ms stage-start []
           +445ms pid=44768 ppid=20992 +406ms stage-end [err <nil>]
           +445ms pid=44768 ppid=20992 +406ms spawn-start [program C:\Users\Quant\AppData\Local\Temp\TestZZW5_ColdStart4103877050\071\.qompack\bin\04207654cf86245d08714ee38125465ea96a9faead560ecae1a645a61b46092d\qompack.exe]
           +580ms pid=44768 ppid=20992 +541ms spawn-started [child 44540]
           +580ms pid=44768 ppid=20992 +541ms ensure-spawned []
           +609ms pid=44540 ppid=44768 +18ms daemon-enter []
           +609ms pid=44540 ppid=44768 +18ms lease-try []
           +625ms pid=44540 ppid=44768 +34ms lease-result [err <nil>]
           +707ms pid=44540 ppid=44768 +117ms wired []
           +724ms pid=44540 ppid=44768 +133ms run-call []
           +724ms pid=44540 ppid=44768 +133ms run-enter []
           +724ms pid=44540 ppid=44768 +134ms lock-ok []
           +742ms pid=44540 ppid=44768 +152ms ing-started []
           +742ms pid=44540 ppid=44768 +152ms listen-start []
           +746ms pid=44540 ppid=44768 +155ms listening []
           +746ms pid=44540 ppid=44768 +155ms accepting []
           +753ms pid=44540 ppid=44768 +162ms state-written []
           +753ms pid=44768 ppid=20992 +714ms ensure-up [spawned true]
           +753ms pid=44768 ppid=20992 +714ms presend-end []
           +753ms pid=44768 ppid=20992 +714ms send-start [deadline_ms 10000]
           +756ms pid=44540 ppid=44768 +165ms drain-start []
           +763ms pid=44768 ppid=20992 +725ms connect [err <nil>]
           +780ms pid=44540 ppid=44768 +189ms drain-end []
           +781ms pid=44540 ppid=44768 +190ms sweep-end []
           +798ms pid=44540 ppid=44768 +207ms audit-end []
           +798ms pid=44540 ppid=44768 +207ms serving []
           +872ms pid=44768 ppid=20992 +833ms reply [err <nil>]
           +873ms pid=44768 ppid=20992 +834ms send-end [ok true out true]
           +873ms pid=44768 ppid=20992 +834ms hook-end []
    zz_w5_coldstart_diag_test.go:428: ROW mode=staged-cold source=compact i=3 wall= 1314ms sswall= 1314ms overhead=  62ms presend=  902ms up= 1194ms(ok=true) spooled=false daemons=1 leaseOK=1 lockHeld=0 answer=rehydration+probe                        probe_minted=true  sessions=2 mode=full drop="pointer_git_unavailable:checkpoint: no .git at the project root"
    zz_w5_coldstart_diag_test.go:432: TIMELINE mode=staged-cold source=compact i=3
            +35ms pid=46472 ppid=20992 +20ms hook-start [op session.start]
           +238ms pid=46472 ppid=20992 +223ms presend-start [by_in_ms 3046]
           +238ms pid=46472 ppid=20992 +223ms ensure-probe-miss []
           +261ms pid=46472 ppid=20992 +246ms ensure-claimed [claim 1]
           +261ms pid=46472 ppid=20992 +246ms stage-start []
           +630ms pid=46472 ppid=20992 +615ms stage-end [err <nil>]
           +632ms pid=46472 ppid=20992 +617ms spawn-start [program C:\Users\Quant\AppData\Local\Temp\TestZZW5_ColdStart4103877050\075\.qompack\bin\04207654cf86245d08714ee38125465ea96a9faead560ecae1a645a61b46092d\qompack.exe]
           +873ms pid=46472 ppid=20992 +858ms spawn-started [child 33724]
           +873ms pid=46472 ppid=20992 +858ms ensure-spawned []
           +933ms pid=33724 ppid=46472 +32ms daemon-enter []
           +933ms pid=33724 ppid=46472 +32ms lease-try []
           +965ms pid=33724 ppid=46472 +64ms lease-result [err <nil>]
          +1076ms pid=33724 ppid=46472 +175ms wired []
          +1099ms pid=33724 ppid=46472 +197ms run-call []
          +1099ms pid=33724 ppid=46472 +197ms run-enter []
          +1099ms pid=33724 ppid=46472 +198ms lock-ok []
          +1123ms pid=33724 ppid=46472 +222ms ing-started []
          +1124ms pid=33724 ppid=46472 +223ms listen-start []
          +1134ms pid=33724 ppid=46472 +233ms listening []
          +1134ms pid=33724 ppid=46472 +233ms accepting []
          +1140ms pid=46472 ppid=20992 +1125ms ensure-up [spawned true]
          +1140ms pid=46472 ppid=20992 +1125ms presend-end []
          +1140ms pid=46472 ppid=20992 +1125ms send-start [deadline_ms 10000]
          +1141ms pid=33724 ppid=46472 +240ms state-written []
          +1147ms pid=33724 ppid=46472 +246ms drain-start []
          +1150ms pid=46472 ppid=20992 +1135ms connect [err <nil>]
          +1177ms pid=33724 ppid=46472 +276ms drain-end []
          +1178ms pid=33724 ppid=46472 +277ms sweep-end []
          +1194ms pid=33724 ppid=46472 +293ms audit-end []
          +1194ms pid=33724 ppid=46472 +293ms serving []
          +1287ms pid=46472 ppid=20992 +1272ms reply [err <nil>]
          +1287ms pid=46472 ppid=20992 +1272ms send-end [ok true out true]
          +1287ms pid=46472 ppid=20992 +1272ms hook-end []
    zz_w5_coldstart_diag_test.go:428: ROW mode=staged-cold source=compact i=4 wall= 1029ms sswall= 1029ms overhead=  93ms presend=  577ms up=  890ms(ok=true) spooled=false daemons=1 leaseOK=1 lockHeld=0 answer=rehydration+probe                        probe_minted=true  sessions=2 mode=full drop="pointer_git_unavailable:checkpoint: no .git at the project root"
    zz_w5_coldstart_diag_test.go:432: TIMELINE mode=staged-cold source=compact i=4
            +69ms pid=41840 ppid=20992 +21ms hook-start [op session.start]
           +267ms pid=41840 ppid=20992 +220ms presend-start [by_in_ms 3051]
           +267ms pid=41840 ppid=20992 +220ms ensure-probe-miss []
           +277ms pid=41840 ppid=20992 +229ms ensure-claimed [claim 1]
           +277ms pid=41840 ppid=20992 +229ms stage-start []
           +492ms pid=41840 ppid=20992 +444ms stage-end [err <nil>]
           +492ms pid=41840 ppid=20992 +444ms spawn-start [program C:\Users\Quant\AppData\Local\Temp\TestZZW5_ColdStart4103877050\079\.qompack\bin\04207654cf86245d08714ee38125465ea96a9faead560ecae1a645a61b46092d\qompack.exe]
           +633ms pid=41840 ppid=20992 +586ms spawn-started [child 3724]
           +633ms pid=41840 ppid=20992 +586ms ensure-spawned []
           +671ms pid=3724 ppid=41840 +22ms daemon-enter []
           +671ms pid=3724 ppid=41840 +23ms lease-try []
           +710ms pid=3724 ppid=41840 +61ms lease-result [err <nil>]
           +787ms pid=3724 ppid=41840 +139ms wired []
           +804ms pid=3724 ppid=41840 +156ms run-call []
           +804ms pid=3724 ppid=41840 +156ms run-enter []
           +805ms pid=3724 ppid=41840 +156ms lock-ok []
           +820ms pid=3724 ppid=41840 +172ms ing-started []
           +820ms pid=3724 ppid=41840 +172ms listen-start []
           +826ms pid=3724 ppid=41840 +178ms listening []
           +826ms pid=3724 ppid=41840 +178ms accepting []
           +831ms pid=3724 ppid=41840 +183ms state-written []
           +833ms pid=3724 ppid=41840 +185ms drain-start []
           +844ms pid=41840 ppid=20992 +796ms ensure-up [spawned true]
           +844ms pid=41840 ppid=20992 +796ms presend-end []
           +844ms pid=41840 ppid=20992 +796ms send-start [deadline_ms 10000]
           +847ms pid=41840 ppid=20992 +800ms connect [err <nil>]
           +867ms pid=3724 ppid=41840 +218ms drain-end []
           +868ms pid=3724 ppid=41840 +220ms sweep-end []
           +890ms pid=3724 ppid=41840 +242ms audit-end []
           +890ms pid=3724 ppid=41840 +242ms serving []
          +1005ms pid=41840 ppid=20992 +957ms reply [err <nil>]
          +1005ms pid=41840 ppid=20992 +957ms send-end [ok true out true]
          +1005ms pid=41840 ppid=20992 +957ms hook-end []
    zz_w5_coldstart_diag_test.go:428: ROW mode=staged-warm source=startup i=0 wall=  435ms sswall=  435ms overhead=  49ms presend=  125ms up=  386ms(ok=true) spooled=false daemons=1 leaseOK=1 lockHeld=0 answer=probe                                    probe_minted=true  sessions=1 mode=full drop=""
    zz_w5_coldstart_diag_test.go:432: TIMELINE mode=staged-warm source=startup i=0
            +41ms pid=46900 ppid=20992 +19ms hook-start [op session.start]
           +250ms pid=46900 ppid=20992 +228ms presend-start [by_in_ms 3041]
           +250ms pid=46900 ppid=20992 +228ms ensure-probe-miss []
           +266ms pid=46900 ppid=20992 +244ms ensure-claimed [claim 1]
           +266ms pid=46900 ppid=20992 +244ms stage-start []
           +292ms pid=46900 ppid=20992 +269ms stage-end [err <nil>]
           +292ms pid=46900 ppid=20992 +270ms spawn-start [program C:\Users\Quant\AppData\Local\Temp\TestZZW5_ColdStart4103877050\081\.qompack\bin\04207654cf86245d08714ee38125465ea96a9faead560ecae1a645a61b46092d\qompack.exe]
           +301ms pid=46900 ppid=20992 +279ms spawn-started [child 44836]
           +301ms pid=46900 ppid=20992 +279ms ensure-spawned []
           +325ms pid=44836 ppid=46900 +17ms daemon-enter []
           +327ms pid=44836 ppid=46900 +20ms lease-try []
           +344ms pid=44836 ppid=46900 +37ms lease-result [err <nil>]
           +350ms pid=44836 ppid=46900 +43ms wired []
           +367ms pid=44836 ppid=46900 +59ms run-call []
           +367ms pid=44836 ppid=46900 +59ms run-enter []
           +367ms pid=44836 ppid=46900 +60ms lock-ok []
           +367ms pid=44836 ppid=46900 +60ms ing-started []
           +367ms pid=44836 ppid=46900 +60ms listen-start []
           +371ms pid=44836 ppid=46900 +63ms listening []
           +371ms pid=44836 ppid=46900 +63ms accepting []
           +375ms pid=46900 ppid=20992 +353ms ensure-up [spawned true]
           +375ms pid=46900 ppid=20992 +353ms presend-end []
           +375ms pid=46900 ppid=20992 +353ms send-start [deadline_ms 10000]
           +375ms pid=46900 ppid=20992 +353ms connect [err <nil>]
           +378ms pid=44836 ppid=46900 +71ms state-written []
           +380ms pid=44836 ppid=46900 +72ms drain-start []
           +384ms pid=44836 ppid=46900 +77ms drain-end []
           +385ms pid=44836 ppid=46900 +78ms sweep-end []
           +386ms pid=44836 ppid=46900 +78ms audit-end []
           +386ms pid=44836 ppid=46900 +78ms serving []
           +427ms pid=46900 ppid=20992 +405ms reply [err <nil>]
           +427ms pid=46900 ppid=20992 +405ms send-end [ok true out true]
           +427ms pid=46900 ppid=20992 +405ms hook-end []
    zz_w5_coldstart_diag_test.go:428: ROW mode=staged-warm source=startup i=1 wall=  270ms sswall=  270ms overhead=  54ms presend=  126ms up=  210ms(ok=true) spooled=false daemons=1 leaseOK=1 lockHeld=0 answer=probe                                    probe_minted=true  sessions=1 mode=full drop=""
    zz_w5_coldstart_diag_test.go:432: TIMELINE mode=staged-warm source=startup i=1
            +37ms pid=40156 ppid=20992 +14ms hook-start [op session.start]
            +78ms pid=40156 ppid=20992 +56ms presend-start [by_in_ms 3209]
            +78ms pid=40156 ppid=20992 +56ms ensure-probe-miss []
            +94ms pid=40156 ppid=20992 +71ms ensure-claimed [claim 1]
            +94ms pid=40156 ppid=20992 +71ms stage-start []
           +119ms pid=40156 ppid=20992 +97ms stage-end [err <nil>]
           +119ms pid=40156 ppid=20992 +97ms spawn-start [program C:\Users\Quant\AppData\Local\Temp\TestZZW5_ColdStart4103877050\081\.qompack\bin\04207654cf86245d08714ee38125465ea96a9faead560ecae1a645a61b46092d\qompack.exe]
           +127ms pid=40156 ppid=20992 +105ms spawn-started [child 35088]
           +127ms pid=40156 ppid=20992 +105ms ensure-spawned []
           +150ms pid=35088 ppid=40156 +15ms daemon-enter []
           +150ms pid=35088 ppid=40156 +15ms lease-try []
           +169ms pid=35088 ppid=40156 +34ms lease-result [err <nil>]
           +175ms pid=35088 ppid=40156 +41ms wired []
           +190ms pid=35088 ppid=40156 +56ms run-call []
           +190ms pid=35088 ppid=40156 +56ms run-enter []
           +191ms pid=35088 ppid=40156 +56ms lock-ok []
           +191ms pid=35088 ppid=40156 +56ms ing-started []
           +191ms pid=35088 ppid=40156 +56ms listen-start []
           +194ms pid=35088 ppid=40156 +59ms listening []
           +194ms pid=35088 ppid=40156 +59ms accepting []
           +199ms pid=35088 ppid=40156 +64ms state-written []
           +200ms pid=35088 ppid=40156 +66ms drain-start []
           +204ms pid=40156 ppid=20992 +181ms ensure-up [spawned true]
           +204ms pid=40156 ppid=20992 +181ms presend-end []
           +204ms pid=40156 ppid=20992 +181ms send-start [deadline_ms 10000]
           +204ms pid=40156 ppid=20992 +181ms connect [err <nil>]
           +209ms pid=35088 ppid=40156 +75ms drain-end []
           +209ms pid=35088 ppid=40156 +75ms sweep-end []
           +210ms pid=35088 ppid=40156 +75ms audit-end []
           +210ms pid=35088 ppid=40156 +75ms serving []
           +253ms pid=40156 ppid=20992 +230ms reply [err <nil>]
           +253ms pid=40156 ppid=20992 +230ms send-end [ok true out true]
           +253ms pid=40156 ppid=20992 +230ms hook-end []
    zz_w5_coldstart_diag_test.go:428: ROW mode=staged-warm source=startup i=2 wall=  695ms sswall=  695ms overhead=  61ms presend=  151ms up=  631ms(ok=true) spooled=false daemons=1 leaseOK=1 lockHeld=0 answer=probe                                    probe_minted=true  sessions=1 mode=full drop=""
    zz_w5_coldstart_diag_test.go:432: TIMELINE mode=staged-warm source=startup i=2
            +47ms pid=40464 ppid=20992 +19ms hook-start [op session.start]
           +475ms pid=40464 ppid=20992 +447ms presend-start [by_in_ms 2821]
           +475ms pid=40464 ppid=20992 +447ms ensure-probe-miss []
           +482ms pid=40464 ppid=20992 +454ms ensure-claimed [claim 1]
           +482ms pid=40464 ppid=20992 +454ms stage-start []
           +514ms pid=40464 ppid=20992 +486ms stage-end [err <nil>]
           +514ms pid=40464 ppid=20992 +486ms spawn-start [program C:\Users\Quant\AppData\Local\Temp\TestZZW5_ColdStart4103877050\081\.qompack\bin\04207654cf86245d08714ee38125465ea96a9faead560ecae1a645a61b46092d\qompack.exe]
           +525ms pid=40464 ppid=20992 +497ms spawn-started [child 44268]
           +525ms pid=40464 ppid=20992 +497ms ensure-spawned []
           +562ms pid=44268 ppid=40464 +29ms daemon-enter []
           +562ms pid=44268 ppid=40464 +29ms lease-try []
           +579ms pid=44268 ppid=40464 +46ms lease-result [err <nil>]
           +587ms pid=44268 ppid=40464 +54ms wired []
           +608ms pid=44268 ppid=40464 +75ms run-call []
           +608ms pid=44268 ppid=40464 +75ms run-enter []
           +608ms pid=44268 ppid=40464 +75ms lock-ok []
           +609ms pid=44268 ppid=40464 +76ms ing-started []
           +609ms pid=44268 ppid=40464 +76ms listen-start []
           +613ms pid=44268 ppid=40464 +80ms listening []
           +613ms pid=44268 ppid=40464 +80ms accepting []
           +620ms pid=44268 ppid=40464 +87ms state-written []
           +623ms pid=44268 ppid=40464 +90ms drain-start []
           +626ms pid=40464 ppid=20992 +598ms ensure-up [spawned true]
           +626ms pid=40464 ppid=20992 +598ms presend-end []
           +626ms pid=40464 ppid=20992 +598ms send-start [deadline_ms 10000]
           +626ms pid=40464 ppid=20992 +598ms connect [err <nil>]
           +630ms pid=44268 ppid=40464 +97ms drain-end []
           +631ms pid=44268 ppid=40464 +98ms sweep-end []
           +631ms pid=44268 ppid=40464 +98ms audit-end []
           +631ms pid=44268 ppid=40464 +98ms serving []
           +681ms pid=40464 ppid=20992 +653ms reply [err <nil>]
           +681ms pid=40464 ppid=20992 +653ms send-end [ok true out true]
           +681ms pid=40464 ppid=20992 +653ms hook-end []
    zz_w5_coldstart_diag_test.go:428: ROW mode=staged-warm source=startup i=3 wall=  360ms sswall=  360ms overhead=  58ms presend=  126ms up=  307ms(ok=true) spooled=false daemons=1 leaseOK=1 lockHeld=0 answer=probe                                    probe_minted=true  sessions=1 mode=full drop=""
    zz_w5_coldstart_diag_test.go:432: TIMELINE mode=staged-warm source=startup i=3
            +48ms pid=49880 ppid=20992 +18ms hook-start [op session.start]
           +186ms pid=49880 ppid=20992 +157ms presend-start [by_in_ms 3111]
           +186ms pid=49880 ppid=20992 +157ms ensure-probe-miss []
           +192ms pid=49880 ppid=20992 +162ms ensure-claimed [claim 1]
           +192ms pid=49880 ppid=20992 +162ms stage-start []
           +219ms pid=49880 ppid=20992 +189ms stage-end [err <nil>]
           +220ms pid=49880 ppid=20992 +190ms spawn-start [program C:\Users\Quant\AppData\Local\Temp\TestZZW5_ColdStart4103877050\081\.qompack\bin\04207654cf86245d08714ee38125465ea96a9faead560ecae1a645a61b46092d\qompack.exe]
           +231ms pid=49880 ppid=20992 +201ms spawn-started [child 43536]
           +231ms pid=49880 ppid=20992 +201ms ensure-spawned []
           +256ms pid=43536 ppid=49880 +17ms daemon-enter []
           +256ms pid=43536 ppid=49880 +17ms lease-try []
           +269ms pid=43536 ppid=49880 +30ms lease-result [err <nil>]
           +277ms pid=43536 ppid=49880 +37ms wired []
           +288ms pid=43536 ppid=49880 +49ms run-call []
           +288ms pid=43536 ppid=49880 +49ms run-enter []
           +288ms pid=43536 ppid=49880 +49ms lock-ok []
           +288ms pid=43536 ppid=49880 +49ms ing-started []
           +288ms pid=43536 ppid=49880 +49ms listen-start []
           +291ms pid=43536 ppid=49880 +52ms listening []
           +292ms pid=43536 ppid=49880 +53ms accepting []
           +298ms pid=43536 ppid=49880 +59ms state-written []
           +299ms pid=43536 ppid=49880 +60ms drain-start []
           +306ms pid=43536 ppid=49880 +67ms drain-end []
           +306ms pid=43536 ppid=49880 +67ms sweep-end []
           +307ms pid=43536 ppid=49880 +68ms audit-end []
           +307ms pid=43536 ppid=49880 +68ms serving []
           +312ms pid=49880 ppid=20992 +282ms ensure-up [spawned true]
           +312ms pid=49880 ppid=20992 +282ms presend-end []
           +312ms pid=49880 ppid=20992 +282ms send-start [deadline_ms 10000]
           +312ms pid=49880 ppid=20992 +282ms connect [err <nil>]
           +350ms pid=49880 ppid=20992 +320ms reply [err <nil>]
           +350ms pid=49880 ppid=20992 +320ms send-end [ok true out true]
           +350ms pid=49880 ppid=20992 +320ms hook-end []
    zz_w5_coldstart_diag_test.go:428: ROW mode=staged-warm source=startup i=4 wall=  408ms sswall=  408ms overhead= 181ms presend=  125ms up=  267ms(ok=true) spooled=false daemons=1 leaseOK=1 lockHeld=0 answer=probe                                    probe_minted=true  sessions=1 mode=full drop=""
    zz_w5_coldstart_diag_test.go:432: TIMELINE mode=staged-warm source=startup i=4
            +95ms pid=42164 ppid=20992 +15ms hook-start [op session.start]
           +140ms pid=42164 ppid=20992 +59ms presend-start [by_in_ms 3205]
           +140ms pid=42164 ppid=20992 +59ms ensure-probe-miss []
           +150ms pid=42164 ppid=20992 +69ms ensure-claimed [claim 1]
           +150ms pid=42164 ppid=20992 +69ms stage-start []
           +173ms pid=42164 ppid=20992 +93ms stage-end [err <nil>]
           +173ms pid=42164 ppid=20992 +93ms spawn-start [program C:\Users\Quant\AppData\Local\Temp\TestZZW5_ColdStart4103877050\081\.qompack\bin\04207654cf86245d08714ee38125465ea96a9faead560ecae1a645a61b46092d\qompack.exe]
           +182ms pid=42164 ppid=20992 +102ms spawn-started [child 47824]
           +182ms pid=42164 ppid=20992 +102ms ensure-spawned []
           +205ms pid=47824 ppid=42164 +15ms daemon-enter []
           +206ms pid=47824 ppid=42164 +16ms lease-try []
           +223ms pid=47824 ppid=42164 +33ms lease-result [err <nil>]
           +230ms pid=47824 ppid=42164 +40ms wired []
           +248ms pid=47824 ppid=42164 +58ms run-call []
           +248ms pid=47824 ppid=42164 +58ms run-enter []
           +248ms pid=47824 ppid=42164 +58ms lock-ok []
           +248ms pid=47824 ppid=42164 +59ms ing-started []
           +248ms pid=47824 ppid=42164 +59ms listen-start []
           +251ms pid=47824 ppid=42164 +61ms listening []
           +252ms pid=47824 ppid=42164 +62ms accepting []
           +257ms pid=47824 ppid=42164 +68ms state-written []
           +258ms pid=47824 ppid=42164 +69ms drain-start []
           +265ms pid=42164 ppid=20992 +184ms ensure-up [spawned true]
           +265ms pid=42164 ppid=20992 +184ms presend-end []
           +265ms pid=42164 ppid=20992 +184ms send-start [deadline_ms 10000]
           +265ms pid=42164 ppid=20992 +184ms connect [err <nil>]
           +265ms pid=47824 ppid=42164 +76ms drain-end []
           +266ms pid=47824 ppid=42164 +76ms sweep-end []
           +267ms pid=47824 ppid=42164 +77ms audit-end []
           +267ms pid=47824 ppid=42164 +77ms serving []
           +322ms pid=42164 ppid=20992 +242ms reply [err <nil>]
           +322ms pid=42164 ppid=20992 +242ms send-end [ok true out true]
           +322ms pid=42164 ppid=20992 +242ms hook-end []
    zz_w5_coldstart_diag_test.go:428: ROW mode=staged-warm source=resume  i=0 wall=  454ms sswall=  454ms overhead=  59ms presend=  126ms up=  400ms(ok=true) spooled=false daemons=1 leaseOK=1 lockHeld=0 answer=probe                                    probe_minted=true  sessions=1 mode=full drop=""
    zz_w5_coldstart_diag_test.go:432: TIMELINE mode=staged-warm source=resume i=0
            +50ms pid=34496 ppid=20992 +20ms hook-start [op session.start]
           +278ms pid=34496 ppid=20992 +248ms presend-start [by_in_ms 3022]
           +278ms pid=34496 ppid=20992 +248ms ensure-probe-miss []
           +284ms pid=34496 ppid=20992 +254ms ensure-claimed [claim 1]
           +284ms pid=34496 ppid=20992 +254ms stage-start []
           +311ms pid=34496 ppid=20992 +281ms stage-end [err <nil>]
           +311ms pid=34496 ppid=20992 +281ms spawn-start [program C:\Users\Quant\AppData\Local\Temp\TestZZW5_ColdStart4103877050\081\.qompack\bin\04207654cf86245d08714ee38125465ea96a9faead560ecae1a645a61b46092d\qompack.exe]
           +321ms pid=34496 ppid=20992 +291ms spawn-started [child 44000]
           +322ms pid=34496 ppid=20992 +292ms ensure-spawned []
           +347ms pid=44000 ppid=34496 +17ms daemon-enter []
           +348ms pid=44000 ppid=34496 +18ms lease-try []
           +362ms pid=44000 ppid=34496 +32ms lease-result [err <nil>]
           +368ms pid=44000 ppid=34496 +38ms wired []
           +381ms pid=44000 ppid=34496 +51ms run-call []
           +381ms pid=44000 ppid=34496 +51ms run-enter []
           +381ms pid=44000 ppid=34496 +51ms lock-ok []
           +381ms pid=44000 ppid=34496 +51ms ing-started []
           +381ms pid=44000 ppid=34496 +51ms listen-start []
           +385ms pid=44000 ppid=34496 +55ms listening []
           +385ms pid=44000 ppid=34496 +55ms accepting []
           +392ms pid=44000 ppid=34496 +62ms state-written []
           +394ms pid=44000 ppid=34496 +64ms drain-start []
           +399ms pid=44000 ppid=34496 +69ms drain-end []
           +399ms pid=44000 ppid=34496 +69ms sweep-end []
           +400ms pid=44000 ppid=34496 +69ms audit-end []
           +400ms pid=44000 ppid=34496 +69ms serving []
           +404ms pid=34496 ppid=20992 +374ms ensure-up [spawned true]
           +404ms pid=34496 ppid=20992 +374ms presend-end []
           +404ms pid=34496 ppid=20992 +374ms send-start [deadline_ms 10000]
           +404ms pid=34496 ppid=20992 +374ms connect [err <nil>]
           +445ms pid=34496 ppid=20992 +415ms reply [err <nil>]
           +445ms pid=34496 ppid=20992 +415ms send-end [ok true out true]
           +445ms pid=34496 ppid=20992 +415ms hook-end []
    zz_w5_coldstart_diag_test.go:428: ROW mode=staged-warm source=resume  i=1 wall=  861ms sswall=  861ms overhead= 118ms presend=  126ms up=  802ms(ok=true) spooled=false daemons=1 leaseOK=1 lockHeld=0 answer=probe                                    probe_minted=true  sessions=1 mode=full drop=""
    zz_w5_coldstart_diag_test.go:432: TIMELINE mode=staged-warm source=resume i=1
           +104ms pid=41596 ppid=20992 +20ms hook-start [op session.start]
           +644ms pid=41596 ppid=20992 +560ms presend-start [by_in_ms 2709]
           +644ms pid=41596 ppid=20992 +560ms ensure-probe-miss []
           +650ms pid=41596 ppid=20992 +566ms ensure-claimed [claim 1]
           +650ms pid=41596 ppid=20992 +566ms stage-start []
           +679ms pid=41596 ppid=20992 +595ms stage-end [err <nil>]
           +680ms pid=41596 ppid=20992 +596ms spawn-start [program C:\Users\Quant\AppData\Local\Temp\TestZZW5_ColdStart4103877050\081\.qompack\bin\04207654cf86245d08714ee38125465ea96a9faead560ecae1a645a61b46092d\qompack.exe]
           +687ms pid=41596 ppid=20992 +603ms spawn-started [child 37772]
           +687ms pid=41596 ppid=20992 +603ms ensure-spawned []
           +718ms pid=37772 ppid=41596 +22ms daemon-enter []
           +720ms pid=37772 ppid=41596 +24ms lease-try []
           +739ms pid=37772 ppid=41596 +44ms lease-result [err <nil>]
           +746ms pid=37772 ppid=41596 +51ms wired []
           +762ms pid=37772 ppid=41596 +67ms run-call []
           +762ms pid=37772 ppid=41596 +67ms run-enter []
           +762ms pid=37772 ppid=41596 +67ms lock-ok []
           +762ms pid=37772 ppid=41596 +67ms ing-started []
           +762ms pid=37772 ppid=41596 +67ms listen-start []
           +766ms pid=37772 ppid=41596 +70ms listening []
           +766ms pid=37772 ppid=41596 +70ms accepting []
           +770ms pid=41596 ppid=20992 +686ms ensure-up [spawned true]
           +770ms pid=41596 ppid=20992 +686ms presend-end []
           +770ms pid=41596 ppid=20992 +686ms send-start [deadline_ms 10000]
           +770ms pid=41596 ppid=20992 +686ms connect [err <nil>]
           +773ms pid=37772 ppid=41596 +78ms state-written []
           +774ms pid=37772 ppid=41596 +79ms drain-start []
           +801ms pid=37772 ppid=41596 +105ms drain-end []
           +801ms pid=37772 ppid=41596 +106ms sweep-end []
           +802ms pid=37772 ppid=41596 +106ms audit-end []
           +802ms pid=37772 ppid=41596 +106ms serving []
           +847ms pid=41596 ppid=20992 +763ms reply [err <nil>]
           +847ms pid=41596 ppid=20992 +763ms send-end [ok true out true]
           +847ms pid=41596 ppid=20992 +763ms hook-end []
    zz_w5_coldstart_diag_test.go:428: ROW mode=staged-warm source=resume  i=2 wall=  714ms sswall=  714ms overhead=  77ms presend=  275ms up=  642ms(ok=true) spooled=false daemons=1 leaseOK=1 lockHeld=0 answer=probe                                    probe_minted=true  sessions=1 mode=full drop=""
    zz_w5_coldstart_diag_test.go:432: TIMELINE mode=staged-warm source=resume i=2
            +62ms pid=30712 ppid=20992 +25ms hook-start [op session.start]
           +353ms pid=30712 ppid=20992 +316ms presend-start [by_in_ms 2958]
           +353ms pid=30712 ppid=20992 +316ms ensure-probe-miss []
           +372ms pid=30712 ppid=20992 +335ms ensure-claimed [claim 1]
           +372ms pid=30712 ppid=20992 +335ms stage-start []
           +422ms pid=30712 ppid=20992 +385ms stage-end [err <nil>]
           +423ms pid=30712 ppid=20992 +386ms spawn-start [program C:\Users\Quant\AppData\Local\Temp\TestZZW5_ColdStart4103877050\081\.qompack\bin\04207654cf86245d08714ee38125465ea96a9faead560ecae1a645a61b46092d\qompack.exe]
           +432ms pid=30712 ppid=20992 +395ms spawn-started [child 40352]
           +432ms pid=30712 ppid=20992 +395ms ensure-spawned []
           +480ms pid=40352 ppid=30712 +26ms daemon-enter []
           +480ms pid=40352 ppid=30712 +26ms lease-try []
           +526ms pid=40352 ppid=30712 +72ms lease-result [err <nil>]
           +587ms pid=40352 ppid=30712 +134ms wired []
           +618ms pid=40352 ppid=30712 +164ms run-call []
           +619ms pid=40352 ppid=30712 +165ms run-enter []
           +619ms pid=40352 ppid=30712 +165ms lock-ok []
           +619ms pid=40352 ppid=30712 +166ms ing-started []
           +619ms pid=40352 ppid=30712 +166ms listen-start []
           +623ms pid=40352 ppid=30712 +169ms listening []
           +623ms pid=40352 ppid=30712 +169ms accepting []
           +628ms pid=30712 ppid=20992 +591ms ensure-up [spawned true]
           +628ms pid=30712 ppid=20992 +591ms presend-end []
           +628ms pid=30712 ppid=20992 +591ms send-start [deadline_ms 10000]
           +628ms pid=40352 ppid=30712 +174ms state-written []
           +629ms pid=30712 ppid=20992 +592ms connect [err <nil>]
           +630ms pid=40352 ppid=30712 +177ms drain-start []
           +641ms pid=40352 ppid=30712 +187ms drain-end []
           +641ms pid=40352 ppid=30712 +187ms sweep-end []
           +642ms pid=40352 ppid=30712 +188ms audit-end []
           +642ms pid=40352 ppid=30712 +188ms serving []
           +699ms pid=30712 ppid=20992 +662ms reply [err <nil>]
           +699ms pid=30712 ppid=20992 +662ms send-end [ok true out true]
           +699ms pid=30712 ppid=20992 +663ms hook-end []
    zz_w5_coldstart_diag_test.go:428: ROW mode=staged-warm source=resume  i=3 wall=  687ms sswall=  687ms overhead=  89ms presend=  376ms up=  610ms(ok=true) spooled=false daemons=1 leaseOK=1 lockHeld=0 answer=probe                                    probe_minted=true  sessions=1 mode=full drop=""
    zz_w5_coldstart_diag_test.go:432: TIMELINE mode=staged-warm source=resume i=3
            +65ms pid=39856 ppid=20992 +18ms hook-start [op session.start]
           +213ms pid=39856 ppid=20992 +165ms presend-start [by_in_ms 3102]
           +213ms pid=39856 ppid=20992 +165ms ensure-probe-miss []
           +220ms pid=39856 ppid=20992 +171ms ensure-claimed [claim 1]
           +220ms pid=39856 ppid=20992 +171ms stage-start []
           +246ms pid=39856 ppid=20992 +198ms stage-end [err <nil>]
           +246ms pid=39856 ppid=20992 +198ms spawn-start [program C:\Users\Quant\AppData\Local\Temp\TestZZW5_ColdStart4103877050\081\.qompack\bin\04207654cf86245d08714ee38125465ea96a9faead560ecae1a645a61b46092d\qompack.exe]
           +506ms pid=39856 ppid=20992 +458ms spawn-started [child 30640]
           +506ms pid=39856 ppid=20992 +458ms ensure-spawned []
           +532ms pid=30640 ppid=39856 +18ms daemon-enter []
           +532ms pid=30640 ppid=39856 +18ms lease-try []
           +547ms pid=30640 ppid=39856 +33ms lease-result [err <nil>]
           +564ms pid=30640 ppid=39856 +50ms wired []
           +578ms pid=30640 ppid=39856 +63ms run-call []
           +578ms pid=30640 ppid=39856 +63ms run-enter []
           +578ms pid=30640 ppid=39856 +64ms lock-ok []
           +578ms pid=30640 ppid=39856 +64ms ing-started []
           +578ms pid=30640 ppid=39856 +64ms listen-start []
           +582ms pid=30640 ppid=39856 +68ms listening []
           +583ms pid=30640 ppid=39856 +68ms accepting []
           +589ms pid=39856 ppid=20992 +541ms ensure-up [spawned true]
           +589ms pid=39856 ppid=20992 +541ms presend-end []
           +589ms pid=39856 ppid=20992 +541ms send-start [deadline_ms 10000]
           +589ms pid=39856 ppid=20992 +541ms connect [err <nil>]
           +592ms pid=30640 ppid=39856 +78ms state-written []
           +603ms pid=30640 ppid=39856 +89ms drain-start []
           +609ms pid=30640 ppid=39856 +95ms drain-end []
           +610ms pid=30640 ppid=39856 +96ms sweep-end []
           +610ms pid=30640 ppid=39856 +96ms audit-end []
           +610ms pid=30640 ppid=39856 +96ms serving []
           +662ms pid=39856 ppid=20992 +614ms reply [err <nil>]
           +662ms pid=39856 ppid=20992 +614ms send-end [ok true out true]
           +663ms pid=39856 ppid=20992 +615ms hook-end []
    zz_w5_coldstart_diag_test.go:428: ROW mode=staged-warm source=resume  i=4 wall=  591ms sswall=  591ms overhead=  69ms presend=  126ms up=  542ms(ok=true) spooled=false daemons=1 leaseOK=1 lockHeld=0 answer=probe                                    probe_minted=true  sessions=1 mode=full drop=""
    zz_w5_coldstart_diag_test.go:432: TIMELINE mode=staged-warm source=resume i=4
            +56ms pid=38572 ppid=20992 +18ms hook-start [op session.start]
           +404ms pid=38572 ppid=20992 +366ms presend-start [by_in_ms 2902]
           +405ms pid=38572 ppid=20992 +367ms ensure-probe-miss []
           +409ms pid=38572 ppid=20992 +372ms ensure-claimed [claim 1]
           +409ms pid=38572 ppid=20992 +372ms stage-start []
           +436ms pid=38572 ppid=20992 +398ms stage-end [err <nil>]
           +436ms pid=38572 ppid=20992 +398ms spawn-start [program C:\Users\Quant\AppData\Local\Temp\TestZZW5_ColdStart4103877050\081\.qompack\bin\04207654cf86245d08714ee38125465ea96a9faead560ecae1a645a61b46092d\qompack.exe]
           +443ms pid=38572 ppid=20992 +405ms spawn-started [child 42888]
           +443ms pid=38572 ppid=20992 +405ms ensure-spawned []
           +468ms pid=42888 ppid=38572 +17ms daemon-enter []
           +473ms pid=42888 ppid=38572 +22ms lease-try []
           +490ms pid=42888 ppid=38572 +40ms lease-result [err <nil>]
           +499ms pid=42888 ppid=38572 +48ms wired []
           +520ms pid=42888 ppid=38572 +70ms run-call []
           +520ms pid=42888 ppid=38572 +70ms run-enter []
           +520ms pid=42888 ppid=38572 +70ms lock-ok []
           +521ms pid=42888 ppid=38572 +71ms ing-started []
           +521ms pid=42888 ppid=38572 +71ms listen-start []
           +524ms pid=42888 ppid=38572 +74ms listening []
           +524ms pid=42888 ppid=38572 +74ms accepting []
           +530ms pid=38572 ppid=20992 +492ms ensure-up [spawned true]
           +530ms pid=38572 ppid=20992 +492ms presend-end []
           +530ms pid=38572 ppid=20992 +492ms send-start [deadline_ms 10000]
           +530ms pid=38572 ppid=20992 +492ms connect [err <nil>]
           +534ms pid=42888 ppid=38572 +84ms state-written []
           +536ms pid=42888 ppid=38572 +85ms drain-start []
           +542ms pid=42888 ppid=38572 +92ms drain-end []
           +542ms pid=42888 ppid=38572 +92ms sweep-end []
           +542ms pid=42888 ppid=38572 +92ms audit-end []
           +542ms pid=42888 ppid=38572 +92ms serving []
           +578ms pid=38572 ppid=20992 +540ms reply [err <nil>]
           +578ms pid=38572 ppid=20992 +540ms send-end [ok true out true]
           +578ms pid=38572 ppid=20992 +540ms hook-end []
    zz_w5_coldstart_diag_test.go:428: ROW mode=staged-warm source=compact i=0 wall= 2686ms sswall= 2686ms overhead=  70ms presend= 2226ms up= 2560ms(ok=true) spooled=false daemons=1 leaseOK=1 lockHeld=0 answer=rehydration+probe                        probe_minted=true  sessions=2 mode=full drop="pointer_git_unavailable:checkpoint: no .git at the project root"
    zz_w5_coldstart_diag_test.go:432: TIMELINE mode=staged-warm source=compact i=0
            +53ms pid=46276 ppid=20992 +19ms hook-start [op session.start]
           +234ms pid=46276 ppid=20992 +199ms presend-start [by_in_ms 3070]
           +234ms pid=46276 ppid=20992 +199ms ensure-probe-miss []
           +247ms pid=46276 ppid=20992 +212ms ensure-claimed [claim 1]
           +247ms pid=46276 ppid=20992 +212ms stage-start []
           +275ms pid=46276 ppid=20992 +241ms stage-end [err <nil>]
           +277ms pid=46276 ppid=20992 +243ms spawn-start [program C:\Users\Quant\AppData\Local\Temp\TestZZW5_ColdStart4103877050\081\.qompack\bin\04207654cf86245d08714ee38125465ea96a9faead560ecae1a645a61b46092d\qompack.exe]
          +2286ms pid=46276 ppid=20992 +2251ms spawn-started [child 46272]
          +2286ms pid=46276 ppid=20992 +2251ms ensure-spawned []
          +2309ms pid=46272 ppid=46276 +17ms daemon-enter []
          +2309ms pid=46272 ppid=46276 +17ms lease-try []
          +2325ms pid=46272 ppid=46276 +33ms lease-result [err <nil>]
          +2416ms pid=46272 ppid=46276 +123ms wired []
          +2434ms pid=46272 ppid=46276 +142ms run-call []
          +2434ms pid=46272 ppid=46276 +142ms run-enter []
          +2439ms pid=46272 ppid=46276 +147ms lock-ok []
          +2450ms pid=46272 ppid=46276 +158ms ing-started []
          +2450ms pid=46272 ppid=46276 +158ms listen-start []
          +2455ms pid=46272 ppid=46276 +162ms listening []
          +2455ms pid=46272 ppid=46276 +163ms accepting []
          +2460ms pid=46276 ppid=20992 +2425ms ensure-up [spawned true]
          +2460ms pid=46276 ppid=20992 +2425ms presend-end []
          +2460ms pid=46276 ppid=20992 +2425ms send-start [deadline_ms 10000]
          +2460ms pid=46276 ppid=20992 +2425ms connect [err <nil>]
          +2462ms pid=46272 ppid=46276 +170ms state-written []
          +2513ms pid=46272 ppid=46276 +220ms drain-start []
          +2540ms pid=46272 ppid=46276 +247ms drain-end []
          +2541ms pid=46272 ppid=46276 +249ms sweep-end []
          +2560ms pid=46272 ppid=46276 +268ms audit-end []
          +2560ms pid=46272 ppid=46276 +268ms serving []
          +2669ms pid=46276 ppid=20992 +2635ms reply [err <nil>]
          +2669ms pid=46276 ppid=20992 +2635ms send-end [ok true out true]
          +2669ms pid=46276 ppid=20992 +2635ms hook-end []
    zz_w5_coldstart_diag_test.go:428: ROW mode=staged-warm source=compact i=1 wall=  513ms sswall=  513ms overhead=  54ms presend=  225ms up=  435ms(ok=true) spooled=false daemons=1 leaseOK=1 lockHeld=0 answer=rehydration+probe                        probe_minted=true  sessions=2 mode=full drop="pointer_git_unavailable:checkpoint: no .git at the project root"
    zz_w5_coldstart_diag_test.go:432: TIMELINE mode=staged-warm source=compact i=1
            +44ms pid=42012 ppid=20992 +18ms hook-start [op session.start]
           +159ms pid=42012 ppid=20992 +133ms presend-start [by_in_ms 3135]
           +159ms pid=42012 ppid=20992 +133ms ensure-probe-miss []
           +167ms pid=42012 ppid=20992 +141ms ensure-claimed [claim 1]
           +167ms pid=42012 ppid=20992 +141ms stage-start []
           +196ms pid=42012 ppid=20992 +171ms stage-end [err <nil>]
           +196ms pid=42012 ppid=20992 +171ms spawn-start [program C:\Users\Quant\AppData\Local\Temp\TestZZW5_ColdStart4103877050\081\.qompack\bin\04207654cf86245d08714ee38125465ea96a9faead560ecae1a645a61b46092d\qompack.exe]
           +208ms pid=42012 ppid=20992 +183ms spawn-started [child 38616]
           +208ms pid=42012 ppid=20992 +183ms ensure-spawned []
           +234ms pid=38616 ppid=42012 +17ms daemon-enter []
           +234ms pid=38616 ppid=42012 +17ms lease-try []
           +256ms pid=38616 ppid=42012 +39ms lease-result [err <nil>]
           +350ms pid=38616 ppid=42012 +133ms wired []
           +363ms pid=38616 ppid=42012 +147ms run-call []
           +363ms pid=38616 ppid=42012 +147ms run-enter []
           +364ms pid=38616 ppid=42012 +147ms lock-ok []
           +376ms pid=38616 ppid=42012 +159ms ing-started []
           +376ms pid=38616 ppid=42012 +159ms listen-start []
           +379ms pid=38616 ppid=42012 +163ms listening []
           +379ms pid=38616 ppid=42012 +163ms accepting []
           +384ms pid=42012 ppid=20992 +358ms ensure-up [spawned true]
           +384ms pid=42012 ppid=20992 +358ms presend-end []
           +384ms pid=42012 ppid=20992 +358ms send-start [deadline_ms 10000]
           +384ms pid=42012 ppid=20992 +358ms connect [err <nil>]
           +386ms pid=38616 ppid=42012 +169ms state-written []
           +391ms pid=38616 ppid=42012 +174ms drain-start []
           +418ms pid=38616 ppid=42012 +201ms drain-end []
           +419ms pid=38616 ppid=42012 +202ms sweep-end []
           +435ms pid=38616 ppid=42012 +218ms audit-end []
           +435ms pid=38616 ppid=42012 +218ms serving []
           +503ms pid=42012 ppid=20992 +477ms reply [err <nil>]
           +503ms pid=42012 ppid=20992 +477ms send-end [ok true out true]
           +503ms pid=42012 ppid=20992 +477ms hook-end []
    zz_w5_coldstart_diag_test.go:428: ROW mode=staged-warm source=compact i=2 wall=  935ms sswall=  935ms overhead=  98ms presend=  426ms up=  819ms(ok=true) spooled=false daemons=1 leaseOK=1 lockHeld=0 answer=rehydration+probe                        probe_minted=true  sessions=2 mode=full drop="pointer_git_unavailable:checkpoint: no .git at the project root"
    zz_w5_coldstart_diag_test.go:432: TIMELINE mode=staged-warm source=compact i=2
            +49ms pid=44276 ppid=20992 +17ms hook-start [op session.start]
           +321ms pid=44276 ppid=20992 +289ms presend-start [by_in_ms 2977]
           +321ms pid=44276 ppid=20992 +289ms ensure-probe-miss []
           +332ms pid=44276 ppid=20992 +300ms ensure-claimed [claim 1]
           +332ms pid=44276 ppid=20992 +300ms stage-start []
           +362ms pid=44276 ppid=20992 +330ms stage-end [err <nil>]
           +362ms pid=44276 ppid=20992 +330ms spawn-start [program C:\Users\Quant\AppData\Local\Temp\TestZZW5_ColdStart4103877050\081\.qompack\bin\04207654cf86245d08714ee38125465ea96a9faead560ecae1a645a61b46092d\qompack.exe]
           +374ms pid=44276 ppid=20992 +342ms spawn-started [child 39776]
           +374ms pid=44276 ppid=20992 +342ms ensure-spawned []
           +405ms pid=39776 ppid=44276 +21ms daemon-enter []
           +405ms pid=39776 ppid=44276 +21ms lease-try []
           +432ms pid=39776 ppid=44276 +47ms lease-result [err <nil>]
           +606ms pid=39776 ppid=44276 +222ms wired []
           +677ms pid=39776 ppid=44276 +292ms run-call []
           +677ms pid=39776 ppid=44276 +292ms run-enter []
           +686ms pid=39776 ppid=44276 +302ms lock-ok []
           +710ms pid=39776 ppid=44276 +325ms ing-started []
           +710ms pid=39776 ppid=44276 +325ms listen-start []
           +729ms pid=39776 ppid=44276 +345ms listening []
           +729ms pid=39776 ppid=44276 +345ms accepting []
           +735ms pid=39776 ppid=44276 +351ms state-written []
           +738ms pid=39776 ppid=44276 +354ms drain-start []
           +747ms pid=44276 ppid=20992 +715ms ensure-up [spawned true]
           +747ms pid=44276 ppid=20992 +715ms presend-end []
           +747ms pid=44276 ppid=20992 +715ms send-start [deadline_ms 10000]
           +759ms pid=44276 ppid=20992 +727ms connect [err <nil>]
           +776ms pid=39776 ppid=44276 +392ms drain-line [file client-20992.ndjson op admin.shutdown sess  ms 0 err <nil>]
           +776ms pid=39776 ppid=44276 +392ms drain-line [file client-20992.ndjson op admin.shutdown sess  ms 0 err <nil>]
           +777ms pid=39776 ppid=44276 +393ms drain-line [file client-20992.ndjson op admin.shutdown sess  ms 0 err <nil>]
           +777ms pid=39776 ppid=44276 +393ms drain-line [file client-20992.ndjson op admin.shutdown sess  ms 0 err <nil>]
           +777ms pid=39776 ppid=44276 +393ms drain-line [file client-20992.ndjson op admin.shutdown sess  ms 0 err <nil>]
           +777ms pid=39776 ppid=44276 +393ms drain-line [file client-20992.ndjson op admin.shutdown sess  ms 0 err <nil>]
           +799ms pid=39776 ppid=44276 +415ms drain-end []
           +800ms pid=39776 ppid=44276 +416ms sweep-end []
           +819ms pid=39776 ppid=44276 +434ms audit-end []
           +819ms pid=39776 ppid=44276 +434ms serving []
           +886ms pid=44276 ppid=20992 +854ms reply [err <nil>]
           +886ms pid=44276 ppid=20992 +854ms send-end [ok true out true]
           +886ms pid=44276 ppid=20992 +854ms hook-end []
    zz_w5_coldstart_diag_test.go:428: ROW mode=staged-warm source=compact i=3 wall= 6444ms sswall= 6444ms overhead= 117ms presend= 5227ms up= 5700ms(ok=true) spooled=false daemons=1 leaseOK=1 lockHeld=0 answer=rehydration+probe                        probe_minted=true  sessions=2 mode=full drop="pointer_git_unavailable:checkpoint: no .git at the project root"
    zz_w5_coldstart_diag_test.go:432: TIMELINE mode=staged-warm source=compact i=3
            +51ms pid=47308 ppid=20992 +21ms hook-start [op session.start]
           +137ms pid=47308 ppid=20992 +107ms presend-start [by_in_ms 3167]
           +138ms pid=47308 ppid=20992 +108ms ensure-probe-miss []
           +151ms pid=47308 ppid=20992 +121ms ensure-claimed [claim 1]
           +151ms pid=47308 ppid=20992 +121ms stage-start []
           +176ms pid=47308 ppid=20992 +146ms stage-end [err <nil>]
           +176ms pid=47308 ppid=20992 +146ms spawn-start [program C:\Users\Quant\AppData\Local\Temp\TestZZW5_ColdStart4103877050\081\.qompack\bin\04207654cf86245d08714ee38125465ea96a9faead560ecae1a645a61b46092d\qompack.exe]
          +5032ms pid=47308 ppid=20992 +5002ms spawn-started [child 44764]
          +5032ms pid=47308 ppid=20992 +5002ms ensure-spawned []
          +5119ms pid=44764 ppid=47308 +27ms daemon-enter []
          +5120ms pid=44764 ppid=47308 +28ms lease-try []
          +5159ms pid=44764 ppid=47308 +67ms lease-result [err <nil>]
          +5308ms pid=44764 ppid=47308 +216ms wired []
          +5340ms pid=44764 ppid=47308 +248ms run-call []
          +5340ms pid=44764 ppid=47308 +248ms run-enter []
          +5340ms pid=44764 ppid=47308 +248ms lock-ok []
          +5354ms pid=44764 ppid=47308 +262ms ing-started []
          +5354ms pid=44764 ppid=47308 +262ms listen-start []
          +5362ms pid=44764 ppid=47308 +269ms listening []
          +5362ms pid=44764 ppid=47308 +269ms accepting []
          +5364ms pid=47308 ppid=20992 +5334ms ensure-up [spawned true]
          +5364ms pid=47308 ppid=20992 +5334ms presend-end []
          +5364ms pid=47308 ppid=20992 +5334ms send-start [deadline_ms 7940]
          +5365ms pid=47308 ppid=20992 +5335ms connect [err <nil>]
          +5371ms pid=44764 ppid=47308 +279ms state-written []
          +5565ms pid=44764 ppid=47308 +473ms drain-start []
          +5610ms pid=44764 ppid=47308 +518ms drain-end []
          +5611ms pid=44764 ppid=47308 +518ms sweep-end []
          +5700ms pid=44764 ppid=47308 +608ms audit-end []
          +5700ms pid=44764 ppid=47308 +608ms serving []
          +6378ms pid=47308 ppid=20992 +6348ms reply [err <nil>]
          +6378ms pid=47308 ppid=20992 +6348ms send-end [ok true out true]
          +6378ms pid=47308 ppid=20992 +6348ms hook-end []
    zz_w5_coldstart_diag_test.go:428: ROW mode=staged-warm source=compact i=4 wall= 4099ms sswall= 4099ms overhead= 139ms presend= 3503ms up= 3888ms(ok=true) spooled=false daemons=1 leaseOK=1 lockHeld=0 answer=rehydration+probe                        probe_minted=true  sessions=2 mode=full drop="pointer_git_unavailable:checkpoint: no .git at the project root"
    zz_w5_coldstart_diag_test.go:432: TIMELINE mode=staged-warm source=compact i=4
            +47ms pid=46940 ppid=20992 +17ms hook-start [op session.start]
           +201ms pid=46940 ppid=20992 +171ms presend-start [by_in_ms 3098]
           +202ms pid=46940 ppid=20992 +172ms ensure-probe-miss []
           +254ms pid=46940 ppid=20992 +224ms ensure-claimed [claim 1]
           +255ms pid=46940 ppid=20992 +224ms stage-start []
           +279ms pid=46940 ppid=20992 +249ms stage-end [err <nil>]
           +279ms pid=46940 ppid=20992 +249ms spawn-start [program C:\Users\Quant\AppData\Local\Temp\TestZZW5_ColdStart4103877050\081\.qompack\bin\04207654cf86245d08714ee38125465ea96a9faead560ecae1a645a61b46092d\qompack.exe]
          +3054ms pid=46940 ppid=20992 +3024ms spawn-started [child 49696]
          +3054ms pid=46940 ppid=20992 +3024ms ensure-spawned []
          +3099ms pid=49696 ppid=46940 +36ms daemon-enter []
          +3100ms pid=49696 ppid=46940 +37ms lease-try []
          +3556ms pid=49696 ppid=46940 +493ms lease-result [err <nil>]
          +3651ms pid=49696 ppid=46940 +588ms wired []
          +3673ms pid=49696 ppid=46940 +610ms run-call []
          +3673ms pid=49696 ppid=46940 +610ms run-enter []
          +3673ms pid=49696 ppid=46940 +610ms lock-ok []
          +3695ms pid=49696 ppid=46940 +631ms ing-started []
          +3695ms pid=49696 ppid=46940 +631ms listen-start []
          +3700ms pid=49696 ppid=46940 +637ms listening []
          +3700ms pid=49696 ppid=46940 +637ms accepting []
          +3704ms pid=46940 ppid=20992 +3674ms ensure-up [spawned true]
          +3704ms pid=46940 ppid=20992 +3674ms presend-end []
          +3704ms pid=46940 ppid=20992 +3674ms send-start [deadline_ms 9596]
          +3704ms pid=46940 ppid=20992 +3674ms connect [err <nil>]
          +3708ms pid=49696 ppid=46940 +645ms state-written []
          +3834ms pid=49696 ppid=46940 +771ms drain-start []
          +3868ms pid=49696 ppid=46940 +805ms drain-end []
          +3869ms pid=49696 ppid=46940 +806ms sweep-end []
          +3888ms pid=49696 ppid=46940 +825ms audit-end []
          +3888ms pid=49696 ppid=46940 +825ms serving []
          +4007ms pid=46940 ppid=20992 +3977ms reply [err <nil>]
          +4007ms pid=46940 ppid=20992 +3977ms send-end [ok true out true]
          +4007ms pid=46940 ppid=20992 +3977ms hook-end []
    zz_w5_coldstart_diag_test.go:428: ROW mode=prespawned  source=startup i=0 wall= 1436ms sswall=  978ms overhead=  58ms presend=    1ms up= 1266ms(ok=true) spooled=false daemons=1 leaseOK=1 lockHeld=0 answer=probe                                    probe_minted=true  sessions=1 mode=full drop=""
    zz_w5_coldstart_diag_test.go:432: TIMELINE mode=prespawned source=startup i=0
            +46ms pid=44124 ppid=20992 +18ms hook-start [op observe.tool]
           +404ms pid=44124 ppid=20992 +376ms presend-start [by_in_ms -9223372036854]
           +404ms pid=44124 ppid=20992 +376ms presend-end []
           +404ms pid=44124 ppid=20992 +376ms send-start [deadline_ms 73]
           +404ms pid=44124 ppid=20992 +376ms connect [err open \\.\pipe\qompack.79ef6dd68925: The system cannot find the file specified.]
           +424ms pid=44124 ppid=20992 +396ms lazyspawn-claim [claim 1]
           +424ms pid=44124 ppid=20992 +396ms stage-start []
           +424ms pid=44124 ppid=20992 +396ms stage-end [err <nil>]
           +424ms pid=44124 ppid=20992 +397ms spawn-start [program C:\Users\Quant\AppData\Local\Temp\qompack-e2e-3734100860\qompack.exe]
           +445ms pid=44124 ppid=20992 +417ms spawn-started [child 31552]
           +446ms pid=44124 ppid=20992 +418ms send-end [ok false out false]
           +446ms pid=44124 ppid=20992 +418ms hook-end []
           +473ms pid=31552 ppid=44124 +19ms daemon-enter []
           +473ms pid=31552 ppid=44124 +20ms lease-try []
           +504ms pid=45952 ppid=20992 +19ms hook-start [op session.start]
           +670ms pid=31552 ppid=44124 +217ms lease-result [err <nil>]
           +789ms pid=31552 ppid=44124 +336ms wired []
           +812ms pid=31552 ppid=44124 +359ms run-call []
           +812ms pid=31552 ppid=44124 +359ms run-enter []
           +815ms pid=31552 ppid=44124 +362ms lock-ok []
           +815ms pid=31552 ppid=44124 +362ms ing-started []
           +815ms pid=31552 ppid=44124 +362ms listen-start []
           +819ms pid=31552 ppid=44124 +365ms listening []
           +819ms pid=31552 ppid=44124 +365ms accepting []
           +830ms pid=31552 ppid=44124 +377ms state-written []
           +830ms pid=31552 ppid=44124 +377ms drain-start []
           +856ms pid=45952 ppid=20992 +371ms presend-start [by_in_ms 2898]
           +857ms pid=45952 ppid=20992 +371ms presend-end []
           +857ms pid=45952 ppid=20992 +371ms send-start [deadline_ms 10000]
           +857ms pid=45952 ppid=20992 +371ms connect [err <nil>]
          +1223ms pid=31552 ppid=44124 +770ms drain-line [file client-44124.ndjson op observe.tool sess sess-zzw-prespawned-startup-0 ms 158 err <nil>]
          +1238ms pid=31552 ppid=44124 +785ms drain-end []
          +1239ms pid=31552 ppid=44124 +785ms sweep-end []
          +1266ms pid=31552 ppid=44124 +813ms audit-end []
          +1266ms pid=31552 ppid=44124 +813ms serving []
          +1424ms pid=45952 ppid=20992 +938ms reply [err <nil>]
          +1424ms pid=45952 ppid=20992 +939ms send-end [ok true out true]
          +1424ms pid=45952 ppid=20992 +939ms hook-end []
    zz_w5_coldstart_diag_test.go:428: ROW mode=prespawned  source=startup i=1 wall= 1135ms sswall=  955ms overhead=  50ms presend=    0ms up= 1055ms(ok=true) spooled=false daemons=1 leaseOK=1 lockHeld=0 answer=probe                                    probe_minted=true  sessions=1 mode=full drop=""
    zz_w5_coldstart_diag_test.go:432: TIMELINE mode=prespawned source=startup i=1
            +50ms pid=23340 ppid=20992 +20ms hook-start [op observe.tool]
           +150ms pid=23340 ppid=20992 +120ms presend-start [by_in_ms -9223372036854]
           +150ms pid=23340 ppid=20992 +120ms presend-end []
           +150ms pid=23340 ppid=20992 +120ms send-start [deadline_ms 73]
           +150ms pid=23340 ppid=20992 +120ms connect [err open \\.\pipe\qompack.e6d684a35379: The system cannot find the file specified.]
           +157ms pid=23340 ppid=20992 +127ms lazyspawn-claim [claim 1]
           +157ms pid=23340 ppid=20992 +127ms stage-start []
           +157ms pid=23340 ppid=20992 +127ms stage-end [err <nil>]
           +157ms pid=23340 ppid=20992 +127ms spawn-start [program C:\Users\Quant\AppData\Local\Temp\qompack-e2e-3734100860\qompack.exe]
           +165ms pid=23340 ppid=20992 +134ms spawn-started [child 34652]
           +165ms pid=23340 ppid=20992 +135ms send-end [ok false out false]
           +165ms pid=23340 ppid=20992 +135ms hook-end []
           +193ms pid=34652 ppid=23340 +20ms daemon-enter []
           +193ms pid=34652 ppid=23340 +20ms lease-try []
           +212ms pid=45576 ppid=20992 +16ms hook-start [op session.start]
           +273ms pid=34652 ppid=23340 +101ms lease-result [err <nil>]
           +279ms pid=34652 ppid=23340 +107ms wired []
           +308ms pid=34652 ppid=23340 +135ms run-call []
           +308ms pid=34652 ppid=23340 +135ms run-enter []
           +308ms pid=34652 ppid=23340 +136ms lock-ok []
           +309ms pid=34652 ppid=23340 +136ms ing-started []
           +309ms pid=34652 ppid=23340 +136ms listen-start []
           +312ms pid=34652 ppid=23340 +139ms listening []
           +312ms pid=34652 ppid=23340 +139ms accepting []
           +319ms pid=34652 ppid=23340 +147ms state-written []
           +320ms pid=34652 ppid=23340 +147ms drain-start []
           +356ms pid=45576 ppid=20992 +159ms presend-start [by_in_ms 3106]
           +356ms pid=45576 ppid=20992 +160ms presend-end []
           +356ms pid=45576 ppid=20992 +160ms send-start [deadline_ms 10000]
           +356ms pid=45576 ppid=20992 +160ms connect [err <nil>]
          +1002ms pid=34652 ppid=23340 +830ms drain-line [file client-23340.ndjson op observe.tool sess sess-zzw-prespawned-startup-1 ms 499 err <nil>]
          +1029ms pid=34652 ppid=23340 +856ms drain-end []
          +1030ms pid=34652 ppid=23340 +857ms sweep-end []
          +1055ms pid=34652 ppid=23340 +882ms audit-end []
          +1055ms pid=34652 ppid=23340 +882ms serving []
          +1117ms pid=45576 ppid=20992 +921ms reply [err <nil>]
          +1117ms pid=45576 ppid=20992 +921ms send-end [ok true out true]
          +1117ms pid=45576 ppid=20992 +921ms hook-end []
    zz_w5_coldstart_diag_test.go:428: ROW mode=prespawned  source=startup i=2 wall= 2001ms sswall= 1291ms overhead=  75ms presend=  206ms up= 1811ms(ok=true) spooled=false daemons=1 leaseOK=1 lockHeld=0 answer=probe                                    probe_minted=true  sessions=1 mode=full drop=""
    zz_w5_coldstart_diag_test.go:432: TIMELINE mode=prespawned source=startup i=2
            +50ms pid=44004 ppid=20992 +20ms hook-start [op observe.tool]
           +595ms pid=44004 ppid=20992 +564ms presend-start [by_in_ms -9223372036854]
           +595ms pid=44004 ppid=20992 +564ms presend-end []
           +595ms pid=44004 ppid=20992 +564ms send-start [deadline_ms 73]
           +595ms pid=44004 ppid=20992 +564ms connect [err open \\.\pipe\qompack.5c16bda4a855: The system cannot find the file specified.]
           +658ms pid=44004 ppid=20992 +627ms lazyspawn-claim [claim 1]
           +658ms pid=44004 ppid=20992 +627ms stage-start []
           +658ms pid=44004 ppid=20992 +627ms stage-end [err <nil>]
           +658ms pid=44004 ppid=20992 +627ms spawn-start [program C:\Users\Quant\AppData\Local\Temp\qompack-e2e-3734100860\qompack.exe]
           +669ms pid=44004 ppid=20992 +638ms spawn-started [child 10112]
           +669ms pid=44004 ppid=20992 +638ms send-end [ok false out false]
           +669ms pid=44004 ppid=20992 +638ms hook-end []
           +698ms pid=10112 ppid=44004 +22ms daemon-enter []
           +716ms pid=10112 ppid=44004 +41ms lease-try []
           +771ms pid=36888 ppid=20992 +28ms hook-start [op session.start]
           +935ms pid=10112 ppid=44004 +259ms lease-result [err <nil>]
          +1014ms pid=36888 ppid=20992 +271ms presend-start [by_in_ms 3025]
          +1014ms pid=36888 ppid=20992 +271ms ensure-probe-miss []
          +1080ms pid=10112 ppid=44004 +405ms wired []
          +1144ms pid=10112 ppid=44004 +469ms run-call []
          +1144ms pid=10112 ppid=44004 +469ms run-enter []
          +1162ms pid=10112 ppid=44004 +486ms lock-ok []
          +1162ms pid=10112 ppid=44004 +487ms ing-started []
          +1162ms pid=10112 ppid=44004 +487ms listen-start []
          +1165ms pid=10112 ppid=44004 +490ms listening []
          +1165ms pid=10112 ppid=44004 +490ms accepting []
          +1196ms pid=10112 ppid=44004 +521ms state-written []
          +1220ms pid=10112 ppid=44004 +545ms drain-start []
          +1220ms pid=36888 ppid=20992 +477ms ensure-up [spawned false]
          +1220ms pid=36888 ppid=20992 +477ms presend-end []
          +1220ms pid=36888 ppid=20992 +477ms send-start [deadline_ms 10000]
          +1221ms pid=36888 ppid=20992 +478ms connect [err <nil>]
          +1674ms pid=10112 ppid=44004 +999ms drain-line [file client-44004.ndjson op observe.tool sess sess-zzw-prespawned-startup-2 ms 315 err <nil>]
          +1796ms pid=10112 ppid=44004 +1121ms drain-end []
          +1797ms pid=10112 ppid=44004 +1121ms sweep-end []
          +1811ms pid=10112 ppid=44004 +1136ms audit-end []
          +1811ms pid=10112 ppid=44004 +1136ms serving []
          +1987ms pid=36888 ppid=20992 +1244ms reply [err <nil>]
          +1987ms pid=36888 ppid=20992 +1244ms send-end [ok true out true]
          +1987ms pid=36888 ppid=20992 +1244ms hook-end []
    zz_w5_coldstart_diag_test.go:428: ROW mode=prespawned  source=startup i=3 wall= 1137ms sswall=  685ms overhead= 142ms presend=    1ms up= 1026ms(ok=true) spooled=false daemons=1 leaseOK=1 lockHeld=0 answer=probe                                    probe_minted=true  sessions=1 mode=full drop=""
    zz_w5_coldstart_diag_test.go:432: TIMELINE mode=prespawned source=startup i=3
           +106ms pid=45340 ppid=20992 +33ms hook-start [op observe.tool]
           +347ms pid=45340 ppid=20992 +274ms presend-start [by_in_ms -9223372036854]
           +347ms pid=45340 ppid=20992 +274ms presend-end []
           +347ms pid=45340 ppid=20992 +274ms send-start [deadline_ms 73]
           +347ms pid=45340 ppid=20992 +274ms connect [err open \\.\pipe\qompack.abce06adc333: The system cannot find the file specified.]
           +357ms pid=45340 ppid=20992 +284ms lazyspawn-claim [claim 1]
           +357ms pid=45340 ppid=20992 +284ms stage-start []
           +357ms pid=45340 ppid=20992 +284ms stage-end [err <nil>]
           +357ms pid=45340 ppid=20992 +284ms spawn-start [program C:\Users\Quant\AppData\Local\Temp\qompack-e2e-3734100860\qompack.exe]
           +367ms pid=45340 ppid=20992 +294ms spawn-started [child 46304]
           +367ms pid=45340 ppid=20992 +294ms send-end [ok false out false]
           +367ms pid=45340 ppid=20992 +294ms hook-end []
           +399ms pid=46304 ppid=45340 +23ms daemon-enter []
           +400ms pid=46304 ppid=45340 +24ms lease-try []
           +478ms pid=46304 ppid=45340 +102ms lease-result [err <nil>]
           +487ms pid=46304 ppid=45340 +110ms wired []
           +574ms pid=46304 ppid=45340 +198ms run-call []
           +574ms pid=46304 ppid=45340 +198ms run-enter []
           +577ms pid=46044 ppid=20992 +83ms hook-start [op session.start]
           +589ms pid=46304 ppid=45340 +213ms lock-ok []
           +590ms pid=46304 ppid=45340 +213ms ing-started []
           +590ms pid=46304 ppid=45340 +213ms listen-start []
           +595ms pid=46304 ppid=45340 +219ms listening []
           +595ms pid=46304 ppid=45340 +219ms accepting []
           +609ms pid=46304 ppid=45340 +233ms state-written []
           +617ms pid=46304 ppid=45340 +241ms drain-start []
           +726ms pid=46044 ppid=20992 +232ms presend-start [by_in_ms 3108]
           +727ms pid=46044 ppid=20992 +233ms presend-end []
           +727ms pid=46044 ppid=20992 +233ms send-start [deadline_ms 10000]
           +727ms pid=46044 ppid=20992 +233ms connect [err <nil>]
           +917ms pid=46304 ppid=45340 +541ms drain-line [file client-45340.ndjson op observe.tool sess sess-zzw-prespawned-startup-3 ms 153 err <nil>]
          +1007ms pid=46304 ppid=45340 +632ms drain-end []
          +1008ms pid=46304 ppid=45340 +632ms sweep-end []
          +1026ms pid=46304 ppid=45340 +649ms audit-end []
          +1026ms pid=46304 ppid=45340 +649ms serving []
          +1120ms pid=46044 ppid=20992 +626ms reply [err <nil>]
          +1120ms pid=46044 ppid=20992 +626ms send-end [ok true out true]
          +1120ms pid=46044 ppid=20992 +626ms hook-end []
    zz_w5_coldstart_diag_test.go:428: ROW mode=prespawned  source=startup i=4 wall= 6425ms sswall=  899ms overhead= 123ms presend=    0ms up= 6341ms(ok=true) spooled=false daemons=1 leaseOK=1 lockHeld=0 answer=probe                                    probe_minted=true  sessions=1 mode=full drop=""
    zz_w5_coldstart_diag_test.go:432: TIMELINE mode=prespawned source=startup i=4
            +54ms pid=34920 ppid=20992 +22ms hook-start [op observe.tool]
           +453ms pid=34920 ppid=20992 +422ms presend-start [by_in_ms -9223372036854]
           +453ms pid=34920 ppid=20992 +422ms presend-end []
           +453ms pid=34920 ppid=20992 +422ms send-start [deadline_ms 73]
           +453ms pid=34920 ppid=20992 +422ms connect [err open \\.\pipe\qompack.68834b4df896: The system cannot find the file specified.]
           +467ms pid=34920 ppid=20992 +437ms lazyspawn-claim [claim 1]
           +468ms pid=34920 ppid=20992 +437ms stage-start []
           +468ms pid=34920 ppid=20992 +437ms stage-end [err <nil>]
           +468ms pid=34920 ppid=20992 +437ms spawn-start [program C:\Users\Quant\AppData\Local\Temp\qompack-e2e-3734100860\qompack.exe]
          +5487ms pid=34920 ppid=20992 +5455ms spawn-started [child 46508]
          +5492ms pid=34920 ppid=20992 +5461ms send-end [ok false out false]
          +5492ms pid=34920 ppid=20992 +5461ms hook-end []
          +5514ms pid=46508 ppid=34920 +25ms daemon-enter []
          +5521ms pid=46508 ppid=34920 +31ms lease-try []
          +5550ms pid=46508 ppid=34920 +60ms lease-result [err <nil>]
          +5557ms pid=46508 ppid=34920 +67ms wired []
          +5569ms pid=46508 ppid=34920 +80ms run-call []
          +5569ms pid=46508 ppid=34920 +80ms run-enter []
          +5569ms pid=46508 ppid=34920 +80ms lock-ok []
          +5570ms pid=46508 ppid=34920 +80ms ing-started []
          +5570ms pid=46508 ppid=34920 +80ms listen-start []
          +5573ms pid=46508 ppid=34920 +83ms listening []
          +5573ms pid=46508 ppid=34920 +83ms accepting []
          +5598ms pid=46508 ppid=34920 +108ms state-written []
          +5620ms pid=46508 ppid=34920 +130ms drain-start []
          +5632ms pid=36860 ppid=20992 +21ms hook-start [op session.start]
          +5671ms pid=36860 ppid=20992 +60ms presend-start [by_in_ms 3218]
          +5671ms pid=36860 ppid=20992 +60ms presend-end []
          +5671ms pid=36860 ppid=20992 +60ms send-start [deadline_ms 10000]
          +5671ms pid=36860 ppid=20992 +60ms connect [err <nil>]
          +6296ms pid=46508 ppid=34920 +806ms drain-line [file client-34920.ndjson op observe.tool sess sess-zzw-prespawned-startup-4 ms 158 err <nil>]
          +6321ms pid=46508 ppid=34920 +831ms drain-end []
          +6321ms pid=46508 ppid=34920 +832ms sweep-end []
          +6341ms pid=46508 ppid=34920 +851ms audit-end []
          +6341ms pid=46508 ppid=34920 +851ms serving []
          +6408ms pid=36860 ppid=20992 +796ms reply [err <nil>]
          +6408ms pid=36860 ppid=20992 +796ms send-end [ok true out true]
          +6408ms pid=36860 ppid=20992 +796ms hook-end []
    zz_w5_coldstart_diag_test.go:428: ROW mode=prespawned  source=resume  i=0 wall= 1278ms sswall=  689ms overhead= 306ms presend=    0ms up=  911ms(ok=true) spooled=false daemons=1 leaseOK=1 lockHeld=0 answer=probe                                    probe_minted=true  sessions=1 mode=full drop=""
    zz_w5_coldstart_diag_test.go:432: TIMELINE mode=prespawned source=resume i=0
            +61ms pid=43536 ppid=20992 +25ms hook-start [op observe.tool]
           +568ms pid=43536 ppid=20992 +532ms presend-start [by_in_ms -9223372036854]
           +568ms pid=43536 ppid=20992 +532ms presend-end []
           +568ms pid=43536 ppid=20992 +532ms send-start [deadline_ms 73]
           +568ms pid=43536 ppid=20992 +532ms connect [err open \\.\pipe\qompack.779d6cdc171b: The system cannot find the file specified.]
           +575ms pid=43536 ppid=20992 +539ms lazyspawn-claim [claim 1]
           +575ms pid=43536 ppid=20992 +539ms stage-start []
           +575ms pid=43536 ppid=20992 +539ms stage-end [err <nil>]
           +576ms pid=43536 ppid=20992 +540ms spawn-start [program C:\Users\Quant\AppData\Local\Temp\qompack-e2e-3734100860\qompack.exe]
           +582ms pid=43536 ppid=20992 +546ms spawn-started [child 47352]
           +582ms pid=43536 ppid=20992 +546ms send-end [ok false out false]
           +582ms pid=43536 ppid=20992 +546ms hook-end []
           +608ms pid=47352 ppid=43536 +19ms daemon-enter []
           +608ms pid=47352 ppid=43536 +20ms lease-try []
           +622ms pid=47352 ppid=43536 +33ms lease-result [err <nil>]
           +630ms pid=47352 ppid=43536 +41ms wired []
           +644ms pid=47352 ppid=43536 +56ms run-call []
           +644ms pid=47352 ppid=43536 +56ms run-enter []
           +647ms pid=47352 ppid=43536 +58ms lock-ok []
           +647ms pid=47352 ppid=43536 +58ms ing-started []
           +647ms pid=47352 ppid=43536 +58ms listen-start []
           +650ms pid=47352 ppid=43536 +61ms listening []
           +650ms pid=47352 ppid=43536 +61ms accepting []
           +657ms pid=47352 ppid=43536 +68ms state-written []
           +658ms pid=47352 ppid=43536 +69ms drain-start []
           +731ms pid=36420 ppid=20992 +23ms hook-start [op session.start]
           +868ms pid=47352 ppid=43536 +279ms drain-line [file client-43536.ndjson op observe.tool sess sess-zzw-prespawned-resume-0 ms 78 err <nil>]
           +893ms pid=47352 ppid=43536 +304ms drain-end []
           +893ms pid=47352 ppid=43536 +304ms sweep-end []
           +911ms pid=47352 ppid=43536 +322ms audit-end []
           +911ms pid=47352 ppid=43536 +322ms serving []
           +921ms pid=36420 ppid=20992 +212ms presend-start [by_in_ms 3060]
           +921ms pid=36420 ppid=20992 +212ms presend-end []
           +921ms pid=36420 ppid=20992 +212ms send-start [deadline_ms 10000]
           +921ms pid=36420 ppid=20992 +212ms connect [err <nil>]
          +1114ms pid=36420 ppid=20992 +406ms reply [err <nil>]
          +1114ms pid=36420 ppid=20992 +406ms send-end [ok true out true]
          +1114ms pid=36420 ppid=20992 +406ms hook-end []
    zz_w5_coldstart_diag_test.go:428: ROW mode=prespawned  source=resume  i=1 wall=  517ms sswall=  442ms overhead=  68ms presend=    1ms up=  400ms(ok=true) spooled=false daemons=1 leaseOK=1 lockHeld=0 answer=probe                                    probe_minted=true  sessions=1 mode=full drop=""
    zz_w5_coldstart_diag_test.go:432: TIMELINE mode=prespawned source=resume i=1
            +41ms pid=49088 ppid=20992 +17ms hook-start [op observe.tool]
            +46ms pid=49088 ppid=20992 +21ms presend-start [by_in_ms -9223372036854]
            +46ms pid=49088 ppid=20992 +21ms presend-end []
            +46ms pid=49088 ppid=20992 +21ms send-start [deadline_ms 73]
            +46ms pid=49088 ppid=20992 +21ms connect [err open \\.\pipe\qompack.32ab30427964: The system cannot find the file specified.]
            +52ms pid=49088 ppid=20992 +28ms lazyspawn-claim [claim 1]
            +52ms pid=49088 ppid=20992 +28ms stage-start []
            +52ms pid=49088 ppid=20992 +28ms stage-end [err <nil>]
            +53ms pid=49088 ppid=20992 +29ms spawn-start [program C:\Users\Quant\AppData\Local\Temp\qompack-e2e-3734100860\qompack.exe]
            +63ms pid=49088 ppid=20992 +38ms spawn-started [child 49236]
            +64ms pid=49088 ppid=20992 +40ms send-end [ok false out false]
            +64ms pid=49088 ppid=20992 +40ms hook-end []
            +85ms pid=49236 ppid=49088 +15ms daemon-enter []
            +85ms pid=49236 ppid=49088 +15ms lease-try []
           +103ms pid=49236 ppid=49088 +33ms lease-result [err <nil>]
           +110ms pid=49236 ppid=49088 +40ms wired []
           +124ms pid=48864 ppid=20992 +18ms hook-start [op session.start]
           +136ms pid=49236 ppid=49088 +66ms run-call []
           +136ms pid=49236 ppid=49088 +66ms run-enter []
           +136ms pid=49236 ppid=49088 +66ms lock-ok []
           +136ms pid=49236 ppid=49088 +66ms ing-started []
           +136ms pid=49236 ppid=49088 +66ms listen-start []
           +139ms pid=49236 ppid=49088 +69ms listening []
           +139ms pid=49236 ppid=49088 +69ms accepting []
           +148ms pid=49236 ppid=49088 +78ms state-written []
           +148ms pid=49236 ppid=49088 +78ms drain-start []
           +359ms pid=49236 ppid=49088 +288ms drain-line [file client-49088.ndjson op observe.tool sess sess-zzw-prespawned-resume-1 ms 81 err <nil>]
           +382ms pid=49236 ppid=49088 +312ms drain-end []
           +383ms pid=49236 ppid=49088 +313ms sweep-end []
           +400ms pid=49236 ppid=49088 +330ms audit-end []
           +400ms pid=49236 ppid=49088 +330ms serving []
           +451ms pid=48864 ppid=20992 +346ms presend-start [by_in_ms 2922]
           +452ms pid=48864 ppid=20992 +346ms presend-end []
           +452ms pid=48864 ppid=20992 +346ms send-start [deadline_ms 10000]
           +452ms pid=48864 ppid=20992 +346ms connect [err <nil>]
           +498ms pid=48864 ppid=20992 +393ms reply [err <nil>]
           +498ms pid=48864 ppid=20992 +393ms send-end [ok true out true]
           +498ms pid=48864 ppid=20992 +393ms hook-end []
    zz_w5_coldstart_diag_test.go:428: ROW mode=prespawned  source=resume  i=2 wall=  766ms sswall=  505ms overhead=  69ms presend=    0ms up=  701ms(ok=true) spooled=false daemons=1 leaseOK=1 lockHeld=0 answer=probe                                    probe_minted=true  sessions=1 mode=full drop=""
    zz_w5_coldstart_diag_test.go:432: TIMELINE mode=prespawned source=resume i=2
            +48ms pid=21088 ppid=20992 +17ms hook-start [op observe.tool]
           +231ms pid=21088 ppid=20992 +200ms presend-start [by_in_ms -9223372036854]
           +231ms pid=21088 ppid=20992 +200ms presend-end []
           +231ms pid=21088 ppid=20992 +200ms send-start [deadline_ms 73]
           +231ms pid=21088 ppid=20992 +200ms connect [err open \\.\pipe\qompack.bbb52734b437: The system cannot find the file specified.]
           +238ms pid=21088 ppid=20992 +207ms lazyspawn-claim [claim 1]
           +238ms pid=21088 ppid=20992 +207ms stage-start []
           +238ms pid=21088 ppid=20992 +207ms stage-end [err <nil>]
           +239ms pid=21088 ppid=20992 +208ms spawn-start [program C:\Users\Quant\AppData\Local\Temp\qompack-e2e-3734100860\qompack.exe]
           +252ms pid=21088 ppid=20992 +221ms spawn-started [child 30324]
           +253ms pid=21088 ppid=20992 +222ms send-end [ok false out false]
           +253ms pid=21088 ppid=20992 +222ms hook-end []
           +274ms pid=30324 ppid=21088 +16ms daemon-enter []
           +275ms pid=30324 ppid=21088 +16ms lease-try []
           +316ms pid=10488 ppid=20992 +26ms hook-start [op session.start]
           +391ms pid=30324 ppid=21088 +132ms lease-result [err <nil>]
           +398ms pid=30324 ppid=21088 +139ms wired []
           +412ms pid=30324 ppid=21088 +154ms run-call []
           +412ms pid=30324 ppid=21088 +154ms run-enter []
           +412ms pid=30324 ppid=21088 +154ms lock-ok []
           +412ms pid=30324 ppid=21088 +154ms ing-started []
           +412ms pid=30324 ppid=21088 +154ms listen-start []
           +416ms pid=30324 ppid=21088 +157ms listening []
           +416ms pid=30324 ppid=21088 +157ms accepting []
           +423ms pid=30324 ppid=21088 +164ms state-written []
           +424ms pid=30324 ppid=21088 +165ms drain-start []
           +459ms pid=10488 ppid=20992 +168ms presend-start [by_in_ms 3117]
           +459ms pid=10488 ppid=20992 +168ms presend-end []
           +459ms pid=10488 ppid=20992 +168ms send-start [deadline_ms 10000]
           +460ms pid=10488 ppid=20992 +169ms connect [err <nil>]
           +659ms pid=30324 ppid=21088 +400ms drain-line [file client-21088.ndjson op observe.tool sess sess-zzw-prespawned-resume-2 ms 114 err <nil>]
           +677ms pid=30324 ppid=21088 +418ms drain-end []
           +677ms pid=30324 ppid=21088 +418ms sweep-end []
           +701ms pid=30324 ppid=21088 +442ms audit-end []
           +701ms pid=30324 ppid=21088 +442ms serving []
           +752ms pid=10488 ppid=20992 +461ms reply [err <nil>]
           +752ms pid=10488 ppid=20992 +461ms send-end [ok true out true]
           +752ms pid=10488 ppid=20992 +461ms hook-end []
    zz_w5_coldstart_diag_test.go:428: ROW mode=prespawned  source=resume  i=3 wall= 5972ms sswall=  613ms overhead= 366ms presend=    0ms up= 5674ms(ok=true) spooled=false daemons=1 leaseOK=1 lockHeld=0 answer=probe                                    probe_minted=true  sessions=1 mode=full drop=""
    zz_w5_coldstart_diag_test.go:432: TIMELINE mode=prespawned source=resume i=3
            +42ms pid=45804 ppid=20992 +18ms hook-start [op observe.tool]
           +317ms pid=45804 ppid=20992 +294ms presend-start [by_in_ms -9223372036854]
           +317ms pid=45804 ppid=20992 +294ms presend-end []
           +317ms pid=45804 ppid=20992 +294ms send-start [deadline_ms 73]
           +317ms pid=45804 ppid=20992 +294ms connect [err open \\.\pipe\qompack.31852874940f: The system cannot find the file specified.]
           +324ms pid=45804 ppid=20992 +301ms lazyspawn-claim [claim 1]
           +324ms pid=45804 ppid=20992 +301ms stage-start []
           +324ms pid=45804 ppid=20992 +301ms stage-end [err <nil>]
           +325ms pid=45804 ppid=20992 +302ms spawn-start [program C:\Users\Quant\AppData\Local\Temp\qompack-e2e-3734100860\qompack.exe]
          +5344ms pid=45804 ppid=20992 +5321ms spawn-started [child 42468]
          +5349ms pid=45804 ppid=20992 +5326ms send-end [ok false out false]
          +5349ms pid=45804 ppid=20992 +5326ms hook-end []
          +5367ms pid=42468 ppid=45804 +16ms daemon-enter []
          +5367ms pid=42468 ppid=45804 +16ms lease-try []
          +5380ms pid=42468 ppid=45804 +29ms lease-result [err <nil>]
          +5386ms pid=42468 ppid=45804 +35ms wired []
          +5399ms pid=42468 ppid=45804 +48ms run-call []
          +5399ms pid=42468 ppid=45804 +48ms run-enter []
          +5399ms pid=42468 ppid=45804 +48ms lock-ok []
          +5399ms pid=42468 ppid=45804 +48ms ing-started []
          +5399ms pid=42468 ppid=45804 +49ms listen-start []
          +5402ms pid=42468 ppid=45804 +51ms listening []
          +5402ms pid=42468 ppid=45804 +51ms accepting []
          +5410ms pid=42468 ppid=45804 +60ms state-written []
          +5410ms pid=42468 ppid=45804 +60ms drain-start []
          +5474ms pid=3564 ppid=20992 +17ms hook-start [op session.start]
          +5547ms pid=3564 ppid=20992 +91ms presend-start [by_in_ms 3176]
          +5547ms pid=3564 ppid=20992 +91ms presend-end []
          +5547ms pid=3564 ppid=20992 +91ms send-start [deadline_ms 10000]
          +5548ms pid=3564 ppid=20992 +91ms connect [err <nil>]
          +5625ms pid=42468 ppid=45804 +274ms drain-line [file client-45804.ndjson op observe.tool sess sess-zzw-prespawned-resume-3 ms 100 err <nil>]
          +5662ms pid=42468 ppid=45804 +311ms drain-end []
          +5662ms pid=42468 ppid=45804 +312ms sweep-end []
          +5674ms pid=42468 ppid=45804 +324ms audit-end []
          +5674ms pid=42468 ppid=45804 +324ms serving []
          +5721ms pid=3564 ppid=20992 +265ms reply [err <nil>]
          +5721ms pid=3564 ppid=20992 +265ms send-end [ok true out true]
          +5721ms pid=3564 ppid=20992 +265ms hook-end []
    zz_w5_coldstart_diag_test.go:428: ROW mode=prespawned  source=resume  i=4 wall= 1361ms sswall= 1138ms overhead= 127ms presend=    0ms up= 1248ms(ok=true) spooled=false daemons=1 leaseOK=1 lockHeld=0 answer=probe                                    probe_minted=true  sessions=1 mode=full drop=""
    zz_w5_coldstart_diag_test.go:432: TIMELINE mode=prespawned source=resume i=4
            +58ms pid=43676 ppid=20992 +21ms hook-start [op observe.tool]
           +193ms pid=43676 ppid=20992 +156ms presend-start [by_in_ms -9223372036854]
           +193ms pid=43676 ppid=20992 +156ms presend-end []
           +193ms pid=43676 ppid=20992 +156ms send-start [deadline_ms 73]
           +193ms pid=43676 ppid=20992 +156ms connect [err open \\.\pipe\qompack.a92aab37b50d: The system cannot find the file specified.]
           +202ms pid=43676 ppid=20992 +165ms lazyspawn-claim [claim 1]
           +202ms pid=43676 ppid=20992 +165ms stage-start []
           +202ms pid=43676 ppid=20992 +165ms stage-end [err <nil>]
           +202ms pid=43676 ppid=20992 +165ms spawn-start [program C:\Users\Quant\AppData\Local\Temp\qompack-e2e-3734100860\qompack.exe]
           +209ms pid=43676 ppid=20992 +172ms spawn-started [child 32288]
           +209ms pid=43676 ppid=20992 +172ms send-end [ok false out false]
           +209ms pid=43676 ppid=20992 +172ms hook-end []
           +242ms pid=32288 ppid=43676 +24ms daemon-enter []
           +242ms pid=32288 ppid=43676 +24ms lease-try []
           +265ms pid=32288 ppid=43676 +48ms lease-result [err <nil>]
           +272ms pid=32288 ppid=43676 +55ms wired []
           +274ms pid=36408 ppid=20992 +22ms hook-start [op session.start]
           +297ms pid=32288 ppid=43676 +80ms run-call []
           +297ms pid=32288 ppid=43676 +80ms run-enter []
           +297ms pid=32288 ppid=43676 +80ms lock-ok []
           +298ms pid=32288 ppid=43676 +81ms ing-started []
           +298ms pid=32288 ppid=43676 +81ms listen-start []
           +301ms pid=32288 ppid=43676 +84ms listening []
           +301ms pid=32288 ppid=43676 +84ms accepting []
           +307ms pid=32288 ppid=43676 +90ms state-written []
           +307ms pid=32288 ppid=43676 +90ms drain-start []
           +877ms pid=36408 ppid=20992 +625ms presend-start [by_in_ms 2647]
           +877ms pid=36408 ppid=20992 +625ms presend-end []
           +877ms pid=36408 ppid=20992 +625ms send-start [deadline_ms 10000]
           +877ms pid=36408 ppid=20992 +625ms connect [err <nil>]
          +1131ms pid=32288 ppid=43676 +914ms drain-line [file client-43676.ndjson op observe.tool sess sess-zzw-prespawned-resume-4 ms 643 err <nil>]
          +1209ms pid=32288 ppid=43676 +992ms drain-end []
          +1209ms pid=32288 ppid=43676 +992ms sweep-end []
          +1248ms pid=32288 ppid=43676 +1031ms audit-end []
          +1248ms pid=32288 ppid=43676 +1031ms serving []
          +1285ms pid=36408 ppid=20992 +1033ms reply [err <nil>]
          +1285ms pid=36408 ppid=20992 +1033ms send-end [ok true out true]
          +1285ms pid=36408 ppid=20992 +1033ms hook-end []
    zz_w5_coldstart_diag_test.go:428: ROW mode=prespawned  source=compact i=0 wall= 1191ms sswall=  818ms overhead=  69ms presend=    0ms up= 1084ms(ok=true) spooled=false daemons=1 leaseOK=1 lockHeld=0 answer=rehydration+probe                        probe_minted=true  sessions=2 mode=full drop="pointer_git_unavailable:checkpoint: no .git at the project root"
    zz_w5_coldstart_diag_test.go:432: TIMELINE mode=prespawned source=compact i=0
            +50ms pid=30640 ppid=20992 +19ms hook-start [op observe.tool]
           +246ms pid=30640 ppid=20992 +215ms presend-start [by_in_ms -9223372036854]
           +246ms pid=30640 ppid=20992 +215ms presend-end []
           +246ms pid=30640 ppid=20992 +215ms send-start [deadline_ms 73]
           +247ms pid=30640 ppid=20992 +215ms connect [err open \\.\pipe\qompack.208ce0b1f8f8: The system cannot find the file specified.]
           +326ms pid=30640 ppid=20992 +295ms lazyspawn-claim [claim 1]
           +327ms pid=30640 ppid=20992 +295ms stage-start []
           +327ms pid=30640 ppid=20992 +295ms stage-end [err <nil>]
           +327ms pid=30640 ppid=20992 +295ms spawn-start [program C:\Users\Quant\AppData\Local\Temp\qompack-e2e-3734100860\qompack.exe]
           +333ms pid=30640 ppid=20992 +301ms spawn-started [child 14172]
           +333ms pid=30640 ppid=20992 +302ms send-end [ok false out false]
           +333ms pid=30640 ppid=20992 +302ms hook-end []
           +365ms pid=14172 ppid=30640 +25ms daemon-enter []
           +372ms pid=14172 ppid=30640 +32ms lease-try []
           +416ms pid=14172 ppid=30640 +76ms lease-result [err <nil>]
           +430ms pid=36624 ppid=20992 +27ms hook-start [op session.start]
           +506ms pid=14172 ppid=30640 +166ms wired []
           +541ms pid=14172 ppid=30640 +201ms run-call []
           +541ms pid=14172 ppid=30640 +201ms run-enter []
           +547ms pid=14172 ppid=30640 +207ms lock-ok []
           +562ms pid=14172 ppid=30640 +222ms ing-started []
           +562ms pid=14172 ppid=30640 +222ms listen-start []
           +565ms pid=14172 ppid=30640 +225ms listening []
           +565ms pid=14172 ppid=30640 +225ms accepting []
           +574ms pid=14172 ppid=30640 +234ms state-written []
           +574ms pid=14172 ppid=30640 +234ms drain-start []
           +632ms pid=36624 ppid=20992 +230ms presend-start [by_in_ms 3052]
           +632ms pid=36624 ppid=20992 +230ms presend-end []
           +632ms pid=36624 ppid=20992 +230ms send-start [deadline_ms 10000]
           +632ms pid=36624 ppid=20992 +230ms connect [err <nil>]
          +1022ms pid=14172 ppid=30640 +682ms drain-line [file client-30640.ndjson op observe.tool sess sess-zzw-prespawned-compact-0 ms 123 err <nil>]
          +1039ms pid=14172 ppid=30640 +699ms drain-end []
          +1040ms pid=14172 ppid=30640 +700ms sweep-end []
          +1084ms pid=14172 ppid=30640 +744ms audit-end []
          +1084ms pid=14172 ppid=30640 +744ms serving []
          +1179ms pid=36624 ppid=20992 +777ms reply [err <nil>]
          +1179ms pid=36624 ppid=20992 +777ms send-end [ok true out true]
          +1179ms pid=36624 ppid=20992 +777ms hook-end []
    zz_w5_coldstart_diag_test.go:428: ROW mode=prespawned  source=compact i=1 wall=  950ms sswall=  595ms overhead=  68ms presend=    0ms up=  858ms(ok=true) spooled=false daemons=1 leaseOK=1 lockHeld=0 answer=rehydration+probe                        probe_minted=true  sessions=2 mode=full drop="pointer_git_unavailable:checkpoint: no .git at the project root"
    zz_w5_coldstart_diag_test.go:432: TIMELINE mode=prespawned source=compact i=1
           +138ms pid=49212 ppid=20992 +26ms hook-start [op observe.tool]
           +332ms pid=49212 ppid=20992 +220ms presend-start [by_in_ms -9223372036854]
           +332ms pid=49212 ppid=20992 +220ms presend-end []
           +332ms pid=49212 ppid=20992 +220ms send-start [deadline_ms 73]
           +332ms pid=49212 ppid=20992 +220ms connect [err open \\.\pipe\qompack.7f034f747326: The system cannot find the file specified.]
           +337ms pid=49212 ppid=20992 +225ms lazyspawn-claim [claim 1]
           +337ms pid=49212 ppid=20992 +225ms stage-start []
           +337ms pid=49212 ppid=20992 +225ms stage-end [err <nil>]
           +337ms pid=49212 ppid=20992 +225ms spawn-start [program C:\Users\Quant\AppData\Local\Temp\qompack-e2e-3734100860\qompack.exe]
           +344ms pid=49212 ppid=20992 +232ms spawn-started [child 3664]
           +345ms pid=49212 ppid=20992 +233ms send-end [ok false out false]
           +345ms pid=49212 ppid=20992 +233ms hook-end []
           +373ms pid=3664 ppid=49212 +22ms daemon-enter []
           +374ms pid=3664 ppid=49212 +23ms lease-try []
           +406ms pid=3664 ppid=49212 +55ms lease-result [err <nil>]
           +411ms pid=46308 ppid=20992 +18ms hook-start [op session.start]
           +527ms pid=3664 ppid=49212 +176ms wired []
           +549ms pid=3664 ppid=49212 +198ms run-call []
           +549ms pid=3664 ppid=49212 +198ms run-enter []
           +549ms pid=3664 ppid=49212 +198ms lock-ok []
           +570ms pid=3664 ppid=49212 +219ms ing-started []
           +570ms pid=3664 ppid=49212 +219ms listen-start []
           +573ms pid=3664 ppid=49212 +222ms listening []
           +573ms pid=3664 ppid=49212 +222ms accepting []
           +586ms pid=3664 ppid=49212 +235ms state-written []
           +586ms pid=3664 ppid=49212 +235ms drain-start []
           +610ms pid=46308 ppid=20992 +217ms presend-start [by_in_ms 3050]
           +610ms pid=46308 ppid=20992 +218ms presend-end []
           +610ms pid=46308 ppid=20992 +218ms send-start [deadline_ms 10000]
           +610ms pid=46308 ppid=20992 +218ms connect [err <nil>]
           +791ms pid=3664 ppid=49212 +440ms drain-line [file client-49212.ndjson op observe.tool sess sess-zzw-prespawned-compact-1 ms 84 err <nil>]
           +821ms pid=3664 ppid=49212 +470ms drain-end []
           +821ms pid=3664 ppid=49212 +470ms sweep-end []
           +858ms pid=3664 ppid=49212 +507ms audit-end []
           +858ms pid=3664 ppid=49212 +507ms serving []
           +938ms pid=46308 ppid=20992 +546ms reply [err <nil>]
           +938ms pid=46308 ppid=20992 +546ms send-end [ok true out true]
           +938ms pid=46308 ppid=20992 +546ms hook-end []
    zz_w5_coldstart_diag_test.go:428: ROW mode=prespawned  source=compact i=2 wall=  742ms sswall=  568ms overhead=  39ms presend=    0ms up=  644ms(ok=true) spooled=false daemons=1 leaseOK=1 lockHeld=0 answer=rehydration+probe                        probe_minted=true  sessions=2 mode=full drop="pointer_git_unavailable:checkpoint: no .git at the project root"
    zz_w5_coldstart_diag_test.go:432: TIMELINE mode=prespawned source=compact i=2
            +39ms pid=49336 ppid=20992 +18ms hook-start [op observe.tool]
           +148ms pid=49336 ppid=20992 +126ms presend-start [by_in_ms -9223372036854]
           +148ms pid=49336 ppid=20992 +126ms presend-end []
           +148ms pid=49336 ppid=20992 +126ms send-start [deadline_ms 73]
           +148ms pid=49336 ppid=20992 +126ms connect [err open \\.\pipe\qompack.c3cfef5711e0: The system cannot find the file specified.]
           +155ms pid=49336 ppid=20992 +133ms lazyspawn-claim [claim 1]
           +155ms pid=49336 ppid=20992 +134ms stage-start []
           +155ms pid=49336 ppid=20992 +134ms stage-end [err <nil>]
           +155ms pid=49336 ppid=20992 +134ms spawn-start [program C:\Users\Quant\AppData\Local\Temp\qompack-e2e-3734100860\qompack.exe]
           +166ms pid=49336 ppid=20992 +144ms spawn-started [child 27012]
           +166ms pid=49336 ppid=20992 +144ms send-end [ok false out false]
           +166ms pid=49336 ppid=20992 +144ms hook-end []
           +189ms pid=27012 ppid=49336 +17ms daemon-enter []
           +189ms pid=27012 ppid=49336 +17ms lease-try []
           +203ms pid=27012 ppid=49336 +30ms lease-result [err <nil>]
           +205ms pid=34920 ppid=20992 +17ms hook-start [op session.start]
           +286ms pid=27012 ppid=49336 +114ms wired []
           +301ms pid=27012 ppid=49336 +128ms run-call []
           +301ms pid=27012 ppid=49336 +128ms run-enter []
           +301ms pid=27012 ppid=49336 +128ms lock-ok []
           +313ms pid=27012 ppid=49336 +140ms ing-started []
           +313ms pid=27012 ppid=49336 +140ms listen-start []
           +316ms pid=27012 ppid=49336 +144ms listening []
           +316ms pid=27012 ppid=49336 +144ms accepting []
           +323ms pid=27012 ppid=49336 +150ms state-written []
           +323ms pid=27012 ppid=49336 +151ms drain-start []
           +353ms pid=34920 ppid=20992 +165ms presend-start [by_in_ms 3102]
           +353ms pid=34920 ppid=20992 +165ms presend-end []
           +353ms pid=34920 ppid=20992 +165ms send-start [deadline_ms 10000]
           +353ms pid=34920 ppid=20992 +165ms connect [err <nil>]
           +588ms pid=27012 ppid=49336 +416ms drain-line [file client-49336.ndjson op observe.tool sess sess-zzw-prespawned-compact-2 ms 90 err <nil>]
           +611ms pid=27012 ppid=49336 +438ms drain-end []
           +611ms pid=27012 ppid=49336 +439ms sweep-end []
           +644ms pid=27012 ppid=49336 +471ms audit-end []
           +644ms pid=27012 ppid=49336 +471ms serving []
           +734ms pid=34920 ppid=20992 +546ms reply [err <nil>]
           +734ms pid=34920 ppid=20992 +546ms send-end [ok true out true]
           +734ms pid=34920 ppid=20992 +546ms hook-end []
    zz_w5_coldstart_diag_test.go:428: ROW mode=prespawned  source=compact i=3 wall=  835ms sswall=  582ms overhead=  99ms presend=    1ms up=  702ms(ok=true) spooled=false daemons=1 leaseOK=1 lockHeld=0 answer=rehydration+probe                        probe_minted=true  sessions=2 mode=full drop="pointer_git_unavailable:checkpoint: no .git at the project root"
    zz_w5_coldstart_diag_test.go:432: TIMELINE mode=prespawned source=compact i=3
            +45ms pid=42180 ppid=20992 +23ms hook-start [op observe.tool]
           +200ms pid=42180 ppid=20992 +178ms presend-start [by_in_ms -9223372036854]
           +200ms pid=42180 ppid=20992 +178ms presend-end []
           +200ms pid=42180 ppid=20992 +178ms send-start [deadline_ms 73]
           +200ms pid=42180 ppid=20992 +178ms connect [err open \\.\pipe\qompack.63791a4dcfe2: The system cannot find the file specified.]
           +216ms pid=42180 ppid=20992 +194ms lazyspawn-claim [claim 1]
           +216ms pid=42180 ppid=20992 +194ms stage-start []
           +216ms pid=42180 ppid=20992 +194ms stage-end [err <nil>]
           +216ms pid=42180 ppid=20992 +194ms spawn-start [program C:\Users\Quant\AppData\Local\Temp\qompack-e2e-3734100860\qompack.exe]
           +227ms pid=42180 ppid=20992 +205ms spawn-started [child 27800]
           +228ms pid=42180 ppid=20992 +206ms send-end [ok false out false]
           +228ms pid=42180 ppid=20992 +206ms hook-end []
           +262ms pid=27800 ppid=42180 +26ms daemon-enter []
           +263ms pid=27800 ppid=42180 +26ms lease-try []
           +282ms pid=27800 ppid=42180 +46ms lease-result [err <nil>]
           +297ms pid=41124 ppid=20992 +21ms hook-start [op session.start]
           +367ms pid=27800 ppid=42180 +131ms wired []
           +390ms pid=27800 ppid=42180 +153ms run-call []
           +390ms pid=27800 ppid=42180 +153ms run-enter []
           +401ms pid=27800 ppid=42180 +165ms lock-ok []
           +415ms pid=27800 ppid=42180 +178ms ing-started []
           +415ms pid=27800 ppid=42180 +178ms listen-start []
           +418ms pid=27800 ppid=42180 +182ms listening []
           +418ms pid=27800 ppid=42180 +182ms accepting []
           +425ms pid=27800 ppid=42180 +189ms state-written []
           +426ms pid=27800 ppid=42180 +189ms drain-start []
           +538ms pid=41124 ppid=20992 +262ms presend-start [by_in_ms 3008]
           +539ms pid=41124 ppid=20992 +263ms presend-end []
           +539ms pid=41124 ppid=20992 +263ms send-start [deadline_ms 10000]
           +539ms pid=41124 ppid=20992 +263ms connect [err <nil>]
           +646ms pid=27800 ppid=42180 +409ms drain-line [file client-42180.ndjson op observe.tool sess sess-zzw-prespawned-compact-3 ms 83 err <nil>]
           +671ms pid=27800 ppid=42180 +434ms drain-end []
           +671ms pid=27800 ppid=42180 +435ms sweep-end []
           +702ms pid=27800 ppid=42180 +465ms audit-end []
           +702ms pid=27800 ppid=42180 +465ms serving []
           +780ms pid=41124 ppid=20992 +505ms reply [err <nil>]
           +780ms pid=41124 ppid=20992 +505ms send-end [ok true out true]
           +780ms pid=41124 ppid=20992 +505ms hook-end []
    zz_w5_coldstart_diag_test.go:428: ROW mode=prespawned  source=compact i=4 wall= 1143ms sswall=  849ms overhead=  71ms presend=    0ms up= 1030ms(ok=true) spooled=false daemons=1 leaseOK=1 lockHeld=0 answer=rehydration+probe                        probe_minted=true  sessions=2 mode=full drop="pointer_git_unavailable:checkpoint: no .git at the project root"
    zz_w5_coldstart_diag_test.go:432: TIMELINE mode=prespawned source=compact i=4
            +35ms pid=11192 ppid=20992 +15ms hook-start [op observe.tool]
           +127ms pid=11192 ppid=20992 +106ms presend-start [by_in_ms -9223372036854]
           +128ms pid=11192 ppid=20992 +107ms presend-end []
           +128ms pid=11192 ppid=20992 +107ms send-start [deadline_ms 73]
           +128ms pid=11192 ppid=20992 +107ms connect [err open \\.\pipe\qompack.3d4e613ed7fb: The system cannot find the file specified.]
           +184ms pid=11192 ppid=20992 +163ms lazyspawn-claim [claim 1]
           +184ms pid=11192 ppid=20992 +163ms stage-start []
           +184ms pid=11192 ppid=20992 +163ms stage-end [err <nil>]
           +184ms pid=11192 ppid=20992 +163ms spawn-start [program C:\Users\Quant\AppData\Local\Temp\qompack-e2e-3734100860\qompack.exe]
           +194ms pid=11192 ppid=20992 +173ms spawn-started [child 47212]
           +194ms pid=11192 ppid=20992 +173ms send-end [ok false out false]
           +194ms pid=11192 ppid=20992 +173ms hook-end []
           +220ms pid=47212 ppid=11192 +20ms daemon-enter []
           +220ms pid=47212 ppid=11192 +20ms lease-try []
           +243ms pid=47212 ppid=11192 +42ms lease-result [err <nil>]
           +347ms pid=45632 ppid=20992 +18ms hook-start [op session.start]
           +353ms pid=47212 ppid=11192 +152ms wired []
           +369ms pid=47212 ppid=11192 +168ms run-call []
           +369ms pid=47212 ppid=11192 +168ms run-enter []
           +373ms pid=47212 ppid=11192 +173ms lock-ok []
           +387ms pid=47212 ppid=11192 +186ms ing-started []
           +387ms pid=47212 ppid=11192 +186ms listen-start []
           +391ms pid=47212 ppid=11192 +190ms listening []
           +391ms pid=47212 ppid=11192 +190ms accepting []
           +399ms pid=47212 ppid=11192 +199ms state-written []
           +400ms pid=47212 ppid=11192 +199ms drain-start []
           +402ms pid=45632 ppid=20992 +72ms presend-start [by_in_ms 3195]
           +402ms pid=45632 ppid=20992 +72ms presend-end []
           +402ms pid=45632 ppid=20992 +72ms send-start [deadline_ms 10000]
           +402ms pid=45632 ppid=20992 +73ms connect [err <nil>]
           +939ms pid=47212 ppid=11192 +739ms drain-line [file client-11192.ndjson op observe.tool sess sess-zzw-prespawned-compact-4 ms 266 err <nil>]
          +1002ms pid=47212 ppid=11192 +802ms drain-end []
          +1003ms pid=47212 ppid=11192 +802ms sweep-end []
          +1030ms pid=47212 ppid=11192 +829ms audit-end []
          +1030ms pid=47212 ppid=11192 +829ms serving []
          +1125ms pid=45632 ppid=20992 +796ms reply [err <nil>]
          +1125ms pid=45632 ppid=20992 +796ms send-end [ok true out true]
          +1125ms pid=45632 ppid=20992 +796ms hook-end []
    zz_w5_coldstart_diag_test.go:470: SUMMARY mode=unstaged    source=startup n=5 spooled=0 noup=0 multi-daemon-rows=0 sswall p50=448ms p90=457ms max=478ms overhead p50=77ms max=227ms wall p50=448ms p90=457ms max=478ms presend p50=102ms max=125ms up p50=326ms max=404ms answers=map[probe:5]
    zz_w5_coldstart_diag_test.go:470: SUMMARY mode=unstaged    source=resume  n=5 spooled=0 noup=0 multi-daemon-rows=0 sswall p50=293ms p90=321ms max=540ms overhead p50=64ms max=66ms wall p50=293ms p90=321ms max=540ms presend p50=100ms max=100ms up p50=244ms max=471ms answers=map[probe:5]
    zz_w5_coldstart_diag_test.go:470: SUMMARY mode=unstaged    source=compact n=5 spooled=0 noup=0 multi-daemon-rows=0 sswall p50=558ms p90=633ms max=2564ms overhead p50=57ms max=73ms wall p50=558ms p90=633ms max=2564ms presend p50=251ms max=2275ms up p50=450ms max=2488ms answers=map[rehydration+probe:5]
    zz_w5_coldstart_diag_test.go:470: SUMMARY mode=staged-cold source=startup n=5 spooled=0 noup=0 multi-daemon-rows=0 sswall p50=1282ms p90=1289ms max=1539ms overhead p50=425ms max=524ms wall p50=1282ms p90=1289ms max=1539ms presend p50=450ms max=551ms up p50=1120ms max=1459ms answers=map[probe:5]
    zz_w5_coldstart_diag_test.go:470: SUMMARY mode=staged-cold source=resume  n=5 spooled=0 noup=0 multi-daemon-rows=0 sswall p50=1024ms p90=1101ms max=1272ms overhead p50=351ms max=503ms wall p50=1024ms p90=1101ms max=1272ms presend p50=400ms max=451ms up p50=967ms max=1212ms answers=map[probe:5]
    zz_w5_coldstart_diag_test.go:470: SUMMARY mode=staged-cold source=compact n=5 spooled=0 noup=0 multi-daemon-rows=0 sswall p50=1029ms p90=1314ms max=1698ms overhead p50=67ms max=93ms wall p50=1029ms p90=1314ms max=1698ms presend p50=577ms max=1451ms up p50=890ms max=1607ms answers=map[rehydration+probe:5]
    zz_w5_coldstart_diag_test.go:470: SUMMARY mode=staged-warm source=startup n=5 spooled=0 noup=0 multi-daemon-rows=0 sswall p50=408ms p90=435ms max=695ms overhead p50=58ms max=181ms wall p50=408ms p90=435ms max=695ms presend p50=126ms max=151ms up p50=307ms max=631ms answers=map[probe:5]
    zz_w5_coldstart_diag_test.go:470: SUMMARY mode=staged-warm source=resume  n=5 spooled=0 noup=0 multi-daemon-rows=0 sswall p50=687ms p90=714ms max=861ms overhead p50=77ms max=118ms wall p50=687ms p90=714ms max=861ms presend p50=126ms max=376ms up p50=610ms max=802ms answers=map[probe:5]
    zz_w5_coldstart_diag_test.go:470: SUMMARY mode=staged-warm source=compact n=5 spooled=0 noup=0 multi-daemon-rows=0 sswall p50=2686ms p90=4099ms max=6444ms overhead p50=98ms max=139ms wall p50=2686ms p90=4099ms max=6444ms presend p50=2226ms max=5227ms up p50=2560ms max=5700ms answers=map[rehydration+probe:5]
    zz_w5_coldstart_diag_test.go:470: SUMMARY mode=prespawned  source=startup n=5 spooled=0 noup=0 multi-daemon-rows=0 sswall p50=955ms p90=978ms max=1291ms overhead p50=75ms max=142ms wall p50=1436ms p90=2001ms max=6425ms presend p50=1ms max=206ms up p50=1266ms max=6341ms answers=map[probe:5]
    zz_w5_coldstart_diag_test.go:470: SUMMARY mode=prespawned  source=resume  n=5 spooled=0 noup=0 multi-daemon-rows=0 sswall p50=613ms p90=689ms max=1138ms overhead p50=127ms max=366ms wall p50=1278ms p90=1361ms max=5972ms presend p50=0ms max=1ms up p50=911ms max=5674ms answers=map[probe:5]
    zz_w5_coldstart_diag_test.go:470: SUMMARY mode=prespawned  source=compact n=5 spooled=0 noup=0 multi-daemon-rows=0 sswall p50=595ms p90=818ms max=849ms overhead p50=69ms max=99ms wall p50=950ms p90=1143ms max=1191ms presend p50=0ms max=1ms up p50=858ms max=1084ms answers=map[rehydration+probe:5]
--- PASS: TestZZW5_ColdStart (309.59s)
PASS
ok  	github.com/qompack/qompack/test/e2e	309.824s
exit=0
