=== RUN   TestZZW5_ColdStart
    zz_w5_coldstart_diag_test.go:426: GOOS=windows NumCPU=22 cpu-coload="1" mult=1 fsync=0 iters=5 up="marks"
    zz_w5_coldstart_diag_test.go:442: ROW mode=unstaged    source=startup i=0 wall= 2227ms sswall= 2227ms overhead=1734ms presend=  176ms dialable= 2138ms stall=  37ms up= 2156ms(ok=true) spooled=false daemons=1 leaseOK=1 lockHeld=0 answer=probe                                    probe_minted=true  sessions=1 mode=full drop=""
    zz_w5_coldstart_diag_test.go:446: TIMELINE mode=unstaged source=startup i=0
          +1709ms pid=56208 ppid=55616 +28ms hook-start [op session.start]
          +1974ms pid=56208 ppid=55616 +293ms presend-start [by_in_ms 2985]
          +1975ms pid=56208 ppid=55616 +294ms ensure-probe-miss []
          +1979ms pid=56208 ppid=55616 +298ms ensure-claimed [claim 1]
          +1980ms pid=56208 ppid=55616 +299ms stage-start []
          +1980ms pid=56208 ppid=55616 +299ms stage-end [err <nil>]
          +1980ms pid=56208 ppid=55616 +299ms spawn-start [program C:\Users\Quant\AppData\Local\Temp\qompack-e2e-2983873838\qompack.exe]
          +2017ms pid=56208 ppid=55616 +336ms spawn-started [child 36256]
          +2017ms pid=56208 ppid=55616 +336ms ensure-spawned []
          +2060ms pid=36256 ppid=56208 +29ms daemon-enter []
          +2060ms pid=36256 ppid=56208 +29ms lease-try []
          +2081ms pid=36256 ppid=56208 +50ms lease-result [err <nil>]
          +2095ms pid=36256 ppid=56208 +64ms wired []
          +2128ms pid=36256 ppid=56208 +98ms run-call []
          +2129ms pid=36256 ppid=56208 +99ms run-enter []
          +2130ms pid=36256 ppid=56208 +99ms lock-ok []
          +2130ms pid=36256 ppid=56208 +99ms ing-started []
          +2130ms pid=36256 ppid=56208 +99ms listen-start []
          +2138ms pid=36256 ppid=56208 +107ms listening []
          +2138ms pid=36256 ppid=56208 +107ms accepting []
          +2148ms pid=36256 ppid=56208 +117ms state-written []
          +2148ms pid=36256 ppid=56208 +118ms drain-start []
          +2150ms pid=56208 ppid=55616 +469ms ensure-up [spawned true]
          +2150ms pid=56208 ppid=55616 +469ms presend-end []
          +2151ms pid=56208 ppid=55616 +470ms send-start [deadline_ms 10000]
          +2154ms pid=36256 ppid=56208 +124ms drain-end []
          +2155ms pid=36256 ppid=56208 +125ms sweep-end []
          +2155ms pid=36256 ppid=56208 +125ms audit-end []
          +2156ms pid=36256 ppid=56208 +126ms serving []
          +2161ms pid=56208 ppid=55616 +480ms connect [err <nil>]
          +2202ms pid=56208 ppid=55616 +521ms reply [err <nil>]
          +2202ms pid=56208 ppid=55616 +521ms send-end [ok true out true]
          +2202ms pid=56208 ppid=55616 +521ms hook-end []
    zz_w5_coldstart_diag_test.go:442: ROW mode=unstaged    source=startup i=1 wall=  483ms sswall=  483ms overhead= 246ms presend=  126ms dialable=  383ms stall=   7ms up=  398ms(ok=true) spooled=false daemons=1 leaseOK=1 lockHeld=0 answer=probe                                    probe_minted=true  sessions=1 mode=full drop=""
    zz_w5_coldstart_diag_test.go:446: TIMELINE mode=unstaged source=startup i=1
           +203ms pid=54652 ppid=55616 +26ms hook-start [op session.start]
           +270ms pid=54652 ppid=55616 +93ms presend-start [by_in_ms 3183]
           +270ms pid=54652 ppid=55616 +93ms ensure-probe-miss []
           +279ms pid=54652 ppid=55616 +101ms ensure-claimed [claim 1]
           +279ms pid=54652 ppid=55616 +101ms stage-start []
           +279ms pid=54652 ppid=55616 +101ms stage-end [err <nil>]
           +279ms pid=54652 ppid=55616 +101ms spawn-start [program C:\Users\Quant\AppData\Local\Temp\qompack-e2e-2983873838\qompack.exe]
           +286ms pid=54652 ppid=55616 +109ms spawn-started [child 48872]
           +286ms pid=54652 ppid=55616 +109ms ensure-spawned []
           +321ms pid=48872 ppid=54652 +26ms daemon-enter []
           +321ms pid=48872 ppid=54652 +26ms lease-try []
           +340ms pid=48872 ppid=54652 +45ms lease-result [err <nil>]
           +357ms pid=48872 ppid=54652 +61ms wired []
           +377ms pid=48872 ppid=54652 +81ms run-call []
           +377ms pid=48872 ppid=54652 +81ms run-enter []
           +377ms pid=48872 ppid=54652 +81ms lock-ok []
           +377ms pid=48872 ppid=54652 +81ms ing-started []
           +377ms pid=48872 ppid=54652 +81ms listen-start []
           +383ms pid=48872 ppid=54652 +87ms listening []
           +383ms pid=48872 ppid=54652 +87ms accepting []
           +391ms pid=48872 ppid=54652 +96ms state-written []
           +392ms pid=48872 ppid=54652 +96ms drain-start []
           +396ms pid=54652 ppid=55616 +218ms ensure-up [spawned true]
           +396ms pid=54652 ppid=55616 +218ms presend-end []
           +396ms pid=54652 ppid=55616 +218ms send-start [deadline_ms 10000]
           +396ms pid=54652 ppid=55616 +219ms connect [err <nil>]
           +398ms pid=48872 ppid=54652 +102ms drain-end []
           +398ms pid=48872 ppid=54652 +102ms sweep-end []
           +398ms pid=48872 ppid=54652 +103ms audit-end []
           +398ms pid=48872 ppid=54652 +103ms serving []
           +440ms pid=54652 ppid=55616 +262ms reply [err <nil>]
           +440ms pid=54652 ppid=55616 +262ms send-end [ok true out true]
           +440ms pid=54652 ppid=55616 +262ms hook-end []
    zz_w5_coldstart_diag_test.go:442: ROW mode=unstaged    source=startup i=2 wall=  306ms sswall=  306ms overhead= 137ms presend=  125ms dialable=  219ms stall=   9ms up=  231ms(ok=true) spooled=false daemons=1 leaseOK=1 lockHeld=0 answer=probe                                    probe_minted=true  sessions=1 mode=full drop=""
    zz_w5_coldstart_diag_test.go:446: TIMELINE mode=unstaged source=startup i=2
           +114ms pid=55868 ppid=55616 +28ms hook-start [op session.start]
           +117ms pid=55868 ppid=55616 +30ms presend-start [by_in_ms 3247]
           +117ms pid=55868 ppid=55616 +30ms ensure-probe-miss []
           +123ms pid=55868 ppid=55616 +36ms ensure-claimed [claim 1]
           +123ms pid=55868 ppid=55616 +36ms stage-start []
           +124ms pid=55868 ppid=55616 +37ms stage-end [err <nil>]
           +124ms pid=55868 ppid=55616 +37ms spawn-start [program C:\Users\Quant\AppData\Local\Temp\qompack-e2e-2983873838\qompack.exe]
           +133ms pid=55868 ppid=55616 +46ms spawn-started [child 51668]
           +133ms pid=55868 ppid=55616 +46ms ensure-spawned []
           +166ms pid=51668 ppid=55868 +24ms daemon-enter []
           +166ms pid=51668 ppid=55868 +24ms lease-try []
           +182ms pid=51668 ppid=55868 +40ms lease-result [err <nil>]
           +191ms pid=51668 ppid=55868 +48ms wired []
           +214ms pid=51668 ppid=55868 +72ms run-call []
           +214ms pid=51668 ppid=55868 +72ms run-enter []
           +215ms pid=51668 ppid=55868 +72ms lock-ok []
           +215ms pid=51668 ppid=55868 +72ms ing-started []
           +215ms pid=51668 ppid=55868 +72ms listen-start []
           +219ms pid=51668 ppid=55868 +76ms listening []
           +219ms pid=51668 ppid=55868 +76ms accepting []
           +224ms pid=51668 ppid=55868 +82ms state-written []
           +225ms pid=51668 ppid=55868 +82ms drain-start []
           +230ms pid=51668 ppid=55868 +87ms drain-end []
           +231ms pid=51668 ppid=55868 +88ms sweep-end []
           +231ms pid=51668 ppid=55868 +89ms audit-end []
           +231ms pid=51668 ppid=55868 +89ms serving []
           +242ms pid=55868 ppid=55616 +156ms ensure-up [spawned true]
           +242ms pid=55868 ppid=55616 +156ms presend-end []
           +243ms pid=55868 ppid=55616 +156ms send-start [deadline_ms 10000]
           +243ms pid=55868 ppid=55616 +156ms connect [err <nil>]
           +283ms pid=55868 ppid=55616 +196ms reply [err <nil>]
           +283ms pid=55868 ppid=55616 +196ms send-end [ok true out true]
           +283ms pid=55868 ppid=55616 +196ms hook-end []
    zz_w5_coldstart_diag_test.go:442: ROW mode=unstaged    source=startup i=3 wall=  226ms sswall=  226ms overhead=  81ms presend=   75ms dialable=  151ms stall=   7ms up=  162ms(ok=true) spooled=false daemons=1 leaseOK=1 lockHeld=0 answer=probe                                    probe_minted=true  sessions=1 mode=full drop=""
    zz_w5_coldstart_diag_test.go:446: TIMELINE mode=unstaged source=startup i=3
            +58ms pid=47204 ppid=55616 +26ms hook-start [op session.start]
            +85ms pid=47204 ppid=55616 +53ms presend-start [by_in_ms 3223]
            +85ms pid=47204 ppid=55616 +53ms ensure-probe-miss []
            +91ms pid=47204 ppid=55616 +59ms ensure-claimed [claim 1]
            +91ms pid=47204 ppid=55616 +59ms stage-start []
            +91ms pid=47204 ppid=55616 +59ms stage-end [err <nil>]
            +91ms pid=47204 ppid=55616 +59ms spawn-start [program C:\Users\Quant\AppData\Local\Temp\qompack-e2e-2983873838\qompack.exe]
            +98ms pid=47204 ppid=55616 +67ms spawn-started [child 40864]
            +98ms pid=47204 ppid=55616 +67ms ensure-spawned []
           +118ms pid=40864 ppid=47204 +14ms daemon-enter []
           +119ms pid=40864 ppid=47204 +14ms lease-try []
           +130ms pid=40864 ppid=47204 +25ms lease-result [err <nil>]
           +134ms pid=40864 ppid=47204 +30ms wired []
           +148ms pid=40864 ppid=47204 +43ms run-call []
           +148ms pid=40864 ppid=47204 +43ms run-enter []
           +148ms pid=40864 ppid=47204 +43ms lock-ok []
           +148ms pid=40864 ppid=47204 +44ms ing-started []
           +148ms pid=40864 ppid=47204 +44ms listen-start []
           +151ms pid=40864 ppid=47204 +47ms listening []
           +151ms pid=40864 ppid=47204 +47ms accepting []
           +156ms pid=40864 ppid=47204 +52ms state-written []
           +156ms pid=40864 ppid=47204 +52ms drain-start []
           +160ms pid=47204 ppid=55616 +128ms ensure-up [spawned true]
           +160ms pid=47204 ppid=55616 +128ms presend-end []
           +161ms pid=40864 ppid=47204 +57ms drain-end []
           +161ms pid=40864 ppid=47204 +57ms sweep-end []
           +161ms pid=47204 ppid=55616 +129ms send-start [deadline_ms 10000]
           +161ms pid=47204 ppid=55616 +129ms connect [err <nil>]
           +162ms pid=40864 ppid=47204 +57ms audit-end []
           +162ms pid=40864 ppid=47204 +57ms serving []
           +203ms pid=47204 ppid=55616 +172ms reply [err <nil>]
           +203ms pid=47204 ppid=55616 +172ms send-end [ok true out true]
           +203ms pid=47204 ppid=55616 +172ms hook-end []
    zz_w5_coldstart_diag_test.go:442: ROW mode=unstaged    source=startup i=4 wall=  276ms sswall=  276ms overhead=  52ms presend=  100ms dialable=  204ms stall=   8ms up=  215ms(ok=true) spooled=false daemons=1 leaseOK=1 lockHeld=0 answer=probe                                    probe_minted=true  sessions=1 mode=full drop=""
    zz_w5_coldstart_diag_test.go:446: TIMELINE mode=unstaged source=startup i=4
            +39ms pid=46544 ppid=55616 +17ms hook-start [op session.start]
           +127ms pid=46544 ppid=55616 +105ms presend-start [by_in_ms 3162]
           +127ms pid=46544 ppid=55616 +105ms ensure-probe-miss []
           +132ms pid=46544 ppid=55616 +110ms ensure-claimed [claim 1]
           +132ms pid=46544 ppid=55616 +110ms stage-start []
           +132ms pid=46544 ppid=55616 +110ms stage-end [err <nil>]
           +132ms pid=46544 ppid=55616 +110ms spawn-start [program C:\Users\Quant\AppData\Local\Temp\qompack-e2e-2983873838\qompack.exe]
           +140ms pid=46544 ppid=55616 +118ms spawn-started [child 45424]
           +140ms pid=46544 ppid=55616 +118ms ensure-spawned []
           +162ms pid=45424 ppid=46544 +15ms daemon-enter []
           +162ms pid=45424 ppid=46544 +15ms lease-try []
           +173ms pid=45424 ppid=46544 +27ms lease-result [err <nil>]
           +178ms pid=45424 ppid=46544 +32ms wired []
           +200ms pid=45424 ppid=46544 +53ms run-call []
           +200ms pid=45424 ppid=46544 +53ms run-enter []
           +200ms pid=45424 ppid=46544 +54ms lock-ok []
           +201ms pid=45424 ppid=46544 +54ms ing-started []
           +201ms pid=45424 ppid=46544 +54ms listen-start []
           +204ms pid=45424 ppid=46544 +57ms listening []
           +204ms pid=45424 ppid=46544 +57ms accepting []
           +209ms pid=45424 ppid=46544 +62ms state-written []
           +209ms pid=45424 ppid=46544 +63ms drain-start []
           +214ms pid=45424 ppid=46544 +67ms drain-end []
           +214ms pid=45424 ppid=46544 +68ms sweep-end []
           +215ms pid=45424 ppid=46544 +68ms audit-end []
           +215ms pid=45424 ppid=46544 +68ms serving []
           +227ms pid=46544 ppid=55616 +205ms ensure-up [spawned true]
           +227ms pid=46544 ppid=55616 +205ms presend-end []
           +228ms pid=46544 ppid=55616 +206ms send-start [deadline_ms 10000]
           +228ms pid=46544 ppid=55616 +206ms connect [err <nil>]
           +263ms pid=46544 ppid=55616 +241ms reply [err <nil>]
           +263ms pid=46544 ppid=55616 +241ms send-end [ok true out true]
           +263ms pid=46544 ppid=55616 +241ms hook-end []
    zz_w5_coldstart_diag_test.go:442: ROW mode=unstaged    source=resume  i=0 wall=  231ms sswall=  231ms overhead=  41ms presend=   76ms dialable=  177ms stall=  10ms up=  188ms(ok=true) spooled=false daemons=1 leaseOK=1 lockHeld=0 answer=probe                                    probe_minted=true  sessions=1 mode=full drop=""
    zz_w5_coldstart_diag_test.go:446: TIMELINE mode=unstaged source=resume i=0
            +34ms pid=5104 ppid=55616 +16ms hook-start [op session.start]
           +103ms pid=5104 ppid=55616 +85ms presend-start [by_in_ms 3180]
           +103ms pid=5104 ppid=55616 +85ms ensure-probe-miss []
           +108ms pid=5104 ppid=55616 +90ms ensure-claimed [claim 1]
           +108ms pid=5104 ppid=55616 +90ms stage-start []
           +108ms pid=5104 ppid=55616 +90ms stage-end [err <nil>]
           +108ms pid=5104 ppid=55616 +90ms spawn-start [program C:\Users\Quant\AppData\Local\Temp\qompack-e2e-2983873838\qompack.exe]
           +118ms pid=5104 ppid=55616 +100ms spawn-started [child 46216]
           +119ms pid=5104 ppid=55616 +100ms ensure-spawned []
           +140ms pid=46216 ppid=5104 +16ms daemon-enter []
           +140ms pid=46216 ppid=5104 +16ms lease-try []
           +151ms pid=46216 ppid=5104 +27ms lease-result [err <nil>]
           +156ms pid=46216 ppid=5104 +32ms wired []
           +173ms pid=46216 ppid=5104 +49ms run-call []
           +173ms pid=46216 ppid=5104 +49ms run-enter []
           +174ms pid=46216 ppid=5104 +50ms lock-ok []
           +174ms pid=46216 ppid=5104 +50ms ing-started []
           +174ms pid=46216 ppid=5104 +50ms listen-start []
           +177ms pid=46216 ppid=5104 +53ms listening []
           +177ms pid=46216 ppid=5104 +53ms accepting []
           +179ms pid=5104 ppid=55616 +160ms ensure-up [spawned true]
           +179ms pid=5104 ppid=55616 +160ms presend-end []
           +179ms pid=5104 ppid=55616 +161ms send-start [deadline_ms 10000]
           +179ms pid=5104 ppid=55616 +161ms connect [err <nil>]
           +181ms pid=46216 ppid=5104 +57ms state-written []
           +182ms pid=46216 ppid=5104 +58ms drain-start []
           +187ms pid=46216 ppid=5104 +63ms drain-end []
           +187ms pid=46216 ppid=5104 +63ms sweep-end []
           +188ms pid=46216 ppid=5104 +64ms audit-end []
           +188ms pid=46216 ppid=5104 +64ms serving []
           +224ms pid=5104 ppid=55616 +206ms reply [err <nil>]
           +224ms pid=5104 ppid=55616 +206ms send-end [ok true out true]
           +224ms pid=5104 ppid=55616 +206ms hook-end []
    zz_w5_coldstart_diag_test.go:442: ROW mode=unstaged    source=resume  i=1 wall=  349ms sswall=  349ms overhead=  56ms presend=  100ms dialable=  284ms stall=   9ms up=  304ms(ok=true) spooled=false daemons=1 leaseOK=1 lockHeld=0 answer=probe                                    probe_minted=true  sessions=1 mode=full drop=""
    zz_w5_coldstart_diag_test.go:446: TIMELINE mode=unstaged source=resume i=1
            +47ms pid=44700 ppid=55616 +24ms hook-start [op session.start]
           +205ms pid=44700 ppid=55616 +182ms presend-start [by_in_ms 3093]
           +205ms pid=44700 ppid=55616 +182ms ensure-probe-miss []
           +209ms pid=44700 ppid=55616 +187ms ensure-claimed [claim 1]
           +209ms pid=44700 ppid=55616 +187ms stage-start []
           +209ms pid=44700 ppid=55616 +187ms stage-end [err <nil>]
           +209ms pid=44700 ppid=55616 +187ms spawn-start [program C:\Users\Quant\AppData\Local\Temp\qompack-e2e-2983873838\qompack.exe]
           +218ms pid=44700 ppid=55616 +196ms spawn-started [child 33208]
           +218ms pid=44700 ppid=55616 +196ms ensure-spawned []
           +239ms pid=33208 ppid=44700 +15ms daemon-enter []
           +239ms pid=33208 ppid=44700 +15ms lease-try []
           +250ms pid=33208 ppid=44700 +26ms lease-result [err <nil>]
           +256ms pid=33208 ppid=44700 +32ms wired []
           +280ms pid=33208 ppid=44700 +56ms run-call []
           +280ms pid=33208 ppid=44700 +56ms run-enter []
           +280ms pid=33208 ppid=44700 +56ms lock-ok []
           +280ms pid=33208 ppid=44700 +56ms ing-started []
           +280ms pid=33208 ppid=44700 +56ms listen-start []
           +284ms pid=33208 ppid=44700 +60ms listening []
           +284ms pid=33208 ppid=44700 +60ms accepting []
           +292ms pid=33208 ppid=44700 +68ms state-written []
           +293ms pid=33208 ppid=44700 +69ms drain-start []
           +299ms pid=33208 ppid=44700 +75ms drain-end []
           +302ms pid=33208 ppid=44700 +78ms sweep-end []
           +304ms pid=33208 ppid=44700 +80ms audit-end []
           +304ms pid=33208 ppid=44700 +80ms serving []
           +305ms pid=44700 ppid=55616 +283ms ensure-up [spawned true]
           +305ms pid=44700 ppid=55616 +283ms presend-end []
           +313ms pid=44700 ppid=55616 +290ms send-start [deadline_ms 10000]
           +313ms pid=44700 ppid=55616 +291ms connect [err <nil>]
           +340ms pid=44700 ppid=55616 +317ms reply [err <nil>]
           +340ms pid=44700 ppid=55616 +317ms send-end [ok true out true]
           +340ms pid=44700 ppid=55616 +317ms hook-end []
    zz_w5_coldstart_diag_test.go:442: ROW mode=unstaged    source=resume  i=2 wall=  649ms sswall=  649ms overhead=  69ms presend=  178ms dialable=  550ms stall=   7ms up=  566ms(ok=true) spooled=false daemons=1 leaseOK=1 lockHeld=0 answer=probe                                    probe_minted=true  sessions=1 mode=full drop=""
    zz_w5_coldstart_diag_test.go:446: TIMELINE mode=unstaged source=resume i=2
            +59ms pid=21564 ppid=55616 +23ms hook-start [op session.start]
           +396ms pid=21564 ppid=55616 +359ms presend-start [by_in_ms 2913]
           +396ms pid=21564 ppid=55616 +359ms ensure-probe-miss []
           +405ms pid=21564 ppid=55616 +368ms ensure-claimed [claim 1]
           +405ms pid=21564 ppid=55616 +368ms stage-start []
           +405ms pid=21564 ppid=55616 +368ms stage-end [err <nil>]
           +405ms pid=21564 ppid=55616 +368ms spawn-start [program C:\Users\Quant\AppData\Local\Temp\qompack-e2e-2983873838\qompack.exe]
           +412ms pid=21564 ppid=55616 +376ms spawn-started [child 34504]
           +412ms pid=21564 ppid=55616 +376ms ensure-spawned []
           +460ms pid=34504 ppid=21564 +32ms daemon-enter []
           +460ms pid=34504 ppid=21564 +32ms lease-try []
           +498ms pid=34504 ppid=21564 +70ms lease-result [err <nil>]
           +516ms pid=34504 ppid=21564 +88ms wired []
           +541ms pid=34504 ppid=21564 +113ms run-call []
           +541ms pid=34504 ppid=21564 +113ms run-enter []
           +541ms pid=34504 ppid=21564 +113ms lock-ok []
           +541ms pid=34504 ppid=21564 +113ms ing-started []
           +541ms pid=34504 ppid=21564 +113ms listen-start []
           +550ms pid=34504 ppid=21564 +122ms listening []
           +550ms pid=34504 ppid=21564 +122ms accepting []
           +556ms pid=34504 ppid=21564 +128ms state-written []
           +557ms pid=34504 ppid=21564 +129ms drain-start []
           +563ms pid=34504 ppid=21564 +135ms drain-end []
           +565ms pid=34504 ppid=21564 +137ms sweep-end []
           +566ms pid=34504 ppid=21564 +138ms audit-end []
           +566ms pid=34504 ppid=21564 +138ms serving []
           +574ms pid=21564 ppid=55616 +538ms ensure-up [spawned true]
           +574ms pid=21564 ppid=55616 +538ms presend-end []
           +576ms pid=21564 ppid=55616 +539ms send-start [deadline_ms 10000]
           +586ms pid=21564 ppid=55616 +550ms connect [err <nil>]
           +639ms pid=21564 ppid=55616 +602ms reply [err <nil>]
           +639ms pid=21564 ppid=55616 +602ms send-end [ok true out true]
           +639ms pid=21564 ppid=55616 +602ms hook-end []
    zz_w5_coldstart_diag_test.go:442: ROW mode=unstaged    source=resume  i=3 wall=  432ms sswall=  432ms overhead=  75ms presend=  151ms dialable=  354ms stall=  14ms up=  367ms(ok=true) spooled=false daemons=1 leaseOK=1 lockHeld=0 answer=probe                                    probe_minted=true  sessions=1 mode=full drop=""
    zz_w5_coldstart_diag_test.go:446: TIMELINE mode=unstaged source=resume i=3
            +54ms pid=54120 ppid=55616 +30ms hook-start [op session.start]
           +219ms pid=54120 ppid=55616 +194ms presend-start [by_in_ms 3085]
           +219ms pid=54120 ppid=55616 +195ms ensure-probe-miss []
           +233ms pid=54120 ppid=55616 +208ms ensure-claimed [claim 1]
           +233ms pid=54120 ppid=55616 +208ms stage-start []
           +233ms pid=54120 ppid=55616 +208ms stage-end [err <nil>]
           +238ms pid=54120 ppid=55616 +213ms spawn-start [program C:\Users\Quant\AppData\Local\Temp\qompack-e2e-2983873838\qompack.exe]
           +252ms pid=54120 ppid=55616 +228ms spawn-started [child 51532]
           +252ms pid=54120 ppid=55616 +228ms ensure-spawned []
           +290ms pid=51532 ppid=54120 +25ms daemon-enter []
           +290ms pid=51532 ppid=54120 +25ms lease-try []
           +317ms pid=51532 ppid=54120 +52ms lease-result [err <nil>]
           +328ms pid=51532 ppid=54120 +63ms wired []
           +350ms pid=51532 ppid=54120 +84ms run-call []
           +350ms pid=51532 ppid=54120 +84ms run-enter []
           +350ms pid=51532 ppid=54120 +84ms lock-ok []
           +350ms pid=51532 ppid=54120 +85ms ing-started []
           +350ms pid=51532 ppid=54120 +85ms listen-start []
           +354ms pid=51532 ppid=54120 +89ms listening []
           +354ms pid=51532 ppid=54120 +89ms accepting []
           +360ms pid=51532 ppid=54120 +95ms state-written []
           +361ms pid=51532 ppid=54120 +96ms drain-start []
           +365ms pid=51532 ppid=54120 +100ms drain-end []
           +366ms pid=51532 ppid=54120 +101ms sweep-end []
           +367ms pid=51532 ppid=54120 +102ms audit-end []
           +367ms pid=51532 ppid=54120 +102ms serving []
           +370ms pid=54120 ppid=55616 +345ms ensure-up [spawned true]
           +370ms pid=54120 ppid=55616 +346ms presend-end []
           +372ms pid=54120 ppid=55616 +348ms send-start [deadline_ms 10000]
           +372ms pid=54120 ppid=55616 +348ms connect [err <nil>]
           +411ms pid=54120 ppid=55616 +386ms reply [err <nil>]
           +411ms pid=54120 ppid=55616 +386ms send-end [ok true out true]
           +411ms pid=54120 ppid=55616 +386ms hook-end []
    zz_w5_coldstart_diag_test.go:442: ROW mode=unstaged    source=resume  i=4 wall=  238ms sswall=  238ms overhead=  58ms presend=  100ms dialable=  159ms stall=  10ms up=  170ms(ok=true) spooled=false daemons=1 leaseOK=1 lockHeld=0 answer=probe                                    probe_minted=true  sessions=1 mode=full drop=""
    zz_w5_coldstart_diag_test.go:446: TIMELINE mode=unstaged source=resume i=4
            +45ms pid=55108 ppid=55616 +18ms hook-start [op session.start]
            +78ms pid=55108 ppid=55616 +51ms presend-start [by_in_ms 3217]
            +78ms pid=55108 ppid=55616 +51ms ensure-probe-miss []
            +83ms pid=55108 ppid=55616 +56ms ensure-claimed [claim 1]
            +83ms pid=55108 ppid=55616 +56ms stage-start []
            +83ms pid=55108 ppid=55616 +56ms stage-end [err <nil>]
            +83ms pid=55108 ppid=55616 +56ms spawn-start [program C:\Users\Quant\AppData\Local\Temp\qompack-e2e-2983873838\qompack.exe]
            +93ms pid=55108 ppid=55616 +67ms spawn-started [child 35492]
            +93ms pid=55108 ppid=55616 +67ms ensure-spawned []
           +116ms pid=35492 ppid=55108 +17ms daemon-enter []
           +116ms pid=35492 ppid=55108 +17ms lease-try []
           +129ms pid=35492 ppid=55108 +29ms lease-result [err <nil>]
           +135ms pid=35492 ppid=55108 +35ms wired []
           +154ms pid=35492 ppid=55108 +54ms run-call []
           +154ms pid=35492 ppid=55108 +54ms run-enter []
           +154ms pid=35492 ppid=55108 +54ms lock-ok []
           +156ms pid=35492 ppid=55108 +56ms ing-started []
           +156ms pid=35492 ppid=55108 +56ms listen-start []
           +159ms pid=35492 ppid=55108 +59ms listening []
           +159ms pid=35492 ppid=55108 +59ms accepting []
           +163ms pid=35492 ppid=55108 +64ms state-written []
           +164ms pid=35492 ppid=55108 +64ms drain-start []
           +168ms pid=35492 ppid=55108 +69ms drain-end []
           +169ms pid=35492 ppid=55108 +69ms sweep-end []
           +170ms pid=35492 ppid=55108 +70ms audit-end []
           +170ms pid=35492 ppid=55108 +70ms serving []
           +178ms pid=55108 ppid=55616 +151ms ensure-up [spawned true]
           +178ms pid=55108 ppid=55616 +151ms presend-end []
           +178ms pid=55108 ppid=55616 +152ms send-start [deadline_ms 10000]
           +178ms pid=55108 ppid=55616 +152ms connect [err <nil>]
           +225ms pid=55108 ppid=55616 +198ms reply [err <nil>]
           +225ms pid=55108 ppid=55616 +198ms send-end [ok true out true]
           +225ms pid=55108 ppid=55616 +198ms hook-end []
    zz_w5_coldstart_diag_test.go:442: ROW mode=unstaged    source=compact i=0 wall=  901ms sswall=  901ms overhead= 230ms presend=  371ms dialable=  631ms stall=  18ms up=  760ms(ok=true) spooled=false daemons=1 leaseOK=1 lockHeld=0 answer=rehydration+probe                        probe_minted=true  sessions=2 mode=full drop="pointer_git_unavailable:checkpoint: no .git at the project root"
    zz_w5_coldstart_diag_test.go:446: TIMELINE mode=unstaged source=compact i=0
           +201ms pid=50152 ppid=55616 +34ms hook-start [op session.start]
           +283ms pid=50152 ppid=55616 +116ms presend-start [by_in_ms 3168]
           +283ms pid=50152 ppid=55616 +116ms ensure-probe-miss []
           +289ms pid=50152 ppid=55616 +123ms ensure-claimed [claim 1]
           +289ms pid=50152 ppid=55616 +123ms stage-start []
           +289ms pid=50152 ppid=55616 +123ms stage-end [err <nil>]
           +291ms pid=50152 ppid=55616 +124ms spawn-start [program C:\Users\Quant\AppData\Local\Temp\qompack-e2e-2983873838\qompack.exe]
           +309ms pid=50152 ppid=55616 +142ms spawn-started [child 37880]
           +309ms pid=50152 ppid=55616 +142ms ensure-spawned []
           +375ms pid=37880 ppid=50152 +49ms daemon-enter []
           +376ms pid=37880 ppid=50152 +50ms lease-try []
           +417ms pid=37880 ppid=50152 +91ms lease-result [err <nil>]
           +558ms pid=37880 ppid=50152 +231ms wired []
           +580ms pid=37880 ppid=50152 +254ms run-call []
           +580ms pid=37880 ppid=50152 +254ms run-enter []
           +581ms pid=37880 ppid=50152 +255ms lock-ok []
           +619ms pid=37880 ppid=50152 +293ms ing-started []
           +620ms pid=37880 ppid=50152 +294ms listen-start []
           +631ms pid=37880 ppid=50152 +305ms listening []
           +631ms pid=37880 ppid=50152 +305ms accepting []
           +638ms pid=50152 ppid=55616 +471ms ensure-up [spawned true]
           +654ms pid=50152 ppid=55616 +487ms presend-end []
           +661ms pid=50152 ppid=55616 +494ms send-start [deadline_ms 10000]
           +662ms pid=50152 ppid=55616 +495ms connect [err <nil>]
           +669ms pid=37880 ppid=50152 +342ms state-written []
           +669ms pid=37880 ppid=50152 +343ms drain-start []
           +723ms pid=37880 ppid=50152 +396ms drain-line [file client-55616.ndjson op admin.shutdown sess  ms 0 err <nil>]
           +723ms pid=37880 ppid=50152 +396ms drain-line [file client-55616.ndjson op admin.shutdown sess  ms 0 err <nil>]
           +740ms pid=37880 ppid=50152 +414ms drain-end []
           +741ms pid=37880 ppid=50152 +415ms sweep-end []
           +760ms pid=37880 ppid=50152 +433ms audit-end []
           +760ms pid=37880 ppid=50152 +433ms serving []
           +872ms pid=50152 ppid=55616 +705ms reply [err <nil>]
           +872ms pid=50152 ppid=55616 +705ms send-end [ok true out true]
           +872ms pid=50152 ppid=55616 +705ms hook-end []
    zz_w5_coldstart_diag_test.go:442: ROW mode=unstaged    source=compact i=1 wall= 1386ms sswall= 1386ms overhead= 209ms presend=  551ms dialable= 1157ms stall=  13ms up= 1263ms(ok=true) spooled=false daemons=1 leaseOK=1 lockHeld=0 answer=rehydration+probe                        probe_minted=true  sessions=2 mode=full drop="pointer_git_unavailable:checkpoint: no .git at the project root"
    zz_w5_coldstart_diag_test.go:446: TIMELINE mode=unstaged source=compact i=1
           +187ms pid=55388 ppid=55616 +33ms hook-start [op session.start]
           +618ms pid=55388 ppid=55616 +463ms presend-start [by_in_ms 2820]
           +618ms pid=55388 ppid=55616 +463ms ensure-probe-miss []
           +639ms pid=55388 ppid=55616 +485ms ensure-claimed [claim 1]
           +639ms pid=55388 ppid=55616 +485ms stage-start []
           +639ms pid=55388 ppid=55616 +485ms stage-end [err <nil>]
           +639ms pid=55388 ppid=55616 +485ms spawn-start [program C:\Users\Quant\AppData\Local\Temp\qompack-e2e-2983873838\qompack.exe]
           +652ms pid=55388 ppid=55616 +497ms spawn-started [child 52636]
           +652ms pid=55388 ppid=55616 +497ms ensure-spawned []
           +712ms pid=52636 ppid=55388 +45ms daemon-enter []
           +712ms pid=52636 ppid=55388 +45ms lease-try []
           +768ms pid=52636 ppid=55388 +100ms lease-result [err <nil>]
          +1052ms pid=52636 ppid=55388 +385ms wired []
          +1095ms pid=52636 ppid=55388 +428ms run-call []
          +1095ms pid=52636 ppid=55388 +428ms run-enter []
          +1096ms pid=52636 ppid=55388 +429ms lock-ok []
          +1141ms pid=52636 ppid=55388 +474ms ing-started []
          +1141ms pid=52636 ppid=55388 +474ms listen-start []
          +1157ms pid=52636 ppid=55388 +490ms listening []
          +1157ms pid=52636 ppid=55388 +490ms accepting []
          +1166ms pid=52636 ppid=55388 +498ms state-written []
          +1166ms pid=52636 ppid=55388 +499ms drain-start []
          +1169ms pid=55388 ppid=55616 +1014ms ensure-up [spawned true]
          +1169ms pid=55388 ppid=55616 +1014ms presend-end []
          +1170ms pid=55388 ppid=55616 +1015ms send-start [deadline_ms 10000]
          +1170ms pid=55388 ppid=55616 +1015ms connect [err <nil>]
          +1225ms pid=52636 ppid=55388 +558ms drain-end []
          +1226ms pid=52636 ppid=55388 +559ms sweep-end []
          +1263ms pid=52636 ppid=55388 +595ms audit-end []
          +1263ms pid=52636 ppid=55388 +595ms serving []
          +1364ms pid=55388 ppid=55616 +1209ms reply [err <nil>]
          +1364ms pid=55388 ppid=55616 +1209ms send-end [ok true out true]
          +1364ms pid=55388 ppid=55616 +1209ms hook-end []
    zz_w5_coldstart_diag_test.go:442: ROW mode=unstaged    source=compact i=2 wall= 2029ms sswall= 2029ms overhead= 149ms presend= 1429ms dialable= 1631ms stall=1206ms up= 1677ms(ok=true) spooled=false daemons=1 leaseOK=1 lockHeld=0 answer=rehydration+probe                        probe_minted=true  sessions=2 mode=full drop="pointer_git_unavailable:checkpoint: no .git at the project root"
    zz_w5_coldstart_diag_test.go:446: TIMELINE mode=unstaged source=compact i=2
            +59ms pid=53984 ppid=55616 +23ms hook-start [op session.start]
           +224ms pid=53984 ppid=55616 +188ms presend-start [by_in_ms 3085]
           +225ms pid=53984 ppid=55616 +188ms ensure-probe-miss []
           +230ms pid=53984 ppid=55616 +194ms ensure-claimed [claim 1]
           +230ms pid=53984 ppid=55616 +194ms stage-start []
           +230ms pid=53984 ppid=55616 +194ms stage-end [err <nil>]
           +230ms pid=53984 ppid=55616 +194ms spawn-start [program C:\Users\Quant\AppData\Local\Temp\qompack-e2e-2983873838\qompack.exe]
          +1436ms pid=53984 ppid=55616 +1399ms spawn-started [child 7244]
          +1436ms pid=53984 ppid=55616 +1399ms ensure-spawned []
          +1465ms pid=7244 ppid=53984 +18ms daemon-enter []
          +1465ms pid=7244 ppid=53984 +18ms lease-try []
          +1488ms pid=7244 ppid=53984 +41ms lease-result [err <nil>]
          +1562ms pid=7244 ppid=53984 +115ms wired []
          +1606ms pid=7244 ppid=53984 +159ms run-call []
          +1606ms pid=7244 ppid=53984 +159ms run-enter []
          +1607ms pid=7244 ppid=53984 +160ms lock-ok []
          +1622ms pid=7244 ppid=53984 +175ms ing-started []
          +1622ms pid=7244 ppid=53984 +175ms listen-start []
          +1631ms pid=7244 ppid=53984 +184ms listening []
          +1631ms pid=7244 ppid=53984 +184ms accepting []
          +1639ms pid=7244 ppid=53984 +192ms state-written []
          +1639ms pid=7244 ppid=53984 +193ms drain-start []
          +1653ms pid=53984 ppid=55616 +1617ms ensure-up [spawned true]
          +1653ms pid=53984 ppid=55616 +1617ms presend-end []
          +1660ms pid=7244 ppid=53984 +213ms drain-end []
          +1661ms pid=7244 ppid=53984 +215ms sweep-end []
          +1665ms pid=53984 ppid=55616 +1629ms send-start [deadline_ms 10000]
          +1677ms pid=53984 ppid=55616 +1640ms connect [err <nil>]
          +1677ms pid=7244 ppid=53984 +231ms audit-end []
          +1677ms pid=7244 ppid=53984 +231ms serving []
          +1939ms pid=53984 ppid=55616 +1902ms reply [err <nil>]
          +1939ms pid=53984 ppid=55616 +1902ms send-end [ok true out true]
          +1939ms pid=53984 ppid=55616 +1902ms hook-end []
    zz_w5_coldstart_diag_test.go:442: ROW mode=unstaged    source=compact i=3 wall=  617ms sswall=  617ms overhead=  57ms presend=  200ms dialable=  452ms stall=   8ms up=  533ms(ok=true) spooled=false daemons=1 leaseOK=1 lockHeld=0 answer=rehydration+probe                        probe_minted=true  sessions=2 mode=full drop="pointer_git_unavailable:checkpoint: no .git at the project root"
    zz_w5_coldstart_diag_test.go:446: TIMELINE mode=unstaged source=compact i=3
            +49ms pid=34472 ppid=55616 +21ms hook-start [op session.start]
           +254ms pid=34472 ppid=55616 +226ms presend-start [by_in_ms 3044]
           +254ms pid=34472 ppid=55616 +226ms ensure-probe-miss []
           +261ms pid=34472 ppid=55616 +233ms ensure-claimed [claim 1]
           +261ms pid=34472 ppid=55616 +233ms stage-start []
           +261ms pid=34472 ppid=55616 +233ms stage-end [err <nil>]
           +261ms pid=34472 ppid=55616 +233ms spawn-start [program C:\Users\Quant\AppData\Local\Temp\qompack-e2e-2983873838\qompack.exe]
           +269ms pid=34472 ppid=55616 +241ms spawn-started [child 53504]
           +269ms pid=34472 ppid=55616 +241ms ensure-spawned []
           +297ms pid=53504 ppid=34472 +19ms daemon-enter []
           +297ms pid=53504 ppid=34472 +20ms lease-try []
           +314ms pid=53504 ppid=34472 +36ms lease-result [err <nil>]
           +406ms pid=53504 ppid=34472 +129ms wired []
           +430ms pid=53504 ppid=34472 +152ms run-call []
           +430ms pid=53504 ppid=34472 +152ms run-enter []
           +430ms pid=53504 ppid=34472 +153ms lock-ok []
           +447ms pid=53504 ppid=34472 +169ms ing-started []
           +447ms pid=53504 ppid=34472 +169ms listen-start []
           +452ms pid=53504 ppid=34472 +175ms listening []
           +452ms pid=53504 ppid=34472 +175ms accepting []
           +454ms pid=34472 ppid=55616 +426ms ensure-up [spawned true]
           +454ms pid=34472 ppid=55616 +426ms presend-end []
           +455ms pid=34472 ppid=55616 +427ms send-start [deadline_ms 10000]
           +455ms pid=34472 ppid=55616 +427ms connect [err <nil>]
           +460ms pid=53504 ppid=34472 +182ms state-written []
           +460ms pid=53504 ppid=34472 +182ms drain-start []
           +494ms pid=53504 ppid=34472 +217ms drain-line [file client-55616.ndjson op admin.shutdown sess  ms 0 err <nil>]
           +495ms pid=53504 ppid=34472 +217ms drain-line [file client-55616.ndjson op admin.shutdown sess  ms 0 err <nil>]
           +495ms pid=53504 ppid=34472 +217ms drain-line [file client-55616.ndjson op admin.shutdown sess  ms 0 err <nil>]
           +511ms pid=53504 ppid=34472 +233ms drain-end []
           +511ms pid=53504 ppid=34472 +233ms sweep-end []
           +533ms pid=53504 ppid=34472 +256ms audit-end []
           +533ms pid=53504 ppid=34472 +256ms serving []
           +609ms pid=34472 ppid=55616 +581ms reply [err <nil>]
           +609ms pid=34472 ppid=55616 +581ms send-end [ok true out true]
           +609ms pid=34472 ppid=55616 +581ms hook-end []
    zz_w5_coldstart_diag_test.go:442: ROW mode=unstaged    source=compact i=4 wall=  605ms sswall=  605ms overhead= 180ms presend=  226ms dialable=  416ms stall=  15ms up=  466ms(ok=true) spooled=false daemons=1 leaseOK=1 lockHeld=0 answer=rehydration+probe                        probe_minted=true  sessions=2 mode=full drop="pointer_git_unavailable:checkpoint: no .git at the project root"
    zz_w5_coldstart_diag_test.go:446: TIMELINE mode=unstaged source=compact i=4
           +128ms pid=50028 ppid=55616 +29ms hook-start [op session.start]
           +206ms pid=50028 ppid=55616 +108ms presend-start [by_in_ms 3171]
           +206ms pid=50028 ppid=55616 +108ms ensure-probe-miss []
           +212ms pid=50028 ppid=55616 +113ms ensure-claimed [claim 1]
           +212ms pid=50028 ppid=55616 +113ms stage-start []
           +212ms pid=50028 ppid=55616 +113ms stage-end [err <nil>]
           +212ms pid=50028 ppid=55616 +113ms spawn-start [program C:\Users\Quant\AppData\Local\Temp\qompack-e2e-2983873838\qompack.exe]
           +227ms pid=50028 ppid=55616 +128ms spawn-started [child 43968]
           +227ms pid=50028 ppid=55616 +128ms ensure-spawned []
           +257ms pid=43968 ppid=50028 +22ms daemon-enter []
           +258ms pid=43968 ppid=50028 +23ms lease-try []
           +274ms pid=43968 ppid=50028 +39ms lease-result [err <nil>]
           +372ms pid=43968 ppid=50028 +137ms wired []
           +391ms pid=43968 ppid=50028 +156ms run-call []
           +391ms pid=43968 ppid=50028 +156ms run-enter []
           +392ms pid=43968 ppid=50028 +157ms lock-ok []
           +409ms pid=43968 ppid=50028 +174ms ing-started []
           +409ms pid=43968 ppid=50028 +174ms listen-start []
           +416ms pid=43968 ppid=50028 +181ms listening []
           +416ms pid=43968 ppid=50028 +181ms accepting []
           +422ms pid=43968 ppid=50028 +187ms state-written []
           +422ms pid=43968 ppid=50028 +187ms drain-start []
           +432ms pid=50028 ppid=55616 +333ms ensure-up [spawned true]
           +432ms pid=50028 ppid=55616 +333ms presend-end []
           +432ms pid=50028 ppid=55616 +334ms send-start [deadline_ms 10000]
           +432ms pid=50028 ppid=55616 +334ms connect [err <nil>]
           +446ms pid=43968 ppid=50028 +211ms drain-end []
           +447ms pid=43968 ppid=50028 +212ms sweep-end []
           +466ms pid=43968 ppid=50028 +231ms audit-end []
           +466ms pid=43968 ppid=50028 +231ms serving []
           +553ms pid=50028 ppid=55616 +455ms reply [err <nil>]
           +553ms pid=50028 ppid=55616 +455ms send-end [ok true out true]
           +553ms pid=50028 ppid=55616 +455ms hook-end []
    zz_w5_coldstart_diag_test.go:442: ROW mode=staged-cold source=startup i=0 wall= 1274ms sswall= 1274ms overhead= 337ms presend=  451ms dialable= 1196ms stall= 143ms up= 1210ms(ok=true) spooled=false daemons=1 leaseOK=1 lockHeld=0 answer=probe                                    probe_minted=true  sessions=1 mode=full drop=""
    zz_w5_coldstart_diag_test.go:446: TIMELINE mode=staged-cold source=startup i=0
           +329ms pid=55780 ppid=55616 +22ms hook-start [op session.start]
           +761ms pid=55780 ppid=55616 +454ms presend-start [by_in_ms 2817]
           +761ms pid=55780 ppid=55616 +454ms ensure-probe-miss []
           +767ms pid=55780 ppid=55616 +460ms ensure-claimed [claim 1]
           +767ms pid=55780 ppid=55616 +460ms stage-start []
           +953ms pid=55780 ppid=55616 +646ms stage-end [err <nil>]
           +954ms pid=55780 ppid=55616 +647ms spawn-start [program C:\Users\Quant\AppData\Local\Temp\TestZZW5_ColdStart2839210898\031\home\.qompack\bin\97ced50cb984e6ea6d56a3a7b8e84d158392de014495f7b7e64e2a829efbaa3a\qompack.exe]
          +1097ms pid=55780 ppid=55616 +790ms spawn-started [child 47980]
          +1097ms pid=55780 ppid=55616 +790ms ensure-spawned []
          +1139ms pid=47980 ppid=55780 +24ms daemon-enter []
          +1140ms pid=47980 ppid=55780 +25ms lease-try []
          +1157ms pid=47980 ppid=55780 +42ms lease-result [err <nil>]
          +1167ms pid=47980 ppid=55780 +58ms wired []
          +1191ms pid=47980 ppid=55780 +76ms run-call []
          +1191ms pid=47980 ppid=55780 +76ms run-enter []
          +1191ms pid=47980 ppid=55780 +76ms lock-ok []
          +1191ms pid=47980 ppid=55780 +76ms ing-started []
          +1191ms pid=47980 ppid=55780 +76ms listen-start []
          +1196ms pid=47980 ppid=55780 +81ms listening []
          +1196ms pid=47980 ppid=55780 +81ms accepting []
          +1202ms pid=47980 ppid=55780 +87ms state-written []
          +1203ms pid=47980 ppid=55780 +88ms drain-start []
          +1209ms pid=47980 ppid=55780 +94ms drain-end []
          +1210ms pid=47980 ppid=55780 +95ms sweep-end []
          +1210ms pid=47980 ppid=55780 +95ms audit-end []
          +1210ms pid=47980 ppid=55780 +95ms serving []
          +1212ms pid=55780 ppid=55616 +905ms ensure-up [spawned true]
          +1212ms pid=55780 ppid=55616 +905ms presend-end []
          +1212ms pid=55780 ppid=55616 +905ms send-start [deadline_ms 10000]
          +1221ms pid=55780 ppid=55616 +914ms connect [err <nil>]
          +1265ms pid=55780 ppid=55616 +958ms reply [err <nil>]
          +1266ms pid=55780 ppid=55616 +959ms send-end [ok true out true]
          +1266ms pid=55780 ppid=55616 +959ms hook-end []
    zz_w5_coldstart_diag_test.go:442: ROW mode=staged-cold source=startup i=1 wall= 1447ms sswall= 1447ms overhead= 571ms presend=  582ms dialable= 1369ms stall= 184ms up= 1386ms(ok=true) spooled=false daemons=1 leaseOK=1 lockHeld=0 answer=probe                                    probe_minted=true  sessions=1 mode=full drop=""
    zz_w5_coldstart_diag_test.go:446: TIMELINE mode=staged-cold source=startup i=1
           +562ms pid=54020 ppid=55616 +28ms hook-start [op session.start]
           +788ms pid=54020 ppid=55616 +254ms presend-start [by_in_ms 3024]
           +795ms pid=54020 ppid=55616 +260ms ensure-probe-miss []
           +802ms pid=54020 ppid=55616 +268ms ensure-claimed [claim 1]
           +803ms pid=54020 ppid=55616 +268ms stage-start []
          +1082ms pid=54020 ppid=55616 +547ms stage-end [err <nil>]
          +1082ms pid=54020 ppid=55616 +547ms spawn-start [program C:\Users\Quant\AppData\Local\Temp\TestZZW5_ColdStart2839210898\034\home\.qompack\bin\97ced50cb984e6ea6d56a3a7b8e84d158392de014495f7b7e64e2a829efbaa3a\qompack.exe]
          +1266ms pid=54020 ppid=55616 +731ms spawn-started [child 48204]
          +1266ms pid=54020 ppid=55616 +731ms ensure-spawned []
          +1311ms pid=48204 ppid=54020 +29ms daemon-enter []
          +1311ms pid=48204 ppid=54020 +29ms lease-try []
          +1331ms pid=48204 ppid=54020 +48ms lease-result [err <nil>]
          +1344ms pid=48204 ppid=54020 +61ms wired []
          +1361ms pid=48204 ppid=54020 +78ms run-call []
          +1361ms pid=48204 ppid=54020 +78ms run-enter []
          +1362ms pid=48204 ppid=54020 +79ms lock-ok []
          +1362ms pid=48204 ppid=54020 +79ms ing-started []
          +1362ms pid=48204 ppid=54020 +79ms listen-start []
          +1369ms pid=48204 ppid=54020 +86ms listening []
          +1369ms pid=48204 ppid=54020 +86ms accepting []
          +1370ms pid=54020 ppid=55616 +836ms ensure-up [spawned true]
          +1370ms pid=54020 ppid=55616 +836ms presend-end []
          +1370ms pid=54020 ppid=55616 +836ms send-start [deadline_ms 10000]
          +1377ms pid=48204 ppid=54020 +94ms state-written []
          +1379ms pid=48204 ppid=54020 +97ms drain-start []
          +1381ms pid=54020 ppid=55616 +847ms connect [err <nil>]
          +1385ms pid=48204 ppid=54020 +103ms drain-end []
          +1385ms pid=48204 ppid=54020 +103ms sweep-end []
          +1386ms pid=48204 ppid=54020 +103ms audit-end []
          +1386ms pid=48204 ppid=54020 +103ms serving []
          +1438ms pid=54020 ppid=55616 +904ms reply [err <nil>]
          +1438ms pid=54020 ppid=55616 +904ms send-end [ok true out true]
          +1438ms pid=54020 ppid=55616 +904ms hook-end []
    zz_w5_coldstart_diag_test.go:442: ROW mode=staged-cold source=startup i=2 wall= 1571ms sswall= 1571ms overhead= 412ms presend=  954ms dialable= 1424ms stall= 190ms up= 1479ms(ok=true) spooled=false daemons=1 leaseOK=1 lockHeld=0 answer=probe                                    probe_minted=true  sessions=1 mode=full drop=""
    zz_w5_coldstart_diag_test.go:446: TIMELINE mode=staged-cold source=startup i=2
           +386ms pid=52816 ppid=55616 +36ms hook-start [op session.start]
           +481ms pid=52816 ppid=55616 +131ms presend-start [by_in_ms 3154]
           +481ms pid=52816 ppid=55616 +131ms ensure-probe-miss []
           +487ms pid=52816 ppid=55616 +137ms ensure-claimed [claim 1]
           +487ms pid=52816 ppid=55616 +137ms stage-start []
           +953ms pid=52816 ppid=55616 +603ms stage-end [err <nil>]
           +953ms pid=52816 ppid=55616 +603ms spawn-start [program C:\Users\Quant\AppData\Local\Temp\TestZZW5_ColdStart2839210898\037\home\.qompack\bin\97ced50cb984e6ea6d56a3a7b8e84d158392de014495f7b7e64e2a829efbaa3a\qompack.exe]
          +1143ms pid=52816 ppid=55616 +793ms spawn-started [child 56016]
          +1143ms pid=52816 ppid=55616 +793ms ensure-spawned []
          +1212ms pid=56016 ppid=52816 +39ms daemon-enter []
          +1212ms pid=56016 ppid=52816 +39ms lease-try []
          +1280ms pid=56016 ppid=52816 +108ms lease-result [err <nil>]
          +1375ms pid=56016 ppid=52816 +202ms wired []
          +1410ms pid=56016 ppid=52816 +237ms run-call []
          +1410ms pid=56016 ppid=52816 +237ms run-enter []
          +1411ms pid=56016 ppid=52816 +239ms lock-ok []
          +1412ms pid=56016 ppid=52816 +240ms ing-started []
          +1412ms pid=56016 ppid=52816 +240ms listen-start []
          +1424ms pid=56016 ppid=52816 +252ms listening []
          +1424ms pid=56016 ppid=52816 +252ms accepting []
          +1435ms pid=52816 ppid=55616 +1085ms ensure-up [spawned true]
          +1435ms pid=52816 ppid=55616 +1085ms presend-end []
          +1436ms pid=52816 ppid=55616 +1086ms send-start [deadline_ms 10000]
          +1442ms pid=52816 ppid=55616 +1092ms connect [err <nil>]
          +1450ms pid=56016 ppid=52816 +277ms state-written []
          +1454ms pid=56016 ppid=52816 +281ms drain-start []
          +1477ms pid=56016 ppid=52816 +304ms drain-end []
          +1477ms pid=56016 ppid=52816 +305ms sweep-end []
          +1479ms pid=56016 ppid=52816 +306ms audit-end []
          +1479ms pid=56016 ppid=52816 +306ms serving []
          +1544ms pid=52816 ppid=55616 +1194ms reply [err <nil>]
          +1545ms pid=52816 ppid=55616 +1195ms send-end [ok true out true]
          +1545ms pid=52816 ppid=55616 +1195ms hook-end []
    zz_w5_coldstart_diag_test.go:442: ROW mode=staged-cold source=startup i=3 wall= 2861ms sswall= 2861ms overhead= 725ms presend= 1058ms dialable= 2649ms stall= 234ms up= 2707ms(ok=true) spooled=false daemons=1 leaseOK=1 lockHeld=0 answer=probe                                    probe_minted=true  sessions=1 mode=full drop=""
    zz_w5_coldstart_diag_test.go:446: TIMELINE mode=staged-cold source=startup i=3
           +696ms pid=55692 ppid=55616 +42ms hook-start [op session.start]
          +1608ms pid=55692 ppid=55616 +954ms presend-start [by_in_ms 2337]
          +1608ms pid=55692 ppid=55616 +954ms ensure-probe-miss []
          +1626ms pid=55692 ppid=55616 +971ms ensure-claimed [claim 1]
          +1626ms pid=55692 ppid=55616 +971ms stage-start []
          +2071ms pid=55692 ppid=55616 +1417ms stage-end [err <nil>]
          +2071ms pid=55692 ppid=55616 +1417ms spawn-start [program C:\Users\Quant\AppData\Local\Temp\TestZZW5_ColdStart2839210898\040\home\.qompack\bin\97ced50cb984e6ea6d56a3a7b8e84d158392de014495f7b7e64e2a829efbaa3a\qompack.exe]
          +2305ms pid=55692 ppid=55616 +1651ms spawn-started [child 41704]
          +2305ms pid=55692 ppid=55616 +1651ms ensure-spawned []
          +2363ms pid=41704 ppid=55692 +29ms daemon-enter []
          +2363ms pid=41704 ppid=55692 +29ms lease-try []
          +2412ms pid=41704 ppid=55692 +78ms lease-result [err <nil>]
          +2467ms pid=41704 ppid=55692 +132ms wired []
          +2609ms pid=41704 ppid=55692 +275ms run-call []
          +2609ms pid=41704 ppid=55692 +275ms run-enter []
          +2610ms pid=41704 ppid=55692 +276ms lock-ok []
          +2610ms pid=41704 ppid=55692 +276ms ing-started []
          +2610ms pid=41704 ppid=55692 +276ms listen-start []
          +2649ms pid=41704 ppid=55692 +315ms listening []
          +2649ms pid=41704 ppid=55692 +315ms accepting []
          +2666ms pid=55692 ppid=55616 +2012ms ensure-up [spawned true]
          +2666ms pid=55692 ppid=55616 +2012ms presend-end []
          +2666ms pid=55692 ppid=55616 +2012ms send-start [deadline_ms 10000]
          +2674ms pid=41704 ppid=55692 +339ms state-written []
          +2677ms pid=41704 ppid=55692 +343ms drain-start []
          +2678ms pid=55692 ppid=55616 +2024ms connect [err <nil>]
          +2696ms pid=41704 ppid=55692 +362ms drain-end []
          +2705ms pid=41704 ppid=55692 +371ms sweep-end []
          +2707ms pid=41704 ppid=55692 +373ms audit-end []
          +2707ms pid=41704 ppid=55692 +373ms serving []
          +2832ms pid=55692 ppid=55616 +2178ms reply [err <nil>]
          +2832ms pid=55692 ppid=55616 +2178ms send-end [ok true out true]
          +2832ms pid=55692 ppid=55616 +2178ms hook-end []
    zz_w5_coldstart_diag_test.go:442: ROW mode=staged-cold source=startup i=4 wall= 2834ms sswall= 2834ms overhead= 765ms presend= 1207ms dialable= 2527ms stall= 229ms up= 2626ms(ok=true) spooled=false daemons=1 leaseOK=1 lockHeld=0 answer=probe                                    probe_minted=true  sessions=1 mode=full drop=""
    zz_w5_coldstart_diag_test.go:446: TIMELINE mode=staged-cold source=startup i=4
           +712ms pid=56148 ppid=55616 +46ms hook-start [op session.start]
          +1346ms pid=56148 ppid=55616 +680ms presend-start [by_in_ms 2617]
          +1347ms pid=56148 ppid=55616 +681ms ensure-probe-miss []
          +1362ms pid=56148 ppid=55616 +695ms ensure-claimed [claim 1]
          +1362ms pid=56148 ppid=55616 +695ms stage-start []
          +2010ms pid=56148 ppid=55616 +1344ms stage-end [err <nil>]
          +2011ms pid=56148 ppid=55616 +1345ms spawn-start [program C:\Users\Quant\AppData\Local\Temp\TestZZW5_ColdStart2839210898\043\home\.qompack\bin\97ced50cb984e6ea6d56a3a7b8e84d158392de014495f7b7e64e2a829efbaa3a\qompack.exe]
          +2240ms pid=56148 ppid=55616 +1574ms spawn-started [child 10424]
          +2240ms pid=56148 ppid=55616 +1574ms ensure-spawned []
          +2330ms pid=10424 ppid=56148 +49ms daemon-enter []
          +2331ms pid=10424 ppid=56148 +50ms lease-try []
          +2392ms pid=10424 ppid=56148 +111ms lease-result [err <nil>]
          +2454ms pid=10424 ppid=56148 +173ms wired []
          +2516ms pid=10424 ppid=56148 +235ms run-call []
          +2516ms pid=10424 ppid=56148 +235ms run-enter []
          +2517ms pid=10424 ppid=56148 +236ms lock-ok []
          +2517ms pid=10424 ppid=56148 +236ms ing-started []
          +2517ms pid=10424 ppid=56148 +236ms listen-start []
          +2527ms pid=10424 ppid=56148 +246ms listening []
          +2527ms pid=10424 ppid=56148 +246ms accepting []
          +2553ms pid=56148 ppid=55616 +1887ms ensure-up [spawned true]
          +2553ms pid=56148 ppid=55616 +1887ms presend-end []
          +2553ms pid=56148 ppid=55616 +1887ms send-start [deadline_ms 10000]
          +2557ms pid=10424 ppid=56148 +275ms state-written []
          +2561ms pid=10424 ppid=56148 +280ms drain-start []
          +2569ms pid=56148 ppid=55616 +1903ms connect [err <nil>]
          +2581ms pid=10424 ppid=56148 +300ms drain-end []
          +2625ms pid=10424 ppid=56148 +345ms sweep-end []
          +2626ms pid=10424 ppid=56148 +345ms audit-end []
          +2626ms pid=10424 ppid=56148 +345ms serving []
          +2781ms pid=56148 ppid=55616 +2115ms reply [err <nil>]
          +2781ms pid=56148 ppid=55616 +2115ms send-end [ok true out true]
          +2781ms pid=56148 ppid=55616 +2115ms hook-end []
    zz_w5_coldstart_diag_test.go:442: ROW mode=staged-cold source=resume  i=0 wall= 3091ms sswall= 3091ms overhead= 757ms presend=  951ms dialable= 2470ms stall= 443ms up= 2490ms(ok=true) spooled=false daemons=1 leaseOK=1 lockHeld=0 answer=probe                                    probe_minted=true  sessions=1 mode=full drop=""
    zz_w5_coldstart_diag_test.go:446: TIMELINE mode=staged-cold source=resume i=0
           +730ms pid=42036 ppid=55616 +35ms hook-start [op session.start]
          +1530ms pid=42036 ppid=55616 +835ms presend-start [by_in_ms 2451]
          +1530ms pid=42036 ppid=55616 +836ms ensure-probe-miss []
          +1539ms pid=42036 ppid=55616 +844ms ensure-claimed [claim 1]
          +1539ms pid=42036 ppid=55616 +844ms stage-start []
          +1870ms pid=42036 ppid=55616 +1175ms stage-end [err <nil>]
          +1870ms pid=42036 ppid=55616 +1175ms spawn-start [program C:\Users\Quant\AppData\Local\Temp\TestZZW5_ColdStart2839210898\046\home\.qompack\bin\97ced50cb984e6ea6d56a3a7b8e84d158392de014495f7b7e64e2a829efbaa3a\qompack.exe]
          +2313ms pid=42036 ppid=55616 +1618ms spawn-started [child 53272]
          +2313ms pid=42036 ppid=55616 +1618ms ensure-spawned []
          +2387ms pid=53272 ppid=42036 +46ms daemon-enter []
          +2387ms pid=53272 ppid=42036 +46ms lease-try []
          +2413ms pid=53272 ppid=42036 +72ms lease-result [err <nil>]
          +2427ms pid=53272 ppid=42036 +86ms wired []
          +2462ms pid=53272 ppid=42036 +121ms run-call []
          +2462ms pid=53272 ppid=42036 +121ms run-enter []
          +2462ms pid=53272 ppid=42036 +121ms lock-ok []
          +2463ms pid=53272 ppid=42036 +122ms ing-started []
          +2463ms pid=53272 ppid=42036 +122ms listen-start []
          +2469ms pid=53272 ppid=42036 +128ms listening []
          +2470ms pid=53272 ppid=42036 +129ms accepting []
          +2476ms pid=53272 ppid=42036 +135ms state-written []
          +2480ms pid=53272 ppid=42036 +139ms drain-start []
          +2481ms pid=42036 ppid=55616 +1786ms ensure-up [spawned true]
          +2481ms pid=42036 ppid=55616 +1786ms presend-end []
          +2481ms pid=42036 ppid=55616 +1786ms send-start [deadline_ms 10000]
          +2488ms pid=53272 ppid=42036 +147ms drain-end []
          +2489ms pid=53272 ppid=42036 +148ms sweep-end []
          +2490ms pid=53272 ppid=42036 +149ms audit-end []
          +2490ms pid=53272 ppid=42036 +149ms serving []
          +2493ms pid=42036 ppid=55616 +1798ms connect [err <nil>]
          +3064ms pid=42036 ppid=55616 +2369ms reply [err <nil>]
          +3064ms pid=42036 ppid=55616 +2369ms send-end [ok true out true]
          +3064ms pid=42036 ppid=55616 +2369ms hook-end []
    zz_w5_coldstart_diag_test.go:442: ROW mode=staged-cold source=resume  i=1 wall= 3426ms sswall= 3426ms overhead= 920ms presend= 1602ms dialable= 3178ms stall= 310ms up= 3219ms(ok=true) spooled=false daemons=1 leaseOK=1 lockHeld=0 answer=probe                                    probe_minted=true  sessions=1 mode=full drop=""
    zz_w5_coldstart_diag_test.go:446: TIMELINE mode=staged-cold source=resume i=1
           +879ms pid=54392 ppid=55616 +100ms hook-start [op session.start]
          +1588ms pid=54392 ppid=55616 +809ms presend-start [by_in_ms 2540]
          +1588ms pid=54392 ppid=55616 +809ms ensure-probe-miss []
          +1600ms pid=54392 ppid=55616 +821ms ensure-claimed [claim 1]
          +1601ms pid=54392 ppid=55616 +822ms stage-start []
          +2357ms pid=54392 ppid=55616 +1578ms stage-end [err <nil>]
          +2360ms pid=54392 ppid=55616 +1581ms spawn-start [program C:\Users\Quant\AppData\Local\Temp\TestZZW5_ColdStart2839210898\049\home\.qompack\bin\97ced50cb984e6ea6d56a3a7b8e84d158392de014495f7b7e64e2a829efbaa3a\qompack.exe]
          +2670ms pid=54392 ppid=55616 +1891ms spawn-started [child 54456]
          +2670ms pid=54392 ppid=55616 +1891ms ensure-spawned []
          +2742ms pid=54456 ppid=54392 +35ms daemon-enter []
          +2742ms pid=54456 ppid=54392 +36ms lease-try []
          +2806ms pid=54456 ppid=54392 +99ms lease-result [err <nil>]
          +2880ms pid=54456 ppid=54392 +174ms wired []
          +3116ms pid=54456 ppid=54392 +410ms run-call []
          +3116ms pid=54456 ppid=54392 +410ms run-enter []
          +3116ms pid=54456 ppid=54392 +410ms lock-ok []
          +3116ms pid=54456 ppid=54392 +410ms ing-started []
          +3117ms pid=54456 ppid=54392 +411ms listen-start []
          +3178ms pid=54456 ppid=54392 +472ms listening []
          +3178ms pid=54456 ppid=54392 +472ms accepting []
          +3190ms pid=54392 ppid=55616 +2411ms ensure-up [spawned true]
          +3190ms pid=54392 ppid=55616 +2411ms presend-end []
          +3190ms pid=54392 ppid=55616 +2411ms send-start [deadline_ms 10000]
          +3202ms pid=54392 ppid=55616 +2423ms connect [err <nil>]
          +3203ms pid=54456 ppid=54392 +497ms state-written []
          +3206ms pid=54456 ppid=54392 +500ms drain-start []
          +3216ms pid=54456 ppid=54392 +510ms drain-end []
          +3218ms pid=54456 ppid=54392 +512ms sweep-end []
          +3219ms pid=54456 ppid=54392 +513ms audit-end []
          +3219ms pid=54456 ppid=54392 +513ms serving []
          +3384ms pid=54392 ppid=55616 +2605ms reply [err <nil>]
          +3385ms pid=54392 ppid=55616 +2606ms send-end [ok true out true]
          +3385ms pid=54392 ppid=55616 +2606ms hook-end []
    zz_w5_coldstart_diag_test.go:442: ROW mode=staged-cold source=resume  i=2 wall= 2271ms sswall= 2271ms overhead= 614ms presend= 1076ms dialable= 2184ms stall= 736ms up= 2203ms(ok=true) spooled=false daemons=1 leaseOK=1 lockHeld=0 answer=probe                                    probe_minted=true  sessions=1 mode=full drop=""
    zz_w5_coldstart_diag_test.go:446: TIMELINE mode=staged-cold source=resume i=2
           +600ms pid=16308 ppid=55616 +38ms hook-start [op session.start]
          +1130ms pid=16308 ppid=55616 +568ms presend-start [by_in_ms 2720]
          +1131ms pid=16308 ppid=55616 +568ms ensure-probe-miss []
          +1142ms pid=16308 ppid=55616 +579ms ensure-claimed [claim 1]
          +1142ms pid=16308 ppid=55616 +580ms stage-start []
          +1372ms pid=16308 ppid=55616 +810ms stage-end [err <nil>]
          +1373ms pid=16308 ppid=55616 +811ms spawn-start [program C:\Users\Quant\AppData\Local\Temp\TestZZW5_ColdStart2839210898\052\home\.qompack\bin\97ced50cb984e6ea6d56a3a7b8e84d158392de014495f7b7e64e2a829efbaa3a\qompack.exe]
          +2109ms pid=16308 ppid=55616 +1547ms spawn-started [child 53496]
          +2109ms pid=16308 ppid=55616 +1547ms ensure-spawned []
          +2137ms pid=53496 ppid=16308 +18ms daemon-enter []
          +2137ms pid=53496 ppid=16308 +18ms lease-try []
          +2150ms pid=53496 ppid=16308 +31ms lease-result [err <nil>]
          +2156ms pid=53496 ppid=16308 +37ms wired []
          +2180ms pid=53496 ppid=16308 +61ms run-call []
          +2180ms pid=53496 ppid=16308 +61ms run-enter []
          +2180ms pid=53496 ppid=16308 +61ms lock-ok []
          +2180ms pid=53496 ppid=16308 +61ms ing-started []
          +2181ms pid=53496 ppid=16308 +62ms listen-start []
          +2184ms pid=53496 ppid=16308 +65ms listening []
          +2184ms pid=53496 ppid=16308 +65ms accepting []
          +2189ms pid=53496 ppid=16308 +70ms state-written []
          +2197ms pid=53496 ppid=16308 +78ms drain-start []
          +2201ms pid=53496 ppid=16308 +82ms drain-end []
          +2202ms pid=53496 ppid=16308 +83ms sweep-end []
          +2203ms pid=53496 ppid=16308 +83ms audit-end []
          +2203ms pid=53496 ppid=16308 +83ms serving []
          +2206ms pid=16308 ppid=55616 +1644ms ensure-up [spawned true]
          +2206ms pid=16308 ppid=55616 +1644ms presend-end []
          +2206ms pid=16308 ppid=55616 +1644ms send-start [deadline_ms 10000]
          +2217ms pid=16308 ppid=55616 +1655ms connect [err <nil>]
          +2257ms pid=16308 ppid=55616 +1695ms reply [err <nil>]
          +2257ms pid=16308 ppid=55616 +1695ms send-end [ok true out true]
          +2257ms pid=16308 ppid=55616 +1695ms hook-end []
    zz_w5_coldstart_diag_test.go:442: ROW mode=staged-cold source=resume  i=3 wall=  880ms sswall=  880ms overhead= 294ms presend=  451ms dialable=  797ms stall= 180ms up=  813ms(ok=true) spooled=false daemons=1 leaseOK=1 lockHeld=0 answer=probe                                    probe_minted=true  sessions=1 mode=full drop=""
    zz_w5_coldstart_diag_test.go:446: TIMELINE mode=staged-cold source=resume i=3
           +284ms pid=52144 ppid=55616 +15ms hook-start [op session.start]
           +349ms pid=52144 ppid=55616 +81ms presend-start [by_in_ms 3184]
           +350ms pid=52144 ppid=55616 +81ms ensure-probe-miss []
           +354ms pid=52144 ppid=55616 +86ms ensure-claimed [claim 1]
           +354ms pid=52144 ppid=55616 +86ms stage-start []
           +527ms pid=52144 ppid=55616 +259ms stage-end [err <nil>]
           +527ms pid=52144 ppid=55616 +259ms spawn-start [program C:\Users\Quant\AppData\Local\Temp\TestZZW5_ColdStart2839210898\055\home\.qompack\bin\97ced50cb984e6ea6d56a3a7b8e84d158392de014495f7b7e64e2a829efbaa3a\qompack.exe]
           +707ms pid=52144 ppid=55616 +439ms spawn-started [child 49984]
           +707ms pid=52144 ppid=55616 +439ms ensure-spawned []
           +740ms pid=49984 ppid=52144 +18ms daemon-enter []
           +740ms pid=49984 ppid=52144 +18ms lease-try []
           +757ms pid=49984 ppid=52144 +35ms lease-result [err <nil>]
           +766ms pid=49984 ppid=52144 +44ms wired []
           +791ms pid=49984 ppid=52144 +69ms run-call []
           +791ms pid=49984 ppid=52144 +69ms run-enter []
           +791ms pid=49984 ppid=52144 +69ms lock-ok []
           +792ms pid=49984 ppid=52144 +70ms ing-started []
           +793ms pid=49984 ppid=52144 +71ms listen-start []
           +797ms pid=49984 ppid=52144 +75ms listening []
           +797ms pid=49984 ppid=52144 +75ms accepting []
           +800ms pid=52144 ppid=55616 +532ms ensure-up [spawned true]
           +800ms pid=52144 ppid=55616 +532ms presend-end []
           +800ms pid=52144 ppid=55616 +532ms send-start [deadline_ms 10000]
           +803ms pid=49984 ppid=52144 +81ms state-written []
           +805ms pid=49984 ppid=52144 +83ms drain-start []
           +811ms pid=49984 ppid=52144 +89ms drain-end []
           +811ms pid=52144 ppid=55616 +543ms connect [err <nil>]
           +812ms pid=49984 ppid=52144 +90ms sweep-end []
           +813ms pid=49984 ppid=52144 +91ms audit-end []
           +813ms pid=49984 ppid=52144 +91ms serving []
           +870ms pid=52144 ppid=55616 +601ms reply [err <nil>]
           +870ms pid=52144 ppid=55616 +601ms send-end [ok true out true]
           +870ms pid=52144 ppid=55616 +601ms hook-end []
    zz_w5_coldstart_diag_test.go:442: ROW mode=staged-cold source=resume  i=4 wall= 1534ms sswall= 1534ms overhead= 409ms presend=  681ms dialable= 1303ms stall= 244ms up= 1395ms(ok=true) spooled=false daemons=1 leaseOK=1 lockHeld=0 answer=probe                                    probe_minted=true  sessions=1 mode=full drop=""
    zz_w5_coldstart_diag_test.go:446: TIMELINE mode=staged-cold source=resume i=4
           +387ms pid=39600 ppid=55616 +29ms hook-start [op session.start]
           +649ms pid=39600 ppid=55616 +291ms presend-start [by_in_ms 2987]
           +649ms pid=39600 ppid=55616 +291ms ensure-probe-miss []
           +659ms pid=39600 ppid=55616 +301ms ensure-claimed [claim 1]
           +659ms pid=39600 ppid=55616 +301ms stage-start []
           +899ms pid=39600 ppid=55616 +541ms stage-end [err <nil>]
           +900ms pid=39600 ppid=55616 +542ms spawn-start [program C:\Users\Quant\AppData\Local\Temp\TestZZW5_ColdStart2839210898\058\home\.qompack\bin\97ced50cb984e6ea6d56a3a7b8e84d158392de014495f7b7e64e2a829efbaa3a\qompack.exe]
          +1144ms pid=39600 ppid=55616 +786ms spawn-started [child 54616]
          +1145ms pid=39600 ppid=55616 +787ms ensure-spawned []
          +1187ms pid=54616 ppid=39600 +27ms daemon-enter []
          +1188ms pid=54616 ppid=39600 +28ms lease-try []
          +1201ms pid=54616 ppid=39600 +41ms lease-result [err <nil>]
          +1212ms pid=54616 ppid=39600 +52ms wired []
          +1285ms pid=54616 ppid=39600 +125ms run-call []
          +1285ms pid=54616 ppid=39600 +125ms run-enter []
          +1286ms pid=54616 ppid=39600 +126ms lock-ok []
          +1287ms pid=54616 ppid=39600 +127ms ing-started []
          +1287ms pid=54616 ppid=39600 +127ms listen-start []
          +1303ms pid=54616 ppid=39600 +143ms listening []
          +1303ms pid=54616 ppid=39600 +143ms accepting []
          +1330ms pid=39600 ppid=55616 +972ms ensure-up [spawned true]
          +1330ms pid=39600 ppid=55616 +972ms presend-end []
          +1330ms pid=39600 ppid=55616 +972ms send-start [deadline_ms 10000]
          +1343ms pid=39600 ppid=55616 +985ms connect [err <nil>]
          +1344ms pid=54616 ppid=39600 +183ms state-written []
          +1346ms pid=54616 ppid=39600 +186ms drain-start []
          +1363ms pid=54616 ppid=39600 +203ms drain-end []
          +1395ms pid=54616 ppid=39600 +235ms sweep-end []
          +1395ms pid=54616 ppid=39600 +235ms audit-end []
          +1395ms pid=54616 ppid=39600 +235ms serving []
          +1512ms pid=39600 ppid=55616 +1154ms reply [err <nil>]
          +1512ms pid=39600 ppid=55616 +1154ms send-end [ok true out true]
          +1512ms pid=39600 ppid=55616 +1154ms hook-end []
    zz_w5_coldstart_diag_test.go:442: ROW mode=staged-cold source=compact i=0 wall=  891ms sswall=  891ms overhead=  81ms presend=  600ms dialable=  743ms stall= 170ms up=  788ms(ok=true) spooled=false daemons=1 leaseOK=1 lockHeld=0 answer=rehydration+probe                        probe_minted=true  sessions=2 mode=full drop="pointer_git_unavailable:checkpoint: no .git at the project root"
    zz_w5_coldstart_diag_test.go:446: TIMELINE mode=staged-cold source=compact i=0
            +60ms pid=53136 ppid=55616 +30ms hook-start [op session.start]
           +155ms pid=53136 ppid=55616 +124ms presend-start [by_in_ms 3155]
           +155ms pid=53136 ppid=55616 +124ms ensure-probe-miss []
           +159ms pid=53136 ppid=55616 +129ms ensure-claimed [claim 1]
           +159ms pid=53136 ppid=55616 +129ms stage-start []
           +394ms pid=53136 ppid=55616 +363ms stage-end [err <nil>]
           +394ms pid=53136 ppid=55616 +363ms spawn-start [program C:\Users\Quant\AppData\Local\Temp\TestZZW5_ColdStart2839210898\063\.qompack\bin\97ced50cb984e6ea6d56a3a7b8e84d158392de014495f7b7e64e2a829efbaa3a\qompack.exe]
           +564ms pid=53136 ppid=55616 +534ms spawn-started [child 52992]
           +564ms pid=53136 ppid=55616 +534ms ensure-spawned []
           +600ms pid=52992 ppid=53136 +23ms daemon-enter []
           +600ms pid=52992 ppid=53136 +23ms lease-try []
           +618ms pid=52992 ppid=53136 +41ms lease-result [err <nil>]
           +710ms pid=52992 ppid=53136 +132ms wired []
           +726ms pid=52992 ppid=53136 +148ms run-call []
           +726ms pid=52992 ppid=53136 +149ms run-enter []
           +726ms pid=52992 ppid=53136 +149ms lock-ok []
           +739ms pid=52992 ppid=53136 +161ms ing-started []
           +739ms pid=52992 ppid=53136 +161ms listen-start []
           +743ms pid=52992 ppid=53136 +165ms listening []
           +743ms pid=52992 ppid=53136 +165ms accepting []
           +748ms pid=52992 ppid=53136 +170ms state-written []
           +749ms pid=52992 ppid=53136 +172ms drain-start []
           +755ms pid=53136 ppid=55616 +725ms ensure-up [spawned true]
           +755ms pid=53136 ppid=55616 +725ms presend-end []
           +755ms pid=53136 ppid=55616 +725ms send-start [deadline_ms 10000]
           +756ms pid=53136 ppid=55616 +726ms connect [err <nil>]
           +773ms pid=52992 ppid=53136 +195ms drain-end []
           +774ms pid=52992 ppid=53136 +197ms sweep-end []
           +788ms pid=52992 ppid=53136 +211ms audit-end []
           +788ms pid=52992 ppid=53136 +211ms serving []
           +870ms pid=53136 ppid=55616 +839ms reply [err <nil>]
           +870ms pid=53136 ppid=55616 +839ms send-end [ok true out true]
           +870ms pid=53136 ppid=55616 +839ms hook-end []
    zz_w5_coldstart_diag_test.go:442: ROW mode=staged-cold source=compact i=1 wall= 3422ms sswall= 3422ms overhead= 130ms presend= 3126ms dialable= 5855ms stall= 158ms up= 6460ms(ok=true) spooled=true  daemons=1 leaseOK=1 lockHeld=0 answer=note(the Qompack daemon did not answer in time) probe_minted=true  sessions=2 mode=full drop="rehydration:not delivered: no answer from the daemon reached the Session"
    zz_w5_coldstart_diag_test.go:446: TIMELINE mode=staged-cold source=compact i=1
           +108ms pid=49684 ppid=55616 +16ms hook-start [op session.start]
           +245ms pid=49684 ppid=55616 +153ms presend-start [by_in_ms 3113]
           +245ms pid=49684 ppid=55616 +153ms ensure-probe-miss []
           +252ms pid=49684 ppid=55616 +160ms ensure-claimed [claim 1]
           +252ms pid=49684 ppid=55616 +160ms stage-start []
           +471ms pid=49684 ppid=55616 +379ms stage-end [err <nil>]
           +471ms pid=49684 ppid=55616 +380ms spawn-start [program C:\Users\Quant\AppData\Local\Temp\TestZZW5_ColdStart2839210898\067\.qompack\bin\97ced50cb984e6ea6d56a3a7b8e84d158392de014495f7b7e64e2a829efbaa3a\qompack.exe]
           +629ms pid=49684 ppid=55616 +537ms spawn-started [child 34756]
           +629ms pid=49684 ppid=55616 +537ms ensure-spawned []
           +665ms pid=34756 ppid=49684 +23ms daemon-enter []
           +665ms pid=34756 ppid=49684 +23ms lease-try []
          +3371ms pid=49684 ppid=55616 +3280ms ensure-timeout [spawned true]
          +3371ms pid=49684 ppid=55616 +3280ms presend-end []
          +3371ms pid=49684 ppid=55616 +3280ms send-start [deadline_ms 9986]
          +3371ms pid=49684 ppid=55616 +3280ms connect [err open \\.\pipe\qompack.53a9ee48f05c: The system cannot find the file specified.]
          +3400ms pid=49684 ppid=55616 +3308ms lazyspawn-claim [claim 2]
          +3400ms pid=49684 ppid=55616 +3308ms send-end [ok false out false]
          +3400ms pid=49684 ppid=55616 +3308ms hook-end []
          +5529ms pid=34756 ppid=49684 +4887ms lease-result [err <nil>]
          +5704ms pid=34756 ppid=49684 +5062ms wired []
          +5806ms pid=34756 ppid=49684 +5164ms run-call []
          +5806ms pid=34756 ppid=49684 +5164ms run-enter []
          +5807ms pid=34756 ppid=49684 +5164ms lock-ok []
          +5831ms pid=34756 ppid=49684 +5188ms ing-started []
          +5832ms pid=34756 ppid=49684 +5189ms listen-start []
          +5855ms pid=34756 ppid=49684 +5213ms listening []
          +5855ms pid=34756 ppid=49684 +5213ms accepting []
          +5862ms pid=34756 ppid=49684 +5219ms state-written []
          +5874ms pid=34756 ppid=49684 +5232ms drain-start []
          +6380ms pid=34756 ppid=49684 +5737ms drain-line [file client-49684.ndjson op session.start sess sess-zzw-staged-cold-compact-1 ms 176 err <nil>]
          +6421ms pid=34756 ppid=49684 +5778ms drain-end []
          +6421ms pid=34756 ppid=49684 +5779ms sweep-end []
          +6460ms pid=34756 ppid=49684 +5817ms audit-end []
          +6460ms pid=34756 ppid=49684 +5817ms serving []
    zz_w5_coldstart_diag_test.go:442: ROW mode=staged-cold source=compact i=2 wall=  889ms sswall=  889ms overhead=  59ms presend=  576ms dialable=  753ms stall= 172ms up=  804ms(ok=true) spooled=false daemons=1 leaseOK=1 lockHeld=0 answer=rehydration+probe                        probe_minted=true  sessions=2 mode=full drop="pointer_git_unavailable:checkpoint: no .git at the project root"
    zz_w5_coldstart_diag_test.go:446: TIMELINE mode=staged-cold source=compact i=2
            +44ms pid=35660 ppid=55616 +16ms hook-start [op session.start]
           +182ms pid=35660 ppid=55616 +154ms presend-start [by_in_ms 3112]
           +182ms pid=35660 ppid=55616 +154ms ensure-probe-miss []
           +190ms pid=35660 ppid=55616 +162ms ensure-claimed [claim 1]
           +190ms pid=35660 ppid=55616 +162ms stage-start []
           +420ms pid=35660 ppid=55616 +392ms stage-end [err <nil>]
           +421ms pid=35660 ppid=55616 +393ms spawn-start [program C:\Users\Quant\AppData\Local\Temp\TestZZW5_ColdStart2839210898\071\.qompack\bin\97ced50cb984e6ea6d56a3a7b8e84d158392de014495f7b7e64e2a829efbaa3a\qompack.exe]
           +593ms pid=35660 ppid=55616 +565ms spawn-started [child 36960]
           +593ms pid=35660 ppid=55616 +565ms ensure-spawned []
           +619ms pid=36960 ppid=35660 +16ms daemon-enter []
           +619ms pid=36960 ppid=35660 +16ms lease-try []
           +630ms pid=36960 ppid=35660 +28ms lease-result [err <nil>]
           +716ms pid=36960 ppid=35660 +114ms wired []
           +732ms pid=36960 ppid=35660 +129ms run-call []
           +732ms pid=36960 ppid=35660 +129ms run-enter []
           +732ms pid=36960 ppid=35660 +129ms lock-ok []
           +750ms pid=36960 ppid=35660 +147ms ing-started []
           +750ms pid=36960 ppid=35660 +147ms listen-start []
           +753ms pid=36960 ppid=35660 +150ms listening []
           +753ms pid=36960 ppid=35660 +150ms accepting []
           +758ms pid=35660 ppid=55616 +730ms ensure-up [spawned true]
           +758ms pid=35660 ppid=55616 +730ms presend-end []
           +758ms pid=35660 ppid=55616 +730ms send-start [deadline_ms 10000]
           +758ms pid=36960 ppid=35660 +155ms state-written []
           +760ms pid=36960 ppid=35660 +157ms drain-start []
           +768ms pid=35660 ppid=55616 +740ms connect [err <nil>]
           +785ms pid=36960 ppid=35660 +182ms drain-end []
           +786ms pid=36960 ppid=35660 +183ms sweep-end []
           +804ms pid=36960 ppid=35660 +201ms audit-end []
           +804ms pid=36960 ppid=35660 +201ms serving []
           +874ms pid=35660 ppid=55616 +846ms reply [err <nil>]
           +874ms pid=35660 ppid=55616 +846ms send-end [ok true out true]
           +874ms pid=35660 ppid=55616 +846ms hook-end []
    zz_w5_coldstart_diag_test.go:442: ROW mode=staged-cold source=compact i=3 wall= 2520ms sswall= 2520ms overhead= 170ms presend= 1328ms dialable= 1850ms stall= 198ms up= 2210ms(ok=true) spooled=false daemons=1 leaseOK=1 lockHeld=0 answer=rehydration+probe                        probe_minted=true  sessions=2 mode=full drop="pointer_git_unavailable:checkpoint: no .git at the project root"
    zz_w5_coldstart_diag_test.go:446: TIMELINE mode=staged-cold source=compact i=3
           +129ms pid=27344 ppid=55616 +65ms hook-start [op session.start]
           +533ms pid=27344 ppid=55616 +469ms presend-start [by_in_ms 2846]
           +535ms pid=27344 ppid=55616 +470ms ensure-probe-miss []
           +556ms pid=27344 ppid=55616 +492ms ensure-claimed [claim 1]
           +556ms pid=27344 ppid=55616 +492ms stage-start []
          +1243ms pid=27344 ppid=55616 +1179ms stage-end [err <nil>]
          +1249ms pid=27344 ppid=55616 +1185ms spawn-start [program C:\Users\Quant\AppData\Local\Temp\TestZZW5_ColdStart2839210898\075\.qompack\bin\97ced50cb984e6ea6d56a3a7b8e84d158392de014495f7b7e64e2a829efbaa3a\qompack.exe]
          +1447ms pid=27344 ppid=55616 +1383ms spawn-started [child 34504]
          +1447ms pid=27344 ppid=55616 +1383ms ensure-spawned []
          +1499ms pid=34504 ppid=27344 +33ms daemon-enter []
          +1499ms pid=34504 ppid=27344 +33ms lease-try []
          +1536ms pid=34504 ppid=27344 +71ms lease-result [err <nil>]
          +1707ms pid=34504 ppid=27344 +242ms wired []
          +1800ms pid=34504 ppid=27344 +335ms run-call []
          +1800ms pid=34504 ppid=27344 +335ms run-enter []
          +1800ms pid=34504 ppid=27344 +335ms lock-ok []
          +1845ms pid=34504 ppid=27344 +379ms ing-started []
          +1845ms pid=34504 ppid=27344 +379ms listen-start []
          +1850ms pid=34504 ppid=27344 +384ms listening []
          +1850ms pid=34504 ppid=27344 +384ms accepting []
          +1860ms pid=27344 ppid=55616 +1796ms ensure-up [spawned true]
          +1861ms pid=27344 ppid=55616 +1797ms presend-end []
          +1861ms pid=27344 ppid=55616 +1797ms send-start [deadline_ms 10000]
          +1876ms pid=27344 ppid=55616 +1812ms connect [err <nil>]
          +1879ms pid=34504 ppid=27344 +413ms state-written []
          +1924ms pid=34504 ppid=27344 +458ms drain-start []
          +2127ms pid=34504 ppid=27344 +661ms drain-end []
          +2175ms pid=34504 ppid=27344 +709ms sweep-end []
          +2210ms pid=34504 ppid=27344 +744ms audit-end []
          +2210ms pid=34504 ppid=27344 +744ms serving []
          +2479ms pid=27344 ppid=55616 +2415ms reply [err <nil>]
          +2479ms pid=27344 ppid=55616 +2415ms send-end [ok true out true]
          +2479ms pid=27344 ppid=55616 +2415ms hook-end []
    zz_w5_coldstart_diag_test.go:442: ROW mode=staged-cold source=compact i=4 wall= 1765ms sswall= 1765ms overhead= 184ms presend=  875ms dialable= 1507ms stall= 321ms up= 1567ms(ok=true) spooled=false daemons=1 leaseOK=1 lockHeld=0 answer=rehydration+probe                        probe_minted=true  sessions=2 mode=full drop="pointer_git_unavailable:checkpoint: no .git at the project root"
    zz_w5_coldstart_diag_test.go:446: TIMELINE mode=staged-cold source=compact i=4
           +131ms pid=35124 ppid=55616 +28ms hook-start [op session.start]
           +656ms pid=35124 ppid=55616 +552ms presend-start [by_in_ms 2725]
           +656ms pid=35124 ppid=55616 +552ms ensure-probe-miss []
           +661ms pid=35124 ppid=55616 +557ms ensure-claimed [claim 1]
           +661ms pid=35124 ppid=55616 +558ms stage-start []
           +950ms pid=35124 ppid=55616 +846ms stage-end [err <nil>]
           +956ms pid=35124 ppid=55616 +852ms spawn-start [program C:\Users\Quant\AppData\Local\Temp\TestZZW5_ColdStart2839210898\079\.qompack\bin\97ced50cb984e6ea6d56a3a7b8e84d158392de014495f7b7e64e2a829efbaa3a\qompack.exe]
          +1277ms pid=35124 ppid=55616 +1174ms spawn-started [child 37520]
          +1277ms pid=35124 ppid=55616 +1174ms ensure-spawned []
          +1319ms pid=37520 ppid=35124 +25ms daemon-enter []
          +1320ms pid=37520 ppid=35124 +25ms lease-try []
          +1339ms pid=37520 ppid=35124 +44ms lease-result [err <nil>]
          +1469ms pid=37520 ppid=35124 +175ms wired []
          +1488ms pid=37520 ppid=35124 +194ms run-call []
          +1488ms pid=37520 ppid=35124 +194ms run-enter []
          +1488ms pid=37520 ppid=35124 +194ms lock-ok []
          +1501ms pid=37520 ppid=35124 +207ms ing-started []
          +1501ms pid=37520 ppid=35124 +207ms listen-start []
          +1507ms pid=37520 ppid=35124 +213ms listening []
          +1507ms pid=37520 ppid=35124 +213ms accepting []
          +1513ms pid=37520 ppid=35124 +219ms state-written []
          +1515ms pid=37520 ppid=35124 +221ms drain-start []
          +1531ms pid=35124 ppid=55616 +1428ms ensure-up [spawned true]
          +1531ms pid=35124 ppid=55616 +1428ms presend-end []
          +1532ms pid=35124 ppid=55616 +1428ms send-start [deadline_ms 10000]
          +1532ms pid=35124 ppid=55616 +1428ms connect [err <nil>]
          +1549ms pid=37520 ppid=35124 +254ms drain-end []
          +1550ms pid=37520 ppid=35124 +256ms sweep-end []
          +1567ms pid=37520 ppid=35124 +273ms audit-end []
          +1567ms pid=37520 ppid=35124 +273ms serving []
          +1712ms pid=35124 ppid=55616 +1608ms reply [err <nil>]
          +1712ms pid=35124 ppid=55616 +1608ms send-end [ok true out true]
          +1712ms pid=35124 ppid=55616 +1608ms hook-end []
    zz_w5_coldstart_diag_test.go:442: ROW mode=staged-warm source=startup i=0 wall=  476ms sswall=  476ms overhead=  76ms presend=  126ms dialable=  395ms stall=  12ms up=  408ms(ok=true) spooled=false daemons=1 leaseOK=1 lockHeld=0 answer=probe                                    probe_minted=true  sessions=1 mode=full drop=""
    zz_w5_coldstart_diag_test.go:446: TIMELINE mode=staged-warm source=startup i=0
            +56ms pid=54324 ppid=55616 +27ms hook-start [op session.start]
           +285ms pid=54324 ppid=55616 +255ms presend-start [by_in_ms 3021]
           +285ms pid=54324 ppid=55616 +255ms ensure-probe-miss []
           +290ms pid=54324 ppid=55616 +260ms ensure-claimed [claim 1]
           +290ms pid=54324 ppid=55616 +260ms stage-start []
           +314ms pid=54324 ppid=55616 +284ms stage-end [err <nil>]
           +314ms pid=54324 ppid=55616 +285ms spawn-start [program C:\Users\Quant\AppData\Local\Temp\TestZZW5_ColdStart2839210898\081\.qompack\bin\97ced50cb984e6ea6d56a3a7b8e84d158392de014495f7b7e64e2a829efbaa3a\qompack.exe]
           +326ms pid=54324 ppid=55616 +296ms spawn-started [child 46056]
           +326ms pid=54324 ppid=55616 +296ms ensure-spawned []
           +352ms pid=46056 ppid=54324 +19ms daemon-enter []
           +352ms pid=46056 ppid=54324 +19ms lease-try []
           +365ms pid=46056 ppid=54324 +33ms lease-result [err <nil>]
           +372ms pid=46056 ppid=54324 +39ms wired []
           +391ms pid=46056 ppid=54324 +58ms run-call []
           +391ms pid=46056 ppid=54324 +58ms run-enter []
           +391ms pid=46056 ppid=54324 +58ms lock-ok []
           +391ms pid=46056 ppid=54324 +59ms ing-started []
           +391ms pid=46056 ppid=54324 +59ms listen-start []
           +395ms pid=46056 ppid=54324 +62ms listening []
           +395ms pid=46056 ppid=54324 +62ms accepting []
           +400ms pid=46056 ppid=54324 +67ms state-written []
           +401ms pid=46056 ppid=54324 +69ms drain-start []
           +406ms pid=46056 ppid=54324 +74ms drain-end []
           +407ms pid=46056 ppid=54324 +74ms sweep-end []
           +408ms pid=46056 ppid=54324 +75ms audit-end []
           +408ms pid=46056 ppid=54324 +75ms serving []
           +411ms pid=54324 ppid=55616 +381ms ensure-up [spawned true]
           +411ms pid=54324 ppid=55616 +381ms presend-end []
           +411ms pid=54324 ppid=55616 +381ms send-start [deadline_ms 10000]
           +411ms pid=54324 ppid=55616 +381ms connect [err <nil>]
           +456ms pid=54324 ppid=55616 +426ms reply [err <nil>]
           +456ms pid=54324 ppid=55616 +426ms send-end [ok true out true]
           +456ms pid=54324 ppid=55616 +426ms hook-end []
    zz_w5_coldstart_diag_test.go:442: ROW mode=staged-warm source=startup i=1 wall=  681ms sswall=  681ms overhead=  46ms presend=  153ms dialable=  624ms stall=  10ms up=  638ms(ok=true) spooled=false daemons=1 leaseOK=1 lockHeld=0 answer=probe                                    probe_minted=true  sessions=1 mode=full drop=""
    zz_w5_coldstart_diag_test.go:446: TIMELINE mode=staged-warm source=startup i=1
            +38ms pid=32256 ppid=55616 +20ms hook-start [op session.start]
           +480ms pid=32256 ppid=55616 +462ms presend-start [by_in_ms 2813]
           +480ms pid=32256 ppid=55616 +462ms ensure-probe-miss []
           +497ms pid=32256 ppid=55616 +479ms ensure-claimed [claim 1]
           +497ms pid=32256 ppid=55616 +479ms stage-start []
           +525ms pid=32256 ppid=55616 +507ms stage-end [err <nil>]
           +525ms pid=32256 ppid=55616 +507ms spawn-start [program C:\Users\Quant\AppData\Local\Temp\TestZZW5_ColdStart2839210898\081\.qompack\bin\97ced50cb984e6ea6d56a3a7b8e84d158392de014495f7b7e64e2a829efbaa3a\qompack.exe]
           +535ms pid=32256 ppid=55616 +516ms spawn-started [child 54608]
           +535ms pid=32256 ppid=55616 +516ms ensure-spawned []
           +570ms pid=54608 ppid=32256 +27ms daemon-enter []
           +570ms pid=54608 ppid=32256 +27ms lease-try []
           +585ms pid=54608 ppid=32256 +41ms lease-result [err <nil>]
           +593ms pid=54608 ppid=32256 +49ms wired []
           +619ms pid=54608 ppid=32256 +75ms run-call []
           +619ms pid=54608 ppid=32256 +75ms run-enter []
           +620ms pid=54608 ppid=32256 +77ms lock-ok []
           +620ms pid=54608 ppid=32256 +77ms ing-started []
           +620ms pid=54608 ppid=32256 +77ms listen-start []
           +624ms pid=54608 ppid=32256 +81ms listening []
           +624ms pid=54608 ppid=32256 +81ms accepting []
           +630ms pid=54608 ppid=32256 +86ms state-written []
           +632ms pid=54608 ppid=32256 +88ms drain-start []
           +633ms pid=32256 ppid=55616 +615ms ensure-up [spawned true]
           +633ms pid=32256 ppid=55616 +615ms presend-end []
           +633ms pid=32256 ppid=55616 +615ms send-start [deadline_ms 10000]
           +633ms pid=32256 ppid=55616 +615ms connect [err <nil>]
           +637ms pid=54608 ppid=32256 +94ms drain-end []
           +638ms pid=54608 ppid=32256 +94ms sweep-end []
           +638ms pid=54608 ppid=32256 +94ms audit-end []
           +638ms pid=54608 ppid=32256 +94ms serving []
           +673ms pid=32256 ppid=55616 +654ms reply [err <nil>]
           +673ms pid=32256 ppid=55616 +654ms send-end [ok true out true]
           +673ms pid=32256 ppid=55616 +654ms hook-end []
    zz_w5_coldstart_diag_test.go:442: ROW mode=staged-warm source=startup i=2 wall=  397ms sswall=  397ms overhead=  55ms presend=  125ms dialable=  352ms stall=  27ms up=  363ms(ok=true) spooled=false daemons=1 leaseOK=1 lockHeld=0 answer=probe                                    probe_minted=true  sessions=1 mode=full drop=""
    zz_w5_coldstart_diag_test.go:446: TIMELINE mode=staged-warm source=startup i=2
            +44ms pid=55068 ppid=55616 +18ms hook-start [op session.start]
           +230ms pid=55068 ppid=55616 +204ms presend-start [by_in_ms 3064]
           +230ms pid=55068 ppid=55616 +204ms ensure-probe-miss []
           +238ms pid=55068 ppid=55616 +212ms ensure-claimed [claim 1]
           +238ms pid=55068 ppid=55616 +212ms stage-start []
           +263ms pid=55068 ppid=55616 +237ms stage-end [err <nil>]
           +264ms pid=55068 ppid=55616 +238ms spawn-start [program C:\Users\Quant\AppData\Local\Temp\TestZZW5_ColdStart2839210898\081\.qompack\bin\97ced50cb984e6ea6d56a3a7b8e84d158392de014495f7b7e64e2a829efbaa3a\qompack.exe]
           +291ms pid=55068 ppid=55616 +265ms spawn-started [child 52344]
           +291ms pid=55068 ppid=55616 +265ms ensure-spawned []
           +313ms pid=52344 ppid=55068 +15ms daemon-enter []
           +313ms pid=52344 ppid=55068 +15ms lease-try []
           +323ms pid=52344 ppid=55068 +25ms lease-result [err <nil>]
           +328ms pid=52344 ppid=55068 +30ms wired []
           +349ms pid=52344 ppid=55068 +51ms run-call []
           +349ms pid=52344 ppid=55068 +51ms run-enter []
           +349ms pid=52344 ppid=55068 +51ms lock-ok []
           +349ms pid=52344 ppid=55068 +51ms ing-started []
           +349ms pid=52344 ppid=55068 +51ms listen-start []
           +352ms pid=52344 ppid=55068 +54ms listening []
           +352ms pid=52344 ppid=55068 +54ms accepting []
           +355ms pid=55068 ppid=55616 +329ms ensure-up [spawned true]
           +355ms pid=55068 ppid=55616 +329ms presend-end []
           +355ms pid=55068 ppid=55616 +329ms send-start [deadline_ms 10000]
           +355ms pid=55068 ppid=55616 +329ms connect [err <nil>]
           +356ms pid=52344 ppid=55068 +59ms state-written []
           +357ms pid=52344 ppid=55068 +60ms drain-start []
           +362ms pid=52344 ppid=55068 +64ms drain-end []
           +362ms pid=52344 ppid=55068 +65ms sweep-end []
           +362ms pid=52344 ppid=55068 +65ms audit-end []
           +363ms pid=52344 ppid=55068 +65ms serving []
           +385ms pid=55068 ppid=55616 +359ms reply [err <nil>]
           +386ms pid=55068 ppid=55616 +360ms send-end [ok true out true]
           +386ms pid=55068 ppid=55616 +360ms hook-end []
    zz_w5_coldstart_diag_test.go:442: ROW mode=staged-warm source=startup i=3 wall=  421ms sswall=  421ms overhead=  67ms presend=  152ms dialable=  331ms stall=   8ms up=  346ms(ok=true) spooled=false daemons=1 leaseOK=1 lockHeld=0 answer=probe                                    probe_minted=true  sessions=1 mode=full drop=""
    zz_w5_coldstart_diag_test.go:446: TIMELINE mode=staged-warm source=startup i=3
            +50ms pid=54244 ppid=55616 +23ms hook-start [op session.start]
           +200ms pid=54244 ppid=55616 +173ms presend-start [by_in_ms 3101]
           +201ms pid=54244 ppid=55616 +174ms ensure-probe-miss []
           +213ms pid=54244 ppid=55616 +186ms ensure-claimed [claim 1]
           +213ms pid=54244 ppid=55616 +186ms stage-start []
           +241ms pid=54244 ppid=55616 +214ms stage-end [err <nil>]
           +242ms pid=54244 ppid=55616 +215ms spawn-start [program C:\Users\Quant\AppData\Local\Temp\TestZZW5_ColdStart2839210898\081\.qompack\bin\97ced50cb984e6ea6d56a3a7b8e84d158392de014495f7b7e64e2a829efbaa3a\qompack.exe]
           +250ms pid=54244 ppid=55616 +222ms spawn-started [child 55588]
           +250ms pid=54244 ppid=55616 +222ms ensure-spawned []
           +287ms pid=55588 ppid=54244 +26ms daemon-enter []
           +287ms pid=55588 ppid=54244 +26ms lease-try []
           +302ms pid=55588 ppid=54244 +41ms lease-result [err <nil>]
           +309ms pid=55588 ppid=54244 +49ms wired []
           +326ms pid=55588 ppid=54244 +65ms run-call []
           +326ms pid=55588 ppid=54244 +65ms run-enter []
           +326ms pid=55588 ppid=54244 +66ms lock-ok []
           +326ms pid=55588 ppid=54244 +66ms ing-started []
           +326ms pid=55588 ppid=54244 +66ms listen-start []
           +331ms pid=55588 ppid=54244 +71ms listening []
           +331ms pid=55588 ppid=54244 +71ms accepting []
           +338ms pid=55588 ppid=54244 +78ms state-written []
           +340ms pid=55588 ppid=54244 +79ms drain-start []
           +345ms pid=55588 ppid=54244 +85ms drain-end []
           +345ms pid=55588 ppid=54244 +85ms sweep-end []
           +346ms pid=55588 ppid=54244 +85ms audit-end []
           +346ms pid=55588 ppid=54244 +85ms serving []
           +352ms pid=54244 ppid=55616 +324ms ensure-up [spawned true]
           +352ms pid=54244 ppid=55616 +324ms presend-end []
           +352ms pid=54244 ppid=55616 +324ms send-start [deadline_ms 10000]
           +362ms pid=54244 ppid=55616 +335ms connect [err <nil>]
           +404ms pid=54244 ppid=55616 +376ms reply [err <nil>]
           +404ms pid=54244 ppid=55616 +377ms send-end [ok true out true]
           +404ms pid=54244 ppid=55616 +377ms hook-end []
    zz_w5_coldstart_diag_test.go:442: ROW mode=staged-warm source=startup i=4 wall=  706ms sswall=  706ms overhead= 111ms presend=  162ms dialable=  490ms stall=   8ms up=  537ms(ok=true) spooled=false daemons=1 leaseOK=1 lockHeld=0 answer=probe                                    probe_minted=true  sessions=1 mode=full drop=""
    zz_w5_coldstart_diag_test.go:446: TIMELINE mode=staged-warm source=startup i=4
            +45ms pid=23836 ppid=55616 +24ms hook-start [op session.start]
           +342ms pid=23836 ppid=55616 +320ms presend-start [by_in_ms 2954]
           +342ms pid=23836 ppid=55616 +320ms ensure-probe-miss []
           +349ms pid=23836 ppid=55616 +327ms ensure-claimed [claim 1]
           +349ms pid=23836 ppid=55616 +327ms stage-start []
           +380ms pid=23836 ppid=55616 +358ms stage-end [err <nil>]
           +381ms pid=23836 ppid=55616 +359ms spawn-start [program C:\Users\Quant\AppData\Local\Temp\TestZZW5_ColdStart2839210898\081\.qompack\bin\97ced50cb984e6ea6d56a3a7b8e84d158392de014495f7b7e64e2a829efbaa3a\qompack.exe]
           +389ms pid=23836 ppid=55616 +367ms spawn-started [child 36852]
           +389ms pid=23836 ppid=55616 +367ms ensure-spawned []
           +421ms pid=36852 ppid=23836 +23ms daemon-enter []
           +421ms pid=36852 ppid=23836 +23ms lease-try []
           +439ms pid=36852 ppid=23836 +41ms lease-result [err <nil>]
           +447ms pid=36852 ppid=23836 +49ms wired []
           +484ms pid=36852 ppid=23836 +87ms run-call []
           +484ms pid=36852 ppid=23836 +87ms run-enter []
           +486ms pid=36852 ppid=23836 +88ms lock-ok []
           +486ms pid=36852 ppid=23836 +88ms ing-started []
           +486ms pid=36852 ppid=23836 +88ms listen-start []
           +490ms pid=36852 ppid=23836 +93ms listening []
           +490ms pid=36852 ppid=23836 +93ms accepting []
           +504ms pid=23836 ppid=55616 +481ms ensure-up [spawned true]
           +504ms pid=23836 ppid=55616 +481ms presend-end []
           +504ms pid=23836 ppid=55616 +481ms send-start [deadline_ms 10000]
           +504ms pid=36852 ppid=23836 +106ms state-written []
           +505ms pid=36852 ppid=23836 +107ms drain-start []
           +524ms pid=23836 ppid=55616 +501ms connect [err <nil>]
           +525ms pid=36852 ppid=23836 +128ms drain-end []
           +536ms pid=36852 ppid=23836 +139ms sweep-end []
           +537ms pid=36852 ppid=23836 +139ms audit-end []
           +537ms pid=36852 ppid=23836 +139ms serving []
           +640ms pid=23836 ppid=55616 +617ms reply [err <nil>]
           +640ms pid=23836 ppid=55616 +617ms send-end [ok true out true]
           +640ms pid=23836 ppid=55616 +617ms hook-end []
    zz_w5_coldstart_diag_test.go:442: ROW mode=staged-warm source=resume  i=0 wall=  286ms sswall=  286ms overhead=  51ms presend=  126ms dialable=  215ms stall=  12ms up=  228ms(ok=true) spooled=false daemons=1 leaseOK=1 lockHeld=0 answer=probe                                    probe_minted=true  sessions=1 mode=full drop=""
    zz_w5_coldstart_diag_test.go:446: TIMELINE mode=staged-warm source=resume i=0
            +41ms pid=54588 ppid=55616 +18ms hook-start [op session.start]
           +102ms pid=54588 ppid=55616 +79ms presend-start [by_in_ms 3188]
           +102ms pid=54588 ppid=55616 +80ms ensure-probe-miss []
           +107ms pid=54588 ppid=55616 +84ms ensure-claimed [claim 1]
           +107ms pid=54588 ppid=55616 +84ms stage-start []
           +135ms pid=54588 ppid=55616 +113ms stage-end [err <nil>]
           +136ms pid=54588 ppid=55616 +114ms spawn-start [program C:\Users\Quant\AppData\Local\Temp\TestZZW5_ColdStart2839210898\081\.qompack\bin\97ced50cb984e6ea6d56a3a7b8e84d158392de014495f7b7e64e2a829efbaa3a\qompack.exe]
           +148ms pid=54588 ppid=55616 +125ms spawn-started [child 50440]
           +148ms pid=54588 ppid=55616 +125ms ensure-spawned []
           +173ms pid=50440 ppid=54588 +18ms daemon-enter []
           +173ms pid=50440 ppid=54588 +18ms lease-try []
           +186ms pid=50440 ppid=54588 +31ms lease-result [err <nil>]
           +193ms pid=50440 ppid=54588 +38ms wired []
           +211ms pid=50440 ppid=54588 +56ms run-call []
           +211ms pid=50440 ppid=54588 +56ms run-enter []
           +212ms pid=50440 ppid=54588 +57ms lock-ok []
           +212ms pid=50440 ppid=54588 +57ms ing-started []
           +212ms pid=50440 ppid=54588 +57ms listen-start []
           +215ms pid=50440 ppid=54588 +60ms listening []
           +215ms pid=50440 ppid=54588 +60ms accepting []
           +220ms pid=50440 ppid=54588 +65ms state-written []
           +221ms pid=50440 ppid=54588 +66ms drain-start []
           +227ms pid=50440 ppid=54588 +72ms drain-end []
           +228ms pid=50440 ppid=54588 +72ms sweep-end []
           +228ms pid=50440 ppid=54588 +73ms audit-end []
           +228ms pid=50440 ppid=54588 +73ms serving []
           +228ms pid=54588 ppid=55616 +205ms ensure-up [spawned true]
           +228ms pid=54588 ppid=55616 +205ms presend-end []
           +228ms pid=54588 ppid=55616 +205ms send-start [deadline_ms 10000]
           +238ms pid=54588 ppid=55616 +215ms connect [err <nil>]
           +276ms pid=54588 ppid=55616 +254ms reply [err <nil>]
           +276ms pid=54588 ppid=55616 +254ms send-end [ok true out true]
           +276ms pid=54588 ppid=55616 +254ms hook-end []
    zz_w5_coldstart_diag_test.go:442: ROW mode=staged-warm source=resume  i=1 wall=  257ms sswall=  257ms overhead=  78ms presend=  101ms dialable=  193ms stall=   9ms up=  204ms(ok=true) spooled=false daemons=1 leaseOK=1 lockHeld=0 answer=probe                                    probe_minted=true  sessions=1 mode=full drop=""
    zz_w5_coldstart_diag_test.go:446: TIMELINE mode=staged-warm source=resume i=1
            +57ms pid=33232 ppid=55616 +24ms hook-start [op session.start]
            +96ms pid=33232 ppid=55616 +63ms presend-start [by_in_ms 3212]
            +96ms pid=33232 ppid=55616 +63ms ensure-probe-miss []
           +103ms pid=33232 ppid=55616 +70ms ensure-claimed [claim 1]
           +103ms pid=33232 ppid=55616 +70ms stage-start []
           +129ms pid=33232 ppid=55616 +96ms stage-end [err <nil>]
           +129ms pid=33232 ppid=55616 +96ms spawn-start [program C:\Users\Quant\AppData\Local\Temp\TestZZW5_ColdStart2839210898\081\.qompack\bin\97ced50cb984e6ea6d56a3a7b8e84d158392de014495f7b7e64e2a829efbaa3a\qompack.exe]
           +138ms pid=33232 ppid=55616 +105ms spawn-started [child 55696]
           +138ms pid=33232 ppid=55616 +105ms ensure-spawned []
           +161ms pid=55696 ppid=33232 +17ms daemon-enter []
           +162ms pid=55696 ppid=33232 +17ms lease-try []
           +172ms pid=55696 ppid=33232 +27ms lease-result [err <nil>]
           +177ms pid=55696 ppid=33232 +32ms wired []
           +189ms pid=55696 ppid=33232 +44ms run-call []
           +189ms pid=55696 ppid=33232 +44ms run-enter []
           +190ms pid=55696 ppid=33232 +46ms lock-ok []
           +190ms pid=55696 ppid=33232 +46ms ing-started []
           +190ms pid=55696 ppid=33232 +46ms listen-start []
           +193ms pid=55696 ppid=33232 +49ms listening []
           +193ms pid=55696 ppid=33232 +49ms accepting []
           +197ms pid=33232 ppid=55616 +163ms ensure-up [spawned true]
           +197ms pid=33232 ppid=55616 +163ms presend-end []
           +197ms pid=33232 ppid=55616 +163ms send-start [deadline_ms 10000]
           +197ms pid=33232 ppid=55616 +163ms connect [err <nil>]
           +198ms pid=55696 ppid=33232 +53ms state-written []
           +199ms pid=55696 ppid=33232 +54ms drain-start []
           +203ms pid=55696 ppid=33232 +58ms drain-end []
           +204ms pid=55696 ppid=33232 +59ms sweep-end []
           +204ms pid=55696 ppid=33232 +59ms audit-end []
           +204ms pid=55696 ppid=33232 +59ms serving []
           +236ms pid=33232 ppid=55616 +203ms reply [err <nil>]
           +236ms pid=33232 ppid=55616 +203ms send-end [ok true out true]
           +236ms pid=33232 ppid=55616 +203ms hook-end []
    zz_w5_coldstart_diag_test.go:442: ROW mode=staged-warm source=resume  i=2 wall=  312ms sswall=  312ms overhead=  77ms presend=  126ms dialable=  228ms stall=   8ms up=  239ms(ok=true) spooled=false daemons=1 leaseOK=1 lockHeld=0 answer=probe                                    probe_minted=true  sessions=1 mode=full drop=""
    zz_w5_coldstart_diag_test.go:446: TIMELINE mode=staged-warm source=resume i=2
            +52ms pid=30724 ppid=55616 +20ms hook-start [op session.start]
           +113ms pid=30724 ppid=55616 +81ms presend-start [by_in_ms 3189]
           +114ms pid=30724 ppid=55616 +82ms ensure-probe-miss []
           +121ms pid=30724 ppid=55616 +89ms ensure-claimed [claim 1]
           +121ms pid=30724 ppid=55616 +89ms stage-start []
           +145ms pid=30724 ppid=55616 +114ms stage-end [err <nil>]
           +146ms pid=30724 ppid=55616 +115ms spawn-start [program C:\Users\Quant\AppData\Local\Temp\TestZZW5_ColdStart2839210898\081\.qompack\bin\97ced50cb984e6ea6d56a3a7b8e84d158392de014495f7b7e64e2a829efbaa3a\qompack.exe]
           +154ms pid=30724 ppid=55616 +122ms spawn-started [child 45308]
           +154ms pid=30724 ppid=55616 +122ms ensure-spawned []
           +182ms pid=45308 ppid=30724 +20ms daemon-enter []
           +182ms pid=45308 ppid=30724 +20ms lease-try []
           +196ms pid=45308 ppid=30724 +34ms lease-result [err <nil>]
           +201ms pid=45308 ppid=30724 +40ms wired []
           +224ms pid=45308 ppid=30724 +63ms run-call []
           +224ms pid=45308 ppid=30724 +63ms run-enter []
           +225ms pid=45308 ppid=30724 +63ms lock-ok []
           +225ms pid=45308 ppid=30724 +63ms ing-started []
           +225ms pid=45308 ppid=30724 +63ms listen-start []
           +228ms pid=45308 ppid=30724 +66ms listening []
           +228ms pid=45308 ppid=30724 +66ms accepting []
           +232ms pid=45308 ppid=30724 +71ms state-written []
           +233ms pid=45308 ppid=30724 +72ms drain-start []
           +238ms pid=45308 ppid=30724 +76ms drain-end []
           +238ms pid=45308 ppid=30724 +77ms sweep-end []
           +239ms pid=30724 ppid=55616 +207ms ensure-up [spawned true]
           +239ms pid=30724 ppid=55616 +207ms presend-end []
           +239ms pid=30724 ppid=55616 +207ms send-start [deadline_ms 10000]
           +239ms pid=45308 ppid=30724 +77ms audit-end []
           +239ms pid=45308 ppid=30724 +77ms serving []
           +249ms pid=30724 ppid=55616 +218ms connect [err <nil>]
           +287ms pid=30724 ppid=55616 +255ms reply [err <nil>]
           +287ms pid=30724 ppid=55616 +255ms send-end [ok true out true]
           +287ms pid=30724 ppid=55616 +255ms hook-end []
    zz_w5_coldstart_diag_test.go:442: ROW mode=staged-warm source=resume  i=3 wall=  288ms sswall=  288ms overhead=  69ms presend=  100ms dialable=  218ms stall=   8ms up=  228ms(ok=true) spooled=false daemons=1 leaseOK=1 lockHeld=0 answer=probe                                    probe_minted=true  sessions=1 mode=full drop=""
    zz_w5_coldstart_diag_test.go:446: TIMELINE mode=staged-warm source=resume i=3
            +50ms pid=54376 ppid=55616 +20ms hook-start [op session.start]
           +122ms pid=54376 ppid=55616 +92ms presend-start [by_in_ms 3178]
           +122ms pid=54376 ppid=55616 +92ms ensure-probe-miss []
           +129ms pid=54376 ppid=55616 +99ms ensure-claimed [claim 1]
           +129ms pid=54376 ppid=55616 +99ms stage-start []
           +151ms pid=54376 ppid=55616 +121ms stage-end [err <nil>]
           +152ms pid=54376 ppid=55616 +122ms spawn-start [program C:\Users\Quant\AppData\Local\Temp\TestZZW5_ColdStart2839210898\081\.qompack\bin\97ced50cb984e6ea6d56a3a7b8e84d158392de014495f7b7e64e2a829efbaa3a\qompack.exe]
           +160ms pid=54376 ppid=55616 +130ms spawn-started [child 51956]
           +160ms pid=54376 ppid=55616 +130ms ensure-spawned []
           +182ms pid=51956 ppid=54376 +15ms daemon-enter []
           +183ms pid=51956 ppid=54376 +15ms lease-try []
           +193ms pid=51956 ppid=54376 +26ms lease-result [err <nil>]
           +199ms pid=51956 ppid=54376 +32ms wired []
           +215ms pid=51956 ppid=54376 +47ms run-call []
           +215ms pid=51956 ppid=54376 +47ms run-enter []
           +215ms pid=51956 ppid=54376 +47ms lock-ok []
           +215ms pid=51956 ppid=54376 +47ms ing-started []
           +215ms pid=51956 ppid=54376 +48ms listen-start []
           +218ms pid=51956 ppid=54376 +51ms listening []
           +218ms pid=51956 ppid=54376 +51ms accepting []
           +222ms pid=51956 ppid=54376 +55ms state-written []
           +222ms pid=54376 ppid=55616 +192ms ensure-up [spawned true]
           +222ms pid=54376 ppid=55616 +192ms presend-end []
           +222ms pid=54376 ppid=55616 +192ms send-start [deadline_ms 10000]
           +224ms pid=51956 ppid=54376 +56ms drain-start []
           +228ms pid=51956 ppid=54376 +61ms drain-end []
           +228ms pid=51956 ppid=54376 +61ms sweep-end []
           +228ms pid=51956 ppid=54376 +61ms audit-end []
           +228ms pid=51956 ppid=54376 +61ms serving []
           +233ms pid=54376 ppid=55616 +203ms connect [err <nil>]
           +268ms pid=54376 ppid=55616 +238ms reply [err <nil>]
           +269ms pid=54376 ppid=55616 +238ms send-end [ok true out true]
           +269ms pid=54376 ppid=55616 +238ms hook-end []
    zz_w5_coldstart_diag_test.go:442: ROW mode=staged-warm source=resume  i=4 wall=  276ms sswall=  276ms overhead=  44ms presend=  125ms dialable=  221ms stall=   8ms up=  233ms(ok=true) spooled=false daemons=1 leaseOK=1 lockHeld=0 answer=probe                                    probe_minted=true  sessions=1 mode=full drop=""
    zz_w5_coldstart_diag_test.go:446: TIMELINE mode=staged-warm source=resume i=4
            +39ms pid=17204 ppid=55616 +17ms hook-start [op session.start]
           +110ms pid=17204 ppid=55616 +88ms presend-start [by_in_ms 3179]
           +110ms pid=17204 ppid=55616 +88ms ensure-probe-miss []
           +116ms pid=17204 ppid=55616 +95ms ensure-claimed [claim 1]
           +116ms pid=17204 ppid=55616 +95ms stage-start []
           +140ms pid=17204 ppid=55616 +118ms stage-end [err <nil>]
           +140ms pid=17204 ppid=55616 +118ms spawn-start [program C:\Users\Quant\AppData\Local\Temp\TestZZW5_ColdStart2839210898\081\.qompack\bin\97ced50cb984e6ea6d56a3a7b8e84d158392de014495f7b7e64e2a829efbaa3a\qompack.exe]
           +148ms pid=17204 ppid=55616 +127ms spawn-started [child 14844]
           +149ms pid=17204 ppid=55616 +128ms ensure-spawned []
           +177ms pid=14844 ppid=17204 +20ms daemon-enter []
           +177ms pid=14844 ppid=17204 +21ms lease-try []
           +190ms pid=14844 ppid=17204 +33ms lease-result [err <nil>]
           +199ms pid=14844 ppid=17204 +42ms wired []
           +218ms pid=14844 ppid=17204 +61ms run-call []
           +218ms pid=14844 ppid=17204 +61ms run-enter []
           +219ms pid=14844 ppid=17204 +62ms lock-ok []
           +219ms pid=14844 ppid=17204 +62ms ing-started []
           +219ms pid=14844 ppid=17204 +62ms listen-start []
           +221ms pid=14844 ppid=17204 +65ms listening []
           +221ms pid=14844 ppid=17204 +65ms accepting []
           +226ms pid=14844 ppid=17204 +70ms state-written []
           +227ms pid=14844 ppid=17204 +71ms drain-start []
           +232ms pid=14844 ppid=17204 +75ms drain-end []
           +233ms pid=14844 ppid=17204 +76ms sweep-end []
           +233ms pid=14844 ppid=17204 +77ms audit-end []
           +233ms pid=14844 ppid=17204 +77ms serving []
           +235ms pid=17204 ppid=55616 +213ms ensure-up [spawned true]
           +235ms pid=17204 ppid=55616 +213ms presend-end []
           +235ms pid=17204 ppid=55616 +213ms send-start [deadline_ms 10000]
           +235ms pid=17204 ppid=55616 +213ms connect [err <nil>]
           +271ms pid=17204 ppid=55616 +249ms reply [err <nil>]
           +271ms pid=17204 ppid=55616 +249ms send-end [ok true out true]
           +271ms pid=17204 ppid=55616 +249ms hook-end []
    zz_w5_coldstart_diag_test.go:442: ROW mode=staged-warm source=compact i=0 wall=  498ms sswall=  498ms overhead=  65ms presend=  226ms dialable=  337ms stall=   5ms up=  388ms(ok=true) spooled=false daemons=1 leaseOK=1 lockHeld=0 answer=rehydration+probe                        probe_minted=true  sessions=2 mode=full drop="pointer_git_unavailable:checkpoint: no .git at the project root"
    zz_w5_coldstart_diag_test.go:446: TIMELINE mode=staged-warm source=compact i=0
            +46ms pid=53732 ppid=55616 +15ms hook-start [op session.start]
           +132ms pid=53732 ppid=55616 +101ms presend-start [by_in_ms 3164]
           +133ms pid=53732 ppid=55616 +101ms ensure-probe-miss []
           +140ms pid=53732 ppid=55616 +109ms ensure-claimed [claim 1]
           +140ms pid=53732 ppid=55616 +109ms stage-start []
           +163ms pid=53732 ppid=55616 +131ms stage-end [err <nil>]
           +163ms pid=53732 ppid=55616 +132ms spawn-start [program C:\Users\Quant\AppData\Local\Temp\TestZZW5_ColdStart2839210898\081\.qompack\bin\97ced50cb984e6ea6d56a3a7b8e84d158392de014495f7b7e64e2a829efbaa3a\qompack.exe]
           +168ms pid=53732 ppid=55616 +137ms spawn-started [child 36408]
           +168ms pid=53732 ppid=55616 +137ms ensure-spawned []
           +190ms pid=36408 ppid=53732 +15ms daemon-enter []
           +190ms pid=36408 ppid=53732 +15ms lease-try []
           +202ms pid=36408 ppid=53732 +27ms lease-result [err <nil>]
           +295ms pid=36408 ppid=53732 +121ms wired []
           +314ms pid=36408 ppid=53732 +140ms run-call []
           +314ms pid=36408 ppid=53732 +140ms run-enter []
           +316ms pid=36408 ppid=53732 +141ms lock-ok []
           +333ms pid=36408 ppid=53732 +159ms ing-started []
           +333ms pid=36408 ppid=53732 +159ms listen-start []
           +337ms pid=36408 ppid=53732 +162ms listening []
           +337ms pid=36408 ppid=53732 +162ms accepting []
           +341ms pid=36408 ppid=53732 +167ms state-written []
           +343ms pid=36408 ppid=53732 +168ms drain-start []
           +358ms pid=53732 ppid=55616 +327ms ensure-up [spawned true]
           +358ms pid=53732 ppid=55616 +327ms presend-end []
           +359ms pid=53732 ppid=55616 +327ms send-start [deadline_ms 10000]
           +359ms pid=53732 ppid=55616 +327ms connect [err <nil>]
           +371ms pid=36408 ppid=53732 +197ms drain-end []
           +372ms pid=36408 ppid=53732 +197ms sweep-end []
           +388ms pid=36408 ppid=53732 +213ms audit-end []
           +388ms pid=36408 ppid=53732 +213ms serving []
           +479ms pid=53732 ppid=55616 +448ms reply [err <nil>]
           +479ms pid=53732 ppid=55616 +448ms send-end [ok true out true]
           +479ms pid=53732 ppid=55616 +448ms hook-end []
    zz_w5_coldstart_diag_test.go:442: ROW mode=staged-warm source=compact i=1 wall= 6520ms sswall= 6520ms overhead= 213ms presend= 5574ms dialable= 5869ms stall=4933ms up= 6040ms(ok=true) spooled=false daemons=1 leaseOK=1 lockHeld=0 answer=rehydration+probe                        probe_minted=true  sessions=2 mode=full drop="pointer_git_unavailable:checkpoint: no .git at the project root"
    zz_w5_coldstart_diag_test.go:446: TIMELINE mode=staged-warm source=compact i=1
            +83ms pid=56276 ppid=55616 +40ms hook-start [op session.start]
           +314ms pid=56276 ppid=55616 +271ms presend-start [by_in_ms 3019]
           +314ms pid=56276 ppid=55616 +271ms ensure-probe-miss []
           +323ms pid=56276 ppid=55616 +280ms ensure-claimed [claim 1]
           +323ms pid=56276 ppid=55616 +280ms stage-start []
           +361ms pid=56276 ppid=55616 +318ms stage-end [err <nil>]
           +361ms pid=56276 ppid=55616 +318ms spawn-start [program C:\Users\Quant\AppData\Local\Temp\TestZZW5_ColdStart2839210898\081\.qompack\bin\97ced50cb984e6ea6d56a3a7b8e84d158392de014495f7b7e64e2a829efbaa3a\qompack.exe]
          +5294ms pid=56276 ppid=55616 +5251ms spawn-started [child 52068]
          +5294ms pid=56276 ppid=55616 +5251ms ensure-spawned []
          +5342ms pid=52068 ppid=56276 +30ms daemon-enter []
          +5342ms pid=52068 ppid=56276 +30ms lease-try []
          +5416ms pid=52068 ppid=56276 +104ms lease-result [err <nil>]
          +5663ms pid=52068 ppid=56276 +351ms wired []
          +5828ms pid=52068 ppid=56276 +517ms run-call []
          +5828ms pid=52068 ppid=56276 +517ms run-enter []
          +5828ms pid=52068 ppid=56276 +517ms lock-ok []
          +5853ms pid=52068 ppid=56276 +541ms ing-started []
          +5853ms pid=52068 ppid=56276 +541ms listen-start []
          +5869ms pid=52068 ppid=56276 +557ms listening []
          +5869ms pid=52068 ppid=56276 +557ms accepting []
          +5888ms pid=56276 ppid=55616 +5845ms ensure-up [spawned true]
          +5888ms pid=56276 ppid=55616 +5845ms presend-end []
          +5892ms pid=52068 ppid=56276 +580ms state-written []
          +5902ms pid=52068 ppid=56276 +590ms drain-start []
          +5906ms pid=56276 ppid=55616 +5863ms send-start [deadline_ms 7427]
          +5907ms pid=56276 ppid=55616 +5864ms connect [err <nil>]
          +5981ms pid=52068 ppid=56276 +669ms drain-end []
          +6007ms pid=52068 ppid=56276 +695ms sweep-end []
          +6040ms pid=52068 ppid=56276 +728ms audit-end []
          +6040ms pid=52068 ppid=56276 +728ms serving []
          +6390ms pid=56276 ppid=55616 +6347ms reply [err <nil>]
          +6390ms pid=56276 ppid=55616 +6347ms send-end [ok true out true]
          +6390ms pid=56276 ppid=55616 +6347ms hook-end []
    zz_w5_coldstart_diag_test.go:442: ROW mode=staged-warm source=compact i=2 wall= 4773ms sswall= 4773ms overhead=  96ms presend= 4340ms dialable= 4480ms stall=4001ms up= 4541ms(ok=true) spooled=false daemons=1 leaseOK=1 lockHeld=0 answer=rehydration+probe                        probe_minted=true  sessions=2 mode=full drop="pointer_git_unavailable:checkpoint: no .git at the project root"
    zz_w5_coldstart_diag_test.go:446: TIMELINE mode=staged-warm source=compact i=2
            +57ms pid=36260 ppid=55616 +25ms hook-start [op session.start]
           +149ms pid=36260 ppid=55616 +116ms presend-start [by_in_ms 3158]
           +149ms pid=36260 ppid=55616 +116ms ensure-probe-miss []
           +157ms pid=36260 ppid=55616 +124ms ensure-claimed [claim 1]
           +157ms pid=36260 ppid=55616 +124ms stage-start []
           +195ms pid=36260 ppid=55616 +163ms stage-end [err <nil>]
           +195ms pid=36260 ppid=55616 +163ms spawn-start [program C:\Users\Quant\AppData\Local\Temp\TestZZW5_ColdStart2839210898\081\.qompack\bin\97ced50cb984e6ea6d56a3a7b8e84d158392de014495f7b7e64e2a829efbaa3a\qompack.exe]
          +4196ms pid=36260 ppid=55616 +4164ms spawn-started [child 49696]
          +4196ms pid=36260 ppid=55616 +4164ms ensure-spawned []
          +4238ms pid=49696 ppid=36260 +27ms daemon-enter []
          +4238ms pid=49696 ppid=36260 +27ms lease-try []
          +4255ms pid=49696 ppid=36260 +45ms lease-result [err <nil>]
          +4416ms pid=49696 ppid=36260 +205ms wired []
          +4451ms pid=49696 ppid=36260 +241ms run-call []
          +4451ms pid=49696 ppid=36260 +241ms run-enter []
          +4456ms pid=49696 ppid=36260 +246ms lock-ok []
          +4474ms pid=49696 ppid=36260 +264ms ing-started []
          +4474ms pid=49696 ppid=36260 +264ms listen-start []
          +4480ms pid=49696 ppid=36260 +269ms listening []
          +4480ms pid=49696 ppid=36260 +269ms accepting []
          +4486ms pid=49696 ppid=36260 +276ms state-written []
          +4489ms pid=36260 ppid=55616 +4457ms ensure-up [spawned true]
          +4489ms pid=36260 ppid=55616 +4457ms presend-end []
          +4489ms pid=36260 ppid=55616 +4457ms send-start [deadline_ms 8817]
          +4490ms pid=36260 ppid=55616 +4457ms connect [err <nil>]
          +4490ms pid=49696 ppid=36260 +280ms drain-start []
          +4521ms pid=49696 ppid=36260 +310ms drain-end []
          +4522ms pid=49696 ppid=36260 +311ms sweep-end []
          +4541ms pid=49696 ppid=36260 +331ms audit-end []
          +4541ms pid=49696 ppid=36260 +331ms serving []
          +4733ms pid=36260 ppid=55616 +4701ms reply [err <nil>]
          +4734ms pid=36260 ppid=55616 +4702ms send-end [ok true out true]
          +4734ms pid=36260 ppid=55616 +4702ms hook-end []
    zz_w5_coldstart_diag_test.go:442: ROW mode=staged-warm source=compact i=3 wall= 4197ms sswall= 4197ms overhead=  86ms presend= 3735ms dialable= 3976ms stall=3493ms up= 4051ms(ok=true) spooled=false daemons=1 leaseOK=1 lockHeld=0 answer=rehydration+probe                        probe_minted=true  sessions=2 mode=full drop="pointer_git_unavailable:checkpoint: no .git at the project root"
    zz_w5_coldstart_diag_test.go:446: TIMELINE mode=staged-warm source=compact i=3
            +59ms pid=50788 ppid=55616 +22ms hook-start [op session.start]
           +264ms pid=50788 ppid=55616 +227ms presend-start [by_in_ms 3044]
           +264ms pid=50788 ppid=55616 +227ms ensure-probe-miss []
           +270ms pid=50788 ppid=55616 +232ms ensure-claimed [claim 1]
           +270ms pid=50788 ppid=55616 +232ms stage-start []
           +298ms pid=50788 ppid=55616 +260ms stage-end [err <nil>]
           +298ms pid=50788 ppid=55616 +260ms spawn-start [program C:\Users\Quant\AppData\Local\Temp\TestZZW5_ColdStart2839210898\081\.qompack\bin\97ced50cb984e6ea6d56a3a7b8e84d158392de014495f7b7e64e2a829efbaa3a\qompack.exe]
          +3791ms pid=50788 ppid=55616 +3753ms spawn-started [child 49252]
          +3791ms pid=50788 ppid=55616 +3753ms ensure-spawned []
          +3831ms pid=49252 ppid=50788 +29ms daemon-enter []
          +3831ms pid=49252 ppid=50788 +29ms lease-try []
          +3848ms pid=49252 ppid=50788 +46ms lease-result [err <nil>]
          +3937ms pid=49252 ppid=50788 +135ms wired []
          +3958ms pid=49252 ppid=50788 +157ms run-call []
          +3958ms pid=49252 ppid=50788 +157ms run-enter []
          +3959ms pid=49252 ppid=50788 +157ms lock-ok []
          +3970ms pid=49252 ppid=50788 +169ms ing-started []
          +3970ms pid=49252 ppid=50788 +169ms listen-start []
          +3976ms pid=49252 ppid=50788 +174ms listening []
          +3976ms pid=49252 ppid=50788 +174ms accepting []
          +3986ms pid=49252 ppid=50788 +185ms state-written []
          +3989ms pid=49252 ppid=50788 +187ms drain-start []
          +3999ms pid=50788 ppid=55616 +3962ms ensure-up [spawned true]
          +3999ms pid=50788 ppid=55616 +3962ms presend-end []
          +3999ms pid=50788 ppid=55616 +3962ms send-start [deadline_ms 9309]
          +4018ms pid=50788 ppid=55616 +3981ms connect [err <nil>]
          +4031ms pid=49252 ppid=50788 +230ms drain-end []
          +4032ms pid=49252 ppid=50788 +230ms sweep-end []
          +4051ms pid=49252 ppid=50788 +249ms audit-end []
          +4051ms pid=49252 ppid=50788 +249ms serving []
          +4170ms pid=50788 ppid=55616 +4133ms reply [err <nil>]
          +4170ms pid=50788 ppid=55616 +4133ms send-end [ok true out true]
          +4170ms pid=50788 ppid=55616 +4133ms hook-end []
    zz_w5_coldstart_diag_test.go:442: ROW mode=staged-warm source=compact i=4 wall=  533ms sswall=  533ms overhead=  47ms presend=  226ms dialable=  386ms stall=   9ms up=  437ms(ok=true) spooled=false daemons=1 leaseOK=1 lockHeld=0 answer=rehydration+probe                        probe_minted=true  sessions=2 mode=full drop="pointer_git_unavailable:checkpoint: no .git at the project root"
    zz_w5_coldstart_diag_test.go:446: TIMELINE mode=staged-warm source=compact i=4
            +37ms pid=49260 ppid=55616 +19ms hook-start [op session.start]
           +161ms pid=49260 ppid=55616 +143ms presend-start [by_in_ms 3125]
           +161ms pid=49260 ppid=55616 +143ms ensure-probe-miss []
           +173ms pid=49260 ppid=55616 +155ms ensure-claimed [claim 1]
           +173ms pid=49260 ppid=55616 +155ms stage-start []
           +199ms pid=49260 ppid=55616 +181ms stage-end [err <nil>]
           +199ms pid=49260 ppid=55616 +181ms spawn-start [program C:\Users\Quant\AppData\Local\Temp\TestZZW5_ColdStart2839210898\081\.qompack\bin\97ced50cb984e6ea6d56a3a7b8e84d158392de014495f7b7e64e2a829efbaa3a\qompack.exe]
           +208ms pid=49260 ppid=55616 +190ms spawn-started [child 49820]
           +208ms pid=49260 ppid=55616 +190ms ensure-spawned []
           +238ms pid=49820 ppid=49260 +21ms daemon-enter []
           +238ms pid=49820 ppid=49260 +21ms lease-try []
           +254ms pid=49820 ppid=49260 +37ms lease-result [err <nil>]
           +350ms pid=49820 ppid=49260 +134ms wired []
           +367ms pid=49820 ppid=49260 +150ms run-call []
           +367ms pid=49820 ppid=49260 +150ms run-enter []
           +367ms pid=49820 ppid=49260 +150ms lock-ok []
           +383ms pid=49820 ppid=49260 +167ms ing-started []
           +383ms pid=49820 ppid=49260 +167ms listen-start []
           +386ms pid=49820 ppid=49260 +170ms listening []
           +386ms pid=49820 ppid=49260 +170ms accepting []
           +387ms pid=49260 ppid=55616 +369ms ensure-up [spawned true]
           +387ms pid=49260 ppid=55616 +369ms presend-end []
           +387ms pid=49260 ppid=55616 +369ms send-start [deadline_ms 10000]
           +392ms pid=49820 ppid=49260 +175ms state-written []
           +393ms pid=49820 ppid=49260 +176ms drain-start []
           +398ms pid=49260 ppid=55616 +380ms connect [err <nil>]
           +416ms pid=49820 ppid=49260 +200ms drain-end []
           +417ms pid=49820 ppid=49260 +200ms sweep-end []
           +437ms pid=49820 ppid=49260 +220ms audit-end []
           +437ms pid=49820 ppid=49260 +221ms serving []
           +520ms pid=49260 ppid=55616 +502ms reply [err <nil>]
           +523ms pid=49260 ppid=55616 +505ms send-end [ok true out true]
           +523ms pid=49260 ppid=55616 +505ms hook-end []
    zz_w5_coldstart_diag_test.go:442: ROW mode=prespawned  source=startup i=0 wall=  839ms sswall=  375ms overhead=  87ms presend=    0ms dialable=  547ms stall=  20ms up=  775ms(ok=true) spooled=false daemons=1 leaseOK=1 lockHeld=0 answer=probe                                    probe_minted=true  sessions=1 mode=full drop=""
    zz_w5_coldstart_diag_test.go:446: TIMELINE mode=prespawned source=startup i=0
            +79ms pid=47452 ppid=55616 +38ms hook-start [op observe.tool]
           +420ms pid=47452 ppid=55616 +380ms presend-start [by_in_ms -9223372036854]
           +420ms pid=47452 ppid=55616 +380ms presend-end []
           +420ms pid=47452 ppid=55616 +380ms send-start [deadline_ms 73]
           +420ms pid=47452 ppid=55616 +380ms connect [err open \\.\pipe\qompack.10c855de641a: The system cannot find the file specified.]
           +427ms pid=47452 ppid=55616 +387ms lazyspawn-claim [claim 1]
           +427ms pid=47452 ppid=55616 +387ms stage-start []
           +427ms pid=47452 ppid=55616 +387ms stage-end [err <nil>]
           +428ms pid=47452 ppid=55616 +388ms spawn-start [program C:\Users\Quant\AppData\Local\Temp\qompack-e2e-2983873838\qompack.exe]
           +448ms pid=47452 ppid=55616 +408ms spawn-started [child 46124]
           +450ms pid=47452 ppid=55616 +409ms send-end [ok false out false]
           +450ms pid=47452 ppid=55616 +409ms hook-end []
           +488ms pid=46124 ppid=47452 +29ms daemon-enter []
           +488ms pid=46124 ppid=47452 +29ms lease-try []
           +510ms pid=46124 ppid=47452 +51ms lease-result [err <nil>]
           +519ms pid=46124 ppid=47452 +60ms wired []
           +528ms pid=46312 ppid=55616 +25ms hook-start [op session.start]
           +540ms pid=46124 ppid=47452 +82ms run-call []
           +540ms pid=46124 ppid=47452 +82ms run-enter []
           +541ms pid=46124 ppid=47452 +83ms lock-ok []
           +541ms pid=46124 ppid=47452 +83ms ing-started []
           +541ms pid=46124 ppid=47452 +83ms listen-start []
           +547ms pid=46124 ppid=47452 +89ms listening []
           +547ms pid=46124 ppid=47452 +89ms accepting []
           +552ms pid=46124 ppid=47452 +94ms state-written []
           +552ms pid=46124 ppid=47452 +94ms drain-start []
           +738ms pid=46124 ppid=47452 +280ms drain-line [file client-47452.ndjson op observe.tool sess sess-zzw-prespawned-startup-0 ms 82 err <nil>]
           +746ms pid=46312 ppid=55616 +242ms presend-start [by_in_ms 3032]
           +746ms pid=46312 ppid=55616 +243ms presend-end []
           +746ms pid=46312 ppid=55616 +243ms send-start [deadline_ms 10000]
           +746ms pid=46312 ppid=55616 +243ms connect [err <nil>]
           +756ms pid=46124 ppid=47452 +298ms drain-end []
           +756ms pid=46124 ppid=47452 +298ms sweep-end []
           +775ms pid=46124 ppid=47452 +317ms audit-end []
           +775ms pid=46124 ppid=47452 +317ms serving []
           +816ms pid=46312 ppid=55616 +312ms reply [err <nil>]
           +816ms pid=46312 ppid=55616 +312ms send-end [ok true out true]
           +816ms pid=46312 ppid=55616 +312ms hook-end []
    zz_w5_coldstart_diag_test.go:442: ROW mode=prespawned  source=startup i=1 wall=  636ms sswall=  409ms overhead=  78ms presend=    1ms dialable=  338ms stall=  16ms up=  585ms(ok=true) spooled=false daemons=1 leaseOK=1 lockHeld=0 answer=probe                                    probe_minted=true  sessions=1 mode=full drop=""
    zz_w5_coldstart_diag_test.go:446: TIMELINE mode=prespawned source=startup i=1
            +65ms pid=45720 ppid=55616 +23ms hook-start [op observe.tool]
           +144ms pid=45720 ppid=55616 +102ms presend-start [by_in_ms -9223372036854]
           +144ms pid=45720 ppid=55616 +102ms presend-end []
           +144ms pid=45720 ppid=55616 +103ms send-start [deadline_ms 73]
           +144ms pid=45720 ppid=55616 +103ms connect [err open \\.\pipe\qompack.fa5e0f4818f9: The system cannot find the file specified.]
           +150ms pid=45720 ppid=55616 +108ms lazyspawn-claim [claim 1]
           +150ms pid=45720 ppid=55616 +108ms stage-start []
           +150ms pid=45720 ppid=55616 +108ms stage-end [err <nil>]
           +151ms pid=45720 ppid=55616 +109ms spawn-start [program C:\Users\Quant\AppData\Local\Temp\qompack-e2e-2983873838\qompack.exe]
           +167ms pid=45720 ppid=55616 +126ms spawn-started [child 53840]
           +171ms pid=45720 ppid=55616 +130ms send-end [ok false out false]
           +171ms pid=45720 ppid=55616 +130ms hook-end []
           +240ms pid=53840 ppid=45720 +47ms daemon-enter []
           +240ms pid=53840 ppid=45720 +48ms lease-try []
           +263ms pid=53840 ppid=45720 +70ms lease-result [err <nil>]
           +292ms pid=55476 ppid=55616 +35ms hook-start [op session.start]
           +305ms pid=53840 ppid=45720 +113ms wired []
           +329ms pid=53840 ppid=45720 +136ms run-call []
           +329ms pid=53840 ppid=45720 +136ms run-enter []
           +329ms pid=53840 ppid=45720 +137ms lock-ok []
           +330ms pid=53840 ppid=45720 +137ms ing-started []
           +330ms pid=53840 ppid=45720 +137ms listen-start []
           +338ms pid=53840 ppid=45720 +146ms listening []
           +338ms pid=53840 ppid=45720 +146ms accepting []
           +344ms pid=53840 ppid=45720 +152ms state-written []
           +346ms pid=53840 ppid=45720 +154ms drain-start []
           +356ms pid=55476 ppid=55616 +100ms presend-start [by_in_ms 3185]
           +357ms pid=55476 ppid=55616 +100ms presend-end []
           +357ms pid=55476 ppid=55616 +100ms send-start [deadline_ms 10000]
           +374ms pid=55476 ppid=55616 +117ms connect [err <nil>]
           +549ms pid=53840 ppid=45720 +357ms drain-line [file client-45720.ndjson op observe.tool sess sess-zzw-prespawned-startup-1 ms 77 err <nil>]
           +565ms pid=53840 ppid=45720 +373ms drain-end []
           +565ms pid=53840 ppid=45720 +373ms sweep-end []
           +585ms pid=53840 ppid=45720 +393ms audit-end []
           +585ms pid=53840 ppid=45720 +393ms serving []
           +623ms pid=55476 ppid=55616 +366ms reply [err <nil>]
           +623ms pid=55476 ppid=55616 +367ms send-end [ok true out true]
           +623ms pid=55476 ppid=55616 +367ms hook-end []
    zz_w5_coldstart_diag_test.go:442: ROW mode=prespawned  source=startup i=2 wall=  857ms sswall=  421ms overhead=  72ms presend=    1ms dialable=  524ms stall=  12ms up=  765ms(ok=true) spooled=false daemons=1 leaseOK=1 lockHeld=0 answer=probe                                    probe_minted=true  sessions=1 mode=full drop=""
    zz_w5_coldstart_diag_test.go:446: TIMELINE mode=prespawned source=startup i=2
            +83ms pid=52308 ppid=55616 +40ms hook-start [op observe.tool]
           +401ms pid=52308 ppid=55616 +358ms presend-start [by_in_ms -9223372036854]
           +401ms pid=52308 ppid=55616 +358ms presend-end []
           +401ms pid=52308 ppid=55616 +358ms send-start [deadline_ms 73]
           +402ms pid=52308 ppid=55616 +358ms connect [err open \\.\pipe\qompack.2c97761dc45b: The system cannot find the file specified.]
           +408ms pid=52308 ppid=55616 +364ms lazyspawn-claim [claim 1]
           +408ms pid=52308 ppid=55616 +364ms stage-start []
           +408ms pid=52308 ppid=55616 +364ms stage-end [err <nil>]
           +408ms pid=52308 ppid=55616 +364ms spawn-start [program C:\Users\Quant\AppData\Local\Temp\qompack-e2e-2983873838\qompack.exe]
           +420ms pid=52308 ppid=55616 +376ms spawn-started [child 46636]
           +423ms pid=52308 ppid=55616 +380ms send-end [ok false out false]
           +423ms pid=52308 ppid=55616 +380ms hook-end []
           +461ms pid=46636 ppid=52308 +29ms daemon-enter []
           +461ms pid=46636 ppid=52308 +29ms lease-try []
           +486ms pid=46636 ppid=52308 +53ms lease-result [err <nil>]
           +490ms pid=34480 ppid=55616 +29ms hook-start [op session.start]
           +495ms pid=46636 ppid=52308 +63ms wired []
           +517ms pid=46636 ppid=52308 +85ms run-call []
           +517ms pid=46636 ppid=52308 +85ms run-enter []
           +518ms pid=46636 ppid=52308 +86ms lock-ok []
           +518ms pid=46636 ppid=52308 +86ms ing-started []
           +518ms pid=46636 ppid=52308 +86ms listen-start []
           +524ms pid=46636 ppid=52308 +91ms listening []
           +524ms pid=46636 ppid=52308 +91ms accepting []
           +529ms pid=46636 ppid=52308 +97ms state-written []
           +530ms pid=46636 ppid=52308 +97ms drain-start []
           +722ms pid=46636 ppid=52308 +289ms drain-line [file client-52308.ndjson op observe.tool sess sess-zzw-prespawned-startup-2 ms 63 err <nil>]
           +738ms pid=46636 ppid=52308 +306ms drain-end []
           +738ms pid=46636 ppid=52308 +306ms sweep-end []
           +765ms pid=46636 ppid=52308 +333ms audit-end []
           +765ms pid=46636 ppid=52308 +333ms serving []
           +788ms pid=34480 ppid=55616 +326ms presend-start [by_in_ms 2952]
           +789ms pid=34480 ppid=55616 +327ms presend-end []
           +789ms pid=34480 ppid=55616 +327ms send-start [deadline_ms 10000]
           +799ms pid=34480 ppid=55616 +338ms connect [err <nil>]
           +839ms pid=34480 ppid=55616 +377ms reply [err <nil>]
           +839ms pid=34480 ppid=55616 +377ms send-end [ok true out true]
           +839ms pid=34480 ppid=55616 +377ms hook-end []
    zz_w5_coldstart_diag_test.go:442: ROW mode=prespawned  source=startup i=3 wall=  601ms sswall=  473ms overhead= 194ms presend=    0ms dialable=  181ms stall=  10ms up=  409ms(ok=true) spooled=false daemons=1 leaseOK=1 lockHeld=0 answer=probe                                    probe_minted=true  sessions=1 mode=full drop=""
    zz_w5_coldstart_diag_test.go:446: TIMELINE mode=prespawned source=startup i=3
            +47ms pid=56260 ppid=55616 +19ms hook-start [op observe.tool]
            +98ms pid=56260 ppid=55616 +70ms presend-start [by_in_ms -9223372036854]
            +98ms pid=56260 ppid=55616 +70ms presend-end []
            +98ms pid=56260 ppid=55616 +70ms send-start [deadline_ms 73]
            +98ms pid=56260 ppid=55616 +70ms connect [err open \\.\pipe\qompack.4c9590675001: The system cannot find the file specified.]
           +104ms pid=56260 ppid=55616 +76ms lazyspawn-claim [claim 1]
           +104ms pid=56260 ppid=55616 +76ms stage-start []
           +104ms pid=56260 ppid=55616 +76ms stage-end [err <nil>]
           +104ms pid=56260 ppid=55616 +76ms spawn-start [program C:\Users\Quant\AppData\Local\Temp\qompack-e2e-2983873838\qompack.exe]
           +114ms pid=56260 ppid=55616 +86ms spawn-started [child 4120]
           +115ms pid=56260 ppid=55616 +87ms send-end [ok false out false]
           +115ms pid=56260 ppid=55616 +87ms hook-end []
           +137ms pid=4120 ppid=56260 +16ms daemon-enter []
           +137ms pid=4120 ppid=56260 +16ms lease-try []
           +149ms pid=4120 ppid=56260 +28ms lease-result [err <nil>]
           +157ms pid=4120 ppid=56260 +36ms wired []
           +176ms pid=4120 ppid=56260 +54ms run-call []
           +176ms pid=4120 ppid=56260 +54ms run-enter []
           +176ms pid=4120 ppid=56260 +54ms lock-ok []
           +176ms pid=4120 ppid=56260 +55ms ing-started []
           +176ms pid=4120 ppid=56260 +55ms listen-start []
           +181ms pid=4120 ppid=56260 +59ms listening []
           +181ms pid=4120 ppid=56260 +59ms accepting []
           +187ms pid=4120 ppid=56260 +66ms state-written []
           +193ms pid=45372 ppid=55616 +28ms hook-start [op session.start]
           +194ms pid=4120 ppid=56260 +72ms drain-start []
           +374ms pid=4120 ppid=56260 +252ms drain-line [file client-56260.ndjson op observe.tool sess sess-zzw-prespawned-startup-3 ms 72 err <nil>]
           +390ms pid=4120 ppid=56260 +268ms drain-end []
           +390ms pid=4120 ppid=56260 +268ms sweep-end []
           +409ms pid=4120 ppid=56260 +288ms audit-end []
           +409ms pid=4120 ppid=56260 +288ms serving []
           +433ms pid=45372 ppid=55616 +268ms presend-start [by_in_ms 3010]
           +433ms pid=45372 ppid=55616 +268ms presend-end []
           +433ms pid=45372 ppid=55616 +268ms send-start [deadline_ms 10000]
           +433ms pid=45372 ppid=55616 +268ms connect [err <nil>]
           +472ms pid=45372 ppid=55616 +308ms reply [err <nil>]
           +472ms pid=45372 ppid=55616 +308ms send-end [ok true out true]
           +472ms pid=45372 ppid=55616 +308ms hook-end []
    zz_w5_coldstart_diag_test.go:442: ROW mode=prespawned  source=startup i=4 wall=  868ms sswall=  508ms overhead=  63ms presend=    1ms dialable=  433ms stall=  15ms up=  643ms(ok=true) spooled=false daemons=1 leaseOK=1 lockHeld=0 answer=probe                                    probe_minted=true  sessions=1 mode=full drop=""
    zz_w5_coldstart_diag_test.go:446: TIMELINE mode=prespawned source=startup i=4
            +67ms pid=47880 ppid=55616 +33ms hook-start [op observe.tool]
           +320ms pid=47880 ppid=55616 +286ms presend-start [by_in_ms -9223372036854]
           +320ms pid=47880 ppid=55616 +286ms presend-end []
           +320ms pid=47880 ppid=55616 +286ms send-start [deadline_ms 73]
           +320ms pid=47880 ppid=55616 +286ms connect [err open \\.\pipe\qompack.0d54b6073706: The system cannot find the file specified.]
           +333ms pid=47880 ppid=55616 +298ms lazyspawn-claim [claim 1]
           +333ms pid=47880 ppid=55616 +298ms stage-start []
           +333ms pid=47880 ppid=55616 +298ms stage-end [err <nil>]
           +333ms pid=47880 ppid=55616 +298ms spawn-start [program C:\Users\Quant\AppData\Local\Temp\qompack-e2e-2983873838\qompack.exe]
           +348ms pid=47880 ppid=55616 +314ms spawn-started [child 36652]
           +349ms pid=47880 ppid=55616 +315ms send-end [ok false out false]
           +349ms pid=47880 ppid=55616 +315ms hook-end []
           +381ms pid=36652 ppid=47880 +22ms daemon-enter []
           +381ms pid=36652 ppid=47880 +23ms lease-try []
           +400ms pid=36652 ppid=47880 +41ms lease-result [err <nil>]
           +406ms pid=53300 ppid=55616 +23ms hook-start [op session.start]
           +410ms pid=36652 ppid=47880 +51ms wired []
           +427ms pid=36652 ppid=47880 +68ms run-call []
           +427ms pid=36652 ppid=47880 +68ms run-enter []
           +428ms pid=36652 ppid=47880 +69ms lock-ok []
           +428ms pid=36652 ppid=47880 +69ms ing-started []
           +428ms pid=36652 ppid=47880 +69ms listen-start []
           +433ms pid=36652 ppid=47880 +75ms listening []
           +433ms pid=36652 ppid=47880 +75ms accepting []
           +439ms pid=36652 ppid=47880 +80ms state-written []
           +439ms pid=36652 ppid=47880 +81ms drain-start []
           +608ms pid=36652 ppid=47880 +249ms drain-line [file client-47880.ndjson op observe.tool sess sess-zzw-prespawned-startup-4 ms 65 err <nil>]
           +623ms pid=36652 ppid=47880 +265ms drain-end []
           +624ms pid=36652 ppid=47880 +266ms sweep-end []
           +643ms pid=36652 ppid=47880 +284ms audit-end []
           +643ms pid=36652 ppid=47880 +284ms serving []
           +806ms pid=53300 ppid=55616 +423ms presend-start [by_in_ms 2849]
           +807ms pid=53300 ppid=55616 +424ms presend-end []
           +807ms pid=53300 ppid=55616 +424ms send-start [deadline_ms 10000]
           +807ms pid=53300 ppid=55616 +424ms connect [err <nil>]
           +851ms pid=53300 ppid=55616 +468ms reply [err <nil>]
           +851ms pid=53300 ppid=55616 +468ms send-end [ok true out true]
           +851ms pid=53300 ppid=55616 +468ms hook-end []
    zz_w5_coldstart_diag_test.go:442: ROW mode=prespawned  source=resume  i=0 wall=  901ms sswall=  669ms overhead= 228ms presend=    0ms dialable=  327ms stall=  10ms up=  713ms(ok=true) spooled=false daemons=1 leaseOK=1 lockHeld=0 answer=probe                                    probe_minted=true  sessions=1 mode=full drop=""
    zz_w5_coldstart_diag_test.go:446: TIMELINE mode=prespawned source=resume i=0
            +63ms pid=56232 ppid=55616 +26ms hook-start [op observe.tool]
           +194ms pid=56232 ppid=55616 +157ms presend-start [by_in_ms -9223372036854]
           +194ms pid=56232 ppid=55616 +157ms presend-end []
           +194ms pid=56232 ppid=55616 +157ms send-start [deadline_ms 73]
           +194ms pid=56232 ppid=55616 +157ms connect [err open \\.\pipe\qompack.3c0b18400188: The system cannot find the file specified.]
           +202ms pid=56232 ppid=55616 +166ms lazyspawn-claim [claim 1]
           +203ms pid=56232 ppid=55616 +166ms stage-start []
           +203ms pid=56232 ppid=55616 +166ms stage-end [err <nil>]
           +203ms pid=56232 ppid=55616 +166ms spawn-start [program C:\Users\Quant\AppData\Local\Temp\qompack-e2e-2983873838\qompack.exe]
           +213ms pid=56232 ppid=55616 +176ms spawn-started [child 38288]
           +214ms pid=56232 ppid=55616 +177ms send-end [ok false out false]
           +214ms pid=56232 ppid=55616 +177ms hook-end []
           +252ms pid=38288 ppid=56232 +29ms daemon-enter []
           +253ms pid=38288 ppid=56232 +29ms lease-try []
           +272ms pid=38288 ppid=56232 +49ms lease-result [err <nil>]
           +288ms pid=38288 ppid=56232 +64ms wired []
           +317ms pid=38288 ppid=56232 +94ms run-call []
           +317ms pid=38288 ppid=56232 +94ms run-enter []
           +320ms pid=38288 ppid=56232 +97ms lock-ok []
           +320ms pid=38288 ppid=56232 +97ms ing-started []
           +320ms pid=38288 ppid=56232 +97ms listen-start []
           +327ms pid=38288 ppid=56232 +104ms listening []
           +327ms pid=38288 ppid=56232 +104ms accepting []
           +333ms pid=51488 ppid=55616 +33ms hook-start [op session.start]
           +336ms pid=51488 ppid=55616 +35ms presend-start [by_in_ms 3247]
           +336ms pid=51488 ppid=55616 +35ms presend-end []
           +336ms pid=51488 ppid=55616 +35ms send-start [deadline_ms 10000]
           +340ms pid=38288 ppid=56232 +116ms state-written []
           +340ms pid=38288 ppid=56232 +116ms drain-start []
           +347ms pid=51488 ppid=55616 +46ms connect [err <nil>]
           +666ms pid=38288 ppid=56232 +442ms drain-line [file client-56232.ndjson op observe.tool sess sess-zzw-prespawned-resume-0 ms 121 err <nil>]
           +689ms pid=38288 ppid=56232 +466ms drain-end []
           +690ms pid=38288 ppid=56232 +467ms sweep-end []
           +713ms pid=38288 ppid=56232 +489ms audit-end []
           +713ms pid=38288 ppid=56232 +489ms serving []
           +773ms pid=51488 ppid=55616 +473ms reply [err <nil>]
           +774ms pid=51488 ppid=55616 +473ms send-end [ok true out true]
           +774ms pid=51488 ppid=55616 +473ms hook-end []
    zz_w5_coldstart_diag_test.go:442: ROW mode=prespawned  source=resume  i=1 wall=  618ms sswall=  319ms overhead=  68ms presend=    1ms dialable=  359ms stall=  10ms up=  568ms(ok=true) spooled=false daemons=1 leaseOK=1 lockHeld=0 answer=probe                                    probe_minted=true  sessions=1 mode=full drop=""
    zz_w5_coldstart_diag_test.go:446: TIMELINE mode=prespawned source=resume i=1
            +48ms pid=54112 ppid=55616 +22ms hook-start [op observe.tool]
           +257ms pid=54112 ppid=55616 +231ms presend-start [by_in_ms -9223372036854]
           +257ms pid=54112 ppid=55616 +231ms presend-end []
           +257ms pid=54112 ppid=55616 +231ms send-start [deadline_ms 73]
           +257ms pid=54112 ppid=55616 +231ms connect [err open \\.\pipe\qompack.7aca7c62294f: The system cannot find the file specified.]
           +272ms pid=54112 ppid=55616 +246ms lazyspawn-claim [claim 1]
           +272ms pid=54112 ppid=55616 +246ms stage-start []
           +272ms pid=54112 ppid=55616 +246ms stage-end [err <nil>]
           +273ms pid=54112 ppid=55616 +247ms spawn-start [program C:\Users\Quant\AppData\Local\Temp\qompack-e2e-2983873838\qompack.exe]
           +283ms pid=54112 ppid=55616 +257ms spawn-started [child 51876]
           +283ms pid=54112 ppid=55616 +257ms send-end [ok false out false]
           +283ms pid=54112 ppid=55616 +257ms hook-end []
           +309ms pid=51876 ppid=54112 +18ms daemon-enter []
           +309ms pid=51876 ppid=54112 +18ms lease-try []
           +322ms pid=51876 ppid=54112 +31ms lease-result [err <nil>]
           +330ms pid=51876 ppid=54112 +39ms wired []
           +352ms pid=51876 ppid=54112 +61ms run-call []
           +352ms pid=51876 ppid=54112 +61ms run-enter []
           +353ms pid=51876 ppid=54112 +62ms lock-ok []
           +353ms pid=51876 ppid=54112 +62ms ing-started []
           +353ms pid=51876 ppid=54112 +62ms listen-start []
           +359ms pid=51876 ppid=54112 +68ms listening []
           +359ms pid=51876 ppid=54112 +68ms accepting []
           +360ms pid=55344 ppid=55616 +22ms hook-start [op session.start]
           +364ms pid=51876 ppid=54112 +73ms state-written []
           +365ms pid=51876 ppid=54112 +74ms drain-start []
           +500ms pid=55344 ppid=55616 +162ms presend-start [by_in_ms 3110]
           +501ms pid=55344 ppid=55616 +162ms presend-end []
           +501ms pid=55344 ppid=55616 +162ms send-start [deadline_ms 10000]
           +501ms pid=55344 ppid=55616 +162ms connect [err <nil>]
           +530ms pid=51876 ppid=54112 +239ms drain-line [file client-54112.ndjson op observe.tool sess sess-zzw-prespawned-resume-1 ms 65 err <nil>]
           +545ms pid=51876 ppid=54112 +254ms drain-end []
           +545ms pid=51876 ppid=54112 +254ms sweep-end []
           +568ms pid=51876 ppid=54112 +277ms audit-end []
           +568ms pid=51876 ppid=54112 +277ms serving []
           +611ms pid=55344 ppid=55616 +273ms reply [err <nil>]
           +611ms pid=55344 ppid=55616 +273ms send-end [ok true out true]
           +611ms pid=55344 ppid=55616 +273ms hook-end []
    zz_w5_coldstart_diag_test.go:442: ROW mode=prespawned  source=resume  i=2 wall= 3315ms sswall= 2463ms overhead= 196ms presend=    0ms dialable=  934ms stall= 158ms up= 1297ms(ok=true) spooled=false daemons=1 leaseOK=1 lockHeld=0 answer=probe                                    probe_minted=true  sessions=1 mode=full drop=""
    zz_w5_coldstart_diag_test.go:446: TIMELINE mode=prespawned source=resume i=2
           +128ms pid=55604 ppid=55616 +28ms hook-start [op observe.tool]
           +659ms pid=55604 ppid=55616 +560ms presend-start [by_in_ms -9223372036854]
           +659ms pid=55604 ppid=55616 +560ms presend-end []
           +659ms pid=55604 ppid=55616 +560ms send-start [deadline_ms 73]
           +660ms pid=55604 ppid=55616 +560ms connect [err open \\.\pipe\qompack.9d007d80fd3f: The system cannot find the file specified.]
           +667ms pid=55604 ppid=55616 +568ms lazyspawn-claim [claim 1]
           +667ms pid=55604 ppid=55616 +568ms stage-start []
           +667ms pid=55604 ppid=55616 +568ms stage-end [err <nil>]
           +667ms pid=55604 ppid=55616 +568ms spawn-start [program C:\Users\Quant\AppData\Local\Temp\qompack-e2e-2983873838\qompack.exe]
           +825ms pid=55604 ppid=55616 +726ms spawn-started [child 48204]
           +835ms pid=55604 ppid=55616 +736ms send-end [ok false out false]
           +835ms pid=55604 ppid=55616 +736ms hook-end []
           +856ms pid=48204 ppid=55604 +22ms daemon-enter []
           +856ms pid=48204 ppid=55604 +22ms lease-try []
           +870ms pid=48204 ppid=55604 +36ms lease-result [err <nil>]
           +879ms pid=48204 ppid=55604 +45ms wired []
           +914ms pid=48204 ppid=55604 +80ms run-call []
           +914ms pid=48204 ppid=55604 +80ms run-enter []
           +915ms pid=48204 ppid=55604 +81ms lock-ok []
           +915ms pid=48856 ppid=55616 +27ms hook-start [op session.start]
           +916ms pid=48204 ppid=55604 +82ms ing-started []
           +916ms pid=48204 ppid=55604 +82ms listen-start []
           +934ms pid=48204 ppid=55604 +100ms listening []
           +934ms pid=48204 ppid=55604 +100ms accepting []
           +940ms pid=48204 ppid=55604 +106ms state-written []
           +940ms pid=48204 ppid=55604 +106ms drain-start []
          +1230ms pid=48204 ppid=55604 +396ms drain-line [file client-55604.ndjson op observe.tool sess sess-zzw-prespawned-resume-2 ms 124 err <nil>]
          +1261ms pid=48204 ppid=55604 +427ms drain-end []
          +1262ms pid=48204 ppid=55604 +428ms sweep-end []
          +1297ms pid=48204 ppid=55604 +463ms audit-end []
          +1297ms pid=48204 ppid=55604 +463ms serving []
          +3131ms pid=48856 ppid=55616 +2243ms presend-start [by_in_ms 1034]
          +3131ms pid=48856 ppid=55616 +2243ms presend-end []
          +3131ms pid=48856 ppid=55616 +2243ms send-start [deadline_ms 10000]
          +3142ms pid=48856 ppid=55616 +2254ms connect [err <nil>]
          +3181ms pid=48856 ppid=55616 +2294ms reply [err <nil>]
          +3182ms pid=48856 ppid=55616 +2295ms send-end [ok true out true]
          +3182ms pid=48856 ppid=55616 +2295ms hook-end []
    zz_w5_coldstart_diag_test.go:442: ROW mode=prespawned  source=resume  i=3 wall= 2409ms sswall= 1864ms overhead= 355ms presend=    1ms dialable=  623ms stall=  17ms up=  963ms(ok=true) spooled=false daemons=1 leaseOK=1 lockHeld=0 answer=probe                                    probe_minted=true  sessions=1 mode=full drop=""
    zz_w5_coldstart_diag_test.go:446: TIMELINE mode=prespawned source=resume i=3
           +111ms pid=51224 ppid=55616 +34ms hook-start [op observe.tool]
           +488ms pid=51224 ppid=55616 +411ms presend-start [by_in_ms -9223372036854]
           +488ms pid=51224 ppid=55616 +411ms presend-end []
           +488ms pid=51224 ppid=55616 +411ms send-start [deadline_ms 73]
           +488ms pid=51224 ppid=55616 +411ms connect [err open \\.\pipe\qompack.c058addb4ed7: The system cannot find the file specified.]
           +495ms pid=51224 ppid=55616 +418ms lazyspawn-claim [claim 1]
           +495ms pid=51224 ppid=55616 +418ms stage-start []
           +495ms pid=51224 ppid=55616 +418ms stage-end [err <nil>]
           +495ms pid=51224 ppid=55616 +418ms spawn-start [program C:\Users\Quant\AppData\Local\Temp\qompack-e2e-2983873838\qompack.exe]
           +512ms pid=51224 ppid=55616 +435ms spawn-started [child 51840]
           +513ms pid=51224 ppid=55616 +436ms send-end [ok false out false]
           +513ms pid=51224 ppid=55616 +436ms hook-end []
           +551ms pid=51840 ppid=51224 +27ms daemon-enter []
           +551ms pid=51840 ppid=51224 +27ms lease-try []
           +580ms pid=51840 ppid=51224 +55ms lease-result [err <nil>]
           +589ms pid=51840 ppid=51224 +65ms wired []
           +616ms pid=51840 ppid=51224 +92ms run-call []
           +616ms pid=51840 ppid=51224 +92ms run-enter []
           +616ms pid=51840 ppid=51224 +92ms lock-ok []
           +616ms pid=51840 ppid=51224 +92ms ing-started []
           +617ms pid=51840 ppid=51224 +93ms listen-start []
           +623ms pid=51840 ppid=51224 +99ms listening []
           +623ms pid=51840 ppid=51224 +99ms accepting []
           +628ms pid=51840 ppid=51224 +104ms state-written []
           +628ms pid=51840 ppid=51224 +104ms drain-start []
           +712ms pid=53004 ppid=55616 +47ms hook-start [op session.start]
           +907ms pid=51840 ppid=51224 +383ms drain-line [file client-51224.ndjson op observe.tool sess sess-zzw-prespawned-resume-3 ms 132 err <nil>]
           +933ms pid=51840 ppid=51224 +409ms drain-end []
           +933ms pid=51840 ppid=51224 +409ms sweep-end []
           +963ms pid=51840 ppid=51224 +439ms audit-end []
           +963ms pid=51840 ppid=51224 +439ms serving []
          +1691ms pid=53004 ppid=55616 +1026ms presend-start [by_in_ms 2271]
          +1692ms pid=53004 ppid=55616 +1027ms presend-end []
          +1692ms pid=53004 ppid=55616 +1027ms send-start [deadline_ms 10000]
          +1703ms pid=53004 ppid=55616 +1038ms connect [err <nil>]
          +2221ms pid=53004 ppid=55616 +1556ms reply [err <nil>]
          +2221ms pid=53004 ppid=55616 +1556ms send-end [ok true out true]
          +2221ms pid=53004 ppid=55616 +1556ms hook-end []
    zz_w5_coldstart_diag_test.go:442: ROW mode=prespawned  source=resume  i=4 wall= 3741ms sswall= 3221ms overhead= 207ms presend=    0ms dialable=  719ms stall=  11ms up= 3146ms(ok=true) spooled=false daemons=1 leaseOK=1 lockHeld=0 answer=probe                                    probe_minted=true  sessions=1 mode=full drop=""
    zz_w5_coldstart_diag_test.go:446: TIMELINE mode=prespawned source=resume i=4
           +115ms pid=54464 ppid=55616 +33ms hook-start [op observe.tool]
           +371ms pid=54464 ppid=55616 +289ms presend-start [by_in_ms -9223372036854]
           +371ms pid=54464 ppid=55616 +289ms presend-end []
           +371ms pid=54464 ppid=55616 +289ms send-start [deadline_ms 73]
           +372ms pid=54464 ppid=55616 +289ms connect [err open \\.\pipe\qompack.d93076645cf4: The system cannot find the file specified.]
           +378ms pid=54464 ppid=55616 +296ms lazyspawn-claim [claim 1]
           +378ms pid=54464 ppid=55616 +296ms stage-start []
           +378ms pid=54464 ppid=55616 +296ms stage-end [err <nil>]
           +378ms pid=54464 ppid=55616 +296ms spawn-start [program C:\Users\Quant\AppData\Local\Temp\qompack-e2e-2983873838\qompack.exe]
           +389ms pid=54464 ppid=55616 +307ms spawn-started [child 51668]
           +394ms pid=54464 ppid=55616 +312ms send-end [ok false out false]
           +394ms pid=54464 ppid=55616 +312ms hook-end []
           +426ms pid=51668 ppid=54464 +24ms daemon-enter []
           +427ms pid=51668 ppid=54464 +24ms lease-try []
           +447ms pid=51668 ppid=54464 +44ms lease-result [err <nil>]
           +456ms pid=51668 ppid=54464 +53ms wired []
           +604ms pid=51976 ppid=55616 +27ms hook-start [op session.start]
           +713ms pid=51668 ppid=54464 +310ms run-call []
           +713ms pid=51668 ppid=54464 +310ms run-enter []
           +713ms pid=51668 ppid=54464 +310ms lock-ok []
           +713ms pid=51668 ppid=54464 +310ms ing-started []
           +713ms pid=51668 ppid=54464 +310ms listen-start []
           +719ms pid=51668 ppid=54464 +316ms listening []
           +719ms pid=51668 ppid=54464 +316ms accepting []
           +724ms pid=51668 ppid=54464 +322ms state-written []
           +734ms pid=51668 ppid=54464 +331ms drain-start []
          +1045ms pid=51976 ppid=55616 +468ms presend-start [by_in_ms 2809]
          +1045ms pid=51976 ppid=55616 +468ms presend-end []
          +1045ms pid=51976 ppid=55616 +468ms send-start [deadline_ms 10000]
          +1045ms pid=51976 ppid=55616 +468ms connect [err <nil>]
          +2716ms pid=51668 ppid=54464 +2313ms watchdog-stack [i 0 after 2s]
          +2818ms pid=51668 ppid=54464 +2415ms drain-line [file client-54464.ndjson op observe.tool sess sess-zzw-prespawned-resume-4 ms 589 err <nil>]
          +2836ms pid=51668 ppid=54464 +2433ms drain-end []
          +2836ms pid=51668 ppid=54464 +2433ms sweep-end []
          +3146ms pid=51668 ppid=54464 +2744ms audit-end []
          +3146ms pid=51668 ppid=54464 +2744ms serving []
          +3618ms pid=51976 ppid=55616 +3041ms reply [err <nil>]
          +3618ms pid=51976 ppid=55616 +3041ms send-end [ok true out true]
          +3618ms pid=51976 ppid=55616 +3041ms hook-end []
        STACK 51668-stack-0.txt:
        goroutine 1 [syscall]:
        syscall.syscalln(0x0?, 0x0?, {0x39860b77b798?, 0x0?, 0x0?})
        	C:/Users/Quant/go/pkg/mod/golang.org/toolchain@v0.0.1-go1.26.6.windows-amd64/src/runtime/syscall_windows.go:431 +0x4e
        syscall.SyscallN(0xa7?, {0x39860b77b798?, 0xa5?, 0x39860ae126e0?})
        	C:/Users/Quant/go/pkg/mod/golang.org/toolchain@v0.0.1-go1.26.6.windows-amd64/src/syscall/dll_windows.go:99 +0x1e
        syscall.createFile(0x39860ad96000?, 0x80000000, 0x3, 0x0?, 0x3, 0x2200001, 0x0)
        	C:/Users/Quant/go/pkg/mod/golang.org/toolchain@v0.0.1-go1.26.6.windows-amd64/src/syscall/zsyscall_windows.go:507 +0xee
        syscall.Open({0x39860ad96000?, 0xb0?}, 0x280000, 0x0)
        	C:/Users/Quant/go/pkg/mod/golang.org/toolchain@v0.0.1-go1.26.6.windows-amd64/src/syscall/syscall_windows.go:444 +0x1b1
        os.openFileNolog({0x39860ad96000, 0xa6}, 0x200000, 0xb77b9f0?)
        	C:/Users/Quant/go/pkg/mod/golang.org/toolchain@v0.0.1-go1.26.6.windows-amd64/src/os/file_windows.go:158 +0xa7
        os.OpenFile({0x39860ad96000, 0xa6}, 0x200000, 0x0)
        	C:/Users/Quant/go/pkg/mod/golang.org/toolchain@v0.0.1-go1.26.6.windows-amd64/src/os/file.go:412 +0x3e
        github.com/qompack/qompack/internal/store.openObjectLeaf({0x39860ad96000, 0xa6})
        	C:/Users/Quant/AppData/Local/Temp/claude/C--Users-Quant-Documents-Programming-Projects-qompack/9c57653d-e5ff-4791-8ab4-ad49457994c1/scratchpad/w5/coldstart/final/internal/store/object_open_windows.go:37 +0x28
        github.com/qompack/qompack/internal/store.readBoundedObject({0x39860ad96000?, 0x862d35480164155b?}, 0x4000611)
        	C:/Users/Quant/AppData/Local/Temp/claude/C--Users-Quant-Documents-Programming-Projects-qompack/9c57653d-e5ff-4791-8ab4-ad49457994c1/scratchpad/w5/coldstart/final/internal/store/objects.go:370 +0x4d
        github.com/qompack/qompack/internal/store.(*FSStore).readObjectFile(0x39860b112008, {0x6a, 0x50, 0xd2, 0x83, 0xa8, 0xb5, 0x2d, 0x8c, 0x5b, ...})
        	C:/Users/Quant/AppData/Local/Temp/claude/C--Users-Quant-Documents-Programming-Projects-qompack/9c57653d-e5ff-4791-8ab4-ad49457994c1/scratchpad/w5/coldstart/final/internal/store/objects.go:312 +0x10f
        github.com/qompack/qompack/internal/store.(*FSStore).getObject(0x39860b112008, {0x6a, 0x50, 0xd2, 0x83, 0xa8, 0xb5, 0x2d, 0x8c, 0x5b, ...}, ...)
        	C:/Users/Quant/AppData/Local/Temp/claude/C--Users-Quant-Documents-Programming-Projects-qompack/9c57653d-e5ff-4791-8ab4-ad49457994c1/scratchpad/w5/coldstart/final/internal/store/objects.go:553 +0x4f
        github.com/qompack/qompack/internal/store.(*FSStore).GetChunk(0x39860b112008, {0x7ff6d4f99188?, 0x39860adc72f0?}, {0x6a, 0x50, 0xd2, 0x83, 0xa8, 0xb5, 0x2d, ...})
        	C:/Users/Quant/AppData/Local/Temp/claude/C--Users-Quant-Documents-Programming-Projects-qompack/9c57653d-e5ff-4791-8ab4-ad49457994c1/scratchpad/w5/coldstart/final/internal/store/read.go:41 +0x11a
        github.com/qompack/qompack/internal/store.(*FSStore).SyncPublication(0x39860b112008, {0x7ff6d4f99188, 0x39860adc72f0}, {0xdb, 0xe9, 0x2e, 0xf3, 0x4f, 0xe2, 0x9d, ...})
        	C:/Users/Quant/AppData/Local/Temp/claude/C--Users-Quant-Documents-Programming-Projects-qompack/9c57653d-e5ff-4791-8ab4-ad49457994c1/scratchpad/w5/coldstart/final/internal/store/publication_sync.go:91 +0x246
        github.com/qompack/qompack/internal/store.(*FSStore).publishObservation(_, {_, _}, {{0x39860acfc3d8, 0x12}, {0x39860acf4500, 0x1c}, 0x0, 0x1a0e023012f, {0x7ff6d4f5a75f, ...}, ...}, ...)
        	C:/Users/Quant/AppData/Local/Temp/claude/C--Users-Quant-Documents-Programming-Projects-qompack/9c57653d-e5ff-4791-8ab4-ad49457994c1/scratchpad/w5/coldstart/final/internal/store/observation_publication.go:688 +0x108
        github.com/qompack/qompack/internal/store.(*FSStore).RecordToolUseSuperseding(_, {_, _}, {{0x39860acfc3d8, 0x12}, {0x39860acf4500, 0x1c}, 0x0, 0x1a0e023012f, {0x7ff6d4f5a75f, ...}, ...}, ...)
        	C:/Users/Quant/AppData/Local/Temp/claude/C--Users-Quant-Documents-Programming-Projects-qompack/9c57653d-e5ff-4791-8ab4-ad49457994c1/scratchpad/w5/coldstart/final/internal/store/tooluseindex.go:344 +0x375
        github.com/qompack/qompack/internal/observer.(*observer).publishRecord(_, {_, _}, {{0x39860acfc3d8, 0x12}, {0x39860acf4500, 0x1c}, 0x0, 0x1a0e023012f, {0x7ff6d4f5a75f, ...}, ...}, ...)
        	C:/Users/Quant/AppData/Local/Temp/claude/C--Users-Quant-Documents-Programming-Projects-qompack/9c57653d-e5ff-4791-8ab4-ad49457994c1/scratchpad/w5/coldstart/final/internal/observer/supersede.go:110 +0x1cd
        github.com/qompack/qompack/internal/observer.(*observer).onToolUse(0x39860b260508, {0x7ff6d4f99188, 0x39860adc72f0}, {{0x39860acea9a0, 0xb}, {0x39860acf4500, 0x1c}, {0x0, 0x0}, {0x39860acf2690, ...}, ...})
        	C:/Users/Quant/AppData/Local/Temp/claude/C--Users-Quant-Documents-Programming-Projects-qompack/9c57653d-e5ff-4791-8ab4-ad49457994c1/scratchpad/w5/coldstart/final/internal/observer/tooluse.go:201 +0x1a3d
        github.com/qompack/qompack/internal/observer.(*observer).OnToolUse.func1()
        	C:/Users/Quant/AppData/Local/Temp/claude/C--Users-Quant-Documents-Programming-Projects-qompack/9c57653d-e5ff-4791-8ab4-ad49457994c1/scratchpad/w5/coldstart/final/internal/observer/tooluse.go:64 +0x85
        github.com/qompack/qompack/internal/obs.Timed({0x7ff6d4f989b0, 0x39860b176900}, 0x39860b77d378)
        	C:/Users/Quant/AppData/Local/Temp/claude/C--Users-Quant-Documents-Programming-Projects-qompack/9c57653d-e5ff-4791-8ab4-ad49457994c1/scratchpad/w5/coldstart/final/internal/obs/registry.go:180 +0x3e
        github.com/qompack/qompack/internal/observer.(*observer).timed(0x39860b236020?, {0x7ff6d4f5fbb7?, 0xc9?}, 0x39860b77d378)
        	C:/Users/Quant/AppData/Local/Temp/claude/C--Users-Quant-Documents-Programming-Projects-qompack/9c57653d-e5ff-4791-8ab4-ad49457994c1/scratchpad/w5/coldstart/final/internal/observer/observer.go:460 +0x3b
        github.com/qompack/qompack/internal/observer.(*observer).OnToolUse(0x0?, {0x7ff6d4f99188?, 0x39860adc72f0?}, {{0x39860acea9a0, 0xb}, {0x39860acf4500, 0x1c}, {0x0, 0x0}, {0x39860acf2690, ...}, ...})
        	C:/Users/Quant/AppData/Local/Temp/claude/C--Users-Quant-Documents-Programming-Projects-qompack/9c57653d-e5ff-4791-8ab4-ad49457994c1/scratchpad/w5/coldstart/final/internal/observer/tooluse.go:62 +0x9f
        github.com/qompack/qompack/internal/daemon.WireObserver.func4.1({0x7ff6d4f99188?, 0x39860adc72f0?}, {{0x39860acea9a0, 0xb}, {0x39860acf4500, 0x1c}, {0x0, 0x0}, {0x39860acf2690, 0x4a}, ...})
        	C:/Users/Quant/AppData/Local/Temp/claude/C--Users-Quant-Documents-Programming-Projects-qompack/9c57653d-e5ff-4791-8ab4-ad49457994c1/scratchpad/w5/coldstart/final/internal/daemon/observer_ops.go:159 +0x8d
        github.com/qompack/qompack/internal/daemon.WrapServicesForScheduler.func2({0x7ff6d4f99188, 0x39860adc72f0}, {{0x39860acea9a0, 0xb}, {0x39860acf4500, 0x1c}, {0x0, 0x0}, {0x39860acf2690, 0x4a}, ...})
        	C:/Users/Quant/AppData/Local/Temp/claude/C--Users-Quant-Documents-Programming-Projects-qompack/9c57653d-e5ff-4791-8ab4-ad49457994c1/scratchpad/w5/coldstart/final/internal/daemon/scheduler_tap.go:90 +0xb2
        github.com/qompack/qompack/internal/daemon.(*daemon).orderAfterCompactBookkeeping.func1({0x7ff6d4f99188, 0x39860adc72f0}, {{0x39860acea9a0, 0xb}, {0x39860acf4500, 0x1c}, {0x0, 0x0}, {0x39860acf2690, 0x4a}, ...})
        	C:/Users/Quant/AppData/Local/Temp/claude/C--Users-Quant-Documents-Programming-Projects-qompack/9c57653d-e5ff-4791-8ab4-ad49457994c1/scratchpad/w5/coldstart/final/internal/daemon/session_start_compact.go:445 +0xc3
        github.com/qompack/qompack/internal/daemon.(*daemon).runIngested(0x39860acec708, {0x7ff6d4f99188, 0x39860adc72f0}, {{0x39860acea990, 0xc}, {0x39860acf44e0, 0x1c}, 0x1a0e022f8cb, 0x0, 0x39860ad0c680, ...})
        	C:/Users/Quant/AppData/Local/Temp/claude/C--Users-Quant-Documents-Programming-Projects-qompack/9c57653d-e5ff-4791-8ab4-ad49457994c1/scratchpad/w5/coldstart/final/internal/daemon/daemon.go:1015 +0x964
        github.com/qompack/qompack/internal/daemon.(*daemon).drainDispatch(0x7ff6d4a4d7c5?, {0x7ff6d4f99188?, 0x39860adc72f0?}, {{0x39860acea990, 0xc}, {0x39860acf44e0, 0x1c}, 0x1a0e022f8cb, 0x0, 0x39860ad0c680, ...})
        	C:/Users/Quant/AppData/Local/Temp/claude/C--Users-Quant-Documents-Programming-Projects-qompack/9c57653d-e5ff-4791-8ab4-ad49457994c1/scratchpad/w5/coldstart/final/internal/daemon/daemon.go:1101 +0x12f
        github.com/qompack/qompack/internal/daemon.(*drainer).dispatchPending(0x39860b03e480, {_, _}, {{0x39860acea990, 0xc}, {0x39860acf44e0, 0x1c}, 0x1a0e022f8cb, 0x0, 0x39860ad0c680, ...}, ...)
        	C:/Users/Quant/AppData/Local/Temp/claude/C--Users-Quant-Documents-Programming-Projects-qompack/9c57653d-e5ff-4791-8ab4-ad49457994c1/scratchpad/w5/coldstart/final/internal/daemon/drain.go:1290 +0xad2
        github.com/qompack/qompack/internal/daemon.(*drainer).drainFile.func3({{{0x39860acea990, 0xc}, {0x39860acf44e0, 0x1c}, 0x1a0e022f8cb, 0x0, 0x39860ad0c680, {0x0, 0x0, 0x0}, ...}, ...})
        	C:/Users/Quant/AppData/Local/Temp/claude/C--Users-Quant-Documents-Programming-Projects-qompack/9c57653d-e5ff-4791-8ab4-ad49457994c1/scratchpad/w5/coldstart/final/internal/daemon/drain.go:598 +0x945
        github.com/qompack/qompack/internal/daemon.(*drainer).drainFile(0x39860b03e480, {0x7ff6d4f991c0, 0x39860b0ce140}, {0x39860ad04600, 0x6d}, 0x39860b0b08d0, 0x39860b77f048)
        	C:/Users/Quant/AppData/Local/Temp/claude/C--Users-Quant-Documents-Programming-Projects-qompack/9c57653d-e5ff-4791-8ab4-ad49457994c1/scratchpad/w5/coldstart/final/internal/daemon/drain.go:780 +0x1f66
        github.com/qompack/qompack/internal/daemon.(*drainer).pass(0x39860b03e480, {0x7ff6d4f991c0, 0x39860b0ce140}, 0x0)
        	C:/Users/Quant/AppData/Local/Temp/claude/C--Users-Quant-Documents-Programming-Projects-qompack/9c57653d-e5ff-4791-8ab4-ad49457994c1/scratchpad/w5/coldstart/final/internal/daemon/drain.go:388 +0xa26
        github.com/qompack/qompack/internal/daemon.(*drainer).Drain(...)
        	C:/Users/Quant/AppData/Local/Temp/claude/C--Users-Quant-Documents-Programming-Projects-qompack/9c57653d-e5ff-4791-8ab4-ad49457994c1/scratchpad/w5/coldstart/final/internal/daemon/drain.go:322
        github.com/qompack/qompack/internal/daemon.(*daemon).Drain(0x7ff6d4f5c2df?, {0x7ff6d4f991c0?, 0x39860b0ce140?})
        	C:/Users/Quant/AppData/Local/Temp/claude/C--Users-Quant-Documents-Programming-Projects-qompack/9c57653d-e5ff-4791-8ab4-ad49457994c1/scratchpad/w5/coldstart/final/internal/daemon/daemon.go:990 +0x2c
        github.com/qompack/qompack/internal/daemon.(*daemon).Run(0x39860acec708, {0x7ff6d4f991c0, 0x39860b0ce0f0})
        	C:/Users/Quant/AppData/Local/Temp/claude/C--Users-Quant-Documents-Programming-Projects-qompack/9c57653d-e5ff-4791-8ab4-ad49457994c1/scratchpad/w5/coldstart/final/internal/daemon/daemon.go:744 +0x1498
        github.com/qompack/qompack/internal/cli.runDaemon({0x7ff6d4f99150, 0x7ff6d5351840}, {0x7ff6d4f90910, {0x7ff6d4f97020, 0x39860ae02028}, 0x39860b02b140, {0x7ff6d4f97d20, 0x7ff6d5351840}, {0x0, 0x0}, ...}, ...)
        	C:/Users/Quant/AppData/Local/Temp/claude/C--Users-Quant-Documents-Programming-Projects-qompack/9c57653d-e5ff-4791-8ab4-ad49457994c1/scratchpad/w5/coldstart/final/internal/cli/daemon.go:194 +0x15b8
        github.com/qompack/qompack/internal/cli.runGuarded({0x7ff6d4f99150, 0x7ff6d5351840}, {{0x7ff6d4f59698, 0x6}, {0x7ff6d4f6f12a, 0x23}, 0x0, 0x7ff6d4f90a10}, {0x7ff6d4f90910, {0x7ff6d4f97020, ...}, ...}, ...)
        	C:/Users/Quant/AppData/Local/Temp/claude/C--Users-Quant-Documents-Programming-Projects-qompack/9c57653d-e5ff-4791-8ab4-ad49457994c1/scratchpad/w5/coldstart/final/internal/cli/recover.go:50 +0x1ea
        github.com/qompack/qompack/internal/cli.Dispatch({0x7ff6d4f99150, 0x7ff6d5351840}, {0x39860aea4a08, 0x1a, 0x1a}, {0x39860ae38000, 0x4, 0x4}, {0x7ff6d4f90910, {0x7ff6d4f97020, ...}, ...}, ...)
        	C:/Users/Quant/AppData/Local/Temp/claude/C--Users-Quant-Documents-Programming-Projects-qompack/9c57653d-e5ff-4791-8ab4-ad49457994c1/scratchpad/w5/coldstart/final/internal/cli/dispatch.go:115 +0x8b1
        main.main()
        	C:/Users/Quant/AppData/Local/Temp/claude/C--Users-Quant-Documents-Programming-Projects-qompack/9c57653d-e5ff-4791-8ab4-ad49457994c1/scratchpad/w5/coldstart/final/cmd/qompack/main.go:29 +0x13a
        
        goroutine 22 [select]:
        github.com/qompack/qompack/internal/cli.runDaemon.func4()
        	C:/Users/Quant/AppData/Local/Temp/claude/C--Users-Quant-Documents-Programming-Projects-qompack/9c57653d-e5ff-4791-8ab4-ad49457994c1/scratchpad/w5/coldstart/final/internal/cli/daemon.go:186 +0x69
        created by github.com/qompack/qompack/internal/cli.runDaemon in goroutine 1
        	C:/Users/Quant/AppData/Local/Temp/claude/C--Users-Quant-Documents-Programming-Projects-qompack/9c57653d-e5ff-4791-8ab4-ad49457994c1/scratchpad/w5/coldstart/final/internal/cli/daemon.go:185 +0x1577
    zz_w5_coldstart_diag_test.go:442: ROW mode=prespawned  source=compact i=0 wall= 1032ms sswall=  719ms overhead=  72ms presend=    1ms dialable=  494ms stall=  11ms up=  921ms(ok=true) spooled=false daemons=1 leaseOK=1 lockHeld=0 answer=rehydration+probe                        probe_minted=true  sessions=2 mode=full drop="pointer_git_unavailable:checkpoint: no .git at the project root"
    zz_w5_coldstart_diag_test.go:446: TIMELINE mode=prespawned source=compact i=0
            +89ms pid=55064 ppid=55616 +31ms hook-start [op observe.tool]
           +284ms pid=55064 ppid=55616 +227ms presend-start [by_in_ms -9223372036854]
           +285ms pid=55064 ppid=55616 +227ms presend-end []
           +285ms pid=55064 ppid=55616 +227ms send-start [deadline_ms 73]
           +285ms pid=55064 ppid=55616 +227ms connect [err open \\.\pipe\qompack.e80b2a954305: The system cannot find the file specified.]
           +291ms pid=55064 ppid=55616 +233ms lazyspawn-claim [claim 1]
           +291ms pid=55064 ppid=55616 +233ms stage-start []
           +291ms pid=55064 ppid=55616 +233ms stage-end [err <nil>]
           +291ms pid=55064 ppid=55616 +233ms spawn-start [program C:\Users\Quant\AppData\Local\Temp\qompack-e2e-2983873838\qompack.exe]
           +302ms pid=55064 ppid=55616 +244ms spawn-started [child 46636]
           +303ms pid=55064 ppid=55616 +245ms send-end [ok false out false]
           +303ms pid=55064 ppid=55616 +245ms hook-end []
           +328ms pid=46636 ppid=55064 +18ms daemon-enter []
           +328ms pid=46636 ppid=55064 +18ms lease-try []
           +342ms pid=46636 ppid=55064 +31ms lease-result [err <nil>]
           +368ms pid=53516 ppid=55616 +22ms hook-start [op session.start]
           +448ms pid=46636 ppid=55064 +137ms wired []
           +469ms pid=46636 ppid=55064 +158ms run-call []
           +469ms pid=46636 ppid=55064 +158ms run-enter []
           +469ms pid=46636 ppid=55064 +158ms lock-ok []
           +490ms pid=46636 ppid=55064 +180ms ing-started []
           +490ms pid=46636 ppid=55064 +180ms listen-start []
           +494ms pid=46636 ppid=55064 +183ms listening []
           +494ms pid=46636 ppid=55064 +183ms accepting []
           +500ms pid=46636 ppid=55064 +189ms state-written []
           +500ms pid=46636 ppid=55064 +189ms drain-start []
           +830ms pid=46636 ppid=55064 +520ms drain-line [file client-55064.ndjson op observe.tool sess sess-zzw-prespawned-compact-0 ms 106 err <nil>]
           +862ms pid=46636 ppid=55064 +552ms drain-line [file client-55616.ndjson op admin.shutdown sess  ms 0 err <nil>]
           +862ms pid=46636 ppid=55064 +552ms drain-line [file client-55616.ndjson op admin.shutdown sess  ms 0 err <nil>]
           +870ms pid=53516 ppid=55616 +524ms presend-start [by_in_ms 2748]
           +871ms pid=53516 ppid=55616 +525ms presend-end []
           +871ms pid=53516 ppid=55616 +525ms send-start [deadline_ms 10000]
           +871ms pid=53516 ppid=55616 +525ms connect [err <nil>]
           +879ms pid=46636 ppid=55064 +568ms drain-end []
           +880ms pid=46636 ppid=55064 +569ms sweep-end []
           +921ms pid=46636 ppid=55064 +611ms audit-end []
           +921ms pid=46636 ppid=55064 +611ms serving []
          +1015ms pid=53516 ppid=55616 +669ms reply [err <nil>]
          +1015ms pid=53516 ppid=55616 +669ms send-end [ok true out true]
          +1015ms pid=53516 ppid=55616 +669ms hook-end []
    zz_w5_coldstart_diag_test.go:442: ROW mode=prespawned  source=compact i=1 wall= 1172ms sswall=  856ms overhead= 108ms presend=    0ms dialable=  618ms stall=  10ms up= 1024ms(ok=true) spooled=false daemons=1 leaseOK=1 lockHeld=0 answer=rehydration+probe                        probe_minted=true  sessions=2 mode=full drop="pointer_git_unavailable:checkpoint: no .git at the project root"
    zz_w5_coldstart_diag_test.go:446: TIMELINE mode=prespawned source=compact i=1
            +54ms pid=52004 ppid=55616 +23ms hook-start [op observe.tool]
           +289ms pid=52004 ppid=55616 +258ms presend-start [by_in_ms -9223372036854]
           +289ms pid=52004 ppid=55616 +258ms presend-end []
           +289ms pid=52004 ppid=55616 +258ms send-start [deadline_ms 73]
           +289ms pid=52004 ppid=55616 +258ms connect [err open \\.\pipe\qompack.3960f241b60c: The system cannot find the file specified.]
           +295ms pid=52004 ppid=55616 +264ms lazyspawn-claim [claim 1]
           +295ms pid=52004 ppid=55616 +264ms stage-start []
           +295ms pid=52004 ppid=55616 +264ms stage-end [err <nil>]
           +295ms pid=52004 ppid=55616 +264ms spawn-start [program C:\Users\Quant\AppData\Local\Temp\qompack-e2e-2983873838\qompack.exe]
           +305ms pid=52004 ppid=55616 +274ms spawn-started [child 55280]
           +307ms pid=52004 ppid=55616 +277ms send-end [ok false out false]
           +307ms pid=52004 ppid=55616 +277ms hook-end []
           +335ms pid=55280 ppid=52004 +21ms daemon-enter []
           +335ms pid=55280 ppid=52004 +21ms lease-try []
           +382ms pid=55280 ppid=52004 +67ms lease-result [err <nil>]
           +409ms pid=44396 ppid=55616 +26ms hook-start [op session.start]
           +529ms pid=55280 ppid=52004 +214ms wired []
           +587ms pid=55280 ppid=52004 +273ms run-call []
           +587ms pid=55280 ppid=52004 +273ms run-enter []
           +590ms pid=55280 ppid=52004 +276ms lock-ok []
           +611ms pid=55280 ppid=52004 +296ms ing-started []
           +611ms pid=55280 ppid=52004 +296ms listen-start []
           +618ms pid=55280 ppid=52004 +303ms listening []
           +618ms pid=55280 ppid=52004 +303ms accepting []
           +624ms pid=55280 ppid=52004 +309ms state-written []
           +624ms pid=55280 ppid=52004 +309ms drain-start []
           +742ms pid=44396 ppid=55616 +359ms presend-start [by_in_ms 2917]
           +742ms pid=44396 ppid=55616 +359ms presend-end []
           +742ms pid=44396 ppid=55616 +359ms send-start [deadline_ms 10000]
           +754ms pid=44396 ppid=55616 +371ms connect [err <nil>]
           +953ms pid=55280 ppid=52004 +639ms drain-line [file client-52004.ndjson op observe.tool sess sess-zzw-prespawned-compact-1 ms 73 err <nil>]
           +970ms pid=55280 ppid=52004 +656ms drain-end []
           +971ms pid=55280 ppid=52004 +656ms sweep-end []
          +1024ms pid=55280 ppid=52004 +709ms audit-end []
          +1024ms pid=55280 ppid=52004 +709ms serving []
          +1156ms pid=44396 ppid=55616 +773ms reply [err <nil>]
          +1157ms pid=44396 ppid=55616 +773ms send-end [ok true out true]
          +1157ms pid=44396 ppid=55616 +773ms hook-end []
    zz_w5_coldstart_diag_test.go:442: ROW mode=prespawned  source=compact i=2 wall=  877ms sswall=  622ms overhead=  81ms presend=    0ms dialable=  479ms stall=  19ms up=  783ms(ok=true) spooled=false daemons=1 leaseOK=1 lockHeld=0 answer=rehydration+probe                        probe_minted=true  sessions=2 mode=full drop="pointer_git_unavailable:checkpoint: no .git at the project root"
    zz_w5_coldstart_diag_test.go:446: TIMELINE mode=prespawned source=compact i=2
            +56ms pid=41616 ppid=55616 +29ms hook-start [op observe.tool]
           +215ms pid=41616 ppid=55616 +188ms presend-start [by_in_ms -9223372036854]
           +215ms pid=41616 ppid=55616 +188ms presend-end []
           +215ms pid=41616 ppid=55616 +188ms send-start [deadline_ms 73]
           +216ms pid=41616 ppid=55616 +189ms connect [err open \\.\pipe\qompack.2d566d2929cd: The system cannot find the file specified.]
           +223ms pid=41616 ppid=55616 +196ms lazyspawn-claim [claim 1]
           +223ms pid=41616 ppid=55616 +196ms stage-start []
           +223ms pid=41616 ppid=55616 +196ms stage-end [err <nil>]
           +223ms pid=41616 ppid=55616 +196ms spawn-start [program C:\Users\Quant\AppData\Local\Temp\qompack-e2e-2983873838\qompack.exe]
           +242ms pid=41616 ppid=55616 +215ms spawn-started [child 31248]
           +243ms pid=41616 ppid=55616 +215ms send-end [ok false out false]
           +243ms pid=41616 ppid=55616 +215ms hook-end []
           +285ms pid=31248 ppid=41616 +30ms daemon-enter []
           +285ms pid=31248 ppid=41616 +30ms lease-try []
           +307ms pid=31248 ppid=41616 +51ms lease-result [err <nil>]
           +328ms pid=38020 ppid=55616 +40ms hook-start [op session.start]
           +430ms pid=31248 ppid=41616 +175ms wired []
           +451ms pid=31248 ppid=41616 +195ms run-call []
           +451ms pid=31248 ppid=41616 +195ms run-enter []
           +451ms pid=31248 ppid=41616 +196ms lock-ok []
           +469ms pid=31248 ppid=41616 +213ms ing-started []
           +469ms pid=31248 ppid=41616 +213ms listen-start []
           +478ms pid=31248 ppid=41616 +223ms listening []
           +479ms pid=31248 ppid=41616 +223ms accepting []
           +485ms pid=31248 ppid=41616 +229ms state-written []
           +486ms pid=31248 ppid=41616 +230ms drain-start []
           +574ms pid=38020 ppid=55616 +286ms presend-start [by_in_ms 3004]
           +574ms pid=38020 ppid=55616 +287ms presend-end []
           +574ms pid=38020 ppid=55616 +287ms send-start [deadline_ms 10000]
           +585ms pid=38020 ppid=55616 +297ms connect [err <nil>]
           +707ms pid=31248 ppid=41616 +452ms drain-line [file client-41616.ndjson op observe.tool sess sess-zzw-prespawned-compact-2 ms 70 err <nil>]
           +727ms pid=31248 ppid=41616 +471ms drain-end []
           +729ms pid=31248 ppid=41616 +473ms sweep-end []
           +783ms pid=31248 ppid=41616 +527ms audit-end []
           +783ms pid=31248 ppid=41616 +527ms serving []
           +869ms pid=38020 ppid=55616 +581ms reply [err <nil>]
           +869ms pid=38020 ppid=55616 +581ms send-end [ok true out true]
           +869ms pid=38020 ppid=55616 +581ms hook-end []
    zz_w5_coldstart_diag_test.go:442: ROW mode=prespawned  source=compact i=3 wall=  768ms sswall=  521ms overhead=  91ms presend=    0ms dialable=  373ms stall=  10ms up=  663ms(ok=true) spooled=false daemons=1 leaseOK=1 lockHeld=0 answer=rehydration+probe                        probe_minted=true  sessions=2 mode=full drop="pointer_git_unavailable:checkpoint: no .git at the project root"
    zz_w5_coldstart_diag_test.go:446: TIMELINE mode=prespawned source=compact i=3
            +44ms pid=43632 ppid=55616 +17ms hook-start [op observe.tool]
           +224ms pid=43632 ppid=55616 +197ms presend-start [by_in_ms -9223372036854]
           +224ms pid=43632 ppid=55616 +197ms presend-end []
           +224ms pid=43632 ppid=55616 +197ms send-start [deadline_ms 73]
           +224ms pid=43632 ppid=55616 +197ms connect [err open \\.\pipe\qompack.c7d166e1fac1: The system cannot find the file specified.]
           +229ms pid=43632 ppid=55616 +202ms lazyspawn-claim [claim 1]
           +229ms pid=43632 ppid=55616 +202ms stage-start []
           +229ms pid=43632 ppid=55616 +202ms stage-end [err <nil>]
           +229ms pid=43632 ppid=55616 +202ms spawn-start [program C:\Users\Quant\AppData\Local\Temp\qompack-e2e-2983873838\qompack.exe]
           +239ms pid=43632 ppid=55616 +211ms spawn-started [child 29540]
           +239ms pid=43632 ppid=55616 +212ms send-end [ok false out false]
           +239ms pid=43632 ppid=55616 +212ms hook-end []
           +261ms pid=29540 ppid=43632 +15ms daemon-enter []
           +261ms pid=29540 ppid=43632 +15ms lease-try []
           +272ms pid=29540 ppid=43632 +26ms lease-result [err <nil>]
           +305ms pid=54548 ppid=55616 +19ms hook-start [op session.start]
           +341ms pid=29540 ppid=43632 +96ms wired []
           +357ms pid=29540 ppid=43632 +112ms run-call []
           +357ms pid=29540 ppid=43632 +112ms run-enter []
           +358ms pid=29540 ppid=43632 +112ms lock-ok []
           +370ms pid=29540 ppid=43632 +124ms ing-started []
           +370ms pid=29540 ppid=43632 +124ms listen-start []
           +373ms pid=29540 ppid=43632 +127ms listening []
           +373ms pid=29540 ppid=43632 +127ms accepting []
           +378ms pid=29540 ppid=43632 +132ms state-written []
           +378ms pid=29540 ppid=43632 +132ms drain-start []
           +611ms pid=29540 ppid=43632 +365ms drain-line [file client-43632.ndjson op observe.tool sess sess-zzw-prespawned-compact-3 ms 66 err <nil>]
           +627ms pid=29540 ppid=43632 +381ms drain-end []
           +627ms pid=29540 ppid=43632 +382ms sweep-end []
           +654ms pid=54548 ppid=55616 +368ms presend-start [by_in_ms 2900]
           +654ms pid=54548 ppid=55616 +368ms presend-end []
           +654ms pid=54548 ppid=55616 +368ms send-start [deadline_ms 10000]
           +654ms pid=54548 ppid=55616 +368ms connect [err <nil>]
           +663ms pid=29540 ppid=43632 +418ms audit-end []
           +663ms pid=29540 ppid=43632 +418ms serving []
           +735ms pid=54548 ppid=55616 +449ms reply [err <nil>]
           +735ms pid=54548 ppid=55616 +449ms send-end [ok true out true]
           +735ms pid=54548 ppid=55616 +449ms hook-end []
    zz_w5_coldstart_diag_test.go:442: ROW mode=prespawned  source=compact i=4 wall=  786ms sswall=  605ms overhead=  97ms presend=    0ms dialable=  387ms stall=  10ms up=  677ms(ok=true) spooled=false daemons=1 leaseOK=1 lockHeld=0 answer=rehydration+probe                        probe_minted=true  sessions=2 mode=full drop="pointer_git_unavailable:checkpoint: no .git at the project root"
    zz_w5_coldstart_diag_test.go:446: TIMELINE mode=prespawned source=compact i=4
            +59ms pid=44856 ppid=55616 +32ms hook-start [op observe.tool]
           +137ms pid=44856 ppid=55616 +109ms presend-start [by_in_ms -9223372036854]
           +137ms pid=44856 ppid=55616 +109ms presend-end []
           +137ms pid=44856 ppid=55616 +109ms send-start [deadline_ms 73]
           +138ms pid=44856 ppid=55616 +110ms connect [err open \\.\pipe\qompack.a416ff2e6b8c: The system cannot find the file specified.]
           +153ms pid=44856 ppid=55616 +126ms lazyspawn-claim [claim 1]
           +154ms pid=44856 ppid=55616 +126ms stage-start []
           +154ms pid=44856 ppid=55616 +126ms stage-end [err <nil>]
           +154ms pid=44856 ppid=55616 +126ms spawn-start [program C:\Users\Quant\AppData\Local\Temp\qompack-e2e-2983873838\qompack.exe]
           +164ms pid=44856 ppid=55616 +137ms spawn-started [child 52400]
           +166ms pid=44856 ppid=55616 +138ms send-end [ok false out false]
           +167ms pid=44856 ppid=55616 +139ms hook-end []
           +216ms pid=52400 ppid=44856 +35ms daemon-enter []
           +216ms pid=52400 ppid=44856 +35ms lease-try []
           +237ms pid=52400 ppid=44856 +56ms lease-result [err <nil>]
           +258ms pid=46848 ppid=55616 +35ms hook-start [op session.start]
           +345ms pid=52400 ppid=44856 +164ms wired []
           +366ms pid=52400 ppid=44856 +185ms run-call []
           +366ms pid=52400 ppid=44856 +185ms run-enter []
           +366ms pid=52400 ppid=44856 +185ms lock-ok []
           +381ms pid=52400 ppid=44856 +200ms ing-started []
           +381ms pid=52400 ppid=44856 +200ms listen-start []
           +387ms pid=52400 ppid=44856 +206ms listening []
           +387ms pid=52400 ppid=44856 +206ms accepting []
           +393ms pid=52400 ppid=44856 +212ms state-written []
           +393ms pid=52400 ppid=44856 +212ms drain-start []
           +549ms pid=46848 ppid=55616 +325ms presend-start [by_in_ms 2959]
           +549ms pid=46848 ppid=55616 +326ms presend-end []
           +549ms pid=46848 ppid=55616 +326ms send-start [deadline_ms 10000]
           +549ms pid=46848 ppid=55616 +326ms connect [err <nil>]
           +625ms pid=52400 ppid=44856 +443ms drain-line [file client-44856.ndjson op observe.tool sess sess-zzw-prespawned-compact-4 ms 65 err <nil>]
           +643ms pid=52400 ppid=44856 +462ms drain-end []
           +643ms pid=52400 ppid=44856 +462ms sweep-end []
           +677ms pid=52400 ppid=44856 +496ms audit-end []
           +677ms pid=52400 ppid=44856 +496ms serving []
           +766ms pid=46848 ppid=55616 +542ms reply [err <nil>]
           +766ms pid=46848 ppid=55616 +542ms send-end [ok true out true]
           +766ms pid=46848 ppid=55616 +542ms hook-end []
    zz_w5_coldstart_diag_test.go:487: SUMMARY mode=unstaged    source=startup n=5 spooled=0 noup=0 multi-daemon-rows=0 spawn-stalls>1s=0 sswall p50=306ms p90=483ms max=2227ms overhead p50=137ms max=1734ms wall p50=306ms p90=483ms max=2227ms presend p50=125ms max=176ms up p50=231ms max=2156ms answers=map[probe:5]
    zz_w5_coldstart_diag_test.go:487: SUMMARY mode=unstaged    source=resume  n=5 spooled=0 noup=0 multi-daemon-rows=0 spawn-stalls>1s=0 sswall p50=349ms p90=432ms max=649ms overhead p50=58ms max=75ms wall p50=349ms p90=432ms max=649ms presend p50=100ms max=178ms up p50=304ms max=566ms answers=map[probe:5]
    zz_w5_coldstart_diag_test.go:487: SUMMARY mode=unstaged    source=compact n=5 spooled=0 noup=0 multi-daemon-rows=0 spawn-stalls>1s=1 sswall p50=901ms p90=1386ms max=2029ms overhead p50=180ms max=230ms wall p50=901ms p90=1386ms max=2029ms presend p50=371ms max=1429ms up p50=760ms max=1677ms answers=map[rehydration+probe:5]
    zz_w5_coldstart_diag_test.go:487: SUMMARY mode=staged-cold source=startup n=5 spooled=0 noup=0 multi-daemon-rows=0 spawn-stalls>1s=0 sswall p50=1571ms p90=2834ms max=2861ms overhead p50=571ms max=765ms wall p50=1571ms p90=2834ms max=2861ms presend p50=954ms max=1207ms up p50=1479ms max=2707ms answers=map[probe:5]
    zz_w5_coldstart_diag_test.go:487: SUMMARY mode=staged-cold source=resume  n=5 spooled=0 noup=0 multi-daemon-rows=0 spawn-stalls>1s=0 sswall p50=2271ms p90=3091ms max=3426ms overhead p50=614ms max=920ms wall p50=2271ms p90=3091ms max=3426ms presend p50=951ms max=1602ms up p50=2203ms max=3219ms answers=map[probe:5]
    zz_w5_coldstart_diag_test.go:487: SUMMARY mode=staged-cold source=compact n=5 spooled=1 noup=0 multi-daemon-rows=0 spawn-stalls>1s=0 sswall p50=1765ms p90=2520ms max=3422ms overhead p50=130ms max=184ms wall p50=1765ms p90=2520ms max=3422ms presend p50=875ms max=3126ms up p50=1567ms max=6460ms answers=map[note(the Qompack daemon did not answer in time):1 rehydration+probe:4]
    zz_w5_coldstart_diag_test.go:487: SUMMARY mode=staged-warm source=startup n=5 spooled=0 noup=0 multi-daemon-rows=0 spawn-stalls>1s=0 sswall p50=476ms p90=681ms max=706ms overhead p50=67ms max=111ms wall p50=476ms p90=681ms max=706ms presend p50=152ms max=162ms up p50=408ms max=638ms answers=map[probe:5]
    zz_w5_coldstart_diag_test.go:487: SUMMARY mode=staged-warm source=resume  n=5 spooled=0 noup=0 multi-daemon-rows=0 spawn-stalls>1s=0 sswall p50=286ms p90=288ms max=312ms overhead p50=69ms max=78ms wall p50=286ms p90=288ms max=312ms presend p50=125ms max=126ms up p50=228ms max=239ms answers=map[probe:5]
    zz_w5_coldstart_diag_test.go:487: SUMMARY mode=staged-warm source=compact n=5 spooled=0 noup=0 multi-daemon-rows=0 spawn-stalls>1s=3 sswall p50=4197ms p90=4773ms max=6520ms overhead p50=86ms max=213ms wall p50=4197ms p90=4773ms max=6520ms presend p50=3735ms max=5574ms up p50=4051ms max=6040ms answers=map[rehydration+probe:5]
    zz_w5_coldstart_diag_test.go:487: SUMMARY mode=prespawned  source=startup n=5 spooled=0 noup=0 multi-daemon-rows=0 spawn-stalls>1s=0 sswall p50=421ms p90=473ms max=508ms overhead p50=78ms max=194ms wall p50=839ms p90=857ms max=868ms presend p50=1ms max=1ms up p50=643ms max=775ms answers=map[probe:5]
    zz_w5_coldstart_diag_test.go:487: SUMMARY mode=prespawned  source=resume  n=5 spooled=0 noup=0 multi-daemon-rows=0 spawn-stalls>1s=0 sswall p50=1864ms p90=2463ms max=3221ms overhead p50=207ms max=355ms wall p50=2409ms p90=3315ms max=3741ms presend p50=0ms max=1ms up p50=963ms max=3146ms answers=map[probe:5]
    zz_w5_coldstart_diag_test.go:487: SUMMARY mode=prespawned  source=compact n=5 spooled=0 noup=0 multi-daemon-rows=0 spawn-stalls>1s=0 sswall p50=622ms p90=719ms max=856ms overhead p50=91ms max=108ms wall p50=877ms p90=1032ms max=1172ms presend p50=0ms max=1ms up p50=783ms max=1024ms answers=map[rehydration+probe:5]
--- PASS: TestZZW5_ColdStart (363.88s)
PASS
ok  	github.com/qompack/qompack/test/e2e	364.338s
exit=0
