{"Time":"2026-09-21T14:10:33.9564855-04:00","Action":"start","Package":"github.com/qompack/qompack/internal/cli"}
{"Time":"2026-09-21T14:10:34.1831957-04:00","Action":"run","Package":"github.com/qompack/qompack/internal/cli","Test":"TestHookCapture_RedactsBeforeEveryLegacySpoolMode"}
{"Time":"2026-09-21T14:10:34.1837554-04:00","Action":"output","Package":"github.com/qompack/qompack/internal/cli","Test":"TestHookCapture_RedactsBeforeEveryLegacySpoolMode","Output":"=== RUN   TestHookCapture_RedactsBeforeEveryLegacySpoolMode\n"}
{"Time":"2026-09-21T14:10:34.1837554-04:00","Action":"run","Package":"github.com/qompack/qompack/internal/cli","Test":"TestHookCapture_RedactsBeforeEveryLegacySpoolMode/connect_failure/observe_tool"}
{"Time":"2026-09-21T14:10:34.184411-04:00","Action":"output","Package":"github.com/qompack/qompack/internal/cli","Test":"TestHookCapture_RedactsBeforeEveryLegacySpoolMode/connect_failure/observe_tool","Output":"=== RUN   TestHookCapture_RedactsBeforeEveryLegacySpoolMode/connect_failure/observe_tool\n"}
{"Time":"2026-09-21T14:10:34.2485693-04:00","Action":"output","Package":"github.com/qompack/qompack/internal/cli","Test":"TestHookCapture_RedactsBeforeEveryLegacySpoolMode/connect_failure/observe_tool","Output":"--- PASS: TestHookCapture_RedactsBeforeEveryLegacySpoolMode/connect_failure/observe_tool (0.07s)\n"}
{"Time":"2026-09-21T14:10:34.2485693-04:00","Action":"pass","Package":"github.com/qompack/qompack/internal/cli","Test":"TestHookCapture_RedactsBeforeEveryLegacySpoolMode/connect_failure/observe_tool","Elapsed":0.07}
{"Time":"2026-09-21T14:10:34.2485693-04:00","Action":"run","Package":"github.com/qompack/qompack/internal/cli","Test":"TestHookCapture_RedactsBeforeEveryLegacySpoolMode/connect_failure/observe_prompt"}
{"Time":"2026-09-21T14:10:34.2485693-04:00","Action":"output","Package":"github.com/qompack/qompack/internal/cli","Test":"TestHookCapture_RedactsBeforeEveryLegacySpoolMode/connect_failure/observe_prompt","Output":"=== RUN   TestHookCapture_RedactsBeforeEveryLegacySpoolMode/connect_failure/observe_prompt\n"}
{"Time":"2026-09-21T14:10:34.2967617-04:00","Action":"output","Package":"github.com/qompack/qompack/internal/cli","Test":"TestHookCapture_RedactsBeforeEveryLegacySpoolMode/connect_failure/observe_prompt","Output":"--- PASS: TestHookCapture_RedactsBeforeEveryLegacySpoolMode/connect_failure/observe_prompt (0.05s)\n"}
{"Time":"2026-09-21T14:10:34.2973483-04:00","Action":"pass","Package":"github.com/qompack/qompack/internal/cli","Test":"TestHookCapture_RedactsBeforeEveryLegacySpoolMode/connect_failure/observe_prompt","Elapsed":0.05}
{"Time":"2026-09-21T14:10:34.2973483-04:00","Action":"run","Package":"github.com/qompack/qompack/internal/cli","Test":"TestHookCapture_RedactsBeforeEveryLegacySpoolMode/connect_failure/observe_stop"}
{"Time":"2026-09-21T14:10:34.2973483-04:00","Action":"output","Package":"github.com/qompack/qompack/internal/cli","Test":"TestHookCapture_RedactsBeforeEveryLegacySpoolMode/connect_failure/observe_stop","Output":"=== RUN   TestHookCapture_RedactsBeforeEveryLegacySpoolMode/connect_failure/observe_stop\n"}
{"Time":"2026-09-21T14:10:34.3357715-04:00","Action":"output","Package":"github.com/qompack/qompack/internal/cli","Test":"TestHookCapture_RedactsBeforeEveryLegacySpoolMode/connect_failure/observe_stop","Output":"--- PASS: TestHookCapture_RedactsBeforeEveryLegacySpoolMode/connect_failure/observe_stop (0.04s)\n"}
{"Time":"2026-09-21T14:10:34.3363127-04:00","Action":"pass","Package":"github.com/qompack/qompack/internal/cli","Test":"TestHookCapture_RedactsBeforeEveryLegacySpoolMode/connect_failure/observe_stop","Elapsed":0.04}
{"Time":"2026-09-21T14:10:34.3363127-04:00","Action":"run","Package":"github.com/qompack/qompack/internal/cli","Test":"TestHookCapture_RedactsBeforeEveryLegacySpoolMode/connect_failure/session-start"}
{"Time":"2026-09-21T14:10:34.3363127-04:00","Action":"output","Package":"github.com/qompack/qompack/internal/cli","Test":"TestHookCapture_RedactsBeforeEveryLegacySpoolMode/connect_failure/session-start","Output":"=== RUN   TestHookCapture_RedactsBeforeEveryLegacySpoolMode/connect_failure/session-start\n"}
{"Time":"2026-09-21T14:10:34.3724284-04:00","Action":"output","Package":"github.com/qompack/qompack/internal/cli","Test":"TestHookCapture_RedactsBeforeEveryLegacySpoolMode/connect_failure/session-start","Output":"--- PASS: TestHookCapture_RedactsBeforeEveryLegacySpoolMode/connect_failure/session-start (0.04s)\n"}
{"Time":"2026-09-21T14:10:34.3724284-04:00","Action":"pass","Package":"github.com/qompack/qompack/internal/cli","Test":"TestHookCapture_RedactsBeforeEveryLegacySpoolMode/connect_failure/session-start","Elapsed":0.04}
{"Time":"2026-09-21T14:10:34.3724284-04:00","Action":"run","Package":"github.com/qompack/qompack/internal/cli","Test":"TestHookCapture_RedactsBeforeEveryLegacySpoolMode/connect_failure/checkpoint"}
{"Time":"2026-09-21T14:10:34.3724284-04:00","Action":"output","Package":"github.com/qompack/qompack/internal/cli","Test":"TestHookCapture_RedactsBeforeEveryLegacySpoolMode/connect_failure/checkpoint","Output":"=== RUN   TestHookCapture_RedactsBeforeEveryLegacySpoolMode/connect_failure/checkpoint\n"}
{"Time":"2026-09-21T14:10:34.4051862-04:00","Action":"output","Package":"github.com/qompack/qompack/internal/cli","Test":"TestHookCapture_RedactsBeforeEveryLegacySpoolMode/connect_failure/checkpoint","Output":"--- PASS: TestHookCapture_RedactsBeforeEveryLegacySpoolMode/connect_failure/checkpoint (0.03s)\n"}
{"Time":"2026-09-21T14:10:34.4051862-04:00","Action":"pass","Package":"github.com/qompack/qompack/internal/cli","Test":"TestHookCapture_RedactsBeforeEveryLegacySpoolMode/connect_failure/checkpoint","Elapsed":0.03}
{"Time":"2026-09-21T14:10:34.4051862-04:00","Action":"run","Package":"github.com/qompack/qompack/internal/cli","Test":"TestHookCapture_RedactsBeforeEveryLegacySpoolMode/connect_failure/flush"}
{"Time":"2026-09-21T14:10:34.4051862-04:00","Action":"output","Package":"github.com/qompack/qompack/internal/cli","Test":"TestHookCapture_RedactsBeforeEveryLegacySpoolMode/connect_failure/flush","Output":"=== RUN   TestHookCapture_RedactsBeforeEveryLegacySpoolMode/connect_failure/flush\n"}
{"Time":"2026-09-21T14:10:34.4436196-04:00","Action":"output","Package":"github.com/qompack/qompack/internal/cli","Test":"TestHookCapture_RedactsBeforeEveryLegacySpoolMode/connect_failure/flush","Output":"--- PASS: TestHookCapture_RedactsBeforeEveryLegacySpoolMode/connect_failure/flush (0.04s)\n"}
{"Time":"2026-09-21T14:10:34.4436196-04:00","Action":"pass","Package":"github.com/qompack/qompack/internal/cli","Test":"TestHookCapture_RedactsBeforeEveryLegacySpoolMode/connect_failure/flush","Elapsed":0.04}
{"Time":"2026-09-21T14:10:34.4436196-04:00","Action":"run","Package":"github.com/qompack/qompack/internal/cli","Test":"TestHookCapture_RedactsBeforeEveryLegacySpoolMode/hot_spool/observe_tool"}
{"Time":"2026-09-21T14:10:34.4436196-04:00","Action":"output","Package":"github.com/qompack/qompack/internal/cli","Test":"TestHookCapture_RedactsBeforeEveryLegacySpoolMode/hot_spool/observe_tool","Output":"=== RUN   TestHookCapture_RedactsBeforeEveryLegacySpoolMode/hot_spool/observe_tool\n"}
{"Time":"2026-09-21T14:10:34.5024689-04:00","Action":"output","Package":"github.com/qompack/qompack/internal/cli","Test":"TestHookCapture_RedactsBeforeEveryLegacySpoolMode/hot_spool/observe_tool","Output":"--- PASS: TestHookCapture_RedactsBeforeEveryLegacySpoolMode/hot_spool/observe_tool (0.06s)\n"}
{"Time":"2026-09-21T14:10:34.5024689-04:00","Action":"pass","Package":"github.com/qompack/qompack/internal/cli","Test":"TestHookCapture_RedactsBeforeEveryLegacySpoolMode/hot_spool/observe_tool","Elapsed":0.06}
{"Time":"2026-09-21T14:10:34.5024689-04:00","Action":"run","Package":"github.com/qompack/qompack/internal/cli","Test":"TestHookCapture_RedactsBeforeEveryLegacySpoolMode/hot_spool/observe_prompt"}
{"Time":"2026-09-21T14:10:34.5024689-04:00","Action":"output","Package":"github.com/qompack/qompack/internal/cli","Test":"TestHookCapture_RedactsBeforeEveryLegacySpoolMode/hot_spool/observe_prompt","Output":"=== RUN   TestHookCapture_RedactsBeforeEveryLegacySpoolMode/hot_spool/observe_prompt\n"}
{"Time":"2026-09-21T14:10:34.5434247-04:00","Action":"output","Package":"github.com/qompack/qompack/internal/cli","Test":"TestHookCapture_RedactsBeforeEveryLegacySpoolMode/hot_spool/observe_prompt","Output":"--- PASS: TestHookCapture_RedactsBeforeEveryLegacySpoolMode/hot_spool/observe_prompt (0.04s)\n"}
{"Time":"2026-09-21T14:10:34.5434247-04:00","Action":"pass","Package":"github.com/qompack/qompack/internal/cli","Test":"TestHookCapture_RedactsBeforeEveryLegacySpoolMode/hot_spool/observe_prompt","Elapsed":0.04}
{"Time":"2026-09-21T14:10:34.5434247-04:00","Action":"run","Package":"github.com/qompack/qompack/internal/cli","Test":"TestHookCapture_RedactsBeforeEveryLegacySpoolMode/hot_spool/observe_stop"}
{"Time":"2026-09-21T14:10:34.5434247-04:00","Action":"output","Package":"github.com/qompack/qompack/internal/cli","Test":"TestHookCapture_RedactsBeforeEveryLegacySpoolMode/hot_spool/observe_stop","Output":"=== RUN   TestHookCapture_RedactsBeforeEveryLegacySpoolMode/hot_spool/observe_stop\n"}
{"Time":"2026-09-21T14:10:34.5820587-04:00","Action":"output","Package":"github.com/qompack/qompack/internal/cli","Test":"TestHookCapture_RedactsBeforeEveryLegacySpoolMode/hot_spool/observe_stop","Output":"--- PASS: TestHookCapture_RedactsBeforeEveryLegacySpoolMode/hot_spool/observe_stop (0.04s)\n"}
{"Time":"2026-09-21T14:10:34.5820587-04:00","Action":"pass","Package":"github.com/qompack/qompack/internal/cli","Test":"TestHookCapture_RedactsBeforeEveryLegacySpoolMode/hot_spool/observe_stop","Elapsed":0.04}
{"Time":"2026-09-21T14:10:34.5820587-04:00","Action":"run","Package":"github.com/qompack/qompack/internal/cli","Test":"TestHookCapture_RedactsBeforeEveryLegacySpoolMode/hot_spool/session-start"}
{"Time":"2026-09-21T14:10:34.5820587-04:00","Action":"output","Package":"github.com/qompack/qompack/internal/cli","Test":"TestHookCapture_RedactsBeforeEveryLegacySpoolMode/hot_spool/session-start","Output":"=== RUN   TestHookCapture_RedactsBeforeEveryLegacySpoolMode/hot_spool/session-start\n"}
{"Time":"2026-09-21T14:10:34.6200303-04:00","Action":"output","Package":"github.com/qompack/qompack/internal/cli","Test":"TestHookCapture_RedactsBeforeEveryLegacySpoolMode/hot_spool/session-start","Output":"--- PASS: TestHookCapture_RedactsBeforeEveryLegacySpoolMode/hot_spool/session-start (0.04s)\n"}
{"Time":"2026-09-21T14:10:34.6205755-04:00","Action":"pass","Package":"github.com/qompack/qompack/internal/cli","Test":"TestHookCapture_RedactsBeforeEveryLegacySpoolMode/hot_spool/session-start","Elapsed":0.04}
{"Time":"2026-09-21T14:10:34.6205755-04:00","Action":"run","Package":"github.com/qompack/qompack/internal/cli","Test":"TestHookCapture_RedactsBeforeEveryLegacySpoolMode/hot_spool/checkpoint"}
{"Time":"2026-09-21T14:10:34.6205755-04:00","Action":"output","Package":"github.com/qompack/qompack/internal/cli","Test":"TestHookCapture_RedactsBeforeEveryLegacySpoolMode/hot_spool/checkpoint","Output":"=== RUN   TestHookCapture_RedactsBeforeEveryLegacySpoolMode/hot_spool/checkpoint\n"}
{"Time":"2026-09-21T14:10:34.6619803-04:00","Action":"output","Package":"github.com/qompack/qompack/internal/cli","Test":"TestHookCapture_RedactsBeforeEveryLegacySpoolMode/hot_spool/checkpoint","Output":"--- PASS: TestHookCapture_RedactsBeforeEveryLegacySpoolMode/hot_spool/checkpoint (0.04s)\n"}
{"Time":"2026-09-21T14:10:34.6619803-04:00","Action":"pass","Package":"github.com/qompack/qompack/internal/cli","Test":"TestHookCapture_RedactsBeforeEveryLegacySpoolMode/hot_spool/checkpoint","Elapsed":0.04}
{"Time":"2026-09-21T14:10:34.6619803-04:00","Action":"run","Package":"github.com/qompack/qompack/internal/cli","Test":"TestHookCapture_RedactsBeforeEveryLegacySpoolMode/hot_spool/flush"}
{"Time":"2026-09-21T14:10:34.6619803-04:00","Action":"output","Package":"github.com/qompack/qompack/internal/cli","Test":"TestHookCapture_RedactsBeforeEveryLegacySpoolMode/hot_spool/flush","Output":"=== RUN   TestHookCapture_RedactsBeforeEveryLegacySpoolMode/hot_spool/flush\n"}
{"Time":"2026-09-21T14:10:34.7008227-04:00","Action":"output","Package":"github.com/qompack/qompack/internal/cli","Test":"TestHookCapture_RedactsBeforeEveryLegacySpoolMode/hot_spool/flush","Output":"--- PASS: TestHookCapture_RedactsBeforeEveryLegacySpoolMode/hot_spool/flush (0.04s)\n"}
{"Time":"2026-09-21T14:10:34.7008227-04:00","Action":"pass","Package":"github.com/qompack/qompack/internal/cli","Test":"TestHookCapture_RedactsBeforeEveryLegacySpoolMode/hot_spool/flush","Elapsed":0.04}
{"Time":"2026-09-21T14:10:34.7008227-04:00","Action":"run","Package":"github.com/qompack/qompack/internal/cli","Test":"TestHookCapture_RedactsBeforeEveryLegacySpoolMode/daemon_disabled/observe_tool"}
{"Time":"2026-09-21T14:10:34.7008227-04:00","Action":"output","Package":"github.com/qompack/qompack/internal/cli","Test":"TestHookCapture_RedactsBeforeEveryLegacySpoolMode/daemon_disabled/observe_tool","Output":"=== RUN   TestHookCapture_RedactsBeforeEveryLegacySpoolMode/daemon_disabled/observe_tool\n"}
{"Time":"2026-09-21T14:10:34.7511632-04:00","Action":"output","Package":"github.com/qompack/qompack/internal/cli","Test":"TestHookCapture_RedactsBeforeEveryLegacySpoolMode/daemon_disabled/observe_tool","Output":"--- PASS: TestHookCapture_RedactsBeforeEveryLegacySpoolMode/daemon_disabled/observe_tool (0.05s)\n"}
{"Time":"2026-09-21T14:10:34.7511632-04:00","Action":"pass","Package":"github.com/qompack/qompack/internal/cli","Test":"TestHookCapture_RedactsBeforeEveryLegacySpoolMode/daemon_disabled/observe_tool","Elapsed":0.05}
{"Time":"2026-09-21T14:10:34.7511632-04:00","Action":"run","Package":"github.com/qompack/qompack/internal/cli","Test":"TestHookCapture_RedactsBeforeEveryLegacySpoolMode/daemon_disabled/observe_prompt"}
{"Time":"2026-09-21T14:10:34.7511632-04:00","Action":"output","Package":"github.com/qompack/qompack/internal/cli","Test":"TestHookCapture_RedactsBeforeEveryLegacySpoolMode/daemon_disabled/observe_prompt","Output":"=== RUN   TestHookCapture_RedactsBeforeEveryLegacySpoolMode/daemon_disabled/observe_prompt\n"}
{"Time":"2026-09-21T14:10:34.7921396-04:00","Action":"output","Package":"github.com/qompack/qompack/internal/cli","Test":"TestHookCapture_RedactsBeforeEveryLegacySpoolMode/daemon_disabled/observe_prompt","Output":"--- PASS: TestHookCapture_RedactsBeforeEveryLegacySpoolMode/daemon_disabled/observe_prompt (0.04s)\n"}
{"Time":"2026-09-21T14:10:34.7921396-04:00","Action":"pass","Package":"github.com/qompack/qompack/internal/cli","Test":"TestHookCapture_RedactsBeforeEveryLegacySpoolMode/daemon_disabled/observe_prompt","Elapsed":0.04}
{"Time":"2026-09-21T14:10:34.7921396-04:00","Action":"run","Package":"github.com/qompack/qompack/internal/cli","Test":"TestHookCapture_RedactsBeforeEveryLegacySpoolMode/daemon_disabled/observe_stop"}
{"Time":"2026-09-21T14:10:34.7921396-04:00","Action":"output","Package":"github.com/qompack/qompack/internal/cli","Test":"TestHookCapture_RedactsBeforeEveryLegacySpoolMode/daemon_disabled/observe_stop","Output":"=== RUN   TestHookCapture_RedactsBeforeEveryLegacySpoolMode/daemon_disabled/observe_stop\n"}
{"Time":"2026-09-21T14:10:34.8336283-04:00","Action":"output","Package":"github.com/qompack/qompack/internal/cli","Test":"TestHookCapture_RedactsBeforeEveryLegacySpoolMode/daemon_disabled/observe_stop","Output":"--- PASS: TestHookCapture_RedactsBeforeEveryLegacySpoolMode/daemon_disabled/observe_stop (0.04s)\n"}
{"Time":"2026-09-21T14:10:34.8336283-04:00","Action":"pass","Package":"github.com/qompack/qompack/internal/cli","Test":"TestHookCapture_RedactsBeforeEveryLegacySpoolMode/daemon_disabled/observe_stop","Elapsed":0.04}
{"Time":"2026-09-21T14:10:34.8336283-04:00","Action":"run","Package":"github.com/qompack/qompack/internal/cli","Test":"TestHookCapture_RedactsBeforeEveryLegacySpoolMode/daemon_disabled/session-start"}
{"Time":"2026-09-21T14:10:34.8336283-04:00","Action":"output","Package":"github.com/qompack/qompack/internal/cli","Test":"TestHookCapture_RedactsBeforeEveryLegacySpoolMode/daemon_disabled/session-start","Output":"=== RUN   TestHookCapture_RedactsBeforeEveryLegacySpoolMode/daemon_disabled/session-start\n"}
{"Time":"2026-09-21T14:10:34.879004-04:00","Action":"output","Package":"github.com/qompack/qompack/internal/cli","Test":"TestHookCapture_RedactsBeforeEveryLegacySpoolMode/daemon_disabled/session-start","Output":"--- PASS: TestHookCapture_RedactsBeforeEveryLegacySpoolMode/daemon_disabled/session-start (0.05s)\n"}
{"Time":"2026-09-21T14:10:34.879004-04:00","Action":"pass","Package":"github.com/qompack/qompack/internal/cli","Test":"TestHookCapture_RedactsBeforeEveryLegacySpoolMode/daemon_disabled/session-start","Elapsed":0.05}
{"Time":"2026-09-21T14:10:34.879004-04:00","Action":"run","Package":"github.com/qompack/qompack/internal/cli","Test":"TestHookCapture_RedactsBeforeEveryLegacySpoolMode/daemon_disabled/checkpoint"}
{"Time":"2026-09-21T14:10:34.879004-04:00","Action":"output","Package":"github.com/qompack/qompack/internal/cli","Test":"TestHookCapture_RedactsBeforeEveryLegacySpoolMode/daemon_disabled/checkpoint","Output":"=== RUN   TestHookCapture_RedactsBeforeEveryLegacySpoolMode/daemon_disabled/checkpoint\n"}
{"Time":"2026-09-21T14:10:34.9203027-04:00","Action":"output","Package":"github.com/qompack/qompack/internal/cli","Test":"TestHookCapture_RedactsBeforeEveryLegacySpoolMode/daemon_disabled/checkpoint","Output":"--- PASS: TestHookCapture_RedactsBeforeEveryLegacySpoolMode/daemon_disabled/checkpoint (0.04s)\n"}
{"Time":"2026-09-21T14:10:34.9203027-04:00","Action":"pass","Package":"github.com/qompack/qompack/internal/cli","Test":"TestHookCapture_RedactsBeforeEveryLegacySpoolMode/daemon_disabled/checkpoint","Elapsed":0.04}
{"Time":"2026-09-21T14:10:34.9203027-04:00","Action":"run","Package":"github.com/qompack/qompack/internal/cli","Test":"TestHookCapture_RedactsBeforeEveryLegacySpoolMode/daemon_disabled/flush"}
{"Time":"2026-09-21T14:10:34.9208343-04:00","Action":"output","Package":"github.com/qompack/qompack/internal/cli","Test":"TestHookCapture_RedactsBeforeEveryLegacySpoolMode/daemon_disabled/flush","Output":"=== RUN   TestHookCapture_RedactsBeforeEveryLegacySpoolMode/daemon_disabled/flush\n"}
{"Time":"2026-09-21T14:10:34.9649637-04:00","Action":"output","Package":"github.com/qompack/qompack/internal/cli","Test":"TestHookCapture_RedactsBeforeEveryLegacySpoolMode/daemon_disabled/flush","Output":"--- PASS: TestHookCapture_RedactsBeforeEveryLegacySpoolMode/daemon_disabled/flush (0.04s)\n"}
{"Time":"2026-09-21T14:10:34.9654838-04:00","Action":"pass","Package":"github.com/qompack/qompack/internal/cli","Test":"TestHookCapture_RedactsBeforeEveryLegacySpoolMode/daemon_disabled/flush","Elapsed":0.04}
{"Time":"2026-09-21T14:10:34.9654838-04:00","Action":"output","Package":"github.com/qompack/qompack/internal/cli","Test":"TestHookCapture_RedactsBeforeEveryLegacySpoolMode","Output":"--- PASS: TestHookCapture_RedactsBeforeEveryLegacySpoolMode (0.78s)\n"}
{"Time":"2026-09-21T14:10:34.9654838-04:00","Action":"pass","Package":"github.com/qompack/qompack/internal/cli","Test":"TestHookCapture_RedactsBeforeEveryLegacySpoolMode","Elapsed":0.78}
{"Time":"2026-09-21T14:10:34.9654838-04:00","Action":"run","Package":"github.com/qompack/qompack/internal/cli","Test":"TestHookCapture_RefusesBeforeSpoolAndDaemonStart"}
{"Time":"2026-09-21T14:10:34.9654838-04:00","Action":"output","Package":"github.com/qompack/qompack/internal/cli","Test":"TestHookCapture_RefusesBeforeSpoolAndDaemonStart","Output":"=== RUN   TestHookCapture_RefusesBeforeSpoolAndDaemonStart\n"}
{"Time":"2026-09-21T14:10:34.9654838-04:00","Action":"run","Package":"github.com/qompack/qompack/internal/cli","Test":"TestHookCapture_RefusesBeforeSpoolAndDaemonStart/{\"runtime\":"}
{"Time":"2026-09-21T14:10:34.9654838-04:00","Action":"output","Package":"github.com/qompack/qompack/internal/cli","Test":"TestHookCapture_RefusesBeforeSpoolAndDaemonStart/{\"runtime\":","Output":"=== RUN   TestHookCapture_RefusesBeforeSpoolAndDaemonStart/{\"runtime\":\n"}
{"Time":"2026-09-21T14:10:34.9750887-04:00","Action":"output","Package":"github.com/qompack/qompack/internal/cli","Test":"TestHookCapture_RefusesBeforeSpoolAndDaemonStart/{\"runtime\":","Output":"--- PASS: TestHookCapture_RefusesBeforeSpoolAndDaemonStart/{\"runtime\": (0.01s)\n"}
{"Time":"2026-09-21T14:10:34.9750887-04:00","Action":"pass","Package":"github.com/qompack/qompack/internal/cli","Test":"TestHookCapture_RefusesBeforeSpoolAndDaemonStart/{\"runtime\":","Elapsed":0.01}
{"Time":"2026-09-21T14:10:34.9750887-04:00","Action":"run","Package":"github.com/qompack/qompack/internal/cli","Test":"TestHookCapture_RefusesBeforeSpoolAndDaemonStart/{\"runtime\":{\"redact\":{\"patterns\":\"PRIVATE-ABCDEFGHIJKL\"}}}"}
{"Time":"2026-09-21T14:10:34.9750887-04:00","Action":"output","Package":"github.com/qompack/qompack/internal/cli","Test":"TestHookCapture_RefusesBeforeSpoolAndDaemonStart/{\"runtime\":{\"redact\":{\"patterns\":\"PRIVATE-ABCDEFGHIJKL\"}}}","Output":"=== RUN   TestHookCapture_RefusesBeforeSpoolAndDaemonStart/{\"runtime\":{\"redact\":{\"patterns\":\"PRIVATE-ABCDEFGHIJKL\"}}}\n"}
{"Time":"2026-09-21T14:10:34.9983161-04:00","Action":"output","Package":"github.com/qompack/qompack/internal/cli","Test":"TestHookCapture_RefusesBeforeSpoolAndDaemonStart/{\"runtime\":{\"redact\":{\"patterns\":\"PRIVATE-ABCDEFGHIJKL\"}}}","Output":"--- PASS: TestHookCapture_RefusesBeforeSpoolAndDaemonStart/{\"runtime\":{\"redact\":{\"patterns\":\"PRIVATE-ABCDEFGHIJKL\"}}} (0.02s)\n"}
{"Time":"2026-09-21T14:10:34.9983161-04:00","Action":"pass","Package":"github.com/qompack/qompack/internal/cli","Test":"TestHookCapture_RefusesBeforeSpoolAndDaemonStart/{\"runtime\":{\"redact\":{\"patterns\":\"PRIVATE-ABCDEFGHIJKL\"}}}","Elapsed":0.02}
{"Time":"2026-09-21T14:10:34.9983161-04:00","Action":"run","Package":"github.com/qompack/qompack/internal/cli","Test":"TestHookCapture_RefusesBeforeSpoolAndDaemonStart/{\"runtime\":{\"redact\":{\"patterns\":[\"[\"]}}}"}
{"Time":"2026-09-21T14:10:34.9983161-04:00","Action":"output","Package":"github.com/qompack/qompack/internal/cli","Test":"TestHookCapture_RefusesBeforeSpoolAndDaemonStart/{\"runtime\":{\"redact\":{\"patterns\":[\"[\"]}}}","Output":"=== RUN   TestHookCapture_RefusesBeforeSpoolAndDaemonStart/{\"runtime\":{\"redact\":{\"patterns\":[\"[\"]}}}\n"}
{"Time":"2026-09-21T14:10:35.0066247-04:00","Action":"output","Package":"github.com/qompack/qompack/internal/cli","Test":"TestHookCapture_RefusesBeforeSpoolAndDaemonStart/{\"runtime\":{\"redact\":{\"patterns\":[\"[\"]}}}","Output":"--- PASS: TestHookCapture_RefusesBeforeSpoolAndDaemonStart/{\"runtime\":{\"redact\":{\"patterns\":[\"[\"]}}} (0.01s)\n"}
{"Time":"2026-09-21T14:10:35.0072236-04:00","Action":"pass","Package":"github.com/qompack/qompack/internal/cli","Test":"TestHookCapture_RefusesBeforeSpoolAndDaemonStart/{\"runtime\":{\"redact\":{\"patterns\":[\"[\"]}}}","Elapsed":0.01}
{"Time":"2026-09-21T14:10:35.0072236-04:00","Action":"run","Package":"github.com/qompack/qompack/internal/cli","Test":"TestHookCapture_RefusesBeforeSpoolAndDaemonStart/{\"runtime\":{\"redact\":{\"enabled\":false,\"enabled\":true}}}"}
{"Time":"2026-09-21T14:10:35.0072236-04:00","Action":"output","Package":"github.com/qompack/qompack/internal/cli","Test":"TestHookCapture_RefusesBeforeSpoolAndDaemonStart/{\"runtime\":{\"redact\":{\"enabled\":false,\"enabled\":true}}}","Output":"=== RUN   TestHookCapture_RefusesBeforeSpoolAndDaemonStart/{\"runtime\":{\"redact\":{\"enabled\":false,\"enabled\":true}}}\n"}
{"Time":"2026-09-21T14:10:35.0160548-04:00","Action":"output","Package":"github.com/qompack/qompack/internal/cli","Test":"TestHookCapture_RefusesBeforeSpoolAndDaemonStart/{\"runtime\":{\"redact\":{\"enabled\":false,\"enabled\":true}}}","Output":"--- PASS: TestHookCapture_RefusesBeforeSpoolAndDaemonStart/{\"runtime\":{\"redact\":{\"enabled\":false,\"enabled\":true}}} (0.01s)\n"}
{"Time":"2026-09-21T14:10:35.0160548-04:00","Action":"pass","Package":"github.com/qompack/qompack/internal/cli","Test":"TestHookCapture_RefusesBeforeSpoolAndDaemonStart/{\"runtime\":{\"redact\":{\"enabled\":false,\"enabled\":true}}}","Elapsed":0.01}
{"Time":"2026-09-21T14:10:35.0160548-04:00","Action":"output","Package":"github.com/qompack/qompack/internal/cli","Test":"TestHookCapture_RefusesBeforeSpoolAndDaemonStart","Output":"--- PASS: TestHookCapture_RefusesBeforeSpoolAndDaemonStart (0.05s)\n"}
{"Time":"2026-09-21T14:10:35.0160548-04:00","Action":"pass","Package":"github.com/qompack/qompack/internal/cli","Test":"TestHookCapture_RefusesBeforeSpoolAndDaemonStart","Elapsed":0.05}
{"Time":"2026-09-21T14:10:35.0160548-04:00","Action":"run","Package":"github.com/qompack/qompack/internal/cli","Test":"TestHookCapture_RejectsInvalidInputWithoutPrivateDiagnostics"}
{"Time":"2026-09-21T14:10:35.0165986-04:00","Action":"output","Package":"github.com/qompack/qompack/internal/cli","Test":"TestHookCapture_RejectsInvalidInputWithoutPrivateDiagnostics","Output":"=== RUN   TestHookCapture_RejectsInvalidInputWithoutPrivateDiagnostics\n"}
{"Time":"2026-09-21T14:10:35.0255391-04:00","Action":"output","Package":"github.com/qompack/qompack/internal/cli","Test":"TestHookCapture_RejectsInvalidInputWithoutPrivateDiagnostics","Output":"--- PASS: TestHookCapture_RejectsInvalidInputWithoutPrivateDiagnostics (0.01s)\n"}
{"Time":"2026-09-21T14:10:35.0255391-04:00","Action":"pass","Package":"github.com/qompack/qompack/internal/cli","Test":"TestHookCapture_RejectsInvalidInputWithoutPrivateDiagnostics","Elapsed":0.01}
{"Time":"2026-09-21T14:10:35.0255391-04:00","Action":"run","Package":"github.com/qompack/qompack/internal/cli","Test":"TestHookCapture_DestinationCannotWeakenInitialPolicy"}
{"Time":"2026-09-21T14:10:35.0255391-04:00","Action":"output","Package":"github.com/qompack/qompack/internal/cli","Test":"TestHookCapture_DestinationCannotWeakenInitialPolicy","Output":"=== RUN   TestHookCapture_DestinationCannotWeakenInitialPolicy\n"}
{"Time":"2026-09-21T14:10:35.0255391-04:00","Action":"run","Package":"github.com/qompack/qompack/internal/cli","Test":"TestHookCapture_DestinationCannotWeakenInitialPolicy/source_policy"}
{"Time":"2026-09-21T14:10:35.0255391-04:00","Action":"output","Package":"github.com/qompack/qompack/internal/cli","Test":"TestHookCapture_DestinationCannotWeakenInitialPolicy/source_policy","Output":"=== RUN   TestHookCapture_DestinationCannotWeakenInitialPolicy/source_policy\n"}
{"Time":"2026-09-21T14:10:35.0626463-04:00","Action":"output","Package":"github.com/qompack/qompack/internal/cli","Test":"TestHookCapture_DestinationCannotWeakenInitialPolicy/source_policy","Output":"--- PASS: TestHookCapture_DestinationCannotWeakenInitialPolicy/source_policy (0.04s)\n"}
{"Time":"2026-09-21T14:10:35.0626463-04:00","Action":"pass","Package":"github.com/qompack/qompack/internal/cli","Test":"TestHookCapture_DestinationCannotWeakenInitialPolicy/source_policy","Elapsed":0.04}
{"Time":"2026-09-21T14:10:35.0626463-04:00","Action":"run","Package":"github.com/qompack/qompack/internal/cli","Test":"TestHookCapture_DestinationCannotWeakenInitialPolicy/destination_policy"}
{"Time":"2026-09-21T14:10:35.0626463-04:00","Action":"output","Package":"github.com/qompack/qompack/internal/cli","Test":"TestHookCapture_DestinationCannotWeakenInitialPolicy/destination_policy","Output":"=== RUN   TestHookCapture_DestinationCannotWeakenInitialPolicy/destination_policy\n"}
{"Time":"2026-09-21T14:10:35.0891893-04:00","Action":"output","Package":"github.com/qompack/qompack/internal/cli","Test":"TestHookCapture_DestinationCannotWeakenInitialPolicy/destination_policy","Output":"--- PASS: TestHookCapture_DestinationCannotWeakenInitialPolicy/destination_policy (0.03s)\n"}
{"Time":"2026-09-21T14:10:35.0891893-04:00","Action":"pass","Package":"github.com/qompack/qompack/internal/cli","Test":"TestHookCapture_DestinationCannotWeakenInitialPolicy/destination_policy","Elapsed":0.03}
{"Time":"2026-09-21T14:10:35.0891893-04:00","Action":"run","Package":"github.com/qompack/qompack/internal/cli","Test":"TestHookCapture_DestinationCannotWeakenInitialPolicy/destination_invalid"}
{"Time":"2026-09-21T14:10:35.0891893-04:00","Action":"output","Package":"github.com/qompack/qompack/internal/cli","Test":"TestHookCapture_DestinationCannotWeakenInitialPolicy/destination_invalid","Output":"=== RUN   TestHookCapture_DestinationCannotWeakenInitialPolicy/destination_invalid\n"}
{"Time":"2026-09-21T14:10:35.1002232-04:00","Action":"output","Package":"github.com/qompack/qompack/internal/cli","Test":"TestHookCapture_DestinationCannotWeakenInitialPolicy/destination_invalid","Output":"--- PASS: TestHookCapture_DestinationCannotWeakenInitialPolicy/destination_invalid (0.01s)\n"}
{"Time":"2026-09-21T14:10:35.1002232-04:00","Action":"pass","Package":"github.com/qompack/qompack/internal/cli","Test":"TestHookCapture_DestinationCannotWeakenInitialPolicy/destination_invalid","Elapsed":0.01}
{"Time":"2026-09-21T14:10:35.1007573-04:00","Action":"run","Package":"github.com/qompack/qompack/internal/cli","Test":"TestHookCapture_DestinationCannotWeakenInitialPolicy/destination_changes_cwd"}
{"Time":"2026-09-21T14:10:35.1007573-04:00","Action":"output","Package":"github.com/qompack/qompack/internal/cli","Test":"TestHookCapture_DestinationCannotWeakenInitialPolicy/destination_changes_cwd","Output":"=== RUN   TestHookCapture_DestinationCannotWeakenInitialPolicy/destination_changes_cwd\n"}
{"Time":"2026-09-21T14:10:35.111794-04:00","Action":"output","Package":"github.com/qompack/qompack/internal/cli","Test":"TestHookCapture_DestinationCannotWeakenInitialPolicy/destination_changes_cwd","Output":"--- PASS: TestHookCapture_DestinationCannotWeakenInitialPolicy/destination_changes_cwd (0.01s)\n"}
{"Time":"2026-09-21T14:10:35.111794-04:00","Action":"pass","Package":"github.com/qompack/qompack/internal/cli","Test":"TestHookCapture_DestinationCannotWeakenInitialPolicy/destination_changes_cwd","Elapsed":0.01}
{"Time":"2026-09-21T14:10:35.111794-04:00","Action":"output","Package":"github.com/qompack/qompack/internal/cli","Test":"TestHookCapture_DestinationCannotWeakenInitialPolicy","Output":"--- PASS: TestHookCapture_DestinationCannotWeakenInitialPolicy (0.09s)\n"}
{"Time":"2026-09-21T14:10:35.111794-04:00","Action":"pass","Package":"github.com/qompack/qompack/internal/cli","Test":"TestHookCapture_DestinationCannotWeakenInitialPolicy","Elapsed":0.09}
{"Time":"2026-09-21T14:10:35.111794-04:00","Action":"run","Package":"github.com/qompack/qompack/internal/cli","Test":"TestHookCapture_CompositionPreservesEarlierFacts"}
{"Time":"2026-09-21T14:10:35.111794-04:00","Action":"output","Package":"github.com/qompack/qompack/internal/cli","Test":"TestHookCapture_CompositionPreservesEarlierFacts","Output":"=== RUN   TestHookCapture_CompositionPreservesEarlierFacts\n"}
{"Time":"2026-09-21T14:10:35.111794-04:00","Action":"output","Package":"github.com/qompack/qompack/internal/cli","Test":"TestHookCapture_CompositionPreservesEarlierFacts","Output":"--- PASS: TestHookCapture_CompositionPreservesEarlierFacts (0.00s)\n"}
{"Time":"2026-09-21T14:10:35.111794-04:00","Action":"pass","Package":"github.com/qompack/qompack/internal/cli","Test":"TestHookCapture_CompositionPreservesEarlierFacts","Elapsed":0}
{"Time":"2026-09-21T14:10:35.111794-04:00","Action":"run","Package":"github.com/qompack/qompack/internal/cli","Test":"TestHookCapture_HardBoundPrecedesConfiguration"}
{"Time":"2026-09-21T14:10:35.111794-04:00","Action":"output","Package":"github.com/qompack/qompack/internal/cli","Test":"TestHookCapture_HardBoundPrecedesConfiguration","Output":"=== RUN   TestHookCapture_HardBoundPrecedesConfiguration\n"}
{"Time":"2026-09-21T14:10:35.1453464-04:00","Action":"output","Package":"github.com/qompack/qompack/internal/cli","Test":"TestHookCapture_HardBoundPrecedesConfiguration","Output":"--- PASS: TestHookCapture_HardBoundPrecedesConfiguration (0.03s)\n"}
{"Time":"2026-09-21T14:10:35.1453464-04:00","Action":"pass","Package":"github.com/qompack/qompack/internal/cli","Test":"TestHookCapture_HardBoundPrecedesConfiguration","Elapsed":0.03}
{"Time":"2026-09-21T14:10:35.1453464-04:00","Action":"run","Package":"github.com/qompack/qompack/internal/cli","Test":"TestHookCapture_HardCapMatchesTheValidationBound"}
{"Time":"2026-09-21T14:10:35.1453464-04:00","Action":"output","Package":"github.com/qompack/qompack/internal/cli","Test":"TestHookCapture_HardCapMatchesTheValidationBound","Output":"=== RUN   TestHookCapture_HardCapMatchesTheValidationBound\n"}
{"Time":"2026-09-21T14:10:35.1453464-04:00","Action":"output","Package":"github.com/qompack/qompack/internal/cli","Test":"TestHookCapture_HardCapMatchesTheValidationBound","Output":"--- PASS: TestHookCapture_HardCapMatchesTheValidationBound (0.00s)\n"}
{"Time":"2026-09-21T14:10:35.1453464-04:00","Action":"pass","Package":"github.com/qompack/qompack/internal/cli","Test":"TestHookCapture_HardCapMatchesTheValidationBound","Elapsed":0}
{"Time":"2026-09-21T14:10:35.1453464-04:00","Action":"run","Package":"github.com/qompack/qompack/internal/cli","Test":"TestHookCapture_ConfigViolationClampsAndIsRecorded"}
{"Time":"2026-09-21T14:10:35.1453464-04:00","Action":"output","Package":"github.com/qompack/qompack/internal/cli","Test":"TestHookCapture_ConfigViolationClampsAndIsRecorded","Output":"=== RUN   TestHookCapture_ConfigViolationClampsAndIsRecorded\n"}
{"Time":"2026-09-21T14:10:35.1453464-04:00","Action":"run","Package":"github.com/qompack/qompack/internal/cli","Test":"TestHookCapture_ConfigViolationClampsAndIsRecorded/hardwired-off_switch"}
{"Time":"2026-09-21T14:10:35.1453464-04:00","Action":"output","Package":"github.com/qompack/qompack/internal/cli","Test":"TestHookCapture_ConfigViolationClampsAndIsRecorded/hardwired-off_switch","Output":"=== RUN   TestHookCapture_ConfigViolationClampsAndIsRecorded/hardwired-off_switch\n"}
{"Time":"2026-09-21T14:10:35.175678-04:00","Action":"output","Package":"github.com/qompack/qompack/internal/cli","Test":"TestHookCapture_ConfigViolationClampsAndIsRecorded/hardwired-off_switch","Output":"--- PASS: TestHookCapture_ConfigViolationClampsAndIsRecorded/hardwired-off_switch (0.03s)\n"}
{"Time":"2026-09-21T14:10:35.175678-04:00","Action":"pass","Package":"github.com/qompack/qompack/internal/cli","Test":"TestHookCapture_ConfigViolationClampsAndIsRecorded/hardwired-off_switch","Elapsed":0.03}
{"Time":"2026-09-21T14:10:35.175678-04:00","Action":"run","Package":"github.com/qompack/qompack/internal/cli","Test":"TestHookCapture_ConfigViolationClampsAndIsRecorded/newer_settingsVersion"}
{"Time":"2026-09-21T14:10:35.175678-04:00","Action":"output","Package":"github.com/qompack/qompack/internal/cli","Test":"TestHookCapture_ConfigViolationClampsAndIsRecorded/newer_settingsVersion","Output":"=== RUN   TestHookCapture_ConfigViolationClampsAndIsRecorded/newer_settingsVersion\n"}
{"Time":"2026-09-21T14:10:35.2047369-04:00","Action":"output","Package":"github.com/qompack/qompack/internal/cli","Test":"TestHookCapture_ConfigViolationClampsAndIsRecorded/newer_settingsVersion","Output":"--- PASS: TestHookCapture_ConfigViolationClampsAndIsRecorded/newer_settingsVersion (0.03s)\n"}
{"Time":"2026-09-21T14:10:35.2047369-04:00","Action":"pass","Package":"github.com/qompack/qompack/internal/cli","Test":"TestHookCapture_ConfigViolationClampsAndIsRecorded/newer_settingsVersion","Elapsed":0.03}
{"Time":"2026-09-21T14:10:35.2052874-04:00","Action":"output","Package":"github.com/qompack/qompack/internal/cli","Test":"TestHookCapture_ConfigViolationClampsAndIsRecorded","Output":"--- PASS: TestHookCapture_ConfigViolationClampsAndIsRecorded (0.06s)\n"}
{"Time":"2026-09-21T14:10:35.2052874-04:00","Action":"pass","Package":"github.com/qompack/qompack/internal/cli","Test":"TestHookCapture_ConfigViolationClampsAndIsRecorded","Elapsed":0.06}
{"Time":"2026-09-21T14:10:35.2052874-04:00","Action":"run","Package":"github.com/qompack/qompack/internal/cli","Test":"TestHookCapture_NoViolationWritesNothing"}
{"Time":"2026-09-21T14:10:35.2052874-04:00","Action":"output","Package":"github.com/qompack/qompack/internal/cli","Test":"TestHookCapture_NoViolationWritesNothing","Output":"=== RUN   TestHookCapture_NoViolationWritesNothing\n"}
{"Time":"2026-09-21T14:10:35.2107499-04:00","Action":"output","Package":"github.com/qompack/qompack/internal/cli","Test":"TestHookCapture_NoViolationWritesNothing","Output":"--- PASS: TestHookCapture_NoViolationWritesNothing (0.01s)\n"}
{"Time":"2026-09-21T14:10:35.2107499-04:00","Action":"pass","Package":"github.com/qompack/qompack/internal/cli","Test":"TestHookCapture_NoViolationWritesNothing","Elapsed":0.01}
{"Time":"2026-09-21T14:10:35.2107499-04:00","Action":"run","Package":"github.com/qompack/qompack/internal/cli","Test":"TestHookCapture_GatedSwitchClampsRatherThanDisablingCapture"}
{"Time":"2026-09-21T14:10:35.2107499-04:00","Action":"output","Package":"github.com/qompack/qompack/internal/cli","Test":"TestHookCapture_GatedSwitchClampsRatherThanDisablingCapture","Output":"=== RUN   TestHookCapture_GatedSwitchClampsRatherThanDisablingCapture\n"}
{"Time":"2026-09-21T14:10:35.225093-04:00","Action":"output","Package":"github.com/qompack/qompack/internal/cli","Test":"TestHookCapture_GatedSwitchClampsRatherThanDisablingCapture","Output":"--- PASS: TestHookCapture_GatedSwitchClampsRatherThanDisablingCapture (0.01s)\n"}
{"Time":"2026-09-21T14:10:35.225093-04:00","Action":"pass","Package":"github.com/qompack/qompack/internal/cli","Test":"TestHookCapture_GatedSwitchClampsRatherThanDisablingCapture","Elapsed":0.01}
{"Time":"2026-09-21T14:10:35.225093-04:00","Action":"run","Package":"github.com/qompack/qompack/internal/cli","Test":"TestHookCapture_ShortReadIsRecordedAsPartial"}
{"Time":"2026-09-21T14:10:35.225093-04:00","Action":"output","Package":"github.com/qompack/qompack/internal/cli","Test":"TestHookCapture_ShortReadIsRecordedAsPartial","Output":"=== RUN   TestHookCapture_ShortReadIsRecordedAsPartial\n"}
{"Time":"2026-09-21T14:10:35.2312712-04:00","Action":"output","Package":"github.com/qompack/qompack/internal/cli","Test":"TestHookCapture_ShortReadIsRecordedAsPartial","Output":"--- PASS: TestHookCapture_ShortReadIsRecordedAsPartial (0.01s)\n"}
{"Time":"2026-09-21T14:10:35.2312712-04:00","Action":"pass","Package":"github.com/qompack/qompack/internal/cli","Test":"TestHookCapture_ShortReadIsRecordedAsPartial","Elapsed":0.01}
{"Time":"2026-09-21T14:10:35.2312712-04:00","Action":"run","Package":"github.com/qompack/qompack/internal/cli","Test":"TestHookCapture_OversizeRetainsClassificationWithoutOpaqueBytes"}
{"Time":"2026-09-21T14:10:35.2312712-04:00","Action":"output","Package":"github.com/qompack/qompack/internal/cli","Test":"TestHookCapture_OversizeRetainsClassificationWithoutOpaqueBytes","Output":"=== RUN   TestHookCapture_OversizeRetainsClassificationWithoutOpaqueBytes\n"}
{"Time":"2026-09-21T14:10:35.2372861-04:00","Action":"output","Package":"github.com/qompack/qompack/internal/cli","Test":"TestHookCapture_OversizeRetainsClassificationWithoutOpaqueBytes","Output":"--- PASS: TestHookCapture_OversizeRetainsClassificationWithoutOpaqueBytes (0.01s)\n"}
{"Time":"2026-09-21T14:10:35.2372861-04:00","Action":"pass","Package":"github.com/qompack/qompack/internal/cli","Test":"TestHookCapture_OversizeRetainsClassificationWithoutOpaqueBytes","Elapsed":0.01}
{"Time":"2026-09-21T14:10:35.2372861-04:00","Action":"run","Package":"github.com/qompack/qompack/internal/cli","Test":"TestHookCapture_BinaryPayloadIsClassifiedNotSilentlyRejected"}
{"Time":"2026-09-21T14:10:35.2372861-04:00","Action":"output","Package":"github.com/qompack/qompack/internal/cli","Test":"TestHookCapture_BinaryPayloadIsClassifiedNotSilentlyRejected","Output":"=== RUN   TestHookCapture_BinaryPayloadIsClassifiedNotSilentlyRejected\n"}
{"Time":"2026-09-21T14:10:35.2418381-04:00","Action":"output","Package":"github.com/qompack/qompack/internal/cli","Test":"TestHookCapture_BinaryPayloadIsClassifiedNotSilentlyRejected","Output":"--- PASS: TestHookCapture_BinaryPayloadIsClassifiedNotSilentlyRejected (0.00s)\n"}
{"Time":"2026-09-21T14:10:35.2418381-04:00","Action":"pass","Package":"github.com/qompack/qompack/internal/cli","Test":"TestHookCapture_BinaryPayloadIsClassifiedNotSilentlyRejected","Elapsed":0}
{"Time":"2026-09-21T14:10:35.2418381-04:00","Action":"run","Package":"github.com/qompack/qompack/internal/cli","Test":"TestHookCapture_AdmittedPayloadRecordsObservedHostFields"}
{"Time":"2026-09-21T14:10:35.2418381-04:00","Action":"output","Package":"github.com/qompack/qompack/internal/cli","Test":"TestHookCapture_AdmittedPayloadRecordsObservedHostFields","Output":"=== RUN   TestHookCapture_AdmittedPayloadRecordsObservedHostFields\n"}
{"Time":"2026-09-21T14:10:35.2439344-04:00","Action":"output","Package":"github.com/qompack/qompack/internal/cli","Test":"TestHookCapture_AdmittedPayloadRecordsObservedHostFields","Output":"--- PASS: TestHookCapture_AdmittedPayloadRecordsObservedHostFields (0.00s)\n"}
{"Time":"2026-09-21T14:10:35.2454646-04:00","Action":"pass","Package":"github.com/qompack/qompack/internal/cli","Test":"TestHookCapture_AdmittedPayloadRecordsObservedHostFields","Elapsed":0}
{"Time":"2026-09-21T14:10:35.2454646-04:00","Action":"run","Package":"github.com/qompack/qompack/internal/cli","Test":"TestHookCapture_DeliveryNonceAndCaptureReachTheSpooledRequest"}
{"Time":"2026-09-21T14:10:35.2454646-04:00","Action":"output","Package":"github.com/qompack/qompack/internal/cli","Test":"TestHookCapture_DeliveryNonceAndCaptureReachTheSpooledRequest","Output":"=== RUN   TestHookCapture_DeliveryNonceAndCaptureReachTheSpooledRequest\n"}
{"Time":"2026-09-21T14:10:35.2907069-04:00","Action":"output","Package":"github.com/qompack/qompack/internal/cli","Test":"TestHookCapture_DeliveryNonceAndCaptureReachTheSpooledRequest","Output":"--- PASS: TestHookCapture_DeliveryNonceAndCaptureReachTheSpooledRequest (0.05s)\n"}
{"Time":"2026-09-21T14:10:35.2907069-04:00","Action":"pass","Package":"github.com/qompack/qompack/internal/cli","Test":"TestHookCapture_DeliveryNonceAndCaptureReachTheSpooledRequest","Elapsed":0.05}
{"Time":"2026-09-21T14:10:35.2907069-04:00","Action":"run","Package":"github.com/qompack/qompack/internal/cli","Test":"TestAdmitHookCapture_RedactionCannotLaunderOriginalScope"}
{"Time":"2026-09-21T14:10:35.2907069-04:00","Action":"output","Package":"github.com/qompack/qompack/internal/cli","Test":"TestAdmitHookCapture_RedactionCannotLaunderOriginalScope","Output":"=== RUN   TestAdmitHookCapture_RedactionCannotLaunderOriginalScope\n"}
{"Time":"2026-09-21T14:10:35.3085078-04:00","Action":"output","Package":"github.com/qompack/qompack/internal/cli","Test":"TestAdmitHookCapture_RedactionCannotLaunderOriginalScope","Output":"--- PASS: TestAdmitHookCapture_RedactionCannotLaunderOriginalScope (0.02s)\n"}
{"Time":"2026-09-21T14:10:35.3090384-04:00","Action":"pass","Package":"github.com/qompack/qompack/internal/cli","Test":"TestAdmitHookCapture_RedactionCannotLaunderOriginalScope","Elapsed":0.02}
{"Time":"2026-09-21T14:10:35.3090384-04:00","Action":"run","Package":"github.com/qompack/qompack/internal/cli","Test":"TestAdmitHookCapture_DuplicateOriginalPathIsUnavailable"}
{"Time":"2026-09-21T14:10:35.3090384-04:00","Action":"output","Package":"github.com/qompack/qompack/internal/cli","Test":"TestAdmitHookCapture_DuplicateOriginalPathIsUnavailable","Output":"=== RUN   TestAdmitHookCapture_DuplicateOriginalPathIsUnavailable\n"}
{"Time":"2026-09-21T14:10:35.3117175-04:00","Action":"output","Package":"github.com/qompack/qompack/internal/cli","Test":"TestAdmitHookCapture_DuplicateOriginalPathIsUnavailable","Output":"--- PASS: TestAdmitHookCapture_DuplicateOriginalPathIsUnavailable (0.00s)\n"}
{"Time":"2026-09-21T14:10:35.312387-04:00","Action":"pass","Package":"github.com/qompack/qompack/internal/cli","Test":"TestAdmitHookCapture_DuplicateOriginalPathIsUnavailable","Elapsed":0}
{"Time":"2026-09-21T14:10:35.312387-04:00","Action":"run","Package":"github.com/qompack/qompack/internal/cli","Test":"TestScopeGuard_OKOutOfProjectReadDenied"}
{"Time":"2026-09-21T14:10:35.312387-04:00","Action":"output","Package":"github.com/qompack/qompack/internal/cli","Test":"TestScopeGuard_OKOutOfProjectReadDenied","Output":"=== RUN   TestScopeGuard_OKOutOfProjectReadDenied\n"}
{"Time":"2026-09-21T14:10:35.3140748-04:00","Action":"output","Package":"github.com/qompack/qompack/internal/cli","Test":"TestScopeGuard_OKOutOfProjectReadDenied","Output":"--- PASS: TestScopeGuard_OKOutOfProjectReadDenied (0.00s)\n"}
{"Time":"2026-09-21T14:10:35.3140748-04:00","Action":"pass","Package":"github.com/qompack/qompack/internal/cli","Test":"TestScopeGuard_OKOutOfProjectReadDenied","Elapsed":0}
{"Time":"2026-09-21T14:10:35.3140748-04:00","Action":"run","Package":"github.com/qompack/qompack/internal/cli","Test":"TestScopeGuard_OKDroppedPathReadUnavailable"}
{"Time":"2026-09-21T14:10:35.3140748-04:00","Action":"output","Package":"github.com/qompack/qompack/internal/cli","Test":"TestScopeGuard_OKDroppedPathReadUnavailable","Output":"=== RUN   TestScopeGuard_OKDroppedPathReadUnavailable\n"}
{"Time":"2026-09-21T14:10:35.3156822-04:00","Action":"output","Package":"github.com/qompack/qompack/internal/cli","Test":"TestScopeGuard_OKDroppedPathReadUnavailable","Output":"--- PASS: TestScopeGuard_OKDroppedPathReadUnavailable (0.00s)\n"}
{"Time":"2026-09-21T14:10:35.3156822-04:00","Action":"pass","Package":"github.com/qompack/qompack/internal/cli","Test":"TestScopeGuard_OKDroppedPathReadUnavailable","Elapsed":0}
{"Time":"2026-09-21T14:10:35.3156822-04:00","Action":"run","Package":"github.com/qompack/qompack/internal/cli","Test":"TestScopeGuard_OKInProjectReadUntouched"}
{"Time":"2026-09-21T14:10:35.3156822-04:00","Action":"output","Package":"github.com/qompack/qompack/internal/cli","Test":"TestScopeGuard_OKInProjectReadUntouched","Output":"=== RUN   TestScopeGuard_OKInProjectReadUntouched\n"}
{"Time":"2026-09-21T14:10:35.3183876-04:00","Action":"output","Package":"github.com/qompack/qompack/internal/cli","Test":"TestScopeGuard_OKInProjectReadUntouched","Output":"--- PASS: TestScopeGuard_OKInProjectReadUntouched (0.00s)\n"}
{"Time":"2026-09-21T14:10:35.3183876-04:00","Action":"pass","Package":"github.com/qompack/qompack/internal/cli","Test":"TestScopeGuard_OKInProjectReadUntouched","Elapsed":0}
{"Time":"2026-09-21T14:10:35.3183876-04:00","Action":"run","Package":"github.com/qompack/qompack/internal/cli","Test":"TestScopeGuard_PathlessBashOKUntouched"}
{"Time":"2026-09-21T14:10:35.3183876-04:00","Action":"output","Package":"github.com/qompack/qompack/internal/cli","Test":"TestScopeGuard_PathlessBashOKUntouched","Output":"=== RUN   TestScopeGuard_PathlessBashOKUntouched\n"}
{"Time":"2026-09-21T14:10:35.3194849-04:00","Action":"output","Package":"github.com/qompack/qompack/internal/cli","Test":"TestScopeGuard_PathlessBashOKUntouched","Output":"--- PASS: TestScopeGuard_PathlessBashOKUntouched (0.00s)\n"}
{"Time":"2026-09-21T14:10:35.3194849-04:00","Action":"pass","Package":"github.com/qompack/qompack/internal/cli","Test":"TestScopeGuard_PathlessBashOKUntouched","Elapsed":0}
{"Time":"2026-09-21T14:10:35.3194849-04:00","Action":"run","Package":"github.com/qompack/qompack/internal/cli","Test":"TestScopeGuard_DegradedTruncatedBytesDropped"}
{"Time":"2026-09-21T14:10:35.3194849-04:00","Action":"output","Package":"github.com/qompack/qompack/internal/cli","Test":"TestScopeGuard_DegradedTruncatedBytesDropped","Output":"=== RUN   TestScopeGuard_DegradedTruncatedBytesDropped\n"}
{"Time":"2026-09-21T14:10:35.3210783-04:00","Action":"output","Package":"github.com/qompack/qompack/internal/cli","Test":"TestScopeGuard_DegradedTruncatedBytesDropped","Output":"--- PASS: TestScopeGuard_DegradedTruncatedBytesDropped (0.00s)\n"}
{"Time":"2026-09-21T14:10:35.3210783-04:00","Action":"pass","Package":"github.com/qompack/qompack/internal/cli","Test":"TestScopeGuard_DegradedTruncatedBytesDropped","Elapsed":0}
{"Time":"2026-09-21T14:10:35.3210783-04:00","Action":"run","Package":"github.com/qompack/qompack/internal/cli","Test":"TestScopeGuard_DegradedCompletePathlessObjectKept"}
{"Time":"2026-09-21T14:10:35.3210783-04:00","Action":"output","Package":"github.com/qompack/qompack/internal/cli","Test":"TestScopeGuard_DegradedCompletePathlessObjectKept","Output":"=== RUN   TestScopeGuard_DegradedCompletePathlessObjectKept\n"}
{"Time":"2026-09-21T14:10:35.3218525-04:00","Action":"output","Package":"github.com/qompack/qompack/internal/cli","Test":"TestScopeGuard_DegradedCompletePathlessObjectKept","Output":"--- PASS: TestScopeGuard_DegradedCompletePathlessObjectKept (0.00s)\n"}
{"Time":"2026-09-21T14:10:35.3224056-04:00","Action":"pass","Package":"github.com/qompack/qompack/internal/cli","Test":"TestScopeGuard_DegradedCompletePathlessObjectKept","Elapsed":0}
{"Time":"2026-09-21T14:10:35.3224056-04:00","Action":"run","Package":"github.com/qompack/qompack/internal/cli","Test":"TestScopeGuard_DegradedCompleteOutOfProjectObjectDropped"}
{"Time":"2026-09-21T14:10:35.3224056-04:00","Action":"output","Package":"github.com/qompack/qompack/internal/cli","Test":"TestScopeGuard_DegradedCompleteOutOfProjectObjectDropped","Output":"=== RUN   TestScopeGuard_DegradedCompleteOutOfProjectObjectDropped\n"}
{"Time":"2026-09-21T14:10:35.324144-04:00","Action":"output","Package":"github.com/qompack/qompack/internal/cli","Test":"TestScopeGuard_DegradedCompleteOutOfProjectObjectDropped","Output":"--- PASS: TestScopeGuard_DegradedCompleteOutOfProjectObjectDropped (0.00s)\n"}
{"Time":"2026-09-21T14:10:35.324144-04:00","Action":"pass","Package":"github.com/qompack/qompack/internal/cli","Test":"TestScopeGuard_DegradedCompleteOutOfProjectObjectDropped","Elapsed":0}
{"Time":"2026-09-21T14:10:35.324144-04:00","Action":"run","Package":"github.com/qompack/qompack/internal/cli","Test":"TestScopeGuard_UnrecordedCaptureUntouched"}
{"Time":"2026-09-21T14:10:35.324144-04:00","Action":"output","Package":"github.com/qompack/qompack/internal/cli","Test":"TestScopeGuard_UnrecordedCaptureUntouched","Output":"=== RUN   TestScopeGuard_UnrecordedCaptureUntouched\n"}
{"Time":"2026-09-21T14:10:35.3257857-04:00","Action":"output","Package":"github.com/qompack/qompack/internal/cli","Test":"TestScopeGuard_UnrecordedCaptureUntouched","Output":"--- PASS: TestScopeGuard_UnrecordedCaptureUntouched (0.00s)\n"}
{"Time":"2026-09-21T14:10:35.3257857-04:00","Action":"pass","Package":"github.com/qompack/qompack/internal/cli","Test":"TestScopeGuard_UnrecordedCaptureUntouched","Elapsed":0}
{"Time":"2026-09-21T14:10:35.3257857-04:00","Action":"run","Package":"github.com/qompack/qompack/internal/cli","Test":"TestAdmitHookCapture_OutOfProjectReadIsByteFreeWithNoEvent"}
{"Time":"2026-09-21T14:10:35.3257857-04:00","Action":"output","Package":"github.com/qompack/qompack/internal/cli","Test":"TestAdmitHookCapture_OutOfProjectReadIsByteFreeWithNoEvent","Output":"=== RUN   TestAdmitHookCapture_OutOfProjectReadIsByteFreeWithNoEvent\n"}
{"Time":"2026-09-21T14:10:35.3301804-04:00","Action":"output","Package":"github.com/qompack/qompack/internal/cli","Test":"TestAdmitHookCapture_OutOfProjectReadIsByteFreeWithNoEvent","Output":"--- PASS: TestAdmitHookCapture_OutOfProjectReadIsByteFreeWithNoEvent (0.00s)\n"}
{"Time":"2026-09-21T14:10:35.3307506-04:00","Action":"pass","Package":"github.com/qompack/qompack/internal/cli","Test":"TestAdmitHookCapture_OutOfProjectReadIsByteFreeWithNoEvent","Elapsed":0}
{"Time":"2026-09-21T14:10:35.3318239-04:00","Action":"run","Package":"github.com/qompack/qompack/internal/cli","Test":"TestHookCapture_FaultsCannotBypassAdmission"}
{"Time":"2026-09-21T14:10:35.3318239-04:00","Action":"output","Package":"github.com/qompack/qompack/internal/cli","Test":"TestHookCapture_FaultsCannotBypassAdmission","Output":"=== RUN   TestHookCapture_FaultsCannotBypassAdmission\n"}
{"Time":"2026-09-21T14:10:35.3318239-04:00","Action":"run","Package":"github.com/qompack/qompack/internal/cli","Test":"TestHookCapture_FaultsCannotBypassAdmission/oversize"}
{"Time":"2026-09-21T14:10:35.3318239-04:00","Action":"output","Package":"github.com/qompack/qompack/internal/cli","Test":"TestHookCapture_FaultsCannotBypassAdmission/oversize","Output":"=== RUN   TestHookCapture_FaultsCannotBypassAdmission/oversize\n"}
{"Time":"2026-09-21T14:10:35.4226432-04:00","Action":"output","Package":"github.com/qompack/qompack/internal/cli","Test":"TestHookCapture_FaultsCannotBypassAdmission/oversize","Output":"--- PASS: TestHookCapture_FaultsCannotBypassAdmission/oversize (0.09s)\n"}
{"Time":"2026-09-21T14:10:35.4226432-04:00","Action":"pass","Package":"github.com/qompack/qompack/internal/cli","Test":"TestHookCapture_FaultsCannotBypassAdmission/oversize","Elapsed":0.09}
{"Time":"2026-09-21T14:10:35.4226432-04:00","Action":"run","Package":"github.com/qompack/qompack/internal/cli","Test":"TestHookCapture_FaultsCannotBypassAdmission/config-corrupt"}
{"Time":"2026-09-21T14:10:35.4226432-04:00","Action":"output","Package":"github.com/qompack/qompack/internal/cli","Test":"TestHookCapture_FaultsCannotBypassAdmission/config-corrupt","Output":"=== RUN   TestHookCapture_FaultsCannotBypassAdmission/config-corrupt\n"}
{"Time":"2026-09-21T14:10:35.4275346-04:00","Action":"output","Package":"github.com/qompack/qompack/internal/cli","Test":"TestHookCapture_FaultsCannotBypassAdmission/config-corrupt","Output":"--- PASS: TestHookCapture_FaultsCannotBypassAdmission/config-corrupt (0.01s)\n"}
{"Time":"2026-09-21T14:10:35.4275346-04:00","Action":"pass","Package":"github.com/qompack/qompack/internal/cli","Test":"TestHookCapture_FaultsCannotBypassAdmission/config-corrupt","Elapsed":0.01}
{"Time":"2026-09-21T14:10:35.4275346-04:00","Action":"output","Package":"github.com/qompack/qompack/internal/cli","Test":"TestHookCapture_FaultsCannotBypassAdmission","Output":"--- PASS: TestHookCapture_FaultsCannotBypassAdmission (0.10s)\n"}
{"Time":"2026-09-21T14:10:35.4275346-04:00","Action":"pass","Package":"github.com/qompack/qompack/internal/cli","Test":"TestHookCapture_FaultsCannotBypassAdmission","Elapsed":0.1}
{"Time":"2026-09-21T14:10:35.4291337-04:00","Action":"run","Package":"github.com/qompack/qompack/internal/cli","Test":"TestHooks_AllSixExitZeroWithValidJSON"}
{"Time":"2026-09-21T14:10:35.4291337-04:00","Action":"output","Package":"github.com/qompack/qompack/internal/cli","Test":"TestHooks_AllSixExitZeroWithValidJSON","Output":"=== RUN   TestHooks_AllSixExitZeroWithValidJSON\n"}
{"Time":"2026-09-21T14:10:35.4296739-04:00","Action":"run","Package":"github.com/qompack/qompack/internal/cli","Test":"TestHooks_AllSixExitZeroWithValidJSON/observe_tool"}
{"Time":"2026-09-21T14:10:35.430223-04:00","Action":"output","Package":"github.com/qompack/qompack/internal/cli","Test":"TestHooks_AllSixExitZeroWithValidJSON/observe_tool","Output":"=== RUN   TestHooks_AllSixExitZeroWithValidJSON/observe_tool\n"}
{"Time":"2026-09-21T14:10:35.4330834-04:00","Action":"output","Package":"github.com/qompack/qompack/internal/cli","Test":"TestHooks_AllSixExitZeroWithValidJSON/observe_tool","Output":"--- PASS: TestHooks_AllSixExitZeroWithValidJSON/observe_tool (0.00s)\n"}
{"Time":"2026-09-21T14:10:35.4336345-04:00","Action":"pass","Package":"github.com/qompack/qompack/internal/cli","Test":"TestHooks_AllSixExitZeroWithValidJSON/observe_tool","Elapsed":0}
{"Time":"2026-09-21T14:10:35.4336345-04:00","Action":"run","Package":"github.com/qompack/qompack/internal/cli","Test":"TestHooks_AllSixExitZeroWithValidJSON/observe_prompt"}
{"Time":"2026-09-21T14:10:35.4336345-04:00","Action":"output","Package":"github.com/qompack/qompack/internal/cli","Test":"TestHooks_AllSixExitZeroWithValidJSON/observe_prompt","Output":"=== RUN   TestHooks_AllSixExitZeroWithValidJSON/observe_prompt\n"}
{"Time":"2026-09-21T14:10:35.4357888-04:00","Action":"output","Package":"github.com/qompack/qompack/internal/cli","Test":"TestHooks_AllSixExitZeroWithValidJSON/observe_prompt","Output":"--- PASS: TestHooks_AllSixExitZeroWithValidJSON/observe_prompt (0.00s)\n"}
{"Time":"2026-09-21T14:10:35.4357888-04:00","Action":"pass","Package":"github.com/qompack/qompack/internal/cli","Test":"TestHooks_AllSixExitZeroWithValidJSON/observe_prompt","Elapsed":0}
{"Time":"2026-09-21T14:10:35.4357888-04:00","Action":"run","Package":"github.com/qompack/qompack/internal/cli","Test":"TestHooks_AllSixExitZeroWithValidJSON/observe_stop"}
{"Time":"2026-09-21T14:10:35.4357888-04:00","Action":"output","Package":"github.com/qompack/qompack/internal/cli","Test":"TestHooks_AllSixExitZeroWithValidJSON/observe_stop","Output":"=== RUN   TestHooks_AllSixExitZeroWithValidJSON/observe_stop\n"}
{"Time":"2026-09-21T14:10:35.4379706-04:00","Action":"output","Package":"github.com/qompack/qompack/internal/cli","Test":"TestHooks_AllSixExitZeroWithValidJSON/observe_stop","Output":"--- PASS: TestHooks_AllSixExitZeroWithValidJSON/observe_stop (0.00s)\n"}
{"Time":"2026-09-21T14:10:35.4379706-04:00","Action":"pass","Package":"github.com/qompack/qompack/internal/cli","Test":"TestHooks_AllSixExitZeroWithValidJSON/observe_stop","Elapsed":0}
{"Time":"2026-09-21T14:10:35.4379706-04:00","Action":"run","Package":"github.com/qompack/qompack/internal/cli","Test":"TestHooks_AllSixExitZeroWithValidJSON/session-start"}
{"Time":"2026-09-21T14:10:35.4379706-04:00","Action":"output","Package":"github.com/qompack/qompack/internal/cli","Test":"TestHooks_AllSixExitZeroWithValidJSON/session-start","Output":"=== RUN   TestHooks_AllSixExitZeroWithValidJSON/session-start\n"}
{"Time":"2026-09-21T14:10:35.4407385-04:00","Action":"output","Package":"github.com/qompack/qompack/internal/cli","Test":"TestHooks_AllSixExitZeroWithValidJSON/session-start","Output":"--- PASS: TestHooks_AllSixExitZeroWithValidJSON/session-start (0.00s)\n"}
{"Time":"2026-09-21T14:10:35.4407385-04:00","Action":"pass","Package":"github.com/qompack/qompack/internal/cli","Test":"TestHooks_AllSixExitZeroWithValidJSON/session-start","Elapsed":0}
{"Time":"2026-09-21T14:10:35.4407385-04:00","Action":"run","Package":"github.com/qompack/qompack/internal/cli","Test":"TestHooks_AllSixExitZeroWithValidJSON/checkpoint"}
{"Time":"2026-09-21T14:10:35.4407385-04:00","Action":"output","Package":"github.com/qompack/qompack/internal/cli","Test":"TestHooks_AllSixExitZeroWithValidJSON/checkpoint","Output":"=== RUN   TestHooks_AllSixExitZeroWithValidJSON/checkpoint\n"}
{"Time":"2026-09-21T14:10:35.4424199-04:00","Action":"output","Package":"github.com/qompack/qompack/internal/cli","Test":"TestHooks_AllSixExitZeroWithValidJSON/checkpoint","Output":"--- PASS: TestHooks_AllSixExitZeroWithValidJSON/checkpoint (0.00s)\n"}
{"Time":"2026-09-21T14:10:35.4424199-04:00","Action":"pass","Package":"github.com/qompack/qompack/internal/cli","Test":"TestHooks_AllSixExitZeroWithValidJSON/checkpoint","Elapsed":0}
{"Time":"2026-09-21T14:10:35.4424199-04:00","Action":"run","Package":"github.com/qompack/qompack/internal/cli","Test":"TestHooks_AllSixExitZeroWithValidJSON/flush"}
{"Time":"2026-09-21T14:10:35.4424199-04:00","Action":"output","Package":"github.com/qompack/qompack/internal/cli","Test":"TestHooks_AllSixExitZeroWithValidJSON/flush","Output":"=== RUN   TestHooks_AllSixExitZeroWithValidJSON/flush\n"}
{"Time":"2026-09-21T14:10:35.4435182-04:00","Action":"output","Package":"github.com/qompack/qompack/internal/cli","Test":"TestHooks_AllSixExitZeroWithValidJSON/flush","Output":"--- PASS: TestHooks_AllSixExitZeroWithValidJSON/flush (0.00s)\n"}
{"Time":"2026-09-21T14:10:35.4435182-04:00","Action":"pass","Package":"github.com/qompack/qompack/internal/cli","Test":"TestHooks_AllSixExitZeroWithValidJSON/flush","Elapsed":0}
{"Time":"2026-09-21T14:10:35.4440773-04:00","Action":"output","Package":"github.com/qompack/qompack/internal/cli","Test":"TestHooks_AllSixExitZeroWithValidJSON","Output":"--- PASS: TestHooks_AllSixExitZeroWithValidJSON (0.02s)\n"}
{"Time":"2026-09-21T14:10:35.4440773-04:00","Action":"pass","Package":"github.com/qompack/qompack/internal/cli","Test":"TestHooks_AllSixExitZeroWithValidJSON","Elapsed":0.02}
{"Time":"2026-09-21T14:10:35.4440773-04:00","Action":"run","Package":"github.com/qompack/qompack/internal/cli","Test":"TestHooks_ModeOffShortCircuits"}
{"Time":"2026-09-21T14:10:35.4440773-04:00","Action":"output","Package":"github.com/qompack/qompack/internal/cli","Test":"TestHooks_ModeOffShortCircuits","Output":"=== RUN   TestHooks_ModeOffShortCircuits\n"}
{"Time":"2026-09-21T14:10:35.4538785-04:00","Action":"output","Package":"github.com/qompack/qompack/internal/cli","Test":"TestHooks_ModeOffShortCircuits","Output":"--- PASS: TestHooks_ModeOffShortCircuits (0.01s)\n"}
{"Time":"2026-09-21T14:10:35.4538785-04:00","Action":"pass","Package":"github.com/qompack/qompack/internal/cli","Test":"TestHooks_ModeOffShortCircuits","Elapsed":0.01}
{"Time":"2026-09-21T14:10:35.4538785-04:00","Action":"run","Package":"github.com/qompack/qompack/internal/cli","Test":"TestHooks_RefuseToCreateStoreUnderMissingRoot"}
{"Time":"2026-09-21T14:10:35.4538785-04:00","Action":"output","Package":"github.com/qompack/qompack/internal/cli","Test":"TestHooks_RefuseToCreateStoreUnderMissingRoot","Output":"=== RUN   TestHooks_RefuseToCreateStoreUnderMissingRoot\n"}
{"Time":"2026-09-21T14:10:35.4573899-04:00","Action":"output","Package":"github.com/qompack/qompack/internal/cli","Test":"TestHooks_RefuseToCreateStoreUnderMissingRoot","Output":"--- PASS: TestHooks_RefuseToCreateStoreUnderMissingRoot (0.00s)\n"}
{"Time":"2026-09-21T14:10:35.4573899-04:00","Action":"pass","Package":"github.com/qompack/qompack/internal/cli","Test":"TestHooks_RefuseToCreateStoreUnderMissingRoot","Elapsed":0}
{"Time":"2026-09-21T14:10:35.4579451-04:00","Action":"run","Package":"github.com/qompack/qompack/internal/cli","Test":"TestHooks_RootReResolvesFromPayload"}
{"Time":"2026-09-21T14:10:35.4579451-04:00","Action":"output","Package":"github.com/qompack/qompack/internal/cli","Test":"TestHooks_RootReResolvesFromPayload","Output":"=== RUN   TestHooks_RootReResolvesFromPayload\n"}
{"Time":"2026-09-21T14:10:35.4669989-04:00","Action":"output","Package":"github.com/qompack/qompack/internal/cli","Test":"TestHooks_RootReResolvesFromPayload","Output":"--- PASS: TestHooks_RootReResolvesFromPayload (0.01s)\n"}
{"Time":"2026-09-21T14:10:35.4669989-04:00","Action":"pass","Package":"github.com/qompack/qompack/internal/cli","Test":"TestHooks_RootReResolvesFromPayload","Elapsed":0.01}
{"Time":"2026-09-21T14:10:35.4675562-04:00","Action":"run","Package":"github.com/qompack/qompack/internal/cli","Test":"TestHooks_ObserveStopSubagentFlagReachesRaw"}
{"Time":"2026-09-21T14:10:35.4675562-04:00","Action":"output","Package":"github.com/qompack/qompack/internal/cli","Test":"TestHooks_ObserveStopSubagentFlagReachesRaw","Output":"=== RUN   TestHooks_ObserveStopSubagentFlagReachesRaw\n"}
{"Time":"2026-09-21T14:10:35.4865975-04:00","Action":"output","Package":"github.com/qompack/qompack/internal/cli","Test":"TestHooks_ObserveStopSubagentFlagReachesRaw","Output":"--- PASS: TestHooks_ObserveStopSubagentFlagReachesRaw (0.02s)\n"}
{"Time":"2026-09-21T14:10:35.4865975-04:00","Action":"pass","Package":"github.com/qompack/qompack/internal/cli","Test":"TestHooks_ObserveStopSubagentFlagReachesRaw","Elapsed":0.02}
{"Time":"2026-09-21T14:10:35.4865975-04:00","Action":"run","Package":"github.com/qompack/qompack/internal/cli","Test":"TestHooks_CheckpointTriggerReachesRaw"}
{"Time":"2026-09-21T14:10:35.4865975-04:00","Action":"output","Package":"github.com/qompack/qompack/internal/cli","Test":"TestHooks_CheckpointTriggerReachesRaw","Output":"=== RUN   TestHooks_CheckpointTriggerReachesRaw\n"}
{"Time":"2026-09-21T14:10:35.5070683-04:00","Action":"output","Package":"github.com/qompack/qompack/internal/cli","Test":"TestHooks_CheckpointTriggerReachesRaw","Output":"--- PASS: TestHooks_CheckpointTriggerReachesRaw (0.02s)\n"}
{"Time":"2026-09-21T14:10:35.5076307-04:00","Action":"pass","Package":"github.com/qompack/qompack/internal/cli","Test":"TestHooks_CheckpointTriggerReachesRaw","Elapsed":0.02}
{"Time":"2026-09-21T14:10:35.5076307-04:00","Action":"run","Package":"github.com/qompack/qompack/internal/cli","Test":"TestHooks_LogQuietWritesWhenLogsDirExists"}
{"Time":"2026-09-21T14:10:35.5076307-04:00","Action":"output","Package":"github.com/qompack/qompack/internal/cli","Test":"TestHooks_LogQuietWritesWhenLogsDirExists","Output":"=== RUN   TestHooks_LogQuietWritesWhenLogsDirExists\n"}
{"Time":"2026-09-21T14:10:35.5292402-04:00","Action":"output","Package":"github.com/qompack/qompack/internal/cli","Test":"TestHooks_LogQuietWritesWhenLogsDirExists","Output":"--- PASS: TestHooks_LogQuietWritesWhenLogsDirExists (0.02s)\n"}
{"Time":"2026-09-21T14:10:35.5292402-04:00","Action":"pass","Package":"github.com/qompack/qompack/internal/cli","Test":"TestHooks_LogQuietWritesWhenLogsDirExists","Elapsed":0.02}
{"Time":"2026-09-21T14:10:35.5292402-04:00","Action":"run","Package":"github.com/qompack/qompack/internal/cli","Test":"TestHooks_LogQuietNeverCreatesLogsDir"}
{"Time":"2026-09-21T14:10:35.5292402-04:00","Action":"output","Package":"github.com/qompack/qompack/internal/cli","Test":"TestHooks_LogQuietNeverCreatesLogsDir","Output":"=== RUN   TestHooks_LogQuietNeverCreatesLogsDir\n"}
{"Time":"2026-09-21T14:10:35.5319685-04:00","Action":"output","Package":"github.com/qompack/qompack/internal/cli","Test":"TestHooks_LogQuietNeverCreatesLogsDir","Output":"--- PASS: TestHooks_LogQuietNeverCreatesLogsDir (0.00s)\n"}
{"Time":"2026-09-21T14:10:35.5319685-04:00","Action":"pass","Package":"github.com/qompack/qompack/internal/cli","Test":"TestHooks_LogQuietNeverCreatesLogsDir","Elapsed":0}
{"Time":"2026-09-21T14:10:35.5319685-04:00","Action":"run","Package":"github.com/qompack/qompack/internal/cli","Test":"TestHooks_SubagentNameReachesTheSpooledRequest"}
{"Time":"2026-09-21T14:10:35.5319685-04:00","Action":"output","Package":"github.com/qompack/qompack/internal/cli","Test":"TestHooks_SubagentNameReachesTheSpooledRequest","Output":"=== RUN   TestHooks_SubagentNameReachesTheSpooledRequest\n"}
{"Time":"2026-09-21T14:10:35.5573492-04:00","Action":"output","Package":"github.com/qompack/qompack/internal/cli","Test":"TestHooks_SubagentNameReachesTheSpooledRequest","Output":"--- PASS: TestHooks_SubagentNameReachesTheSpooledRequest (0.02s)\n"}
{"Time":"2026-09-21T14:10:35.5573492-04:00","Action":"pass","Package":"github.com/qompack/qompack/internal/cli","Test":"TestHooks_SubagentNameReachesTheSpooledRequest","Elapsed":0.02}
{"Time":"2026-09-21T14:10:35.5573492-04:00","Action":"run","Package":"github.com/qompack/qompack/internal/cli","Test":"TestHooks_OverBudgetDeliveryIsRecordedNotDropped"}
{"Time":"2026-09-21T14:10:35.5573492-04:00","Action":"output","Package":"github.com/qompack/qompack/internal/cli","Test":"TestHooks_OverBudgetDeliveryIsRecordedNotDropped","Output":"=== RUN   TestHooks_OverBudgetDeliveryIsRecordedNotDropped\n"}
{"Time":"2026-09-21T14:10:35.5812725-04:00","Action":"output","Package":"github.com/qompack/qompack/internal/cli","Test":"TestHooks_OverBudgetDeliveryIsRecordedNotDropped","Output":"--- PASS: TestHooks_OverBudgetDeliveryIsRecordedNotDropped (0.02s)\n"}
{"Time":"2026-09-21T14:10:35.5812725-04:00","Action":"pass","Package":"github.com/qompack/qompack/internal/cli","Test":"TestHooks_OverBudgetDeliveryIsRecordedNotDropped","Elapsed":0.02}
{"Time":"2026-09-21T14:10:35.5812725-04:00","Action":"run","Package":"github.com/qompack/qompack/internal/cli","Test":"TestHooks_HardCapDeliveryIsRecordedWhenStateExists"}
{"Time":"2026-09-21T14:10:35.5812725-04:00","Action":"output","Package":"github.com/qompack/qompack/internal/cli","Test":"TestHooks_HardCapDeliveryIsRecordedWhenStateExists","Output":"=== RUN   TestHooks_HardCapDeliveryIsRecordedWhenStateExists\n"}
{"Time":"2026-09-21T14:10:35.6293781-04:00","Action":"output","Package":"github.com/qompack/qompack/internal/cli","Test":"TestHooks_HardCapDeliveryIsRecordedWhenStateExists","Output":"--- PASS: TestHooks_HardCapDeliveryIsRecordedWhenStateExists (0.05s)\n"}
{"Time":"2026-09-21T14:10:35.6293781-04:00","Action":"pass","Package":"github.com/qompack/qompack/internal/cli","Test":"TestHooks_HardCapDeliveryIsRecordedWhenStateExists","Elapsed":0.05}
{"Time":"2026-09-21T14:10:35.6293781-04:00","Action":"run","Package":"github.com/qompack/qompack/internal/cli","Test":"TestHooks_HardCapDeliveryIsDroppedWithoutState"}
{"Time":"2026-09-21T14:10:35.6293781-04:00","Action":"output","Package":"github.com/qompack/qompack/internal/cli","Test":"TestHooks_HardCapDeliveryIsDroppedWithoutState","Output":"=== RUN   TestHooks_HardCapDeliveryIsDroppedWithoutState\n"}
{"Time":"2026-09-21T14:10:35.6487388-04:00","Action":"output","Package":"github.com/qompack/qompack/internal/cli","Test":"TestHooks_HardCapDeliveryIsDroppedWithoutState","Output":"--- PASS: TestHooks_HardCapDeliveryIsDroppedWithoutState (0.02s)\n"}
{"Time":"2026-09-21T14:10:35.6487388-04:00","Action":"pass","Package":"github.com/qompack/qompack/internal/cli","Test":"TestHooks_HardCapDeliveryIsDroppedWithoutState","Elapsed":0.02}
{"Time":"2026-09-21T14:10:35.6492623-04:00","Action":"output","Package":"github.com/qompack/qompack/internal/cli","Output":"PASS\n"}
{"Time":"2026-09-21T14:10:35.6611842-04:00","Action":"output","Package":"github.com/qompack/qompack/internal/cli","Output":"ok  \tgithub.com/qompack/qompack/internal/cli\t1.705s\n"}
{"Time":"2026-09-21T14:10:35.6611842-04:00","Action":"pass","Package":"github.com/qompack/qompack/internal/cli","Elapsed":1.705}
{"Time":"2026-09-21T14:10:40.8588584-04:00","Action":"start","Package":"github.com/qompack/qompack/internal/daemon"}
{"Time":"2026-09-21T14:10:40.8588584-04:00","Action":"start","Package":"github.com/qompack/qompack/internal/hookio"}
{"Time":"2026-09-21T14:10:41.1196883-04:00","Action":"run","Package":"github.com/qompack/qompack/internal/daemon","Test":"TestRedrainOnFirstServedRequest"}
{"Time":"2026-09-21T14:10:41.1202533-04:00","Action":"output","Package":"github.com/qompack/qompack/internal/daemon","Test":"TestRedrainOnFirstServedRequest","Output":"=== RUN   TestRedrainOnFirstServedRequest\n"}
{"Time":"2026-09-21T14:10:41.3170116-04:00","Action":"output","Package":"github.com/qompack/qompack/internal/daemon","Test":"TestRedrainOnFirstServedRequest","Output":"--- PASS: TestRedrainOnFirstServedRequest (0.20s)\n"}
{"Time":"2026-09-21T14:10:41.3170116-04:00","Action":"pass","Package":"github.com/qompack/qompack/internal/daemon","Test":"TestRedrainOnFirstServedRequest","Elapsed":0.2}
{"Time":"2026-09-21T14:10:41.3186265-04:00","Action":"run","Package":"github.com/qompack/qompack/internal/daemon","Test":"TestDaemon_NoACKBeforeDurableBatch"}
{"Time":"2026-09-21T14:10:41.3186265-04:00","Action":"output","Package":"github.com/qompack/qompack/internal/daemon","Test":"TestDaemon_NoACKBeforeDurableBatch","Output":"=== RUN   TestDaemon_NoACKBeforeDurableBatch\n"}
{"Time":"2026-09-21T14:10:41.3186265-04:00","Action":"run","Package":"github.com/qompack/qompack/internal/daemon","Test":"TestDaemon_NoACKBeforeDurableBatch/format_1,_the_v1_sidecar"}
{"Time":"2026-09-21T14:10:41.3186265-04:00","Action":"output","Package":"github.com/qompack/qompack/internal/daemon","Test":"TestDaemon_NoACKBeforeDurableBatch/format_1,_the_v1_sidecar","Output":"=== RUN   TestDaemon_NoACKBeforeDurableBatch/format_1,_the_v1_sidecar\n"}
{"Time":"2026-09-21T14:10:41.4270363-04:00","Action":"output","Package":"github.com/qompack/qompack/internal/daemon","Test":"TestDaemon_NoACKBeforeDurableBatch/format_1,_the_v1_sidecar","Output":"--- PASS: TestDaemon_NoACKBeforeDurableBatch/format_1,_the_v1_sidecar (0.11s)\n"}
{"Time":"2026-09-21T14:10:41.4270363-04:00","Action":"pass","Package":"github.com/qompack/qompack/internal/daemon","Test":"TestDaemon_NoACKBeforeDurableBatch/format_1,_the_v1_sidecar","Elapsed":0.11}
{"Time":"2026-09-21T14:10:41.4270363-04:00","Action":"run","Package":"github.com/qompack/qompack/internal/daemon","Test":"TestDaemon_NoACKBeforeDurableBatch/format_2,_the_held_A/B_seal"}
{"Time":"2026-09-21T14:10:41.4270363-04:00","Action":"output","Package":"github.com/qompack/qompack/internal/daemon","Test":"TestDaemon_NoACKBeforeDurableBatch/format_2,_the_held_A/B_seal","Output":"=== RUN   TestDaemon_NoACKBeforeDurableBatch/format_2,_the_held_A/B_seal\n"}
{"Time":"2026-09-21T14:10:41.5603851-04:00","Action":"output","Package":"github.com/qompack/qompack/internal/daemon","Test":"TestDaemon_NoACKBeforeDurableBatch/format_2,_the_held_A/B_seal","Output":"--- PASS: TestDaemon_NoACKBeforeDurableBatch/format_2,_the_held_A/B_seal (0.13s)\n"}
{"Time":"2026-09-21T14:10:41.5603851-04:00","Action":"pass","Package":"github.com/qompack/qompack/internal/daemon","Test":"TestDaemon_NoACKBeforeDurableBatch/format_2,_the_held_A/B_seal","Elapsed":0.13}
{"Time":"2026-09-21T14:10:41.5603851-04:00","Action":"output","Package":"github.com/qompack/qompack/internal/daemon","Test":"TestDaemon_NoACKBeforeDurableBatch","Output":"--- PASS: TestDaemon_NoACKBeforeDurableBatch (0.24s)\n"}
{"Time":"2026-09-21T14:10:41.5603851-04:00","Action":"pass","Package":"github.com/qompack/qompack/internal/daemon","Test":"TestDaemon_NoACKBeforeDurableBatch","Elapsed":0.24}
{"Time":"2026-09-21T14:10:41.5609629-04:00","Action":"run","Package":"github.com/qompack/qompack/internal/daemon","Test":"TestDeliveryJournal_EmptySessionIsAValidIdentityScope"}
{"Time":"2026-09-21T14:10:41.5609629-04:00","Action":"output","Package":"github.com/qompack/qompack/internal/daemon","Test":"TestDeliveryJournal_EmptySessionIsAValidIdentityScope","Output":"=== RUN   TestDeliveryJournal_EmptySessionIsAValidIdentityScope\n"}
{"Time":"2026-09-21T14:10:41.6819683-04:00","Action":"output","Package":"github.com/qompack/qompack/internal/daemon","Test":"TestDeliveryJournal_EmptySessionIsAValidIdentityScope","Output":"--- PASS: TestDeliveryJournal_EmptySessionIsAValidIdentityScope (0.12s)\n"}
{"Time":"2026-09-21T14:10:41.6819683-04:00","Action":"pass","Package":"github.com/qompack/qompack/internal/daemon","Test":"TestDeliveryJournal_EmptySessionIsAValidIdentityScope","Elapsed":0.12}
{"Time":"2026-09-21T14:10:41.6938136-04:00","Action":"run","Package":"github.com/qompack/qompack/internal/daemon","Test":"TestScopedReuse_ReportOnlyIsAStateNotAnAbsence"}
{"Time":"2026-09-21T14:10:41.6938136-04:00","Action":"output","Package":"github.com/qompack/qompack/internal/daemon","Test":"TestScopedReuse_ReportOnlyIsAStateNotAnAbsence","Output":"=== RUN   TestScopedReuse_ReportOnlyIsAStateNotAnAbsence\n"}
{"Time":"2026-09-21T14:10:41.6945766-04:00","Action":"output","Package":"github.com/qompack/qompack/internal/daemon","Test":"TestScopedReuse_ReportOnlyIsAStateNotAnAbsence","Output":"=== PAUSE TestScopedReuse_ReportOnlyIsAStateNotAnAbsence\n"}
{"Time":"2026-09-21T14:10:41.6945766-04:00","Action":"pause","Package":"github.com/qompack/qompack/internal/daemon","Test":"TestScopedReuse_ReportOnlyIsAStateNotAnAbsence"}
{"Time":"2026-09-21T14:10:41.6945766-04:00","Action":"run","Package":"github.com/qompack/qompack/internal/daemon","Test":"TestScopedReuse_ADisabledFeatureAndAnEmptyResultAreDifferent"}
{"Time":"2026-09-21T14:10:41.6945766-04:00","Action":"output","Package":"github.com/qompack/qompack/internal/daemon","Test":"TestScopedReuse_ADisabledFeatureAndAnEmptyResultAreDifferent","Output":"=== RUN   TestScopedReuse_ADisabledFeatureAndAnEmptyResultAreDifferent\n"}
{"Time":"2026-09-21T14:10:41.6945766-04:00","Action":"output","Package":"github.com/qompack/qompack/internal/daemon","Test":"TestScopedReuse_ADisabledFeatureAndAnEmptyResultAreDifferent","Output":"=== PAUSE TestScopedReuse_ADisabledFeatureAndAnEmptyResultAreDifferent\n"}
{"Time":"2026-09-21T14:10:41.6945766-04:00","Action":"pause","Package":"github.com/qompack/qompack/internal/daemon","Test":"TestScopedReuse_ADisabledFeatureAndAnEmptyResultAreDifferent"}
{"Time":"2026-09-21T14:10:41.6945766-04:00","Action":"run","Package":"github.com/qompack/qompack/internal/daemon","Test":"TestScopedReuse_OffersASiblingWorktreesEliminationWithItsAttribution"}
{"Time":"2026-09-21T14:10:41.6945766-04:00","Action":"output","Package":"github.com/qompack/qompack/internal/daemon","Test":"TestScopedReuse_OffersASiblingWorktreesEliminationWithItsAttribution","Output":"=== RUN   TestScopedReuse_OffersASiblingWorktreesEliminationWithItsAttribution\n"}
{"Time":"2026-09-21T14:10:41.6945766-04:00","Action":"output","Package":"github.com/qompack/qompack/internal/daemon","Test":"TestScopedReuse_OffersASiblingWorktreesEliminationWithItsAttribution","Output":"=== PAUSE TestScopedReuse_OffersASiblingWorktreesEliminationWithItsAttribution\n"}
{"Time":"2026-09-21T14:10:41.6945766-04:00","Action":"pause","Package":"github.com/qompack/qompack/internal/daemon","Test":"TestScopedReuse_OffersASiblingWorktreesEliminationWithItsAttribution"}
{"Time":"2026-09-21T14:10:41.6945766-04:00","Action":"run","Package":"github.com/qompack/qompack/internal/daemon","Test":"TestScopedReuse_NoGrantOffersNothingEvenWithTheSwitchOn"}
{"Time":"2026-09-21T14:10:41.6945766-04:00","Action":"output","Package":"github.com/qompack/qompack/internal/daemon","Test":"TestScopedReuse_NoGrantOffersNothingEvenWithTheSwitchOn","Output":"=== RUN   TestScopedReuse_NoGrantOffersNothingEvenWithTheSwitchOn\n"}
{"Time":"2026-09-21T14:10:41.6945766-04:00","Action":"output","Package":"github.com/qompack/qompack/internal/daemon","Test":"TestScopedReuse_NoGrantOffersNothingEvenWithTheSwitchOn","Output":"=== PAUSE TestScopedReuse_NoGrantOffersNothingEvenWithTheSwitchOn\n"}
{"Time":"2026-09-21T14:10:41.6945766-04:00","Action":"pause","Package":"github.com/qompack/qompack/internal/daemon","Test":"TestScopedReuse_NoGrantOffersNothingEvenWithTheSwitchOn"}
{"Time":"2026-09-21T14:10:41.6945766-04:00","Action":"run","Package":"github.com/qompack/qompack/internal/daemon","Test":"TestScopedReuse_WithheldAndDeniedAreCountedApart"}
{"Time":"2026-09-21T14:10:41.6945766-04:00","Action":"output","Package":"github.com/qompack/qompack/internal/daemon","Test":"TestScopedReuse_WithheldAndDeniedAreCountedApart","Output":"=== RUN   TestScopedReuse_WithheldAndDeniedAreCountedApart\n"}
{"Time":"2026-09-21T14:10:41.6945766-04:00","Action":"output","Package":"github.com/qompack/qompack/internal/daemon","Test":"TestScopedReuse_WithheldAndDeniedAreCountedApart","Output":"=== PAUSE TestScopedReuse_WithheldAndDeniedAreCountedApart\n"}
{"Time":"2026-09-21T14:10:41.6945766-04:00","Action":"pause","Package":"github.com/qompack/qompack/internal/daemon","Test":"TestScopedReuse_WithheldAndDeniedAreCountedApart"}
{"Time":"2026-09-21T14:10:41.6945766-04:00","Action":"run","Package":"github.com/qompack/qompack/internal/daemon","Test":"TestScopedReuse_CrossRepositoryIsDeniedByTheBroadestGrant"}
{"Time":"2026-09-21T14:10:41.6945766-04:00","Action":"output","Package":"github.com/qompack/qompack/internal/daemon","Test":"TestScopedReuse_CrossRepositoryIsDeniedByTheBroadestGrant","Output":"=== RUN   TestScopedReuse_CrossRepositoryIsDeniedByTheBroadestGrant\n"}
{"Time":"2026-09-21T14:10:41.6945766-04:00","Action":"output","Package":"github.com/qompack/qompack/internal/daemon","Test":"TestScopedReuse_CrossRepositoryIsDeniedByTheBroadestGrant","Output":"=== PAUSE TestScopedReuse_CrossRepositoryIsDeniedByTheBroadestGrant\n"}
{"Time":"2026-09-21T14:10:41.6945766-04:00","Action":"pause","Package":"github.com/qompack/qompack/internal/daemon","Test":"TestScopedReuse_CrossRepositoryIsDeniedByTheBroadestGrant"}
{"Time":"2026-09-21T14:10:41.6945766-04:00","Action":"run","Package":"github.com/qompack/qompack/internal/daemon","Test":"TestScopedReuse_DegradedDependencyCoverageWithholdsEverything"}
{"Time":"2026-09-21T14:10:41.6945766-04:00","Action":"output","Package":"github.com/qompack/qompack/internal/daemon","Test":"TestScopedReuse_DegradedDependencyCoverageWithholdsEverything","Output":"=== RUN   TestScopedReuse_DegradedDependencyCoverageWithholdsEverything\n"}
{"Time":"2026-09-21T14:10:41.6945766-04:00","Action":"output","Package":"github.com/qompack/qompack/internal/daemon","Test":"TestScopedReuse_DegradedDependencyCoverageWithholdsEverything","Output":"=== PAUSE TestScopedReuse_DegradedDependencyCoverageWithholdsEverything\n"}
{"Time":"2026-09-21T14:10:41.6945766-04:00","Action":"pause","Package":"github.com/qompack/qompack/internal/daemon","Test":"TestScopedReuse_DegradedDependencyCoverageWithholdsEverything"}
{"Time":"2026-09-21T14:10:41.6945766-04:00","Action":"run","Package":"github.com/qompack/qompack/internal/daemon","Test":"TestScopedReuse_UnobservedScopeWithholdsRatherThanMatching"}
{"Time":"2026-09-21T14:10:41.6945766-04:00","Action":"output","Package":"github.com/qompack/qompack/internal/daemon","Test":"TestScopedReuse_UnobservedScopeWithholdsRatherThanMatching","Output":"=== RUN   TestScopedReuse_UnobservedScopeWithholdsRatherThanMatching\n"}
{"Time":"2026-09-21T14:10:41.6945766-04:00","Action":"output","Package":"github.com/qompack/qompack/internal/daemon","Test":"TestScopedReuse_UnobservedScopeWithholdsRatherThanMatching","Output":"=== PAUSE TestScopedReuse_UnobservedScopeWithholdsRatherThanMatching\n"}
{"Time":"2026-09-21T14:10:41.6945766-04:00","Action":"pause","Package":"github.com/qompack/qompack/internal/daemon","Test":"TestScopedReuse_UnobservedScopeWithholdsRatherThanMatching"}
{"Time":"2026-09-21T14:10:41.6945766-04:00","Action":"run","Package":"github.com/qompack/qompack/internal/daemon","Test":"TestScopedReuse_OmissionsAreGroupedByReason"}
{"Time":"2026-09-21T14:10:41.6945766-04:00","Action":"output","Package":"github.com/qompack/qompack/internal/daemon","Test":"TestScopedReuse_OmissionsAreGroupedByReason","Output":"=== RUN   TestScopedReuse_OmissionsAreGroupedByReason\n"}
{"Time":"2026-09-21T14:10:41.6945766-04:00","Action":"output","Package":"github.com/qompack/qompack/internal/daemon","Test":"TestScopedReuse_OmissionsAreGroupedByReason","Output":"=== PAUSE TestScopedReuse_OmissionsAreGroupedByReason\n"}
{"Time":"2026-09-21T14:10:41.6945766-04:00","Action":"pause","Package":"github.com/qompack/qompack/internal/daemon","Test":"TestScopedReuse_OmissionsAreGroupedByReason"}
{"Time":"2026-09-21T14:10:41.6945766-04:00","Action":"run","Package":"github.com/qompack/qompack/internal/daemon","Test":"TestScopedReuse_ADaemonCannotMintItsOwnGrant"}
{"Time":"2026-09-21T14:10:41.6951278-04:00","Action":"output","Package":"github.com/qompack/qompack/internal/daemon","Test":"TestScopedReuse_ADaemonCannotMintItsOwnGrant","Output":"=== RUN   TestScopedReuse_ADaemonCannotMintItsOwnGrant\n"}
{"Time":"2026-09-21T14:10:41.6951278-04:00","Action":"output","Package":"github.com/qompack/qompack/internal/daemon","Test":"TestScopedReuse_ADaemonCannotMintItsOwnGrant","Output":"=== PAUSE TestScopedReuse_ADaemonCannotMintItsOwnGrant\n"}
{"Time":"2026-09-21T14:10:41.6951278-04:00","Action":"pause","Package":"github.com/qompack/qompack/internal/daemon","Test":"TestScopedReuse_ADaemonCannotMintItsOwnGrant"}
{"Time":"2026-09-21T14:10:41.6951278-04:00","Action":"run","Package":"github.com/qompack/qompack/internal/daemon","Test":"TestObserveScope_TwoWorktreesShareARepositoryAndDifferInTree"}
{"Time":"2026-09-21T14:10:41.6951278-04:00","Action":"output","Package":"github.com/qompack/qompack/internal/daemon","Test":"TestObserveScope_TwoWorktreesShareARepositoryAndDifferInTree","Output":"=== RUN   TestObserveScope_TwoWorktreesShareARepositoryAndDifferInTree\n"}
{"Time":"2026-09-21T14:10:41.6951278-04:00","Action":"output","Package":"github.com/qompack/qompack/internal/daemon","Test":"TestObserveScope_TwoWorktreesShareARepositoryAndDifferInTree","Output":"=== PAUSE TestObserveScope_TwoWorktreesShareARepositoryAndDifferInTree\n"}
{"Time":"2026-09-21T14:10:41.6951278-04:00","Action":"pause","Package":"github.com/qompack/qompack/internal/daemon","Test":"TestObserveScope_TwoWorktreesShareARepositoryAndDifferInTree"}
{"Time":"2026-09-21T14:10:41.6951278-04:00","Action":"run","Package":"github.com/qompack/qompack/internal/daemon","Test":"TestObserveScope_TwoUnrelatedRepositoriesNeverRelate"}
{"Time":"2026-09-21T14:10:41.6951278-04:00","Action":"output","Package":"github.com/qompack/qompack/internal/daemon","Test":"TestObserveScope_TwoUnrelatedRepositoriesNeverRelate","Output":"=== RUN   TestObserveScope_TwoUnrelatedRepositoriesNeverRelate\n"}
{"Time":"2026-09-21T14:10:41.6951278-04:00","Action":"output","Package":"github.com/qompack/qompack/internal/daemon","Test":"TestObserveScope_TwoUnrelatedRepositoriesNeverRelate","Output":"=== PAUSE TestObserveScope_TwoUnrelatedRepositoriesNeverRelate\n"}
{"Time":"2026-09-21T14:10:41.6951278-04:00","Action":"pause","Package":"github.com/qompack/qompack/internal/daemon","Test":"TestObserveScope_TwoUnrelatedRepositoriesNeverRelate"}
{"Time":"2026-09-21T14:10:41.6951278-04:00","Action":"run","Package":"github.com/qompack/qompack/internal/daemon","Test":"TestObserveScope_SameWorktreeAcrossSessions"}
{"Time":"2026-09-21T14:10:41.6951278-04:00","Action":"output","Package":"github.com/qompack/qompack/internal/daemon","Test":"TestObserveScope_SameWorktreeAcrossSessions","Output":"=== RUN   TestObserveScope_SameWorktreeAcrossSessions\n"}
{"Time":"2026-09-21T14:10:41.6951278-04:00","Action":"output","Package":"github.com/qompack/qompack/internal/daemon","Test":"TestObserveScope_SameWorktreeAcrossSessions","Output":"=== PAUSE TestObserveScope_SameWorktreeAcrossSessions\n"}
{"Time":"2026-09-21T14:10:41.6951278-04:00","Action":"pause","Package":"github.com/qompack/qompack/internal/daemon","Test":"TestObserveScope_SameWorktreeAcrossSessions"}
{"Time":"2026-09-21T14:10:41.6951278-04:00","Action":"run","Package":"github.com/qompack/qompack/internal/daemon","Test":"TestObserveScope_NothingFailsAndEveryGapIsNamed"}
{"Time":"2026-09-21T14:10:41.6951278-04:00","Action":"output","Package":"github.com/qompack/qompack/internal/daemon","Test":"TestObserveScope_NothingFailsAndEveryGapIsNamed","Output":"=== RUN   TestObserveScope_NothingFailsAndEveryGapIsNamed\n"}
{"Time":"2026-09-21T14:10:41.6951278-04:00","Action":"output","Package":"github.com/qompack/qompack/internal/daemon","Test":"TestObserveScope_NothingFailsAndEveryGapIsNamed","Output":"=== PAUSE TestObserveScope_NothingFailsAndEveryGapIsNamed\n"}
{"Time":"2026-09-21T14:10:41.6951278-04:00","Action":"pause","Package":"github.com/qompack/qompack/internal/daemon","Test":"TestObserveScope_NothingFailsAndEveryGapIsNamed"}
{"Time":"2026-09-21T14:10:41.6951278-04:00","Action":"run","Package":"github.com/qompack/qompack/internal/daemon","Test":"TestObserveScope_DetachedHeadHasNoBranch"}
{"Time":"2026-09-21T14:10:41.6951278-04:00","Action":"output","Package":"github.com/qompack/qompack/internal/daemon","Test":"TestObserveScope_DetachedHeadHasNoBranch","Output":"=== RUN   TestObserveScope_DetachedHeadHasNoBranch\n"}
{"Time":"2026-09-21T14:10:41.6951278-04:00","Action":"output","Package":"github.com/qompack/qompack/internal/daemon","Test":"TestObserveScope_DetachedHeadHasNoBranch","Output":"=== PAUSE TestObserveScope_DetachedHeadHasNoBranch\n"}
{"Time":"2026-09-21T14:10:41.6951278-04:00","Action":"pause","Package":"github.com/qompack/qompack/internal/daemon","Test":"TestObserveScope_DetachedHeadHasNoBranch"}
{"Time":"2026-09-21T14:10:41.6951278-04:00","Action":"run","Package":"github.com/qompack/qompack/internal/daemon","Test":"TestObserveScope_ReadsAPackedRef"}
{"Time":"2026-09-21T14:10:41.6951278-04:00","Action":"output","Package":"github.com/qompack/qompack/internal/daemon","Test":"TestObserveScope_ReadsAPackedRef","Output":"=== RUN   TestObserveScope_ReadsAPackedRef\n"}
{"Time":"2026-09-21T14:10:41.6951278-04:00","Action":"output","Package":"github.com/qompack/qompack/internal/daemon","Test":"TestObserveScope_ReadsAPackedRef","Output":"=== PAUSE TestObserveScope_ReadsAPackedRef\n"}
{"Time":"2026-09-21T14:10:41.6951278-04:00","Action":"pause","Package":"github.com/qompack/qompack/internal/daemon","Test":"TestObserveScope_ReadsAPackedRef"}
{"Time":"2026-09-21T14:10:41.6951278-04:00","Action":"run","Package":"github.com/qompack/qompack/internal/daemon","Test":"TestObserveScope_AWorktreesOwnRefShadowsTheCommonOne"}
{"Time":"2026-09-21T14:10:41.6951278-04:00","Action":"output","Package":"github.com/qompack/qompack/internal/daemon","Test":"TestObserveScope_AWorktreesOwnRefShadowsTheCommonOne","Output":"=== RUN   TestObserveScope_AWorktreesOwnRefShadowsTheCommonOne\n"}
{"Time":"2026-09-21T14:10:41.6951278-04:00","Action":"output","Package":"github.com/qompack/qompack/internal/daemon","Test":"TestObserveScope_AWorktreesOwnRefShadowsTheCommonOne","Output":"=== PAUSE TestObserveScope_AWorktreesOwnRefShadowsTheCommonOne\n"}
{"Time":"2026-09-21T14:10:41.6951278-04:00","Action":"pause","Package":"github.com/qompack/qompack/internal/daemon","Test":"TestObserveScope_AWorktreesOwnRefShadowsTheCommonOne"}
{"Time":"2026-09-21T14:10:41.6951278-04:00","Action":"run","Package":"github.com/qompack/qompack/internal/daemon","Test":"TestObserveScope_AWorktreeWithNoCommondirLooksLikeItsOwnRepository"}
{"Time":"2026-09-21T14:10:41.6951278-04:00","Action":"output","Package":"github.com/qompack/qompack/internal/daemon","Test":"TestObserveScope_AWorktreeWithNoCommondirLooksLikeItsOwnRepository","Output":"=== RUN   TestObserveScope_AWorktreeWithNoCommondirLooksLikeItsOwnRepository\n"}
{"Time":"2026-09-21T14:10:41.6951278-04:00","Action":"output","Package":"github.com/qompack/qompack/internal/daemon","Test":"TestObserveScope_AWorktreeWithNoCommondirLooksLikeItsOwnRepository","Output":"=== PAUSE TestObserveScope_AWorktreeWithNoCommondirLooksLikeItsOwnRepository\n"}
{"Time":"2026-09-21T14:10:41.6951278-04:00","Action":"pause","Package":"github.com/qompack/qompack/internal/daemon","Test":"TestObserveScope_AWorktreeWithNoCommondirLooksLikeItsOwnRepository"}
{"Time":"2026-09-21T14:10:41.6951278-04:00","Action":"run","Package":"github.com/qompack/qompack/internal/daemon","Test":"TestObserveScope_IsStableAcrossCalls"}
{"Time":"2026-09-21T14:10:41.6951278-04:00","Action":"output","Package":"github.com/qompack/qompack/internal/daemon","Test":"TestObserveScope_IsStableAcrossCalls","Output":"=== RUN   TestObserveScope_IsStableAcrossCalls\n"}
{"Time":"2026-09-21T14:10:41.6951278-04:00","Action":"output","Package":"github.com/qompack/qompack/internal/daemon","Test":"TestObserveScope_IsStableAcrossCalls","Output":"=== PAUSE TestObserveScope_IsStableAcrossCalls\n"}
{"Time":"2026-09-21T14:10:41.6951278-04:00","Action":"pause","Package":"github.com/qompack/qompack/internal/daemon","Test":"TestObserveScope_IsStableAcrossCalls"}
{"Time":"2026-09-21T14:10:41.6951278-04:00","Action":"cont","Package":"github.com/qompack/qompack/internal/daemon","Test":"TestScopedReuse_ReportOnlyIsAStateNotAnAbsence"}
{"Time":"2026-09-21T14:10:41.6956956-04:00","Action":"output","Package":"github.com/qompack/qompack/internal/daemon","Test":"TestScopedReuse_ReportOnlyIsAStateNotAnAbsence","Output":"=== CONT  TestScopedReuse_ReportOnlyIsAStateNotAnAbsence\n"}
{"Time":"2026-09-21T14:10:41.6956956-04:00","Action":"cont","Package":"github.com/qompack/qompack/internal/daemon","Test":"TestObserveScope_TwoWorktreesShareARepositoryAndDifferInTree"}
{"Time":"2026-09-21T14:10:41.6956956-04:00","Action":"output","Package":"github.com/qompack/qompack/internal/daemon","Test":"TestObserveScope_TwoWorktreesShareARepositoryAndDifferInTree","Output":"=== CONT  TestObserveScope_TwoWorktreesShareARepositoryAndDifferInTree\n"}
{"Time":"2026-09-21T14:10:41.7358357-04:00","Action":"output","Package":"github.com/qompack/qompack/internal/daemon","Test":"TestObserveScope_TwoWorktreesShareARepositoryAndDifferInTree","Output":"--- PASS: TestObserveScope_TwoWorktreesShareARepositoryAndDifferInTree (0.04s)\n"}
{"Time":"2026-09-21T14:10:41.7358357-04:00","Action":"pass","Package":"github.com/qompack/qompack/internal/daemon","Test":"TestObserveScope_TwoWorktreesShareARepositoryAndDifferInTree","Elapsed":0.04}
{"Time":"2026-09-21T14:10:41.7358357-04:00","Action":"cont","Package":"github.com/qompack/qompack/internal/daemon","Test":"TestScopedReuse_ADaemonCannotMintItsOwnGrant"}
{"Time":"2026-09-21T14:10:41.7358357-04:00","Action":"output","Package":"github.com/qompack/qompack/internal/daemon","Test":"TestScopedReuse_ADaemonCannotMintItsOwnGrant","Output":"=== CONT  TestScopedReuse_ADaemonCannotMintItsOwnGrant\n"}
{"Time":"2026-09-21T14:10:41.7363737-04:00","Action":"output","Package":"github.com/qompack/qompack/internal/daemon","Test":"TestScopedReuse_ReportOnlyIsAStateNotAnAbsence","Output":"--- PASS: TestScopedReuse_ReportOnlyIsAStateNotAnAbsence (0.04s)\n"}
{"Time":"2026-09-21T14:10:41.7363737-04:00","Action":"pass","Package":"github.com/qompack/qompack/internal/daemon","Test":"TestScopedReuse_ReportOnlyIsAStateNotAnAbsence","Elapsed":0.04}
{"Time":"2026-09-21T14:10:41.7363737-04:00","Action":"cont","Package":"github.com/qompack/qompack/internal/daemon","Test":"TestScopedReuse_OmissionsAreGroupedByReason"}
{"Time":"2026-09-21T14:10:41.7363737-04:00","Action":"output","Package":"github.com/qompack/qompack/internal/daemon","Test":"TestScopedReuse_OmissionsAreGroupedByReason","Output":"=== CONT  TestScopedReuse_OmissionsAreGroupedByReason\n"}
{"Time":"2026-09-21T14:10:41.7714623-04:00","Action":"output","Package":"github.com/qompack/qompack/internal/daemon","Test":"TestScopedReuse_ADaemonCannotMintItsOwnGrant","Output":"--- PASS: TestScopedReuse_ADaemonCannotMintItsOwnGrant (0.04s)\n"}
{"Time":"2026-09-21T14:10:41.7714623-04:00","Action":"pass","Package":"github.com/qompack/qompack/internal/daemon","Test":"TestScopedReuse_ADaemonCannotMintItsOwnGrant","Elapsed":0.04}
{"Time":"2026-09-21T14:10:41.7714623-04:00","Action":"cont","Package":"github.com/qompack/qompack/internal/daemon","Test":"TestScopedReuse_UnobservedScopeWithholdsRatherThanMatching"}
{"Time":"2026-09-21T14:10:41.7714623-04:00","Action":"output","Package":"github.com/qompack/qompack/internal/daemon","Test":"TestScopedReuse_UnobservedScopeWithholdsRatherThanMatching","Output":"=== CONT  TestScopedReuse_UnobservedScopeWithholdsRatherThanMatching\n"}
{"Time":"2026-09-21T14:10:41.7714623-04:00","Action":"cont","Package":"github.com/qompack/qompack/internal/daemon","Test":"TestScopedReuse_DegradedDependencyCoverageWithholdsEverything"}
{"Time":"2026-09-21T14:10:41.7714623-04:00","Action":"output","Package":"github.com/qompack/qompack/internal/daemon","Test":"TestScopedReuse_DegradedDependencyCoverageWithholdsEverything","Output":"=== CONT  TestScopedReuse_DegradedDependencyCoverageWithholdsEverything\n"}
{"Time":"2026-09-21T14:10:41.7783764-04:00","Action":"output","Package":"github.com/qompack/qompack/internal/daemon","Test":"TestScopedReuse_OmissionsAreGroupedByReason","Output":"--- PASS: TestScopedReuse_OmissionsAreGroupedByReason (0.04s)\n"}
{"Time":"2026-09-21T14:10:41.810961-04:00","Action":"pass","Package":"github.com/qompack/qompack/internal/daemon","Test":"TestScopedReuse_OmissionsAreGroupedByReason","Elapsed":0.04}
{"Time":"2026-09-21T14:10:41.8116448-04:00","Action":"output","Package":"github.com/qompack/qompack/internal/daemon","Test":"TestScopedReuse_UnobservedScopeWithholdsRatherThanMatching","Output":"--- PASS: TestScopedReuse_UnobservedScopeWithholdsRatherThanMatching (0.04s)\n"}
{"Time":"2026-09-21T14:10:41.8116448-04:00","Action":"pass","Package":"github.com/qompack/qompack/internal/daemon","Test":"TestScopedReuse_UnobservedScopeWithholdsRatherThanMatching","Elapsed":0.04}
{"Time":"2026-09-21T14:10:41.8116448-04:00","Action":"output","Package":"github.com/qompack/qompack/internal/daemon","Test":"TestScopedReuse_DegradedDependencyCoverageWithholdsEverything","Output":"--- PASS: TestScopedReuse_DegradedDependencyCoverageWithholdsEverything (0.04s)\n"}
{"Time":"2026-09-21T14:10:41.8116448-04:00","Action":"pass","Package":"github.com/qompack/qompack/internal/daemon","Test":"TestScopedReuse_DegradedDependencyCoverageWithholdsEverything","Elapsed":0.04}
{"Time":"2026-09-21T14:10:41.8116448-04:00","Action":"cont","Package":"github.com/qompack/qompack/internal/daemon","Test":"TestScopedReuse_WithheldAndDeniedAreCountedApart"}
{"Time":"2026-09-21T14:10:41.8116448-04:00","Action":"output","Package":"github.com/qompack/qompack/internal/daemon","Test":"TestScopedReuse_WithheldAndDeniedAreCountedApart","Output":"=== CONT  TestScopedReuse_WithheldAndDeniedAreCountedApart\n"}
{"Time":"2026-09-21T14:10:41.8116448-04:00","Action":"cont","Package":"github.com/qompack/qompack/internal/daemon","Test":"TestScopedReuse_CrossRepositoryIsDeniedByTheBroadestGrant"}
{"Time":"2026-09-21T14:10:41.8116448-04:00","Action":"output","Package":"github.com/qompack/qompack/internal/daemon","Test":"TestScopedReuse_CrossRepositoryIsDeniedByTheBroadestGrant","Output":"=== CONT  TestScopedReuse_CrossRepositoryIsDeniedByTheBroadestGrant\n"}
{"Time":"2026-09-21T14:10:41.8312518-04:00","Action":"output","Package":"github.com/qompack/qompack/internal/daemon","Test":"TestScopedReuse_CrossRepositoryIsDeniedByTheBroadestGrant","Output":"--- PASS: TestScopedReuse_CrossRepositoryIsDeniedByTheBroadestGrant (0.02s)\n"}
{"Time":"2026-09-21T14:10:41.8312518-04:00","Action":"pass","Package":"github.com/qompack/qompack/internal/daemon","Test":"TestScopedReuse_CrossRepositoryIsDeniedByTheBroadestGrant","Elapsed":0.02}
{"Time":"2026-09-21T14:10:41.8312518-04:00","Action":"cont","Package":"github.com/qompack/qompack/internal/daemon","Test":"TestScopedReuse_NoGrantOffersNothingEvenWithTheSwitchOn"}
{"Time":"2026-09-21T14:10:41.8312518-04:00","Action":"output","Package":"github.com/qompack/qompack/internal/daemon","Test":"TestScopedReuse_NoGrantOffersNothingEvenWithTheSwitchOn","Output":"=== CONT  TestScopedReuse_NoGrantOffersNothingEvenWithTheSwitchOn\n"}
{"Time":"2026-09-21T14:10:41.8549255-04:00","Action":"cont","Package":"github.com/qompack/qompack/internal/daemon","Test":"TestScopedReuse_OffersASiblingWorktreesEliminationWithItsAttribution"}
{"Time":"2026-09-21T14:10:41.8554329-04:00","Action":"output","Package":"github.com/qompack/qompack/internal/daemon","Test":"TestScopedReuse_OffersASiblingWorktreesEliminationWithItsAttribution","Output":"=== CONT  TestScopedReuse_OffersASiblingWorktreesEliminationWithItsAttribution\n"}
{"Time":"2026-09-21T14:10:41.8554329-04:00","Action":"output","Package":"github.com/qompack/qompack/internal/daemon","Test":"TestScopedReuse_WithheldAndDeniedAreCountedApart","Output":"--- PASS: TestScopedReuse_WithheldAndDeniedAreCountedApart (0.04s)\n"}
{"Time":"2026-09-21T14:10:41.8674646-04:00","Action":"pass","Package":"github.com/qompack/qompack/internal/daemon","Test":"TestScopedReuse_WithheldAndDeniedAreCountedApart","Elapsed":0.04}
{"Time":"2026-09-21T14:10:41.8674646-04:00","Action":"output","Package":"github.com/qompack/qompack/internal/daemon","Test":"TestScopedReuse_NoGrantOffersNothingEvenWithTheSwitchOn","Output":"--- PASS: TestScopedReuse_NoGrantOffersNothingEvenWithTheSwitchOn (0.04s)\n"}
{"Time":"2026-09-21T14:10:41.8674646-04:00","Action":"pass","Package":"github.com/qompack/qompack/internal/daemon","Test":"TestScopedReuse_NoGrantOffersNothingEvenWithTheSwitchOn","Elapsed":0.04}
{"Time":"2026-09-21T14:10:41.8674646-04:00","Action":"cont","Package":"github.com/qompack/qompack/internal/daemon","Test":"TestScopedReuse_ADisabledFeatureAndAnEmptyResultAreDifferent"}
{"Time":"2026-09-21T14:10:41.8674646-04:00","Action":"output","Package":"github.com/qompack/qompack/internal/daemon","Test":"TestScopedReuse_ADisabledFeatureAndAnEmptyResultAreDifferent","Output":"=== CONT  TestScopedReuse_ADisabledFeatureAndAnEmptyResultAreDifferent\n"}
{"Time":"2026-09-21T14:10:41.8874145-04:00","Action":"output","Package":"github.com/qompack/qompack/internal/daemon","Test":"TestScopedReuse_OffersASiblingWorktreesEliminationWithItsAttribution","Output":"--- PASS: TestScopedReuse_OffersASiblingWorktreesEliminationWithItsAttribution (0.03s)\n"}
{"Time":"2026-09-21T14:10:41.8874145-04:00","Action":"pass","Package":"github.com/qompack/qompack/internal/daemon","Test":"TestScopedReuse_OffersASiblingWorktreesEliminationWithItsAttribution","Elapsed":0.03}
{"Time":"2026-09-21T14:10:41.8874145-04:00","Action":"cont","Package":"github.com/qompack/qompack/internal/daemon","Test":"TestObserveScope_ReadsAPackedRef"}
{"Time":"2026-09-21T14:10:41.8874145-04:00","Action":"output","Package":"github.com/qompack/qompack/internal/daemon","Test":"TestObserveScope_ReadsAPackedRef","Output":"=== CONT  TestObserveScope_ReadsAPackedRef\n"}
{"Time":"2026-09-21T14:10:41.896156-04:00","Action":"output","Package":"github.com/qompack/qompack/internal/daemon","Test":"TestScopedReuse_ADisabledFeatureAndAnEmptyResultAreDifferent","Output":"--- PASS: TestScopedReuse_ADisabledFeatureAndAnEmptyResultAreDifferent (0.03s)\n"}
{"Time":"2026-09-21T14:10:41.896156-04:00","Action":"pass","Package":"github.com/qompack/qompack/internal/daemon","Test":"TestScopedReuse_ADisabledFeatureAndAnEmptyResultAreDifferent","Elapsed":0.03}
{"Time":"2026-09-21T14:10:41.896156-04:00","Action":"cont","Package":"github.com/qompack/qompack/internal/daemon","Test":"TestObserveScope_IsStableAcrossCalls"}
{"Time":"2026-09-21T14:10:41.896156-04:00","Action":"output","Package":"github.com/qompack/qompack/internal/daemon","Test":"TestObserveScope_IsStableAcrossCalls","Output":"=== CONT  TestObserveScope_IsStableAcrossCalls\n"}
{"Time":"2026-09-21T14:10:41.9057629-04:00","Action":"output","Package":"github.com/qompack/qompack/internal/daemon","Test":"TestObserveScope_IsStableAcrossCalls","Output":"--- PASS: TestObserveScope_IsStableAcrossCalls (0.01s)\n"}
{"Time":"2026-09-21T14:10:41.9057629-04:00","Action":"pass","Package":"github.com/qompack/qompack/internal/daemon","Test":"TestObserveScope_IsStableAcrossCalls","Elapsed":0.01}
{"Time":"2026-09-21T14:10:41.9063578-04:00","Action":"cont","Package":"github.com/qompack/qompack/internal/daemon","Test":"TestObserveScope_AWorktreeWithNoCommondirLooksLikeItsOwnRepository"}
{"Time":"2026-09-21T14:10:41.9063578-04:00","Action":"output","Package":"github.com/qompack/qompack/internal/daemon","Test":"TestObserveScope_AWorktreeWithNoCommondirLooksLikeItsOwnRepository","Output":"=== CONT  TestObserveScope_AWorktreeWithNoCommondirLooksLikeItsOwnRepository\n"}
{"Time":"2026-09-21T14:10:41.9063578-04:00","Action":"output","Package":"github.com/qompack/qompack/internal/daemon","Test":"TestObserveScope_ReadsAPackedRef","Output":"--- PASS: TestObserveScope_ReadsAPackedRef (0.02s)\n"}
{"Time":"2026-09-21T14:10:41.9063578-04:00","Action":"pass","Package":"github.com/qompack/qompack/internal/daemon","Test":"TestObserveScope_ReadsAPackedRef","Elapsed":0.02}
{"Time":"2026-09-21T14:10:41.9063578-04:00","Action":"cont","Package":"github.com/qompack/qompack/internal/daemon","Test":"TestObserveScope_AWorktreesOwnRefShadowsTheCommonOne"}
{"Time":"2026-09-21T14:10:41.9063578-04:00","Action":"output","Package":"github.com/qompack/qompack/internal/daemon","Test":"TestObserveScope_AWorktreesOwnRefShadowsTheCommonOne","Output":"=== CONT  TestObserveScope_AWorktreesOwnRefShadowsTheCommonOne\n"}
{"Time":"2026-09-21T14:10:41.9358267-04:00","Action":"output","Package":"github.com/qompack/qompack/internal/daemon","Test":"TestObserveScope_AWorktreeWithNoCommondirLooksLikeItsOwnRepository","Output":"--- PASS: TestObserveScope_AWorktreeWithNoCommondirLooksLikeItsOwnRepository (0.03s)\n"}
{"Time":"2026-09-21T14:10:41.9358267-04:00","Action":"pass","Package":"github.com/qompack/qompack/internal/daemon","Test":"TestObserveScope_AWorktreeWithNoCommondirLooksLikeItsOwnRepository","Elapsed":0.03}
{"Time":"2026-09-21T14:10:41.9358267-04:00","Action":"cont","Package":"github.com/qompack/qompack/internal/daemon","Test":"TestObserveScope_NothingFailsAndEveryGapIsNamed"}
{"Time":"2026-09-21T14:10:41.9358267-04:00","Action":"output","Package":"github.com/qompack/qompack/internal/daemon","Test":"TestObserveScope_NothingFailsAndEveryGapIsNamed","Output":"=== CONT  TestObserveScope_NothingFailsAndEveryGapIsNamed\n"}
{"Time":"2026-09-21T14:10:41.9358267-04:00","Action":"run","Package":"github.com/qompack/qompack/internal/daemon","Test":"TestObserveScope_NothingFailsAndEveryGapIsNamed/no_git_at_all"}
{"Time":"2026-09-21T14:10:41.9358267-04:00","Action":"output","Package":"github.com/qompack/qompack/internal/daemon","Test":"TestObserveScope_NothingFailsAndEveryGapIsNamed/no_git_at_all","Output":"=== RUN   TestObserveScope_NothingFailsAndEveryGapIsNamed/no_git_at_all\n"}
{"Time":"2026-09-21T14:10:41.9358267-04:00","Action":"output","Package":"github.com/qompack/qompack/internal/daemon","Test":"TestObserveScope_NothingFailsAndEveryGapIsNamed/no_git_at_all","Output":"=== PAUSE TestObserveScope_NothingFailsAndEveryGapIsNamed/no_git_at_all\n"}
{"Time":"2026-09-21T14:10:41.9358267-04:00","Action":"pause","Package":"github.com/qompack/qompack/internal/daemon","Test":"TestObserveScope_NothingFailsAndEveryGapIsNamed/no_git_at_all"}
{"Time":"2026-09-21T14:10:41.9358267-04:00","Action":"run","Package":"github.com/qompack/qompack/internal/daemon","Test":"TestObserveScope_NothingFailsAndEveryGapIsNamed/no_session_id"}
{"Time":"2026-09-21T14:10:41.9358267-04:00","Action":"output","Package":"github.com/qompack/qompack/internal/daemon","Test":"TestObserveScope_NothingFailsAndEveryGapIsNamed/no_session_id","Output":"=== RUN   TestObserveScope_NothingFailsAndEveryGapIsNamed/no_session_id\n"}
{"Time":"2026-09-21T14:10:41.9358267-04:00","Action":"output","Package":"github.com/qompack/qompack/internal/daemon","Test":"TestObserveScope_NothingFailsAndEveryGapIsNamed/no_session_id","Output":"=== PAUSE TestObserveScope_NothingFailsAndEveryGapIsNamed/no_session_id\n"}
{"Time":"2026-09-21T14:10:41.9358267-04:00","Action":"pause","Package":"github.com/qompack/qompack/internal/daemon","Test":"TestObserveScope_NothingFailsAndEveryGapIsNamed/no_session_id"}
{"Time":"2026-09-21T14:10:41.9358267-04:00","Action":"run","Package":"github.com/qompack/qompack/internal/daemon","Test":"TestObserveScope_NothingFailsAndEveryGapIsNamed/unreadable_HEAD"}
{"Time":"2026-09-21T14:10:41.9364014-04:00","Action":"output","Package":"github.com/qompack/qompack/internal/daemon","Test":"TestObserveScope_NothingFailsAndEveryGapIsNamed/unreadable_HEAD","Output":"=== RUN   TestObserveScope_NothingFailsAndEveryGapIsNamed/unreadable_HEAD\n"}
{"Time":"2026-09-21T14:10:41.9364014-04:00","Action":"output","Package":"github.com/qompack/qompack/internal/daemon","Test":"TestObserveScope_NothingFailsAndEveryGapIsNamed/unreadable_HEAD","Output":"=== PAUSE TestObserveScope_NothingFailsAndEveryGapIsNamed/unreadable_HEAD\n"}
{"Time":"2026-09-21T14:10:41.9364014-04:00","Action":"pause","Package":"github.com/qompack/qompack/internal/daemon","Test":"TestObserveScope_NothingFailsAndEveryGapIsNamed/unreadable_HEAD"}
{"Time":"2026-09-21T14:10:41.9364014-04:00","Action":"run","Package":"github.com/qompack/qompack/internal/daemon","Test":"TestObserveScope_NothingFailsAndEveryGapIsNamed/a_branch_with_no_commit_yet"}
{"Time":"2026-09-21T14:10:41.9364014-04:00","Action":"output","Package":"github.com/qompack/qompack/internal/daemon","Test":"TestObserveScope_NothingFailsAndEveryGapIsNamed/a_branch_with_no_commit_yet","Output":"=== RUN   TestObserveScope_NothingFailsAndEveryGapIsNamed/a_branch_with_no_commit_yet\n"}
{"Time":"2026-09-21T14:10:41.9364014-04:00","Action":"output","Package":"github.com/qompack/qompack/internal/daemon","Test":"TestObserveScope_NothingFailsAndEveryGapIsNamed/a_branch_with_no_commit_yet","Output":"=== PAUSE TestObserveScope_NothingFailsAndEveryGapIsNamed/a_branch_with_no_commit_yet\n"}
{"Time":"2026-09-21T14:10:41.9364014-04:00","Action":"pause","Package":"github.com/qompack/qompack/internal/daemon","Test":"TestObserveScope_NothingFailsAndEveryGapIsNamed/a_branch_with_no_commit_yet"}
{"Time":"2026-09-21T14:10:41.9364014-04:00","Action":"run","Package":"github.com/qompack/qompack/internal/daemon","Test":"TestObserveScope_NothingFailsAndEveryGapIsNamed/a_dangling_worktree_gitdir"}
{"Time":"2026-09-21T14:10:41.9364014-04:00","Action":"output","Package":"github.com/qompack/qompack/internal/daemon","Test":"TestObserveScope_NothingFailsAndEveryGapIsNamed/a_dangling_worktree_gitdir","Output":"=== RUN   TestObserveScope_NothingFailsAndEveryGapIsNamed/a_dangling_worktree_gitdir\n"}
{"Time":"2026-09-21T14:10:41.9364014-04:00","Action":"output","Package":"github.com/qompack/qompack/internal/daemon","Test":"TestObserveScope_NothingFailsAndEveryGapIsNamed/a_dangling_worktree_gitdir","Output":"=== PAUSE TestObserveScope_NothingFailsAndEveryGapIsNamed/a_dangling_worktree_gitdir\n"}
{"Time":"2026-09-21T14:10:41.9364014-04:00","Action":"pause","Package":"github.com/qompack/qompack/internal/daemon","Test":"TestObserveScope_NothingFailsAndEveryGapIsNamed/a_dangling_worktree_gitdir"}
{"Time":"2026-09-21T14:10:41.9364014-04:00","Action":"run","Package":"github.com/qompack/qompack/internal/daemon","Test":"TestObserveScope_NothingFailsAndEveryGapIsNamed/a_.git_file_that_is_not_a_gitdir_pointer"}
{"Time":"2026-09-21T14:10:41.9364014-04:00","Action":"output","Package":"github.com/qompack/qompack/internal/daemon","Test":"TestObserveScope_NothingFailsAndEveryGapIsNamed/a_.git_file_that_is_not_a_gitdir_pointer","Output":"=== RUN   TestObserveScope_NothingFailsAndEveryGapIsNamed/a_.git_file_that_is_not_a_gitdir_pointer\n"}
{"Time":"2026-09-21T14:10:41.9364014-04:00","Action":"output","Package":"github.com/qompack/qompack/internal/daemon","Test":"TestObserveScope_NothingFailsAndEveryGapIsNamed/a_.git_file_that_is_not_a_gitdir_pointer","Output":"=== PAUSE TestObserveScope_NothingFailsAndEveryGapIsNamed/a_.git_file_that_is_not_a_gitdir_pointer\n"}
{"Time":"2026-09-21T14:10:41.9364014-04:00","Action":"pause","Package":"github.com/qompack/qompack/internal/daemon","Test":"TestObserveScope_NothingFailsAndEveryGapIsNamed/a_.git_file_that_is_not_a_gitdir_pointer"}
{"Time":"2026-09-21T14:10:41.9364014-04:00","Action":"cont","Package":"github.com/qompack/qompack/internal/daemon","Test":"TestObserveScope_DetachedHeadHasNoBranch"}
{"Time":"2026-09-21T14:10:41.9364014-04:00","Action":"output","Package":"github.com/qompack/qompack/internal/daemon","Test":"TestObserveScope_DetachedHeadHasNoBranch","Output":"=== CONT  TestObserveScope_DetachedHeadHasNoBranch\n"}
{"Time":"2026-09-21T14:10:41.9396515-04:00","Action":"output","Package":"github.com/qompack/qompack/internal/daemon","Test":"TestObserveScope_AWorktreesOwnRefShadowsTheCommonOne","Output":"--- PASS: TestObserveScope_AWorktreesOwnRefShadowsTheCommonOne (0.03s)\n"}
{"Time":"2026-09-21T14:10:41.9396515-04:00","Action":"pass","Package":"github.com/qompack/qompack/internal/daemon","Test":"TestObserveScope_AWorktreesOwnRefShadowsTheCommonOne","Elapsed":0.03}
{"Time":"2026-09-21T14:10:41.9396515-04:00","Action":"cont","Package":"github.com/qompack/qompack/internal/daemon","Test":"TestObserveScope_SameWorktreeAcrossSessions"}
{"Time":"2026-09-21T14:10:41.9396515-04:00","Action":"output","Package":"github.com/qompack/qompack/internal/daemon","Test":"TestObserveScope_SameWorktreeAcrossSessions","Output":"=== CONT  TestObserveScope_SameWorktreeAcrossSessions\n"}
{"Time":"2026-09-21T14:10:41.9450588-04:00","Action":"output","Package":"github.com/qompack/qompack/internal/daemon","Test":"TestObserveScope_DetachedHeadHasNoBranch","Output":"--- PASS: TestObserveScope_DetachedHeadHasNoBranch (0.01s)\n"}
{"Time":"2026-09-21T14:10:41.9450588-04:00","Action":"pass","Package":"github.com/qompack/qompack/internal/daemon","Test":"TestObserveScope_DetachedHeadHasNoBranch","Elapsed":0.01}
{"Time":"2026-09-21T14:10:41.9450588-04:00","Action":"cont","Package":"github.com/qompack/qompack/internal/daemon","Test":"TestObserveScope_TwoUnrelatedRepositoriesNeverRelate"}
{"Time":"2026-09-21T14:10:41.9450588-04:00","Action":"output","Package":"github.com/qompack/qompack/internal/daemon","Test":"TestObserveScope_TwoUnrelatedRepositoriesNeverRelate","Output":"=== CONT  TestObserveScope_TwoUnrelatedRepositoriesNeverRelate\n"}
{"Time":"2026-09-21T14:10:41.9483825-04:00","Action":"output","Package":"github.com/qompack/qompack/internal/daemon","Test":"TestObserveScope_SameWorktreeAcrossSessions","Output":"--- PASS: TestObserveScope_SameWorktreeAcrossSessions (0.01s)\n"}
{"Time":"2026-09-21T14:10:41.9483825-04:00","Action":"pass","Package":"github.com/qompack/qompack/internal/daemon","Test":"TestObserveScope_SameWorktreeAcrossSessions","Elapsed":0.01}
{"Time":"2026-09-21T14:10:41.9483825-04:00","Action":"cont","Package":"github.com/qompack/qompack/internal/daemon","Test":"TestObserveScope_NothingFailsAndEveryGapIsNamed/no_git_at_all"}
{"Time":"2026-09-21T14:10:41.9483825-04:00","Action":"output","Package":"github.com/qompack/qompack/internal/daemon","Test":"TestObserveScope_NothingFailsAndEveryGapIsNamed/no_git_at_all","Output":"=== CONT  TestObserveScope_NothingFailsAndEveryGapIsNamed/no_git_at_all\n"}
{"Time":"2026-09-21T14:10:41.9506421-04:00","Action":"output","Package":"github.com/qompack/qompack/internal/daemon","Test":"TestObserveScope_NothingFailsAndEveryGapIsNamed/no_git_at_all","Output":"--- PASS: TestObserveScope_NothingFailsAndEveryGapIsNamed/no_git_at_all (0.00s)\n"}
{"Time":"2026-09-21T14:10:41.9506421-04:00","Action":"pass","Package":"github.com/qompack/qompack/internal/daemon","Test":"TestObserveScope_NothingFailsAndEveryGapIsNamed/no_git_at_all","Elapsed":0}
{"Time":"2026-09-21T14:10:41.9506421-04:00","Action":"cont","Package":"github.com/qompack/qompack/internal/daemon","Test":"TestObserveScope_NothingFailsAndEveryGapIsNamed/a_.git_file_that_is_not_a_gitdir_pointer"}
{"Time":"2026-09-21T14:10:41.9506421-04:00","Action":"output","Package":"github.com/qompack/qompack/internal/daemon","Test":"TestObserveScope_NothingFailsAndEveryGapIsNamed/a_.git_file_that_is_not_a_gitdir_pointer","Output":"=== CONT  TestObserveScope_NothingFailsAndEveryGapIsNamed/a_.git_file_that_is_not_a_gitdir_pointer\n"}
{"Time":"2026-09-21T14:10:41.9546834-04:00","Action":"output","Package":"github.com/qompack/qompack/internal/daemon","Test":"TestObserveScope_NothingFailsAndEveryGapIsNamed/a_.git_file_that_is_not_a_gitdir_pointer","Output":"--- PASS: TestObserveScope_NothingFailsAndEveryGapIsNamed/a_.git_file_that_is_not_a_gitdir_pointer (0.00s)\n"}
{"Time":"2026-09-21T14:10:41.95523-04:00","Action":"pass","Package":"github.com/qompack/qompack/internal/daemon","Test":"TestObserveScope_NothingFailsAndEveryGapIsNamed/a_.git_file_that_is_not_a_gitdir_pointer","Elapsed":0}
{"Time":"2026-09-21T14:10:41.95523-04:00","Action":"cont","Package":"github.com/qompack/qompack/internal/daemon","Test":"TestObserveScope_NothingFailsAndEveryGapIsNamed/a_dangling_worktree_gitdir"}
{"Time":"2026-09-21T14:10:41.95523-04:00","Action":"output","Package":"github.com/qompack/qompack/internal/daemon","Test":"TestObserveScope_NothingFailsAndEveryGapIsNamed/a_dangling_worktree_gitdir","Output":"=== CONT  TestObserveScope_NothingFailsAndEveryGapIsNamed/a_dangling_worktree_gitdir\n"}
{"Time":"2026-09-21T14:10:41.9602148-04:00","Action":"output","Package":"github.com/qompack/qompack/internal/daemon","Test":"TestObserveScope_TwoUnrelatedRepositoriesNeverRelate","Output":"--- PASS: TestObserveScope_TwoUnrelatedRepositoriesNeverRelate (0.02s)\n"}
{"Time":"2026-09-21T14:10:41.9602148-04:00","Action":"pass","Package":"github.com/qompack/qompack/internal/daemon","Test":"TestObserveScope_TwoUnrelatedRepositoriesNeverRelate","Elapsed":0.02}
{"Time":"2026-09-21T14:10:41.9602148-04:00","Action":"cont","Package":"github.com/qompack/qompack/internal/daemon","Test":"TestObserveScope_NothingFailsAndEveryGapIsNamed/a_branch_with_no_commit_yet"}
{"Time":"2026-09-21T14:10:41.9602148-04:00","Action":"output","Package":"github.com/qompack/qompack/internal/daemon","Test":"TestObserveScope_NothingFailsAndEveryGapIsNamed/a_branch_with_no_commit_yet","Output":"=== CONT  TestObserveScope_NothingFailsAndEveryGapIsNamed/a_branch_with_no_commit_yet\n"}
{"Time":"2026-09-21T14:10:41.9636163-04:00","Action":"output","Package":"github.com/qompack/qompack/internal/daemon","Test":"TestObserveScope_NothingFailsAndEveryGapIsNamed/a_branch_with_no_commit_yet","Output":"--- PASS: TestObserveScope_NothingFailsAndEveryGapIsNamed/a_branch_with_no_commit_yet (0.00s)\n"}
{"Time":"2026-09-21T14:10:41.9636163-04:00","Action":"pass","Package":"github.com/qompack/qompack/internal/daemon","Test":"TestObserveScope_NothingFailsAndEveryGapIsNamed/a_branch_with_no_commit_yet","Elapsed":0}
{"Time":"2026-09-21T14:10:41.9636163-04:00","Action":"cont","Package":"github.com/qompack/qompack/internal/daemon","Test":"TestObserveScope_NothingFailsAndEveryGapIsNamed/unreadable_HEAD"}
{"Time":"2026-09-21T14:10:41.9636163-04:00","Action":"output","Package":"github.com/qompack/qompack/internal/daemon","Test":"TestObserveScope_NothingFailsAndEveryGapIsNamed/unreadable_HEAD","Output":"=== CONT  TestObserveScope_NothingFailsAndEveryGapIsNamed/unreadable_HEAD\n"}
{"Time":"2026-09-21T14:10:41.9663513-04:00","Action":"output","Package":"github.com/qompack/qompack/internal/daemon","Test":"TestObserveScope_NothingFailsAndEveryGapIsNamed/unreadable_HEAD","Output":"--- PASS: TestObserveScope_NothingFailsAndEveryGapIsNamed/unreadable_HEAD (0.00s)\n"}
{"Time":"2026-09-21T14:10:41.9663513-04:00","Action":"pass","Package":"github.com/qompack/qompack/internal/daemon","Test":"TestObserveScope_NothingFailsAndEveryGapIsNamed/unreadable_HEAD","Elapsed":0}
{"Time":"2026-09-21T14:10:41.9663513-04:00","Action":"cont","Package":"github.com/qompack/qompack/internal/daemon","Test":"TestObserveScope_NothingFailsAndEveryGapIsNamed/no_session_id"}
{"Time":"2026-09-21T14:10:41.9663513-04:00","Action":"output","Package":"github.com/qompack/qompack/internal/daemon","Test":"TestObserveScope_NothingFailsAndEveryGapIsNamed/no_session_id","Output":"=== CONT  TestObserveScope_NothingFailsAndEveryGapIsNamed/no_session_id\n"}
{"Time":"2026-09-21T14:10:41.968606-04:00","Action":"output","Package":"github.com/qompack/qompack/internal/daemon","Test":"TestObserveScope_NothingFailsAndEveryGapIsNamed/a_dangling_worktree_gitdir","Output":"--- PASS: TestObserveScope_NothingFailsAndEveryGapIsNamed/a_dangling_worktree_gitdir (0.01s)\n"}
{"Time":"2026-09-21T14:10:41.9718352-04:00","Action":"pass","Package":"github.com/qompack/qompack/internal/daemon","Test":"TestObserveScope_NothingFailsAndEveryGapIsNamed/a_dangling_worktree_gitdir","Elapsed":0.01}
{"Time":"2026-09-21T14:10:41.9718352-04:00","Action":"output","Package":"github.com/qompack/qompack/internal/daemon","Test":"TestObserveScope_NothingFailsAndEveryGapIsNamed/no_session_id","Output":"--- PASS: TestObserveScope_NothingFailsAndEveryGapIsNamed/no_session_id (0.01s)\n"}
{"Time":"2026-09-21T14:10:41.9718352-04:00","Action":"pass","Package":"github.com/qompack/qompack/internal/daemon","Test":"TestObserveScope_NothingFailsAndEveryGapIsNamed/no_session_id","Elapsed":0.01}
{"Time":"2026-09-21T14:10:41.9718352-04:00","Action":"output","Package":"github.com/qompack/qompack/internal/daemon","Test":"TestObserveScope_NothingFailsAndEveryGapIsNamed","Output":"--- PASS: TestObserveScope_NothingFailsAndEveryGapIsNamed (0.00s)\n"}
{"Time":"2026-09-21T14:10:41.9718352-04:00","Action":"pass","Package":"github.com/qompack/qompack/internal/daemon","Test":"TestObserveScope_NothingFailsAndEveryGapIsNamed","Elapsed":0}
{"Time":"2026-09-21T14:10:41.9718352-04:00","Action":"output","Package":"github.com/qompack/qompack/internal/daemon","Output":"PASS\n"}
{"Time":"2026-09-21T14:10:41.9839711-04:00","Action":"output","Package":"github.com/qompack/qompack/internal/daemon","Output":"ok  \tgithub.com/qompack/qompack/internal/daemon\t1.125s\n"}
{"Time":"2026-09-21T14:10:41.9839711-04:00","Action":"pass","Package":"github.com/qompack/qompack/internal/daemon","Elapsed":1.125}
{"Time":"2026-09-21T14:10:42.0890799-04:00","Action":"run","Package":"github.com/qompack/qompack/internal/hookio","Test":"TestCaptureScope_InsidePositiveCarriesPrimaryKey"}
{"Time":"2026-09-21T14:10:42.0890799-04:00","Action":"output","Package":"github.com/qompack/qompack/internal/hookio","Test":"TestCaptureScope_InsidePositiveCarriesPrimaryKey","Output":"=== RUN   TestCaptureScope_InsidePositiveCarriesPrimaryKey\n"}
{"Time":"2026-09-21T14:10:42.0926245-04:00","Action":"output","Package":"github.com/qompack/qompack/internal/hookio","Test":"TestCaptureScope_InsidePositiveCarriesPrimaryKey","Output":"--- PASS: TestCaptureScope_InsidePositiveCarriesPrimaryKey (0.00s)\n"}
{"Time":"2026-09-21T14:10:42.0926245-04:00","Action":"pass","Package":"github.com/qompack/qompack/internal/hookio","Test":"TestCaptureScope_InsidePositiveCarriesPrimaryKey","Elapsed":0}
{"Time":"2026-09-21T14:10:42.0926245-04:00","Action":"run","Package":"github.com/qompack/qompack/internal/hookio","Test":"TestCaptureScope_AbsolutePathOutsideProjectRefused"}
{"Time":"2026-09-21T14:10:42.0926245-04:00","Action":"output","Package":"github.com/qompack/qompack/internal/hookio","Test":"TestCaptureScope_AbsolutePathOutsideProjectRefused","Output":"=== RUN   TestCaptureScope_AbsolutePathOutsideProjectRefused\n"}
{"Time":"2026-09-21T14:10:42.0942413-04:00","Action":"output","Package":"github.com/qompack/qompack/internal/hookio","Test":"TestCaptureScope_AbsolutePathOutsideProjectRefused","Output":"--- PASS: TestCaptureScope_AbsolutePathOutsideProjectRefused (0.00s)\n"}
{"Time":"2026-09-21T14:10:42.0947774-04:00","Action":"pass","Package":"github.com/qompack/qompack/internal/hookio","Test":"TestCaptureScope_AbsolutePathOutsideProjectRefused","Elapsed":0}
{"Time":"2026-09-21T14:10:42.0947774-04:00","Action":"run","Package":"github.com/qompack/qompack/internal/hookio","Test":"TestCaptureScope_TraversalOutsideProjectRefused"}
{"Time":"2026-09-21T14:10:42.0947774-04:00","Action":"output","Package":"github.com/qompack/qompack/internal/hookio","Test":"TestCaptureScope_TraversalOutsideProjectRefused","Output":"=== RUN   TestCaptureScope_TraversalOutsideProjectRefused\n"}
{"Time":"2026-09-21T14:10:42.0958468-04:00","Action":"output","Package":"github.com/qompack/qompack/internal/hookio","Test":"TestCaptureScope_TraversalOutsideProjectRefused","Output":"--- PASS: TestCaptureScope_TraversalOutsideProjectRefused (0.00s)\n"}
{"Time":"2026-09-21T14:10:42.0958468-04:00","Action":"pass","Package":"github.com/qompack/qompack/internal/hookio","Test":"TestCaptureScope_TraversalOutsideProjectRefused","Elapsed":0}
{"Time":"2026-09-21T14:10:42.0958468-04:00","Action":"run","Package":"github.com/qompack/qompack/internal/hookio","Test":"TestCaptureScope_ChecksEveryPathNotJustTheFirst"}
{"Time":"2026-09-21T14:10:42.0958468-04:00","Action":"output","Package":"github.com/qompack/qompack/internal/hookio","Test":"TestCaptureScope_ChecksEveryPathNotJustTheFirst","Output":"=== RUN   TestCaptureScope_ChecksEveryPathNotJustTheFirst\n"}
{"Time":"2026-09-21T14:10:42.1003182-04:00","Action":"output","Package":"github.com/qompack/qompack/internal/hookio","Test":"TestCaptureScope_ChecksEveryPathNotJustTheFirst","Output":"--- PASS: TestCaptureScope_ChecksEveryPathNotJustTheFirst (0.00s)\n"}
{"Time":"2026-09-21T14:10:42.1003182-04:00","Action":"pass","Package":"github.com/qompack/qompack/internal/hookio","Test":"TestCaptureScope_ChecksEveryPathNotJustTheFirst","Elapsed":0}
{"Time":"2026-09-21T14:10:42.1003182-04:00","Action":"run","Package":"github.com/qompack/qompack/internal/hookio","Test":"TestCaptureScope_PathlessProducersAllowed"}
{"Time":"2026-09-21T14:10:42.1003182-04:00","Action":"output","Package":"github.com/qompack/qompack/internal/hookio","Test":"TestCaptureScope_PathlessProducersAllowed","Output":"=== RUN   TestCaptureScope_PathlessProducersAllowed\n"}
{"Time":"2026-09-21T14:10:42.1014206-04:00","Action":"output","Package":"github.com/qompack/qompack/internal/hookio","Test":"TestCaptureScope_PathlessProducersAllowed","Output":"--- PASS: TestCaptureScope_PathlessProducersAllowed (0.00s)\n"}
{"Time":"2026-09-21T14:10:42.1014206-04:00","Action":"pass","Package":"github.com/qompack/qompack/internal/hookio","Test":"TestCaptureScope_PathlessProducersAllowed","Elapsed":0}
{"Time":"2026-09-21T14:10:42.1014206-04:00","Action":"run","Package":"github.com/qompack/qompack/internal/hookio","Test":"TestCaptureScope_UnknownPathlessProducerIsArchiveData"}
{"Time":"2026-09-21T14:10:42.1014206-04:00","Action":"output","Package":"github.com/qompack/qompack/internal/hookio","Test":"TestCaptureScope_UnknownPathlessProducerIsArchiveData","Output":"=== RUN   TestCaptureScope_UnknownPathlessProducerIsArchiveData\n"}
{"Time":"2026-09-21T14:10:42.1023873-04:00","Action":"output","Package":"github.com/qompack/qompack/internal/hookio","Test":"TestCaptureScope_UnknownPathlessProducerIsArchiveData","Output":"--- PASS: TestCaptureScope_UnknownPathlessProducerIsArchiveData (0.00s)\n"}
{"Time":"2026-09-21T14:10:42.1028949-04:00","Action":"pass","Package":"github.com/qompack/qompack/internal/hookio","Test":"TestCaptureScope_UnknownPathlessProducerIsArchiveData","Elapsed":0}
{"Time":"2026-09-21T14:10:42.1028949-04:00","Action":"run","Package":"github.com/qompack/qompack/internal/hookio","Test":"TestCaptureScope_FileProducerWithDroppedPathIsUnprovable"}
{"Time":"2026-09-21T14:10:42.1028949-04:00","Action":"output","Package":"github.com/qompack/qompack/internal/hookio","Test":"TestCaptureScope_FileProducerWithDroppedPathIsUnprovable","Output":"=== RUN   TestCaptureScope_FileProducerWithDroppedPathIsUnprovable\n"}
{"Time":"2026-09-21T14:10:42.1039895-04:00","Action":"output","Package":"github.com/qompack/qompack/internal/hookio","Test":"TestCaptureScope_FileProducerWithDroppedPathIsUnprovable","Output":"--- PASS: TestCaptureScope_FileProducerWithDroppedPathIsUnprovable (0.00s)\n"}
{"Time":"2026-09-21T14:10:42.1039895-04:00","Action":"pass","Package":"github.com/qompack/qompack/internal/hookio","Test":"TestCaptureScope_FileProducerWithDroppedPathIsUnprovable","Elapsed":0}
{"Time":"2026-09-21T14:10:42.1039895-04:00","Action":"run","Package":"github.com/qompack/qompack/internal/hookio","Test":"TestCaptureScope_MalformedToolInputFailsClosed"}
{"Time":"2026-09-21T14:10:42.1039895-04:00","Action":"output","Package":"github.com/qompack/qompack/internal/hookio","Test":"TestCaptureScope_MalformedToolInputFailsClosed","Output":"=== RUN   TestCaptureScope_MalformedToolInputFailsClosed\n"}
{"Time":"2026-09-21T14:10:42.1051772-04:00","Action":"output","Package":"github.com/qompack/qompack/internal/hookio","Test":"TestCaptureScope_MalformedToolInputFailsClosed","Output":"--- PASS: TestCaptureScope_MalformedToolInputFailsClosed (0.00s)\n"}
{"Time":"2026-09-21T14:10:42.1051772-04:00","Action":"pass","Package":"github.com/qompack/qompack/internal/hookio","Test":"TestCaptureScope_MalformedToolInputFailsClosed","Elapsed":0}
{"Time":"2026-09-21T14:10:42.1051772-04:00","Action":"run","Package":"github.com/qompack/qompack/internal/hookio","Test":"TestCaptureScope_DuplicateStructuredKeyIsAmbiguousAndRefused"}
{"Time":"2026-09-21T14:10:42.1051772-04:00","Action":"output","Package":"github.com/qompack/qompack/internal/hookio","Test":"TestCaptureScope_DuplicateStructuredKeyIsAmbiguousAndRefused","Output":"=== RUN   TestCaptureScope_DuplicateStructuredKeyIsAmbiguousAndRefused\n"}
{"Time":"2026-09-21T14:10:42.1068678-04:00","Action":"output","Package":"github.com/qompack/qompack/internal/hookio","Test":"TestCaptureScope_DuplicateStructuredKeyIsAmbiguousAndRefused","Output":"--- PASS: TestCaptureScope_DuplicateStructuredKeyIsAmbiguousAndRefused (0.00s)\n"}
{"Time":"2026-09-21T14:10:42.1068678-04:00","Action":"pass","Package":"github.com/qompack/qompack/internal/hookio","Test":"TestCaptureScope_DuplicateStructuredKeyIsAmbiguousAndRefused","Elapsed":0}
{"Time":"2026-09-21T14:10:42.1068678-04:00","Action":"run","Package":"github.com/qompack/qompack/internal/hookio","Test":"TestCaptureScope_JunctionSwapDefeatsLexicalContainment"}
{"Time":"2026-09-21T14:10:42.1068678-04:00","Action":"output","Package":"github.com/qompack/qompack/internal/hookio","Test":"TestCaptureScope_JunctionSwapDefeatsLexicalContainment","Output":"=== RUN   TestCaptureScope_JunctionSwapDefeatsLexicalContainment\n"}
{"Time":"2026-09-21T14:10:42.1090798-04:00","Action":"output","Package":"github.com/qompack/qompack/internal/hookio","Test":"TestCaptureScope_JunctionSwapDefeatsLexicalContainment","Output":"    capture_scope_v6_test.go:115: symlink unavailable on this platform/privilege: symlink C:\\Users\\Quant\\AppData\\Local\\Temp\\TestCaptureScope_JunctionSwapDefeatsLexicalContainment1388231733\\002 C:\\Users\\Quant\\AppData\\Local\\Temp\\TestCaptureScope_JunctionSwapDefeatsLexicalContainment1388231733\\001\\link: A required privilege is not held by the client.\n"}
{"Time":"2026-09-21T14:10:42.1096091-04:00","Action":"output","Package":"github.com/qompack/qompack/internal/hookio","Test":"TestCaptureScope_JunctionSwapDefeatsLexicalContainment","Output":"--- SKIP: TestCaptureScope_JunctionSwapDefeatsLexicalContainment (0.00s)\n"}
{"Time":"2026-09-21T14:10:42.1096091-04:00","Action":"skip","Package":"github.com/qompack/qompack/internal/hookio","Test":"TestCaptureScope_JunctionSwapDefeatsLexicalContainment","Elapsed":0}
{"Time":"2026-09-21T14:10:42.1096091-04:00","Action":"run","Package":"github.com/qompack/qompack/internal/hookio","Test":"TestCaptureScopeRaw_CompleteObjectDecidedOnMerits"}
{"Time":"2026-09-21T14:10:42.1096091-04:00","Action":"output","Package":"github.com/qompack/qompack/internal/hookio","Test":"TestCaptureScopeRaw_CompleteObjectDecidedOnMerits","Output":"=== RUN   TestCaptureScopeRaw_CompleteObjectDecidedOnMerits\n"}
{"Time":"2026-09-21T14:10:42.1123172-04:00","Action":"output","Package":"github.com/qompack/qompack/internal/hookio","Test":"TestCaptureScopeRaw_CompleteObjectDecidedOnMerits","Output":"--- PASS: TestCaptureScopeRaw_CompleteObjectDecidedOnMerits (0.00s)\n"}
{"Time":"2026-09-21T14:10:42.1123172-04:00","Action":"pass","Package":"github.com/qompack/qompack/internal/hookio","Test":"TestCaptureScopeRaw_CompleteObjectDecidedOnMerits","Elapsed":0}
{"Time":"2026-09-21T14:10:42.1123172-04:00","Action":"run","Package":"github.com/qompack/qompack/internal/hookio","Test":"TestCaptureScopeRaw_TruncatedPrefixCannotProveNature"}
{"Time":"2026-09-21T14:10:42.1128525-04:00","Action":"output","Package":"github.com/qompack/qompack/internal/hookio","Test":"TestCaptureScopeRaw_TruncatedPrefixCannotProveNature","Output":"=== RUN   TestCaptureScopeRaw_TruncatedPrefixCannotProveNature\n"}
{"Time":"2026-09-21T14:10:42.1140754-04:00","Action":"output","Package":"github.com/qompack/qompack/internal/hookio","Test":"TestCaptureScopeRaw_TruncatedPrefixCannotProveNature","Output":"--- PASS: TestCaptureScopeRaw_TruncatedPrefixCannotProveNature (0.00s)\n"}
{"Time":"2026-09-21T14:10:42.1140754-04:00","Action":"pass","Package":"github.com/qompack/qompack/internal/hookio","Test":"TestCaptureScopeRaw_TruncatedPrefixCannotProveNature","Elapsed":0}
{"Time":"2026-09-21T14:10:42.1140754-04:00","Action":"run","Package":"github.com/qompack/qompack/internal/hookio","Test":"TestCaptureScopeRaw_ResponseFirstPrefixCannotProveNature"}
{"Time":"2026-09-21T14:10:42.1140754-04:00","Action":"output","Package":"github.com/qompack/qompack/internal/hookio","Test":"TestCaptureScopeRaw_ResponseFirstPrefixCannotProveNature","Output":"=== RUN   TestCaptureScopeRaw_ResponseFirstPrefixCannotProveNature\n"}
{"Time":"2026-09-21T14:10:42.1146248-04:00","Action":"output","Package":"github.com/qompack/qompack/internal/hookio","Test":"TestCaptureScopeRaw_ResponseFirstPrefixCannotProveNature","Output":"--- PASS: TestCaptureScopeRaw_ResponseFirstPrefixCannotProveNature (0.00s)\n"}
{"Time":"2026-09-21T14:10:42.1146248-04:00","Action":"pass","Package":"github.com/qompack/qompack/internal/hookio","Test":"TestCaptureScopeRaw_ResponseFirstPrefixCannotProveNature","Elapsed":0}
{"Time":"2026-09-21T14:10:42.1151739-04:00","Action":"run","Package":"github.com/qompack/qompack/internal/hookio","Test":"TestCaptureScopeRaw_DuplicateOrTrailingRefused"}
{"Time":"2026-09-21T14:10:42.1151739-04:00","Action":"output","Package":"github.com/qompack/qompack/internal/hookio","Test":"TestCaptureScopeRaw_DuplicateOrTrailingRefused","Output":"=== RUN   TestCaptureScopeRaw_DuplicateOrTrailingRefused\n"}
{"Time":"2026-09-21T14:10:42.1157456-04:00","Action":"output","Package":"github.com/qompack/qompack/internal/hookio","Test":"TestCaptureScopeRaw_DuplicateOrTrailingRefused","Output":"--- PASS: TestCaptureScopeRaw_DuplicateOrTrailingRefused (0.00s)\n"}
{"Time":"2026-09-21T14:10:42.1157456-04:00","Action":"pass","Package":"github.com/qompack/qompack/internal/hookio","Test":"TestCaptureScopeRaw_DuplicateOrTrailingRefused","Elapsed":0}
{"Time":"2026-09-21T14:10:42.1169068-04:00","Action":"output","Package":"github.com/qompack/qompack/internal/hookio","Output":"PASS\n"}
{"Time":"2026-09-21T14:10:42.1206615-04:00","Action":"output","Package":"github.com/qompack/qompack/internal/hookio","Output":"ok  \tgithub.com/qompack/qompack/internal/hookio\t1.261s\n"}
{"Time":"2026-09-21T14:10:42.1206615-04:00","Action":"pass","Package":"github.com/qompack/qompack/internal/hookio","Elapsed":1.262}
