{"Time":"2026-09-21T12:35:26.9739232-04:00","Action":"start","Package":"github.com/qompack/qompack/internal/hookio"}
{"Time":"2026-09-21T12:35:28.1084308-04:00","Action":"run","Package":"github.com/qompack/qompack/internal/hookio","Test":"TestCaptureScope_InsidePositiveCarriesPrimaryKey"}
{"Time":"2026-09-21T12:35:28.109989-04:00","Action":"output","Package":"github.com/qompack/qompack/internal/hookio","Test":"TestCaptureScope_InsidePositiveCarriesPrimaryKey","Output":"=== RUN   TestCaptureScope_InsidePositiveCarriesPrimaryKey\n"}
{"Time":"2026-09-21T12:35:28.1115647-04:00","Action":"output","Package":"github.com/qompack/qompack/internal/hookio","Test":"TestCaptureScope_InsidePositiveCarriesPrimaryKey","Output":"--- PASS: TestCaptureScope_InsidePositiveCarriesPrimaryKey (0.00s)\n"}
{"Time":"2026-09-21T12:35:28.1120851-04:00","Action":"pass","Package":"github.com/qompack/qompack/internal/hookio","Test":"TestCaptureScope_InsidePositiveCarriesPrimaryKey","Elapsed":0}
{"Time":"2026-09-21T12:35:28.1120851-04:00","Action":"run","Package":"github.com/qompack/qompack/internal/hookio","Test":"TestCaptureScope_AbsolutePathOutsideProjectRefused"}
{"Time":"2026-09-21T12:35:28.1120851-04:00","Action":"output","Package":"github.com/qompack/qompack/internal/hookio","Test":"TestCaptureScope_AbsolutePathOutsideProjectRefused","Output":"=== RUN   TestCaptureScope_AbsolutePathOutsideProjectRefused\n"}
{"Time":"2026-09-21T12:35:28.112608-04:00","Action":"output","Package":"github.com/qompack/qompack/internal/hookio","Test":"TestCaptureScope_AbsolutePathOutsideProjectRefused","Output":"--- PASS: TestCaptureScope_AbsolutePathOutsideProjectRefused (0.00s)\n"}
{"Time":"2026-09-21T12:35:28.112608-04:00","Action":"pass","Package":"github.com/qompack/qompack/internal/hookio","Test":"TestCaptureScope_AbsolutePathOutsideProjectRefused","Elapsed":0}
{"Time":"2026-09-21T12:35:28.112608-04:00","Action":"run","Package":"github.com/qompack/qompack/internal/hookio","Test":"TestCaptureScope_TraversalOutsideProjectRefused"}
{"Time":"2026-09-21T12:35:28.112608-04:00","Action":"output","Package":"github.com/qompack/qompack/internal/hookio","Test":"TestCaptureScope_TraversalOutsideProjectRefused","Output":"=== RUN   TestCaptureScope_TraversalOutsideProjectRefused\n"}
{"Time":"2026-09-21T12:35:28.1141824-04:00","Action":"output","Package":"github.com/qompack/qompack/internal/hookio","Test":"TestCaptureScope_TraversalOutsideProjectRefused","Output":"--- PASS: TestCaptureScope_TraversalOutsideProjectRefused (0.00s)\n"}
{"Time":"2026-09-21T12:35:28.1141824-04:00","Action":"pass","Package":"github.com/qompack/qompack/internal/hookio","Test":"TestCaptureScope_TraversalOutsideProjectRefused","Elapsed":0}
{"Time":"2026-09-21T12:35:28.1141824-04:00","Action":"run","Package":"github.com/qompack/qompack/internal/hookio","Test":"TestCaptureScope_ChecksEveryPathNotJustTheFirst"}
{"Time":"2026-09-21T12:35:28.1141824-04:00","Action":"output","Package":"github.com/qompack/qompack/internal/hookio","Test":"TestCaptureScope_ChecksEveryPathNotJustTheFirst","Output":"=== RUN   TestCaptureScope_ChecksEveryPathNotJustTheFirst\n"}
{"Time":"2026-09-21T12:35:28.1185599-04:00","Action":"output","Package":"github.com/qompack/qompack/internal/hookio","Test":"TestCaptureScope_ChecksEveryPathNotJustTheFirst","Output":"--- PASS: TestCaptureScope_ChecksEveryPathNotJustTheFirst (0.00s)\n"}
{"Time":"2026-09-21T12:35:28.1190745-04:00","Action":"pass","Package":"github.com/qompack/qompack/internal/hookio","Test":"TestCaptureScope_ChecksEveryPathNotJustTheFirst","Elapsed":0}
{"Time":"2026-09-21T12:35:28.1190745-04:00","Action":"run","Package":"github.com/qompack/qompack/internal/hookio","Test":"TestCaptureScope_PathlessProducersAllowed"}
{"Time":"2026-09-21T12:35:28.1190745-04:00","Action":"output","Package":"github.com/qompack/qompack/internal/hookio","Test":"TestCaptureScope_PathlessProducersAllowed","Output":"=== RUN   TestCaptureScope_PathlessProducersAllowed\n"}
{"Time":"2026-09-21T12:35:28.1201551-04:00","Action":"output","Package":"github.com/qompack/qompack/internal/hookio","Test":"TestCaptureScope_PathlessProducersAllowed","Output":"--- PASS: TestCaptureScope_PathlessProducersAllowed (0.00s)\n"}
{"Time":"2026-09-21T12:35:28.1206939-04:00","Action":"pass","Package":"github.com/qompack/qompack/internal/hookio","Test":"TestCaptureScope_PathlessProducersAllowed","Elapsed":0}
{"Time":"2026-09-21T12:35:28.1206939-04:00","Action":"run","Package":"github.com/qompack/qompack/internal/hookio","Test":"TestCaptureScope_UnknownPathlessProducerIsArchiveData"}
{"Time":"2026-09-21T12:35:28.1206939-04:00","Action":"output","Package":"github.com/qompack/qompack/internal/hookio","Test":"TestCaptureScope_UnknownPathlessProducerIsArchiveData","Output":"=== RUN   TestCaptureScope_UnknownPathlessProducerIsArchiveData\n"}
{"Time":"2026-09-21T12:35:28.1212232-04:00","Action":"output","Package":"github.com/qompack/qompack/internal/hookio","Test":"TestCaptureScope_UnknownPathlessProducerIsArchiveData","Output":"--- PASS: TestCaptureScope_UnknownPathlessProducerIsArchiveData (0.00s)\n"}
{"Time":"2026-09-21T12:35:28.1212232-04:00","Action":"pass","Package":"github.com/qompack/qompack/internal/hookio","Test":"TestCaptureScope_UnknownPathlessProducerIsArchiveData","Elapsed":0}
{"Time":"2026-09-21T12:35:28.1212232-04:00","Action":"run","Package":"github.com/qompack/qompack/internal/hookio","Test":"TestCaptureScope_FileProducerWithDroppedPathIsUnprovable"}
{"Time":"2026-09-21T12:35:28.1212232-04:00","Action":"output","Package":"github.com/qompack/qompack/internal/hookio","Test":"TestCaptureScope_FileProducerWithDroppedPathIsUnprovable","Output":"=== RUN   TestCaptureScope_FileProducerWithDroppedPathIsUnprovable\n"}
{"Time":"2026-09-21T12:35:28.1222856-04:00","Action":"output","Package":"github.com/qompack/qompack/internal/hookio","Test":"TestCaptureScope_FileProducerWithDroppedPathIsUnprovable","Output":"--- PASS: TestCaptureScope_FileProducerWithDroppedPathIsUnprovable (0.00s)\n"}
{"Time":"2026-09-21T12:35:28.1222856-04:00","Action":"pass","Package":"github.com/qompack/qompack/internal/hookio","Test":"TestCaptureScope_FileProducerWithDroppedPathIsUnprovable","Elapsed":0}
{"Time":"2026-09-21T12:35:28.1222856-04:00","Action":"run","Package":"github.com/qompack/qompack/internal/hookio","Test":"TestCaptureScope_MalformedToolInputFailsClosed"}
{"Time":"2026-09-21T12:35:28.1222856-04:00","Action":"output","Package":"github.com/qompack/qompack/internal/hookio","Test":"TestCaptureScope_MalformedToolInputFailsClosed","Output":"=== RUN   TestCaptureScope_MalformedToolInputFailsClosed\n"}
{"Time":"2026-09-21T12:35:28.1228281-04:00","Action":"output","Package":"github.com/qompack/qompack/internal/hookio","Test":"TestCaptureScope_MalformedToolInputFailsClosed","Output":"--- PASS: TestCaptureScope_MalformedToolInputFailsClosed (0.00s)\n"}
{"Time":"2026-09-21T12:35:28.1228281-04:00","Action":"pass","Package":"github.com/qompack/qompack/internal/hookio","Test":"TestCaptureScope_MalformedToolInputFailsClosed","Elapsed":0}
{"Time":"2026-09-21T12:35:28.1228281-04:00","Action":"run","Package":"github.com/qompack/qompack/internal/hookio","Test":"TestCaptureScope_DuplicateStructuredKeyIsAmbiguousAndRefused"}
{"Time":"2026-09-21T12:35:28.1228281-04:00","Action":"output","Package":"github.com/qompack/qompack/internal/hookio","Test":"TestCaptureScope_DuplicateStructuredKeyIsAmbiguousAndRefused","Output":"=== RUN   TestCaptureScope_DuplicateStructuredKeyIsAmbiguousAndRefused\n"}
{"Time":"2026-09-21T12:35:28.1244057-04:00","Action":"output","Package":"github.com/qompack/qompack/internal/hookio","Test":"TestCaptureScope_DuplicateStructuredKeyIsAmbiguousAndRefused","Output":"--- PASS: TestCaptureScope_DuplicateStructuredKeyIsAmbiguousAndRefused (0.00s)\n"}
{"Time":"2026-09-21T12:35:28.1244057-04:00","Action":"pass","Package":"github.com/qompack/qompack/internal/hookio","Test":"TestCaptureScope_DuplicateStructuredKeyIsAmbiguousAndRefused","Elapsed":0}
{"Time":"2026-09-21T12:35:28.1244057-04:00","Action":"run","Package":"github.com/qompack/qompack/internal/hookio","Test":"TestCaptureScope_JunctionSwapDefeatsLexicalContainment"}
{"Time":"2026-09-21T12:35:28.1244057-04:00","Action":"output","Package":"github.com/qompack/qompack/internal/hookio","Test":"TestCaptureScope_JunctionSwapDefeatsLexicalContainment","Output":"=== RUN   TestCaptureScope_JunctionSwapDefeatsLexicalContainment\n"}
{"Time":"2026-09-21T12:35:28.1254519-04:00","Action":"output","Package":"github.com/qompack/qompack/internal/hookio","Test":"TestCaptureScope_JunctionSwapDefeatsLexicalContainment","Output":"    capture_scope_v6_test.go:115: symlink unavailable on this platform/privilege: symlink C:\\Users\\Quant\\AppData\\Local\\Temp\\TestCaptureScope_JunctionSwapDefeatsLexicalContainment681623697\\002 C:\\Users\\Quant\\AppData\\Local\\Temp\\TestCaptureScope_JunctionSwapDefeatsLexicalContainment681623697\\001\\link: A required privilege is not held by the client.\n"}
{"Time":"2026-09-21T12:35:28.1259748-04:00","Action":"output","Package":"github.com/qompack/qompack/internal/hookio","Test":"TestCaptureScope_JunctionSwapDefeatsLexicalContainment","Output":"--- SKIP: TestCaptureScope_JunctionSwapDefeatsLexicalContainment (0.00s)\n"}
{"Time":"2026-09-21T12:35:28.1264934-04:00","Action":"skip","Package":"github.com/qompack/qompack/internal/hookio","Test":"TestCaptureScope_JunctionSwapDefeatsLexicalContainment","Elapsed":0}
{"Time":"2026-09-21T12:35:28.1264934-04:00","Action":"run","Package":"github.com/qompack/qompack/internal/hookio","Test":"TestCaptureScopeRaw_CompleteObjectDecidedOnMerits"}
{"Time":"2026-09-21T12:35:28.1264934-04:00","Action":"output","Package":"github.com/qompack/qompack/internal/hookio","Test":"TestCaptureScopeRaw_CompleteObjectDecidedOnMerits","Output":"=== RUN   TestCaptureScopeRaw_CompleteObjectDecidedOnMerits\n"}
{"Time":"2026-09-21T12:35:28.1285889-04:00","Action":"output","Package":"github.com/qompack/qompack/internal/hookio","Test":"TestCaptureScopeRaw_CompleteObjectDecidedOnMerits","Output":"--- PASS: TestCaptureScopeRaw_CompleteObjectDecidedOnMerits (0.00s)\n"}
{"Time":"2026-09-21T12:35:28.1285889-04:00","Action":"pass","Package":"github.com/qompack/qompack/internal/hookio","Test":"TestCaptureScopeRaw_CompleteObjectDecidedOnMerits","Elapsed":0}
{"Time":"2026-09-21T12:35:28.1285889-04:00","Action":"run","Package":"github.com/qompack/qompack/internal/hookio","Test":"TestCaptureScopeRaw_TruncatedPrefixCannotProveNature"}
{"Time":"2026-09-21T12:35:28.1285889-04:00","Action":"output","Package":"github.com/qompack/qompack/internal/hookio","Test":"TestCaptureScopeRaw_TruncatedPrefixCannotProveNature","Output":"=== RUN   TestCaptureScopeRaw_TruncatedPrefixCannotProveNature\n"}
{"Time":"2026-09-21T12:35:28.1296381-04:00","Action":"output","Package":"github.com/qompack/qompack/internal/hookio","Test":"TestCaptureScopeRaw_TruncatedPrefixCannotProveNature","Output":"--- PASS: TestCaptureScopeRaw_TruncatedPrefixCannotProveNature (0.00s)\n"}
{"Time":"2026-09-21T12:35:28.1296381-04:00","Action":"pass","Package":"github.com/qompack/qompack/internal/hookio","Test":"TestCaptureScopeRaw_TruncatedPrefixCannotProveNature","Elapsed":0}
{"Time":"2026-09-21T12:35:28.1296381-04:00","Action":"run","Package":"github.com/qompack/qompack/internal/hookio","Test":"TestCaptureScopeRaw_ResponseFirstPrefixCannotProveNature"}
{"Time":"2026-09-21T12:35:28.1296381-04:00","Action":"output","Package":"github.com/qompack/qompack/internal/hookio","Test":"TestCaptureScopeRaw_ResponseFirstPrefixCannotProveNature","Output":"=== RUN   TestCaptureScopeRaw_ResponseFirstPrefixCannotProveNature\n"}
{"Time":"2026-09-21T12:35:28.1313424-04:00","Action":"output","Package":"github.com/qompack/qompack/internal/hookio","Test":"TestCaptureScopeRaw_ResponseFirstPrefixCannotProveNature","Output":"--- PASS: TestCaptureScopeRaw_ResponseFirstPrefixCannotProveNature (0.00s)\n"}
{"Time":"2026-09-21T12:35:28.1313424-04:00","Action":"pass","Package":"github.com/qompack/qompack/internal/hookio","Test":"TestCaptureScopeRaw_ResponseFirstPrefixCannotProveNature","Elapsed":0}
{"Time":"2026-09-21T12:35:28.1313424-04:00","Action":"run","Package":"github.com/qompack/qompack/internal/hookio","Test":"TestCaptureScopeRaw_DuplicateOrTrailingRefused"}
{"Time":"2026-09-21T12:35:28.1313424-04:00","Action":"output","Package":"github.com/qompack/qompack/internal/hookio","Test":"TestCaptureScopeRaw_DuplicateOrTrailingRefused","Output":"=== RUN   TestCaptureScopeRaw_DuplicateOrTrailingRefused\n"}
{"Time":"2026-09-21T12:35:28.1323842-04:00","Action":"output","Package":"github.com/qompack/qompack/internal/hookio","Test":"TestCaptureScopeRaw_DuplicateOrTrailingRefused","Output":"--- PASS: TestCaptureScopeRaw_DuplicateOrTrailingRefused (0.00s)\n"}
{"Time":"2026-09-21T12:35:28.1323842-04:00","Action":"pass","Package":"github.com/qompack/qompack/internal/hookio","Test":"TestCaptureScopeRaw_DuplicateOrTrailingRefused","Elapsed":0}
{"Time":"2026-09-21T12:35:28.1334325-04:00","Action":"output","Package":"github.com/qompack/qompack/internal/hookio","Output":"PASS\n"}
{"Time":"2026-09-21T12:35:28.1360288-04:00","Action":"output","Package":"github.com/qompack/qompack/internal/hookio","Output":"ok  \tgithub.com/qompack/qompack/internal/hookio\t1.162s\n"}
{"Time":"2026-09-21T12:35:28.1360288-04:00","Action":"pass","Package":"github.com/qompack/qompack/internal/hookio","Elapsed":1.162}
{"Time":"2026-09-21T12:35:31.317518-04:00","Action":"start","Package":"github.com/qompack/qompack/internal/cli"}
{"Time":"2026-09-21T12:35:31.5470862-04:00","Action":"run","Package":"github.com/qompack/qompack/internal/cli","Test":"TestBackupCLI_ConsistentRestoreRetainsLaterSourceWrites"}
{"Time":"2026-09-21T12:35:31.5470862-04:00","Action":"output","Package":"github.com/qompack/qompack/internal/cli","Test":"TestBackupCLI_ConsistentRestoreRetainsLaterSourceWrites","Output":"=== RUN   TestBackupCLI_ConsistentRestoreRetainsLaterSourceWrites\n"}
{"Time":"2026-09-21T12:35:32.0852342-04:00","Action":"output","Package":"github.com/qompack/qompack/internal/cli","Test":"TestBackupCLI_ConsistentRestoreRetainsLaterSourceWrites","Output":"    backup_test.go:37: \n"}
{"Time":"2026-09-21T12:35:32.0852342-04:00","Action":"output","Package":"github.com/qompack/qompack/internal/cli","Test":"TestBackupCLI_ConsistentRestoreRetainsLaterSourceWrites","Output":"        \tError Trace:\tC:/Users/Quant/Documents/Programming/Projects/qompack-v6/internal/cli/backup_test.go:37\n"}
{"Time":"2026-09-21T12:35:32.0852342-04:00","Action":"output","Package":"github.com/qompack/qompack/internal/cli","Test":"TestBackupCLI_ConsistentRestoreRetainsLaterSourceWrites","Output":"        \tError:      \tNot equal: \n"}
{"Time":"2026-09-21T12:35:32.0852342-04:00","Action":"output","Package":"github.com/qompack/qompack/internal/cli","Test":"TestBackupCLI_ConsistentRestoreRetainsLaterSourceWrites","Output":"        \t            \texpected: 0\n"}
{"Time":"2026-09-21T12:35:32.0852342-04:00","Action":"output","Package":"github.com/qompack/qompack/internal/cli","Test":"TestBackupCLI_ConsistentRestoreRetainsLaterSourceWrites","Output":"        \t            \tactual  : 1\n"}
{"Time":"2026-09-21T12:35:32.0852342-04:00","Action":"output","Package":"github.com/qompack/qompack/internal/cli","Test":"TestBackupCLI_ConsistentRestoreRetainsLaterSourceWrites","Output":"        \tTest:       \tTestBackupCLI_ConsistentRestoreRetainsLaterSourceWrites\n"}
{"Time":"2026-09-21T12:35:32.0852342-04:00","Action":"output","Package":"github.com/qompack/qompack/internal/cli","Test":"TestBackupCLI_ConsistentRestoreRetainsLaterSourceWrites","Output":"        \tMessages:   \t{\"schema\":1,\"action\":\"restore\",\"id\":\"before\",\"restore\":{\"BackupID\":\"before\",\"Destination\":\"C:\\\\Users\\\\Quant\\\\AppData\\\\Local\\\\Temp\\\\TestBackupCLI_ConsistentRestoreRetainsLaterSourceWrites1280758956\\\\004\\\\restored project\",\"OpenedOK\":false,\"ContentRootsProven\":0,\"ToolRefsProven\":0,\"SameBuildOnly\":true,\"CheckpointSealCovered\":false,\"Note\":\"content roots and tool references proven by a same-build read-only reader; checkpoint-chain and delivery-seal integrity are NOT covered — run packaged `fsck --seal-check` on the destination. Publication uses the platform's atomic no-replace directory rename and refuses unsupported filesystems.\"},\"error\":\"store: restore backup \\\"before\\\": .gitignore: open C:\\\\Users\\\\Quant\\\\AppData\\\\Local\\\\Temp\\\\TestBackupCLI_ConsistentRestoreRetainsLaterSourceWrites1280758956\\\\004\\\\restored project\\\\.qompack.restore-before-0b6f3d57febfae68\\\\.qompack\\\\.gitignore: The file exists.; the incomplete staging tree is preserved as evidence at C:\\\\Users\\\\Quant\\\\AppData\\\\Local\\\\Te"}
{"Time":"2026-09-21T12:35:32.0852342-04:00","Action":"output","Package":"github.com/qompack/qompack/internal/cli","Test":"TestBackupCLI_ConsistentRestoreRetainsLaterSourceWrites","Output":"mp\\\\TestBackupCLI_ConsistentRestoreRetainsLaterSourceWrites1280758956\\\\004\\\\restored project\\\\.qompack.restore-before-0b6f3d57febfae68\"}\n"}
{"Time":"2026-09-21T12:35:32.0852342-04:00","Action":"output","Package":"github.com/qompack/qompack/internal/cli","Test":"TestBackupCLI_ConsistentRestoreRetainsLaterSourceWrites","Output":"        \t            \t qompack backup restore: store: restore backup \"before\": .gitignore: open C:\\Users\\Quant\\AppData\\Local\\Temp\\TestBackupCLI_ConsistentRestoreRetainsLaterSourceWrites1280758956\\004\\restored project\\.qompack.restore-before-0b6f3d57febfae68\\.qompack\\.gitignore: The file exists.; the incomplete staging tree is preserved as evidence at C:\\Users\\Quant\\AppData\\Local\\Temp\\TestBackupCLI_ConsistentRestoreRetainsLaterSourceWrites1280758956\\004\\restored project\\.qompack.restore-before-0b6f3d57febfae68\n"}
{"Time":"2026-09-21T12:35:32.1056449-04:00","Action":"output","Package":"github.com/qompack/qompack/internal/cli","Test":"TestBackupCLI_ConsistentRestoreRetainsLaterSourceWrites","Output":"--- FAIL: TestBackupCLI_ConsistentRestoreRetainsLaterSourceWrites (0.56s)\n"}
{"Time":"2026-09-21T12:35:32.1056449-04:00","Action":"fail","Package":"github.com/qompack/qompack/internal/cli","Test":"TestBackupCLI_ConsistentRestoreRetainsLaterSourceWrites","Elapsed":0.56}
{"Time":"2026-09-21T12:35:32.1056449-04:00","Action":"run","Package":"github.com/qompack/qompack/internal/cli","Test":"TestBackupCLI_RefusesLiveWriterAndDoesNotOpenStore"}
{"Time":"2026-09-21T12:35:32.1056449-04:00","Action":"output","Package":"github.com/qompack/qompack/internal/cli","Test":"TestBackupCLI_RefusesLiveWriterAndDoesNotOpenStore","Output":"=== RUN   TestBackupCLI_RefusesLiveWriterAndDoesNotOpenStore\n"}
{"Time":"2026-09-21T12:35:32.235725-04:00","Action":"output","Package":"github.com/qompack/qompack/internal/cli","Test":"TestBackupCLI_RefusesLiveWriterAndDoesNotOpenStore","Output":"--- PASS: TestBackupCLI_RefusesLiveWriterAndDoesNotOpenStore (0.13s)\n"}
{"Time":"2026-09-21T12:35:32.235725-04:00","Action":"pass","Package":"github.com/qompack/qompack/internal/cli","Test":"TestBackupCLI_RefusesLiveWriterAndDoesNotOpenStore","Elapsed":0.13}
{"Time":"2026-09-21T12:35:32.2363194-04:00","Action":"run","Package":"github.com/qompack/qompack/internal/cli","Test":"TestAdmitHookCapture_RedactionCannotLaunderOriginalScope"}
{"Time":"2026-09-21T12:35:32.2363194-04:00","Action":"output","Package":"github.com/qompack/qompack/internal/cli","Test":"TestAdmitHookCapture_RedactionCannotLaunderOriginalScope","Output":"=== RUN   TestAdmitHookCapture_RedactionCannotLaunderOriginalScope\n"}
{"Time":"2026-09-21T12:35:32.2523868-04:00","Action":"output","Package":"github.com/qompack/qompack/internal/cli","Test":"TestAdmitHookCapture_RedactionCannotLaunderOriginalScope","Output":"--- PASS: TestAdmitHookCapture_RedactionCannotLaunderOriginalScope (0.02s)\n"}
{"Time":"2026-09-21T12:35:32.2528925-04:00","Action":"pass","Package":"github.com/qompack/qompack/internal/cli","Test":"TestAdmitHookCapture_RedactionCannotLaunderOriginalScope","Elapsed":0.02}
{"Time":"2026-09-21T12:35:32.2528925-04:00","Action":"run","Package":"github.com/qompack/qompack/internal/cli","Test":"TestScopeGuard_OKOutOfProjectReadDenied"}
{"Time":"2026-09-21T12:35:32.2528925-04:00","Action":"output","Package":"github.com/qompack/qompack/internal/cli","Test":"TestScopeGuard_OKOutOfProjectReadDenied","Output":"=== RUN   TestScopeGuard_OKOutOfProjectReadDenied\n"}
{"Time":"2026-09-21T12:35:32.2544764-04:00","Action":"output","Package":"github.com/qompack/qompack/internal/cli","Test":"TestScopeGuard_OKOutOfProjectReadDenied","Output":"--- PASS: TestScopeGuard_OKOutOfProjectReadDenied (0.00s)\n"}
{"Time":"2026-09-21T12:35:32.2550026-04:00","Action":"pass","Package":"github.com/qompack/qompack/internal/cli","Test":"TestScopeGuard_OKOutOfProjectReadDenied","Elapsed":0}
{"Time":"2026-09-21T12:35:32.2550026-04:00","Action":"run","Package":"github.com/qompack/qompack/internal/cli","Test":"TestScopeGuard_OKDroppedPathReadUnavailable"}
{"Time":"2026-09-21T12:35:32.2550026-04:00","Action":"output","Package":"github.com/qompack/qompack/internal/cli","Test":"TestScopeGuard_OKDroppedPathReadUnavailable","Output":"=== RUN   TestScopeGuard_OKDroppedPathReadUnavailable\n"}
{"Time":"2026-09-21T12:35:32.2555468-04:00","Action":"output","Package":"github.com/qompack/qompack/internal/cli","Test":"TestScopeGuard_OKDroppedPathReadUnavailable","Output":"--- PASS: TestScopeGuard_OKDroppedPathReadUnavailable (0.00s)\n"}
{"Time":"2026-09-21T12:35:32.2555468-04:00","Action":"pass","Package":"github.com/qompack/qompack/internal/cli","Test":"TestScopeGuard_OKDroppedPathReadUnavailable","Elapsed":0}
{"Time":"2026-09-21T12:35:32.2555468-04:00","Action":"run","Package":"github.com/qompack/qompack/internal/cli","Test":"TestScopeGuard_OKInProjectReadUntouched"}
{"Time":"2026-09-21T12:35:32.2555468-04:00","Action":"output","Package":"github.com/qompack/qompack/internal/cli","Test":"TestScopeGuard_OKInProjectReadUntouched","Output":"=== RUN   TestScopeGuard_OKInProjectReadUntouched\n"}
{"Time":"2026-09-21T12:35:32.2571542-04:00","Action":"output","Package":"github.com/qompack/qompack/internal/cli","Test":"TestScopeGuard_OKInProjectReadUntouched","Output":"--- PASS: TestScopeGuard_OKInProjectReadUntouched (0.00s)\n"}
{"Time":"2026-09-21T12:35:32.2571542-04:00","Action":"pass","Package":"github.com/qompack/qompack/internal/cli","Test":"TestScopeGuard_OKInProjectReadUntouched","Elapsed":0}
{"Time":"2026-09-21T12:35:32.2571542-04:00","Action":"run","Package":"github.com/qompack/qompack/internal/cli","Test":"TestScopeGuard_PathlessBashOKUntouched"}
{"Time":"2026-09-21T12:35:32.2571542-04:00","Action":"output","Package":"github.com/qompack/qompack/internal/cli","Test":"TestScopeGuard_PathlessBashOKUntouched","Output":"=== RUN   TestScopeGuard_PathlessBashOKUntouched\n"}
{"Time":"2026-09-21T12:35:32.2576807-04:00","Action":"output","Package":"github.com/qompack/qompack/internal/cli","Test":"TestScopeGuard_PathlessBashOKUntouched","Output":"--- PASS: TestScopeGuard_PathlessBashOKUntouched (0.00s)\n"}
{"Time":"2026-09-21T12:35:32.2576807-04:00","Action":"pass","Package":"github.com/qompack/qompack/internal/cli","Test":"TestScopeGuard_PathlessBashOKUntouched","Elapsed":0}
{"Time":"2026-09-21T12:35:32.2576807-04:00","Action":"run","Package":"github.com/qompack/qompack/internal/cli","Test":"TestScopeGuard_DegradedTruncatedBytesDropped"}
{"Time":"2026-09-21T12:35:32.2576807-04:00","Action":"output","Package":"github.com/qompack/qompack/internal/cli","Test":"TestScopeGuard_DegradedTruncatedBytesDropped","Output":"=== RUN   TestScopeGuard_DegradedTruncatedBytesDropped\n"}
{"Time":"2026-09-21T12:35:32.2593943-04:00","Action":"output","Package":"github.com/qompack/qompack/internal/cli","Test":"TestScopeGuard_DegradedTruncatedBytesDropped","Output":"--- PASS: TestScopeGuard_DegradedTruncatedBytesDropped (0.00s)\n"}
{"Time":"2026-09-21T12:35:32.2593943-04:00","Action":"pass","Package":"github.com/qompack/qompack/internal/cli","Test":"TestScopeGuard_DegradedTruncatedBytesDropped","Elapsed":0}
{"Time":"2026-09-21T12:35:32.2593943-04:00","Action":"run","Package":"github.com/qompack/qompack/internal/cli","Test":"TestScopeGuard_DegradedCompletePathlessObjectKept"}
{"Time":"2026-09-21T12:35:32.2593943-04:00","Action":"output","Package":"github.com/qompack/qompack/internal/cli","Test":"TestScopeGuard_DegradedCompletePathlessObjectKept","Output":"=== RUN   TestScopeGuard_DegradedCompletePathlessObjectKept\n"}
{"Time":"2026-09-21T12:35:32.2599145-04:00","Action":"output","Package":"github.com/qompack/qompack/internal/cli","Test":"TestScopeGuard_DegradedCompletePathlessObjectKept","Output":"--- PASS: TestScopeGuard_DegradedCompletePathlessObjectKept (0.00s)\n"}
{"Time":"2026-09-21T12:35:32.2599145-04:00","Action":"pass","Package":"github.com/qompack/qompack/internal/cli","Test":"TestScopeGuard_DegradedCompletePathlessObjectKept","Elapsed":0}
{"Time":"2026-09-21T12:35:32.2599145-04:00","Action":"run","Package":"github.com/qompack/qompack/internal/cli","Test":"TestScopeGuard_DegradedCompleteOutOfProjectObjectDropped"}
{"Time":"2026-09-21T12:35:32.2599145-04:00","Action":"output","Package":"github.com/qompack/qompack/internal/cli","Test":"TestScopeGuard_DegradedCompleteOutOfProjectObjectDropped","Output":"=== RUN   TestScopeGuard_DegradedCompleteOutOfProjectObjectDropped\n"}
{"Time":"2026-09-21T12:35:32.2614601-04:00","Action":"output","Package":"github.com/qompack/qompack/internal/cli","Test":"TestScopeGuard_DegradedCompleteOutOfProjectObjectDropped","Output":"--- PASS: TestScopeGuard_DegradedCompleteOutOfProjectObjectDropped (0.00s)\n"}
{"Time":"2026-09-21T12:35:32.2614601-04:00","Action":"pass","Package":"github.com/qompack/qompack/internal/cli","Test":"TestScopeGuard_DegradedCompleteOutOfProjectObjectDropped","Elapsed":0}
{"Time":"2026-09-21T12:35:32.2614601-04:00","Action":"run","Package":"github.com/qompack/qompack/internal/cli","Test":"TestScopeGuard_UnrecordedCaptureUntouched"}
{"Time":"2026-09-21T12:35:32.2614601-04:00","Action":"output","Package":"github.com/qompack/qompack/internal/cli","Test":"TestScopeGuard_UnrecordedCaptureUntouched","Output":"=== RUN   TestScopeGuard_UnrecordedCaptureUntouched\n"}
{"Time":"2026-09-21T12:35:32.2624853-04:00","Action":"output","Package":"github.com/qompack/qompack/internal/cli","Test":"TestScopeGuard_UnrecordedCaptureUntouched","Output":"--- PASS: TestScopeGuard_UnrecordedCaptureUntouched (0.00s)\n"}
{"Time":"2026-09-21T12:35:32.2624853-04:00","Action":"pass","Package":"github.com/qompack/qompack/internal/cli","Test":"TestScopeGuard_UnrecordedCaptureUntouched","Elapsed":0}
{"Time":"2026-09-21T12:35:32.2635329-04:00","Action":"run","Package":"github.com/qompack/qompack/internal/cli","Test":"TestFsck_CleanProjectFindsNoDefect"}
{"Time":"2026-09-21T12:35:32.2635329-04:00","Action":"output","Package":"github.com/qompack/qompack/internal/cli","Test":"TestFsck_CleanProjectFindsNoDefect","Output":"=== RUN   TestFsck_CleanProjectFindsNoDefect\n"}
{"Time":"2026-09-21T12:35:32.2635329-04:00","Action":"output","Package":"github.com/qompack/qompack/internal/cli","Test":"TestFsck_CleanProjectFindsNoDefect","Output":"=== PAUSE TestFsck_CleanProjectFindsNoDefect\n"}
{"Time":"2026-09-21T12:35:32.2635329-04:00","Action":"pause","Package":"github.com/qompack/qompack/internal/cli","Test":"TestFsck_CleanProjectFindsNoDefect"}
{"Time":"2026-09-21T12:35:32.2635329-04:00","Action":"run","Package":"github.com/qompack/qompack/internal/cli","Test":"TestFsck_AbsentStoreIsReportedAndNothingIsCreated"}
{"Time":"2026-09-21T12:35:32.2635329-04:00","Action":"output","Package":"github.com/qompack/qompack/internal/cli","Test":"TestFsck_AbsentStoreIsReportedAndNothingIsCreated","Output":"=== RUN   TestFsck_AbsentStoreIsReportedAndNothingIsCreated\n"}
{"Time":"2026-09-21T12:35:32.2635329-04:00","Action":"output","Package":"github.com/qompack/qompack/internal/cli","Test":"TestFsck_AbsentStoreIsReportedAndNothingIsCreated","Output":"=== PAUSE TestFsck_AbsentStoreIsReportedAndNothingIsCreated\n"}
{"Time":"2026-09-21T12:35:32.2635329-04:00","Action":"pause","Package":"github.com/qompack/qompack/internal/cli","Test":"TestFsck_AbsentStoreIsReportedAndNothingIsCreated"}
{"Time":"2026-09-21T12:35:32.2635329-04:00","Action":"run","Package":"github.com/qompack/qompack/internal/cli","Test":"TestFsck_RepairWithoutYesIsAUsageError"}
{"Time":"2026-09-21T12:35:32.2635329-04:00","Action":"output","Package":"github.com/qompack/qompack/internal/cli","Test":"TestFsck_RepairWithoutYesIsAUsageError","Output":"=== RUN   TestFsck_RepairWithoutYesIsAUsageError\n"}
{"Time":"2026-09-21T12:35:32.2635329-04:00","Action":"output","Package":"github.com/qompack/qompack/internal/cli","Test":"TestFsck_RepairWithoutYesIsAUsageError","Output":"=== PAUSE TestFsck_RepairWithoutYesIsAUsageError\n"}
{"Time":"2026-09-21T12:35:32.2635329-04:00","Action":"pause","Package":"github.com/qompack/qompack/internal/cli","Test":"TestFsck_RepairWithoutYesIsAUsageError"}
{"Time":"2026-09-21T12:35:32.2635329-04:00","Action":"run","Package":"github.com/qompack/qompack/internal/cli","Test":"TestFsck_ReportsEachSeededDefectAndRepairsNone"}
{"Time":"2026-09-21T12:35:32.2635329-04:00","Action":"output","Package":"github.com/qompack/qompack/internal/cli","Test":"TestFsck_ReportsEachSeededDefectAndRepairsNone","Output":"=== RUN   TestFsck_ReportsEachSeededDefectAndRepairsNone\n"}
{"Time":"2026-09-21T12:35:32.2635329-04:00","Action":"output","Package":"github.com/qompack/qompack/internal/cli","Test":"TestFsck_ReportsEachSeededDefectAndRepairsNone","Output":"=== PAUSE TestFsck_ReportsEachSeededDefectAndRepairsNone\n"}
{"Time":"2026-09-21T12:35:32.2635329-04:00","Action":"pause","Package":"github.com/qompack/qompack/internal/cli","Test":"TestFsck_ReportsEachSeededDefectAndRepairsNone"}
{"Time":"2026-09-21T12:35:32.2635329-04:00","Action":"run","Package":"github.com/qompack/qompack/internal/cli","Test":"TestFsck_UnreadableFilesViewIsNamedAsTheViewNotTheLog"}
{"Time":"2026-09-21T12:35:32.2635329-04:00","Action":"output","Package":"github.com/qompack/qompack/internal/cli","Test":"TestFsck_UnreadableFilesViewIsNamedAsTheViewNotTheLog","Output":"=== RUN   TestFsck_UnreadableFilesViewIsNamedAsTheViewNotTheLog\n"}
{"Time":"2026-09-21T12:35:32.2635329-04:00","Action":"output","Package":"github.com/qompack/qompack/internal/cli","Test":"TestFsck_UnreadableFilesViewIsNamedAsTheViewNotTheLog","Output":"=== PAUSE TestFsck_UnreadableFilesViewIsNamedAsTheViewNotTheLog\n"}
{"Time":"2026-09-21T12:35:32.2635329-04:00","Action":"pause","Package":"github.com/qompack/qompack/internal/cli","Test":"TestFsck_UnreadableFilesViewIsNamedAsTheViewNotTheLog"}
{"Time":"2026-09-21T12:35:32.2635329-04:00","Action":"run","Package":"github.com/qompack/qompack/internal/cli","Test":"TestFsck_ANewerCheckpointSchemaIsNotCorrupt"}
{"Time":"2026-09-21T12:35:32.2635329-04:00","Action":"output","Package":"github.com/qompack/qompack/internal/cli","Test":"TestFsck_ANewerCheckpointSchemaIsNotCorrupt","Output":"=== RUN   TestFsck_ANewerCheckpointSchemaIsNotCorrupt\n"}
{"Time":"2026-09-21T12:35:32.2635329-04:00","Action":"output","Package":"github.com/qompack/qompack/internal/cli","Test":"TestFsck_ANewerCheckpointSchemaIsNotCorrupt","Output":"=== PAUSE TestFsck_ANewerCheckpointSchemaIsNotCorrupt\n"}
{"Time":"2026-09-21T12:35:32.2635329-04:00","Action":"pause","Package":"github.com/qompack/qompack/internal/cli","Test":"TestFsck_ANewerCheckpointSchemaIsNotCorrupt"}
{"Time":"2026-09-21T12:35:32.2635329-04:00","Action":"run","Package":"github.com/qompack/qompack/internal/cli","Test":"TestFsck_CanonicalStaysCanonicalInTheFidelitySummary"}
{"Time":"2026-09-21T12:35:32.2635329-04:00","Action":"output","Package":"github.com/qompack/qompack/internal/cli","Test":"TestFsck_CanonicalStaysCanonicalInTheFidelitySummary","Output":"=== RUN   TestFsck_CanonicalStaysCanonicalInTheFidelitySummary\n"}
{"Time":"2026-09-21T12:35:32.2635329-04:00","Action":"output","Package":"github.com/qompack/qompack/internal/cli","Test":"TestFsck_CanonicalStaysCanonicalInTheFidelitySummary","Output":"=== PAUSE TestFsck_CanonicalStaysCanonicalInTheFidelitySummary\n"}
{"Time":"2026-09-21T12:35:32.2635329-04:00","Action":"pause","Package":"github.com/qompack/qompack/internal/cli","Test":"TestFsck_CanonicalStaysCanonicalInTheFidelitySummary"}
{"Time":"2026-09-21T12:35:32.2635329-04:00","Action":"run","Package":"github.com/qompack/qompack/internal/cli","Test":"TestFsck_ALiveDaemonMakesTheAnswerASnapshot"}
{"Time":"2026-09-21T12:35:32.2635329-04:00","Action":"output","Package":"github.com/qompack/qompack/internal/cli","Test":"TestFsck_ALiveDaemonMakesTheAnswerASnapshot","Output":"=== RUN   TestFsck_ALiveDaemonMakesTheAnswerASnapshot\n"}
{"Time":"2026-09-21T12:35:32.406057-04:00","Action":"output","Package":"github.com/qompack/qompack/internal/cli","Test":"TestFsck_ALiveDaemonMakesTheAnswerASnapshot","Output":"--- PASS: TestFsck_ALiveDaemonMakesTheAnswerASnapshot (0.14s)\n"}
{"Time":"2026-09-21T12:35:32.4065783-04:00","Action":"pass","Package":"github.com/qompack/qompack/internal/cli","Test":"TestFsck_ALiveDaemonMakesTheAnswerASnapshot","Elapsed":0.14}
{"Time":"2026-09-21T12:35:32.4065783-04:00","Action":"run","Package":"github.com/qompack/qompack/internal/cli","Test":"TestFsck_AStaleLockDisablesNoCheck"}
{"Time":"2026-09-21T12:35:32.4065783-04:00","Action":"output","Package":"github.com/qompack/qompack/internal/cli","Test":"TestFsck_AStaleLockDisablesNoCheck","Output":"=== RUN   TestFsck_AStaleLockDisablesNoCheck\n"}
{"Time":"2026-09-21T12:35:32.5093776-04:00","Action":"output","Package":"github.com/qompack/qompack/internal/cli","Test":"TestFsck_AStaleLockDisablesNoCheck","Output":"--- PASS: TestFsck_AStaleLockDisablesNoCheck (0.10s)\n"}
{"Time":"2026-09-21T12:35:32.5098959-04:00","Action":"pass","Package":"github.com/qompack/qompack/internal/cli","Test":"TestFsck_AStaleLockDisablesNoCheck","Elapsed":0.1}
{"Time":"2026-09-21T12:35:32.5098959-04:00","Action":"run","Package":"github.com/qompack/qompack/internal/cli","Test":"TestFsck_RepairIsRefusedWhileADaemonHoldsTheLock"}
{"Time":"2026-09-21T12:35:32.5098959-04:00","Action":"output","Package":"github.com/qompack/qompack/internal/cli","Test":"TestFsck_RepairIsRefusedWhileADaemonHoldsTheLock","Output":"=== RUN   TestFsck_RepairIsRefusedWhileADaemonHoldsTheLock\n"}
{"Time":"2026-09-21T12:35:32.6544032-04:00","Action":"output","Package":"github.com/qompack/qompack/internal/cli","Test":"TestFsck_RepairIsRefusedWhileADaemonHoldsTheLock","Output":"--- PASS: TestFsck_RepairIsRefusedWhileADaemonHoldsTheLock (0.14s)\n"}
{"Time":"2026-09-21T12:35:32.6544032-04:00","Action":"pass","Package":"github.com/qompack/qompack/internal/cli","Test":"TestFsck_RepairIsRefusedWhileADaemonHoldsTheLock","Elapsed":0.14}
{"Time":"2026-09-21T12:35:32.6544032-04:00","Action":"run","Package":"github.com/qompack/qompack/internal/cli","Test":"TestFsck_RepairPerformsOnlyTheFiveAdditiveKinds"}
{"Time":"2026-09-21T12:35:32.6544032-04:00","Action":"output","Package":"github.com/qompack/qompack/internal/cli","Test":"TestFsck_RepairPerformsOnlyTheFiveAdditiveKinds","Output":"=== RUN   TestFsck_RepairPerformsOnlyTheFiveAdditiveKinds\n"}
{"Time":"2026-09-21T12:35:32.8282639-04:00","Action":"output","Package":"github.com/qompack/qompack/internal/cli","Test":"TestFsck_RepairPerformsOnlyTheFiveAdditiveKinds","Output":"--- PASS: TestFsck_RepairPerformsOnlyTheFiveAdditiveKinds (0.17s)\n"}
{"Time":"2026-09-21T12:35:32.8282639-04:00","Action":"pass","Package":"github.com/qompack/qompack/internal/cli","Test":"TestFsck_RepairPerformsOnlyTheFiveAdditiveKinds","Elapsed":0.17}
{"Time":"2026-09-21T12:35:32.8282639-04:00","Action":"run","Package":"github.com/qompack/qompack/internal/cli","Test":"TestFsck_RepairSeamGetsTheOperatorsOptions"}
{"Time":"2026-09-21T12:35:32.8282639-04:00","Action":"output","Package":"github.com/qompack/qompack/internal/cli","Test":"TestFsck_RepairSeamGetsTheOperatorsOptions","Output":"=== RUN   TestFsck_RepairSeamGetsTheOperatorsOptions\n"}
{"Time":"2026-09-21T12:35:32.9019474-04:00","Action":"run","Package":"github.com/qompack/qompack/internal/cli","Test":"TestFsck_RepairSeamGetsTheOperatorsOptions/no_--repair_reaches_the_repair_at_all"}
{"Time":"2026-09-21T12:35:32.9024919-04:00","Action":"output","Package":"github.com/qompack/qompack/internal/cli","Test":"TestFsck_RepairSeamGetsTheOperatorsOptions/no_--repair_reaches_the_repair_at_all","Output":"=== RUN   TestFsck_RepairSeamGetsTheOperatorsOptions/no_--repair_reaches_the_repair_at_all\n"}
{"Time":"2026-09-21T12:35:32.9151923-04:00","Action":"output","Package":"github.com/qompack/qompack/internal/cli","Test":"TestFsck_RepairSeamGetsTheOperatorsOptions/no_--repair_reaches_the_repair_at_all","Output":"--- PASS: TestFsck_RepairSeamGetsTheOperatorsOptions/no_--repair_reaches_the_repair_at_all (0.01s)\n"}
{"Time":"2026-09-21T12:35:32.9157135-04:00","Action":"pass","Package":"github.com/qompack/qompack/internal/cli","Test":"TestFsck_RepairSeamGetsTheOperatorsOptions/no_--repair_reaches_the_repair_at_all","Elapsed":0.01}
{"Time":"2026-09-21T12:35:32.9157135-04:00","Action":"run","Package":"github.com/qompack/qompack/internal/cli","Test":"TestFsck_RepairSeamGetsTheOperatorsOptions/--repair_--yes_asks_for_the_repair_with_the_confirmation_typed"}
{"Time":"2026-09-21T12:35:32.9157135-04:00","Action":"output","Package":"github.com/qompack/qompack/internal/cli","Test":"TestFsck_RepairSeamGetsTheOperatorsOptions/--repair_--yes_asks_for_the_repair_with_the_confirmation_typed","Output":"=== RUN   TestFsck_RepairSeamGetsTheOperatorsOptions/--repair_--yes_asks_for_the_repair_with_the_confirmation_typed\n"}
{"Time":"2026-09-21T12:35:32.9207472-04:00","Action":"output","Package":"github.com/qompack/qompack/internal/cli","Test":"TestFsck_RepairSeamGetsTheOperatorsOptions/--repair_--yes_asks_for_the_repair_with_the_confirmation_typed","Output":"--- PASS: TestFsck_RepairSeamGetsTheOperatorsOptions/--repair_--yes_asks_for_the_repair_with_the_confirmation_typed (0.01s)\n"}
{"Time":"2026-09-21T12:35:32.9207472-04:00","Action":"pass","Package":"github.com/qompack/qompack/internal/cli","Test":"TestFsck_RepairSeamGetsTheOperatorsOptions/--repair_--yes_asks_for_the_repair_with_the_confirmation_typed","Elapsed":0.01}
{"Time":"2026-09-21T12:35:32.9207472-04:00","Action":"run","Package":"github.com/qompack/qompack/internal/cli","Test":"TestFsck_RepairSeamGetsTheOperatorsOptions/--yes_alone_confirms_nothing,_because_no_repair_was_asked_for"}
{"Time":"2026-09-21T12:35:32.9207472-04:00","Action":"output","Package":"github.com/qompack/qompack/internal/cli","Test":"TestFsck_RepairSeamGetsTheOperatorsOptions/--yes_alone_confirms_nothing,_because_no_repair_was_asked_for","Output":"=== RUN   TestFsck_RepairSeamGetsTheOperatorsOptions/--yes_alone_confirms_nothing,_because_no_repair_was_asked_for\n"}
{"Time":"2026-09-21T12:35:32.9244098-04:00","Action":"output","Package":"github.com/qompack/qompack/internal/cli","Test":"TestFsck_RepairSeamGetsTheOperatorsOptions/--yes_alone_confirms_nothing,_because_no_repair_was_asked_for","Output":"--- PASS: TestFsck_RepairSeamGetsTheOperatorsOptions/--yes_alone_confirms_nothing,_because_no_repair_was_asked_for (0.00s)\n"}
{"Time":"2026-09-21T12:35:32.9244098-04:00","Action":"pass","Package":"github.com/qompack/qompack/internal/cli","Test":"TestFsck_RepairSeamGetsTheOperatorsOptions/--yes_alone_confirms_nothing,_because_no_repair_was_asked_for","Elapsed":0}
{"Time":"2026-09-21T12:35:32.9244098-04:00","Action":"run","Package":"github.com/qompack/qompack/internal/cli","Test":"TestFsck_RepairSeamGetsTheOperatorsOptions/a_refused_repair_is_exit_1,_not_exit_2_and_not_exit_0"}
{"Time":"2026-09-21T12:35:32.9244098-04:00","Action":"output","Package":"github.com/qompack/qompack/internal/cli","Test":"TestFsck_RepairSeamGetsTheOperatorsOptions/a_refused_repair_is_exit_1,_not_exit_2_and_not_exit_0","Output":"=== RUN   TestFsck_RepairSeamGetsTheOperatorsOptions/a_refused_repair_is_exit_1,_not_exit_2_and_not_exit_0\n"}
{"Time":"2026-09-21T12:35:32.9280629-04:00","Action":"output","Package":"github.com/qompack/qompack/internal/cli","Test":"TestFsck_RepairSeamGetsTheOperatorsOptions/a_refused_repair_is_exit_1,_not_exit_2_and_not_exit_0","Output":"--- PASS: TestFsck_RepairSeamGetsTheOperatorsOptions/a_refused_repair_is_exit_1,_not_exit_2_and_not_exit_0 (0.00s)\n"}
{"Time":"2026-09-21T12:35:32.9280629-04:00","Action":"pass","Package":"github.com/qompack/qompack/internal/cli","Test":"TestFsck_RepairSeamGetsTheOperatorsOptions/a_refused_repair_is_exit_1,_not_exit_2_and_not_exit_0","Elapsed":0}
{"Time":"2026-09-21T12:35:32.9338348-04:00","Action":"output","Package":"github.com/qompack/qompack/internal/cli","Test":"TestFsck_RepairSeamGetsTheOperatorsOptions","Output":"--- PASS: TestFsck_RepairSeamGetsTheOperatorsOptions (0.11s)\n"}
{"Time":"2026-09-21T12:35:32.9338348-04:00","Action":"pass","Package":"github.com/qompack/qompack/internal/cli","Test":"TestFsck_RepairSeamGetsTheOperatorsOptions","Elapsed":0.11}
{"Time":"2026-09-21T12:35:32.9338348-04:00","Action":"run","Package":"github.com/qompack/qompack/internal/cli","Test":"TestFsck_TheViewRepairGoesThroughTheStoresOwnRegenerator"}
{"Time":"2026-09-21T12:35:32.9338348-04:00","Action":"output","Package":"github.com/qompack/qompack/internal/cli","Test":"TestFsck_TheViewRepairGoesThroughTheStoresOwnRegenerator","Output":"=== RUN   TestFsck_TheViewRepairGoesThroughTheStoresOwnRegenerator\n"}
{"Time":"2026-09-21T12:35:33.0519226-04:00","Action":"output","Package":"github.com/qompack/qompack/internal/cli","Test":"TestFsck_TheViewRepairGoesThroughTheStoresOwnRegenerator","Output":"--- PASS: TestFsck_TheViewRepairGoesThroughTheStoresOwnRegenerator (0.12s)\n"}
{"Time":"2026-09-21T12:35:33.0519226-04:00","Action":"pass","Package":"github.com/qompack/qompack/internal/cli","Test":"TestFsck_TheViewRepairGoesThroughTheStoresOwnRegenerator","Elapsed":0.12}
{"Time":"2026-09-21T12:35:33.0519226-04:00","Action":"run","Package":"github.com/qompack/qompack/internal/cli","Test":"TestFsck_RegisteredInAllAndNotAHook"}
{"Time":"2026-09-21T12:35:33.0519226-04:00","Action":"output","Package":"github.com/qompack/qompack/internal/cli","Test":"TestFsck_RegisteredInAllAndNotAHook","Output":"=== RUN   TestFsck_RegisteredInAllAndNotAHook\n"}
{"Time":"2026-09-21T12:35:33.0519226-04:00","Action":"output","Package":"github.com/qompack/qompack/internal/cli","Test":"TestFsck_RegisteredInAllAndNotAHook","Output":"=== PAUSE TestFsck_RegisteredInAllAndNotAHook\n"}
{"Time":"2026-09-21T12:35:33.0519226-04:00","Action":"pause","Package":"github.com/qompack/qompack/internal/cli","Test":"TestFsck_RegisteredInAllAndNotAHook"}
{"Time":"2026-09-21T12:35:33.0519226-04:00","Action":"run","Package":"github.com/qompack/qompack/internal/cli","Test":"TestFsck_TableModeWritesAReadableSummary"}
{"Time":"2026-09-21T12:35:33.0519226-04:00","Action":"output","Package":"github.com/qompack/qompack/internal/cli","Test":"TestFsck_TableModeWritesAReadableSummary","Output":"=== RUN   TestFsck_TableModeWritesAReadableSummary\n"}
{"Time":"2026-09-21T12:35:33.0519226-04:00","Action":"output","Package":"github.com/qompack/qompack/internal/cli","Test":"TestFsck_TableModeWritesAReadableSummary","Output":"=== PAUSE TestFsck_TableModeWritesAReadableSummary\n"}
{"Time":"2026-09-21T12:35:33.0519226-04:00","Action":"pause","Package":"github.com/qompack/qompack/internal/cli","Test":"TestFsck_TableModeWritesAReadableSummary"}
{"Time":"2026-09-21T12:35:33.0519226-04:00","Action":"run","Package":"github.com/qompack/qompack/internal/cli","Test":"TestFsck_RepairQuarantinesAFailingObjectAndRebuildsTheFilter"}
{"Time":"2026-09-21T12:35:33.0519226-04:00","Action":"output","Package":"github.com/qompack/qompack/internal/cli","Test":"TestFsck_RepairQuarantinesAFailingObjectAndRebuildsTheFilter","Output":"=== RUN   TestFsck_RepairQuarantinesAFailingObjectAndRebuildsTheFilter\n"}
{"Time":"2026-09-21T12:35:33.2416976-04:00","Action":"output","Package":"github.com/qompack/qompack/internal/cli","Test":"TestFsck_RepairQuarantinesAFailingObjectAndRebuildsTheFilter","Output":"--- PASS: TestFsck_RepairQuarantinesAFailingObjectAndRebuildsTheFilter (0.19s)\n"}
{"Time":"2026-09-21T12:35:33.2416976-04:00","Action":"pass","Package":"github.com/qompack/qompack/internal/cli","Test":"TestFsck_RepairQuarantinesAFailingObjectAndRebuildsTheFilter","Elapsed":0.19}
{"Time":"2026-09-21T12:35:33.2422284-04:00","Action":"run","Package":"github.com/qompack/qompack/internal/cli","Test":"TestFsck_AndDoctor_CreateNothingOnAnyProjectShape"}
{"Time":"2026-09-21T12:35:33.2422284-04:00","Action":"output","Package":"github.com/qompack/qompack/internal/cli","Test":"TestFsck_AndDoctor_CreateNothingOnAnyProjectShape","Output":"=== RUN   TestFsck_AndDoctor_CreateNothingOnAnyProjectShape\n"}
{"Time":"2026-09-21T12:35:33.2422284-04:00","Action":"output","Package":"github.com/qompack/qompack/internal/cli","Test":"TestFsck_AndDoctor_CreateNothingOnAnyProjectShape","Output":"=== PAUSE TestFsck_AndDoctor_CreateNothingOnAnyProjectShape\n"}
{"Time":"2026-09-21T12:35:33.2422284-04:00","Action":"pause","Package":"github.com/qompack/qompack/internal/cli","Test":"TestFsck_AndDoctor_CreateNothingOnAnyProjectShape"}
{"Time":"2026-09-21T12:35:33.2422284-04:00","Action":"run","Package":"github.com/qompack/qompack/internal/cli","Test":"TestFsck_ReportsEveryDanglingReferenceClass"}
{"Time":"2026-09-21T12:35:33.2422284-04:00","Action":"output","Package":"github.com/qompack/qompack/internal/cli","Test":"TestFsck_ReportsEveryDanglingReferenceClass","Output":"=== RUN   TestFsck_ReportsEveryDanglingReferenceClass\n"}
{"Time":"2026-09-21T12:35:33.2422284-04:00","Action":"output","Package":"github.com/qompack/qompack/internal/cli","Test":"TestFsck_ReportsEveryDanglingReferenceClass","Output":"=== PAUSE TestFsck_ReportsEveryDanglingReferenceClass\n"}
{"Time":"2026-09-21T12:35:33.2422284-04:00","Action":"pause","Package":"github.com/qompack/qompack/internal/cli","Test":"TestFsck_ReportsEveryDanglingReferenceClass"}
{"Time":"2026-09-21T12:35:33.2422284-04:00","Action":"run","Package":"github.com/qompack/qompack/internal/cli","Test":"TestFsck_ReportsADanglingDeltaPointer"}
{"Time":"2026-09-21T12:35:33.2422284-04:00","Action":"output","Package":"github.com/qompack/qompack/internal/cli","Test":"TestFsck_ReportsADanglingDeltaPointer","Output":"=== RUN   TestFsck_ReportsADanglingDeltaPointer\n"}
{"Time":"2026-09-21T12:35:33.2422284-04:00","Action":"output","Package":"github.com/qompack/qompack/internal/cli","Test":"TestFsck_ReportsADanglingDeltaPointer","Output":"=== PAUSE TestFsck_ReportsADanglingDeltaPointer\n"}
{"Time":"2026-09-21T12:35:33.2422284-04:00","Action":"pause","Package":"github.com/qompack/qompack/internal/cli","Test":"TestFsck_ReportsADanglingDeltaPointer"}
{"Time":"2026-09-21T12:35:33.2422284-04:00","Action":"run","Package":"github.com/qompack/qompack/internal/cli","Test":"TestFsck_AnUnreadableArtifactIsAReportedRow"}
{"Time":"2026-09-21T12:35:33.2422284-04:00","Action":"output","Package":"github.com/qompack/qompack/internal/cli","Test":"TestFsck_AnUnreadableArtifactIsAReportedRow","Output":"=== RUN   TestFsck_AnUnreadableArtifactIsAReportedRow\n"}
{"Time":"2026-09-21T12:35:33.2422284-04:00","Action":"output","Package":"github.com/qompack/qompack/internal/cli","Test":"TestFsck_AnUnreadableArtifactIsAReportedRow","Output":"=== PAUSE TestFsck_AnUnreadableArtifactIsAReportedRow\n"}
{"Time":"2026-09-21T12:35:33.2422284-04:00","Action":"pause","Package":"github.com/qompack/qompack/internal/cli","Test":"TestFsck_AnUnreadableArtifactIsAReportedRow"}
{"Time":"2026-09-21T12:35:33.2422284-04:00","Action":"run","Package":"github.com/qompack/qompack/internal/cli","Test":"TestFsck_TheDefaultRunNeverTakesTheDaemonLock"}
{"Time":"2026-09-21T12:35:33.2422284-04:00","Action":"output","Package":"github.com/qompack/qompack/internal/cli","Test":"TestFsck_TheDefaultRunNeverTakesTheDaemonLock","Output":"=== RUN   TestFsck_TheDefaultRunNeverTakesTheDaemonLock\n"}
{"Time":"2026-09-21T12:35:33.3363749-04:00","Action":"output","Package":"github.com/qompack/qompack/internal/cli","Test":"TestFsck_TheDefaultRunNeverTakesTheDaemonLock","Output":"--- PASS: TestFsck_TheDefaultRunNeverTakesTheDaemonLock (0.09s)\n"}
{"Time":"2026-09-21T12:35:33.3363749-04:00","Action":"pass","Package":"github.com/qompack/qompack/internal/cli","Test":"TestFsck_TheDefaultRunNeverTakesTheDaemonLock","Elapsed":0.09}
{"Time":"2026-09-21T12:35:33.3363749-04:00","Action":"run","Package":"github.com/qompack/qompack/internal/cli","Test":"TestFsck_SealCheckIsNotReportedReadOnly"}
{"Time":"2026-09-21T12:35:33.3363749-04:00","Action":"output","Package":"github.com/qompack/qompack/internal/cli","Test":"TestFsck_SealCheckIsNotReportedReadOnly","Output":"=== RUN   TestFsck_SealCheckIsNotReportedReadOnly\n"}
{"Time":"2026-09-21T12:35:33.4622802-04:00","Action":"output","Package":"github.com/qompack/qompack/internal/cli","Test":"TestFsck_SealCheckIsNotReportedReadOnly","Output":"--- PASS: TestFsck_SealCheckIsNotReportedReadOnly (0.13s)\n"}
{"Time":"2026-09-21T12:35:33.4622802-04:00","Action":"pass","Package":"github.com/qompack/qompack/internal/cli","Test":"TestFsck_SealCheckIsNotReportedReadOnly","Elapsed":0.13}
{"Time":"2026-09-21T12:35:33.4622802-04:00","Action":"run","Package":"github.com/qompack/qompack/internal/cli","Test":"TestFsck_SealCheckAndRepairAreMutuallyExclusive"}
{"Time":"2026-09-21T12:35:33.4622802-04:00","Action":"output","Package":"github.com/qompack/qompack/internal/cli","Test":"TestFsck_SealCheckAndRepairAreMutuallyExclusive","Output":"=== RUN   TestFsck_SealCheckAndRepairAreMutuallyExclusive\n"}
{"Time":"2026-09-21T12:35:33.4622802-04:00","Action":"output","Package":"github.com/qompack/qompack/internal/cli","Test":"TestFsck_SealCheckAndRepairAreMutuallyExclusive","Output":"=== PAUSE TestFsck_SealCheckAndRepairAreMutuallyExclusive\n"}
{"Time":"2026-09-21T12:35:33.4622802-04:00","Action":"pause","Package":"github.com/qompack/qompack/internal/cli","Test":"TestFsck_SealCheckAndRepairAreMutuallyExclusive"}
{"Time":"2026-09-21T12:35:33.4622802-04:00","Action":"run","Package":"github.com/qompack/qompack/internal/cli","Test":"TestFsck_RepairOnACleanProjectWritesNothing"}
{"Time":"2026-09-21T12:35:33.4622802-04:00","Action":"output","Package":"github.com/qompack/qompack/internal/cli","Test":"TestFsck_RepairOnACleanProjectWritesNothing","Output":"=== RUN   TestFsck_RepairOnACleanProjectWritesNothing\n"}
{"Time":"2026-09-21T12:35:33.5798606-04:00","Action":"output","Package":"github.com/qompack/qompack/internal/cli","Test":"TestFsck_RepairOnACleanProjectWritesNothing","Output":"--- PASS: TestFsck_RepairOnACleanProjectWritesNothing (0.12s)\n"}
{"Time":"2026-09-21T12:35:33.5798606-04:00","Action":"pass","Package":"github.com/qompack/qompack/internal/cli","Test":"TestFsck_RepairOnACleanProjectWritesNothing","Elapsed":0.12}
{"Time":"2026-09-21T12:35:33.5798606-04:00","Action":"run","Package":"github.com/qompack/qompack/internal/cli","Test":"TestFsck_TheObjectSizeLimitIsTheStoresOwn"}
{"Time":"2026-09-21T12:35:33.5798606-04:00","Action":"output","Package":"github.com/qompack/qompack/internal/cli","Test":"TestFsck_TheObjectSizeLimitIsTheStoresOwn","Output":"=== RUN   TestFsck_TheObjectSizeLimitIsTheStoresOwn\n"}
{"Time":"2026-09-21T12:35:33.5798606-04:00","Action":"output","Package":"github.com/qompack/qompack/internal/cli","Test":"TestFsck_TheObjectSizeLimitIsTheStoresOwn","Output":"=== PAUSE TestFsck_TheObjectSizeLimitIsTheStoresOwn\n"}
{"Time":"2026-09-21T12:35:33.5798606-04:00","Action":"pause","Package":"github.com/qompack/qompack/internal/cli","Test":"TestFsck_TheObjectSizeLimitIsTheStoresOwn"}
{"Time":"2026-09-21T12:35:33.5798606-04:00","Action":"cont","Package":"github.com/qompack/qompack/internal/cli","Test":"TestFsck_CleanProjectFindsNoDefect"}
{"Time":"2026-09-21T12:35:33.5798606-04:00","Action":"output","Package":"github.com/qompack/qompack/internal/cli","Test":"TestFsck_CleanProjectFindsNoDefect","Output":"=== CONT  TestFsck_CleanProjectFindsNoDefect\n"}
{"Time":"2026-09-21T12:35:33.5798606-04:00","Action":"cont","Package":"github.com/qompack/qompack/internal/cli","Test":"TestFsck_TableModeWritesAReadableSummary"}
{"Time":"2026-09-21T12:35:33.5798606-04:00","Action":"output","Package":"github.com/qompack/qompack/internal/cli","Test":"TestFsck_TableModeWritesAReadableSummary","Output":"=== CONT  TestFsck_TableModeWritesAReadableSummary\n"}
{"Time":"2026-09-21T12:35:33.7287369-04:00","Action":"output","Package":"github.com/qompack/qompack/internal/cli","Test":"TestFsck_CleanProjectFindsNoDefect","Output":"--- PASS: TestFsck_CleanProjectFindsNoDefect (0.15s)\n"}
{"Time":"2026-09-21T12:35:33.7287369-04:00","Action":"pass","Package":"github.com/qompack/qompack/internal/cli","Test":"TestFsck_CleanProjectFindsNoDefect","Elapsed":0.15}
{"Time":"2026-09-21T12:35:33.7287369-04:00","Action":"cont","Package":"github.com/qompack/qompack/internal/cli","Test":"TestFsck_RegisteredInAllAndNotAHook"}
{"Time":"2026-09-21T12:35:33.7287369-04:00","Action":"output","Package":"github.com/qompack/qompack/internal/cli","Test":"TestFsck_RegisteredInAllAndNotAHook","Output":"=== CONT  TestFsck_RegisteredInAllAndNotAHook\n"}
{"Time":"2026-09-21T12:35:33.7287369-04:00","Action":"output","Package":"github.com/qompack/qompack/internal/cli","Test":"TestFsck_RegisteredInAllAndNotAHook","Output":"--- PASS: TestFsck_RegisteredInAllAndNotAHook (0.00s)\n"}
{"Time":"2026-09-21T12:35:33.7287369-04:00","Action":"pass","Package":"github.com/qompack/qompack/internal/cli","Test":"TestFsck_RegisteredInAllAndNotAHook","Elapsed":0}
{"Time":"2026-09-21T12:35:33.7287369-04:00","Action":"cont","Package":"github.com/qompack/qompack/internal/cli","Test":"TestFsck_CanonicalStaysCanonicalInTheFidelitySummary"}
{"Time":"2026-09-21T12:35:33.7287369-04:00","Action":"output","Package":"github.com/qompack/qompack/internal/cli","Test":"TestFsck_CanonicalStaysCanonicalInTheFidelitySummary","Output":"=== CONT  TestFsck_CanonicalStaysCanonicalInTheFidelitySummary\n"}
{"Time":"2026-09-21T12:35:33.7441262-04:00","Action":"output","Package":"github.com/qompack/qompack/internal/cli","Test":"TestFsck_TableModeWritesAReadableSummary","Output":"--- PASS: TestFsck_TableModeWritesAReadableSummary (0.16s)\n"}
{"Time":"2026-09-21T12:35:33.7441262-04:00","Action":"pass","Package":"github.com/qompack/qompack/internal/cli","Test":"TestFsck_TableModeWritesAReadableSummary","Elapsed":0.16}
{"Time":"2026-09-21T12:35:33.7441262-04:00","Action":"cont","Package":"github.com/qompack/qompack/internal/cli","Test":"TestFsck_ANewerCheckpointSchemaIsNotCorrupt"}
{"Time":"2026-09-21T12:35:33.7441262-04:00","Action":"output","Package":"github.com/qompack/qompack/internal/cli","Test":"TestFsck_ANewerCheckpointSchemaIsNotCorrupt","Output":"=== CONT  TestFsck_ANewerCheckpointSchemaIsNotCorrupt\n"}
{"Time":"2026-09-21T12:35:33.8482331-04:00","Action":"output","Package":"github.com/qompack/qompack/internal/cli","Test":"TestFsck_CanonicalStaysCanonicalInTheFidelitySummary","Output":"--- PASS: TestFsck_CanonicalStaysCanonicalInTheFidelitySummary (0.12s)\n"}
{"Time":"2026-09-21T12:35:33.8482331-04:00","Action":"pass","Package":"github.com/qompack/qompack/internal/cli","Test":"TestFsck_CanonicalStaysCanonicalInTheFidelitySummary","Elapsed":0.12}
{"Time":"2026-09-21T12:35:33.8487624-04:00","Action":"cont","Package":"github.com/qompack/qompack/internal/cli","Test":"TestFsck_UnreadableFilesViewIsNamedAsTheViewNotTheLog"}
{"Time":"2026-09-21T12:35:33.8487624-04:00","Action":"output","Package":"github.com/qompack/qompack/internal/cli","Test":"TestFsck_UnreadableFilesViewIsNamedAsTheViewNotTheLog","Output":"=== CONT  TestFsck_UnreadableFilesViewIsNamedAsTheViewNotTheLog\n"}
{"Time":"2026-09-21T12:35:33.9072139-04:00","Action":"output","Package":"github.com/qompack/qompack/internal/cli","Test":"TestFsck_ANewerCheckpointSchemaIsNotCorrupt","Output":"--- PASS: TestFsck_ANewerCheckpointSchemaIsNotCorrupt (0.16s)\n"}
{"Time":"2026-09-21T12:35:33.9072139-04:00","Action":"pass","Package":"github.com/qompack/qompack/internal/cli","Test":"TestFsck_ANewerCheckpointSchemaIsNotCorrupt","Elapsed":0.16}
{"Time":"2026-09-21T12:35:33.9072139-04:00","Action":"cont","Package":"github.com/qompack/qompack/internal/cli","Test":"TestFsck_ReportsEachSeededDefectAndRepairsNone"}
{"Time":"2026-09-21T12:35:33.9072139-04:00","Action":"output","Package":"github.com/qompack/qompack/internal/cli","Test":"TestFsck_ReportsEachSeededDefectAndRepairsNone","Output":"=== CONT  TestFsck_ReportsEachSeededDefectAndRepairsNone\n"}
{"Time":"2026-09-21T12:35:33.9072139-04:00","Action":"run","Package":"github.com/qompack/qompack/internal/cli","Test":"TestFsck_ReportsEachSeededDefectAndRepairsNone/an_object_whose_compressed_frame_fails_its_CRC"}
{"Time":"2026-09-21T12:35:33.9072139-04:00","Action":"output","Package":"github.com/qompack/qompack/internal/cli","Test":"TestFsck_ReportsEachSeededDefectAndRepairsNone/an_object_whose_compressed_frame_fails_its_CRC","Output":"=== RUN   TestFsck_ReportsEachSeededDefectAndRepairsNone/an_object_whose_compressed_frame_fails_its_CRC\n"}
{"Time":"2026-09-21T12:35:33.9072139-04:00","Action":"output","Package":"github.com/qompack/qompack/internal/cli","Test":"TestFsck_ReportsEachSeededDefectAndRepairsNone/an_object_whose_compressed_frame_fails_its_CRC","Output":"=== PAUSE TestFsck_ReportsEachSeededDefectAndRepairsNone/an_object_whose_compressed_frame_fails_its_CRC\n"}
{"Time":"2026-09-21T12:35:33.9072139-04:00","Action":"pause","Package":"github.com/qompack/qompack/internal/cli","Test":"TestFsck_ReportsEachSeededDefectAndRepairsNone/an_object_whose_compressed_frame_fails_its_CRC"}
{"Time":"2026-09-21T12:35:33.9072139-04:00","Action":"run","Package":"github.com/qompack/qompack/internal/cli","Test":"TestFsck_ReportsEachSeededDefectAndRepairsNone/an_object_that_decodes_cleanly_to_content_that_is_not_its_own_name"}
{"Time":"2026-09-21T12:35:33.9072139-04:00","Action":"output","Package":"github.com/qompack/qompack/internal/cli","Test":"TestFsck_ReportsEachSeededDefectAndRepairsNone/an_object_that_decodes_cleanly_to_content_that_is_not_its_own_name","Output":"=== RUN   TestFsck_ReportsEachSeededDefectAndRepairsNone/an_object_that_decodes_cleanly_to_content_that_is_not_its_own_name\n"}
{"Time":"2026-09-21T12:35:33.9072139-04:00","Action":"output","Package":"github.com/qompack/qompack/internal/cli","Test":"TestFsck_ReportsEachSeededDefectAndRepairsNone/an_object_that_decodes_cleanly_to_content_that_is_not_its_own_name","Output":"=== PAUSE TestFsck_ReportsEachSeededDefectAndRepairsNone/an_object_that_decodes_cleanly_to_content_that_is_not_its_own_name\n"}
{"Time":"2026-09-21T12:35:33.9072139-04:00","Action":"pause","Package":"github.com/qompack/qompack/internal/cli","Test":"TestFsck_ReportsEachSeededDefectAndRepairsNone/an_object_that_decodes_cleanly_to_content_that_is_not_its_own_name"}
{"Time":"2026-09-21T12:35:33.9072139-04:00","Action":"run","Package":"github.com/qompack/qompack/internal/cli","Test":"TestFsck_ReportsEachSeededDefectAndRepairsNone/a_roots.jsonl_line_that_does_not_parse"}
{"Time":"2026-09-21T12:35:33.9072139-04:00","Action":"output","Package":"github.com/qompack/qompack/internal/cli","Test":"TestFsck_ReportsEachSeededDefectAndRepairsNone/a_roots.jsonl_line_that_does_not_parse","Output":"=== RUN   TestFsck_ReportsEachSeededDefectAndRepairsNone/a_roots.jsonl_line_that_does_not_parse\n"}
{"Time":"2026-09-21T12:35:33.9072139-04:00","Action":"output","Package":"github.com/qompack/qompack/internal/cli","Test":"TestFsck_ReportsEachSeededDefectAndRepairsNone/a_roots.jsonl_line_that_does_not_parse","Output":"=== PAUSE TestFsck_ReportsEachSeededDefectAndRepairsNone/a_roots.jsonl_line_that_does_not_parse\n"}
{"Time":"2026-09-21T12:35:33.9072139-04:00","Action":"pause","Package":"github.com/qompack/qompack/internal/cli","Test":"TestFsck_ReportsEachSeededDefectAndRepairsNone/a_roots.jsonl_line_that_does_not_parse"}
{"Time":"2026-09-21T12:35:33.9072139-04:00","Action":"run","Package":"github.com/qompack/qompack/internal/cli","Test":"TestFsck_ReportsEachSeededDefectAndRepairsNone/a_roots.jsonl_record_version_this_build_does_not_know"}
{"Time":"2026-09-21T12:35:33.9072139-04:00","Action":"output","Package":"github.com/qompack/qompack/internal/cli","Test":"TestFsck_ReportsEachSeededDefectAndRepairsNone/a_roots.jsonl_record_version_this_build_does_not_know","Output":"=== RUN   TestFsck_ReportsEachSeededDefectAndRepairsNone/a_roots.jsonl_record_version_this_build_does_not_know\n"}
{"Time":"2026-09-21T12:35:33.9072139-04:00","Action":"output","Package":"github.com/qompack/qompack/internal/cli","Test":"TestFsck_ReportsEachSeededDefectAndRepairsNone/a_roots.jsonl_record_version_this_build_does_not_know","Output":"=== PAUSE TestFsck_ReportsEachSeededDefectAndRepairsNone/a_roots.jsonl_record_version_this_build_does_not_know\n"}
{"Time":"2026-09-21T12:35:33.9072139-04:00","Action":"pause","Package":"github.com/qompack/qompack/internal/cli","Test":"TestFsck_ReportsEachSeededDefectAndRepairsNone/a_roots.jsonl_record_version_this_build_does_not_know"}
{"Time":"2026-09-21T12:35:33.9072139-04:00","Action":"run","Package":"github.com/qompack/qompack/internal/cli","Test":"TestFsck_ReportsEachSeededDefectAndRepairsNone/a_roots.jsonl_op_this_build_does_not_know"}
{"Time":"2026-09-21T12:35:33.9072139-04:00","Action":"output","Package":"github.com/qompack/qompack/internal/cli","Test":"TestFsck_ReportsEachSeededDefectAndRepairsNone/a_roots.jsonl_op_this_build_does_not_know","Output":"=== RUN   TestFsck_ReportsEachSeededDefectAndRepairsNone/a_roots.jsonl_op_this_build_does_not_know\n"}
{"Time":"2026-09-21T12:35:33.9072139-04:00","Action":"output","Package":"github.com/qompack/qompack/internal/cli","Test":"TestFsck_ReportsEachSeededDefectAndRepairsNone/a_roots.jsonl_op_this_build_does_not_know","Output":"=== PAUSE TestFsck_ReportsEachSeededDefectAndRepairsNone/a_roots.jsonl_op_this_build_does_not_know\n"}
{"Time":"2026-09-21T12:35:33.9072139-04:00","Action":"pause","Package":"github.com/qompack/qompack/internal/cli","Test":"TestFsck_ReportsEachSeededDefectAndRepairsNone/a_roots.jsonl_op_this_build_does_not_know"}
{"Time":"2026-09-21T12:35:33.9072139-04:00","Action":"run","Package":"github.com/qompack/qompack/internal/cli","Test":"TestFsck_ReportsEachSeededDefectAndRepairsNone/a_tool_use.jsonl_line_that_does_not_parse"}
{"Time":"2026-09-21T12:35:33.9072139-04:00","Action":"output","Package":"github.com/qompack/qompack/internal/cli","Test":"TestFsck_ReportsEachSeededDefectAndRepairsNone/a_tool_use.jsonl_line_that_does_not_parse","Output":"=== RUN   TestFsck_ReportsEachSeededDefectAndRepairsNone/a_tool_use.jsonl_line_that_does_not_parse\n"}
{"Time":"2026-09-21T12:35:33.9072139-04:00","Action":"output","Package":"github.com/qompack/qompack/internal/cli","Test":"TestFsck_ReportsEachSeededDefectAndRepairsNone/a_tool_use.jsonl_line_that_does_not_parse","Output":"=== PAUSE TestFsck_ReportsEachSeededDefectAndRepairsNone/a_tool_use.jsonl_line_that_does_not_parse\n"}
{"Time":"2026-09-21T12:35:33.9072139-04:00","Action":"pause","Package":"github.com/qompack/qompack/internal/cli","Test":"TestFsck_ReportsEachSeededDefectAndRepairsNone/a_tool_use.jsonl_line_that_does_not_parse"}
{"Time":"2026-09-21T12:35:33.9072139-04:00","Action":"run","Package":"github.com/qompack/qompack/internal/cli","Test":"TestFsck_ReportsEachSeededDefectAndRepairsNone/an_encode_record_naming_a_checkpoint_seq_the_manifest_never_recorded"}
{"Time":"2026-09-21T12:35:33.9072139-04:00","Action":"output","Package":"github.com/qompack/qompack/internal/cli","Test":"TestFsck_ReportsEachSeededDefectAndRepairsNone/an_encode_record_naming_a_checkpoint_seq_the_manifest_never_recorded","Output":"=== RUN   TestFsck_ReportsEachSeededDefectAndRepairsNone/an_encode_record_naming_a_checkpoint_seq_the_manifest_never_recorded\n"}
{"Time":"2026-09-21T12:35:33.9072139-04:00","Action":"output","Package":"github.com/qompack/qompack/internal/cli","Test":"TestFsck_ReportsEachSeededDefectAndRepairsNone/an_encode_record_naming_a_checkpoint_seq_the_manifest_never_recorded","Output":"=== PAUSE TestFsck_ReportsEachSeededDefectAndRepairsNone/an_encode_record_naming_a_checkpoint_seq_the_manifest_never_recorded\n"}
{"Time":"2026-09-21T12:35:33.9072139-04:00","Action":"pause","Package":"github.com/qompack/qompack/internal/cli","Test":"TestFsck_ReportsEachSeededDefectAndRepairsNone/an_encode_record_naming_a_checkpoint_seq_the_manifest_never_recorded"}
{"Time":"2026-09-21T12:35:33.9072139-04:00","Action":"run","Package":"github.com/qompack/qompack/internal/cli","Test":"TestFsck_ReportsEachSeededDefectAndRepairsNone/a_capture_sidecar_left_at_stage_one"}
{"Time":"2026-09-21T12:35:33.9072139-04:00","Action":"output","Package":"github.com/qompack/qompack/internal/cli","Test":"TestFsck_ReportsEachSeededDefectAndRepairsNone/a_capture_sidecar_left_at_stage_one","Output":"=== RUN   TestFsck_ReportsEachSeededDefectAndRepairsNone/a_capture_sidecar_left_at_stage_one\n"}
{"Time":"2026-09-21T12:35:33.9072139-04:00","Action":"output","Package":"github.com/qompack/qompack/internal/cli","Test":"TestFsck_ReportsEachSeededDefectAndRepairsNone/a_capture_sidecar_left_at_stage_one","Output":"=== PAUSE TestFsck_ReportsEachSeededDefectAndRepairsNone/a_capture_sidecar_left_at_stage_one\n"}
{"Time":"2026-09-21T12:35:33.9072139-04:00","Action":"pause","Package":"github.com/qompack/qompack/internal/cli","Test":"TestFsck_ReportsEachSeededDefectAndRepairsNone/a_capture_sidecar_left_at_stage_one"}
{"Time":"2026-09-21T12:35:33.9072139-04:00","Action":"run","Package":"github.com/qompack/qompack/internal/cli","Test":"TestFsck_ReportsEachSeededDefectAndRepairsNone/a_checkpoint_artifact_that_no_longer_matches_its_manifest_digest"}
{"Time":"2026-09-21T12:35:33.9072139-04:00","Action":"output","Package":"github.com/qompack/qompack/internal/cli","Test":"TestFsck_ReportsEachSeededDefectAndRepairsNone/a_checkpoint_artifact_that_no_longer_matches_its_manifest_digest","Output":"=== RUN   TestFsck_ReportsEachSeededDefectAndRepairsNone/a_checkpoint_artifact_that_no_longer_matches_its_manifest_digest\n"}
{"Time":"2026-09-21T12:35:33.9072139-04:00","Action":"output","Package":"github.com/qompack/qompack/internal/cli","Test":"TestFsck_ReportsEachSeededDefectAndRepairsNone/a_checkpoint_artifact_that_no_longer_matches_its_manifest_digest","Output":"=== PAUSE TestFsck_ReportsEachSeededDefectAndRepairsNone/a_checkpoint_artifact_that_no_longer_matches_its_manifest_digest\n"}
{"Time":"2026-09-21T12:35:33.9072139-04:00","Action":"pause","Package":"github.com/qompack/qompack/internal/cli","Test":"TestFsck_ReportsEachSeededDefectAndRepairsNone/a_checkpoint_artifact_that_no_longer_matches_its_manifest_digest"}
{"Time":"2026-09-21T12:35:33.9072139-04:00","Action":"run","Package":"github.com/qompack/qompack/internal/cli","Test":"TestFsck_ReportsEachSeededDefectAndRepairsNone/a_checkpoint_artifact_with_no_manifest_line"}
{"Time":"2026-09-21T12:35:33.9072139-04:00","Action":"output","Package":"github.com/qompack/qompack/internal/cli","Test":"TestFsck_ReportsEachSeededDefectAndRepairsNone/a_checkpoint_artifact_with_no_manifest_line","Output":"=== RUN   TestFsck_ReportsEachSeededDefectAndRepairsNone/a_checkpoint_artifact_with_no_manifest_line\n"}
{"Time":"2026-09-21T12:35:33.9072139-04:00","Action":"output","Package":"github.com/qompack/qompack/internal/cli","Test":"TestFsck_ReportsEachSeededDefectAndRepairsNone/a_checkpoint_artifact_with_no_manifest_line","Output":"=== PAUSE TestFsck_ReportsEachSeededDefectAndRepairsNone/a_checkpoint_artifact_with_no_manifest_line\n"}
{"Time":"2026-09-21T12:35:33.9072139-04:00","Action":"pause","Package":"github.com/qompack/qompack/internal/cli","Test":"TestFsck_ReportsEachSeededDefectAndRepairsNone/a_checkpoint_artifact_with_no_manifest_line"}
{"Time":"2026-09-21T12:35:33.9072139-04:00","Action":"run","Package":"github.com/qompack/qompack/internal/cli","Test":"TestFsck_ReportsEachSeededDefectAndRepairsNone/a_pins_tombstone_naming_an_add_nobody_recorded"}
{"Time":"2026-09-21T12:35:33.9072139-04:00","Action":"output","Package":"github.com/qompack/qompack/internal/cli","Test":"TestFsck_ReportsEachSeededDefectAndRepairsNone/a_pins_tombstone_naming_an_add_nobody_recorded","Output":"=== RUN   TestFsck_ReportsEachSeededDefectAndRepairsNone/a_pins_tombstone_naming_an_add_nobody_recorded\n"}
{"Time":"2026-09-21T12:35:33.9072139-04:00","Action":"output","Package":"github.com/qompack/qompack/internal/cli","Test":"TestFsck_ReportsEachSeededDefectAndRepairsNone/a_pins_tombstone_naming_an_add_nobody_recorded","Output":"=== PAUSE TestFsck_ReportsEachSeededDefectAndRepairsNone/a_pins_tombstone_naming_an_add_nobody_recorded\n"}
{"Time":"2026-09-21T12:35:33.9072139-04:00","Action":"pause","Package":"github.com/qompack/qompack/internal/cli","Test":"TestFsck_ReportsEachSeededDefectAndRepairsNone/a_pins_tombstone_naming_an_add_nobody_recorded"}
{"Time":"2026-09-21T12:35:33.9072139-04:00","Action":"run","Package":"github.com/qompack/qompack/internal/cli","Test":"TestFsck_ReportsEachSeededDefectAndRepairsNone/a_retention_root_naming_bytes_nothing_holds"}
{"Time":"2026-09-21T12:35:33.9072139-04:00","Action":"output","Package":"github.com/qompack/qompack/internal/cli","Test":"TestFsck_ReportsEachSeededDefectAndRepairsNone/a_retention_root_naming_bytes_nothing_holds","Output":"=== RUN   TestFsck_ReportsEachSeededDefectAndRepairsNone/a_retention_root_naming_bytes_nothing_holds\n"}
{"Time":"2026-09-21T12:35:33.9072139-04:00","Action":"output","Package":"github.com/qompack/qompack/internal/cli","Test":"TestFsck_ReportsEachSeededDefectAndRepairsNone/a_retention_root_naming_bytes_nothing_holds","Output":"=== PAUSE TestFsck_ReportsEachSeededDefectAndRepairsNone/a_retention_root_naming_bytes_nothing_holds\n"}
{"Time":"2026-09-21T12:35:33.9072139-04:00","Action":"pause","Package":"github.com/qompack/qompack/internal/cli","Test":"TestFsck_ReportsEachSeededDefectAndRepairsNone/a_retention_root_naming_bytes_nothing_holds"}
{"Time":"2026-09-21T12:35:33.9072139-04:00","Action":"run","Package":"github.com/qompack/qompack/internal/cli","Test":"TestFsck_ReportsEachSeededDefectAndRepairsNone/a_drain_record_whose_offset_is_past_its_size"}
{"Time":"2026-09-21T12:35:33.9072139-04:00","Action":"output","Package":"github.com/qompack/qompack/internal/cli","Test":"TestFsck_ReportsEachSeededDefectAndRepairsNone/a_drain_record_whose_offset_is_past_its_size","Output":"=== RUN   TestFsck_ReportsEachSeededDefectAndRepairsNone/a_drain_record_whose_offset_is_past_its_size\n"}
{"Time":"2026-09-21T12:35:33.9072139-04:00","Action":"output","Package":"github.com/qompack/qompack/internal/cli","Test":"TestFsck_ReportsEachSeededDefectAndRepairsNone/a_drain_record_whose_offset_is_past_its_size","Output":"=== PAUSE TestFsck_ReportsEachSeededDefectAndRepairsNone/a_drain_record_whose_offset_is_past_its_size\n"}
{"Time":"2026-09-21T12:35:33.9072139-04:00","Action":"pause","Package":"github.com/qompack/qompack/internal/cli","Test":"TestFsck_ReportsEachSeededDefectAndRepairsNone/a_drain_record_whose_offset_is_past_its_size"}
{"Time":"2026-09-21T12:35:33.9072139-04:00","Action":"run","Package":"github.com/qompack/qompack/internal/cli","Test":"TestFsck_ReportsEachSeededDefectAndRepairsNone/a_delivery_journal_line_that_does_not_parse"}
{"Time":"2026-09-21T12:35:33.9072139-04:00","Action":"output","Package":"github.com/qompack/qompack/internal/cli","Test":"TestFsck_ReportsEachSeededDefectAndRepairsNone/a_delivery_journal_line_that_does_not_parse","Output":"=== RUN   TestFsck_ReportsEachSeededDefectAndRepairsNone/a_delivery_journal_line_that_does_not_parse\n"}
{"Time":"2026-09-21T12:35:33.9072139-04:00","Action":"output","Package":"github.com/qompack/qompack/internal/cli","Test":"TestFsck_ReportsEachSeededDefectAndRepairsNone/a_delivery_journal_line_that_does_not_parse","Output":"=== PAUSE TestFsck_ReportsEachSeededDefectAndRepairsNone/a_delivery_journal_line_that_does_not_parse\n"}
{"Time":"2026-09-21T12:35:33.9072139-04:00","Action":"pause","Package":"github.com/qompack/qompack/internal/cli","Test":"TestFsck_ReportsEachSeededDefectAndRepairsNone/a_delivery_journal_line_that_does_not_parse"}
{"Time":"2026-09-21T12:35:33.9072139-04:00","Action":"run","Package":"github.com/qompack/qompack/internal/cli","Test":"TestFsck_ReportsEachSeededDefectAndRepairsNone/a_backup_file_that_drifted_from_its_manifest"}
{"Time":"2026-09-21T12:35:33.9072139-04:00","Action":"output","Package":"github.com/qompack/qompack/internal/cli","Test":"TestFsck_ReportsEachSeededDefectAndRepairsNone/a_backup_file_that_drifted_from_its_manifest","Output":"=== RUN   TestFsck_ReportsEachSeededDefectAndRepairsNone/a_backup_file_that_drifted_from_its_manifest\n"}
{"Time":"2026-09-21T12:35:33.9072139-04:00","Action":"output","Package":"github.com/qompack/qompack/internal/cli","Test":"TestFsck_ReportsEachSeededDefectAndRepairsNone/a_backup_file_that_drifted_from_its_manifest","Output":"=== PAUSE TestFsck_ReportsEachSeededDefectAndRepairsNone/a_backup_file_that_drifted_from_its_manifest\n"}
{"Time":"2026-09-21T12:35:33.9072139-04:00","Action":"pause","Package":"github.com/qompack/qompack/internal/cli","Test":"TestFsck_ReportsEachSeededDefectAndRepairsNone/a_backup_file_that_drifted_from_its_manifest"}
{"Time":"2026-09-21T12:35:33.9072139-04:00","Action":"cont","Package":"github.com/qompack/qompack/internal/cli","Test":"TestFsck_RepairWithoutYesIsAUsageError"}
{"Time":"2026-09-21T12:35:33.9072139-04:00","Action":"output","Package":"github.com/qompack/qompack/internal/cli","Test":"TestFsck_RepairWithoutYesIsAUsageError","Output":"=== CONT  TestFsck_RepairWithoutYesIsAUsageError\n"}
{"Time":"2026-09-21T12:35:33.9462188-04:00","Action":"output","Package":"github.com/qompack/qompack/internal/cli","Test":"TestFsck_UnreadableFilesViewIsNamedAsTheViewNotTheLog","Output":"--- PASS: TestFsck_UnreadableFilesViewIsNamedAsTheViewNotTheLog (0.10s)\n"}
{"Time":"2026-09-21T12:35:33.9462188-04:00","Action":"pass","Package":"github.com/qompack/qompack/internal/cli","Test":"TestFsck_UnreadableFilesViewIsNamedAsTheViewNotTheLog","Elapsed":0.1}
{"Time":"2026-09-21T12:35:33.9462188-04:00","Action":"cont","Package":"github.com/qompack/qompack/internal/cli","Test":"TestFsck_AbsentStoreIsReportedAndNothingIsCreated"}
{"Time":"2026-09-21T12:35:33.9462188-04:00","Action":"output","Package":"github.com/qompack/qompack/internal/cli","Test":"TestFsck_AbsentStoreIsReportedAndNothingIsCreated","Output":"=== CONT  TestFsck_AbsentStoreIsReportedAndNothingIsCreated\n"}
{"Time":"2026-09-21T12:35:33.9478806-04:00","Action":"output","Package":"github.com/qompack/qompack/internal/cli","Test":"TestFsck_AbsentStoreIsReportedAndNothingIsCreated","Output":"--- PASS: TestFsck_AbsentStoreIsReportedAndNothingIsCreated (0.00s)\n"}
{"Time":"2026-09-21T12:35:33.9478806-04:00","Action":"pass","Package":"github.com/qompack/qompack/internal/cli","Test":"TestFsck_AbsentStoreIsReportedAndNothingIsCreated","Elapsed":0}
{"Time":"2026-09-21T12:35:33.9478806-04:00","Action":"cont","Package":"github.com/qompack/qompack/internal/cli","Test":"TestFsck_AnUnreadableArtifactIsAReportedRow"}
{"Time":"2026-09-21T12:35:33.9478806-04:00","Action":"output","Package":"github.com/qompack/qompack/internal/cli","Test":"TestFsck_AnUnreadableArtifactIsAReportedRow","Output":"=== CONT  TestFsck_AnUnreadableArtifactIsAReportedRow\n"}
{"Time":"2026-09-21T12:35:33.9478806-04:00","Action":"run","Package":"github.com/qompack/qompack/internal/cli","Test":"TestFsck_AnUnreadableArtifactIsAReportedRow/migrate/cursor.json"}
{"Time":"2026-09-21T12:35:33.9478806-04:00","Action":"output","Package":"github.com/qompack/qompack/internal/cli","Test":"TestFsck_AnUnreadableArtifactIsAReportedRow/migrate/cursor.json","Output":"=== RUN   TestFsck_AnUnreadableArtifactIsAReportedRow/migrate/cursor.json\n"}
{"Time":"2026-09-21T12:35:33.9478806-04:00","Action":"output","Package":"github.com/qompack/qompack/internal/cli","Test":"TestFsck_AnUnreadableArtifactIsAReportedRow/migrate/cursor.json","Output":"=== PAUSE TestFsck_AnUnreadableArtifactIsAReportedRow/migrate/cursor.json\n"}
{"Time":"2026-09-21T12:35:33.9478806-04:00","Action":"pause","Package":"github.com/qompack/qompack/internal/cli","Test":"TestFsck_AnUnreadableArtifactIsAReportedRow/migrate/cursor.json"}
{"Time":"2026-09-21T12:35:33.9478806-04:00","Action":"run","Package":"github.com/qompack/qompack/internal/cli","Test":"TestFsck_AnUnreadableArtifactIsAReportedRow/migrate/mapping.jsonl"}
{"Time":"2026-09-21T12:35:33.9478806-04:00","Action":"output","Package":"github.com/qompack/qompack/internal/cli","Test":"TestFsck_AnUnreadableArtifactIsAReportedRow/migrate/mapping.jsonl","Output":"=== RUN   TestFsck_AnUnreadableArtifactIsAReportedRow/migrate/mapping.jsonl\n"}
{"Time":"2026-09-21T12:35:33.9478806-04:00","Action":"output","Package":"github.com/qompack/qompack/internal/cli","Test":"TestFsck_AnUnreadableArtifactIsAReportedRow/migrate/mapping.jsonl","Output":"=== PAUSE TestFsck_AnUnreadableArtifactIsAReportedRow/migrate/mapping.jsonl\n"}
{"Time":"2026-09-21T12:35:33.9478806-04:00","Action":"pause","Package":"github.com/qompack/qompack/internal/cli","Test":"TestFsck_AnUnreadableArtifactIsAReportedRow/migrate/mapping.jsonl"}
{"Time":"2026-09-21T12:35:33.9478806-04:00","Action":"run","Package":"github.com/qompack/qompack/internal/cli","Test":"TestFsck_AnUnreadableArtifactIsAReportedRow/state/delivery-lease-position.json"}
{"Time":"2026-09-21T12:35:33.9478806-04:00","Action":"output","Package":"github.com/qompack/qompack/internal/cli","Test":"TestFsck_AnUnreadableArtifactIsAReportedRow/state/delivery-lease-position.json","Output":"=== RUN   TestFsck_AnUnreadableArtifactIsAReportedRow/state/delivery-lease-position.json\n"}
{"Time":"2026-09-21T12:35:33.9484094-04:00","Action":"output","Package":"github.com/qompack/qompack/internal/cli","Test":"TestFsck_AnUnreadableArtifactIsAReportedRow/state/delivery-lease-position.json","Output":"=== PAUSE TestFsck_AnUnreadableArtifactIsAReportedRow/state/delivery-lease-position.json\n"}
{"Time":"2026-09-21T12:35:33.9484094-04:00","Action":"pause","Package":"github.com/qompack/qompack/internal/cli","Test":"TestFsck_AnUnreadableArtifactIsAReportedRow/state/delivery-lease-position.json"}
{"Time":"2026-09-21T12:35:33.9484094-04:00","Action":"run","Package":"github.com/qompack/qompack/internal/cli","Test":"TestFsck_AnUnreadableArtifactIsAReportedRow/state/pending"}
{"Time":"2026-09-21T12:35:33.9484094-04:00","Action":"output","Package":"github.com/qompack/qompack/internal/cli","Test":"TestFsck_AnUnreadableArtifactIsAReportedRow/state/pending","Output":"=== RUN   TestFsck_AnUnreadableArtifactIsAReportedRow/state/pending\n"}
{"Time":"2026-09-21T12:35:33.9484094-04:00","Action":"output","Package":"github.com/qompack/qompack/internal/cli","Test":"TestFsck_AnUnreadableArtifactIsAReportedRow/state/pending","Output":"=== PAUSE TestFsck_AnUnreadableArtifactIsAReportedRow/state/pending\n"}
{"Time":"2026-09-21T12:35:33.9484094-04:00","Action":"pause","Package":"github.com/qompack/qompack/internal/cli","Test":"TestFsck_AnUnreadableArtifactIsAReportedRow/state/pending"}
{"Time":"2026-09-21T12:35:33.9484094-04:00","Action":"run","Package":"github.com/qompack/qompack/internal/cli","Test":"TestFsck_AnUnreadableArtifactIsAReportedRow/checkpoints/"}
{"Time":"2026-09-21T12:35:33.9484094-04:00","Action":"output","Package":"github.com/qompack/qompack/internal/cli","Test":"TestFsck_AnUnreadableArtifactIsAReportedRow/checkpoints/","Output":"=== RUN   TestFsck_AnUnreadableArtifactIsAReportedRow/checkpoints/\n"}
{"Time":"2026-09-21T12:35:33.9484094-04:00","Action":"output","Package":"github.com/qompack/qompack/internal/cli","Test":"TestFsck_AnUnreadableArtifactIsAReportedRow/checkpoints/","Output":"=== PAUSE TestFsck_AnUnreadableArtifactIsAReportedRow/checkpoints/\n"}
{"Time":"2026-09-21T12:35:33.9484094-04:00","Action":"pause","Package":"github.com/qompack/qompack/internal/cli","Test":"TestFsck_AnUnreadableArtifactIsAReportedRow/checkpoints/"}
{"Time":"2026-09-21T12:35:33.9484094-04:00","Action":"run","Package":"github.com/qompack/qompack/internal/cli","Test":"TestFsck_AnUnreadableArtifactIsAReportedRow/backup/"}
{"Time":"2026-09-21T12:35:33.9484094-04:00","Action":"output","Package":"github.com/qompack/qompack/internal/cli","Test":"TestFsck_AnUnreadableArtifactIsAReportedRow/backup/","Output":"=== RUN   TestFsck_AnUnreadableArtifactIsAReportedRow/backup/\n"}
{"Time":"2026-09-21T12:35:33.9484094-04:00","Action":"output","Package":"github.com/qompack/qompack/internal/cli","Test":"TestFsck_AnUnreadableArtifactIsAReportedRow/backup/","Output":"=== PAUSE TestFsck_AnUnreadableArtifactIsAReportedRow/backup/\n"}
{"Time":"2026-09-21T12:35:33.9484094-04:00","Action":"pause","Package":"github.com/qompack/qompack/internal/cli","Test":"TestFsck_AnUnreadableArtifactIsAReportedRow/backup/"}
{"Time":"2026-09-21T12:35:33.9484094-04:00","Action":"run","Package":"github.com/qompack/qompack/internal/cli","Test":"TestFsck_AnUnreadableArtifactIsAReportedRow/pins/invariants.json"}
{"Time":"2026-09-21T12:35:33.9484094-04:00","Action":"output","Package":"github.com/qompack/qompack/internal/cli","Test":"TestFsck_AnUnreadableArtifactIsAReportedRow/pins/invariants.json","Output":"=== RUN   TestFsck_AnUnreadableArtifactIsAReportedRow/pins/invariants.json\n"}
{"Time":"2026-09-21T12:35:33.9484094-04:00","Action":"output","Package":"github.com/qompack/qompack/internal/cli","Test":"TestFsck_AnUnreadableArtifactIsAReportedRow/pins/invariants.json","Output":"=== PAUSE TestFsck_AnUnreadableArtifactIsAReportedRow/pins/invariants.json\n"}
{"Time":"2026-09-21T12:35:33.9484094-04:00","Action":"pause","Package":"github.com/qompack/qompack/internal/cli","Test":"TestFsck_AnUnreadableArtifactIsAReportedRow/pins/invariants.json"}
{"Time":"2026-09-21T12:35:33.9484094-04:00","Action":"cont","Package":"github.com/qompack/qompack/internal/cli","Test":"TestFsck_TheObjectSizeLimitIsTheStoresOwn"}
{"Time":"2026-09-21T12:35:33.9484094-04:00","Action":"output","Package":"github.com/qompack/qompack/internal/cli","Test":"TestFsck_TheObjectSizeLimitIsTheStoresOwn","Output":"=== CONT  TestFsck_TheObjectSizeLimitIsTheStoresOwn\n"}
{"Time":"2026-09-21T12:35:33.9484094-04:00","Action":"output","Package":"github.com/qompack/qompack/internal/cli","Test":"TestFsck_TheObjectSizeLimitIsTheStoresOwn","Output":"--- PASS: TestFsck_TheObjectSizeLimitIsTheStoresOwn (0.00s)\n"}
{"Time":"2026-09-21T12:35:33.9484094-04:00","Action":"pass","Package":"github.com/qompack/qompack/internal/cli","Test":"TestFsck_TheObjectSizeLimitIsTheStoresOwn","Elapsed":0}
{"Time":"2026-09-21T12:35:33.9484094-04:00","Action":"cont","Package":"github.com/qompack/qompack/internal/cli","Test":"TestFsck_SealCheckAndRepairAreMutuallyExclusive"}
{"Time":"2026-09-21T12:35:33.9484094-04:00","Action":"output","Package":"github.com/qompack/qompack/internal/cli","Test":"TestFsck_SealCheckAndRepairAreMutuallyExclusive","Output":"=== CONT  TestFsck_SealCheckAndRepairAreMutuallyExclusive\n"}
{"Time":"2026-09-21T12:35:34.0036892-04:00","Action":"output","Package":"github.com/qompack/qompack/internal/cli","Test":"TestFsck_RepairWithoutYesIsAUsageError","Output":"--- PASS: TestFsck_RepairWithoutYesIsAUsageError (0.10s)\n"}
{"Time":"2026-09-21T12:35:34.0042225-04:00","Action":"pass","Package":"github.com/qompack/qompack/internal/cli","Test":"TestFsck_RepairWithoutYesIsAUsageError","Elapsed":0.1}
{"Time":"2026-09-21T12:35:34.0042225-04:00","Action":"cont","Package":"github.com/qompack/qompack/internal/cli","Test":"TestFsck_ReportsEveryDanglingReferenceClass"}
{"Time":"2026-09-21T12:35:34.0042225-04:00","Action":"output","Package":"github.com/qompack/qompack/internal/cli","Test":"TestFsck_ReportsEveryDanglingReferenceClass","Output":"=== CONT  TestFsck_ReportsEveryDanglingReferenceClass\n"}
{"Time":"2026-09-21T12:35:34.0042225-04:00","Action":"run","Package":"github.com/qompack/qompack/internal/cli","Test":"TestFsck_ReportsEveryDanglingReferenceClass/a_root's_chunk"}
{"Time":"2026-09-21T12:35:34.0042225-04:00","Action":"output","Package":"github.com/qompack/qompack/internal/cli","Test":"TestFsck_ReportsEveryDanglingReferenceClass/a_root's_chunk","Output":"=== RUN   TestFsck_ReportsEveryDanglingReferenceClass/a_root's_chunk\n"}
{"Time":"2026-09-21T12:35:34.0042225-04:00","Action":"output","Package":"github.com/qompack/qompack/internal/cli","Test":"TestFsck_ReportsEveryDanglingReferenceClass/a_root's_chunk","Output":"=== PAUSE TestFsck_ReportsEveryDanglingReferenceClass/a_root's_chunk\n"}
{"Time":"2026-09-21T12:35:34.0042225-04:00","Action":"pause","Package":"github.com/qompack/qompack/internal/cli","Test":"TestFsck_ReportsEveryDanglingReferenceClass/a_root's_chunk"}
{"Time":"2026-09-21T12:35:34.0042225-04:00","Action":"run","Package":"github.com/qompack/qompack/internal/cli","Test":"TestFsck_ReportsEveryDanglingReferenceClass/a_tool_use_record's_root"}
{"Time":"2026-09-21T12:35:34.0042225-04:00","Action":"output","Package":"github.com/qompack/qompack/internal/cli","Test":"TestFsck_ReportsEveryDanglingReferenceClass/a_tool_use_record's_root","Output":"=== RUN   TestFsck_ReportsEveryDanglingReferenceClass/a_tool_use_record's_root\n"}
{"Time":"2026-09-21T12:35:34.0042225-04:00","Action":"output","Package":"github.com/qompack/qompack/internal/cli","Test":"TestFsck_ReportsEveryDanglingReferenceClass/a_tool_use_record's_root","Output":"=== PAUSE TestFsck_ReportsEveryDanglingReferenceClass/a_tool_use_record's_root\n"}
{"Time":"2026-09-21T12:35:34.0042225-04:00","Action":"pause","Package":"github.com/qompack/qompack/internal/cli","Test":"TestFsck_ReportsEveryDanglingReferenceClass/a_tool_use_record's_root"}
{"Time":"2026-09-21T12:35:34.0042225-04:00","Action":"run","Package":"github.com/qompack/qompack/internal/cli","Test":"TestFsck_ReportsEveryDanglingReferenceClass/a_checkpoint's_file_pointer"}
{"Time":"2026-09-21T12:35:34.0042225-04:00","Action":"output","Package":"github.com/qompack/qompack/internal/cli","Test":"TestFsck_ReportsEveryDanglingReferenceClass/a_checkpoint's_file_pointer","Output":"=== RUN   TestFsck_ReportsEveryDanglingReferenceClass/a_checkpoint's_file_pointer\n"}
{"Time":"2026-09-21T12:35:34.0042225-04:00","Action":"output","Package":"github.com/qompack/qompack/internal/cli","Test":"TestFsck_ReportsEveryDanglingReferenceClass/a_checkpoint's_file_pointer","Output":"=== PAUSE TestFsck_ReportsEveryDanglingReferenceClass/a_checkpoint's_file_pointer\n"}
{"Time":"2026-09-21T12:35:34.0042225-04:00","Action":"pause","Package":"github.com/qompack/qompack/internal/cli","Test":"TestFsck_ReportsEveryDanglingReferenceClass/a_checkpoint's_file_pointer"}
{"Time":"2026-09-21T12:35:34.0042225-04:00","Action":"run","Package":"github.com/qompack/qompack/internal/cli","Test":"TestFsck_ReportsEveryDanglingReferenceClass/a_checkpoint's_tool_pointer"}
{"Time":"2026-09-21T12:35:34.0042225-04:00","Action":"output","Package":"github.com/qompack/qompack/internal/cli","Test":"TestFsck_ReportsEveryDanglingReferenceClass/a_checkpoint's_tool_pointer","Output":"=== RUN   TestFsck_ReportsEveryDanglingReferenceClass/a_checkpoint's_tool_pointer\n"}
{"Time":"2026-09-21T12:35:34.0042225-04:00","Action":"output","Package":"github.com/qompack/qompack/internal/cli","Test":"TestFsck_ReportsEveryDanglingReferenceClass/a_checkpoint's_tool_pointer","Output":"=== PAUSE TestFsck_ReportsEveryDanglingReferenceClass/a_checkpoint's_tool_pointer\n"}
{"Time":"2026-09-21T12:35:34.0042225-04:00","Action":"pause","Package":"github.com/qompack/qompack/internal/cli","Test":"TestFsck_ReportsEveryDanglingReferenceClass/a_checkpoint's_tool_pointer"}
{"Time":"2026-09-21T12:35:34.0042225-04:00","Action":"run","Package":"github.com/qompack/qompack/internal/cli","Test":"TestFsck_ReportsEveryDanglingReferenceClass/a_published_capture_sidecar's_root"}
{"Time":"2026-09-21T12:35:34.0042225-04:00","Action":"output","Package":"github.com/qompack/qompack/internal/cli","Test":"TestFsck_ReportsEveryDanglingReferenceClass/a_published_capture_sidecar's_root","Output":"=== RUN   TestFsck_ReportsEveryDanglingReferenceClass/a_published_capture_sidecar's_root\n"}
{"Time":"2026-09-21T12:35:34.0042225-04:00","Action":"output","Package":"github.com/qompack/qompack/internal/cli","Test":"TestFsck_ReportsEveryDanglingReferenceClass/a_published_capture_sidecar's_root","Output":"=== PAUSE TestFsck_ReportsEveryDanglingReferenceClass/a_published_capture_sidecar's_root\n"}
{"Time":"2026-09-21T12:35:34.0042225-04:00","Action":"pause","Package":"github.com/qompack/qompack/internal/cli","Test":"TestFsck_ReportsEveryDanglingReferenceClass/a_published_capture_sidecar's_root"}
{"Time":"2026-09-21T12:35:34.0042225-04:00","Action":"cont","Package":"github.com/qompack/qompack/internal/cli","Test":"TestFsck_ReportsADanglingDeltaPointer"}
{"Time":"2026-09-21T12:35:34.0042225-04:00","Action":"output","Package":"github.com/qompack/qompack/internal/cli","Test":"TestFsck_ReportsADanglingDeltaPointer","Output":"=== CONT  TestFsck_ReportsADanglingDeltaPointer\n"}
{"Time":"2026-09-21T12:35:34.0500895-04:00","Action":"output","Package":"github.com/qompack/qompack/internal/cli","Test":"TestFsck_SealCheckAndRepairAreMutuallyExclusive","Output":"--- PASS: TestFsck_SealCheckAndRepairAreMutuallyExclusive (0.10s)\n"}
{"Time":"2026-09-21T12:35:34.0500895-04:00","Action":"pass","Package":"github.com/qompack/qompack/internal/cli","Test":"TestFsck_SealCheckAndRepairAreMutuallyExclusive","Elapsed":0.1}
{"Time":"2026-09-21T12:35:34.0500895-04:00","Action":"cont","Package":"github.com/qompack/qompack/internal/cli","Test":"TestFsck_AndDoctor_CreateNothingOnAnyProjectShape"}
{"Time":"2026-09-21T12:35:34.0500895-04:00","Action":"output","Package":"github.com/qompack/qompack/internal/cli","Test":"TestFsck_AndDoctor_CreateNothingOnAnyProjectShape","Output":"=== CONT  TestFsck_AndDoctor_CreateNothingOnAnyProjectShape\n"}
{"Time":"2026-09-21T12:35:34.0500895-04:00","Action":"run","Package":"github.com/qompack/qompack/internal/cli","Test":"TestFsck_AndDoctor_CreateNothingOnAnyProjectShape/a_bare_.qompack_directory"}
{"Time":"2026-09-21T12:35:34.0500895-04:00","Action":"output","Package":"github.com/qompack/qompack/internal/cli","Test":"TestFsck_AndDoctor_CreateNothingOnAnyProjectShape/a_bare_.qompack_directory","Output":"=== RUN   TestFsck_AndDoctor_CreateNothingOnAnyProjectShape/a_bare_.qompack_directory\n"}
{"Time":"2026-09-21T12:35:34.0500895-04:00","Action":"output","Package":"github.com/qompack/qompack/internal/cli","Test":"TestFsck_AndDoctor_CreateNothingOnAnyProjectShape/a_bare_.qompack_directory","Output":"=== PAUSE TestFsck_AndDoctor_CreateNothingOnAnyProjectShape/a_bare_.qompack_directory\n"}
{"Time":"2026-09-21T12:35:34.0500895-04:00","Action":"pause","Package":"github.com/qompack/qompack/internal/cli","Test":"TestFsck_AndDoctor_CreateNothingOnAnyProjectShape/a_bare_.qompack_directory"}
{"Time":"2026-09-21T12:35:34.0500895-04:00","Action":"run","Package":"github.com/qompack/qompack/internal/cli","Test":"TestFsck_AndDoctor_CreateNothingOnAnyProjectShape/one_roots_line_and_one_object"}
{"Time":"2026-09-21T12:35:34.0500895-04:00","Action":"output","Package":"github.com/qompack/qompack/internal/cli","Test":"TestFsck_AndDoctor_CreateNothingOnAnyProjectShape/one_roots_line_and_one_object","Output":"=== RUN   TestFsck_AndDoctor_CreateNothingOnAnyProjectShape/one_roots_line_and_one_object\n"}
{"Time":"2026-09-21T12:35:34.0500895-04:00","Action":"output","Package":"github.com/qompack/qompack/internal/cli","Test":"TestFsck_AndDoctor_CreateNothingOnAnyProjectShape/one_roots_line_and_one_object","Output":"=== PAUSE TestFsck_AndDoctor_CreateNothingOnAnyProjectShape/one_roots_line_and_one_object\n"}
{"Time":"2026-09-21T12:35:34.0500895-04:00","Action":"pause","Package":"github.com/qompack/qompack/internal/cli","Test":"TestFsck_AndDoctor_CreateNothingOnAnyProjectShape/one_roots_line_and_one_object"}
{"Time":"2026-09-21T12:35:34.0500895-04:00","Action":"run","Package":"github.com/qompack/qompack/internal/cli","Test":"TestFsck_AndDoctor_CreateNothingOnAnyProjectShape/a_laid-out_project_with_no_roots_at_all"}
{"Time":"2026-09-21T12:35:34.0500895-04:00","Action":"output","Package":"github.com/qompack/qompack/internal/cli","Test":"TestFsck_AndDoctor_CreateNothingOnAnyProjectShape/a_laid-out_project_with_no_roots_at_all","Output":"=== RUN   TestFsck_AndDoctor_CreateNothingOnAnyProjectShape/a_laid-out_project_with_no_roots_at_all\n"}
{"Time":"2026-09-21T12:35:34.0500895-04:00","Action":"output","Package":"github.com/qompack/qompack/internal/cli","Test":"TestFsck_AndDoctor_CreateNothingOnAnyProjectShape/a_laid-out_project_with_no_roots_at_all","Output":"=== PAUSE TestFsck_AndDoctor_CreateNothingOnAnyProjectShape/a_laid-out_project_with_no_roots_at_all\n"}
{"Time":"2026-09-21T12:35:34.0500895-04:00","Action":"pause","Package":"github.com/qompack/qompack/internal/cli","Test":"TestFsck_AndDoctor_CreateNothingOnAnyProjectShape/a_laid-out_project_with_no_roots_at_all"}
{"Time":"2026-09-21T12:35:34.0500895-04:00","Action":"run","Package":"github.com/qompack/qompack/internal/cli","Test":"TestFsck_AndDoctor_CreateNothingOnAnyProjectShape/a_fully_seeded_project"}
{"Time":"2026-09-21T12:35:34.0500895-04:00","Action":"output","Package":"github.com/qompack/qompack/internal/cli","Test":"TestFsck_AndDoctor_CreateNothingOnAnyProjectShape/a_fully_seeded_project","Output":"=== RUN   TestFsck_AndDoctor_CreateNothingOnAnyProjectShape/a_fully_seeded_project\n"}
{"Time":"2026-09-21T12:35:34.0500895-04:00","Action":"output","Package":"github.com/qompack/qompack/internal/cli","Test":"TestFsck_AndDoctor_CreateNothingOnAnyProjectShape/a_fully_seeded_project","Output":"=== PAUSE TestFsck_AndDoctor_CreateNothingOnAnyProjectShape/a_fully_seeded_project\n"}
{"Time":"2026-09-21T12:35:34.0500895-04:00","Action":"pause","Package":"github.com/qompack/qompack/internal/cli","Test":"TestFsck_AndDoctor_CreateNothingOnAnyProjectShape/a_fully_seeded_project"}
{"Time":"2026-09-21T12:35:34.0500895-04:00","Action":"cont","Package":"github.com/qompack/qompack/internal/cli","Test":"TestFsck_ReportsEachSeededDefectAndRepairsNone/an_object_whose_compressed_frame_fails_its_CRC"}
{"Time":"2026-09-21T12:35:34.0500895-04:00","Action":"output","Package":"github.com/qompack/qompack/internal/cli","Test":"TestFsck_ReportsEachSeededDefectAndRepairsNone/an_object_whose_compressed_frame_fails_its_CRC","Output":"=== CONT  TestFsck_ReportsEachSeededDefectAndRepairsNone/an_object_whose_compressed_frame_fails_its_CRC\n"}
{"Time":"2026-09-21T12:35:34.13393-04:00","Action":"output","Package":"github.com/qompack/qompack/internal/cli","Test":"TestFsck_ReportsADanglingDeltaPointer","Output":"--- PASS: TestFsck_ReportsADanglingDeltaPointer (0.13s)\n"}
{"Time":"2026-09-21T12:35:34.13393-04:00","Action":"pass","Package":"github.com/qompack/qompack/internal/cli","Test":"TestFsck_ReportsADanglingDeltaPointer","Elapsed":0.13}
{"Time":"2026-09-21T12:35:34.13393-04:00","Action":"cont","Package":"github.com/qompack/qompack/internal/cli","Test":"TestFsck_ReportsEachSeededDefectAndRepairsNone/a_checkpoint_artifact_that_no_longer_matches_its_manifest_digest"}
{"Time":"2026-09-21T12:35:34.13393-04:00","Action":"output","Package":"github.com/qompack/qompack/internal/cli","Test":"TestFsck_ReportsEachSeededDefectAndRepairsNone/a_checkpoint_artifact_that_no_longer_matches_its_manifest_digest","Output":"=== CONT  TestFsck_ReportsEachSeededDefectAndRepairsNone/a_checkpoint_artifact_that_no_longer_matches_its_manifest_digest\n"}
{"Time":"2026-09-21T12:35:34.1642843-04:00","Action":"output","Package":"github.com/qompack/qompack/internal/cli","Test":"TestFsck_ReportsEachSeededDefectAndRepairsNone/an_object_whose_compressed_frame_fails_its_CRC","Output":"--- PASS: TestFsck_ReportsEachSeededDefectAndRepairsNone/an_object_whose_compressed_frame_fails_its_CRC (0.11s)\n"}
{"Time":"2026-09-21T12:35:34.1642843-04:00","Action":"pass","Package":"github.com/qompack/qompack/internal/cli","Test":"TestFsck_ReportsEachSeededDefectAndRepairsNone/an_object_whose_compressed_frame_fails_its_CRC","Elapsed":0.11}
{"Time":"2026-09-21T12:35:34.1648103-04:00","Action":"cont","Package":"github.com/qompack/qompack/internal/cli","Test":"TestFsck_ReportsEachSeededDefectAndRepairsNone/a_backup_file_that_drifted_from_its_manifest"}
{"Time":"2026-09-21T12:35:34.1648103-04:00","Action":"output","Package":"github.com/qompack/qompack/internal/cli","Test":"TestFsck_ReportsEachSeededDefectAndRepairsNone/a_backup_file_that_drifted_from_its_manifest","Output":"=== CONT  TestFsck_ReportsEachSeededDefectAndRepairsNone/a_backup_file_that_drifted_from_its_manifest\n"}
{"Time":"2026-09-21T12:35:34.2447344-04:00","Action":"output","Package":"github.com/qompack/qompack/internal/cli","Test":"TestFsck_ReportsEachSeededDefectAndRepairsNone/a_checkpoint_artifact_that_no_longer_matches_its_manifest_digest","Output":"--- PASS: TestFsck_ReportsEachSeededDefectAndRepairsNone/a_checkpoint_artifact_that_no_longer_matches_its_manifest_digest (0.11s)\n"}
{"Time":"2026-09-21T12:35:34.2447344-04:00","Action":"pass","Package":"github.com/qompack/qompack/internal/cli","Test":"TestFsck_ReportsEachSeededDefectAndRepairsNone/a_checkpoint_artifact_that_no_longer_matches_its_manifest_digest","Elapsed":0.11}
{"Time":"2026-09-21T12:35:34.2447344-04:00","Action":"cont","Package":"github.com/qompack/qompack/internal/cli","Test":"TestFsck_ReportsEachSeededDefectAndRepairsNone/a_delivery_journal_line_that_does_not_parse"}
{"Time":"2026-09-21T12:35:34.2447344-04:00","Action":"output","Package":"github.com/qompack/qompack/internal/cli","Test":"TestFsck_ReportsEachSeededDefectAndRepairsNone/a_delivery_journal_line_that_does_not_parse","Output":"=== CONT  TestFsck_ReportsEachSeededDefectAndRepairsNone/a_delivery_journal_line_that_does_not_parse\n"}
{"Time":"2026-09-21T12:35:34.2888488-04:00","Action":"output","Package":"github.com/qompack/qompack/internal/cli","Test":"TestFsck_ReportsEachSeededDefectAndRepairsNone/a_backup_file_that_drifted_from_its_manifest","Output":"--- PASS: TestFsck_ReportsEachSeededDefectAndRepairsNone/a_backup_file_that_drifted_from_its_manifest (0.12s)\n"}
{"Time":"2026-09-21T12:35:34.2888488-04:00","Action":"pass","Package":"github.com/qompack/qompack/internal/cli","Test":"TestFsck_ReportsEachSeededDefectAndRepairsNone/a_backup_file_that_drifted_from_its_manifest","Elapsed":0.12}
{"Time":"2026-09-21T12:35:34.2888488-04:00","Action":"cont","Package":"github.com/qompack/qompack/internal/cli","Test":"TestFsck_ReportsEachSeededDefectAndRepairsNone/a_drain_record_whose_offset_is_past_its_size"}
{"Time":"2026-09-21T12:35:34.2888488-04:00","Action":"output","Package":"github.com/qompack/qompack/internal/cli","Test":"TestFsck_ReportsEachSeededDefectAndRepairsNone/a_drain_record_whose_offset_is_past_its_size","Output":"=== CONT  TestFsck_ReportsEachSeededDefectAndRepairsNone/a_drain_record_whose_offset_is_past_its_size\n"}
{"Time":"2026-09-21T12:35:34.3593601-04:00","Action":"output","Package":"github.com/qompack/qompack/internal/cli","Test":"TestFsck_ReportsEachSeededDefectAndRepairsNone/a_delivery_journal_line_that_does_not_parse","Output":"--- PASS: TestFsck_ReportsEachSeededDefectAndRepairsNone/a_delivery_journal_line_that_does_not_parse (0.11s)\n"}
{"Time":"2026-09-21T12:35:34.3593601-04:00","Action":"pass","Package":"github.com/qompack/qompack/internal/cli","Test":"TestFsck_ReportsEachSeededDefectAndRepairsNone/a_delivery_journal_line_that_does_not_parse","Elapsed":0.11}
{"Time":"2026-09-21T12:35:34.3593601-04:00","Action":"cont","Package":"github.com/qompack/qompack/internal/cli","Test":"TestFsck_ReportsEachSeededDefectAndRepairsNone/a_retention_root_naming_bytes_nothing_holds"}
{"Time":"2026-09-21T12:35:34.3593601-04:00","Action":"output","Package":"github.com/qompack/qompack/internal/cli","Test":"TestFsck_ReportsEachSeededDefectAndRepairsNone/a_retention_root_naming_bytes_nothing_holds","Output":"=== CONT  TestFsck_ReportsEachSeededDefectAndRepairsNone/a_retention_root_naming_bytes_nothing_holds\n"}
{"Time":"2026-09-21T12:35:34.4059898-04:00","Action":"output","Package":"github.com/qompack/qompack/internal/cli","Test":"TestFsck_ReportsEachSeededDefectAndRepairsNone/a_drain_record_whose_offset_is_past_its_size","Output":"--- PASS: TestFsck_ReportsEachSeededDefectAndRepairsNone/a_drain_record_whose_offset_is_past_its_size (0.12s)\n"}
{"Time":"2026-09-21T12:35:34.4059898-04:00","Action":"pass","Package":"github.com/qompack/qompack/internal/cli","Test":"TestFsck_ReportsEachSeededDefectAndRepairsNone/a_drain_record_whose_offset_is_past_its_size","Elapsed":0.12}
{"Time":"2026-09-21T12:35:34.4059898-04:00","Action":"cont","Package":"github.com/qompack/qompack/internal/cli","Test":"TestFsck_ReportsEachSeededDefectAndRepairsNone/a_pins_tombstone_naming_an_add_nobody_recorded"}
{"Time":"2026-09-21T12:35:34.4059898-04:00","Action":"output","Package":"github.com/qompack/qompack/internal/cli","Test":"TestFsck_ReportsEachSeededDefectAndRepairsNone/a_pins_tombstone_naming_an_add_nobody_recorded","Output":"=== CONT  TestFsck_ReportsEachSeededDefectAndRepairsNone/a_pins_tombstone_naming_an_add_nobody_recorded\n"}
{"Time":"2026-09-21T12:35:34.4726825-04:00","Action":"output","Package":"github.com/qompack/qompack/internal/cli","Test":"TestFsck_ReportsEachSeededDefectAndRepairsNone/a_retention_root_naming_bytes_nothing_holds","Output":"--- PASS: TestFsck_ReportsEachSeededDefectAndRepairsNone/a_retention_root_naming_bytes_nothing_holds (0.11s)\n"}
{"Time":"2026-09-21T12:35:34.4726825-04:00","Action":"pass","Package":"github.com/qompack/qompack/internal/cli","Test":"TestFsck_ReportsEachSeededDefectAndRepairsNone/a_retention_root_naming_bytes_nothing_holds","Elapsed":0.11}
{"Time":"2026-09-21T12:35:34.4726825-04:00","Action":"cont","Package":"github.com/qompack/qompack/internal/cli","Test":"TestFsck_ReportsEachSeededDefectAndRepairsNone/a_checkpoint_artifact_with_no_manifest_line"}
{"Time":"2026-09-21T12:35:34.4726825-04:00","Action":"output","Package":"github.com/qompack/qompack/internal/cli","Test":"TestFsck_ReportsEachSeededDefectAndRepairsNone/a_checkpoint_artifact_with_no_manifest_line","Output":"=== CONT  TestFsck_ReportsEachSeededDefectAndRepairsNone/a_checkpoint_artifact_with_no_manifest_line\n"}
{"Time":"2026-09-21T12:35:34.5280981-04:00","Action":"output","Package":"github.com/qompack/qompack/internal/cli","Test":"TestFsck_ReportsEachSeededDefectAndRepairsNone/a_pins_tombstone_naming_an_add_nobody_recorded","Output":"--- PASS: TestFsck_ReportsEachSeededDefectAndRepairsNone/a_pins_tombstone_naming_an_add_nobody_recorded (0.12s)\n"}
{"Time":"2026-09-21T12:35:34.5280981-04:00","Action":"pass","Package":"github.com/qompack/qompack/internal/cli","Test":"TestFsck_ReportsEachSeededDefectAndRepairsNone/a_pins_tombstone_naming_an_add_nobody_recorded","Elapsed":0.12}
{"Time":"2026-09-21T12:35:34.5280981-04:00","Action":"cont","Package":"github.com/qompack/qompack/internal/cli","Test":"TestFsck_ReportsEachSeededDefectAndRepairsNone/a_roots.jsonl_op_this_build_does_not_know"}
{"Time":"2026-09-21T12:35:34.5280981-04:00","Action":"output","Package":"github.com/qompack/qompack/internal/cli","Test":"TestFsck_ReportsEachSeededDefectAndRepairsNone/a_roots.jsonl_op_this_build_does_not_know","Output":"=== CONT  TestFsck_ReportsEachSeededDefectAndRepairsNone/a_roots.jsonl_op_this_build_does_not_know\n"}
{"Time":"2026-09-21T12:35:34.6029676-04:00","Action":"output","Package":"github.com/qompack/qompack/internal/cli","Test":"TestFsck_ReportsEachSeededDefectAndRepairsNone/a_checkpoint_artifact_with_no_manifest_line","Output":"--- PASS: TestFsck_ReportsEachSeededDefectAndRepairsNone/a_checkpoint_artifact_with_no_manifest_line (0.13s)\n"}
{"Time":"2026-09-21T12:35:34.6029676-04:00","Action":"pass","Package":"github.com/qompack/qompack/internal/cli","Test":"TestFsck_ReportsEachSeededDefectAndRepairsNone/a_checkpoint_artifact_with_no_manifest_line","Elapsed":0.13}
{"Time":"2026-09-21T12:35:34.6029676-04:00","Action":"cont","Package":"github.com/qompack/qompack/internal/cli","Test":"TestFsck_ReportsEachSeededDefectAndRepairsNone/a_capture_sidecar_left_at_stage_one"}
{"Time":"2026-09-21T12:35:34.6029676-04:00","Action":"output","Package":"github.com/qompack/qompack/internal/cli","Test":"TestFsck_ReportsEachSeededDefectAndRepairsNone/a_capture_sidecar_left_at_stage_one","Output":"=== CONT  TestFsck_ReportsEachSeededDefectAndRepairsNone/a_capture_sidecar_left_at_stage_one\n"}
{"Time":"2026-09-21T12:35:34.6426794-04:00","Action":"output","Package":"github.com/qompack/qompack/internal/cli","Test":"TestFsck_ReportsEachSeededDefectAndRepairsNone/a_roots.jsonl_op_this_build_does_not_know","Output":"--- PASS: TestFsck_ReportsEachSeededDefectAndRepairsNone/a_roots.jsonl_op_this_build_does_not_know (0.11s)\n"}
{"Time":"2026-09-21T12:35:34.6432011-04:00","Action":"pass","Package":"github.com/qompack/qompack/internal/cli","Test":"TestFsck_ReportsEachSeededDefectAndRepairsNone/a_roots.jsonl_op_this_build_does_not_know","Elapsed":0.11}
{"Time":"2026-09-21T12:35:34.6432011-04:00","Action":"cont","Package":"github.com/qompack/qompack/internal/cli","Test":"TestFsck_ReportsEachSeededDefectAndRepairsNone/an_encode_record_naming_a_checkpoint_seq_the_manifest_never_recorded"}
{"Time":"2026-09-21T12:35:34.6432011-04:00","Action":"output","Package":"github.com/qompack/qompack/internal/cli","Test":"TestFsck_ReportsEachSeededDefectAndRepairsNone/an_encode_record_naming_a_checkpoint_seq_the_manifest_never_recorded","Output":"=== CONT  TestFsck_ReportsEachSeededDefectAndRepairsNone/an_encode_record_naming_a_checkpoint_seq_the_manifest_never_recorded\n"}
{"Time":"2026-09-21T12:35:34.7404243-04:00","Action":"output","Package":"github.com/qompack/qompack/internal/cli","Test":"TestFsck_ReportsEachSeededDefectAndRepairsNone/a_capture_sidecar_left_at_stage_one","Output":"--- PASS: TestFsck_ReportsEachSeededDefectAndRepairsNone/a_capture_sidecar_left_at_stage_one (0.14s)\n"}
{"Time":"2026-09-21T12:35:34.7404243-04:00","Action":"pass","Package":"github.com/qompack/qompack/internal/cli","Test":"TestFsck_ReportsEachSeededDefectAndRepairsNone/a_capture_sidecar_left_at_stage_one","Elapsed":0.14}
{"Time":"2026-09-21T12:35:34.7404243-04:00","Action":"cont","Package":"github.com/qompack/qompack/internal/cli","Test":"TestFsck_ReportsEachSeededDefectAndRepairsNone/a_tool_use.jsonl_line_that_does_not_parse"}
{"Time":"2026-09-21T12:35:34.7404243-04:00","Action":"output","Package":"github.com/qompack/qompack/internal/cli","Test":"TestFsck_ReportsEachSeededDefectAndRepairsNone/a_tool_use.jsonl_line_that_does_not_parse","Output":"=== CONT  TestFsck_ReportsEachSeededDefectAndRepairsNone/a_tool_use.jsonl_line_that_does_not_parse\n"}
{"Time":"2026-09-21T12:35:34.7661017-04:00","Action":"output","Package":"github.com/qompack/qompack/internal/cli","Test":"TestFsck_ReportsEachSeededDefectAndRepairsNone/an_encode_record_naming_a_checkpoint_seq_the_manifest_never_recorded","Output":"--- PASS: TestFsck_ReportsEachSeededDefectAndRepairsNone/an_encode_record_naming_a_checkpoint_seq_the_manifest_never_recorded (0.12s)\n"}
{"Time":"2026-09-21T12:35:34.7661017-04:00","Action":"pass","Package":"github.com/qompack/qompack/internal/cli","Test":"TestFsck_ReportsEachSeededDefectAndRepairsNone/an_encode_record_naming_a_checkpoint_seq_the_manifest_never_recorded","Elapsed":0.12}
{"Time":"2026-09-21T12:35:34.7661017-04:00","Action":"cont","Package":"github.com/qompack/qompack/internal/cli","Test":"TestFsck_ReportsEachSeededDefectAndRepairsNone/a_roots.jsonl_line_that_does_not_parse"}
{"Time":"2026-09-21T12:35:34.7661017-04:00","Action":"output","Package":"github.com/qompack/qompack/internal/cli","Test":"TestFsck_ReportsEachSeededDefectAndRepairsNone/a_roots.jsonl_line_that_does_not_parse","Output":"=== CONT  TestFsck_ReportsEachSeededDefectAndRepairsNone/a_roots.jsonl_line_that_does_not_parse\n"}
{"Time":"2026-09-21T12:35:34.8631246-04:00","Action":"output","Package":"github.com/qompack/qompack/internal/cli","Test":"TestFsck_ReportsEachSeededDefectAndRepairsNone/a_tool_use.jsonl_line_that_does_not_parse","Output":"--- PASS: TestFsck_ReportsEachSeededDefectAndRepairsNone/a_tool_use.jsonl_line_that_does_not_parse (0.12s)\n"}
{"Time":"2026-09-21T12:35:34.8631246-04:00","Action":"pass","Package":"github.com/qompack/qompack/internal/cli","Test":"TestFsck_ReportsEachSeededDefectAndRepairsNone/a_tool_use.jsonl_line_that_does_not_parse","Elapsed":0.12}
{"Time":"2026-09-21T12:35:34.8631246-04:00","Action":"cont","Package":"github.com/qompack/qompack/internal/cli","Test":"TestFsck_ReportsEachSeededDefectAndRepairsNone/a_roots.jsonl_record_version_this_build_does_not_know"}
{"Time":"2026-09-21T12:35:34.8631246-04:00","Action":"output","Package":"github.com/qompack/qompack/internal/cli","Test":"TestFsck_ReportsEachSeededDefectAndRepairsNone/a_roots.jsonl_record_version_this_build_does_not_know","Output":"=== CONT  TestFsck_ReportsEachSeededDefectAndRepairsNone/a_roots.jsonl_record_version_this_build_does_not_know\n"}
{"Time":"2026-09-21T12:35:34.8707412-04:00","Action":"output","Package":"github.com/qompack/qompack/internal/cli","Test":"TestFsck_ReportsEachSeededDefectAndRepairsNone/a_roots.jsonl_line_that_does_not_parse","Output":"--- PASS: TestFsck_ReportsEachSeededDefectAndRepairsNone/a_roots.jsonl_line_that_does_not_parse (0.10s)\n"}
{"Time":"2026-09-21T12:35:34.8707412-04:00","Action":"pass","Package":"github.com/qompack/qompack/internal/cli","Test":"TestFsck_ReportsEachSeededDefectAndRepairsNone/a_roots.jsonl_line_that_does_not_parse","Elapsed":0.1}
{"Time":"2026-09-21T12:35:34.8707412-04:00","Action":"cont","Package":"github.com/qompack/qompack/internal/cli","Test":"TestFsck_ReportsEachSeededDefectAndRepairsNone/an_object_that_decodes_cleanly_to_content_that_is_not_its_own_name"}
{"Time":"2026-09-21T12:35:34.8707412-04:00","Action":"output","Package":"github.com/qompack/qompack/internal/cli","Test":"TestFsck_ReportsEachSeededDefectAndRepairsNone/an_object_that_decodes_cleanly_to_content_that_is_not_its_own_name","Output":"=== CONT  TestFsck_ReportsEachSeededDefectAndRepairsNone/an_object_that_decodes_cleanly_to_content_that_is_not_its_own_name\n"}
{"Time":"2026-09-21T12:35:34.9828153-04:00","Action":"output","Package":"github.com/qompack/qompack/internal/cli","Test":"TestFsck_ReportsEachSeededDefectAndRepairsNone/an_object_that_decodes_cleanly_to_content_that_is_not_its_own_name","Output":"--- PASS: TestFsck_ReportsEachSeededDefectAndRepairsNone/an_object_that_decodes_cleanly_to_content_that_is_not_its_own_name (0.11s)\n"}
{"Time":"2026-09-21T12:35:34.9828153-04:00","Action":"pass","Package":"github.com/qompack/qompack/internal/cli","Test":"TestFsck_ReportsEachSeededDefectAndRepairsNone/an_object_that_decodes_cleanly_to_content_that_is_not_its_own_name","Elapsed":0.11}
{"Time":"2026-09-21T12:35:34.9828153-04:00","Action":"cont","Package":"github.com/qompack/qompack/internal/cli","Test":"TestFsck_AnUnreadableArtifactIsAReportedRow/migrate/cursor.json"}
{"Time":"2026-09-21T12:35:34.9828153-04:00","Action":"output","Package":"github.com/qompack/qompack/internal/cli","Test":"TestFsck_AnUnreadableArtifactIsAReportedRow/migrate/cursor.json","Output":"=== CONT  TestFsck_AnUnreadableArtifactIsAReportedRow/migrate/cursor.json\n"}
{"Time":"2026-09-21T12:35:34.9910078-04:00","Action":"output","Package":"github.com/qompack/qompack/internal/cli","Test":"TestFsck_ReportsEachSeededDefectAndRepairsNone/a_roots.jsonl_record_version_this_build_does_not_know","Output":"--- PASS: TestFsck_ReportsEachSeededDefectAndRepairsNone/a_roots.jsonl_record_version_this_build_does_not_know (0.13s)\n"}
{"Time":"2026-09-21T12:35:34.9910078-04:00","Action":"pass","Package":"github.com/qompack/qompack/internal/cli","Test":"TestFsck_ReportsEachSeededDefectAndRepairsNone/a_roots.jsonl_record_version_this_build_does_not_know","Elapsed":0.13}
{"Time":"2026-09-21T12:35:34.9910078-04:00","Action":"cont","Package":"github.com/qompack/qompack/internal/cli","Test":"TestFsck_AnUnreadableArtifactIsAReportedRow/checkpoints/"}
{"Time":"2026-09-21T12:35:34.9910078-04:00","Action":"output","Package":"github.com/qompack/qompack/internal/cli","Test":"TestFsck_AnUnreadableArtifactIsAReportedRow/checkpoints/","Output":"=== CONT  TestFsck_AnUnreadableArtifactIsAReportedRow/checkpoints/\n"}
{"Time":"2026-09-21T12:35:34.9910078-04:00","Action":"output","Package":"github.com/qompack/qompack/internal/cli","Test":"TestFsck_ReportsEachSeededDefectAndRepairsNone","Output":"--- PASS: TestFsck_ReportsEachSeededDefectAndRepairsNone (0.00s)\n"}
{"Time":"2026-09-21T12:35:35.1034887-04:00","Action":"pass","Package":"github.com/qompack/qompack/internal/cli","Test":"TestFsck_ReportsEachSeededDefectAndRepairsNone","Elapsed":0}
{"Time":"2026-09-21T12:35:35.1040127-04:00","Action":"output","Package":"github.com/qompack/qompack/internal/cli","Test":"TestFsck_AnUnreadableArtifactIsAReportedRow/checkpoints/","Output":"--- PASS: TestFsck_AnUnreadableArtifactIsAReportedRow/checkpoints/ (0.11s)\n"}
{"Time":"2026-09-21T12:35:35.1040127-04:00","Action":"pass","Package":"github.com/qompack/qompack/internal/cli","Test":"TestFsck_AnUnreadableArtifactIsAReportedRow/checkpoints/","Elapsed":0.11}
{"Time":"2026-09-21T12:35:35.1040127-04:00","Action":"cont","Package":"github.com/qompack/qompack/internal/cli","Test":"TestFsck_AnUnreadableArtifactIsAReportedRow/pins/invariants.json"}
{"Time":"2026-09-21T12:35:35.1040127-04:00","Action":"output","Package":"github.com/qompack/qompack/internal/cli","Test":"TestFsck_AnUnreadableArtifactIsAReportedRow/pins/invariants.json","Output":"=== CONT  TestFsck_AnUnreadableArtifactIsAReportedRow/pins/invariants.json\n"}
{"Time":"2026-09-21T12:35:35.1045661-04:00","Action":"output","Package":"github.com/qompack/qompack/internal/cli","Test":"TestFsck_AnUnreadableArtifactIsAReportedRow/migrate/cursor.json","Output":"--- PASS: TestFsck_AnUnreadableArtifactIsAReportedRow/migrate/cursor.json (0.12s)\n"}
{"Time":"2026-09-21T12:35:35.1045661-04:00","Action":"pass","Package":"github.com/qompack/qompack/internal/cli","Test":"TestFsck_AnUnreadableArtifactIsAReportedRow/migrate/cursor.json","Elapsed":0.12}
{"Time":"2026-09-21T12:35:35.1045661-04:00","Action":"cont","Package":"github.com/qompack/qompack/internal/cli","Test":"TestFsck_AnUnreadableArtifactIsAReportedRow/backup/"}
{"Time":"2026-09-21T12:35:35.1045661-04:00","Action":"output","Package":"github.com/qompack/qompack/internal/cli","Test":"TestFsck_AnUnreadableArtifactIsAReportedRow/backup/","Output":"=== CONT  TestFsck_AnUnreadableArtifactIsAReportedRow/backup/\n"}
{"Time":"2026-09-21T12:35:35.2891419-04:00","Action":"output","Package":"github.com/qompack/qompack/internal/cli","Test":"TestFsck_AnUnreadableArtifactIsAReportedRow/pins/invariants.json","Output":"--- PASS: TestFsck_AnUnreadableArtifactIsAReportedRow/pins/invariants.json (0.19s)\n"}
{"Time":"2026-09-21T12:35:35.2891419-04:00","Action":"pass","Package":"github.com/qompack/qompack/internal/cli","Test":"TestFsck_AnUnreadableArtifactIsAReportedRow/pins/invariants.json","Elapsed":0.19}
{"Time":"2026-09-21T12:35:35.2891419-04:00","Action":"cont","Package":"github.com/qompack/qompack/internal/cli","Test":"TestFsck_AnUnreadableArtifactIsAReportedRow/state/delivery-lease-position.json"}
{"Time":"2026-09-21T12:35:35.2896584-04:00","Action":"output","Package":"github.com/qompack/qompack/internal/cli","Test":"TestFsck_AnUnreadableArtifactIsAReportedRow/state/delivery-lease-position.json","Output":"=== CONT  TestFsck_AnUnreadableArtifactIsAReportedRow/state/delivery-lease-position.json\n"}
{"Time":"2026-09-21T12:35:35.2970134-04:00","Action":"cont","Package":"github.com/qompack/qompack/internal/cli","Test":"TestFsck_AnUnreadableArtifactIsAReportedRow/state/pending"}
{"Time":"2026-09-21T12:35:35.2970134-04:00","Action":"output","Package":"github.com/qompack/qompack/internal/cli","Test":"TestFsck_AnUnreadableArtifactIsAReportedRow/state/pending","Output":"=== CONT  TestFsck_AnUnreadableArtifactIsAReportedRow/state/pending\n"}
{"Time":"2026-09-21T12:35:35.2970134-04:00","Action":"output","Package":"github.com/qompack/qompack/internal/cli","Test":"TestFsck_AnUnreadableArtifactIsAReportedRow/backup/","Output":"--- PASS: TestFsck_AnUnreadableArtifactIsAReportedRow/backup/ (0.19s)\n"}
{"Time":"2026-09-21T12:35:35.4043722-04:00","Action":"pass","Package":"github.com/qompack/qompack/internal/cli","Test":"TestFsck_AnUnreadableArtifactIsAReportedRow/backup/","Elapsed":0.19}
{"Time":"2026-09-21T12:35:35.4043722-04:00","Action":"output","Package":"github.com/qompack/qompack/internal/cli","Test":"TestFsck_AnUnreadableArtifactIsAReportedRow/state/delivery-lease-position.json","Output":"--- PASS: TestFsck_AnUnreadableArtifactIsAReportedRow/state/delivery-lease-position.json (0.12s)\n"}
{"Time":"2026-09-21T12:35:35.4043722-04:00","Action":"pass","Package":"github.com/qompack/qompack/internal/cli","Test":"TestFsck_AnUnreadableArtifactIsAReportedRow/state/delivery-lease-position.json","Elapsed":0.12}
{"Time":"2026-09-21T12:35:35.4043722-04:00","Action":"cont","Package":"github.com/qompack/qompack/internal/cli","Test":"TestFsck_AnUnreadableArtifactIsAReportedRow/migrate/mapping.jsonl"}
{"Time":"2026-09-21T12:35:35.4043722-04:00","Action":"output","Package":"github.com/qompack/qompack/internal/cli","Test":"TestFsck_AnUnreadableArtifactIsAReportedRow/migrate/mapping.jsonl","Output":"=== CONT  TestFsck_AnUnreadableArtifactIsAReportedRow/migrate/mapping.jsonl\n"}
{"Time":"2026-09-21T12:35:35.4160936-04:00","Action":"output","Package":"github.com/qompack/qompack/internal/cli","Test":"TestFsck_AnUnreadableArtifactIsAReportedRow/state/pending","Output":"--- PASS: TestFsck_AnUnreadableArtifactIsAReportedRow/state/pending (0.12s)\n"}
{"Time":"2026-09-21T12:35:35.4160936-04:00","Action":"pass","Package":"github.com/qompack/qompack/internal/cli","Test":"TestFsck_AnUnreadableArtifactIsAReportedRow/state/pending","Elapsed":0.12}
{"Time":"2026-09-21T12:35:35.4160936-04:00","Action":"cont","Package":"github.com/qompack/qompack/internal/cli","Test":"TestFsck_ReportsEveryDanglingReferenceClass/a_root's_chunk"}
{"Time":"2026-09-21T12:35:35.4160936-04:00","Action":"output","Package":"github.com/qompack/qompack/internal/cli","Test":"TestFsck_ReportsEveryDanglingReferenceClass/a_root's_chunk","Output":"=== CONT  TestFsck_ReportsEveryDanglingReferenceClass/a_root's_chunk\n"}
{"Time":"2026-09-21T12:35:35.523834-04:00","Action":"output","Package":"github.com/qompack/qompack/internal/cli","Test":"TestFsck_AnUnreadableArtifactIsAReportedRow/migrate/mapping.jsonl","Output":"--- PASS: TestFsck_AnUnreadableArtifactIsAReportedRow/migrate/mapping.jsonl (0.12s)\n"}
{"Time":"2026-09-21T12:35:35.523834-04:00","Action":"pass","Package":"github.com/qompack/qompack/internal/cli","Test":"TestFsck_AnUnreadableArtifactIsAReportedRow/migrate/mapping.jsonl","Elapsed":0.12}
{"Time":"2026-09-21T12:35:35.523834-04:00","Action":"cont","Package":"github.com/qompack/qompack/internal/cli","Test":"TestFsck_ReportsEveryDanglingReferenceClass/a_checkpoint's_tool_pointer"}
{"Time":"2026-09-21T12:35:35.523834-04:00","Action":"output","Package":"github.com/qompack/qompack/internal/cli","Test":"TestFsck_ReportsEveryDanglingReferenceClass/a_checkpoint's_tool_pointer","Output":"=== CONT  TestFsck_ReportsEveryDanglingReferenceClass/a_checkpoint's_tool_pointer\n"}
{"Time":"2026-09-21T12:35:35.5243592-04:00","Action":"output","Package":"github.com/qompack/qompack/internal/cli","Test":"TestFsck_AnUnreadableArtifactIsAReportedRow","Output":"--- PASS: TestFsck_AnUnreadableArtifactIsAReportedRow (0.00s)\n"}
{"Time":"2026-09-21T12:35:35.6222613-04:00","Action":"pass","Package":"github.com/qompack/qompack/internal/cli","Test":"TestFsck_AnUnreadableArtifactIsAReportedRow","Elapsed":0}
{"Time":"2026-09-21T12:35:35.6222613-04:00","Action":"cont","Package":"github.com/qompack/qompack/internal/cli","Test":"TestFsck_ReportsEveryDanglingReferenceClass/a_published_capture_sidecar's_root"}
{"Time":"2026-09-21T12:35:35.6222613-04:00","Action":"output","Package":"github.com/qompack/qompack/internal/cli","Test":"TestFsck_ReportsEveryDanglingReferenceClass/a_published_capture_sidecar's_root","Output":"=== CONT  TestFsck_ReportsEveryDanglingReferenceClass/a_published_capture_sidecar's_root\n"}
{"Time":"2026-09-21T12:35:35.6222613-04:00","Action":"output","Package":"github.com/qompack/qompack/internal/cli","Test":"TestFsck_ReportsEveryDanglingReferenceClass/a_root's_chunk","Output":"--- PASS: TestFsck_ReportsEveryDanglingReferenceClass/a_root's_chunk (0.21s)\n"}
{"Time":"2026-09-21T12:35:35.6619454-04:00","Action":"pass","Package":"github.com/qompack/qompack/internal/cli","Test":"TestFsck_ReportsEveryDanglingReferenceClass/a_root's_chunk","Elapsed":0.21}
{"Time":"2026-09-21T12:35:35.6619454-04:00","Action":"output","Package":"github.com/qompack/qompack/internal/cli","Test":"TestFsck_ReportsEveryDanglingReferenceClass/a_checkpoint's_tool_pointer","Output":"--- PASS: TestFsck_ReportsEveryDanglingReferenceClass/a_checkpoint's_tool_pointer (0.14s)\n"}
{"Time":"2026-09-21T12:35:35.6619454-04:00","Action":"pass","Package":"github.com/qompack/qompack/internal/cli","Test":"TestFsck_ReportsEveryDanglingReferenceClass/a_checkpoint's_tool_pointer","Elapsed":0.14}
{"Time":"2026-09-21T12:35:35.6619454-04:00","Action":"cont","Package":"github.com/qompack/qompack/internal/cli","Test":"TestFsck_ReportsEveryDanglingReferenceClass/a_checkpoint's_file_pointer"}
{"Time":"2026-09-21T12:35:35.6619454-04:00","Action":"output","Package":"github.com/qompack/qompack/internal/cli","Test":"TestFsck_ReportsEveryDanglingReferenceClass/a_checkpoint's_file_pointer","Output":"=== CONT  TestFsck_ReportsEveryDanglingReferenceClass/a_checkpoint's_file_pointer\n"}
{"Time":"2026-09-21T12:35:35.7850821-04:00","Action":"output","Package":"github.com/qompack/qompack/internal/cli","Test":"TestFsck_ReportsEveryDanglingReferenceClass/a_published_capture_sidecar's_root","Output":"--- PASS: TestFsck_ReportsEveryDanglingReferenceClass/a_published_capture_sidecar's_root (0.16s)\n"}
{"Time":"2026-09-21T12:35:35.7850821-04:00","Action":"pass","Package":"github.com/qompack/qompack/internal/cli","Test":"TestFsck_ReportsEveryDanglingReferenceClass/a_published_capture_sidecar's_root","Elapsed":0.16}
{"Time":"2026-09-21T12:35:35.7850821-04:00","Action":"cont","Package":"github.com/qompack/qompack/internal/cli","Test":"TestFsck_ReportsEveryDanglingReferenceClass/a_tool_use_record's_root"}
{"Time":"2026-09-21T12:35:35.7850821-04:00","Action":"output","Package":"github.com/qompack/qompack/internal/cli","Test":"TestFsck_ReportsEveryDanglingReferenceClass/a_tool_use_record's_root","Output":"=== CONT  TestFsck_ReportsEveryDanglingReferenceClass/a_tool_use_record's_root\n"}
{"Time":"2026-09-21T12:35:35.8183061-04:00","Action":"output","Package":"github.com/qompack/qompack/internal/cli","Test":"TestFsck_ReportsEveryDanglingReferenceClass/a_checkpoint's_file_pointer","Output":"--- PASS: TestFsck_ReportsEveryDanglingReferenceClass/a_checkpoint's_file_pointer (0.16s)\n"}
{"Time":"2026-09-21T12:35:35.8183061-04:00","Action":"pass","Package":"github.com/qompack/qompack/internal/cli","Test":"TestFsck_ReportsEveryDanglingReferenceClass/a_checkpoint's_file_pointer","Elapsed":0.16}
{"Time":"2026-09-21T12:35:35.8183061-04:00","Action":"cont","Package":"github.com/qompack/qompack/internal/cli","Test":"TestFsck_AndDoctor_CreateNothingOnAnyProjectShape/a_bare_.qompack_directory"}
{"Time":"2026-09-21T12:35:35.8183061-04:00","Action":"output","Package":"github.com/qompack/qompack/internal/cli","Test":"TestFsck_AndDoctor_CreateNothingOnAnyProjectShape/a_bare_.qompack_directory","Output":"=== CONT  TestFsck_AndDoctor_CreateNothingOnAnyProjectShape/a_bare_.qompack_directory\n"}
{"Time":"2026-09-21T12:35:35.8243437-04:00","Action":"output","Package":"github.com/qompack/qompack/internal/cli","Test":"TestFsck_AndDoctor_CreateNothingOnAnyProjectShape/a_bare_.qompack_directory","Output":"--- PASS: TestFsck_AndDoctor_CreateNothingOnAnyProjectShape/a_bare_.qompack_directory (0.01s)\n"}
{"Time":"2026-09-21T12:35:35.8243437-04:00","Action":"pass","Package":"github.com/qompack/qompack/internal/cli","Test":"TestFsck_AndDoctor_CreateNothingOnAnyProjectShape/a_bare_.qompack_directory","Elapsed":0.01}
{"Time":"2026-09-21T12:35:35.8243437-04:00","Action":"cont","Package":"github.com/qompack/qompack/internal/cli","Test":"TestFsck_AndDoctor_CreateNothingOnAnyProjectShape/a_laid-out_project_with_no_roots_at_all"}
{"Time":"2026-09-21T12:35:35.8243437-04:00","Action":"output","Package":"github.com/qompack/qompack/internal/cli","Test":"TestFsck_AndDoctor_CreateNothingOnAnyProjectShape/a_laid-out_project_with_no_roots_at_all","Output":"=== CONT  TestFsck_AndDoctor_CreateNothingOnAnyProjectShape/a_laid-out_project_with_no_roots_at_all\n"}
{"Time":"2026-09-21T12:35:35.8507521-04:00","Action":"output","Package":"github.com/qompack/qompack/internal/cli","Test":"TestFsck_AndDoctor_CreateNothingOnAnyProjectShape/a_laid-out_project_with_no_roots_at_all","Output":"--- PASS: TestFsck_AndDoctor_CreateNothingOnAnyProjectShape/a_laid-out_project_with_no_roots_at_all (0.03s)\n"}
{"Time":"2026-09-21T12:35:35.8507521-04:00","Action":"pass","Package":"github.com/qompack/qompack/internal/cli","Test":"TestFsck_AndDoctor_CreateNothingOnAnyProjectShape/a_laid-out_project_with_no_roots_at_all","Elapsed":0.03}
{"Time":"2026-09-21T12:35:35.8507521-04:00","Action":"cont","Package":"github.com/qompack/qompack/internal/cli","Test":"TestFsck_AndDoctor_CreateNothingOnAnyProjectShape/a_fully_seeded_project"}
{"Time":"2026-09-21T12:35:35.8507521-04:00","Action":"output","Package":"github.com/qompack/qompack/internal/cli","Test":"TestFsck_AndDoctor_CreateNothingOnAnyProjectShape/a_fully_seeded_project","Output":"=== CONT  TestFsck_AndDoctor_CreateNothingOnAnyProjectShape/a_fully_seeded_project\n"}
{"Time":"2026-09-21T12:35:35.9485275-04:00","Action":"output","Package":"github.com/qompack/qompack/internal/cli","Test":"TestFsck_ReportsEveryDanglingReferenceClass/a_tool_use_record's_root","Output":"--- PASS: TestFsck_ReportsEveryDanglingReferenceClass/a_tool_use_record's_root (0.16s)\n"}
{"Time":"2026-09-21T12:35:35.9485275-04:00","Action":"pass","Package":"github.com/qompack/qompack/internal/cli","Test":"TestFsck_ReportsEveryDanglingReferenceClass/a_tool_use_record's_root","Elapsed":0.16}
{"Time":"2026-09-21T12:35:35.9485275-04:00","Action":"cont","Package":"github.com/qompack/qompack/internal/cli","Test":"TestFsck_AndDoctor_CreateNothingOnAnyProjectShape/one_roots_line_and_one_object"}
{"Time":"2026-09-21T12:35:35.9485275-04:00","Action":"output","Package":"github.com/qompack/qompack/internal/cli","Test":"TestFsck_AndDoctor_CreateNothingOnAnyProjectShape/one_roots_line_and_one_object","Output":"=== CONT  TestFsck_AndDoctor_CreateNothingOnAnyProjectShape/one_roots_line_and_one_object\n"}
{"Time":"2026-09-21T12:35:35.9485275-04:00","Action":"output","Package":"github.com/qompack/qompack/internal/cli","Test":"TestFsck_ReportsEveryDanglingReferenceClass","Output":"--- PASS: TestFsck_ReportsEveryDanglingReferenceClass (0.00s)\n"}
{"Time":"2026-09-21T12:35:35.9849459-04:00","Action":"pass","Package":"github.com/qompack/qompack/internal/cli","Test":"TestFsck_ReportsEveryDanglingReferenceClass","Elapsed":0}
{"Time":"2026-09-21T12:35:35.9849459-04:00","Action":"output","Package":"github.com/qompack/qompack/internal/cli","Test":"TestFsck_AndDoctor_CreateNothingOnAnyProjectShape/a_fully_seeded_project","Output":"--- PASS: TestFsck_AndDoctor_CreateNothingOnAnyProjectShape/a_fully_seeded_project (0.13s)\n"}
{"Time":"2026-09-21T12:35:35.9857021-04:00","Action":"pass","Package":"github.com/qompack/qompack/internal/cli","Test":"TestFsck_AndDoctor_CreateNothingOnAnyProjectShape/a_fully_seeded_project","Elapsed":0.13}
{"Time":"2026-09-21T12:35:35.9857021-04:00","Action":"output","Package":"github.com/qompack/qompack/internal/cli","Test":"TestFsck_AndDoctor_CreateNothingOnAnyProjectShape/one_roots_line_and_one_object","Output":"--- PASS: TestFsck_AndDoctor_CreateNothingOnAnyProjectShape/one_roots_line_and_one_object (0.04s)\n"}
{"Time":"2026-09-21T12:35:35.9857021-04:00","Action":"pass","Package":"github.com/qompack/qompack/internal/cli","Test":"TestFsck_AndDoctor_CreateNothingOnAnyProjectShape/one_roots_line_and_one_object","Elapsed":0.04}
{"Time":"2026-09-21T12:35:35.9857021-04:00","Action":"output","Package":"github.com/qompack/qompack/internal/cli","Test":"TestFsck_AndDoctor_CreateNothingOnAnyProjectShape","Output":"--- PASS: TestFsck_AndDoctor_CreateNothingOnAnyProjectShape (0.00s)\n"}
{"Time":"2026-09-21T12:35:35.9857021-04:00","Action":"pass","Package":"github.com/qompack/qompack/internal/cli","Test":"TestFsck_AndDoctor_CreateNothingOnAnyProjectShape","Elapsed":0}
{"Time":"2026-09-21T12:35:35.9857021-04:00","Action":"output","Package":"github.com/qompack/qompack/internal/cli","Output":"FAIL\n"}
{"Time":"2026-09-21T12:35:35.995358-04:00","Action":"output","Package":"github.com/qompack/qompack/internal/cli","Output":"FAIL\tgithub.com/qompack/qompack/internal/cli\t4.678s\n"}
{"Time":"2026-09-21T12:35:35.995358-04:00","Action":"fail","Package":"github.com/qompack/qompack/internal/cli","Elapsed":4.678}
{"Time":"2026-09-21T12:35:36.0453928-04:00","Action":"start","Package":"github.com/qompack/qompack/internal/daemon"}
{"Time":"2026-09-21T12:35:36.2826252-04:00","Action":"run","Package":"github.com/qompack/qompack/internal/daemon","Test":"TestBorrowedLease_SurvivesDaemonUntilCallerClosesWriters"}
{"Time":"2026-09-21T12:35:36.2831454-04:00","Action":"output","Package":"github.com/qompack/qompack/internal/daemon","Test":"TestBorrowedLease_SurvivesDaemonUntilCallerClosesWriters","Output":"=== RUN   TestBorrowedLease_SurvivesDaemonUntilCallerClosesWriters\n"}
{"Time":"2026-09-21T12:35:36.3931672-04:00","Action":"output","Package":"github.com/qompack/qompack/internal/daemon","Test":"TestBorrowedLease_SurvivesDaemonUntilCallerClosesWriters","Output":"--- PASS: TestBorrowedLease_SurvivesDaemonUntilCallerClosesWriters (0.11s)\n"}
{"Time":"2026-09-21T12:35:36.3931672-04:00","Action":"pass","Package":"github.com/qompack/qompack/internal/daemon","Test":"TestBorrowedLease_SurvivesDaemonUntilCallerClosesWriters","Elapsed":0.11}
{"Time":"2026-09-21T12:35:36.3931672-04:00","Action":"run","Package":"github.com/qompack/qompack/internal/daemon","Test":"TestBorrowedLease_RejectsWrongProjectAndReleasedLease"}
{"Time":"2026-09-21T12:35:36.3931672-04:00","Action":"output","Package":"github.com/qompack/qompack/internal/daemon","Test":"TestBorrowedLease_RejectsWrongProjectAndReleasedLease","Output":"=== RUN   TestBorrowedLease_RejectsWrongProjectAndReleasedLease\n"}
{"Time":"2026-09-21T12:35:36.4160052-04:00","Action":"output","Package":"github.com/qompack/qompack/internal/daemon","Test":"TestBorrowedLease_RejectsWrongProjectAndReleasedLease","Output":"--- PASS: TestBorrowedLease_RejectsWrongProjectAndReleasedLease (0.02s)\n"}
{"Time":"2026-09-21T12:35:36.4160052-04:00","Action":"pass","Package":"github.com/qompack/qompack/internal/daemon","Test":"TestBorrowedLease_RejectsWrongProjectAndReleasedLease","Elapsed":0.02}
{"Time":"2026-09-21T12:35:36.4171353-04:00","Action":"run","Package":"github.com/qompack/qompack/internal/daemon","Test":"TestDeliveryJournal_EmptySessionIsAValidIdentityScope"}
{"Time":"2026-09-21T12:35:36.4171353-04:00","Action":"output","Package":"github.com/qompack/qompack/internal/daemon","Test":"TestDeliveryJournal_EmptySessionIsAValidIdentityScope","Output":"=== RUN   TestDeliveryJournal_EmptySessionIsAValidIdentityScope\n"}
{"Time":"2026-09-21T12:35:36.5347102-04:00","Action":"output","Package":"github.com/qompack/qompack/internal/daemon","Test":"TestDeliveryJournal_EmptySessionIsAValidIdentityScope","Output":"--- PASS: TestDeliveryJournal_EmptySessionIsAValidIdentityScope (0.12s)\n"}
{"Time":"2026-09-21T12:35:36.5347102-04:00","Action":"pass","Package":"github.com/qompack/qompack/internal/daemon","Test":"TestDeliveryJournal_EmptySessionIsAValidIdentityScope","Elapsed":0.12}
{"Time":"2026-09-21T12:35:36.5406524-04:00","Action":"run","Package":"github.com/qompack/qompack/internal/daemon","Test":"TestScopedReuse_ReportOnlyIsAStateNotAnAbsence"}
{"Time":"2026-09-21T12:35:36.5406524-04:00","Action":"output","Package":"github.com/qompack/qompack/internal/daemon","Test":"TestScopedReuse_ReportOnlyIsAStateNotAnAbsence","Output":"=== RUN   TestScopedReuse_ReportOnlyIsAStateNotAnAbsence\n"}
{"Time":"2026-09-21T12:35:36.5406524-04:00","Action":"output","Package":"github.com/qompack/qompack/internal/daemon","Test":"TestScopedReuse_ReportOnlyIsAStateNotAnAbsence","Output":"=== PAUSE TestScopedReuse_ReportOnlyIsAStateNotAnAbsence\n"}
{"Time":"2026-09-21T12:35:36.5406524-04:00","Action":"pause","Package":"github.com/qompack/qompack/internal/daemon","Test":"TestScopedReuse_ReportOnlyIsAStateNotAnAbsence"}
{"Time":"2026-09-21T12:35:36.5406524-04:00","Action":"run","Package":"github.com/qompack/qompack/internal/daemon","Test":"TestScopedReuse_ADisabledFeatureAndAnEmptyResultAreDifferent"}
{"Time":"2026-09-21T12:35:36.5406524-04:00","Action":"output","Package":"github.com/qompack/qompack/internal/daemon","Test":"TestScopedReuse_ADisabledFeatureAndAnEmptyResultAreDifferent","Output":"=== RUN   TestScopedReuse_ADisabledFeatureAndAnEmptyResultAreDifferent\n"}
{"Time":"2026-09-21T12:35:36.5406524-04:00","Action":"output","Package":"github.com/qompack/qompack/internal/daemon","Test":"TestScopedReuse_ADisabledFeatureAndAnEmptyResultAreDifferent","Output":"=== PAUSE TestScopedReuse_ADisabledFeatureAndAnEmptyResultAreDifferent\n"}
{"Time":"2026-09-21T12:35:36.5406524-04:00","Action":"pause","Package":"github.com/qompack/qompack/internal/daemon","Test":"TestScopedReuse_ADisabledFeatureAndAnEmptyResultAreDifferent"}
{"Time":"2026-09-21T12:35:36.5406524-04:00","Action":"run","Package":"github.com/qompack/qompack/internal/daemon","Test":"TestScopedReuse_OffersASiblingWorktreesEliminationWithItsAttribution"}
{"Time":"2026-09-21T12:35:36.5406524-04:00","Action":"output","Package":"github.com/qompack/qompack/internal/daemon","Test":"TestScopedReuse_OffersASiblingWorktreesEliminationWithItsAttribution","Output":"=== RUN   TestScopedReuse_OffersASiblingWorktreesEliminationWithItsAttribution\n"}
{"Time":"2026-09-21T12:35:36.5406524-04:00","Action":"output","Package":"github.com/qompack/qompack/internal/daemon","Test":"TestScopedReuse_OffersASiblingWorktreesEliminationWithItsAttribution","Output":"=== PAUSE TestScopedReuse_OffersASiblingWorktreesEliminationWithItsAttribution\n"}
{"Time":"2026-09-21T12:35:36.5406524-04:00","Action":"pause","Package":"github.com/qompack/qompack/internal/daemon","Test":"TestScopedReuse_OffersASiblingWorktreesEliminationWithItsAttribution"}
{"Time":"2026-09-21T12:35:36.5406524-04:00","Action":"run","Package":"github.com/qompack/qompack/internal/daemon","Test":"TestScopedReuse_NoGrantOffersNothingEvenWithTheSwitchOn"}
{"Time":"2026-09-21T12:35:36.5406524-04:00","Action":"output","Package":"github.com/qompack/qompack/internal/daemon","Test":"TestScopedReuse_NoGrantOffersNothingEvenWithTheSwitchOn","Output":"=== RUN   TestScopedReuse_NoGrantOffersNothingEvenWithTheSwitchOn\n"}
{"Time":"2026-09-21T12:35:36.5406524-04:00","Action":"output","Package":"github.com/qompack/qompack/internal/daemon","Test":"TestScopedReuse_NoGrantOffersNothingEvenWithTheSwitchOn","Output":"=== PAUSE TestScopedReuse_NoGrantOffersNothingEvenWithTheSwitchOn\n"}
{"Time":"2026-09-21T12:35:36.5411874-04:00","Action":"pause","Package":"github.com/qompack/qompack/internal/daemon","Test":"TestScopedReuse_NoGrantOffersNothingEvenWithTheSwitchOn"}
{"Time":"2026-09-21T12:35:36.5411874-04:00","Action":"run","Package":"github.com/qompack/qompack/internal/daemon","Test":"TestScopedReuse_WithheldAndDeniedAreCountedApart"}
{"Time":"2026-09-21T12:35:36.5411874-04:00","Action":"output","Package":"github.com/qompack/qompack/internal/daemon","Test":"TestScopedReuse_WithheldAndDeniedAreCountedApart","Output":"=== RUN   TestScopedReuse_WithheldAndDeniedAreCountedApart\n"}
{"Time":"2026-09-21T12:35:36.5411874-04:00","Action":"output","Package":"github.com/qompack/qompack/internal/daemon","Test":"TestScopedReuse_WithheldAndDeniedAreCountedApart","Output":"=== PAUSE TestScopedReuse_WithheldAndDeniedAreCountedApart\n"}
{"Time":"2026-09-21T12:35:36.5411874-04:00","Action":"pause","Package":"github.com/qompack/qompack/internal/daemon","Test":"TestScopedReuse_WithheldAndDeniedAreCountedApart"}
{"Time":"2026-09-21T12:35:36.5411874-04:00","Action":"run","Package":"github.com/qompack/qompack/internal/daemon","Test":"TestScopedReuse_CrossRepositoryIsDeniedByTheBroadestGrant"}
{"Time":"2026-09-21T12:35:36.5411874-04:00","Action":"output","Package":"github.com/qompack/qompack/internal/daemon","Test":"TestScopedReuse_CrossRepositoryIsDeniedByTheBroadestGrant","Output":"=== RUN   TestScopedReuse_CrossRepositoryIsDeniedByTheBroadestGrant\n"}
{"Time":"2026-09-21T12:35:36.5411874-04:00","Action":"output","Package":"github.com/qompack/qompack/internal/daemon","Test":"TestScopedReuse_CrossRepositoryIsDeniedByTheBroadestGrant","Output":"=== PAUSE TestScopedReuse_CrossRepositoryIsDeniedByTheBroadestGrant\n"}
{"Time":"2026-09-21T12:35:36.5411874-04:00","Action":"pause","Package":"github.com/qompack/qompack/internal/daemon","Test":"TestScopedReuse_CrossRepositoryIsDeniedByTheBroadestGrant"}
{"Time":"2026-09-21T12:35:36.5411874-04:00","Action":"run","Package":"github.com/qompack/qompack/internal/daemon","Test":"TestScopedReuse_DegradedDependencyCoverageWithholdsEverything"}
{"Time":"2026-09-21T12:35:36.5411874-04:00","Action":"output","Package":"github.com/qompack/qompack/internal/daemon","Test":"TestScopedReuse_DegradedDependencyCoverageWithholdsEverything","Output":"=== RUN   TestScopedReuse_DegradedDependencyCoverageWithholdsEverything\n"}
{"Time":"2026-09-21T12:35:36.5411874-04:00","Action":"output","Package":"github.com/qompack/qompack/internal/daemon","Test":"TestScopedReuse_DegradedDependencyCoverageWithholdsEverything","Output":"=== PAUSE TestScopedReuse_DegradedDependencyCoverageWithholdsEverything\n"}
{"Time":"2026-09-21T12:35:36.5411874-04:00","Action":"pause","Package":"github.com/qompack/qompack/internal/daemon","Test":"TestScopedReuse_DegradedDependencyCoverageWithholdsEverything"}
{"Time":"2026-09-21T12:35:36.5411874-04:00","Action":"run","Package":"github.com/qompack/qompack/internal/daemon","Test":"TestScopedReuse_UnobservedScopeWithholdsRatherThanMatching"}
{"Time":"2026-09-21T12:35:36.5411874-04:00","Action":"output","Package":"github.com/qompack/qompack/internal/daemon","Test":"TestScopedReuse_UnobservedScopeWithholdsRatherThanMatching","Output":"=== RUN   TestScopedReuse_UnobservedScopeWithholdsRatherThanMatching\n"}
{"Time":"2026-09-21T12:35:36.5411874-04:00","Action":"output","Package":"github.com/qompack/qompack/internal/daemon","Test":"TestScopedReuse_UnobservedScopeWithholdsRatherThanMatching","Output":"=== PAUSE TestScopedReuse_UnobservedScopeWithholdsRatherThanMatching\n"}
{"Time":"2026-09-21T12:35:36.5411874-04:00","Action":"pause","Package":"github.com/qompack/qompack/internal/daemon","Test":"TestScopedReuse_UnobservedScopeWithholdsRatherThanMatching"}
{"Time":"2026-09-21T12:35:36.5411874-04:00","Action":"run","Package":"github.com/qompack/qompack/internal/daemon","Test":"TestScopedReuse_OmissionsAreGroupedByReason"}
{"Time":"2026-09-21T12:35:36.5411874-04:00","Action":"output","Package":"github.com/qompack/qompack/internal/daemon","Test":"TestScopedReuse_OmissionsAreGroupedByReason","Output":"=== RUN   TestScopedReuse_OmissionsAreGroupedByReason\n"}
{"Time":"2026-09-21T12:35:36.5411874-04:00","Action":"output","Package":"github.com/qompack/qompack/internal/daemon","Test":"TestScopedReuse_OmissionsAreGroupedByReason","Output":"=== PAUSE TestScopedReuse_OmissionsAreGroupedByReason\n"}
{"Time":"2026-09-21T12:35:36.5411874-04:00","Action":"pause","Package":"github.com/qompack/qompack/internal/daemon","Test":"TestScopedReuse_OmissionsAreGroupedByReason"}
{"Time":"2026-09-21T12:35:36.5411874-04:00","Action":"run","Package":"github.com/qompack/qompack/internal/daemon","Test":"TestScopedReuse_ADaemonCannotMintItsOwnGrant"}
{"Time":"2026-09-21T12:35:36.5411874-04:00","Action":"output","Package":"github.com/qompack/qompack/internal/daemon","Test":"TestScopedReuse_ADaemonCannotMintItsOwnGrant","Output":"=== RUN   TestScopedReuse_ADaemonCannotMintItsOwnGrant\n"}
{"Time":"2026-09-21T12:35:36.5411874-04:00","Action":"output","Package":"github.com/qompack/qompack/internal/daemon","Test":"TestScopedReuse_ADaemonCannotMintItsOwnGrant","Output":"=== PAUSE TestScopedReuse_ADaemonCannotMintItsOwnGrant\n"}
{"Time":"2026-09-21T12:35:36.5411874-04:00","Action":"pause","Package":"github.com/qompack/qompack/internal/daemon","Test":"TestScopedReuse_ADaemonCannotMintItsOwnGrant"}
{"Time":"2026-09-21T12:35:36.5411874-04:00","Action":"run","Package":"github.com/qompack/qompack/internal/daemon","Test":"TestObserveScope_TwoWorktreesShareARepositoryAndDifferInTree"}
{"Time":"2026-09-21T12:35:36.5411874-04:00","Action":"output","Package":"github.com/qompack/qompack/internal/daemon","Test":"TestObserveScope_TwoWorktreesShareARepositoryAndDifferInTree","Output":"=== RUN   TestObserveScope_TwoWorktreesShareARepositoryAndDifferInTree\n"}
{"Time":"2026-09-21T12:35:36.5411874-04:00","Action":"output","Package":"github.com/qompack/qompack/internal/daemon","Test":"TestObserveScope_TwoWorktreesShareARepositoryAndDifferInTree","Output":"=== PAUSE TestObserveScope_TwoWorktreesShareARepositoryAndDifferInTree\n"}
{"Time":"2026-09-21T12:35:36.5411874-04:00","Action":"pause","Package":"github.com/qompack/qompack/internal/daemon","Test":"TestObserveScope_TwoWorktreesShareARepositoryAndDifferInTree"}
{"Time":"2026-09-21T12:35:36.5411874-04:00","Action":"run","Package":"github.com/qompack/qompack/internal/daemon","Test":"TestObserveScope_TwoUnrelatedRepositoriesNeverRelate"}
{"Time":"2026-09-21T12:35:36.5411874-04:00","Action":"output","Package":"github.com/qompack/qompack/internal/daemon","Test":"TestObserveScope_TwoUnrelatedRepositoriesNeverRelate","Output":"=== RUN   TestObserveScope_TwoUnrelatedRepositoriesNeverRelate\n"}
{"Time":"2026-09-21T12:35:36.5411874-04:00","Action":"output","Package":"github.com/qompack/qompack/internal/daemon","Test":"TestObserveScope_TwoUnrelatedRepositoriesNeverRelate","Output":"=== PAUSE TestObserveScope_TwoUnrelatedRepositoriesNeverRelate\n"}
{"Time":"2026-09-21T12:35:36.5411874-04:00","Action":"pause","Package":"github.com/qompack/qompack/internal/daemon","Test":"TestObserveScope_TwoUnrelatedRepositoriesNeverRelate"}
{"Time":"2026-09-21T12:35:36.5411874-04:00","Action":"run","Package":"github.com/qompack/qompack/internal/daemon","Test":"TestObserveScope_SameWorktreeAcrossSessions"}
{"Time":"2026-09-21T12:35:36.5411874-04:00","Action":"output","Package":"github.com/qompack/qompack/internal/daemon","Test":"TestObserveScope_SameWorktreeAcrossSessions","Output":"=== RUN   TestObserveScope_SameWorktreeAcrossSessions\n"}
{"Time":"2026-09-21T12:35:36.5411874-04:00","Action":"output","Package":"github.com/qompack/qompack/internal/daemon","Test":"TestObserveScope_SameWorktreeAcrossSessions","Output":"=== PAUSE TestObserveScope_SameWorktreeAcrossSessions\n"}
{"Time":"2026-09-21T12:35:36.5411874-04:00","Action":"pause","Package":"github.com/qompack/qompack/internal/daemon","Test":"TestObserveScope_SameWorktreeAcrossSessions"}
{"Time":"2026-09-21T12:35:36.5411874-04:00","Action":"run","Package":"github.com/qompack/qompack/internal/daemon","Test":"TestObserveScope_NothingFailsAndEveryGapIsNamed"}
{"Time":"2026-09-21T12:35:36.5411874-04:00","Action":"output","Package":"github.com/qompack/qompack/internal/daemon","Test":"TestObserveScope_NothingFailsAndEveryGapIsNamed","Output":"=== RUN   TestObserveScope_NothingFailsAndEveryGapIsNamed\n"}
{"Time":"2026-09-21T12:35:36.5411874-04:00","Action":"output","Package":"github.com/qompack/qompack/internal/daemon","Test":"TestObserveScope_NothingFailsAndEveryGapIsNamed","Output":"=== PAUSE TestObserveScope_NothingFailsAndEveryGapIsNamed\n"}
{"Time":"2026-09-21T12:35:36.5411874-04:00","Action":"pause","Package":"github.com/qompack/qompack/internal/daemon","Test":"TestObserveScope_NothingFailsAndEveryGapIsNamed"}
{"Time":"2026-09-21T12:35:36.5411874-04:00","Action":"run","Package":"github.com/qompack/qompack/internal/daemon","Test":"TestObserveScope_DetachedHeadHasNoBranch"}
{"Time":"2026-09-21T12:35:36.5411874-04:00","Action":"output","Package":"github.com/qompack/qompack/internal/daemon","Test":"TestObserveScope_DetachedHeadHasNoBranch","Output":"=== RUN   TestObserveScope_DetachedHeadHasNoBranch\n"}
{"Time":"2026-09-21T12:35:36.5411874-04:00","Action":"output","Package":"github.com/qompack/qompack/internal/daemon","Test":"TestObserveScope_DetachedHeadHasNoBranch","Output":"=== PAUSE TestObserveScope_DetachedHeadHasNoBranch\n"}
{"Time":"2026-09-21T12:35:36.5411874-04:00","Action":"pause","Package":"github.com/qompack/qompack/internal/daemon","Test":"TestObserveScope_DetachedHeadHasNoBranch"}
{"Time":"2026-09-21T12:35:36.5411874-04:00","Action":"run","Package":"github.com/qompack/qompack/internal/daemon","Test":"TestObserveScope_ReadsAPackedRef"}
{"Time":"2026-09-21T12:35:36.5411874-04:00","Action":"output","Package":"github.com/qompack/qompack/internal/daemon","Test":"TestObserveScope_ReadsAPackedRef","Output":"=== RUN   TestObserveScope_ReadsAPackedRef\n"}
{"Time":"2026-09-21T12:35:36.5417117-04:00","Action":"output","Package":"github.com/qompack/qompack/internal/daemon","Test":"TestObserveScope_ReadsAPackedRef","Output":"=== PAUSE TestObserveScope_ReadsAPackedRef\n"}
{"Time":"2026-09-21T12:35:36.5417117-04:00","Action":"pause","Package":"github.com/qompack/qompack/internal/daemon","Test":"TestObserveScope_ReadsAPackedRef"}
{"Time":"2026-09-21T12:35:36.5417117-04:00","Action":"run","Package":"github.com/qompack/qompack/internal/daemon","Test":"TestObserveScope_AWorktreesOwnRefShadowsTheCommonOne"}
{"Time":"2026-09-21T12:35:36.5417117-04:00","Action":"output","Package":"github.com/qompack/qompack/internal/daemon","Test":"TestObserveScope_AWorktreesOwnRefShadowsTheCommonOne","Output":"=== RUN   TestObserveScope_AWorktreesOwnRefShadowsTheCommonOne\n"}
{"Time":"2026-09-21T12:35:36.5417117-04:00","Action":"output","Package":"github.com/qompack/qompack/internal/daemon","Test":"TestObserveScope_AWorktreesOwnRefShadowsTheCommonOne","Output":"=== PAUSE TestObserveScope_AWorktreesOwnRefShadowsTheCommonOne\n"}
{"Time":"2026-09-21T12:35:36.5417117-04:00","Action":"pause","Package":"github.com/qompack/qompack/internal/daemon","Test":"TestObserveScope_AWorktreesOwnRefShadowsTheCommonOne"}
{"Time":"2026-09-21T12:35:36.5417117-04:00","Action":"run","Package":"github.com/qompack/qompack/internal/daemon","Test":"TestObserveScope_AWorktreeWithNoCommondirLooksLikeItsOwnRepository"}
{"Time":"2026-09-21T12:35:36.5417117-04:00","Action":"output","Package":"github.com/qompack/qompack/internal/daemon","Test":"TestObserveScope_AWorktreeWithNoCommondirLooksLikeItsOwnRepository","Output":"=== RUN   TestObserveScope_AWorktreeWithNoCommondirLooksLikeItsOwnRepository\n"}
{"Time":"2026-09-21T12:35:36.5417117-04:00","Action":"output","Package":"github.com/qompack/qompack/internal/daemon","Test":"TestObserveScope_AWorktreeWithNoCommondirLooksLikeItsOwnRepository","Output":"=== PAUSE TestObserveScope_AWorktreeWithNoCommondirLooksLikeItsOwnRepository\n"}
{"Time":"2026-09-21T12:35:36.5417117-04:00","Action":"pause","Package":"github.com/qompack/qompack/internal/daemon","Test":"TestObserveScope_AWorktreeWithNoCommondirLooksLikeItsOwnRepository"}
{"Time":"2026-09-21T12:35:36.5417117-04:00","Action":"run","Package":"github.com/qompack/qompack/internal/daemon","Test":"TestObserveScope_IsStableAcrossCalls"}
{"Time":"2026-09-21T12:35:36.5417117-04:00","Action":"output","Package":"github.com/qompack/qompack/internal/daemon","Test":"TestObserveScope_IsStableAcrossCalls","Output":"=== RUN   TestObserveScope_IsStableAcrossCalls\n"}
{"Time":"2026-09-21T12:35:36.5417117-04:00","Action":"output","Package":"github.com/qompack/qompack/internal/daemon","Test":"TestObserveScope_IsStableAcrossCalls","Output":"=== PAUSE TestObserveScope_IsStableAcrossCalls\n"}
{"Time":"2026-09-21T12:35:36.5417117-04:00","Action":"pause","Package":"github.com/qompack/qompack/internal/daemon","Test":"TestObserveScope_IsStableAcrossCalls"}
{"Time":"2026-09-21T12:35:36.5417117-04:00","Action":"cont","Package":"github.com/qompack/qompack/internal/daemon","Test":"TestScopedReuse_ReportOnlyIsAStateNotAnAbsence"}
{"Time":"2026-09-21T12:35:36.5417117-04:00","Action":"output","Package":"github.com/qompack/qompack/internal/daemon","Test":"TestScopedReuse_ReportOnlyIsAStateNotAnAbsence","Output":"=== CONT  TestScopedReuse_ReportOnlyIsAStateNotAnAbsence\n"}
{"Time":"2026-09-21T12:35:36.5417117-04:00","Action":"cont","Package":"github.com/qompack/qompack/internal/daemon","Test":"TestObserveScope_TwoWorktreesShareARepositoryAndDifferInTree"}
{"Time":"2026-09-21T12:35:36.5417117-04:00","Action":"output","Package":"github.com/qompack/qompack/internal/daemon","Test":"TestObserveScope_TwoWorktreesShareARepositoryAndDifferInTree","Output":"=== CONT  TestObserveScope_TwoWorktreesShareARepositoryAndDifferInTree\n"}
{"Time":"2026-09-21T12:35:36.6000958-04:00","Action":"output","Package":"github.com/qompack/qompack/internal/daemon","Test":"TestObserveScope_TwoWorktreesShareARepositoryAndDifferInTree","Output":"--- PASS: TestObserveScope_TwoWorktreesShareARepositoryAndDifferInTree (0.06s)\n"}
{"Time":"2026-09-21T12:35:36.6000958-04:00","Action":"pass","Package":"github.com/qompack/qompack/internal/daemon","Test":"TestObserveScope_TwoWorktreesShareARepositoryAndDifferInTree","Elapsed":0.06}
{"Time":"2026-09-21T12:35:36.6000958-04:00","Action":"cont","Package":"github.com/qompack/qompack/internal/daemon","Test":"TestObserveScope_IsStableAcrossCalls"}
{"Time":"2026-09-21T12:35:36.6000958-04:00","Action":"output","Package":"github.com/qompack/qompack/internal/daemon","Test":"TestObserveScope_IsStableAcrossCalls","Output":"=== CONT  TestObserveScope_IsStableAcrossCalls\n"}
{"Time":"2026-09-21T12:35:36.6090373-04:00","Action":"output","Package":"github.com/qompack/qompack/internal/daemon","Test":"TestObserveScope_IsStableAcrossCalls","Output":"--- PASS: TestObserveScope_IsStableAcrossCalls (0.01s)\n"}
{"Time":"2026-09-21T12:35:36.6095673-04:00","Action":"pass","Package":"github.com/qompack/qompack/internal/daemon","Test":"TestObserveScope_IsStableAcrossCalls","Elapsed":0.01}
{"Time":"2026-09-21T12:35:36.6095673-04:00","Action":"cont","Package":"github.com/qompack/qompack/internal/daemon","Test":"TestObserveScope_AWorktreeWithNoCommondirLooksLikeItsOwnRepository"}
{"Time":"2026-09-21T12:35:36.6095673-04:00","Action":"output","Package":"github.com/qompack/qompack/internal/daemon","Test":"TestObserveScope_AWorktreeWithNoCommondirLooksLikeItsOwnRepository","Output":"=== CONT  TestObserveScope_AWorktreeWithNoCommondirLooksLikeItsOwnRepository\n"}
{"Time":"2026-09-21T12:35:36.6095673-04:00","Action":"output","Package":"github.com/qompack/qompack/internal/daemon","Test":"TestScopedReuse_ReportOnlyIsAStateNotAnAbsence","Output":"--- PASS: TestScopedReuse_ReportOnlyIsAStateNotAnAbsence (0.07s)\n"}
{"Time":"2026-09-21T12:35:36.6095673-04:00","Action":"pass","Package":"github.com/qompack/qompack/internal/daemon","Test":"TestScopedReuse_ReportOnlyIsAStateNotAnAbsence","Elapsed":0.07}
{"Time":"2026-09-21T12:35:36.6095673-04:00","Action":"cont","Package":"github.com/qompack/qompack/internal/daemon","Test":"TestObserveScope_AWorktreesOwnRefShadowsTheCommonOne"}
{"Time":"2026-09-21T12:35:36.6095673-04:00","Action":"output","Package":"github.com/qompack/qompack/internal/daemon","Test":"TestObserveScope_AWorktreesOwnRefShadowsTheCommonOne","Output":"=== CONT  TestObserveScope_AWorktreesOwnRefShadowsTheCommonOne\n"}
{"Time":"2026-09-21T12:35:36.6430405-04:00","Action":"output","Package":"github.com/qompack/qompack/internal/daemon","Test":"TestObserveScope_AWorktreeWithNoCommondirLooksLikeItsOwnRepository","Output":"--- PASS: TestObserveScope_AWorktreeWithNoCommondirLooksLikeItsOwnRepository (0.03s)\n"}
{"Time":"2026-09-21T12:35:36.6435617-04:00","Action":"pass","Package":"github.com/qompack/qompack/internal/daemon","Test":"TestObserveScope_AWorktreeWithNoCommondirLooksLikeItsOwnRepository","Elapsed":0.03}
{"Time":"2026-09-21T12:35:36.6435617-04:00","Action":"cont","Package":"github.com/qompack/qompack/internal/daemon","Test":"TestObserveScope_ReadsAPackedRef"}
{"Time":"2026-09-21T12:35:36.6435617-04:00","Action":"output","Package":"github.com/qompack/qompack/internal/daemon","Test":"TestObserveScope_ReadsAPackedRef","Output":"=== CONT  TestObserveScope_ReadsAPackedRef\n"}
{"Time":"2026-09-21T12:35:36.6558508-04:00","Action":"output","Package":"github.com/qompack/qompack/internal/daemon","Test":"TestObserveScope_AWorktreesOwnRefShadowsTheCommonOne","Output":"--- PASS: TestObserveScope_AWorktreesOwnRefShadowsTheCommonOne (0.05s)\n"}
{"Time":"2026-09-21T12:35:36.6558508-04:00","Action":"pass","Package":"github.com/qompack/qompack/internal/daemon","Test":"TestObserveScope_AWorktreesOwnRefShadowsTheCommonOne","Elapsed":0.05}
{"Time":"2026-09-21T12:35:36.6558508-04:00","Action":"cont","Package":"github.com/qompack/qompack/internal/daemon","Test":"TestObserveScope_DetachedHeadHasNoBranch"}
{"Time":"2026-09-21T12:35:36.6558508-04:00","Action":"output","Package":"github.com/qompack/qompack/internal/daemon","Test":"TestObserveScope_DetachedHeadHasNoBranch","Output":"=== CONT  TestObserveScope_DetachedHeadHasNoBranch\n"}
{"Time":"2026-09-21T12:35:36.6623422-04:00","Action":"output","Package":"github.com/qompack/qompack/internal/daemon","Test":"TestObserveScope_ReadsAPackedRef","Output":"--- PASS: TestObserveScope_ReadsAPackedRef (0.02s)\n"}
{"Time":"2026-09-21T12:35:36.6623422-04:00","Action":"pass","Package":"github.com/qompack/qompack/internal/daemon","Test":"TestObserveScope_ReadsAPackedRef","Elapsed":0.02}
{"Time":"2026-09-21T12:35:36.6623422-04:00","Action":"cont","Package":"github.com/qompack/qompack/internal/daemon","Test":"TestObserveScope_NothingFailsAndEveryGapIsNamed"}
{"Time":"2026-09-21T12:35:36.6623422-04:00","Action":"output","Package":"github.com/qompack/qompack/internal/daemon","Test":"TestObserveScope_NothingFailsAndEveryGapIsNamed","Output":"=== CONT  TestObserveScope_NothingFailsAndEveryGapIsNamed\n"}
{"Time":"2026-09-21T12:35:36.6623422-04:00","Action":"run","Package":"github.com/qompack/qompack/internal/daemon","Test":"TestObserveScope_NothingFailsAndEveryGapIsNamed/no_git_at_all"}
{"Time":"2026-09-21T12:35:36.6623422-04:00","Action":"output","Package":"github.com/qompack/qompack/internal/daemon","Test":"TestObserveScope_NothingFailsAndEveryGapIsNamed/no_git_at_all","Output":"=== RUN   TestObserveScope_NothingFailsAndEveryGapIsNamed/no_git_at_all\n"}
{"Time":"2026-09-21T12:35:36.6623422-04:00","Action":"output","Package":"github.com/qompack/qompack/internal/daemon","Test":"TestObserveScope_NothingFailsAndEveryGapIsNamed/no_git_at_all","Output":"=== PAUSE TestObserveScope_NothingFailsAndEveryGapIsNamed/no_git_at_all\n"}
{"Time":"2026-09-21T12:35:36.6623422-04:00","Action":"pause","Package":"github.com/qompack/qompack/internal/daemon","Test":"TestObserveScope_NothingFailsAndEveryGapIsNamed/no_git_at_all"}
{"Time":"2026-09-21T12:35:36.6623422-04:00","Action":"run","Package":"github.com/qompack/qompack/internal/daemon","Test":"TestObserveScope_NothingFailsAndEveryGapIsNamed/no_session_id"}
{"Time":"2026-09-21T12:35:36.6623422-04:00","Action":"output","Package":"github.com/qompack/qompack/internal/daemon","Test":"TestObserveScope_NothingFailsAndEveryGapIsNamed/no_session_id","Output":"=== RUN   TestObserveScope_NothingFailsAndEveryGapIsNamed/no_session_id\n"}
{"Time":"2026-09-21T12:35:36.6623422-04:00","Action":"output","Package":"github.com/qompack/qompack/internal/daemon","Test":"TestObserveScope_NothingFailsAndEveryGapIsNamed/no_session_id","Output":"=== PAUSE TestObserveScope_NothingFailsAndEveryGapIsNamed/no_session_id\n"}
{"Time":"2026-09-21T12:35:36.6623422-04:00","Action":"pause","Package":"github.com/qompack/qompack/internal/daemon","Test":"TestObserveScope_NothingFailsAndEveryGapIsNamed/no_session_id"}
{"Time":"2026-09-21T12:35:36.6623422-04:00","Action":"run","Package":"github.com/qompack/qompack/internal/daemon","Test":"TestObserveScope_NothingFailsAndEveryGapIsNamed/unreadable_HEAD"}
{"Time":"2026-09-21T12:35:36.6623422-04:00","Action":"output","Package":"github.com/qompack/qompack/internal/daemon","Test":"TestObserveScope_NothingFailsAndEveryGapIsNamed/unreadable_HEAD","Output":"=== RUN   TestObserveScope_NothingFailsAndEveryGapIsNamed/unreadable_HEAD\n"}
{"Time":"2026-09-21T12:35:36.6623422-04:00","Action":"output","Package":"github.com/qompack/qompack/internal/daemon","Test":"TestObserveScope_NothingFailsAndEveryGapIsNamed/unreadable_HEAD","Output":"=== PAUSE TestObserveScope_NothingFailsAndEveryGapIsNamed/unreadable_HEAD\n"}
{"Time":"2026-09-21T12:35:36.6623422-04:00","Action":"pause","Package":"github.com/qompack/qompack/internal/daemon","Test":"TestObserveScope_NothingFailsAndEveryGapIsNamed/unreadable_HEAD"}
{"Time":"2026-09-21T12:35:36.6623422-04:00","Action":"run","Package":"github.com/qompack/qompack/internal/daemon","Test":"TestObserveScope_NothingFailsAndEveryGapIsNamed/a_branch_with_no_commit_yet"}
{"Time":"2026-09-21T12:35:36.6623422-04:00","Action":"output","Package":"github.com/qompack/qompack/internal/daemon","Test":"TestObserveScope_NothingFailsAndEveryGapIsNamed/a_branch_with_no_commit_yet","Output":"=== RUN   TestObserveScope_NothingFailsAndEveryGapIsNamed/a_branch_with_no_commit_yet\n"}
{"Time":"2026-09-21T12:35:36.6623422-04:00","Action":"output","Package":"github.com/qompack/qompack/internal/daemon","Test":"TestObserveScope_NothingFailsAndEveryGapIsNamed/a_branch_with_no_commit_yet","Output":"=== PAUSE TestObserveScope_NothingFailsAndEveryGapIsNamed/a_branch_with_no_commit_yet\n"}
{"Time":"2026-09-21T12:35:36.6623422-04:00","Action":"pause","Package":"github.com/qompack/qompack/internal/daemon","Test":"TestObserveScope_NothingFailsAndEveryGapIsNamed/a_branch_with_no_commit_yet"}
{"Time":"2026-09-21T12:35:36.6623422-04:00","Action":"run","Package":"github.com/qompack/qompack/internal/daemon","Test":"TestObserveScope_NothingFailsAndEveryGapIsNamed/a_dangling_worktree_gitdir"}
{"Time":"2026-09-21T12:35:36.6623422-04:00","Action":"output","Package":"github.com/qompack/qompack/internal/daemon","Test":"TestObserveScope_NothingFailsAndEveryGapIsNamed/a_dangling_worktree_gitdir","Output":"=== RUN   TestObserveScope_NothingFailsAndEveryGapIsNamed/a_dangling_worktree_gitdir\n"}
{"Time":"2026-09-21T12:35:36.6623422-04:00","Action":"output","Package":"github.com/qompack/qompack/internal/daemon","Test":"TestObserveScope_NothingFailsAndEveryGapIsNamed/a_dangling_worktree_gitdir","Output":"=== PAUSE TestObserveScope_NothingFailsAndEveryGapIsNamed/a_dangling_worktree_gitdir\n"}
{"Time":"2026-09-21T12:35:36.6623422-04:00","Action":"pause","Package":"github.com/qompack/qompack/internal/daemon","Test":"TestObserveScope_NothingFailsAndEveryGapIsNamed/a_dangling_worktree_gitdir"}
{"Time":"2026-09-21T12:35:36.6623422-04:00","Action":"run","Package":"github.com/qompack/qompack/internal/daemon","Test":"TestObserveScope_NothingFailsAndEveryGapIsNamed/a_.git_file_that_is_not_a_gitdir_pointer"}
{"Time":"2026-09-21T12:35:36.6623422-04:00","Action":"output","Package":"github.com/qompack/qompack/internal/daemon","Test":"TestObserveScope_NothingFailsAndEveryGapIsNamed/a_.git_file_that_is_not_a_gitdir_pointer","Output":"=== RUN   TestObserveScope_NothingFailsAndEveryGapIsNamed/a_.git_file_that_is_not_a_gitdir_pointer\n"}
{"Time":"2026-09-21T12:35:36.6623422-04:00","Action":"output","Package":"github.com/qompack/qompack/internal/daemon","Test":"TestObserveScope_NothingFailsAndEveryGapIsNamed/a_.git_file_that_is_not_a_gitdir_pointer","Output":"=== PAUSE TestObserveScope_NothingFailsAndEveryGapIsNamed/a_.git_file_that_is_not_a_gitdir_pointer\n"}
{"Time":"2026-09-21T12:35:36.6623422-04:00","Action":"pause","Package":"github.com/qompack/qompack/internal/daemon","Test":"TestObserveScope_NothingFailsAndEveryGapIsNamed/a_.git_file_that_is_not_a_gitdir_pointer"}
{"Time":"2026-09-21T12:35:36.6623422-04:00","Action":"cont","Package":"github.com/qompack/qompack/internal/daemon","Test":"TestObserveScope_SameWorktreeAcrossSessions"}
{"Time":"2026-09-21T12:35:36.6623422-04:00","Action":"output","Package":"github.com/qompack/qompack/internal/daemon","Test":"TestObserveScope_SameWorktreeAcrossSessions","Output":"=== CONT  TestObserveScope_SameWorktreeAcrossSessions\n"}
{"Time":"2026-09-21T12:35:36.6650091-04:00","Action":"output","Package":"github.com/qompack/qompack/internal/daemon","Test":"TestObserveScope_DetachedHeadHasNoBranch","Output":"--- PASS: TestObserveScope_DetachedHeadHasNoBranch (0.01s)\n"}
{"Time":"2026-09-21T12:35:36.6650091-04:00","Action":"pass","Package":"github.com/qompack/qompack/internal/daemon","Test":"TestObserveScope_DetachedHeadHasNoBranch","Elapsed":0.01}
{"Time":"2026-09-21T12:35:36.6650091-04:00","Action":"cont","Package":"github.com/qompack/qompack/internal/daemon","Test":"TestObserveScope_TwoUnrelatedRepositoriesNeverRelate"}
{"Time":"2026-09-21T12:35:36.6650091-04:00","Action":"output","Package":"github.com/qompack/qompack/internal/daemon","Test":"TestObserveScope_TwoUnrelatedRepositoriesNeverRelate","Output":"=== CONT  TestObserveScope_TwoUnrelatedRepositoriesNeverRelate\n"}
{"Time":"2026-09-21T12:35:36.6723736-04:00","Action":"output","Package":"github.com/qompack/qompack/internal/daemon","Test":"TestObserveScope_SameWorktreeAcrossSessions","Output":"--- PASS: TestObserveScope_SameWorktreeAcrossSessions (0.01s)\n"}
{"Time":"2026-09-21T12:35:36.6723736-04:00","Action":"pass","Package":"github.com/qompack/qompack/internal/daemon","Test":"TestObserveScope_SameWorktreeAcrossSessions","Elapsed":0.01}
{"Time":"2026-09-21T12:35:36.6723736-04:00","Action":"cont","Package":"github.com/qompack/qompack/internal/daemon","Test":"TestScopedReuse_CrossRepositoryIsDeniedByTheBroadestGrant"}
{"Time":"2026-09-21T12:35:36.6723736-04:00","Action":"output","Package":"github.com/qompack/qompack/internal/daemon","Test":"TestScopedReuse_CrossRepositoryIsDeniedByTheBroadestGrant","Output":"=== CONT  TestScopedReuse_CrossRepositoryIsDeniedByTheBroadestGrant\n"}
{"Time":"2026-09-21T12:35:36.6822526-04:00","Action":"output","Package":"github.com/qompack/qompack/internal/daemon","Test":"TestObserveScope_TwoUnrelatedRepositoriesNeverRelate","Output":"--- PASS: TestObserveScope_TwoUnrelatedRepositoriesNeverRelate (0.02s)\n"}
{"Time":"2026-09-21T12:35:36.6827942-04:00","Action":"pass","Package":"github.com/qompack/qompack/internal/daemon","Test":"TestObserveScope_TwoUnrelatedRepositoriesNeverRelate","Elapsed":0.02}
{"Time":"2026-09-21T12:35:36.6827942-04:00","Action":"cont","Package":"github.com/qompack/qompack/internal/daemon","Test":"TestScopedReuse_ADaemonCannotMintItsOwnGrant"}
{"Time":"2026-09-21T12:35:36.6827942-04:00","Action":"output","Package":"github.com/qompack/qompack/internal/daemon","Test":"TestScopedReuse_ADaemonCannotMintItsOwnGrant","Output":"=== CONT  TestScopedReuse_ADaemonCannotMintItsOwnGrant\n"}
{"Time":"2026-09-21T12:35:36.6909866-04:00","Action":"output","Package":"github.com/qompack/qompack/internal/daemon","Test":"TestScopedReuse_CrossRepositoryIsDeniedByTheBroadestGrant","Output":"--- PASS: TestScopedReuse_CrossRepositoryIsDeniedByTheBroadestGrant (0.02s)\n"}
{"Time":"2026-09-21T12:35:36.6915327-04:00","Action":"pass","Package":"github.com/qompack/qompack/internal/daemon","Test":"TestScopedReuse_CrossRepositoryIsDeniedByTheBroadestGrant","Elapsed":0.02}
{"Time":"2026-09-21T12:35:36.6915327-04:00","Action":"cont","Package":"github.com/qompack/qompack/internal/daemon","Test":"TestScopedReuse_OmissionsAreGroupedByReason"}
{"Time":"2026-09-21T12:35:36.6915327-04:00","Action":"output","Package":"github.com/qompack/qompack/internal/daemon","Test":"TestScopedReuse_OmissionsAreGroupedByReason","Output":"=== CONT  TestScopedReuse_OmissionsAreGroupedByReason\n"}
{"Time":"2026-09-21T12:35:36.7157298-04:00","Action":"output","Package":"github.com/qompack/qompack/internal/daemon","Test":"TestScopedReuse_ADaemonCannotMintItsOwnGrant","Output":"--- PASS: TestScopedReuse_ADaemonCannotMintItsOwnGrant (0.03s)\n"}
{"Time":"2026-09-21T12:35:36.7157298-04:00","Action":"pass","Package":"github.com/qompack/qompack/internal/daemon","Test":"TestScopedReuse_ADaemonCannotMintItsOwnGrant","Elapsed":0.03}
{"Time":"2026-09-21T12:35:36.7157298-04:00","Action":"cont","Package":"github.com/qompack/qompack/internal/daemon","Test":"TestScopedReuse_UnobservedScopeWithholdsRatherThanMatching"}
{"Time":"2026-09-21T12:35:36.7157298-04:00","Action":"output","Package":"github.com/qompack/qompack/internal/daemon","Test":"TestScopedReuse_UnobservedScopeWithholdsRatherThanMatching","Output":"=== CONT  TestScopedReuse_UnobservedScopeWithholdsRatherThanMatching\n"}
{"Time":"2026-09-21T12:35:36.7272866-04:00","Action":"output","Package":"github.com/qompack/qompack/internal/daemon","Test":"TestScopedReuse_OmissionsAreGroupedByReason","Output":"--- PASS: TestScopedReuse_OmissionsAreGroupedByReason (0.04s)\n"}
{"Time":"2026-09-21T12:35:36.7272866-04:00","Action":"pass","Package":"github.com/qompack/qompack/internal/daemon","Test":"TestScopedReuse_OmissionsAreGroupedByReason","Elapsed":0.04}
{"Time":"2026-09-21T12:35:36.7272866-04:00","Action":"cont","Package":"github.com/qompack/qompack/internal/daemon","Test":"TestScopedReuse_DegradedDependencyCoverageWithholdsEverything"}
{"Time":"2026-09-21T12:35:36.7272866-04:00","Action":"output","Package":"github.com/qompack/qompack/internal/daemon","Test":"TestScopedReuse_DegradedDependencyCoverageWithholdsEverything","Output":"=== CONT  TestScopedReuse_DegradedDependencyCoverageWithholdsEverything\n"}
{"Time":"2026-09-21T12:35:36.7456218-04:00","Action":"output","Package":"github.com/qompack/qompack/internal/daemon","Test":"TestScopedReuse_UnobservedScopeWithholdsRatherThanMatching","Output":"--- PASS: TestScopedReuse_UnobservedScopeWithholdsRatherThanMatching (0.03s)\n"}
{"Time":"2026-09-21T12:35:36.7456218-04:00","Action":"pass","Package":"github.com/qompack/qompack/internal/daemon","Test":"TestScopedReuse_UnobservedScopeWithholdsRatherThanMatching","Elapsed":0.03}
{"Time":"2026-09-21T12:35:36.7456218-04:00","Action":"cont","Package":"github.com/qompack/qompack/internal/daemon","Test":"TestScopedReuse_NoGrantOffersNothingEvenWithTheSwitchOn"}
{"Time":"2026-09-21T12:35:36.7456218-04:00","Action":"output","Package":"github.com/qompack/qompack/internal/daemon","Test":"TestScopedReuse_NoGrantOffersNothingEvenWithTheSwitchOn","Output":"=== CONT  TestScopedReuse_NoGrantOffersNothingEvenWithTheSwitchOn\n"}
{"Time":"2026-09-21T12:35:36.7564809-04:00","Action":"output","Package":"github.com/qompack/qompack/internal/daemon","Test":"TestScopedReuse_DegradedDependencyCoverageWithholdsEverything","Output":"--- PASS: TestScopedReuse_DegradedDependencyCoverageWithholdsEverything (0.03s)\n"}
{"Time":"2026-09-21T12:35:36.7564809-04:00","Action":"pass","Package":"github.com/qompack/qompack/internal/daemon","Test":"TestScopedReuse_DegradedDependencyCoverageWithholdsEverything","Elapsed":0.03}
{"Time":"2026-09-21T12:35:36.7564809-04:00","Action":"cont","Package":"github.com/qompack/qompack/internal/daemon","Test":"TestScopedReuse_WithheldAndDeniedAreCountedApart"}
{"Time":"2026-09-21T12:35:36.7564809-04:00","Action":"output","Package":"github.com/qompack/qompack/internal/daemon","Test":"TestScopedReuse_WithheldAndDeniedAreCountedApart","Output":"=== CONT  TestScopedReuse_WithheldAndDeniedAreCountedApart\n"}
{"Time":"2026-09-21T12:35:36.7737305-04:00","Action":"start","Package":"github.com/qompack/qompack/internal/observer"}
{"Time":"2026-09-21T12:35:36.7925425-04:00","Action":"output","Package":"github.com/qompack/qompack/internal/daemon","Test":"TestScopedReuse_NoGrantOffersNothingEvenWithTheSwitchOn","Output":"--- PASS: TestScopedReuse_NoGrantOffersNothingEvenWithTheSwitchOn (0.05s)\n"}
{"Time":"2026-09-21T12:35:36.7925425-04:00","Action":"pass","Package":"github.com/qompack/qompack/internal/daemon","Test":"TestScopedReuse_NoGrantOffersNothingEvenWithTheSwitchOn","Elapsed":0.05}
{"Time":"2026-09-21T12:35:36.7925425-04:00","Action":"cont","Package":"github.com/qompack/qompack/internal/daemon","Test":"TestScopedReuse_OffersASiblingWorktreesEliminationWithItsAttribution"}
{"Time":"2026-09-21T12:35:36.7925425-04:00","Action":"output","Package":"github.com/qompack/qompack/internal/daemon","Test":"TestScopedReuse_OffersASiblingWorktreesEliminationWithItsAttribution","Output":"=== CONT  TestScopedReuse_OffersASiblingWorktreesEliminationWithItsAttribution\n"}
{"Time":"2026-09-21T12:35:36.7951609-04:00","Action":"output","Package":"github.com/qompack/qompack/internal/daemon","Test":"TestScopedReuse_WithheldAndDeniedAreCountedApart","Output":"--- PASS: TestScopedReuse_WithheldAndDeniedAreCountedApart (0.04s)\n"}
{"Time":"2026-09-21T12:35:36.79568-04:00","Action":"pass","Package":"github.com/qompack/qompack/internal/daemon","Test":"TestScopedReuse_WithheldAndDeniedAreCountedApart","Elapsed":0.04}
{"Time":"2026-09-21T12:35:36.79568-04:00","Action":"cont","Package":"github.com/qompack/qompack/internal/daemon","Test":"TestScopedReuse_ADisabledFeatureAndAnEmptyResultAreDifferent"}
{"Time":"2026-09-21T12:35:36.79568-04:00","Action":"output","Package":"github.com/qompack/qompack/internal/daemon","Test":"TestScopedReuse_ADisabledFeatureAndAnEmptyResultAreDifferent","Output":"=== CONT  TestScopedReuse_ADisabledFeatureAndAnEmptyResultAreDifferent\n"}
{"Time":"2026-09-21T12:35:36.828662-04:00","Action":"output","Package":"github.com/qompack/qompack/internal/daemon","Test":"TestScopedReuse_OffersASiblingWorktreesEliminationWithItsAttribution","Output":"--- PASS: TestScopedReuse_OffersASiblingWorktreesEliminationWithItsAttribution (0.04s)\n"}
{"Time":"2026-09-21T12:35:36.828662-04:00","Action":"pass","Package":"github.com/qompack/qompack/internal/daemon","Test":"TestScopedReuse_OffersASiblingWorktreesEliminationWithItsAttribution","Elapsed":0.04}
{"Time":"2026-09-21T12:35:36.828662-04:00","Action":"cont","Package":"github.com/qompack/qompack/internal/daemon","Test":"TestObserveScope_NothingFailsAndEveryGapIsNamed/no_git_at_all"}
{"Time":"2026-09-21T12:35:36.828662-04:00","Action":"output","Package":"github.com/qompack/qompack/internal/daemon","Test":"TestObserveScope_NothingFailsAndEveryGapIsNamed/no_git_at_all","Output":"=== CONT  TestObserveScope_NothingFailsAndEveryGapIsNamed/no_git_at_all\n"}
{"Time":"2026-09-21T12:35:36.8308322-04:00","Action":"output","Package":"github.com/qompack/qompack/internal/daemon","Test":"TestScopedReuse_ADisabledFeatureAndAnEmptyResultAreDifferent","Output":"--- PASS: TestScopedReuse_ADisabledFeatureAndAnEmptyResultAreDifferent (0.04s)\n"}
{"Time":"2026-09-21T12:35:36.8308322-04:00","Action":"pass","Package":"github.com/qompack/qompack/internal/daemon","Test":"TestScopedReuse_ADisabledFeatureAndAnEmptyResultAreDifferent","Elapsed":0.04}
{"Time":"2026-09-21T12:35:36.8308322-04:00","Action":"cont","Package":"github.com/qompack/qompack/internal/daemon","Test":"TestObserveScope_NothingFailsAndEveryGapIsNamed/a_.git_file_that_is_not_a_gitdir_pointer"}
{"Time":"2026-09-21T12:35:36.8308322-04:00","Action":"output","Package":"github.com/qompack/qompack/internal/daemon","Test":"TestObserveScope_NothingFailsAndEveryGapIsNamed/a_.git_file_that_is_not_a_gitdir_pointer","Output":"=== CONT  TestObserveScope_NothingFailsAndEveryGapIsNamed/a_.git_file_that_is_not_a_gitdir_pointer\n"}
{"Time":"2026-09-21T12:35:36.8308322-04:00","Action":"output","Package":"github.com/qompack/qompack/internal/daemon","Test":"TestObserveScope_NothingFailsAndEveryGapIsNamed/no_git_at_all","Output":"--- PASS: TestObserveScope_NothingFailsAndEveryGapIsNamed/no_git_at_all (0.00s)\n"}
{"Time":"2026-09-21T12:35:36.8308322-04:00","Action":"pass","Package":"github.com/qompack/qompack/internal/daemon","Test":"TestObserveScope_NothingFailsAndEveryGapIsNamed/no_git_at_all","Elapsed":0}
{"Time":"2026-09-21T12:35:36.8308322-04:00","Action":"cont","Package":"github.com/qompack/qompack/internal/daemon","Test":"TestObserveScope_NothingFailsAndEveryGapIsNamed/a_dangling_worktree_gitdir"}
{"Time":"2026-09-21T12:35:36.8308322-04:00","Action":"output","Package":"github.com/qompack/qompack/internal/daemon","Test":"TestObserveScope_NothingFailsAndEveryGapIsNamed/a_dangling_worktree_gitdir","Output":"=== CONT  TestObserveScope_NothingFailsAndEveryGapIsNamed/a_dangling_worktree_gitdir\n"}
{"Time":"2026-09-21T12:35:36.8432086-04:00","Action":"output","Package":"github.com/qompack/qompack/internal/daemon","Test":"TestObserveScope_NothingFailsAndEveryGapIsNamed/a_.git_file_that_is_not_a_gitdir_pointer","Output":"--- PASS: TestObserveScope_NothingFailsAndEveryGapIsNamed/a_.git_file_that_is_not_a_gitdir_pointer (0.01s)\n"}
{"Time":"2026-09-21T12:35:36.8432086-04:00","Action":"pass","Package":"github.com/qompack/qompack/internal/daemon","Test":"TestObserveScope_NothingFailsAndEveryGapIsNamed/a_.git_file_that_is_not_a_gitdir_pointer","Elapsed":0.01}
{"Time":"2026-09-21T12:35:36.8432086-04:00","Action":"cont","Package":"github.com/qompack/qompack/internal/daemon","Test":"TestObserveScope_NothingFailsAndEveryGapIsNamed/a_branch_with_no_commit_yet"}
{"Time":"2026-09-21T12:35:36.8432086-04:00","Action":"output","Package":"github.com/qompack/qompack/internal/daemon","Test":"TestObserveScope_NothingFailsAndEveryGapIsNamed/a_branch_with_no_commit_yet","Output":"=== CONT  TestObserveScope_NothingFailsAndEveryGapIsNamed/a_branch_with_no_commit_yet\n"}
{"Time":"2026-09-21T12:35:36.8453069-04:00","Action":"output","Package":"github.com/qompack/qompack/internal/daemon","Test":"TestObserveScope_NothingFailsAndEveryGapIsNamed/a_dangling_worktree_gitdir","Output":"--- PASS: TestObserveScope_NothingFailsAndEveryGapIsNamed/a_dangling_worktree_gitdir (0.01s)\n"}
{"Time":"2026-09-21T12:35:36.8453069-04:00","Action":"pass","Package":"github.com/qompack/qompack/internal/daemon","Test":"TestObserveScope_NothingFailsAndEveryGapIsNamed/a_dangling_worktree_gitdir","Elapsed":0.01}
{"Time":"2026-09-21T12:35:36.8453069-04:00","Action":"cont","Package":"github.com/qompack/qompack/internal/daemon","Test":"TestObserveScope_NothingFailsAndEveryGapIsNamed/unreadable_HEAD"}
{"Time":"2026-09-21T12:35:36.8453069-04:00","Action":"output","Package":"github.com/qompack/qompack/internal/daemon","Test":"TestObserveScope_NothingFailsAndEveryGapIsNamed/unreadable_HEAD","Output":"=== CONT  TestObserveScope_NothingFailsAndEveryGapIsNamed/unreadable_HEAD\n"}
{"Time":"2026-09-21T12:35:36.8481497-04:00","Action":"output","Package":"github.com/qompack/qompack/internal/daemon","Test":"TestObserveScope_NothingFailsAndEveryGapIsNamed/unreadable_HEAD","Output":"--- PASS: TestObserveScope_NothingFailsAndEveryGapIsNamed/unreadable_HEAD (0.00s)\n"}
{"Time":"2026-09-21T12:35:36.8481497-04:00","Action":"pass","Package":"github.com/qompack/qompack/internal/daemon","Test":"TestObserveScope_NothingFailsAndEveryGapIsNamed/unreadable_HEAD","Elapsed":0}
{"Time":"2026-09-21T12:35:36.8481497-04:00","Action":"cont","Package":"github.com/qompack/qompack/internal/daemon","Test":"TestObserveScope_NothingFailsAndEveryGapIsNamed/no_session_id"}
{"Time":"2026-09-21T12:35:36.8481497-04:00","Action":"output","Package":"github.com/qompack/qompack/internal/daemon","Test":"TestObserveScope_NothingFailsAndEveryGapIsNamed/no_session_id","Output":"=== CONT  TestObserveScope_NothingFailsAndEveryGapIsNamed/no_session_id\n"}
{"Time":"2026-09-21T12:35:36.8571231-04:00","Action":"output","Package":"github.com/qompack/qompack/internal/daemon","Test":"TestObserveScope_NothingFailsAndEveryGapIsNamed/no_session_id","Output":"--- PASS: TestObserveScope_NothingFailsAndEveryGapIsNamed/no_session_id (0.01s)\n"}
{"Time":"2026-09-21T12:35:36.8597637-04:00","Action":"pass","Package":"github.com/qompack/qompack/internal/daemon","Test":"TestObserveScope_NothingFailsAndEveryGapIsNamed/no_session_id","Elapsed":0.01}
{"Time":"2026-09-21T12:35:36.8597637-04:00","Action":"output","Package":"github.com/qompack/qompack/internal/daemon","Test":"TestObserveScope_NothingFailsAndEveryGapIsNamed/a_branch_with_no_commit_yet","Output":"--- PASS: TestObserveScope_NothingFailsAndEveryGapIsNamed/a_branch_with_no_commit_yet (0.02s)\n"}
{"Time":"2026-09-21T12:35:36.8597637-04:00","Action":"pass","Package":"github.com/qompack/qompack/internal/daemon","Test":"TestObserveScope_NothingFailsAndEveryGapIsNamed/a_branch_with_no_commit_yet","Elapsed":0.02}
{"Time":"2026-09-21T12:35:36.8597637-04:00","Action":"output","Package":"github.com/qompack/qompack/internal/daemon","Test":"TestObserveScope_NothingFailsAndEveryGapIsNamed","Output":"--- PASS: TestObserveScope_NothingFailsAndEveryGapIsNamed (0.00s)\n"}
{"Time":"2026-09-21T12:35:36.8597637-04:00","Action":"pass","Package":"github.com/qompack/qompack/internal/daemon","Test":"TestObserveScope_NothingFailsAndEveryGapIsNamed","Elapsed":0}
{"Time":"2026-09-21T12:35:36.8597637-04:00","Action":"output","Package":"github.com/qompack/qompack/internal/daemon","Output":"PASS\n"}
{"Time":"2026-09-21T12:35:36.8671964-04:00","Action":"output","Package":"github.com/qompack/qompack/internal/daemon","Output":"ok  \tgithub.com/qompack/qompack/internal/daemon\t0.822s\n"}
{"Time":"2026-09-21T12:35:36.8671964-04:00","Action":"pass","Package":"github.com/qompack/qompack/internal/daemon","Elapsed":0.822}
{"Time":"2026-09-21T12:35:36.9819973-04:00","Action":"output","Package":"github.com/qompack/qompack/internal/observer","Output":"testing: warning: no tests to run\n"}
{"Time":"2026-09-21T12:35:36.9825312-04:00","Action":"output","Package":"github.com/qompack/qompack/internal/observer","Output":"PASS\n"}
{"Time":"2026-09-21T12:35:36.9846858-04:00","Action":"output","Package":"github.com/qompack/qompack/internal/observer","Output":"ok  \tgithub.com/qompack/qompack/internal/observer\t0.211s [no tests to run]\n"}
{"Time":"2026-09-21T12:35:36.9852072-04:00","Action":"pass","Package":"github.com/qompack/qompack/internal/observer","Elapsed":0.211}
{"Time":"2026-09-21T12:35:42.5078544-04:00","Action":"start","Package":"github.com/qompack/qompack/internal/store"}
{"Time":"2026-09-21T12:35:42.7134141-04:00","Action":"run","Package":"github.com/qompack/qompack/internal/store","Test":"TestMaintenance_ConstructorRequiresExplicitConfig"}
{"Time":"2026-09-21T12:35:42.7134141-04:00","Action":"output","Package":"github.com/qompack/qompack/internal/store","Test":"TestMaintenance_ConstructorRequiresExplicitConfig","Output":"=== RUN   TestMaintenance_ConstructorRequiresExplicitConfig\n"}
{"Time":"2026-09-21T12:35:42.7410091-04:00","Action":"output","Package":"github.com/qompack/qompack/internal/store","Test":"TestMaintenance_ConstructorRequiresExplicitConfig","Output":"--- PASS: TestMaintenance_ConstructorRequiresExplicitConfig (0.03s)\n"}
{"Time":"2026-09-21T12:35:42.7410091-04:00","Action":"pass","Package":"github.com/qompack/qompack/internal/store","Test":"TestMaintenance_ConstructorRequiresExplicitConfig","Elapsed":0.03}
{"Time":"2026-09-21T12:35:42.7410091-04:00","Action":"run","Package":"github.com/qompack/qompack/internal/store","Test":"TestMaintenance_TakeBackupLeaseGuard"}
{"Time":"2026-09-21T12:35:42.7410091-04:00","Action":"output","Package":"github.com/qompack/qompack/internal/store","Test":"TestMaintenance_TakeBackupLeaseGuard","Output":"=== RUN   TestMaintenance_TakeBackupLeaseGuard\n"}
{"Time":"2026-09-21T12:35:42.9546588-04:00","Action":"output","Package":"github.com/qompack/qompack/internal/store","Test":"TestMaintenance_TakeBackupLeaseGuard","Output":"--- PASS: TestMaintenance_TakeBackupLeaseGuard (0.21s)\n"}
{"Time":"2026-09-21T12:35:42.9546588-04:00","Action":"pass","Package":"github.com/qompack/qompack/internal/store","Test":"TestMaintenance_TakeBackupLeaseGuard","Elapsed":0.21}
{"Time":"2026-09-21T12:35:42.9546588-04:00","Action":"run","Package":"github.com/qompack/qompack/internal/store","Test":"TestMaintenance_BackupIDValidation"}
{"Time":"2026-09-21T12:35:42.9546588-04:00","Action":"output","Package":"github.com/qompack/qompack/internal/store","Test":"TestMaintenance_BackupIDValidation","Output":"=== RUN   TestMaintenance_BackupIDValidation\n"}
{"Time":"2026-09-21T12:35:43.1315164-04:00","Action":"output","Package":"github.com/qompack/qompack/internal/store","Test":"TestMaintenance_BackupIDValidation","Output":"--- PASS: TestMaintenance_BackupIDValidation (0.18s)\n"}
{"Time":"2026-09-21T12:35:43.1315164-04:00","Action":"pass","Package":"github.com/qompack/qompack/internal/store","Test":"TestMaintenance_BackupIDValidation","Elapsed":0.18}
{"Time":"2026-09-21T12:35:43.1315164-04:00","Action":"run","Package":"github.com/qompack/qompack/internal/store","Test":"TestMaintenance_TakeVerifyRestoreRoundTrip"}
{"Time":"2026-09-21T12:35:43.1315164-04:00","Action":"output","Package":"github.com/qompack/qompack/internal/store","Test":"TestMaintenance_TakeVerifyRestoreRoundTrip","Output":"=== RUN   TestMaintenance_TakeVerifyRestoreRoundTrip\n"}
{"Time":"2026-09-21T12:35:43.3624461-04:00","Action":"output","Package":"github.com/qompack/qompack/internal/store","Test":"TestMaintenance_TakeVerifyRestoreRoundTrip","Output":"    maintenance_test.go:138: \n"}
{"Time":"2026-09-21T12:35:43.3624461-04:00","Action":"output","Package":"github.com/qompack/qompack/internal/store","Test":"TestMaintenance_TakeVerifyRestoreRoundTrip","Output":"        \tError Trace:\tC:/Users/Quant/Documents/Programming/Projects/qompack-v6/internal/store/maintenance_test.go:138\n"}
{"Time":"2026-09-21T12:35:43.3624461-04:00","Action":"output","Package":"github.com/qompack/qompack/internal/store","Test":"TestMaintenance_TakeVerifyRestoreRoundTrip","Output":"        \tError:      \tReceived unexpected error:\n"}
{"Time":"2026-09-21T12:35:43.3624461-04:00","Action":"output","Package":"github.com/qompack/qompack/internal/store","Test":"TestMaintenance_TakeVerifyRestoreRoundTrip","Output":"        \t            \tstore: restore backup \"rt\": .gitignore: open C:\\Users\\Quant\\AppData\\Local\\Temp\\TestMaintenance_TakeVerifyRestoreRoundTrip1227897339\\002\\restored\\.qompack.restore-rt-ccd102d721453964\\.qompack\\.gitignore: The file exists.; the incomplete staging tree is preserved as evidence at C:\\Users\\Quant\\AppData\\Local\\Temp\\TestMaintenance_TakeVerifyRestoreRoundTrip1227897339\\002\\restored\\.qompack.restore-rt-ccd102d721453964\n"}
{"Time":"2026-09-21T12:35:43.3624461-04:00","Action":"output","Package":"github.com/qompack/qompack/internal/store","Test":"TestMaintenance_TakeVerifyRestoreRoundTrip","Output":"        \tTest:       \tTestMaintenance_TakeVerifyRestoreRoundTrip\n"}
{"Time":"2026-09-21T12:35:43.3624461-04:00","Action":"output","Package":"github.com/qompack/qompack/internal/store","Test":"TestMaintenance_TakeVerifyRestoreRoundTrip","Output":"        \tMessages:   \trefusal note: content roots and tool references proven by a same-build read-only reader; checkpoint-chain and delivery-seal integrity are NOT covered — run packaged `fsck --seal-check` on the destination. Publication uses the platform's atomic no-replace directory rename and refuses unsupported filesystems.\n"}
{"Time":"2026-09-21T12:35:43.386443-04:00","Action":"output","Package":"github.com/qompack/qompack/internal/store","Test":"TestMaintenance_TakeVerifyRestoreRoundTrip","Output":"--- FAIL: TestMaintenance_TakeVerifyRestoreRoundTrip (0.25s)\n"}
{"Time":"2026-09-21T12:35:43.386443-04:00","Action":"fail","Package":"github.com/qompack/qompack/internal/store","Test":"TestMaintenance_TakeVerifyRestoreRoundTrip","Elapsed":0.25}
{"Time":"2026-09-21T12:35:43.3869646-04:00","Action":"run","Package":"github.com/qompack/qompack/internal/store","Test":"TestMaintenance_RestoreRefusesExistingDestination"}
{"Time":"2026-09-21T12:35:43.3869646-04:00","Action":"output","Package":"github.com/qompack/qompack/internal/store","Test":"TestMaintenance_RestoreRefusesExistingDestination","Output":"=== RUN   TestMaintenance_RestoreRefusesExistingDestination\n"}
{"Time":"2026-09-21T12:35:43.5619215-04:00","Action":"output","Package":"github.com/qompack/qompack/internal/store","Test":"TestMaintenance_RestoreRefusesExistingDestination","Output":"--- PASS: TestMaintenance_RestoreRefusesExistingDestination (0.18s)\n"}
{"Time":"2026-09-21T12:35:43.5619215-04:00","Action":"pass","Package":"github.com/qompack/qompack/internal/store","Test":"TestMaintenance_RestoreRefusesExistingDestination","Elapsed":0.18}
{"Time":"2026-09-21T12:35:43.5619215-04:00","Action":"run","Package":"github.com/qompack/qompack/internal/store","Test":"TestMaintenance_CorruptedBackupIsRefused"}
{"Time":"2026-09-21T12:35:43.5619215-04:00","Action":"output","Package":"github.com/qompack/qompack/internal/store","Test":"TestMaintenance_CorruptedBackupIsRefused","Output":"=== RUN   TestMaintenance_CorruptedBackupIsRefused\n"}
{"Time":"2026-09-21T12:35:43.7344446-04:00","Action":"output","Package":"github.com/qompack/qompack/internal/store","Test":"TestMaintenance_CorruptedBackupIsRefused","Output":"    maintenance_test.go:198: \n"}
{"Time":"2026-09-21T12:35:43.7349653-04:00","Action":"output","Package":"github.com/qompack/qompack/internal/store","Test":"TestMaintenance_CorruptedBackupIsRefused","Output":"        \tError Trace:\tC:/Users/Quant/Documents/Programming/Projects/qompack-v6/internal/store/maintenance_test.go:198\n"}
{"Time":"2026-09-21T12:35:43.7349653-04:00","Action":"output","Package":"github.com/qompack/qompack/internal/store","Test":"TestMaintenance_CorruptedBackupIsRefused","Output":"        \tError:      \tTarget error should be in err chain:\n"}
{"Time":"2026-09-21T12:35:43.7349653-04:00","Action":"output","Package":"github.com/qompack/qompack/internal/store","Test":"TestMaintenance_CorruptedBackupIsRefused","Output":"        \t            \texpected: \"store: backup does not match its manifest\"\n"}
{"Time":"2026-09-21T12:35:43.7349653-04:00","Action":"output","Package":"github.com/qompack/qompack/internal/store","Test":"TestMaintenance_CorruptedBackupIsRefused","Output":"        \t            \tin chain: \"store: restore backup \\\"cor\\\": .gitignore: open C:\\\\Users\\\\Quant\\\\AppData\\\\Local\\\\Temp\\\\TestMaintenance_CorruptedBackupIsRefused1087332268\\\\002\\\\restored\\\\.qompack.restore-cor-835b738eae0fa661\\\\.qompack\\\\.gitignore: The file exists.; the incomplete staging tree is preserved as evidence at C:\\\\Users\\\\Quant\\\\AppData\\\\Local\\\\Temp\\\\TestMaintenance_CorruptedBackupIsRefused1087332268\\\\002\\\\restored\\\\.qompack.restore-cor-835b738eae0fa661\"\n"}
{"Time":"2026-09-21T12:35:43.7349653-04:00","Action":"output","Package":"github.com/qompack/qompack/internal/store","Test":"TestMaintenance_CorruptedBackupIsRefused","Output":"        \t            \t\t\"store: restore backup \\\"cor\\\": .gitignore: open C:\\\\Users\\\\Quant\\\\AppData\\\\Local\\\\Temp\\\\TestMaintenance_CorruptedBackupIsRefused1087332268\\\\002\\\\restored\\\\.qompack.restore-cor-835b738eae0fa661\\\\.qompack\\\\.gitignore: The file exists.\"\n"}
{"Time":"2026-09-21T12:35:43.7349653-04:00","Action":"output","Package":"github.com/qompack/qompack/internal/store","Test":"TestMaintenance_CorruptedBackupIsRefused","Output":"        \t            \t\t\"open C:\\\\Users\\\\Quant\\\\AppData\\\\Local\\\\Temp\\\\TestMaintenance_CorruptedBackupIsRefused1087332268\\\\002\\\\restored\\\\.qompack.restore-cor-835b738eae0fa661\\\\.qompack\\\\.gitignore: The file exists.\"\n"}
{"Time":"2026-09-21T12:35:43.7349653-04:00","Action":"output","Package":"github.com/qompack/qompack/internal/store","Test":"TestMaintenance_CorruptedBackupIsRefused","Output":"        \t            \t\t\"The file exists.\"\n"}
{"Time":"2026-09-21T12:35:43.7349653-04:00","Action":"output","Package":"github.com/qompack/qompack/internal/store","Test":"TestMaintenance_CorruptedBackupIsRefused","Output":"        \tTest:       \tTestMaintenance_CorruptedBackupIsRefused\n"}
{"Time":"2026-09-21T12:35:43.752512-04:00","Action":"output","Package":"github.com/qompack/qompack/internal/store","Test":"TestMaintenance_CorruptedBackupIsRefused","Output":"--- FAIL: TestMaintenance_CorruptedBackupIsRefused (0.19s)\n"}
{"Time":"2026-09-21T12:35:43.752512-04:00","Action":"fail","Package":"github.com/qompack/qompack/internal/store","Test":"TestMaintenance_CorruptedBackupIsRefused","Elapsed":0.19}
{"Time":"2026-09-21T12:35:43.752512-04:00","Action":"run","Package":"github.com/qompack/qompack/internal/store","Test":"TestMaintenance_AdversarialManifestRefusedBeforeReadingFiles"}
{"Time":"2026-09-21T12:35:43.752512-04:00","Action":"output","Package":"github.com/qompack/qompack/internal/store","Test":"TestMaintenance_AdversarialManifestRefusedBeforeReadingFiles","Output":"=== RUN   TestMaintenance_AdversarialManifestRefusedBeforeReadingFiles\n"}
{"Time":"2026-09-21T12:35:43.9480249-04:00","Action":"output","Package":"github.com/qompack/qompack/internal/store","Test":"TestMaintenance_AdversarialManifestRefusedBeforeReadingFiles","Output":"--- PASS: TestMaintenance_AdversarialManifestRefusedBeforeReadingFiles (0.20s)\n"}
{"Time":"2026-09-21T12:35:43.9480249-04:00","Action":"pass","Package":"github.com/qompack/qompack/internal/store","Test":"TestMaintenance_AdversarialManifestRefusedBeforeReadingFiles","Elapsed":0.2}
{"Time":"2026-09-21T12:35:43.9480249-04:00","Action":"run","Package":"github.com/qompack/qompack/internal/store","Test":"TestMaintenance_SymlinkComponentInBackupTreeRefused"}
{"Time":"2026-09-21T12:35:43.9480249-04:00","Action":"output","Package":"github.com/qompack/qompack/internal/store","Test":"TestMaintenance_SymlinkComponentInBackupTreeRefused","Output":"=== RUN   TestMaintenance_SymlinkComponentInBackupTreeRefused\n"}
{"Time":"2026-09-21T12:35:44.0341361-04:00","Action":"output","Package":"github.com/qompack/qompack/internal/store","Test":"TestMaintenance_SymlinkComponentInBackupTreeRefused","Output":"    maintenance_test.go:259: symlink not permitted on this host: symlink C:\\Users\\Quant\\AppData\\Local\\Temp\\TestMaintenance_SymlinkComponentInBackupTreeRefused3915125793\\002\\external-secret C:\\Users\\Quant\\AppData\\Local\\Temp\\TestMaintenance_SymlinkComponentInBackupTreeRefused3915125793\\001\\project\\.qompack\\backup\\sym\\tree\\.gitignore: A required privilege is not held by the client.\n"}
{"Time":"2026-09-21T12:35:44.0458336-04:00","Action":"output","Package":"github.com/qompack/qompack/internal/store","Test":"TestMaintenance_SymlinkComponentInBackupTreeRefused","Output":"--- SKIP: TestMaintenance_SymlinkComponentInBackupTreeRefused (0.10s)\n"}
{"Time":"2026-09-21T12:35:44.0463544-04:00","Action":"skip","Package":"github.com/qompack/qompack/internal/store","Test":"TestMaintenance_SymlinkComponentInBackupTreeRefused","Elapsed":0.1}
{"Time":"2026-09-21T12:35:44.0463544-04:00","Action":"run","Package":"github.com/qompack/qompack/internal/store","Test":"TestMaintenance_ContextCancellationStops"}
{"Time":"2026-09-21T12:35:44.0463544-04:00","Action":"output","Package":"github.com/qompack/qompack/internal/store","Test":"TestMaintenance_ContextCancellationStops","Output":"=== RUN   TestMaintenance_ContextCancellationStops\n"}
{"Time":"2026-09-21T12:35:44.1706148-04:00","Action":"output","Package":"github.com/qompack/qompack/internal/store","Test":"TestMaintenance_ContextCancellationStops","Output":"--- PASS: TestMaintenance_ContextCancellationStops (0.12s)\n"}
{"Time":"2026-09-21T12:35:44.1706148-04:00","Action":"pass","Package":"github.com/qompack/qompack/internal/store","Test":"TestMaintenance_ContextCancellationStops","Elapsed":0.12}
{"Time":"2026-09-21T12:35:44.1706148-04:00","Action":"run","Package":"github.com/qompack/qompack/internal/store","Test":"TestMaintenance_StagedRehashCatchesPostCopyCorruption"}
{"Time":"2026-09-21T12:35:44.1706148-04:00","Action":"output","Package":"github.com/qompack/qompack/internal/store","Test":"TestMaintenance_StagedRehashCatchesPostCopyCorruption","Output":"=== RUN   TestMaintenance_StagedRehashCatchesPostCopyCorruption\n"}
{"Time":"2026-09-21T12:35:44.2900636-04:00","Action":"output","Package":"github.com/qompack/qompack/internal/store","Test":"TestMaintenance_StagedRehashCatchesPostCopyCorruption","Output":"    maintenance_test.go:302: \n"}
{"Time":"2026-09-21T12:35:44.2905889-04:00","Action":"output","Package":"github.com/qompack/qompack/internal/store","Test":"TestMaintenance_StagedRehashCatchesPostCopyCorruption","Output":"        \tError Trace:\tC:/Users/Quant/Documents/Programming/Projects/qompack-v6/internal/store/maintenance_test.go:302\n"}
{"Time":"2026-09-21T12:35:44.2905889-04:00","Action":"output","Package":"github.com/qompack/qompack/internal/store","Test":"TestMaintenance_StagedRehashCatchesPostCopyCorruption","Output":"        \tError:      \tReceived unexpected error:\n"}
{"Time":"2026-09-21T12:35:44.2905889-04:00","Action":"output","Package":"github.com/qompack/qompack/internal/store","Test":"TestMaintenance_StagedRehashCatchesPostCopyCorruption","Output":"        \t            \tstore: restore backup \"pc\": .gitignore: open C:\\Users\\Quant\\AppData\\Local\\Temp\\TestMaintenance_StagedRehashCatchesPostCopyCorruption2341827456\\002\\staging\\.qompack\\.gitignore: The file exists.\n"}
{"Time":"2026-09-21T12:35:44.2905889-04:00","Action":"output","Package":"github.com/qompack/qompack/internal/store","Test":"TestMaintenance_StagedRehashCatchesPostCopyCorruption","Output":"        \tTest:       \tTestMaintenance_StagedRehashCatchesPostCopyCorruption\n"}
{"Time":"2026-09-21T12:35:44.316243-04:00","Action":"output","Package":"github.com/qompack/qompack/internal/store","Test":"TestMaintenance_StagedRehashCatchesPostCopyCorruption","Output":"--- FAIL: TestMaintenance_StagedRehashCatchesPostCopyCorruption (0.15s)\n"}
{"Time":"2026-09-21T12:35:44.3167595-04:00","Action":"fail","Package":"github.com/qompack/qompack/internal/store","Test":"TestMaintenance_StagedRehashCatchesPostCopyCorruption","Elapsed":0.15}
{"Time":"2026-09-21T12:35:44.3167595-04:00","Action":"run","Package":"github.com/qompack/qompack/internal/store","Test":"TestMaintenance_RestoreLeavesSourceLaterWritesIntact"}
{"Time":"2026-09-21T12:35:44.3167595-04:00","Action":"output","Package":"github.com/qompack/qompack/internal/store","Test":"TestMaintenance_RestoreLeavesSourceLaterWritesIntact","Output":"=== RUN   TestMaintenance_RestoreLeavesSourceLaterWritesIntact\n"}
{"Time":"2026-09-21T12:35:44.5028955-04:00","Action":"output","Package":"github.com/qompack/qompack/internal/store","Test":"TestMaintenance_RestoreLeavesSourceLaterWritesIntact","Output":"    maintenance_test.go:332: \n"}
{"Time":"2026-09-21T12:35:44.5035319-04:00","Action":"output","Package":"github.com/qompack/qompack/internal/store","Test":"TestMaintenance_RestoreLeavesSourceLaterWritesIntact","Output":"        \tError Trace:\tC:/Users/Quant/Documents/Programming/Projects/qompack-v6/internal/store/maintenance_test.go:332\n"}
{"Time":"2026-09-21T12:35:44.5035319-04:00","Action":"output","Package":"github.com/qompack/qompack/internal/store","Test":"TestMaintenance_RestoreLeavesSourceLaterWritesIntact","Output":"        \tError:      \tReceived unexpected error:\n"}
{"Time":"2026-09-21T12:35:44.5035319-04:00","Action":"output","Package":"github.com/qompack/qompack/internal/store","Test":"TestMaintenance_RestoreLeavesSourceLaterWritesIntact","Output":"        \t            \tstore: restore backup \"pit\": .gitignore: open C:\\Users\\Quant\\AppData\\Local\\Temp\\TestMaintenance_RestoreLeavesSourceLaterWritesIntact3255006700\\002\\restored\\.qompack.restore-pit-34885ee45ee4b756\\.qompack\\.gitignore: The file exists.; the incomplete staging tree is preserved as evidence at C:\\Users\\Quant\\AppData\\Local\\Temp\\TestMaintenance_RestoreLeavesSourceLaterWritesIntact3255006700\\002\\restored\\.qompack.restore-pit-34885ee45ee4b756\n"}
{"Time":"2026-09-21T12:35:44.5035319-04:00","Action":"output","Package":"github.com/qompack/qompack/internal/store","Test":"TestMaintenance_RestoreLeavesSourceLaterWritesIntact","Output":"        \tTest:       \tTestMaintenance_RestoreLeavesSourceLaterWritesIntact\n"}
{"Time":"2026-09-21T12:35:44.5035319-04:00","Action":"output","Package":"github.com/qompack/qompack/internal/store","Test":"TestMaintenance_RestoreLeavesSourceLaterWritesIntact","Output":"        \tMessages:   \trefusal note: content roots and tool references proven by a same-build read-only reader; checkpoint-chain and delivery-seal integrity are NOT covered — run packaged `fsck --seal-check` on the destination. Publication uses the platform's atomic no-replace directory rename and refuses unsupported filesystems.\n"}
{"Time":"2026-09-21T12:35:44.5237575-04:00","Action":"output","Package":"github.com/qompack/qompack/internal/store","Test":"TestMaintenance_RestoreLeavesSourceLaterWritesIntact","Output":"--- FAIL: TestMaintenance_RestoreLeavesSourceLaterWritesIntact (0.21s)\n"}
{"Time":"2026-09-21T12:35:44.5237575-04:00","Action":"fail","Package":"github.com/qompack/qompack/internal/store","Test":"TestMaintenance_RestoreLeavesSourceLaterWritesIntact","Elapsed":0.21}
{"Time":"2026-09-21T12:35:44.5242789-04:00","Action":"run","Package":"github.com/qompack/qompack/internal/store","Test":"TestAuditPublication_ClassifiesCaptureSidecars"}
{"Time":"2026-09-21T12:35:44.5242789-04:00","Action":"output","Package":"github.com/qompack/qompack/internal/store","Test":"TestAuditPublication_ClassifiesCaptureSidecars","Output":"=== RUN   TestAuditPublication_ClassifiesCaptureSidecars\n"}
{"Time":"2026-09-21T12:35:44.6614286-04:00","Action":"output","Package":"github.com/qompack/qompack/internal/store","Test":"TestAuditPublication_ClassifiesCaptureSidecars","Output":"--- PASS: TestAuditPublication_ClassifiesCaptureSidecars (0.14s)\n"}
{"Time":"2026-09-21T12:35:44.6614286-04:00","Action":"pass","Package":"github.com/qompack/qompack/internal/store","Test":"TestAuditPublication_ClassifiesCaptureSidecars","Elapsed":0.14}
{"Time":"2026-09-21T12:35:44.6614286-04:00","Action":"run","Package":"github.com/qompack/qompack/internal/store","Test":"TestAuditPublication_DeniedCaptureIsNotAGap"}
{"Time":"2026-09-21T12:35:44.6614286-04:00","Action":"output","Package":"github.com/qompack/qompack/internal/store","Test":"TestAuditPublication_DeniedCaptureIsNotAGap","Output":"=== RUN   TestAuditPublication_DeniedCaptureIsNotAGap\n"}
{"Time":"2026-09-21T12:35:44.7048073-04:00","Action":"output","Package":"github.com/qompack/qompack/internal/store","Test":"TestAuditPublication_DeniedCaptureIsNotAGap","Output":"--- PASS: TestAuditPublication_DeniedCaptureIsNotAGap (0.04s)\n"}
{"Time":"2026-09-21T12:35:44.7048073-04:00","Action":"pass","Package":"github.com/qompack/qompack/internal/store","Test":"TestAuditPublication_DeniedCaptureIsNotAGap","Elapsed":0.04}
{"Time":"2026-09-21T12:35:44.7048073-04:00","Action":"run","Package":"github.com/qompack/qompack/internal/store","Test":"TestAuditPublication_EmptyOkCaptureIsNotAGap"}
{"Time":"2026-09-21T12:35:44.7048073-04:00","Action":"output","Package":"github.com/qompack/qompack/internal/store","Test":"TestAuditPublication_EmptyOkCaptureIsNotAGap","Output":"=== RUN   TestAuditPublication_EmptyOkCaptureIsNotAGap\n"}
{"Time":"2026-09-21T12:35:44.7454652-04:00","Action":"output","Package":"github.com/qompack/qompack/internal/store","Test":"TestAuditPublication_EmptyOkCaptureIsNotAGap","Output":"--- PASS: TestAuditPublication_EmptyOkCaptureIsNotAGap (0.04s)\n"}
{"Time":"2026-09-21T12:35:44.7454652-04:00","Action":"pass","Package":"github.com/qompack/qompack/internal/store","Test":"TestAuditPublication_EmptyOkCaptureIsNotAGap","Elapsed":0.04}
{"Time":"2026-09-21T12:35:44.7454652-04:00","Action":"run","Package":"github.com/qompack/qompack/internal/store","Test":"TestAuditPublication_UnknownOutcomeIsIncomplete"}
{"Time":"2026-09-21T12:35:44.7454652-04:00","Action":"output","Package":"github.com/qompack/qompack/internal/store","Test":"TestAuditPublication_UnknownOutcomeIsIncomplete","Output":"=== RUN   TestAuditPublication_UnknownOutcomeIsIncomplete\n"}
{"Time":"2026-09-21T12:35:44.7847302-04:00","Action":"output","Package":"github.com/qompack/qompack/internal/store","Test":"TestAuditPublication_UnknownOutcomeIsIncomplete","Output":"--- PASS: TestAuditPublication_UnknownOutcomeIsIncomplete (0.04s)\n"}
{"Time":"2026-09-21T12:35:44.7847302-04:00","Action":"pass","Package":"github.com/qompack/qompack/internal/store","Test":"TestAuditPublication_UnknownOutcomeIsIncomplete","Elapsed":0.04}
{"Time":"2026-09-21T12:35:44.7847302-04:00","Action":"run","Package":"github.com/qompack/qompack/internal/store","Test":"TestAuditPublication_UnknownOpIsIncomplete"}
{"Time":"2026-09-21T12:35:44.7847302-04:00","Action":"output","Package":"github.com/qompack/qompack/internal/store","Test":"TestAuditPublication_UnknownOpIsIncomplete","Output":"=== RUN   TestAuditPublication_UnknownOpIsIncomplete\n"}
{"Time":"2026-09-21T12:35:44.8246289-04:00","Action":"output","Package":"github.com/qompack/qompack/internal/store","Test":"TestAuditPublication_UnknownOpIsIncomplete","Output":"--- PASS: TestAuditPublication_UnknownOpIsIncomplete (0.04s)\n"}
{"Time":"2026-09-21T12:35:44.8246289-04:00","Action":"pass","Package":"github.com/qompack/qompack/internal/store","Test":"TestAuditPublication_UnknownOpIsIncomplete","Elapsed":0.04}
{"Time":"2026-09-21T12:35:44.8246289-04:00","Action":"run","Package":"github.com/qompack/qompack/internal/store","Test":"TestAuditPublication_FutureSchemaIsIncompleteNotEmpty"}
{"Time":"2026-09-21T12:35:44.8246289-04:00","Action":"output","Package":"github.com/qompack/qompack/internal/store","Test":"TestAuditPublication_FutureSchemaIsIncompleteNotEmpty","Output":"=== RUN   TestAuditPublication_FutureSchemaIsIncompleteNotEmpty\n"}
{"Time":"2026-09-21T12:35:44.8637293-04:00","Action":"output","Package":"github.com/qompack/qompack/internal/store","Test":"TestAuditPublication_FutureSchemaIsIncompleteNotEmpty","Output":"--- PASS: TestAuditPublication_FutureSchemaIsIncompleteNotEmpty (0.04s)\n"}
{"Time":"2026-09-21T12:35:44.8642557-04:00","Action":"pass","Package":"github.com/qompack/qompack/internal/store","Test":"TestAuditPublication_FutureSchemaIsIncompleteNotEmpty","Elapsed":0.04}
{"Time":"2026-09-21T12:35:44.8642557-04:00","Action":"run","Package":"github.com/qompack/qompack/internal/store","Test":"TestAuditPublication_MissingOrOlderSchemaIsIncomplete"}
{"Time":"2026-09-21T12:35:44.8642557-04:00","Action":"output","Package":"github.com/qompack/qompack/internal/store","Test":"TestAuditPublication_MissingOrOlderSchemaIsIncomplete","Output":"=== RUN   TestAuditPublication_MissingOrOlderSchemaIsIncomplete\n"}
{"Time":"2026-09-21T12:35:44.9207993-04:00","Action":"output","Package":"github.com/qompack/qompack/internal/store","Test":"TestAuditPublication_MissingOrOlderSchemaIsIncomplete","Output":"--- PASS: TestAuditPublication_MissingOrOlderSchemaIsIncomplete (0.06s)\n"}
{"Time":"2026-09-21T12:35:44.9207993-04:00","Action":"pass","Package":"github.com/qompack/qompack/internal/store","Test":"TestAuditPublication_MissingOrOlderSchemaIsIncomplete","Elapsed":0.06}
{"Time":"2026-09-21T12:35:44.9207993-04:00","Action":"run","Package":"github.com/qompack/qompack/internal/store","Test":"TestAuditPublication_MalformedTrailingJSONIsIncomplete"}
{"Time":"2026-09-21T12:35:44.9207993-04:00","Action":"output","Package":"github.com/qompack/qompack/internal/store","Test":"TestAuditPublication_MalformedTrailingJSONIsIncomplete","Output":"=== RUN   TestAuditPublication_MalformedTrailingJSONIsIncomplete\n"}
{"Time":"2026-09-21T12:35:44.9650205-04:00","Action":"output","Package":"github.com/qompack/qompack/internal/store","Test":"TestAuditPublication_MalformedTrailingJSONIsIncomplete","Output":"--- PASS: TestAuditPublication_MalformedTrailingJSONIsIncomplete (0.04s)\n"}
{"Time":"2026-09-21T12:35:44.9650205-04:00","Action":"pass","Package":"github.com/qompack/qompack/internal/store","Test":"TestAuditPublication_MalformedTrailingJSONIsIncomplete","Elapsed":0.04}
{"Time":"2026-09-21T12:35:44.9650205-04:00","Action":"run","Package":"github.com/qompack/qompack/internal/store","Test":"TestAuditPublication_UnreadableSidecarIsIncomplete"}
{"Time":"2026-09-21T12:35:44.9650205-04:00","Action":"output","Package":"github.com/qompack/qompack/internal/store","Test":"TestAuditPublication_UnreadableSidecarIsIncomplete","Output":"=== RUN   TestAuditPublication_UnreadableSidecarIsIncomplete\n"}
{"Time":"2026-09-21T12:35:45.0077203-04:00","Action":"output","Package":"github.com/qompack/qompack/internal/store","Test":"TestAuditPublication_UnreadableSidecarIsIncomplete","Output":"--- PASS: TestAuditPublication_UnreadableSidecarIsIncomplete (0.04s)\n"}
{"Time":"2026-09-21T12:35:45.0077203-04:00","Action":"pass","Package":"github.com/qompack/qompack/internal/store","Test":"TestAuditPublication_UnreadableSidecarIsIncomplete","Elapsed":0.04}
{"Time":"2026-09-21T12:35:45.0077203-04:00","Action":"run","Package":"github.com/qompack/qompack/internal/store","Test":"TestAuditPublication_UnindexedObjectCandidate"}
{"Time":"2026-09-21T12:35:45.0077203-04:00","Action":"output","Package":"github.com/qompack/qompack/internal/store","Test":"TestAuditPublication_UnindexedObjectCandidate","Output":"=== RUN   TestAuditPublication_UnindexedObjectCandidate\n"}
{"Time":"2026-09-21T12:35:45.0292544-04:00","Action":"output","Package":"github.com/qompack/qompack/internal/store","Test":"TestAuditPublication_UnindexedObjectCandidate","Output":"--- PASS: TestAuditPublication_UnindexedObjectCandidate (0.02s)\n"}
{"Time":"2026-09-21T12:35:45.0292544-04:00","Action":"pass","Package":"github.com/qompack/qompack/internal/store","Test":"TestAuditPublication_UnindexedObjectCandidate","Elapsed":0.02}
{"Time":"2026-09-21T12:35:45.0292544-04:00","Action":"run","Package":"github.com/qompack/qompack/internal/store","Test":"TestAuditPublication_IndexedObjectsAreNotCandidates"}
{"Time":"2026-09-21T12:35:45.0292544-04:00","Action":"output","Package":"github.com/qompack/qompack/internal/store","Test":"TestAuditPublication_IndexedObjectsAreNotCandidates","Output":"=== RUN   TestAuditPublication_IndexedObjectsAreNotCandidates\n"}
{"Time":"2026-09-21T12:35:45.0672668-04:00","Action":"output","Package":"github.com/qompack/qompack/internal/store","Test":"TestAuditPublication_IndexedObjectsAreNotCandidates","Output":"--- PASS: TestAuditPublication_IndexedObjectsAreNotCandidates (0.04s)\n"}
{"Time":"2026-09-21T12:35:45.0672668-04:00","Action":"pass","Package":"github.com/qompack/qompack/internal/store","Test":"TestAuditPublication_IndexedObjectsAreNotCandidates","Elapsed":0.04}
{"Time":"2026-09-21T12:35:45.0672668-04:00","Action":"run","Package":"github.com/qompack/qompack/internal/store","Test":"TestAuditPublication_KeepRawPutCreatesNoCandidates"}
{"Time":"2026-09-21T12:35:45.0672668-04:00","Action":"output","Package":"github.com/qompack/qompack/internal/store","Test":"TestAuditPublication_KeepRawPutCreatesNoCandidates","Output":"=== RUN   TestAuditPublication_KeepRawPutCreatesNoCandidates\n"}
{"Time":"2026-09-21T12:35:45.1276867-04:00","Action":"output","Package":"github.com/qompack/qompack/internal/store","Test":"TestAuditPublication_KeepRawPutCreatesNoCandidates","Output":"--- PASS: TestAuditPublication_KeepRawPutCreatesNoCandidates (0.06s)\n"}
{"Time":"2026-09-21T12:35:45.1276867-04:00","Action":"pass","Package":"github.com/qompack/qompack/internal/store","Test":"TestAuditPublication_KeepRawPutCreatesNoCandidates","Elapsed":0.06}
{"Time":"2026-09-21T12:35:45.1276867-04:00","Action":"run","Package":"github.com/qompack/qompack/internal/store","Test":"TestAuditPublication_PendingObjectIsNotACandidate"}
{"Time":"2026-09-21T12:35:45.1276867-04:00","Action":"output","Package":"github.com/qompack/qompack/internal/store","Test":"TestAuditPublication_PendingObjectIsNotACandidate","Output":"=== RUN   TestAuditPublication_PendingObjectIsNotACandidate\n"}
{"Time":"2026-09-21T12:35:45.1681594-04:00","Action":"output","Package":"github.com/qompack/qompack/internal/store","Test":"TestAuditPublication_PendingObjectIsNotACandidate","Output":"--- PASS: TestAuditPublication_PendingObjectIsNotACandidate (0.04s)\n"}
{"Time":"2026-09-21T12:35:45.1681594-04:00","Action":"pass","Package":"github.com/qompack/qompack/internal/store","Test":"TestAuditPublication_PendingObjectIsNotACandidate","Elapsed":0.04}
{"Time":"2026-09-21T12:35:45.1681594-04:00","Action":"run","Package":"github.com/qompack/qompack/internal/store","Test":"TestAuditPublication_EmptyProjectIsCleanAndComplete"}
{"Time":"2026-09-21T12:35:45.1681594-04:00","Action":"output","Package":"github.com/qompack/qompack/internal/store","Test":"TestAuditPublication_EmptyProjectIsCleanAndComplete","Output":"=== RUN   TestAuditPublication_EmptyProjectIsCleanAndComplete\n"}
{"Time":"2026-09-21T12:35:45.1898367-04:00","Action":"output","Package":"github.com/qompack/qompack/internal/store","Test":"TestAuditPublication_EmptyProjectIsCleanAndComplete","Output":"--- PASS: TestAuditPublication_EmptyProjectIsCleanAndComplete (0.02s)\n"}
{"Time":"2026-09-21T12:35:45.1898367-04:00","Action":"pass","Package":"github.com/qompack/qompack/internal/store","Test":"TestAuditPublication_EmptyProjectIsCleanAndComplete","Elapsed":0.02}
{"Time":"2026-09-21T12:35:45.1898367-04:00","Action":"run","Package":"github.com/qompack/qompack/internal/store","Test":"TestAuditPublication_RespectsTheCaptureCap"}
{"Time":"2026-09-21T12:35:45.1898367-04:00","Action":"output","Package":"github.com/qompack/qompack/internal/store","Test":"TestAuditPublication_RespectsTheCaptureCap","Output":"=== RUN   TestAuditPublication_RespectsTheCaptureCap\n"}
{"Time":"2026-09-21T12:35:45.2412031-04:00","Action":"output","Package":"github.com/qompack/qompack/internal/store","Test":"TestAuditPublication_RespectsTheCaptureCap","Output":"--- PASS: TestAuditPublication_RespectsTheCaptureCap (0.05s)\n"}
{"Time":"2026-09-21T12:35:45.2412031-04:00","Action":"pass","Package":"github.com/qompack/qompack/internal/store","Test":"TestAuditPublication_RespectsTheCaptureCap","Elapsed":0.05}
{"Time":"2026-09-21T12:35:45.2412031-04:00","Action":"run","Package":"github.com/qompack/qompack/internal/store","Test":"TestAuditPublication_RespectsTheEntryBudget"}
{"Time":"2026-09-21T12:35:45.2412031-04:00","Action":"output","Package":"github.com/qompack/qompack/internal/store","Test":"TestAuditPublication_RespectsTheEntryBudget","Output":"=== RUN   TestAuditPublication_RespectsTheEntryBudget\n"}
{"Time":"2026-09-21T12:35:45.3024541-04:00","Action":"output","Package":"github.com/qompack/qompack/internal/store","Test":"TestAuditPublication_RespectsTheEntryBudget","Output":"--- PASS: TestAuditPublication_RespectsTheEntryBudget (0.06s)\n"}
{"Time":"2026-09-21T12:35:45.3024541-04:00","Action":"pass","Package":"github.com/qompack/qompack/internal/store","Test":"TestAuditPublication_RespectsTheEntryBudget","Elapsed":0.06}
{"Time":"2026-09-21T12:35:45.3024541-04:00","Action":"run","Package":"github.com/qompack/qompack/internal/store","Test":"TestAuditPublication_ClosedStoreDegrades"}
{"Time":"2026-09-21T12:35:45.3024541-04:00","Action":"output","Package":"github.com/qompack/qompack/internal/store","Test":"TestAuditPublication_ClosedStoreDegrades","Output":"=== RUN   TestAuditPublication_ClosedStoreDegrades\n"}
{"Time":"2026-09-21T12:35:45.3277695-04:00","Action":"output","Package":"github.com/qompack/qompack/internal/store","Test":"TestAuditPublication_ClosedStoreDegrades","Output":"--- PASS: TestAuditPublication_ClosedStoreDegrades (0.02s)\n"}
{"Time":"2026-09-21T12:35:45.3277695-04:00","Action":"pass","Package":"github.com/qompack/qompack/internal/store","Test":"TestAuditPublication_ClosedStoreDegrades","Elapsed":0.02}
{"Time":"2026-09-21T12:35:45.3277695-04:00","Action":"run","Package":"github.com/qompack/qompack/internal/store","Test":"TestAuditPublication_HonoursCancellation"}
{"Time":"2026-09-21T12:35:45.3277695-04:00","Action":"output","Package":"github.com/qompack/qompack/internal/store","Test":"TestAuditPublication_HonoursCancellation","Output":"=== RUN   TestAuditPublication_HonoursCancellation\n"}
{"Time":"2026-09-21T12:35:45.3540043-04:00","Action":"output","Package":"github.com/qompack/qompack/internal/store","Test":"TestAuditPublication_HonoursCancellation","Output":"--- PASS: TestAuditPublication_HonoursCancellation (0.03s)\n"}
{"Time":"2026-09-21T12:35:45.3540043-04:00","Action":"pass","Package":"github.com/qompack/qompack/internal/store","Test":"TestAuditPublication_HonoursCancellation","Elapsed":0.03}
{"Time":"2026-09-21T12:35:45.3555693-04:00","Action":"output","Package":"github.com/qompack/qompack/internal/store","Output":"FAIL\n"}
{"Time":"2026-09-21T12:35:45.3656538-04:00","Action":"output","Package":"github.com/qompack/qompack/internal/store","Output":"FAIL\tgithub.com/qompack/qompack/internal/store\t2.857s\n"}
{"Time":"2026-09-21T12:35:45.3656538-04:00","Action":"fail","Package":"github.com/qompack/qompack/internal/store","Elapsed":2.858}
