{"Time":"2026-09-21T14:14:53.5066767-04:00","Action":"start","Package":"github.com/qompack/qompack/test/guards"}
{"Time":"2026-09-21T14:14:53.7647821-04:00","Action":"run","Package":"github.com/qompack/qompack/test/guards","Test":"TestGuard_Phase0BeforeStore"}
{"Time":"2026-09-21T14:14:53.7647821-04:00","Action":"output","Package":"github.com/qompack/qompack/test/guards","Test":"TestGuard_Phase0BeforeStore","Output":"=== RUN   TestGuard_Phase0BeforeStore\n"}
{"Time":"2026-09-21T14:14:53.7695859-04:00","Action":"output","Package":"github.com/qompack/qompack/test/guards","Test":"TestGuard_Phase0BeforeStore","Output":"--- PASS: TestGuard_Phase0BeforeStore (0.00s)\n"}
{"Time":"2026-09-21T14:14:53.7712045-04:00","Action":"pass","Package":"github.com/qompack/qompack/test/guards","Test":"TestGuard_Phase0BeforeStore","Elapsed":0}
{"Time":"2026-09-21T14:14:53.7712045-04:00","Action":"run","Package":"github.com/qompack/qompack/test/guards","Test":"TestGuard_StoreAndNegknowBeforeCheckpoint"}
{"Time":"2026-09-21T14:14:53.7712045-04:00","Action":"output","Package":"github.com/qompack/qompack/test/guards","Test":"TestGuard_StoreAndNegknowBeforeCheckpoint","Output":"=== RUN   TestGuard_StoreAndNegknowBeforeCheckpoint\n"}
{"Time":"2026-09-21T14:14:53.8712307-04:00","Action":"output","Package":"github.com/qompack/qompack/test/guards","Test":"TestGuard_StoreAndNegknowBeforeCheckpoint","Output":"--- PASS: TestGuard_StoreAndNegknowBeforeCheckpoint (0.10s)\n"}
{"Time":"2026-09-21T14:14:53.8712307-04:00","Action":"pass","Package":"github.com/qompack/qompack/test/guards","Test":"TestGuard_StoreAndNegknowBeforeCheckpoint","Elapsed":0.1}
{"Time":"2026-09-21T14:14:53.8717694-04:00","Action":"run","Package":"github.com/qompack/qompack/test/guards","Test":"TestGuard_SubmodularInertWithoutPSelection"}
{"Time":"2026-09-21T14:14:53.8717694-04:00","Action":"output","Package":"github.com/qompack/qompack/test/guards","Test":"TestGuard_SubmodularInertWithoutPSelection","Output":"=== RUN   TestGuard_SubmodularInertWithoutPSelection\n"}
{"Time":"2026-09-21T14:14:53.8717694-04:00","Action":"output","Package":"github.com/qompack/qompack/test/guards","Test":"TestGuard_SubmodularInertWithoutPSelection","Output":"=== PAUSE TestGuard_SubmodularInertWithoutPSelection\n"}
{"Time":"2026-09-21T14:14:53.8717694-04:00","Action":"pause","Package":"github.com/qompack/qompack/test/guards","Test":"TestGuard_SubmodularInertWithoutPSelection"}
{"Time":"2026-09-21T14:14:53.8717694-04:00","Action":"run","Package":"github.com/qompack/qompack/test/guards","Test":"TestGuard_SelectorRefusesWithoutPSelection"}
{"Time":"2026-09-21T14:14:53.8717694-04:00","Action":"output","Package":"github.com/qompack/qompack/test/guards","Test":"TestGuard_SelectorRefusesWithoutPSelection","Output":"=== RUN   TestGuard_SelectorRefusesWithoutPSelection\n"}
{"Time":"2026-09-21T14:14:53.8717694-04:00","Action":"output","Package":"github.com/qompack/qompack/test/guards","Test":"TestGuard_SelectorRefusesWithoutPSelection","Output":"=== PAUSE TestGuard_SelectorRefusesWithoutPSelection\n"}
{"Time":"2026-09-21T14:14:53.8717694-04:00","Action":"pause","Package":"github.com/qompack/qompack/test/guards","Test":"TestGuard_SelectorRefusesWithoutPSelection"}
{"Time":"2026-09-21T14:14:53.8717694-04:00","Action":"run","Package":"github.com/qompack/qompack/test/guards","Test":"TestGuard_O1FlagDefaults"}
{"Time":"2026-09-21T14:14:53.8717694-04:00","Action":"output","Package":"github.com/qompack/qompack/test/guards","Test":"TestGuard_O1FlagDefaults","Output":"=== RUN   TestGuard_O1FlagDefaults\n"}
{"Time":"2026-09-21T14:14:53.8717694-04:00","Action":"output","Package":"github.com/qompack/qompack/test/guards","Test":"TestGuard_O1FlagDefaults","Output":"=== PAUSE TestGuard_O1FlagDefaults\n"}
{"Time":"2026-09-21T14:14:53.8717694-04:00","Action":"pause","Package":"github.com/qompack/qompack/test/guards","Test":"TestGuard_O1FlagDefaults"}
{"Time":"2026-09-21T14:14:53.8717694-04:00","Action":"run","Package":"github.com/qompack/qompack/test/guards","Test":"TestGuard_SubmodularDefaultsOff"}
{"Time":"2026-09-21T14:14:53.8717694-04:00","Action":"output","Package":"github.com/qompack/qompack/test/guards","Test":"TestGuard_SubmodularDefaultsOff","Output":"=== RUN   TestGuard_SubmodularDefaultsOff\n"}
{"Time":"2026-09-21T14:14:53.8717694-04:00","Action":"output","Package":"github.com/qompack/qompack/test/guards","Test":"TestGuard_SubmodularDefaultsOff","Output":"=== PAUSE TestGuard_SubmodularDefaultsOff\n"}
{"Time":"2026-09-21T14:14:53.8717694-04:00","Action":"pause","Package":"github.com/qompack/qompack/test/guards","Test":"TestGuard_SubmodularDefaultsOff"}
{"Time":"2026-09-21T14:14:53.8717694-04:00","Action":"run","Package":"github.com/qompack/qompack/test/guards","Test":"TestGuard_CacheOrderingIdentifiersStayInsideEval"}
{"Time":"2026-09-21T14:14:53.8717694-04:00","Action":"output","Package":"github.com/qompack/qompack/test/guards","Test":"TestGuard_CacheOrderingIdentifiersStayInsideEval","Output":"=== RUN   TestGuard_CacheOrderingIdentifiersStayInsideEval\n"}
{"Time":"2026-09-21T14:14:53.8717694-04:00","Action":"output","Package":"github.com/qompack/qompack/test/guards","Test":"TestGuard_CacheOrderingIdentifiersStayInsideEval","Output":"=== PAUSE TestGuard_CacheOrderingIdentifiersStayInsideEval\n"}
{"Time":"2026-09-21T14:14:53.8717694-04:00","Action":"pause","Package":"github.com/qompack/qompack/test/guards","Test":"TestGuard_CacheOrderingIdentifiersStayInsideEval"}
{"Time":"2026-09-21T14:14:53.8717694-04:00","Action":"run","Package":"github.com/qompack/qompack/test/guards","Test":"TestGuard_CacheOrderingScannerSeesAMention"}
{"Time":"2026-09-21T14:14:53.8717694-04:00","Action":"output","Package":"github.com/qompack/qompack/test/guards","Test":"TestGuard_CacheOrderingScannerSeesAMention","Output":"=== RUN   TestGuard_CacheOrderingScannerSeesAMention\n"}
{"Time":"2026-09-21T14:14:53.8717694-04:00","Action":"output","Package":"github.com/qompack/qompack/test/guards","Test":"TestGuard_CacheOrderingScannerSeesAMention","Output":"=== PAUSE TestGuard_CacheOrderingScannerSeesAMention\n"}
{"Time":"2026-09-21T14:14:53.8717694-04:00","Action":"pause","Package":"github.com/qompack/qompack/test/guards","Test":"TestGuard_CacheOrderingScannerSeesAMention"}
{"Time":"2026-09-21T14:14:53.8717694-04:00","Action":"run","Package":"github.com/qompack/qompack/test/guards","Test":"TestCarriedDefects_ManifestIsWellFormed"}
{"Time":"2026-09-21T14:14:53.8717694-04:00","Action":"output","Package":"github.com/qompack/qompack/test/guards","Test":"TestCarriedDefects_ManifestIsWellFormed","Output":"=== RUN   TestCarriedDefects_ManifestIsWellFormed\n"}
{"Time":"2026-09-21T14:14:53.8717694-04:00","Action":"output","Package":"github.com/qompack/qompack/test/guards","Test":"TestCarriedDefects_ManifestIsWellFormed","Output":"=== PAUSE TestCarriedDefects_ManifestIsWellFormed\n"}
{"Time":"2026-09-21T14:14:53.8717694-04:00","Action":"pause","Package":"github.com/qompack/qompack/test/guards","Test":"TestCarriedDefects_ManifestIsWellFormed"}
{"Time":"2026-09-21T14:14:53.8717694-04:00","Action":"run","Package":"github.com/qompack/qompack/test/guards","Test":"TestCarriedDefects_OpenRowsHaveLivingEvidence"}
{"Time":"2026-09-21T14:14:53.8717694-04:00","Action":"output","Package":"github.com/qompack/qompack/test/guards","Test":"TestCarriedDefects_OpenRowsHaveLivingEvidence","Output":"=== RUN   TestCarriedDefects_OpenRowsHaveLivingEvidence\n"}
{"Time":"2026-09-21T14:14:53.8717694-04:00","Action":"output","Package":"github.com/qompack/qompack/test/guards","Test":"TestCarriedDefects_OpenRowsHaveLivingEvidence","Output":"=== PAUSE TestCarriedDefects_OpenRowsHaveLivingEvidence\n"}
{"Time":"2026-09-21T14:14:53.8717694-04:00","Action":"pause","Package":"github.com/qompack/qompack/test/guards","Test":"TestCarriedDefects_OpenRowsHaveLivingEvidence"}
{"Time":"2026-09-21T14:14:53.8723131-04:00","Action":"run","Package":"github.com/qompack/qompack/test/guards","Test":"TestCarriedDefects_WaveReportRequiresResolution"}
{"Time":"2026-09-21T14:14:53.8723131-04:00","Action":"output","Package":"github.com/qompack/qompack/test/guards","Test":"TestCarriedDefects_WaveReportRequiresResolution","Output":"=== RUN   TestCarriedDefects_WaveReportRequiresResolution\n"}
{"Time":"2026-09-21T14:14:53.8723131-04:00","Action":"output","Package":"github.com/qompack/qompack/test/guards","Test":"TestCarriedDefects_WaveReportRequiresResolution","Output":"=== PAUSE TestCarriedDefects_WaveReportRequiresResolution\n"}
{"Time":"2026-09-21T14:14:53.8723131-04:00","Action":"pause","Package":"github.com/qompack/qompack/test/guards","Test":"TestCarriedDefects_WaveReportRequiresResolution"}
{"Time":"2026-09-21T14:14:53.8723131-04:00","Action":"run","Package":"github.com/qompack/qompack/test/guards","Test":"TestColoadYieldersAreJudgedInIsolation"}
{"Time":"2026-09-21T14:14:53.8723131-04:00","Action":"output","Package":"github.com/qompack/qompack/test/guards","Test":"TestColoadYieldersAreJudgedInIsolation","Output":"=== RUN   TestColoadYieldersAreJudgedInIsolation\n"}
{"Time":"2026-09-21T14:14:53.8723131-04:00","Action":"output","Package":"github.com/qompack/qompack/test/guards","Test":"TestColoadYieldersAreJudgedInIsolation","Output":"=== PAUSE TestColoadYieldersAreJudgedInIsolation\n"}
{"Time":"2026-09-21T14:14:53.8723131-04:00","Action":"pause","Package":"github.com/qompack/qompack/test/guards","Test":"TestColoadYieldersAreJudgedInIsolation"}
{"Time":"2026-09-21T14:14:53.8723131-04:00","Action":"run","Package":"github.com/qompack/qompack/test/guards","Test":"TestColoadDeclarationIsPinnedToTheGoConstant"}
{"Time":"2026-09-21T14:14:53.8723131-04:00","Action":"output","Package":"github.com/qompack/qompack/test/guards","Test":"TestColoadDeclarationIsPinnedToTheGoConstant","Output":"=== RUN   TestColoadDeclarationIsPinnedToTheGoConstant\n"}
{"Time":"2026-09-21T14:14:53.8723131-04:00","Action":"output","Package":"github.com/qompack/qompack/test/guards","Test":"TestColoadDeclarationIsPinnedToTheGoConstant","Output":"=== PAUSE TestColoadDeclarationIsPinnedToTheGoConstant\n"}
{"Time":"2026-09-21T14:14:53.8723131-04:00","Action":"pause","Package":"github.com/qompack/qompack/test/guards","Test":"TestColoadDeclarationIsPinnedToTheGoConstant"}
{"Time":"2026-09-21T14:14:53.8723131-04:00","Action":"run","Package":"github.com/qompack/qompack/test/guards","Test":"TestGuard_CommandsAreFreeOfStdioAndWallClock"}
{"Time":"2026-09-21T14:14:53.8723131-04:00","Action":"output","Package":"github.com/qompack/qompack/test/guards","Test":"TestGuard_CommandsAreFreeOfStdioAndWallClock","Output":"=== RUN   TestGuard_CommandsAreFreeOfStdioAndWallClock\n"}
{"Time":"2026-09-21T14:14:53.8723131-04:00","Action":"output","Package":"github.com/qompack/qompack/test/guards","Test":"TestGuard_CommandsAreFreeOfStdioAndWallClock","Output":"=== PAUSE TestGuard_CommandsAreFreeOfStdioAndWallClock\n"}
{"Time":"2026-09-21T14:14:53.8723131-04:00","Action":"pause","Package":"github.com/qompack/qompack/test/guards","Test":"TestGuard_CommandsAreFreeOfStdioAndWallClock"}
{"Time":"2026-09-21T14:14:53.8723131-04:00","Action":"run","Package":"github.com/qompack/qompack/test/guards","Test":"TestGuard_CommandsPurityScannerSeesAForbiddenSelector"}
{"Time":"2026-09-21T14:14:53.8723131-04:00","Action":"output","Package":"github.com/qompack/qompack/test/guards","Test":"TestGuard_CommandsPurityScannerSeesAForbiddenSelector","Output":"=== RUN   TestGuard_CommandsPurityScannerSeesAForbiddenSelector\n"}
{"Time":"2026-09-21T14:14:53.8723131-04:00","Action":"output","Package":"github.com/qompack/qompack/test/guards","Test":"TestGuard_CommandsPurityScannerSeesAForbiddenSelector","Output":"=== PAUSE TestGuard_CommandsPurityScannerSeesAForbiddenSelector\n"}
{"Time":"2026-09-21T14:14:53.8723131-04:00","Action":"pause","Package":"github.com/qompack/qompack/test/guards","Test":"TestGuard_CommandsPurityScannerSeesAForbiddenSelector"}
{"Time":"2026-09-21T14:14:53.8723131-04:00","Action":"run","Package":"github.com/qompack/qompack/test/guards","Test":"TestGuard_FreshBuildReportsModeFull"}
{"Time":"2026-09-21T14:14:53.8723131-04:00","Action":"output","Package":"github.com/qompack/qompack/test/guards","Test":"TestGuard_FreshBuildReportsModeFull","Output":"=== RUN   TestGuard_FreshBuildReportsModeFull\n"}
{"Time":"2026-09-21T14:14:53.8952465-04:00","Action":"output","Package":"github.com/qompack/qompack/test/guards","Test":"TestGuard_FreshBuildReportsModeFull","Output":"--- PASS: TestGuard_FreshBuildReportsModeFull (0.02s)\n"}
{"Time":"2026-09-21T14:14:53.8952465-04:00","Action":"pass","Package":"github.com/qompack/qompack/test/guards","Test":"TestGuard_FreshBuildReportsModeFull","Elapsed":0.02}
{"Time":"2026-09-21T14:14:53.8952465-04:00","Action":"run","Package":"github.com/qompack/qompack/test/guards","Test":"TestGuard_DeclaredSeverityIsPreservedOnTheAssertion"}
{"Time":"2026-09-21T14:14:53.8952465-04:00","Action":"output","Package":"github.com/qompack/qompack/test/guards","Test":"TestGuard_DeclaredSeverityIsPreservedOnTheAssertion","Output":"=== RUN   TestGuard_DeclaredSeverityIsPreservedOnTheAssertion\n"}
{"Time":"2026-09-21T14:14:53.8952465-04:00","Action":"output","Package":"github.com/qompack/qompack/test/guards","Test":"TestGuard_DeclaredSeverityIsPreservedOnTheAssertion","Output":"=== PAUSE TestGuard_DeclaredSeverityIsPreservedOnTheAssertion\n"}
{"Time":"2026-09-21T14:14:53.8952465-04:00","Action":"pause","Package":"github.com/qompack/qompack/test/guards","Test":"TestGuard_DeclaredSeverityIsPreservedOnTheAssertion"}
{"Time":"2026-09-21T14:14:53.8952465-04:00","Action":"run","Package":"github.com/qompack/qompack/test/guards","Test":"TestGuard_TheV1DeliveryPositionHasOneEncoder"}
{"Time":"2026-09-21T14:14:53.8952465-04:00","Action":"output","Package":"github.com/qompack/qompack/test/guards","Test":"TestGuard_TheV1DeliveryPositionHasOneEncoder","Output":"=== RUN   TestGuard_TheV1DeliveryPositionHasOneEncoder\n"}
{"Time":"2026-09-21T14:14:53.9626828-04:00","Action":"run","Package":"github.com/qompack/qompack/test/guards","Test":"TestGuard_TheV1DeliveryPositionHasOneEncoder/internal/daemon/delivery_lease.go:openDeliveryJournal"}
{"Time":"2026-09-21T14:14:53.9626828-04:00","Action":"output","Package":"github.com/qompack/qompack/test/guards","Test":"TestGuard_TheV1DeliveryPositionHasOneEncoder/internal/daemon/delivery_lease.go:openDeliveryJournal","Output":"=== RUN   TestGuard_TheV1DeliveryPositionHasOneEncoder/internal/daemon/delivery_lease.go:openDeliveryJournal\n"}
{"Time":"2026-09-21T14:14:53.9648014-04:00","Action":"output","Package":"github.com/qompack/qompack/test/guards","Test":"TestGuard_TheV1DeliveryPositionHasOneEncoder/internal/daemon/delivery_lease.go:openDeliveryJournal","Output":"--- PASS: TestGuard_TheV1DeliveryPositionHasOneEncoder/internal/daemon/delivery_lease.go:openDeliveryJournal (0.00s)\n"}
{"Time":"2026-09-21T14:14:53.9648014-04:00","Action":"pass","Package":"github.com/qompack/qompack/test/guards","Test":"TestGuard_TheV1DeliveryPositionHasOneEncoder/internal/daemon/delivery_lease.go:openDeliveryJournal","Elapsed":0}
{"Time":"2026-09-21T14:14:53.9648014-04:00","Action":"run","Package":"github.com/qompack/qompack/test/guards","Test":"TestGuard_TheV1DeliveryPositionHasOneEncoder/internal/daemon/delivery_lease.go:openAckLocked"}
{"Time":"2026-09-21T14:14:53.9648014-04:00","Action":"output","Package":"github.com/qompack/qompack/test/guards","Test":"TestGuard_TheV1DeliveryPositionHasOneEncoder/internal/daemon/delivery_lease.go:openAckLocked","Output":"=== RUN   TestGuard_TheV1DeliveryPositionHasOneEncoder/internal/daemon/delivery_lease.go:openAckLocked\n"}
{"Time":"2026-09-21T14:14:53.9667411-04:00","Action":"output","Package":"github.com/qompack/qompack/test/guards","Test":"TestGuard_TheV1DeliveryPositionHasOneEncoder/internal/daemon/delivery_lease.go:openAckLocked","Output":"--- PASS: TestGuard_TheV1DeliveryPositionHasOneEncoder/internal/daemon/delivery_lease.go:openAckLocked (0.00s)\n"}
{"Time":"2026-09-21T14:14:53.9667411-04:00","Action":"pass","Package":"github.com/qompack/qompack/test/guards","Test":"TestGuard_TheV1DeliveryPositionHasOneEncoder/internal/daemon/delivery_lease.go:openAckLocked","Elapsed":0}
{"Time":"2026-09-21T14:14:53.9667411-04:00","Action":"run","Package":"github.com/qompack/qompack/test/guards","Test":"TestGuard_TheV1DeliveryPositionHasOneEncoder/every_deliveryPosition_marshal_site_is_named_here"}
{"Time":"2026-09-21T14:14:53.9673066-04:00","Action":"output","Package":"github.com/qompack/qompack/test/guards","Test":"TestGuard_TheV1DeliveryPositionHasOneEncoder/every_deliveryPosition_marshal_site_is_named_here","Output":"=== RUN   TestGuard_TheV1DeliveryPositionHasOneEncoder/every_deliveryPosition_marshal_site_is_named_here\n"}
{"Time":"2026-09-21T14:14:53.9941398-04:00","Action":"output","Package":"github.com/qompack/qompack/test/guards","Test":"TestGuard_TheV1DeliveryPositionHasOneEncoder/every_deliveryPosition_marshal_site_is_named_here","Output":"--- PASS: TestGuard_TheV1DeliveryPositionHasOneEncoder/every_deliveryPosition_marshal_site_is_named_here (0.03s)\n"}
{"Time":"2026-09-21T14:14:53.9951513-04:00","Action":"pass","Package":"github.com/qompack/qompack/test/guards","Test":"TestGuard_TheV1DeliveryPositionHasOneEncoder/every_deliveryPosition_marshal_site_is_named_here","Elapsed":0.03}
{"Time":"2026-09-21T14:14:53.9951513-04:00","Action":"output","Package":"github.com/qompack/qompack/test/guards","Test":"TestGuard_TheV1DeliveryPositionHasOneEncoder","Output":"--- PASS: TestGuard_TheV1DeliveryPositionHasOneEncoder (0.10s)\n"}
{"Time":"2026-09-21T14:14:53.9951513-04:00","Action":"pass","Package":"github.com/qompack/qompack/test/guards","Test":"TestGuard_TheV1DeliveryPositionHasOneEncoder","Elapsed":0.1}
{"Time":"2026-09-21T14:14:53.9951513-04:00","Action":"run","Package":"github.com/qompack/qompack/test/guards","Test":"TestGuard_TheDeliveryPositionScannerSeesEveryShapeItClaims"}
{"Time":"2026-09-21T14:14:53.9951513-04:00","Action":"output","Package":"github.com/qompack/qompack/test/guards","Test":"TestGuard_TheDeliveryPositionScannerSeesEveryShapeItClaims","Output":"=== RUN   TestGuard_TheDeliveryPositionScannerSeesEveryShapeItClaims\n"}
{"Time":"2026-09-21T14:14:53.9951513-04:00","Action":"output","Package":"github.com/qompack/qompack/test/guards","Test":"TestGuard_TheDeliveryPositionScannerSeesEveryShapeItClaims","Output":"--- PASS: TestGuard_TheDeliveryPositionScannerSeesEveryShapeItClaims (0.00s)\n"}
{"Time":"2026-09-21T14:14:53.9951513-04:00","Action":"pass","Package":"github.com/qompack/qompack/test/guards","Test":"TestGuard_TheDeliveryPositionScannerSeesEveryShapeItClaims","Elapsed":0}
{"Time":"2026-09-21T14:14:53.9951513-04:00","Action":"run","Package":"github.com/qompack/qompack/test/guards","Test":"TestGuard_FaultEnvIsConfinedToTwoFiles"}
{"Time":"2026-09-21T14:14:53.9951513-04:00","Action":"output","Package":"github.com/qompack/qompack/test/guards","Test":"TestGuard_FaultEnvIsConfinedToTwoFiles","Output":"=== RUN   TestGuard_FaultEnvIsConfinedToTwoFiles\n"}
{"Time":"2026-09-21T14:14:53.9951513-04:00","Action":"output","Package":"github.com/qompack/qompack/test/guards","Test":"TestGuard_FaultEnvIsConfinedToTwoFiles","Output":"=== PAUSE TestGuard_FaultEnvIsConfinedToTwoFiles\n"}
{"Time":"2026-09-21T14:14:53.9951513-04:00","Action":"pause","Package":"github.com/qompack/qompack/test/guards","Test":"TestGuard_FaultEnvIsConfinedToTwoFiles"}
{"Time":"2026-09-21T14:14:53.9951513-04:00","Action":"run","Package":"github.com/qompack/qompack/test/guards","Test":"TestWorkflowGoVersionMatchesToolchain"}
{"Time":"2026-09-21T14:14:53.9951513-04:00","Action":"output","Package":"github.com/qompack/qompack/test/guards","Test":"TestWorkflowGoVersionMatchesToolchain","Output":"=== RUN   TestWorkflowGoVersionMatchesToolchain\n"}
{"Time":"2026-09-21T14:14:54.051366-04:00","Action":"output","Package":"github.com/qompack/qompack/test/guards","Test":"TestWorkflowGoVersionMatchesToolchain","Output":"    goversion_test.go:85: 18 go-version pins across [ci.yml nightly.yml release.yml] all equal go.mod's toolchain go1.26.6\n"}
{"Time":"2026-09-21T14:14:54.051366-04:00","Action":"output","Package":"github.com/qompack/qompack/test/guards","Test":"TestWorkflowGoVersionMatchesToolchain","Output":"--- PASS: TestWorkflowGoVersionMatchesToolchain (0.06s)\n"}
{"Time":"2026-09-21T14:14:54.051366-04:00","Action":"pass","Package":"github.com/qompack/qompack/test/guards","Test":"TestWorkflowGoVersionMatchesToolchain","Elapsed":0.06}
{"Time":"2026-09-21T14:14:54.051366-04:00","Action":"run","Package":"github.com/qompack/qompack/test/guards","Test":"TestGuard_NoNetworkImports"}
{"Time":"2026-09-21T14:14:54.051366-04:00","Action":"output","Package":"github.com/qompack/qompack/test/guards","Test":"TestGuard_NoNetworkImports","Output":"=== RUN   TestGuard_NoNetworkImports\n"}
{"Time":"2026-09-21T14:14:54.051366-04:00","Action":"output","Package":"github.com/qompack/qompack/test/guards","Test":"TestGuard_NoNetworkImports","Output":"=== PAUSE TestGuard_NoNetworkImports\n"}
{"Time":"2026-09-21T14:14:54.051366-04:00","Action":"pause","Package":"github.com/qompack/qompack/test/guards","Test":"TestGuard_NoNetworkImports"}
{"Time":"2026-09-21T14:14:54.051366-04:00","Action":"run","Package":"github.com/qompack/qompack/test/guards","Test":"TestGuard_NoNetworkImports_DetectsAViolation"}
{"Time":"2026-09-21T14:14:54.051366-04:00","Action":"output","Package":"github.com/qompack/qompack/test/guards","Test":"TestGuard_NoNetworkImports_DetectsAViolation","Output":"=== RUN   TestGuard_NoNetworkImports_DetectsAViolation\n"}
{"Time":"2026-09-21T14:14:54.051366-04:00","Action":"output","Package":"github.com/qompack/qompack/test/guards","Test":"TestGuard_NoNetworkImports_DetectsAViolation","Output":"=== PAUSE TestGuard_NoNetworkImports_DetectsAViolation\n"}
{"Time":"2026-09-21T14:14:54.051366-04:00","Action":"pause","Package":"github.com/qompack/qompack/test/guards","Test":"TestGuard_NoNetworkImports_DetectsAViolation"}
{"Time":"2026-09-21T14:14:54.051366-04:00","Action":"run","Package":"github.com/qompack/qompack/test/guards","Test":"TestNightlyFuzzMatrix"}
{"Time":"2026-09-21T14:14:54.051366-04:00","Action":"output","Package":"github.com/qompack/qompack/test/guards","Test":"TestNightlyFuzzMatrix","Output":"=== RUN   TestNightlyFuzzMatrix\n"}
{"Time":"2026-09-21T14:14:54.051366-04:00","Action":"output","Package":"github.com/qompack/qompack/test/guards","Test":"TestNightlyFuzzMatrix","Output":"=== PAUSE TestNightlyFuzzMatrix\n"}
{"Time":"2026-09-21T14:14:54.051366-04:00","Action":"pause","Package":"github.com/qompack/qompack/test/guards","Test":"TestNightlyFuzzMatrix"}
{"Time":"2026-09-21T14:14:54.051366-04:00","Action":"run","Package":"github.com/qompack/qompack/test/guards","Test":"TestNightlyFuzz_LandedSubplansMirrorsCoverGo"}
{"Time":"2026-09-21T14:14:54.0519869-04:00","Action":"output","Package":"github.com/qompack/qompack/test/guards","Test":"TestNightlyFuzz_LandedSubplansMirrorsCoverGo","Output":"=== RUN   TestNightlyFuzz_LandedSubplansMirrorsCoverGo\n"}
{"Time":"2026-09-21T14:14:54.0519869-04:00","Action":"output","Package":"github.com/qompack/qompack/test/guards","Test":"TestNightlyFuzz_LandedSubplansMirrorsCoverGo","Output":"=== PAUSE TestNightlyFuzz_LandedSubplansMirrorsCoverGo\n"}
{"Time":"2026-09-21T14:14:54.0519869-04:00","Action":"pause","Package":"github.com/qompack/qompack/test/guards","Test":"TestNightlyFuzz_LandedSubplansMirrorsCoverGo"}
{"Time":"2026-09-21T14:14:54.0519869-04:00","Action":"run","Package":"github.com/qompack/qompack/test/guards","Test":"TestQompackChangesOnlyThroughAnAuthorizedRevision"}
{"Time":"2026-09-21T14:14:54.0519869-04:00","Action":"output","Package":"github.com/qompack/qompack/test/guards","Test":"TestQompackChangesOnlyThroughAnAuthorizedRevision","Output":"=== RUN   TestQompackChangesOnlyThroughAnAuthorizedRevision\n"}
{"Time":"2026-09-21T14:14:54.0694348-04:00","Action":"output","Package":"github.com/qompack/qompack/test/guards","Test":"TestQompackChangesOnlyThroughAnAuthorizedRevision","Output":"--- PASS: TestQompackChangesOnlyThroughAnAuthorizedRevision (0.02s)\n"}
{"Time":"2026-09-21T14:14:54.0694348-04:00","Action":"pass","Package":"github.com/qompack/qompack/test/guards","Test":"TestQompackChangesOnlyThroughAnAuthorizedRevision","Elapsed":0.02}
{"Time":"2026-09-21T14:14:54.0694348-04:00","Action":"run","Package":"github.com/qompack/qompack/test/guards","Test":"TestQompackDeclaredVersionIsRecorded"}
{"Time":"2026-09-21T14:14:54.0694348-04:00","Action":"output","Package":"github.com/qompack/qompack/test/guards","Test":"TestQompackDeclaredVersionIsRecorded","Output":"=== RUN   TestQompackDeclaredVersionIsRecorded\n"}
{"Time":"2026-09-21T14:14:54.0874626-04:00","Action":"output","Package":"github.com/qompack/qompack/test/guards","Test":"TestQompackDeclaredVersionIsRecorded","Output":"--- PASS: TestQompackDeclaredVersionIsRecorded (0.02s)\n"}
{"Time":"2026-09-21T14:14:54.0874626-04:00","Action":"pass","Package":"github.com/qompack/qompack/test/guards","Test":"TestQompackDeclaredVersionIsRecorded","Elapsed":0.02}
{"Time":"2026-09-21T14:14:54.0874626-04:00","Action":"run","Package":"github.com/qompack/qompack/test/guards","Test":"TestQompackErrataAndRevisionLogAgree"}
{"Time":"2026-09-21T14:14:54.0874626-04:00","Action":"output","Package":"github.com/qompack/qompack/test/guards","Test":"TestQompackErrataAndRevisionLogAgree","Output":"=== RUN   TestQompackErrataAndRevisionLogAgree\n"}
{"Time":"2026-09-21T14:14:54.0891688-04:00","Action":"output","Package":"github.com/qompack/qompack/test/guards","Test":"TestQompackErrataAndRevisionLogAgree","Output":"--- PASS: TestQompackErrataAndRevisionLogAgree (0.00s)\n"}
{"Time":"2026-09-21T14:14:54.0891688-04:00","Action":"pass","Package":"github.com/qompack/qompack/test/guards","Test":"TestQompackErrataAndRevisionLogAgree","Elapsed":0}
{"Time":"2026-09-21T14:14:54.0891688-04:00","Action":"run","Package":"github.com/qompack/qompack/test/guards","Test":"TestGoreleaserBuildsNothingAndDraftsTheRelease"}
{"Time":"2026-09-21T14:14:54.0891688-04:00","Action":"output","Package":"github.com/qompack/qompack/test/guards","Test":"TestGoreleaserBuildsNothingAndDraftsTheRelease","Output":"=== RUN   TestGoreleaserBuildsNothingAndDraftsTheRelease\n"}
{"Time":"2026-09-21T14:14:54.0891688-04:00","Action":"output","Package":"github.com/qompack/qompack/test/guards","Test":"TestGoreleaserBuildsNothingAndDraftsTheRelease","Output":"=== PAUSE TestGoreleaserBuildsNothingAndDraftsTheRelease\n"}
{"Time":"2026-09-21T14:14:54.0891688-04:00","Action":"pause","Package":"github.com/qompack/qompack/test/guards","Test":"TestGoreleaserBuildsNothingAndDraftsTheRelease"}
{"Time":"2026-09-21T14:14:54.0891688-04:00","Action":"run","Package":"github.com/qompack/qompack/test/guards","Test":"TestReleaseWorkflowGatesGoreleaserBehindReleaseCheck"}
{"Time":"2026-09-21T14:14:54.0891688-04:00","Action":"output","Package":"github.com/qompack/qompack/test/guards","Test":"TestReleaseWorkflowGatesGoreleaserBehindReleaseCheck","Output":"=== RUN   TestReleaseWorkflowGatesGoreleaserBehindReleaseCheck\n"}
{"Time":"2026-09-21T14:14:54.0891688-04:00","Action":"output","Package":"github.com/qompack/qompack/test/guards","Test":"TestReleaseWorkflowGatesGoreleaserBehindReleaseCheck","Output":"=== PAUSE TestReleaseWorkflowGatesGoreleaserBehindReleaseCheck\n"}
{"Time":"2026-09-21T14:14:54.0891688-04:00","Action":"pause","Package":"github.com/qompack/qompack/test/guards","Test":"TestReleaseWorkflowGatesGoreleaserBehindReleaseCheck"}
{"Time":"2026-09-21T14:14:54.0891688-04:00","Action":"run","Package":"github.com/qompack/qompack/test/guards","Test":"TestGoreleaserGuardRejectsReshapedYAML"}
{"Time":"2026-09-21T14:14:54.0891688-04:00","Action":"output","Package":"github.com/qompack/qompack/test/guards","Test":"TestGoreleaserGuardRejectsReshapedYAML","Output":"=== RUN   TestGoreleaserGuardRejectsReshapedYAML\n"}
{"Time":"2026-09-21T14:14:54.0891688-04:00","Action":"output","Package":"github.com/qompack/qompack/test/guards","Test":"TestGoreleaserGuardRejectsReshapedYAML","Output":"=== PAUSE TestGoreleaserGuardRejectsReshapedYAML\n"}
{"Time":"2026-09-21T14:14:54.0891688-04:00","Action":"pause","Package":"github.com/qompack/qompack/test/guards","Test":"TestGoreleaserGuardRejectsReshapedYAML"}
{"Time":"2026-09-21T14:14:54.0891688-04:00","Action":"run","Package":"github.com/qompack/qompack/test/guards","Test":"TestGuard_AReleasedLockReportsItsSealResidual"}
{"Time":"2026-09-21T14:14:54.0891688-04:00","Action":"output","Package":"github.com/qompack/qompack/test/guards","Test":"TestGuard_AReleasedLockReportsItsSealResidual","Output":"=== RUN   TestGuard_AReleasedLockReportsItsSealResidual\n"}
{"Time":"2026-09-21T14:14:54.163304-04:00","Action":"run","Package":"github.com/qompack/qompack/test/guards","Test":"TestGuard_AReleasedLockReportsItsSealResidual/internal/daemon/daemon.go:Run"}
{"Time":"2026-09-21T14:14:54.163304-04:00","Action":"output","Package":"github.com/qompack/qompack/test/guards","Test":"TestGuard_AReleasedLockReportsItsSealResidual/internal/daemon/daemon.go:Run","Output":"=== RUN   TestGuard_AReleasedLockReportsItsSealResidual/internal/daemon/daemon.go:Run\n"}
{"Time":"2026-09-21T14:14:54.1655607-04:00","Action":"output","Package":"github.com/qompack/qompack/test/guards","Test":"TestGuard_AReleasedLockReportsItsSealResidual/internal/daemon/daemon.go:Run","Output":"    sealresidualreport_test.go:108: \n"}
{"Time":"2026-09-21T14:14:54.1655607-04:00","Action":"output","Package":"github.com/qompack/qompack/test/guards","Test":"TestGuard_AReleasedLockReportsItsSealResidual/internal/daemon/daemon.go:Run","Output":"        \tError Trace:\tC:/Users/Quant/Documents/Programming/Projects/qompack-v6/test/guards/sealresidualreport_test.go:108\n"}
{"Time":"2026-09-21T14:14:54.1655607-04:00","Action":"output","Package":"github.com/qompack/qompack/test/guards","Test":"TestGuard_AReleasedLockReportsItsSealResidual/internal/daemon/daemon.go:Run","Output":"        \tError:      \tNot equal: \n"}
{"Time":"2026-09-21T14:14:54.1655607-04:00","Action":"output","Package":"github.com/qompack/qompack/test/guards","Test":"TestGuard_AReleasedLockReportsItsSealResidual/internal/daemon/daemon.go:Run","Output":"        \t            \texpected: 2\n"}
{"Time":"2026-09-21T14:14:54.1655607-04:00","Action":"output","Package":"github.com/qompack/qompack/test/guards","Test":"TestGuard_AReleasedLockReportsItsSealResidual/internal/daemon/daemon.go:Run","Output":"        \t            \tactual  : 0\n"}
{"Time":"2026-09-21T14:14:54.1655607-04:00","Action":"output","Package":"github.com/qompack/qompack/test/guards","Test":"TestGuard_AReleasedLockReportsItsSealResidual/internal/daemon/daemon.go:Run","Output":"        \tTest:       \tTestGuard_AReleasedLockReportsItsSealResidual/internal/daemon/daemon.go:Run\n"}
{"Time":"2026-09-21T14:14:54.1655607-04:00","Action":"output","Package":"github.com/qompack/qompack/test/guards","Test":"TestGuard_AReleasedLockReportsItsSealResidual/internal/daemon/daemon.go:Run","Output":"        \tMessages:   \tRun no longer makes exactly 2 Release calls (the two startup aborts — a Stop that arrived mid-startup, and a listen failure — each of which hands the lock back so a replacement daemon can take the project). Update this row in the same change: a count that has drifted is a guard checking the wrong number.\n"}
{"Time":"2026-09-21T14:14:54.1655607-04:00","Action":"output","Package":"github.com/qompack/qompack/test/guards","Test":"TestGuard_AReleasedLockReportsItsSealResidual/internal/daemon/daemon.go:Run","Output":"--- FAIL: TestGuard_AReleasedLockReportsItsSealResidual/internal/daemon/daemon.go:Run (0.00s)\n"}
{"Time":"2026-09-21T14:14:54.1655607-04:00","Action":"fail","Package":"github.com/qompack/qompack/test/guards","Test":"TestGuard_AReleasedLockReportsItsSealResidual/internal/daemon/daemon.go:Run","Elapsed":0}
{"Time":"2026-09-21T14:14:54.1655607-04:00","Action":"run","Package":"github.com/qompack/qompack/test/guards","Test":"TestGuard_AReleasedLockReportsItsSealResidual/internal/daemon/daemon.go:Stop"}
{"Time":"2026-09-21T14:14:54.1655607-04:00","Action":"output","Package":"github.com/qompack/qompack/test/guards","Test":"TestGuard_AReleasedLockReportsItsSealResidual/internal/daemon/daemon.go:Stop","Output":"=== RUN   TestGuard_AReleasedLockReportsItsSealResidual/internal/daemon/daemon.go:Stop\n"}
{"Time":"2026-09-21T14:14:54.166757-04:00","Action":"output","Package":"github.com/qompack/qompack/test/guards","Test":"TestGuard_AReleasedLockReportsItsSealResidual/internal/daemon/daemon.go:Stop","Output":"    sealresidualreport_test.go:108: \n"}
{"Time":"2026-09-21T14:14:54.166757-04:00","Action":"output","Package":"github.com/qompack/qompack/test/guards","Test":"TestGuard_AReleasedLockReportsItsSealResidual/internal/daemon/daemon.go:Stop","Output":"        \tError Trace:\tC:/Users/Quant/Documents/Programming/Projects/qompack-v6/test/guards/sealresidualreport_test.go:108\n"}
{"Time":"2026-09-21T14:14:54.166757-04:00","Action":"output","Package":"github.com/qompack/qompack/test/guards","Test":"TestGuard_AReleasedLockReportsItsSealResidual/internal/daemon/daemon.go:Stop","Output":"        \tError:      \tNot equal: \n"}
{"Time":"2026-09-21T14:14:54.166757-04:00","Action":"output","Package":"github.com/qompack/qompack/test/guards","Test":"TestGuard_AReleasedLockReportsItsSealResidual/internal/daemon/daemon.go:Stop","Output":"        \t            \texpected: 1\n"}
{"Time":"2026-09-21T14:14:54.166757-04:00","Action":"output","Package":"github.com/qompack/qompack/test/guards","Test":"TestGuard_AReleasedLockReportsItsSealResidual/internal/daemon/daemon.go:Stop","Output":"        \t            \tactual  : 0\n"}
{"Time":"2026-09-21T14:14:54.166757-04:00","Action":"output","Package":"github.com/qompack/qompack/test/guards","Test":"TestGuard_AReleasedLockReportsItsSealResidual/internal/daemon/daemon.go:Stop","Output":"        \tTest:       \tTestGuard_AReleasedLockReportsItsSealResidual/internal/daemon/daemon.go:Stop\n"}
{"Time":"2026-09-21T14:14:54.166757-04:00","Action":"output","Package":"github.com/qompack/qompack/test/guards","Test":"TestGuard_AReleasedLockReportsItsSealResidual/internal/daemon/daemon.go:Stop","Output":"        \tMessages:   \tStop no longer makes exactly 1 Release calls (the ordinary shutdown, and the one release whose lock CAN carry an open delivery journal, so the one whose residual is not structurally nil). Update this row in the same change: a count that has drifted is a guard checking the wrong number.\n"}
{"Time":"2026-09-21T14:14:54.1673562-04:00","Action":"output","Package":"github.com/qompack/qompack/test/guards","Test":"TestGuard_AReleasedLockReportsItsSealResidual/internal/daemon/daemon.go:Stop","Output":"--- FAIL: TestGuard_AReleasedLockReportsItsSealResidual/internal/daemon/daemon.go:Stop (0.00s)\n"}
{"Time":"2026-09-21T14:14:54.1673562-04:00","Action":"fail","Package":"github.com/qompack/qompack/test/guards","Test":"TestGuard_AReleasedLockReportsItsSealResidual/internal/daemon/daemon.go:Stop","Elapsed":0}
{"Time":"2026-09-21T14:14:54.1673562-04:00","Action":"run","Package":"github.com/qompack/qompack/test/guards","Test":"TestGuard_AReleasedLockReportsItsSealResidual/every_release_in_internal/daemon_is_accounted_for"}
{"Time":"2026-09-21T14:14:54.1673562-04:00","Action":"output","Package":"github.com/qompack/qompack/test/guards","Test":"TestGuard_AReleasedLockReportsItsSealResidual/every_release_in_internal/daemon_is_accounted_for","Output":"=== RUN   TestGuard_AReleasedLockReportsItsSealResidual/every_release_in_internal/daemon_is_accounted_for\n"}
{"Time":"2026-09-21T14:14:54.1921564-04:00","Action":"output","Package":"github.com/qompack/qompack/test/guards","Test":"TestGuard_AReleasedLockReportsItsSealResidual/every_release_in_internal/daemon_is_accounted_for","Output":"    sealresidualreport_test.go:133: \n"}
{"Time":"2026-09-21T14:14:54.1927138-04:00","Action":"output","Package":"github.com/qompack/qompack/test/guards","Test":"TestGuard_AReleasedLockReportsItsSealResidual/every_release_in_internal/daemon_is_accounted_for","Output":"        \tError Trace:\tC:/Users/Quant/Documents/Programming/Projects/qompack-v6/test/guards/sealresidualreport_test.go:133\n"}
{"Time":"2026-09-21T14:14:54.1927138-04:00","Action":"output","Package":"github.com/qompack/qompack/test/guards","Test":"TestGuard_AReleasedLockReportsItsSealResidual/every_release_in_internal/daemon_is_accounted_for","Output":"        \tError:      \tNot equal: \n"}
{"Time":"2026-09-21T14:14:54.1927138-04:00","Action":"output","Package":"github.com/qompack/qompack/test/guards","Test":"TestGuard_AReleasedLockReportsItsSealResidual/every_release_in_internal/daemon_is_accounted_for","Output":"        \t            \texpected: []string{\"RepairDeliverySeal\", \"Run\", \"SpawnDetached\", \"Stop\"}\n"}
{"Time":"2026-09-21T14:14:54.1927138-04:00","Action":"output","Package":"github.com/qompack/qompack/test/guards","Test":"TestGuard_AReleasedLockReportsItsSealResidual/every_release_in_internal/daemon_is_accounted_for","Output":"        \t            \tactual  : []string{\"RepairDeliverySeal\", \"SpawnDetached\", \"releaseRunLease\"}\n"}
{"Time":"2026-09-21T14:14:54.1927138-04:00","Action":"output","Package":"github.com/qompack/qompack/test/guards","Test":"TestGuard_AReleasedLockReportsItsSealResidual/every_release_in_internal/daemon_is_accounted_for","Output":"        \t            \t\n"}
{"Time":"2026-09-21T14:14:54.1927138-04:00","Action":"output","Package":"github.com/qompack/qompack/test/guards","Test":"TestGuard_AReleasedLockReportsItsSealResidual/every_release_in_internal/daemon_is_accounted_for","Output":"        \t            \tDiff:\n"}
{"Time":"2026-09-21T14:14:54.1927138-04:00","Action":"output","Package":"github.com/qompack/qompack/test/guards","Test":"TestGuard_AReleasedLockReportsItsSealResidual/every_release_in_internal/daemon_is_accounted_for","Output":"        \t            \t--- Expected\n"}
{"Time":"2026-09-21T14:14:54.1927138-04:00","Action":"output","Package":"github.com/qompack/qompack/test/guards","Test":"TestGuard_AReleasedLockReportsItsSealResidual/every_release_in_internal/daemon_is_accounted_for","Output":"        \t            \t+++ Actual\n"}
{"Time":"2026-09-21T14:14:54.1927138-04:00","Action":"output","Package":"github.com/qompack/qompack/test/guards","Test":"TestGuard_AReleasedLockReportsItsSealResidual/every_release_in_internal/daemon_is_accounted_for","Output":"        \t            \t@@ -1,6 +1,5 @@\n"}
{"Time":"2026-09-21T14:14:54.1927138-04:00","Action":"output","Package":"github.com/qompack/qompack/test/guards","Test":"TestGuard_AReleasedLockReportsItsSealResidual/every_release_in_internal/daemon_is_accounted_for","Output":"        \t            \t-([]string) (len=4) {\n"}
{"Time":"2026-09-21T14:14:54.1927138-04:00","Action":"output","Package":"github.com/qompack/qompack/test/guards","Test":"TestGuard_AReleasedLockReportsItsSealResidual/every_release_in_internal/daemon_is_accounted_for","Output":"        \t            \t+([]string) (len=3) {\n"}
{"Time":"2026-09-21T14:14:54.1927138-04:00","Action":"output","Package":"github.com/qompack/qompack/test/guards","Test":"TestGuard_AReleasedLockReportsItsSealResidual/every_release_in_internal/daemon_is_accounted_for","Output":"        \t            \t  (string) (len=18) \"RepairDeliverySeal\",\n"}
{"Time":"2026-09-21T14:14:54.1927138-04:00","Action":"output","Package":"github.com/qompack/qompack/test/guards","Test":"TestGuard_AReleasedLockReportsItsSealResidual/every_release_in_internal/daemon_is_accounted_for","Output":"        \t            \t- (string) (len=3) \"Run\",\n"}
{"Time":"2026-09-21T14:14:54.1927138-04:00","Action":"output","Package":"github.com/qompack/qompack/test/guards","Test":"TestGuard_AReleasedLockReportsItsSealResidual/every_release_in_internal/daemon_is_accounted_for","Output":"        \t            \t  (string) (len=13) \"SpawnDetached\",\n"}
{"Time":"2026-09-21T14:14:54.1927138-04:00","Action":"output","Package":"github.com/qompack/qompack/test/guards","Test":"TestGuard_AReleasedLockReportsItsSealResidual/every_release_in_internal/daemon_is_accounted_for","Output":"        \t            \t- (string) (len=4) \"Stop\"\n"}
{"Time":"2026-09-21T14:14:54.1927138-04:00","Action":"output","Package":"github.com/qompack/qompack/test/guards","Test":"TestGuard_AReleasedLockReportsItsSealResidual/every_release_in_internal/daemon_is_accounted_for","Output":"        \t            \t+ (string) (len=15) \"releaseRunLease\"\n"}
{"Time":"2026-09-21T14:14:54.1927138-04:00","Action":"output","Package":"github.com/qompack/qompack/test/guards","Test":"TestGuard_AReleasedLockReportsItsSealResidual/every_release_in_internal/daemon_is_accounted_for","Output":"        \t            \t }\n"}
{"Time":"2026-09-21T14:14:54.1927138-04:00","Action":"output","Package":"github.com/qompack/qompack/test/guards","Test":"TestGuard_AReleasedLockReportsItsSealResidual/every_release_in_internal/daemon_is_accounted_for","Output":"        \tTest:       \tTestGuard_AReleasedLockReportsItsSealResidual/every_release_in_internal/daemon_is_accounted_for\n"}
{"Time":"2026-09-21T14:14:54.1927138-04:00","Action":"output","Package":"github.com/qompack/qompack/test/guards","Test":"TestGuard_AReleasedLockReportsItsSealResidual/every_release_in_internal/daemon_is_accounted_for","Output":"        \tMessages:   \ta production function in internal/daemon calls Release and is in neither list. If it releases the singleton lock, add it to sealResidualReleaseSites and call reportSealDowngradeResidual beside the release; if it releases something else, add it to releasesWithNoSealResidual with the reason. Leaving it out is how the third site went unnoticed the first time.\n"}
{"Time":"2026-09-21T14:14:54.1927138-04:00","Action":"output","Package":"github.com/qompack/qompack/test/guards","Test":"TestGuard_AReleasedLockReportsItsSealResidual/every_release_in_internal/daemon_is_accounted_for","Output":"--- FAIL: TestGuard_AReleasedLockReportsItsSealResidual/every_release_in_internal/daemon_is_accounted_for (0.03s)\n"}
{"Time":"2026-09-21T14:14:54.1927138-04:00","Action":"fail","Package":"github.com/qompack/qompack/test/guards","Test":"TestGuard_AReleasedLockReportsItsSealResidual/every_release_in_internal/daemon_is_accounted_for","Elapsed":0.03}
{"Time":"2026-09-21T14:14:54.1927138-04:00","Action":"output","Package":"github.com/qompack/qompack/test/guards","Test":"TestGuard_AReleasedLockReportsItsSealResidual","Output":"--- FAIL: TestGuard_AReleasedLockReportsItsSealResidual (0.10s)\n"}
{"Time":"2026-09-21T14:14:54.1927138-04:00","Action":"fail","Package":"github.com/qompack/qompack/test/guards","Test":"TestGuard_AReleasedLockReportsItsSealResidual","Elapsed":0.1}
{"Time":"2026-09-21T14:14:54.1927138-04:00","Action":"run","Package":"github.com/qompack/qompack/test/guards","Test":"TestGuard_TheSealResidualScannerSeesBothCallShapes"}
{"Time":"2026-09-21T14:14:54.1927138-04:00","Action":"output","Package":"github.com/qompack/qompack/test/guards","Test":"TestGuard_TheSealResidualScannerSeesBothCallShapes","Output":"=== RUN   TestGuard_TheSealResidualScannerSeesBothCallShapes\n"}
{"Time":"2026-09-21T14:14:54.1927138-04:00","Action":"output","Package":"github.com/qompack/qompack/test/guards","Test":"TestGuard_TheSealResidualScannerSeesBothCallShapes","Output":"--- PASS: TestGuard_TheSealResidualScannerSeesBothCallShapes (0.00s)\n"}
{"Time":"2026-09-21T14:14:54.1927138-04:00","Action":"pass","Package":"github.com/qompack/qompack/test/guards","Test":"TestGuard_TheSealResidualScannerSeesBothCallShapes","Elapsed":0}
{"Time":"2026-09-21T14:14:54.1927138-04:00","Action":"run","Package":"github.com/qompack/qompack/test/guards","Test":"TestGuard_SelectorHasExactlyOnePosVersusPComparison"}
{"Time":"2026-09-21T14:14:54.1927138-04:00","Action":"output","Package":"github.com/qompack/qompack/test/guards","Test":"TestGuard_SelectorHasExactlyOnePosVersusPComparison","Output":"=== RUN   TestGuard_SelectorHasExactlyOnePosVersusPComparison\n"}
{"Time":"2026-09-21T14:14:54.1927138-04:00","Action":"output","Package":"github.com/qompack/qompack/test/guards","Test":"TestGuard_SelectorHasExactlyOnePosVersusPComparison","Output":"=== PAUSE TestGuard_SelectorHasExactlyOnePosVersusPComparison\n"}
{"Time":"2026-09-21T14:14:54.1927138-04:00","Action":"pause","Package":"github.com/qompack/qompack/test/guards","Test":"TestGuard_SelectorHasExactlyOnePosVersusPComparison"}
{"Time":"2026-09-21T14:14:54.1927138-04:00","Action":"run","Package":"github.com/qompack/qompack/test/guards","Test":"TestGuard_SelectorBypassScannerSeesAComparison"}
{"Time":"2026-09-21T14:14:54.1927138-04:00","Action":"output","Package":"github.com/qompack/qompack/test/guards","Test":"TestGuard_SelectorBypassScannerSeesAComparison","Output":"=== RUN   TestGuard_SelectorBypassScannerSeesAComparison\n"}
{"Time":"2026-09-21T14:14:54.1927138-04:00","Action":"output","Package":"github.com/qompack/qompack/test/guards","Test":"TestGuard_SelectorBypassScannerSeesAComparison","Output":"=== PAUSE TestGuard_SelectorBypassScannerSeesAComparison\n"}
{"Time":"2026-09-21T14:14:54.1927138-04:00","Action":"pause","Package":"github.com/qompack/qompack/test/guards","Test":"TestGuard_SelectorBypassScannerSeesAComparison"}
{"Time":"2026-09-21T14:14:54.1927138-04:00","Action":"run","Package":"github.com/qompack/qompack/test/guards","Test":"TestGuard_HotFilesAreReadWithDeleteSharing"}
{"Time":"2026-09-21T14:14:54.1927138-04:00","Action":"output","Package":"github.com/qompack/qompack/test/guards","Test":"TestGuard_HotFilesAreReadWithDeleteSharing","Output":"=== RUN   TestGuard_HotFilesAreReadWithDeleteSharing\n"}
{"Time":"2026-09-21T14:14:54.266268-04:00","Action":"run","Package":"github.com/qompack/qompack/test/guards","Test":"TestGuard_HotFilesAreReadWithDeleteSharing/internal/daemon/lock.go:readLockFile"}
{"Time":"2026-09-21T14:14:54.266268-04:00","Action":"output","Package":"github.com/qompack/qompack/test/guards","Test":"TestGuard_HotFilesAreReadWithDeleteSharing/internal/daemon/lock.go:readLockFile","Output":"=== RUN   TestGuard_HotFilesAreReadWithDeleteSharing/internal/daemon/lock.go:readLockFile\n"}
{"Time":"2026-09-21T14:14:54.2668374-04:00","Action":"output","Package":"github.com/qompack/qompack/test/guards","Test":"TestGuard_HotFilesAreReadWithDeleteSharing/internal/daemon/lock.go:readLockFile","Output":"--- PASS: TestGuard_HotFilesAreReadWithDeleteSharing/internal/daemon/lock.go:readLockFile (0.00s)\n"}
{"Time":"2026-09-21T14:14:54.2668374-04:00","Action":"pass","Package":"github.com/qompack/qompack/test/guards","Test":"TestGuard_HotFilesAreReadWithDeleteSharing/internal/daemon/lock.go:readLockFile","Elapsed":0}
{"Time":"2026-09-21T14:14:54.2668374-04:00","Action":"run","Package":"github.com/qompack/qompack/test/guards","Test":"TestGuard_HotFilesAreReadWithDeleteSharing/internal/ipc/client.go:spawnLockIsStale"}
{"Time":"2026-09-21T14:14:54.2668374-04:00","Action":"output","Package":"github.com/qompack/qompack/test/guards","Test":"TestGuard_HotFilesAreReadWithDeleteSharing/internal/ipc/client.go:spawnLockIsStale","Output":"=== RUN   TestGuard_HotFilesAreReadWithDeleteSharing/internal/ipc/client.go:spawnLockIsStale\n"}
{"Time":"2026-09-21T14:14:54.2673918-04:00","Action":"output","Package":"github.com/qompack/qompack/test/guards","Test":"TestGuard_HotFilesAreReadWithDeleteSharing/internal/ipc/client.go:spawnLockIsStale","Output":"--- PASS: TestGuard_HotFilesAreReadWithDeleteSharing/internal/ipc/client.go:spawnLockIsStale (0.00s)\n"}
{"Time":"2026-09-21T14:14:54.2673918-04:00","Action":"pass","Package":"github.com/qompack/qompack/test/guards","Test":"TestGuard_HotFilesAreReadWithDeleteSharing/internal/ipc/client.go:spawnLockIsStale","Elapsed":0}
{"Time":"2026-09-21T14:14:54.2673918-04:00","Action":"run","Package":"github.com/qompack/qompack/test/guards","Test":"TestGuard_HotFilesAreReadWithDeleteSharing/internal/contract/monitor.go:load"}
{"Time":"2026-09-21T14:14:54.2673918-04:00","Action":"output","Package":"github.com/qompack/qompack/test/guards","Test":"TestGuard_HotFilesAreReadWithDeleteSharing/internal/contract/monitor.go:load","Output":"=== RUN   TestGuard_HotFilesAreReadWithDeleteSharing/internal/contract/monitor.go:load\n"}
{"Time":"2026-09-21T14:14:54.2679305-04:00","Action":"output","Package":"github.com/qompack/qompack/test/guards","Test":"TestGuard_HotFilesAreReadWithDeleteSharing/internal/contract/monitor.go:load","Output":"--- PASS: TestGuard_HotFilesAreReadWithDeleteSharing/internal/contract/monitor.go:load (0.00s)\n"}
{"Time":"2026-09-21T14:14:54.2679305-04:00","Action":"pass","Package":"github.com/qompack/qompack/test/guards","Test":"TestGuard_HotFilesAreReadWithDeleteSharing/internal/contract/monitor.go:load","Elapsed":0}
{"Time":"2026-09-21T14:14:54.2679305-04:00","Action":"run","Package":"github.com/qompack/qompack/test/guards","Test":"TestGuard_HotFilesAreReadWithDeleteSharing/internal/contract/history.go:LoadHistory"}
{"Time":"2026-09-21T14:14:54.2679305-04:00","Action":"output","Package":"github.com/qompack/qompack/test/guards","Test":"TestGuard_HotFilesAreReadWithDeleteSharing/internal/contract/history.go:LoadHistory","Output":"=== RUN   TestGuard_HotFilesAreReadWithDeleteSharing/internal/contract/history.go:LoadHistory\n"}
{"Time":"2026-09-21T14:14:54.2684847-04:00","Action":"output","Package":"github.com/qompack/qompack/test/guards","Test":"TestGuard_HotFilesAreReadWithDeleteSharing/internal/contract/history.go:LoadHistory","Output":"--- PASS: TestGuard_HotFilesAreReadWithDeleteSharing/internal/contract/history.go:LoadHistory (0.00s)\n"}
{"Time":"2026-09-21T14:14:54.2684847-04:00","Action":"pass","Package":"github.com/qompack/qompack/test/guards","Test":"TestGuard_HotFilesAreReadWithDeleteSharing/internal/contract/history.go:LoadHistory","Elapsed":0}
{"Time":"2026-09-21T14:14:54.2684847-04:00","Action":"run","Package":"github.com/qompack/qompack/test/guards","Test":"TestGuard_HotFilesAreReadWithDeleteSharing/internal/ipc/state.go:ReadState"}
{"Time":"2026-09-21T14:14:54.2684847-04:00","Action":"output","Package":"github.com/qompack/qompack/test/guards","Test":"TestGuard_HotFilesAreReadWithDeleteSharing/internal/ipc/state.go:ReadState","Output":"=== RUN   TestGuard_HotFilesAreReadWithDeleteSharing/internal/ipc/state.go:ReadState\n"}
{"Time":"2026-09-21T14:14:54.2684847-04:00","Action":"output","Package":"github.com/qompack/qompack/test/guards","Test":"TestGuard_HotFilesAreReadWithDeleteSharing/internal/ipc/state.go:ReadState","Output":"--- PASS: TestGuard_HotFilesAreReadWithDeleteSharing/internal/ipc/state.go:ReadState (0.00s)\n"}
{"Time":"2026-09-21T14:14:54.2690314-04:00","Action":"pass","Package":"github.com/qompack/qompack/test/guards","Test":"TestGuard_HotFilesAreReadWithDeleteSharing/internal/ipc/state.go:ReadState","Elapsed":0}
{"Time":"2026-09-21T14:14:54.2690314-04:00","Action":"run","Package":"github.com/qompack/qompack/test/guards","Test":"TestGuard_HotFilesAreReadWithDeleteSharing/internal/store/backup.go:refuseIfTheProjectMoved"}
{"Time":"2026-09-21T14:14:54.2690314-04:00","Action":"output","Package":"github.com/qompack/qompack/test/guards","Test":"TestGuard_HotFilesAreReadWithDeleteSharing/internal/store/backup.go:refuseIfTheProjectMoved","Output":"=== RUN   TestGuard_HotFilesAreReadWithDeleteSharing/internal/store/backup.go:refuseIfTheProjectMoved\n"}
{"Time":"2026-09-21T14:14:54.2695924-04:00","Action":"output","Package":"github.com/qompack/qompack/test/guards","Test":"TestGuard_HotFilesAreReadWithDeleteSharing/internal/store/backup.go:refuseIfTheProjectMoved","Output":"--- PASS: TestGuard_HotFilesAreReadWithDeleteSharing/internal/store/backup.go:refuseIfTheProjectMoved (0.00s)\n"}
{"Time":"2026-09-21T14:14:54.2695924-04:00","Action":"pass","Package":"github.com/qompack/qompack/test/guards","Test":"TestGuard_HotFilesAreReadWithDeleteSharing/internal/store/backup.go:refuseIfTheProjectMoved","Elapsed":0}
{"Time":"2026-09-21T14:14:54.2695924-04:00","Action":"run","Package":"github.com/qompack/qompack/test/guards","Test":"TestGuard_HotFilesAreReadWithDeleteSharing/internal/store/backup.go:TakeBackup"}
{"Time":"2026-09-21T14:14:54.2695924-04:00","Action":"output","Package":"github.com/qompack/qompack/test/guards","Test":"TestGuard_HotFilesAreReadWithDeleteSharing/internal/store/backup.go:TakeBackup","Output":"=== RUN   TestGuard_HotFilesAreReadWithDeleteSharing/internal/store/backup.go:TakeBackup\n"}
{"Time":"2026-09-21T14:14:54.2701388-04:00","Action":"output","Package":"github.com/qompack/qompack/test/guards","Test":"TestGuard_HotFilesAreReadWithDeleteSharing/internal/store/backup.go:TakeBackup","Output":"--- PASS: TestGuard_HotFilesAreReadWithDeleteSharing/internal/store/backup.go:TakeBackup (0.00s)\n"}
{"Time":"2026-09-21T14:14:54.2701388-04:00","Action":"pass","Package":"github.com/qompack/qompack/test/guards","Test":"TestGuard_HotFilesAreReadWithDeleteSharing/internal/store/backup.go:TakeBackup","Elapsed":0}
{"Time":"2026-09-21T14:14:54.2701388-04:00","Action":"output","Package":"github.com/qompack/qompack/test/guards","Test":"TestGuard_HotFilesAreReadWithDeleteSharing","Output":"--- PASS: TestGuard_HotFilesAreReadWithDeleteSharing (0.08s)\n"}
{"Time":"2026-09-21T14:14:54.2701388-04:00","Action":"pass","Package":"github.com/qompack/qompack/test/guards","Test":"TestGuard_HotFilesAreReadWithDeleteSharing","Elapsed":0.08}
{"Time":"2026-09-21T14:14:54.2701388-04:00","Action":"run","Package":"github.com/qompack/qompack/test/guards","Test":"TestGuard_SharedReaderScannerSeesAForbiddenCall"}
{"Time":"2026-09-21T14:14:54.2701388-04:00","Action":"output","Package":"github.com/qompack/qompack/test/guards","Test":"TestGuard_SharedReaderScannerSeesAForbiddenCall","Output":"=== RUN   TestGuard_SharedReaderScannerSeesAForbiddenCall\n"}
{"Time":"2026-09-21T14:14:54.2701388-04:00","Action":"output","Package":"github.com/qompack/qompack/test/guards","Test":"TestGuard_SharedReaderScannerSeesAForbiddenCall","Output":"--- PASS: TestGuard_SharedReaderScannerSeesAForbiddenCall (0.00s)\n"}
{"Time":"2026-09-21T14:14:54.2701388-04:00","Action":"pass","Package":"github.com/qompack/qompack/test/guards","Test":"TestGuard_SharedReaderScannerSeesAForbiddenCall","Elapsed":0}
{"Time":"2026-09-21T14:14:54.2701388-04:00","Action":"run","Package":"github.com/qompack/qompack/test/guards","Test":"TestGuard_NoSilentSketchLoadOutsideItsPackage"}
{"Time":"2026-09-21T14:14:54.2701388-04:00","Action":"output","Package":"github.com/qompack/qompack/test/guards","Test":"TestGuard_NoSilentSketchLoadOutsideItsPackage","Output":"=== RUN   TestGuard_NoSilentSketchLoadOutsideItsPackage\n"}
{"Time":"2026-09-21T14:14:54.2701388-04:00","Action":"output","Package":"github.com/qompack/qompack/test/guards","Test":"TestGuard_NoSilentSketchLoadOutsideItsPackage","Output":"=== PAUSE TestGuard_NoSilentSketchLoadOutsideItsPackage\n"}
{"Time":"2026-09-21T14:14:54.2701388-04:00","Action":"pause","Package":"github.com/qompack/qompack/test/guards","Test":"TestGuard_NoSilentSketchLoadOutsideItsPackage"}
{"Time":"2026-09-21T14:14:54.2701388-04:00","Action":"run","Package":"github.com/qompack/qompack/test/guards","Test":"TestGuard_SketchLoadScannerSeesACall"}
{"Time":"2026-09-21T14:14:54.2701388-04:00","Action":"output","Package":"github.com/qompack/qompack/test/guards","Test":"TestGuard_SketchLoadScannerSeesACall","Output":"=== RUN   TestGuard_SketchLoadScannerSeesACall\n"}
{"Time":"2026-09-21T14:14:54.2701388-04:00","Action":"output","Package":"github.com/qompack/qompack/test/guards","Test":"TestGuard_SketchLoadScannerSeesACall","Output":"=== PAUSE TestGuard_SketchLoadScannerSeesACall\n"}
{"Time":"2026-09-21T14:14:54.2701388-04:00","Action":"pause","Package":"github.com/qompack/qompack/test/guards","Test":"TestGuard_SketchLoadScannerSeesACall"}
{"Time":"2026-09-21T14:14:54.2701388-04:00","Action":"run","Package":"github.com/qompack/qompack/test/guards","Test":"TestObserverNewRequiresItsCollaborators"}
{"Time":"2026-09-21T14:14:54.2701388-04:00","Action":"output","Package":"github.com/qompack/qompack/test/guards","Test":"TestObserverNewRequiresItsCollaborators","Output":"=== RUN   TestObserverNewRequiresItsCollaborators\n"}
{"Time":"2026-09-21T14:14:54.292029-04:00","Action":"run","Package":"github.com/qompack/qompack/test/guards","Test":"TestObserverNewRequiresItsCollaborators/ProjectRoot"}
{"Time":"2026-09-21T14:14:54.292029-04:00","Action":"output","Package":"github.com/qompack/qompack/test/guards","Test":"TestObserverNewRequiresItsCollaborators/ProjectRoot","Output":"=== RUN   TestObserverNewRequiresItsCollaborators/ProjectRoot\n"}
{"Time":"2026-09-21T14:14:54.292586-04:00","Action":"output","Package":"github.com/qompack/qompack/test/guards","Test":"TestObserverNewRequiresItsCollaborators/ProjectRoot","Output":"--- PASS: TestObserverNewRequiresItsCollaborators/ProjectRoot (0.00s)\n"}
{"Time":"2026-09-21T14:14:54.292586-04:00","Action":"pass","Package":"github.com/qompack/qompack/test/guards","Test":"TestObserverNewRequiresItsCollaborators/ProjectRoot","Elapsed":0}
{"Time":"2026-09-21T14:14:54.292586-04:00","Action":"run","Package":"github.com/qompack/qompack/test/guards","Test":"TestObserverNewRequiresItsCollaborators/Store"}
{"Time":"2026-09-21T14:14:54.292586-04:00","Action":"output","Package":"github.com/qompack/qompack/test/guards","Test":"TestObserverNewRequiresItsCollaborators/Store","Output":"=== RUN   TestObserverNewRequiresItsCollaborators/Store\n"}
{"Time":"2026-09-21T14:14:54.292586-04:00","Action":"output","Package":"github.com/qompack/qompack/test/guards","Test":"TestObserverNewRequiresItsCollaborators/Store","Output":"--- PASS: TestObserverNewRequiresItsCollaborators/Store (0.00s)\n"}
{"Time":"2026-09-21T14:14:54.292586-04:00","Action":"pass","Package":"github.com/qompack/qompack/test/guards","Test":"TestObserverNewRequiresItsCollaborators/Store","Elapsed":0}
{"Time":"2026-09-21T14:14:54.292586-04:00","Action":"run","Package":"github.com/qompack/qompack/test/guards","Test":"TestObserverNewRequiresItsCollaborators/Graph"}
{"Time":"2026-09-21T14:14:54.292586-04:00","Action":"output","Package":"github.com/qompack/qompack/test/guards","Test":"TestObserverNewRequiresItsCollaborators/Graph","Output":"=== RUN   TestObserverNewRequiresItsCollaborators/Graph\n"}
{"Time":"2026-09-21T14:14:54.292586-04:00","Action":"output","Package":"github.com/qompack/qompack/test/guards","Test":"TestObserverNewRequiresItsCollaborators/Graph","Output":"--- PASS: TestObserverNewRequiresItsCollaborators/Graph (0.00s)\n"}
{"Time":"2026-09-21T14:14:54.292586-04:00","Action":"pass","Package":"github.com/qompack/qompack/test/guards","Test":"TestObserverNewRequiresItsCollaborators/Graph","Elapsed":0}
{"Time":"2026-09-21T14:14:54.292586-04:00","Action":"run","Package":"github.com/qompack/qompack/test/guards","Test":"TestObserverNewRequiresItsCollaborators/Log"}
{"Time":"2026-09-21T14:14:54.292586-04:00","Action":"output","Package":"github.com/qompack/qompack/test/guards","Test":"TestObserverNewRequiresItsCollaborators/Log","Output":"=== RUN   TestObserverNewRequiresItsCollaborators/Log\n"}
{"Time":"2026-09-21T14:14:54.292586-04:00","Action":"output","Package":"github.com/qompack/qompack/test/guards","Test":"TestObserverNewRequiresItsCollaborators/Log","Output":"--- PASS: TestObserverNewRequiresItsCollaborators/Log (0.00s)\n"}
{"Time":"2026-09-21T14:14:54.292586-04:00","Action":"pass","Package":"github.com/qompack/qompack/test/guards","Test":"TestObserverNewRequiresItsCollaborators/Log","Elapsed":0}
{"Time":"2026-09-21T14:14:54.292586-04:00","Action":"run","Package":"github.com/qompack/qompack/test/guards","Test":"TestObserverNewRequiresItsCollaborators/Clock"}
{"Time":"2026-09-21T14:14:54.292586-04:00","Action":"output","Package":"github.com/qompack/qompack/test/guards","Test":"TestObserverNewRequiresItsCollaborators/Clock","Output":"=== RUN   TestObserverNewRequiresItsCollaborators/Clock\n"}
{"Time":"2026-09-21T14:14:54.292586-04:00","Action":"output","Package":"github.com/qompack/qompack/test/guards","Test":"TestObserverNewRequiresItsCollaborators/Clock","Output":"--- PASS: TestObserverNewRequiresItsCollaborators/Clock (0.00s)\n"}
{"Time":"2026-09-21T14:14:54.292586-04:00","Action":"pass","Package":"github.com/qompack/qompack/test/guards","Test":"TestObserverNewRequiresItsCollaborators/Clock","Elapsed":0}
{"Time":"2026-09-21T14:14:54.3029068-04:00","Action":"output","Package":"github.com/qompack/qompack/test/guards","Test":"TestObserverNewRequiresItsCollaborators","Output":"--- PASS: TestObserverNewRequiresItsCollaborators (0.03s)\n"}
{"Time":"2026-09-21T14:14:54.3029068-04:00","Action":"pass","Package":"github.com/qompack/qompack/test/guards","Test":"TestObserverNewRequiresItsCollaborators","Elapsed":0.03}
{"Time":"2026-09-21T14:14:54.3029068-04:00","Action":"run","Package":"github.com/qompack/qompack/test/guards","Test":"TestAllStubsReturnNotImplemented"}
{"Time":"2026-09-21T14:14:54.3029068-04:00","Action":"output","Package":"github.com/qompack/qompack/test/guards","Test":"TestAllStubsReturnNotImplemented","Output":"=== RUN   TestAllStubsReturnNotImplemented\n"}
{"Time":"2026-09-21T14:14:54.3029068-04:00","Action":"run","Package":"github.com/qompack/qompack/test/guards","Test":"TestAllStubsReturnNotImplemented/chunk"}
{"Time":"2026-09-21T14:14:54.3029068-04:00","Action":"output","Package":"github.com/qompack/qompack/test/guards","Test":"TestAllStubsReturnNotImplemented/chunk","Output":"=== RUN   TestAllStubsReturnNotImplemented/chunk\n"}
{"Time":"2026-09-21T14:14:54.3029068-04:00","Action":"output","Package":"github.com/qompack/qompack/test/guards","Test":"TestAllStubsReturnNotImplemented/chunk","Output":"--- PASS: TestAllStubsReturnNotImplemented/chunk (0.00s)\n"}
{"Time":"2026-09-21T14:14:54.3029068-04:00","Action":"pass","Package":"github.com/qompack/qompack/test/guards","Test":"TestAllStubsReturnNotImplemented/chunk","Elapsed":0}
{"Time":"2026-09-21T14:14:54.3029068-04:00","Action":"run","Package":"github.com/qompack/qompack/test/guards","Test":"TestAllStubsReturnNotImplemented/canon"}
{"Time":"2026-09-21T14:14:54.3029068-04:00","Action":"output","Package":"github.com/qompack/qompack/test/guards","Test":"TestAllStubsReturnNotImplemented/canon","Output":"=== RUN   TestAllStubsReturnNotImplemented/canon\n"}
{"Time":"2026-09-21T14:14:54.3029068-04:00","Action":"output","Package":"github.com/qompack/qompack/test/guards","Test":"TestAllStubsReturnNotImplemented/canon","Output":"--- PASS: TestAllStubsReturnNotImplemented/canon (0.00s)\n"}
{"Time":"2026-09-21T14:14:54.3029068-04:00","Action":"pass","Package":"github.com/qompack/qompack/test/guards","Test":"TestAllStubsReturnNotImplemented/canon","Elapsed":0}
{"Time":"2026-09-21T14:14:54.3029068-04:00","Action":"run","Package":"github.com/qompack/qompack/test/guards","Test":"TestAllStubsReturnNotImplemented/symbols"}
{"Time":"2026-09-21T14:14:54.3029068-04:00","Action":"output","Package":"github.com/qompack/qompack/test/guards","Test":"TestAllStubsReturnNotImplemented/symbols","Output":"=== RUN   TestAllStubsReturnNotImplemented/symbols\n"}
{"Time":"2026-09-21T14:14:54.3029068-04:00","Action":"output","Package":"github.com/qompack/qompack/test/guards","Test":"TestAllStubsReturnNotImplemented/symbols","Output":"--- PASS: TestAllStubsReturnNotImplemented/symbols (0.00s)\n"}
{"Time":"2026-09-21T14:14:54.3036377-04:00","Action":"pass","Package":"github.com/qompack/qompack/test/guards","Test":"TestAllStubsReturnNotImplemented/symbols","Elapsed":0}
{"Time":"2026-09-21T14:14:54.3036377-04:00","Action":"run","Package":"github.com/qompack/qompack/test/guards","Test":"TestAllStubsReturnNotImplemented/redact"}
{"Time":"2026-09-21T14:14:54.3036377-04:00","Action":"output","Package":"github.com/qompack/qompack/test/guards","Test":"TestAllStubsReturnNotImplemented/redact","Output":"=== RUN   TestAllStubsReturnNotImplemented/redact\n"}
{"Time":"2026-09-21T14:14:54.3036377-04:00","Action":"output","Package":"github.com/qompack/qompack/test/guards","Test":"TestAllStubsReturnNotImplemented/redact","Output":"--- PASS: TestAllStubsReturnNotImplemented/redact (0.00s)\n"}
{"Time":"2026-09-21T14:14:54.3036377-04:00","Action":"pass","Package":"github.com/qompack/qompack/test/guards","Test":"TestAllStubsReturnNotImplemented/redact","Elapsed":0}
{"Time":"2026-09-21T14:14:54.3036377-04:00","Action":"run","Package":"github.com/qompack/qompack/test/guards","Test":"TestAllStubsReturnNotImplemented/sketch"}
{"Time":"2026-09-21T14:14:54.3036377-04:00","Action":"output","Package":"github.com/qompack/qompack/test/guards","Test":"TestAllStubsReturnNotImplemented/sketch","Output":"=== RUN   TestAllStubsReturnNotImplemented/sketch\n"}
{"Time":"2026-09-21T14:14:54.3036377-04:00","Action":"output","Package":"github.com/qompack/qompack/test/guards","Test":"TestAllStubsReturnNotImplemented/sketch","Output":"--- PASS: TestAllStubsReturnNotImplemented/sketch (0.00s)\n"}
{"Time":"2026-09-21T14:14:54.3036377-04:00","Action":"pass","Package":"github.com/qompack/qompack/test/guards","Test":"TestAllStubsReturnNotImplemented/sketch","Elapsed":0}
{"Time":"2026-09-21T14:14:54.3036377-04:00","Action":"run","Package":"github.com/qompack/qompack/test/guards","Test":"TestAllStubsReturnNotImplemented/store"}
{"Time":"2026-09-21T14:14:54.3036377-04:00","Action":"output","Package":"github.com/qompack/qompack/test/guards","Test":"TestAllStubsReturnNotImplemented/store","Output":"=== RUN   TestAllStubsReturnNotImplemented/store\n"}
{"Time":"2026-09-21T14:14:54.3299563-04:00","Action":"output","Package":"github.com/qompack/qompack/test/guards","Test":"TestAllStubsReturnNotImplemented/store","Output":"--- PASS: TestAllStubsReturnNotImplemented/store (0.03s)\n"}
{"Time":"2026-09-21T14:14:54.3299563-04:00","Action":"pass","Package":"github.com/qompack/qompack/test/guards","Test":"TestAllStubsReturnNotImplemented/store","Elapsed":0.03}
{"Time":"2026-09-21T14:14:54.3299563-04:00","Action":"run","Package":"github.com/qompack/qompack/test/guards","Test":"TestAllStubsReturnNotImplemented/dag"}
{"Time":"2026-09-21T14:14:54.3299563-04:00","Action":"output","Package":"github.com/qompack/qompack/test/guards","Test":"TestAllStubsReturnNotImplemented/dag","Output":"=== RUN   TestAllStubsReturnNotImplemented/dag\n"}
{"Time":"2026-09-21T14:14:54.3332938-04:00","Action":"output","Package":"github.com/qompack/qompack/test/guards","Test":"TestAllStubsReturnNotImplemented/dag","Output":"--- PASS: TestAllStubsReturnNotImplemented/dag (0.00s)\n"}
{"Time":"2026-09-21T14:14:54.3332938-04:00","Action":"pass","Package":"github.com/qompack/qompack/test/guards","Test":"TestAllStubsReturnNotImplemented/dag","Elapsed":0}
{"Time":"2026-09-21T14:14:54.3332938-04:00","Action":"run","Package":"github.com/qompack/qompack/test/guards","Test":"TestAllStubsReturnNotImplemented/grammar"}
{"Time":"2026-09-21T14:14:54.3332938-04:00","Action":"output","Package":"github.com/qompack/qompack/test/guards","Test":"TestAllStubsReturnNotImplemented/grammar","Output":"=== RUN   TestAllStubsReturnNotImplemented/grammar\n"}
{"Time":"2026-09-21T14:14:54.3332938-04:00","Action":"output","Package":"github.com/qompack/qompack/test/guards","Test":"TestAllStubsReturnNotImplemented/grammar","Output":"--- PASS: TestAllStubsReturnNotImplemented/grammar (0.00s)\n"}
{"Time":"2026-09-21T14:14:54.3332938-04:00","Action":"pass","Package":"github.com/qompack/qompack/test/guards","Test":"TestAllStubsReturnNotImplemented/grammar","Elapsed":0}
{"Time":"2026-09-21T14:14:54.3332938-04:00","Action":"run","Package":"github.com/qompack/qompack/test/guards","Test":"TestAllStubsReturnNotImplemented/negknow"}
{"Time":"2026-09-21T14:14:54.3332938-04:00","Action":"output","Package":"github.com/qompack/qompack/test/guards","Test":"TestAllStubsReturnNotImplemented/negknow","Output":"=== RUN   TestAllStubsReturnNotImplemented/negknow\n"}
{"Time":"2026-09-21T14:14:54.3562968-04:00","Action":"output","Package":"github.com/qompack/qompack/test/guards","Test":"TestAllStubsReturnNotImplemented/negknow","Output":"--- PASS: TestAllStubsReturnNotImplemented/negknow (0.02s)\n"}
{"Time":"2026-09-21T14:14:54.3562968-04:00","Action":"pass","Package":"github.com/qompack/qompack/test/guards","Test":"TestAllStubsReturnNotImplemented/negknow","Elapsed":0.02}
{"Time":"2026-09-21T14:14:54.3568435-04:00","Action":"run","Package":"github.com/qompack/qompack/test/guards","Test":"TestAllStubsReturnNotImplemented/analyzer"}
{"Time":"2026-09-21T14:14:54.3568435-04:00","Action":"output","Package":"github.com/qompack/qompack/test/guards","Test":"TestAllStubsReturnNotImplemented/analyzer","Output":"=== RUN   TestAllStubsReturnNotImplemented/analyzer\n"}
{"Time":"2026-09-21T14:14:54.3568435-04:00","Action":"output","Package":"github.com/qompack/qompack/test/guards","Test":"TestAllStubsReturnNotImplemented/analyzer","Output":"--- PASS: TestAllStubsReturnNotImplemented/analyzer (0.00s)\n"}
{"Time":"2026-09-21T14:14:54.3568435-04:00","Action":"pass","Package":"github.com/qompack/qompack/test/guards","Test":"TestAllStubsReturnNotImplemented/analyzer","Elapsed":0}
{"Time":"2026-09-21T14:14:54.3568435-04:00","Action":"run","Package":"github.com/qompack/qompack/test/guards","Test":"TestAllStubsReturnNotImplemented/scheduler"}
{"Time":"2026-09-21T14:14:54.3568435-04:00","Action":"output","Package":"github.com/qompack/qompack/test/guards","Test":"TestAllStubsReturnNotImplemented/scheduler","Output":"=== RUN   TestAllStubsReturnNotImplemented/scheduler\n"}
{"Time":"2026-09-21T14:14:54.3568435-04:00","Action":"output","Package":"github.com/qompack/qompack/test/guards","Test":"TestAllStubsReturnNotImplemented/scheduler","Output":"--- PASS: TestAllStubsReturnNotImplemented/scheduler (0.00s)\n"}
{"Time":"2026-09-21T14:14:54.3568435-04:00","Action":"pass","Package":"github.com/qompack/qompack/test/guards","Test":"TestAllStubsReturnNotImplemented/scheduler","Elapsed":0}
{"Time":"2026-09-21T14:14:54.3568435-04:00","Action":"run","Package":"github.com/qompack/qompack/test/guards","Test":"TestAllStubsReturnNotImplemented/checkpoint"}
{"Time":"2026-09-21T14:14:54.3568435-04:00","Action":"output","Package":"github.com/qompack/qompack/test/guards","Test":"TestAllStubsReturnNotImplemented/checkpoint","Output":"=== RUN   TestAllStubsReturnNotImplemented/checkpoint\n"}
{"Time":"2026-09-21T14:14:54.3584758-04:00","Action":"output","Package":"github.com/qompack/qompack/test/guards","Test":"TestAllStubsReturnNotImplemented/checkpoint","Output":"--- PASS: TestAllStubsReturnNotImplemented/checkpoint (0.00s)\n"}
{"Time":"2026-09-21T14:14:54.3584758-04:00","Action":"pass","Package":"github.com/qompack/qompack/test/guards","Test":"TestAllStubsReturnNotImplemented/checkpoint","Elapsed":0}
{"Time":"2026-09-21T14:14:54.3584758-04:00","Action":"run","Package":"github.com/qompack/qompack/test/guards","Test":"TestAllStubsReturnNotImplemented/pins"}
{"Time":"2026-09-21T14:14:54.3584758-04:00","Action":"output","Package":"github.com/qompack/qompack/test/guards","Test":"TestAllStubsReturnNotImplemented/pins","Output":"=== RUN   TestAllStubsReturnNotImplemented/pins\n"}
{"Time":"2026-09-21T14:14:54.3677909-04:00","Action":"output","Package":"github.com/qompack/qompack/test/guards","Test":"TestAllStubsReturnNotImplemented/pins","Output":"--- PASS: TestAllStubsReturnNotImplemented/pins (0.01s)\n"}
{"Time":"2026-09-21T14:14:54.3677909-04:00","Action":"pass","Package":"github.com/qompack/qompack/test/guards","Test":"TestAllStubsReturnNotImplemented/pins","Elapsed":0.01}
{"Time":"2026-09-21T14:14:54.3677909-04:00","Action":"run","Package":"github.com/qompack/qompack/test/guards","Test":"TestAllStubsReturnNotImplemented/rules"}
{"Time":"2026-09-21T14:14:54.3677909-04:00","Action":"output","Package":"github.com/qompack/qompack/test/guards","Test":"TestAllStubsReturnNotImplemented/rules","Output":"=== RUN   TestAllStubsReturnNotImplemented/rules\n"}
{"Time":"2026-09-21T14:14:54.3677909-04:00","Action":"output","Package":"github.com/qompack/qompack/test/guards","Test":"TestAllStubsReturnNotImplemented/rules","Output":"--- PASS: TestAllStubsReturnNotImplemented/rules (0.00s)\n"}
{"Time":"2026-09-21T14:14:54.3677909-04:00","Action":"pass","Package":"github.com/qompack/qompack/test/guards","Test":"TestAllStubsReturnNotImplemented/rules","Elapsed":0}
{"Time":"2026-09-21T14:14:54.3677909-04:00","Action":"run","Package":"github.com/qompack/qompack/test/guards","Test":"TestAllStubsReturnNotImplemented/skills"}
{"Time":"2026-09-21T14:14:54.3677909-04:00","Action":"output","Package":"github.com/qompack/qompack/test/guards","Test":"TestAllStubsReturnNotImplemented/skills","Output":"=== RUN   TestAllStubsReturnNotImplemented/skills\n"}
{"Time":"2026-09-21T14:14:54.3677909-04:00","Action":"output","Package":"github.com/qompack/qompack/test/guards","Test":"TestAllStubsReturnNotImplemented/skills","Output":"--- PASS: TestAllStubsReturnNotImplemented/skills (0.00s)\n"}
{"Time":"2026-09-21T14:14:54.3677909-04:00","Action":"pass","Package":"github.com/qompack/qompack/test/guards","Test":"TestAllStubsReturnNotImplemented/skills","Elapsed":0}
{"Time":"2026-09-21T14:14:54.3677909-04:00","Action":"run","Package":"github.com/qompack/qompack/test/guards","Test":"TestAllStubsReturnNotImplemented/mcp"}
{"Time":"2026-09-21T14:14:54.3677909-04:00","Action":"output","Package":"github.com/qompack/qompack/test/guards","Test":"TestAllStubsReturnNotImplemented/mcp","Output":"=== RUN   TestAllStubsReturnNotImplemented/mcp\n"}
{"Time":"2026-09-21T14:14:54.3677909-04:00","Action":"output","Package":"github.com/qompack/qompack/test/guards","Test":"TestAllStubsReturnNotImplemented/mcp","Output":"--- PASS: TestAllStubsReturnNotImplemented/mcp (0.00s)\n"}
{"Time":"2026-09-21T14:14:54.3683329-04:00","Action":"pass","Package":"github.com/qompack/qompack/test/guards","Test":"TestAllStubsReturnNotImplemented/mcp","Elapsed":0}
{"Time":"2026-09-21T14:14:54.3683329-04:00","Action":"run","Package":"github.com/qompack/qompack/test/guards","Test":"TestAllStubsReturnNotImplemented/eval"}
{"Time":"2026-09-21T14:14:54.3683329-04:00","Action":"output","Package":"github.com/qompack/qompack/test/guards","Test":"TestAllStubsReturnNotImplemented/eval","Output":"=== RUN   TestAllStubsReturnNotImplemented/eval\n"}
{"Time":"2026-09-21T14:14:54.3683329-04:00","Action":"output","Package":"github.com/qompack/qompack/test/guards","Test":"TestAllStubsReturnNotImplemented/eval","Output":"--- PASS: TestAllStubsReturnNotImplemented/eval (0.00s)\n"}
{"Time":"2026-09-21T14:14:54.3683329-04:00","Action":"pass","Package":"github.com/qompack/qompack/test/guards","Test":"TestAllStubsReturnNotImplemented/eval","Elapsed":0}
{"Time":"2026-09-21T14:14:54.3683329-04:00","Action":"run","Package":"github.com/qompack/qompack/test/guards","Test":"TestAllStubsReturnNotImplemented/ipc"}
{"Time":"2026-09-21T14:14:54.3683329-04:00","Action":"output","Package":"github.com/qompack/qompack/test/guards","Test":"TestAllStubsReturnNotImplemented/ipc","Output":"=== RUN   TestAllStubsReturnNotImplemented/ipc\n"}
{"Time":"2026-09-21T14:14:54.3688868-04:00","Action":"output","Package":"github.com/qompack/qompack/test/guards","Test":"TestAllStubsReturnNotImplemented/ipc","Output":"--- PASS: TestAllStubsReturnNotImplemented/ipc (0.00s)\n"}
{"Time":"2026-09-21T14:14:54.3688868-04:00","Action":"pass","Package":"github.com/qompack/qompack/test/guards","Test":"TestAllStubsReturnNotImplemented/ipc","Elapsed":0}
{"Time":"2026-09-21T14:14:54.3688868-04:00","Action":"run","Package":"github.com/qompack/qompack/test/guards","Test":"TestAllStubsReturnNotImplemented/observer"}
{"Time":"2026-09-21T14:14:54.3688868-04:00","Action":"output","Package":"github.com/qompack/qompack/test/guards","Test":"TestAllStubsReturnNotImplemented/observer","Output":"=== RUN   TestAllStubsReturnNotImplemented/observer\n"}
{"Time":"2026-09-21T14:14:54.4627372-04:00","Action":"output","Package":"github.com/qompack/qompack/test/guards","Test":"TestAllStubsReturnNotImplemented/observer","Output":"--- PASS: TestAllStubsReturnNotImplemented/observer (0.09s)\n"}
{"Time":"2026-09-21T14:14:54.4627372-04:00","Action":"pass","Package":"github.com/qompack/qompack/test/guards","Test":"TestAllStubsReturnNotImplemented/observer","Elapsed":0.09}
{"Time":"2026-09-21T14:14:54.4627372-04:00","Action":"run","Package":"github.com/qompack/qompack/test/guards","Test":"TestAllStubsReturnNotImplemented/contract"}
{"Time":"2026-09-21T14:14:54.4627372-04:00","Action":"output","Package":"github.com/qompack/qompack/test/guards","Test":"TestAllStubsReturnNotImplemented/contract","Output":"=== RUN   TestAllStubsReturnNotImplemented/contract\n"}
{"Time":"2026-09-21T14:14:54.4756913-04:00","Action":"output","Package":"github.com/qompack/qompack/test/guards","Test":"TestAllStubsReturnNotImplemented/contract","Output":"--- PASS: TestAllStubsReturnNotImplemented/contract (0.01s)\n"}
{"Time":"2026-09-21T14:14:54.4756913-04:00","Action":"pass","Package":"github.com/qompack/qompack/test/guards","Test":"TestAllStubsReturnNotImplemented/contract","Elapsed":0.01}
{"Time":"2026-09-21T14:14:54.4756913-04:00","Action":"run","Package":"github.com/qompack/qompack/test/guards","Test":"TestAllStubsReturnNotImplemented/state"}
{"Time":"2026-09-21T14:14:54.4756913-04:00","Action":"output","Package":"github.com/qompack/qompack/test/guards","Test":"TestAllStubsReturnNotImplemented/state","Output":"=== RUN   TestAllStubsReturnNotImplemented/state\n"}
{"Time":"2026-09-21T14:14:54.4762537-04:00","Action":"output","Package":"github.com/qompack/qompack/test/guards","Test":"TestAllStubsReturnNotImplemented/state","Output":"--- PASS: TestAllStubsReturnNotImplemented/state (0.00s)\n"}
{"Time":"2026-09-21T14:14:54.4762537-04:00","Action":"pass","Package":"github.com/qompack/qompack/test/guards","Test":"TestAllStubsReturnNotImplemented/state","Elapsed":0}
{"Time":"2026-09-21T14:14:54.4762537-04:00","Action":"run","Package":"github.com/qompack/qompack/test/guards","Test":"TestAllStubsReturnNotImplemented/admission"}
{"Time":"2026-09-21T14:14:54.4762537-04:00","Action":"output","Package":"github.com/qompack/qompack/test/guards","Test":"TestAllStubsReturnNotImplemented/admission","Output":"=== RUN   TestAllStubsReturnNotImplemented/admission\n"}
{"Time":"2026-09-21T14:14:54.4762537-04:00","Action":"output","Package":"github.com/qompack/qompack/test/guards","Test":"TestAllStubsReturnNotImplemented/admission","Output":"--- PASS: TestAllStubsReturnNotImplemented/admission (0.00s)\n"}
{"Time":"2026-09-21T14:14:54.4762537-04:00","Action":"pass","Package":"github.com/qompack/qompack/test/guards","Test":"TestAllStubsReturnNotImplemented/admission","Elapsed":0}
{"Time":"2026-09-21T14:14:54.4762537-04:00","Action":"output","Package":"github.com/qompack/qompack/test/guards","Test":"TestAllStubsReturnNotImplemented","Output":"--- PASS: TestAllStubsReturnNotImplemented (0.17s)\n"}
{"Time":"2026-09-21T14:14:54.4762537-04:00","Action":"pass","Package":"github.com/qompack/qompack/test/guards","Test":"TestAllStubsReturnNotImplemented","Elapsed":0.17}
{"Time":"2026-09-21T14:14:54.4762537-04:00","Action":"run","Package":"github.com/qompack/qompack/test/guards","Test":"TestStubRegistry_ListsEveryPackageOnDisk"}
{"Time":"2026-09-21T14:14:54.4762537-04:00","Action":"output","Package":"github.com/qompack/qompack/test/guards","Test":"TestStubRegistry_ListsEveryPackageOnDisk","Output":"=== RUN   TestStubRegistry_ListsEveryPackageOnDisk\n"}
{"Time":"2026-09-21T14:14:54.4762537-04:00","Action":"output","Package":"github.com/qompack/qompack/test/guards","Test":"TestStubRegistry_ListsEveryPackageOnDisk","Output":"=== PAUSE TestStubRegistry_ListsEveryPackageOnDisk\n"}
{"Time":"2026-09-21T14:14:54.4768137-04:00","Action":"pause","Package":"github.com/qompack/qompack/test/guards","Test":"TestStubRegistry_ListsEveryPackageOnDisk"}
{"Time":"2026-09-21T14:14:54.4768137-04:00","Action":"run","Package":"github.com/qompack/qompack/test/guards","Test":"TestV1_AppendOnlyInvariantSurvivesRealHookRun"}
{"Time":"2026-09-21T14:14:54.4768137-04:00","Action":"output","Package":"github.com/qompack/qompack/test/guards","Test":"TestV1_AppendOnlyInvariantSurvivesRealHookRun","Output":"=== RUN   TestV1_AppendOnlyInvariantSurvivesRealHookRun\n"}
{"Time":"2026-09-21T14:14:54.5440634-04:00","Action":"run","Package":"github.com/qompack/qompack/test/guards","Test":"TestV1_AppendOnlyInvariantSurvivesRealHookRun/a_trunc_on_checkpoint"}
{"Time":"2026-09-21T14:14:54.5440634-04:00","Action":"output","Package":"github.com/qompack/qompack/test/guards","Test":"TestV1_AppendOnlyInvariantSurvivesRealHookRun/a_trunc_on_checkpoint","Output":"=== RUN   TestV1_AppendOnlyInvariantSurvivesRealHookRun/a_trunc_on_checkpoint\n"}
{"Time":"2026-09-21T14:14:54.5440634-04:00","Action":"output","Package":"github.com/qompack/qompack/test/guards","Test":"TestV1_AppendOnlyInvariantSurvivesRealHookRun/a_trunc_on_checkpoint","Output":"--- PASS: TestV1_AppendOnlyInvariantSurvivesRealHookRun/a_trunc_on_checkpoint (0.00s)\n"}
{"Time":"2026-09-21T14:14:54.5440634-04:00","Action":"pass","Package":"github.com/qompack/qompack/test/guards","Test":"TestV1_AppendOnlyInvariantSurvivesRealHookRun/a_trunc_on_checkpoint","Elapsed":0}
{"Time":"2026-09-21T14:14:54.5440634-04:00","Action":"run","Package":"github.com/qompack/qompack/test/guards","Test":"TestV1_AppendOnlyInvariantSurvivesRealHookRun/b_nonappend_write_on_pins"}
{"Time":"2026-09-21T14:14:54.5440634-04:00","Action":"output","Package":"github.com/qompack/qompack/test/guards","Test":"TestV1_AppendOnlyInvariantSurvivesRealHookRun/b_nonappend_write_on_pins","Output":"=== RUN   TestV1_AppendOnlyInvariantSurvivesRealHookRun/b_nonappend_write_on_pins\n"}
{"Time":"2026-09-21T14:14:54.5440634-04:00","Action":"output","Package":"github.com/qompack/qompack/test/guards","Test":"TestV1_AppendOnlyInvariantSurvivesRealHookRun/b_nonappend_write_on_pins","Output":"--- PASS: TestV1_AppendOnlyInvariantSurvivesRealHookRun/b_nonappend_write_on_pins (0.00s)\n"}
{"Time":"2026-09-21T14:14:54.5440634-04:00","Action":"pass","Package":"github.com/qompack/qompack/test/guards","Test":"TestV1_AppendOnlyInvariantSurvivesRealHookRun/b_nonappend_write_on_pins","Elapsed":0}
{"Time":"2026-09-21T14:14:54.5440634-04:00","Action":"run","Package":"github.com/qompack/qompack/test/guards","Test":"TestV1_AppendOnlyInvariantSurvivesRealHookRun/c_writeatomic_on_bloom"}
{"Time":"2026-09-21T14:14:54.5440634-04:00","Action":"output","Package":"github.com/qompack/qompack/test/guards","Test":"TestV1_AppendOnlyInvariantSurvivesRealHookRun/c_writeatomic_on_bloom","Output":"=== RUN   TestV1_AppendOnlyInvariantSurvivesRealHookRun/c_writeatomic_on_bloom\n"}
{"Time":"2026-09-21T14:14:54.5446092-04:00","Action":"output","Package":"github.com/qompack/qompack/test/guards","Test":"TestV1_AppendOnlyInvariantSurvivesRealHookRun/c_writeatomic_on_bloom","Output":"--- PASS: TestV1_AppendOnlyInvariantSurvivesRealHookRun/c_writeatomic_on_bloom (0.00s)\n"}
{"Time":"2026-09-21T14:14:54.5446092-04:00","Action":"pass","Package":"github.com/qompack/qompack/test/guards","Test":"TestV1_AppendOnlyInvariantSurvivesRealHookRun/c_writeatomic_on_bloom","Elapsed":0}
{"Time":"2026-09-21T14:14:54.5446092-04:00","Action":"run","Package":"github.com/qompack/qompack/test/guards","Test":"TestV1_AppendOnlyInvariantSurvivesRealHookRun/d_createnew_twice"}
{"Time":"2026-09-21T14:14:54.5446092-04:00","Action":"output","Package":"github.com/qompack/qompack/test/guards","Test":"TestV1_AppendOnlyInvariantSurvivesRealHookRun/d_createnew_twice","Output":"=== RUN   TestV1_AppendOnlyInvariantSurvivesRealHookRun/d_createnew_twice\n"}
{"Time":"2026-09-21T14:14:54.5446092-04:00","Action":"output","Package":"github.com/qompack/qompack/test/guards","Test":"TestV1_AppendOnlyInvariantSurvivesRealHookRun/d_createnew_twice","Output":"--- PASS: TestV1_AppendOnlyInvariantSurvivesRealHookRun/d_createnew_twice (0.00s)\n"}
{"Time":"2026-09-21T14:14:54.5446092-04:00","Action":"pass","Package":"github.com/qompack/qompack/test/guards","Test":"TestV1_AppendOnlyInvariantSurvivesRealHookRun/d_createnew_twice","Elapsed":0}
{"Time":"2026-09-21T14:14:54.5446092-04:00","Action":"run","Package":"github.com/qompack/qompack/test/guards","Test":"TestV1_AppendOnlyInvariantSurvivesRealHookRun/e_appendonly_wrong_extension"}
{"Time":"2026-09-21T14:14:54.5446092-04:00","Action":"output","Package":"github.com/qompack/qompack/test/guards","Test":"TestV1_AppendOnlyInvariantSurvivesRealHookRun/e_appendonly_wrong_extension","Output":"=== RUN   TestV1_AppendOnlyInvariantSurvivesRealHookRun/e_appendonly_wrong_extension\n"}
{"Time":"2026-09-21T14:14:54.5446092-04:00","Action":"output","Package":"github.com/qompack/qompack/test/guards","Test":"TestV1_AppendOnlyInvariantSurvivesRealHookRun/e_appendonly_wrong_extension","Output":"--- PASS: TestV1_AppendOnlyInvariantSurvivesRealHookRun/e_appendonly_wrong_extension (0.00s)\n"}
{"Time":"2026-09-21T14:14:54.5446092-04:00","Action":"pass","Package":"github.com/qompack/qompack/test/guards","Test":"TestV1_AppendOnlyInvariantSurvivesRealHookRun/e_appendonly_wrong_extension","Elapsed":0}
{"Time":"2026-09-21T14:14:54.6130367-04:00","Action":"output","Package":"github.com/qompack/qompack/test/guards","Test":"TestV1_AppendOnlyInvariantSurvivesRealHookRun","Output":"--- PASS: TestV1_AppendOnlyInvariantSurvivesRealHookRun (0.14s)\n"}
{"Time":"2026-09-21T14:14:54.6130367-04:00","Action":"pass","Package":"github.com/qompack/qompack/test/guards","Test":"TestV1_AppendOnlyInvariantSurvivesRealHookRun","Elapsed":0.14}
{"Time":"2026-09-21T14:14:54.6130367-04:00","Action":"run","Package":"github.com/qompack/qompack/test/guards","Test":"TestV1_WriteSetConfinedAcrossFullHookSequence"}
{"Time":"2026-09-21T14:14:54.6130367-04:00","Action":"output","Package":"github.com/qompack/qompack/test/guards","Test":"TestV1_WriteSetConfinedAcrossFullHookSequence","Output":"=== RUN   TestV1_WriteSetConfinedAcrossFullHookSequence\n"}
{"Time":"2026-09-21T14:14:58.5974194-04:00","Action":"output","Package":"github.com/qompack/qompack/test/guards","Test":"TestV1_WriteSetConfinedAcrossFullHookSequence","Output":"--- PASS: TestV1_WriteSetConfinedAcrossFullHookSequence (3.98s)\n"}
{"Time":"2026-09-21T14:14:58.5974194-04:00","Action":"pass","Package":"github.com/qompack/qompack/test/guards","Test":"TestV1_WriteSetConfinedAcrossFullHookSequence","Elapsed":3.98}
{"Time":"2026-09-21T14:14:58.5974194-04:00","Action":"run","Package":"github.com/qompack/qompack/test/guards","Test":"TestV1_StubGraphIsInertAndOwned"}
{"Time":"2026-09-21T14:14:58.5974194-04:00","Action":"output","Package":"github.com/qompack/qompack/test/guards","Test":"TestV1_StubGraphIsInertAndOwned","Output":"=== RUN   TestV1_StubGraphIsInertAndOwned\n"}
{"Time":"2026-09-21T14:14:58.695889-04:00","Action":"output","Package":"github.com/qompack/qompack/test/guards","Test":"TestV1_StubGraphIsInertAndOwned","Output":"    v1_integration_test.go:363: eval has landed since V1; its stub-inertness rows no longer apply\n"}
{"Time":"2026-09-21T14:14:58.7630675-04:00","Action":"output","Package":"github.com/qompack/qompack/test/guards","Test":"TestV1_StubGraphIsInertAndOwned","Output":"    v1_integration_test.go:363: store has landed since V1; its stub-inertness rows no longer apply\n"}
{"Time":"2026-09-21T14:14:58.7917606-04:00","Action":"output","Package":"github.com/qompack/qompack/test/guards","Test":"TestV1_StubGraphIsInertAndOwned","Output":"    v1_integration_test.go:363: negknow has landed since V1; its stub-inertness rows no longer apply\n"}
{"Time":"2026-09-21T14:14:58.7928395-04:00","Action":"output","Package":"github.com/qompack/qompack/test/guards","Test":"TestV1_StubGraphIsInertAndOwned","Output":"    v1_integration_test.go:363: checkpoint has landed since V1; its stub-inertness rows no longer apply\n"}
{"Time":"2026-09-21T14:14:58.934938-04:00","Action":"output","Package":"github.com/qompack/qompack/test/guards","Test":"TestV1_StubGraphIsInertAndOwned","Output":"--- PASS: TestV1_StubGraphIsInertAndOwned (0.34s)\n"}
{"Time":"2026-09-21T14:14:58.9354824-04:00","Action":"pass","Package":"github.com/qompack/qompack/test/guards","Test":"TestV1_StubGraphIsInertAndOwned","Elapsed":0.34}
{"Time":"2026-09-21T14:14:58.9354824-04:00","Action":"run","Package":"github.com/qompack/qompack/test/guards","Test":"TestV1_ContractMonitorDegradesAndRestoresLoudly"}
{"Time":"2026-09-21T14:14:58.9354824-04:00","Action":"output","Package":"github.com/qompack/qompack/test/guards","Test":"TestV1_ContractMonitorDegradesAndRestoresLoudly","Output":"=== RUN   TestV1_ContractMonitorDegradesAndRestoresLoudly\n"}
{"Time":"2026-09-21T14:14:58.9625741-04:00","Action":"output","Package":"github.com/qompack/qompack/test/guards","Test":"TestV1_ContractMonitorDegradesAndRestoresLoudly","Output":"    v1_integration_test.go:421: LOUD.log absent in C:\\Users\\Quant\\AppData\\Local\\Temp\\TestV1_ContractMonitorDegradesAndRestoresLoudly69958777\\001\\project\\.qompack\\logs (nothing loud has happened yet); directory holds: [qompack-20260921.log]\n"}
{"Time":"2026-09-21T14:14:59.0416537-04:00","Action":"output","Package":"github.com/qompack/qompack/test/guards","Test":"TestV1_ContractMonitorDegradesAndRestoresLoudly","Output":"--- PASS: TestV1_ContractMonitorDegradesAndRestoresLoudly (0.11s)\n"}
{"Time":"2026-09-21T14:14:59.0422068-04:00","Action":"pass","Package":"github.com/qompack/qompack/test/guards","Test":"TestV1_ContractMonitorDegradesAndRestoresLoudly","Elapsed":0.11}
{"Time":"2026-09-21T14:14:59.0422068-04:00","Action":"run","Package":"github.com/qompack/qompack/test/guards","Test":"TestV1_ObsBudgetsAreConfigDrivenEndToEnd"}
{"Time":"2026-09-21T14:14:59.0422068-04:00","Action":"output","Package":"github.com/qompack/qompack/test/guards","Test":"TestV1_ObsBudgetsAreConfigDrivenEndToEnd","Output":"=== RUN   TestV1_ObsBudgetsAreConfigDrivenEndToEnd\n"}
{"Time":"2026-09-21T14:14:59.0845319-04:00","Action":"output","Package":"github.com/qompack/qompack/test/guards","Test":"TestV1_ObsBudgetsAreConfigDrivenEndToEnd","Output":"--- PASS: TestV1_ObsBudgetsAreConfigDrivenEndToEnd (0.04s)\n"}
{"Time":"2026-09-21T14:14:59.0845319-04:00","Action":"pass","Package":"github.com/qompack/qompack/test/guards","Test":"TestV1_ObsBudgetsAreConfigDrivenEndToEnd","Elapsed":0.04}
{"Time":"2026-09-21T14:14:59.0845319-04:00","Action":"run","Package":"github.com/qompack/qompack/test/guards","Test":"TestV1_FrozenContractFixturesRoundTripIntoDeclaredTypes"}
{"Time":"2026-09-21T14:14:59.0845319-04:00","Action":"output","Package":"github.com/qompack/qompack/test/guards","Test":"TestV1_FrozenContractFixturesRoundTripIntoDeclaredTypes","Output":"=== RUN   TestV1_FrozenContractFixturesRoundTripIntoDeclaredTypes\n"}
{"Time":"2026-09-21T14:14:59.9749844-04:00","Action":"run","Package":"github.com/qompack/qompack/test/guards","Test":"TestV1_FrozenContractFixturesRoundTripIntoDeclaredTypes/hookio_covers_every_event_and_source"}
{"Time":"2026-09-21T14:14:59.9749844-04:00","Action":"output","Package":"github.com/qompack/qompack/test/guards","Test":"TestV1_FrozenContractFixturesRoundTripIntoDeclaredTypes/hookio_covers_every_event_and_source","Output":"=== RUN   TestV1_FrozenContractFixturesRoundTripIntoDeclaredTypes/hookio_covers_every_event_and_source\n"}
{"Time":"2026-09-21T14:14:59.9822923-04:00","Action":"output","Package":"github.com/qompack/qompack/test/guards","Test":"TestV1_FrozenContractFixturesRoundTripIntoDeclaredTypes/hookio_covers_every_event_and_source","Output":"--- PASS: TestV1_FrozenContractFixturesRoundTripIntoDeclaredTypes/hookio_covers_every_event_and_source (0.01s)\n"}
{"Time":"2026-09-21T14:14:59.9822923-04:00","Action":"pass","Package":"github.com/qompack/qompack/test/guards","Test":"TestV1_FrozenContractFixturesRoundTripIntoDeclaredTypes/hookio_covers_every_event_and_source","Elapsed":0.01}
{"Time":"2026-09-21T14:14:59.9822923-04:00","Action":"run","Package":"github.com/qompack/qompack/test/guards","Test":"TestV1_FrozenContractFixturesRoundTripIntoDeclaredTypes/checkpoint_golden_populates_every_tier_and_carries_no_code"}
{"Time":"2026-09-21T14:14:59.9822923-04:00","Action":"output","Package":"github.com/qompack/qompack/test/guards","Test":"TestV1_FrozenContractFixturesRoundTripIntoDeclaredTypes/checkpoint_golden_populates_every_tier_and_carries_no_code","Output":"=== RUN   TestV1_FrozenContractFixturesRoundTripIntoDeclaredTypes/checkpoint_golden_populates_every_tier_and_carries_no_code\n"}
{"Time":"2026-09-21T14:14:59.9828354-04:00","Action":"output","Package":"github.com/qompack/qompack/test/guards","Test":"TestV1_FrozenContractFixturesRoundTripIntoDeclaredTypes/checkpoint_golden_populates_every_tier_and_carries_no_code","Output":"--- PASS: TestV1_FrozenContractFixturesRoundTripIntoDeclaredTypes/checkpoint_golden_populates_every_tier_and_carries_no_code (0.00s)\n"}
{"Time":"2026-09-21T14:14:59.9828354-04:00","Action":"pass","Package":"github.com/qompack/qompack/test/guards","Test":"TestV1_FrozenContractFixturesRoundTripIntoDeclaredTypes/checkpoint_golden_populates_every_tier_and_carries_no_code","Elapsed":0}
{"Time":"2026-09-21T14:14:59.9828354-04:00","Action":"run","Package":"github.com/qompack/qompack/test/guards","Test":"TestV1_FrozenContractFixturesRoundTripIntoDeclaredTypes/pins_records_carry_a_round_trippable_invariant"}
{"Time":"2026-09-21T14:14:59.9828354-04:00","Action":"output","Package":"github.com/qompack/qompack/test/guards","Test":"TestV1_FrozenContractFixturesRoundTripIntoDeclaredTypes/pins_records_carry_a_round_trippable_invariant","Output":"=== RUN   TestV1_FrozenContractFixturesRoundTripIntoDeclaredTypes/pins_records_carry_a_round_trippable_invariant\n"}
{"Time":"2026-09-21T14:14:59.9839615-04:00","Action":"output","Package":"github.com/qompack/qompack/test/guards","Test":"TestV1_FrozenContractFixturesRoundTripIntoDeclaredTypes/pins_records_carry_a_round_trippable_invariant","Output":"--- PASS: TestV1_FrozenContractFixturesRoundTripIntoDeclaredTypes/pins_records_carry_a_round_trippable_invariant (0.00s)\n"}
{"Time":"2026-09-21T14:14:59.9839615-04:00","Action":"pass","Package":"github.com/qompack/qompack/test/guards","Test":"TestV1_FrozenContractFixturesRoundTripIntoDeclaredTypes/pins_records_carry_a_round_trippable_invariant","Elapsed":0}
{"Time":"2026-09-21T14:14:59.9839615-04:00","Action":"output","Package":"github.com/qompack/qompack/test/guards","Test":"TestV1_FrozenContractFixturesRoundTripIntoDeclaredTypes","Output":"--- PASS: TestV1_FrozenContractFixturesRoundTripIntoDeclaredTypes (0.90s)\n"}
{"Time":"2026-09-21T14:14:59.9839615-04:00","Action":"pass","Package":"github.com/qompack/qompack/test/guards","Test":"TestV1_FrozenContractFixturesRoundTripIntoDeclaredTypes","Elapsed":0.9}
{"Time":"2026-09-21T14:14:59.9839615-04:00","Action":"run","Package":"github.com/qompack/qompack/test/guards","Test":"TestV1_ToolchainGatesRejectRealViolations"}
{"Time":"2026-09-21T14:14:59.9839615-04:00","Action":"output","Package":"github.com/qompack/qompack/test/guards","Test":"TestV1_ToolchainGatesRejectRealViolations","Output":"=== RUN   TestV1_ToolchainGatesRejectRealViolations\n"}
{"Time":"2026-09-21T14:15:00.0639446-04:00","Action":"run","Package":"github.com/qompack/qompack/test/guards","Test":"TestV1_ToolchainGatesRejectRealViolations/TestNoMagic_Analyzer"}
{"Time":"2026-09-21T14:15:00.0639446-04:00","Action":"output","Package":"github.com/qompack/qompack/test/guards","Test":"TestV1_ToolchainGatesRejectRealViolations/TestNoMagic_Analyzer","Output":"=== RUN   TestV1_ToolchainGatesRejectRealViolations/TestNoMagic_Analyzer\n"}
{"Time":"2026-09-21T14:15:09.4725573-04:00","Action":"output","Package":"github.com/qompack/qompack/test/guards","Test":"TestV1_ToolchainGatesRejectRealViolations/TestNoMagic_Analyzer","Output":"--- PASS: TestV1_ToolchainGatesRejectRealViolations/TestNoMagic_Analyzer (9.41s)\n"}
{"Time":"2026-09-21T14:15:09.4725573-04:00","Action":"pass","Package":"github.com/qompack/qompack/test/guards","Test":"TestV1_ToolchainGatesRejectRealViolations/TestNoMagic_Analyzer","Elapsed":9.41}
{"Time":"2026-09-21T14:15:09.4725573-04:00","Action":"run","Package":"github.com/qompack/qompack/test/guards","Test":"TestV1_ToolchainGatesRejectRealViolations/TestImportGraph_RejectsViolation"}
{"Time":"2026-09-21T14:15:09.4725573-04:00","Action":"output","Package":"github.com/qompack/qompack/test/guards","Test":"TestV1_ToolchainGatesRejectRealViolations/TestImportGraph_RejectsViolation","Output":"=== RUN   TestV1_ToolchainGatesRejectRealViolations/TestImportGraph_RejectsViolation\n"}
{"Time":"2026-09-21T14:15:14.8273678-04:00","Action":"output","Package":"github.com/qompack/qompack/test/guards","Test":"TestV1_ToolchainGatesRejectRealViolations/TestImportGraph_RejectsViolation","Output":"--- PASS: TestV1_ToolchainGatesRejectRealViolations/TestImportGraph_RejectsViolation (5.36s)\n"}
{"Time":"2026-09-21T14:15:14.8273678-04:00","Action":"pass","Package":"github.com/qompack/qompack/test/guards","Test":"TestV1_ToolchainGatesRejectRealViolations/TestImportGraph_RejectsViolation","Elapsed":5.36}
{"Time":"2026-09-21T14:15:14.8273678-04:00","Action":"run","Package":"github.com/qompack/qompack/test/guards","Test":"TestV1_ToolchainGatesRejectRealViolations/TestTestDeps_RejectsProductionTestify"}
{"Time":"2026-09-21T14:15:14.8273678-04:00","Action":"output","Package":"github.com/qompack/qompack/test/guards","Test":"TestV1_ToolchainGatesRejectRealViolations/TestTestDeps_RejectsProductionTestify","Output":"=== RUN   TestV1_ToolchainGatesRejectRealViolations/TestTestDeps_RejectsProductionTestify\n"}
{"Time":"2026-09-21T14:15:18.4683954-04:00","Action":"output","Package":"github.com/qompack/qompack/test/guards","Test":"TestV1_ToolchainGatesRejectRealViolations/TestTestDeps_RejectsProductionTestify","Output":"--- PASS: TestV1_ToolchainGatesRejectRealViolations/TestTestDeps_RejectsProductionTestify (3.64s)\n"}
{"Time":"2026-09-21T14:15:18.4683954-04:00","Action":"pass","Package":"github.com/qompack/qompack/test/guards","Test":"TestV1_ToolchainGatesRejectRealViolations/TestTestDeps_RejectsProductionTestify","Elapsed":3.64}
{"Time":"2026-09-21T14:15:18.4683954-04:00","Action":"run","Package":"github.com/qompack/qompack/test/guards","Test":"TestV1_ToolchainGatesRejectRealViolations/TestScanAllowComments_BareAllowIsNotExempt"}
{"Time":"2026-09-21T14:15:18.4683954-04:00","Action":"output","Package":"github.com/qompack/qompack/test/guards","Test":"TestV1_ToolchainGatesRejectRealViolations/TestScanAllowComments_BareAllowIsNotExempt","Output":"=== RUN   TestV1_ToolchainGatesRejectRealViolations/TestScanAllowComments_BareAllowIsNotExempt\n"}
{"Time":"2026-09-21T14:15:21.4835014-04:00","Action":"output","Package":"github.com/qompack/qompack/test/guards","Test":"TestV1_ToolchainGatesRejectRealViolations/TestScanAllowComments_BareAllowIsNotExempt","Output":"--- PASS: TestV1_ToolchainGatesRejectRealViolations/TestScanAllowComments_BareAllowIsNotExempt (3.01s)\n"}
{"Time":"2026-09-21T14:15:21.4835014-04:00","Action":"pass","Package":"github.com/qompack/qompack/test/guards","Test":"TestV1_ToolchainGatesRejectRealViolations/TestScanAllowComments_BareAllowIsNotExempt","Elapsed":3.01}
{"Time":"2026-09-21T14:15:21.4835014-04:00","Action":"output","Package":"github.com/qompack/qompack/test/guards","Test":"TestV1_ToolchainGatesRejectRealViolations","Output":"--- PASS: TestV1_ToolchainGatesRejectRealViolations (21.50s)\n"}
{"Time":"2026-09-21T14:15:21.4835014-04:00","Action":"pass","Package":"github.com/qompack/qompack/test/guards","Test":"TestV1_ToolchainGatesRejectRealViolations","Elapsed":21.5}
{"Time":"2026-09-21T14:15:21.4835014-04:00","Action":"run","Package":"github.com/qompack/qompack/test/guards","Test":"TestGuard_WriteSetConfinedToQompack"}
{"Time":"2026-09-21T14:15:21.4835014-04:00","Action":"output","Package":"github.com/qompack/qompack/test/guards","Test":"TestGuard_WriteSetConfinedToQompack","Output":"=== RUN   TestGuard_WriteSetConfinedToQompack\n"}
{"Time":"2026-09-21T14:15:21.5585076-04:00","Action":"output","Package":"github.com/qompack/qompack/test/guards","Test":"TestGuard_WriteSetConfinedToQompack","Output":"    writeset_test.go:140: \n"}
{"Time":"2026-09-21T14:15:21.5590683-04:00","Action":"output","Package":"github.com/qompack/qompack/test/guards","Test":"TestGuard_WriteSetConfinedToQompack","Output":"        \tError Trace:\tC:/Users/Quant/Documents/Programming/Projects/qompack-v6/test/guards/writeset_test.go:140\n"}
{"Time":"2026-09-21T14:15:21.5590683-04:00","Action":"output","Package":"github.com/qompack/qompack/test/guards","Test":"TestGuard_WriteSetConfinedToQompack","Output":"        \tError:      \tShould be true\n"}
{"Time":"2026-09-21T14:15:21.5590683-04:00","Action":"output","Package":"github.com/qompack/qompack/test/guards","Test":"TestGuard_WriteSetConfinedToQompack","Output":"        \tTest:       \tTestGuard_WriteSetConfinedToQompack\n"}
{"Time":"2026-09-21T14:15:21.5590683-04:00","Action":"output","Package":"github.com/qompack/qompack/test/guards","Test":"TestGuard_WriteSetConfinedToQompack","Output":"        \tMessages:   \tthe hooks created nothing under C:\\Users\\Quant\\AppData\\Local\\Temp\\TestGuard_WriteSetConfinedToQompack1227052009\\001\\.qompack\\ — the guard would pass without testing anything\n"}
{"Time":"2026-09-21T14:15:21.5635179-04:00","Action":"output","Package":"github.com/qompack/qompack/test/guards","Test":"TestGuard_WriteSetConfinedToQompack","Output":"--- FAIL: TestGuard_WriteSetConfinedToQompack (0.08s)\n"}
{"Time":"2026-09-21T14:15:21.5640672-04:00","Action":"fail","Package":"github.com/qompack/qompack/test/guards","Test":"TestGuard_WriteSetConfinedToQompack","Elapsed":0.08}
{"Time":"2026-09-21T14:15:21.5640672-04:00","Action":"run","Package":"github.com/qompack/qompack/test/guards","Test":"TestGuard_WriteSetDetectsAStrayWrite"}
{"Time":"2026-09-21T14:15:21.5640672-04:00","Action":"output","Package":"github.com/qompack/qompack/test/guards","Test":"TestGuard_WriteSetDetectsAStrayWrite","Output":"=== RUN   TestGuard_WriteSetDetectsAStrayWrite\n"}
{"Time":"2026-09-21T14:15:21.5640672-04:00","Action":"output","Package":"github.com/qompack/qompack/test/guards","Test":"TestGuard_WriteSetDetectsAStrayWrite","Output":"=== PAUSE TestGuard_WriteSetDetectsAStrayWrite\n"}
{"Time":"2026-09-21T14:15:21.5640672-04:00","Action":"pause","Package":"github.com/qompack/qompack/test/guards","Test":"TestGuard_WriteSetDetectsAStrayWrite"}
{"Time":"2026-09-21T14:15:21.5640672-04:00","Action":"cont","Package":"github.com/qompack/qompack/test/guards","Test":"TestGuard_SubmodularInertWithoutPSelection"}
{"Time":"2026-09-21T14:15:21.5640672-04:00","Action":"output","Package":"github.com/qompack/qompack/test/guards","Test":"TestGuard_SubmodularInertWithoutPSelection","Output":"=== CONT  TestGuard_SubmodularInertWithoutPSelection\n"}
{"Time":"2026-09-21T14:15:21.5640672-04:00","Action":"cont","Package":"github.com/qompack/qompack/test/guards","Test":"TestGuard_FaultEnvIsConfinedToTwoFiles"}
{"Time":"2026-09-21T14:15:21.5640672-04:00","Action":"output","Package":"github.com/qompack/qompack/test/guards","Test":"TestGuard_FaultEnvIsConfinedToTwoFiles","Output":"=== CONT  TestGuard_FaultEnvIsConfinedToTwoFiles\n"}
{"Time":"2026-09-21T14:15:21.5640672-04:00","Action":"output","Package":"github.com/qompack/qompack/test/guards","Test":"TestGuard_SubmodularInertWithoutPSelection","Output":"--- PASS: TestGuard_SubmodularInertWithoutPSelection (0.00s)\n"}
{"Time":"2026-09-21T14:15:21.5640672-04:00","Action":"pass","Package":"github.com/qompack/qompack/test/guards","Test":"TestGuard_SubmodularInertWithoutPSelection","Elapsed":0}
{"Time":"2026-09-21T14:15:21.5640672-04:00","Action":"cont","Package":"github.com/qompack/qompack/test/guards","Test":"TestGuard_DeclaredSeverityIsPreservedOnTheAssertion"}
{"Time":"2026-09-21T14:15:21.5640672-04:00","Action":"output","Package":"github.com/qompack/qompack/test/guards","Test":"TestGuard_DeclaredSeverityIsPreservedOnTheAssertion","Output":"=== CONT  TestGuard_DeclaredSeverityIsPreservedOnTheAssertion\n"}
{"Time":"2026-09-21T14:15:21.5640672-04:00","Action":"output","Package":"github.com/qompack/qompack/test/guards","Test":"TestGuard_DeclaredSeverityIsPreservedOnTheAssertion","Output":"--- PASS: TestGuard_DeclaredSeverityIsPreservedOnTheAssertion (0.00s)\n"}
{"Time":"2026-09-21T14:15:21.5640672-04:00","Action":"pass","Package":"github.com/qompack/qompack/test/guards","Test":"TestGuard_DeclaredSeverityIsPreservedOnTheAssertion","Elapsed":0}
{"Time":"2026-09-21T14:15:21.5640672-04:00","Action":"cont","Package":"github.com/qompack/qompack/test/guards","Test":"TestGuard_CommandsPurityScannerSeesAForbiddenSelector"}
{"Time":"2026-09-21T14:15:21.5640672-04:00","Action":"output","Package":"github.com/qompack/qompack/test/guards","Test":"TestGuard_CommandsPurityScannerSeesAForbiddenSelector","Output":"=== CONT  TestGuard_CommandsPurityScannerSeesAForbiddenSelector\n"}
{"Time":"2026-09-21T14:15:21.5886913-04:00","Action":"output","Package":"github.com/qompack/qompack/test/guards","Test":"TestGuard_CommandsPurityScannerSeesAForbiddenSelector","Output":"--- PASS: TestGuard_CommandsPurityScannerSeesAForbiddenSelector (0.02s)\n"}
{"Time":"2026-09-21T14:15:21.5886913-04:00","Action":"pass","Package":"github.com/qompack/qompack/test/guards","Test":"TestGuard_CommandsPurityScannerSeesAForbiddenSelector","Elapsed":0.02}
{"Time":"2026-09-21T14:15:21.5886913-04:00","Action":"cont","Package":"github.com/qompack/qompack/test/guards","Test":"TestGuard_WriteSetDetectsAStrayWrite"}
{"Time":"2026-09-21T14:15:21.5886913-04:00","Action":"output","Package":"github.com/qompack/qompack/test/guards","Test":"TestGuard_WriteSetDetectsAStrayWrite","Output":"=== CONT  TestGuard_WriteSetDetectsAStrayWrite\n"}
{"Time":"2026-09-21T14:15:21.6099486-04:00","Action":"output","Package":"github.com/qompack/qompack/test/guards","Test":"TestGuard_WriteSetDetectsAStrayWrite","Output":"--- PASS: TestGuard_WriteSetDetectsAStrayWrite (0.02s)\n"}
{"Time":"2026-09-21T14:15:21.6099486-04:00","Action":"pass","Package":"github.com/qompack/qompack/test/guards","Test":"TestGuard_WriteSetDetectsAStrayWrite","Elapsed":0.02}
{"Time":"2026-09-21T14:15:21.6099486-04:00","Action":"cont","Package":"github.com/qompack/qompack/test/guards","Test":"TestStubRegistry_ListsEveryPackageOnDisk"}
{"Time":"2026-09-21T14:15:21.6099486-04:00","Action":"output","Package":"github.com/qompack/qompack/test/guards","Test":"TestStubRegistry_ListsEveryPackageOnDisk","Output":"=== CONT  TestStubRegistry_ListsEveryPackageOnDisk\n"}
{"Time":"2026-09-21T14:15:21.7133401-04:00","Action":"output","Package":"github.com/qompack/qompack/test/guards","Test":"TestStubRegistry_ListsEveryPackageOnDisk","Output":"--- PASS: TestStubRegistry_ListsEveryPackageOnDisk (0.10s)\n"}
{"Time":"2026-09-21T14:15:21.7133401-04:00","Action":"pass","Package":"github.com/qompack/qompack/test/guards","Test":"TestStubRegistry_ListsEveryPackageOnDisk","Elapsed":0.1}
{"Time":"2026-09-21T14:15:21.7138929-04:00","Action":"cont","Package":"github.com/qompack/qompack/test/guards","Test":"TestGuard_SketchLoadScannerSeesACall"}
{"Time":"2026-09-21T14:15:21.7138929-04:00","Action":"output","Package":"github.com/qompack/qompack/test/guards","Test":"TestGuard_SketchLoadScannerSeesACall","Output":"=== CONT  TestGuard_SketchLoadScannerSeesACall\n"}
{"Time":"2026-09-21T14:15:21.7470516-04:00","Action":"output","Package":"github.com/qompack/qompack/test/guards","Test":"TestGuard_SketchLoadScannerSeesACall","Output":"--- PASS: TestGuard_SketchLoadScannerSeesACall (0.03s)\n"}
{"Time":"2026-09-21T14:15:21.7470516-04:00","Action":"pass","Package":"github.com/qompack/qompack/test/guards","Test":"TestGuard_SketchLoadScannerSeesACall","Elapsed":0.03}
{"Time":"2026-09-21T14:15:21.7470516-04:00","Action":"cont","Package":"github.com/qompack/qompack/test/guards","Test":"TestGuard_NoSilentSketchLoadOutsideItsPackage"}
{"Time":"2026-09-21T14:15:21.7470516-04:00","Action":"output","Package":"github.com/qompack/qompack/test/guards","Test":"TestGuard_NoSilentSketchLoadOutsideItsPackage","Output":"=== CONT  TestGuard_NoSilentSketchLoadOutsideItsPackage\n"}
{"Time":"2026-09-21T14:15:23.7078309-04:00","Action":"output","Package":"github.com/qompack/qompack/test/guards","Test":"TestGuard_FaultEnvIsConfinedToTwoFiles","Output":"--- PASS: TestGuard_FaultEnvIsConfinedToTwoFiles (2.14s)\n"}
{"Time":"2026-09-21T14:15:23.7078309-04:00","Action":"pass","Package":"github.com/qompack/qompack/test/guards","Test":"TestGuard_FaultEnvIsConfinedToTwoFiles","Elapsed":2.14}
{"Time":"2026-09-21T14:15:23.7078309-04:00","Action":"cont","Package":"github.com/qompack/qompack/test/guards","Test":"TestGuard_SelectorBypassScannerSeesAComparison"}
{"Time":"2026-09-21T14:15:23.7078309-04:00","Action":"output","Package":"github.com/qompack/qompack/test/guards","Test":"TestGuard_SelectorBypassScannerSeesAComparison","Output":"=== CONT  TestGuard_SelectorBypassScannerSeesAComparison\n"}
{"Time":"2026-09-21T14:15:23.7146894-04:00","Action":"output","Package":"github.com/qompack/qompack/test/guards","Test":"TestGuard_NoSilentSketchLoadOutsideItsPackage","Output":"--- PASS: TestGuard_NoSilentSketchLoadOutsideItsPackage (1.97s)\n"}
{"Time":"2026-09-21T14:15:23.7146894-04:00","Action":"pass","Package":"github.com/qompack/qompack/test/guards","Test":"TestGuard_NoSilentSketchLoadOutsideItsPackage","Elapsed":1.97}
{"Time":"2026-09-21T14:15:23.7146894-04:00","Action":"cont","Package":"github.com/qompack/qompack/test/guards","Test":"TestGuard_SelectorHasExactlyOnePosVersusPComparison"}
{"Time":"2026-09-21T14:15:23.7146894-04:00","Action":"output","Package":"github.com/qompack/qompack/test/guards","Test":"TestGuard_SelectorHasExactlyOnePosVersusPComparison","Output":"=== CONT  TestGuard_SelectorHasExactlyOnePosVersusPComparison\n"}
{"Time":"2026-09-21T14:15:23.7308185-04:00","Action":"output","Package":"github.com/qompack/qompack/test/guards","Test":"TestGuard_SelectorBypassScannerSeesAComparison","Output":"--- PASS: TestGuard_SelectorBypassScannerSeesAComparison (0.02s)\n"}
{"Time":"2026-09-21T14:15:23.7315351-04:00","Action":"pass","Package":"github.com/qompack/qompack/test/guards","Test":"TestGuard_SelectorBypassScannerSeesAComparison","Elapsed":0.02}
{"Time":"2026-09-21T14:15:23.7315351-04:00","Action":"cont","Package":"github.com/qompack/qompack/test/guards","Test":"TestGoreleaserGuardRejectsReshapedYAML"}
{"Time":"2026-09-21T14:15:23.7315351-04:00","Action":"output","Package":"github.com/qompack/qompack/test/guards","Test":"TestGoreleaserGuardRejectsReshapedYAML","Output":"=== CONT  TestGoreleaserGuardRejectsReshapedYAML\n"}
{"Time":"2026-09-21T14:15:23.7315351-04:00","Action":"output","Package":"github.com/qompack/qompack/test/guards","Test":"TestGoreleaserGuardRejectsReshapedYAML","Output":"--- PASS: TestGoreleaserGuardRejectsReshapedYAML (0.00s)\n"}
{"Time":"2026-09-21T14:15:23.7315351-04:00","Action":"pass","Package":"github.com/qompack/qompack/test/guards","Test":"TestGoreleaserGuardRejectsReshapedYAML","Elapsed":0}
{"Time":"2026-09-21T14:15:23.7315351-04:00","Action":"cont","Package":"github.com/qompack/qompack/test/guards","Test":"TestReleaseWorkflowGatesGoreleaserBehindReleaseCheck"}
{"Time":"2026-09-21T14:15:23.7315351-04:00","Action":"output","Package":"github.com/qompack/qompack/test/guards","Test":"TestReleaseWorkflowGatesGoreleaserBehindReleaseCheck","Output":"=== CONT  TestReleaseWorkflowGatesGoreleaserBehindReleaseCheck\n"}
{"Time":"2026-09-21T14:15:23.8041295-04:00","Action":"output","Package":"github.com/qompack/qompack/test/guards","Test":"TestGuard_SelectorHasExactlyOnePosVersusPComparison","Output":"--- PASS: TestGuard_SelectorHasExactlyOnePosVersusPComparison (0.09s)\n"}
{"Time":"2026-09-21T14:15:23.8041295-04:00","Action":"pass","Package":"github.com/qompack/qompack/test/guards","Test":"TestGuard_SelectorHasExactlyOnePosVersusPComparison","Elapsed":0.09}
{"Time":"2026-09-21T14:15:23.8041295-04:00","Action":"cont","Package":"github.com/qompack/qompack/test/guards","Test":"TestGoreleaserBuildsNothingAndDraftsTheRelease"}
{"Time":"2026-09-21T14:15:23.8041295-04:00","Action":"output","Package":"github.com/qompack/qompack/test/guards","Test":"TestGoreleaserBuildsNothingAndDraftsTheRelease","Output":"=== CONT  TestGoreleaserBuildsNothingAndDraftsTheRelease\n"}
{"Time":"2026-09-21T14:15:23.80861-04:00","Action":"output","Package":"github.com/qompack/qompack/test/guards","Test":"TestReleaseWorkflowGatesGoreleaserBehindReleaseCheck","Output":"--- PASS: TestReleaseWorkflowGatesGoreleaserBehindReleaseCheck (0.08s)\n"}
{"Time":"2026-09-21T14:15:23.80861-04:00","Action":"pass","Package":"github.com/qompack/qompack/test/guards","Test":"TestReleaseWorkflowGatesGoreleaserBehindReleaseCheck","Elapsed":0.08}
{"Time":"2026-09-21T14:15:23.80861-04:00","Action":"cont","Package":"github.com/qompack/qompack/test/guards","Test":"TestNightlyFuzz_LandedSubplansMirrorsCoverGo"}
{"Time":"2026-09-21T14:15:23.80861-04:00","Action":"output","Package":"github.com/qompack/qompack/test/guards","Test":"TestNightlyFuzz_LandedSubplansMirrorsCoverGo","Output":"=== CONT  TestNightlyFuzz_LandedSubplansMirrorsCoverGo\n"}
{"Time":"2026-09-21T14:15:23.8741154-04:00","Action":"output","Package":"github.com/qompack/qompack/test/guards","Test":"TestNightlyFuzz_LandedSubplansMirrorsCoverGo","Output":"--- PASS: TestNightlyFuzz_LandedSubplansMirrorsCoverGo (0.07s)\n"}
{"Time":"2026-09-21T14:15:23.8741154-04:00","Action":"pass","Package":"github.com/qompack/qompack/test/guards","Test":"TestNightlyFuzz_LandedSubplansMirrorsCoverGo","Elapsed":0.07}
{"Time":"2026-09-21T14:15:23.8741154-04:00","Action":"cont","Package":"github.com/qompack/qompack/test/guards","Test":"TestNightlyFuzzMatrix"}
{"Time":"2026-09-21T14:15:23.8741154-04:00","Action":"output","Package":"github.com/qompack/qompack/test/guards","Test":"TestNightlyFuzzMatrix","Output":"=== CONT  TestNightlyFuzzMatrix\n"}
{"Time":"2026-09-21T14:15:23.8746848-04:00","Action":"output","Package":"github.com/qompack/qompack/test/guards","Test":"TestGoreleaserBuildsNothingAndDraftsTheRelease","Output":"--- PASS: TestGoreleaserBuildsNothingAndDraftsTheRelease (0.07s)\n"}
{"Time":"2026-09-21T14:15:23.8746848-04:00","Action":"pass","Package":"github.com/qompack/qompack/test/guards","Test":"TestGoreleaserBuildsNothingAndDraftsTheRelease","Elapsed":0.07}
{"Time":"2026-09-21T14:15:23.8746848-04:00","Action":"cont","Package":"github.com/qompack/qompack/test/guards","Test":"TestGuard_NoNetworkImports_DetectsAViolation"}
{"Time":"2026-09-21T14:15:23.8746848-04:00","Action":"output","Package":"github.com/qompack/qompack/test/guards","Test":"TestGuard_NoNetworkImports_DetectsAViolation","Output":"=== CONT  TestGuard_NoNetworkImports_DetectsAViolation\n"}
{"Time":"2026-09-21T14:15:23.8746848-04:00","Action":"output","Package":"github.com/qompack/qompack/test/guards","Test":"TestGuard_NoNetworkImports_DetectsAViolation","Output":"--- PASS: TestGuard_NoNetworkImports_DetectsAViolation (0.00s)\n"}
{"Time":"2026-09-21T14:15:23.8746848-04:00","Action":"pass","Package":"github.com/qompack/qompack/test/guards","Test":"TestGuard_NoNetworkImports_DetectsAViolation","Elapsed":0}
{"Time":"2026-09-21T14:15:23.8746848-04:00","Action":"cont","Package":"github.com/qompack/qompack/test/guards","Test":"TestGuard_NoNetworkImports"}
{"Time":"2026-09-21T14:15:23.8746848-04:00","Action":"output","Package":"github.com/qompack/qompack/test/guards","Test":"TestGuard_NoNetworkImports","Output":"=== CONT  TestGuard_NoNetworkImports\n"}
{"Time":"2026-09-21T14:15:23.9511137-04:00","Action":"run","Package":"github.com/qompack/qompack/test/guards","Test":"TestNightlyFuzzMatrix/canon_FuzzCanonicalize"}
{"Time":"2026-09-21T14:15:23.9516493-04:00","Action":"output","Package":"github.com/qompack/qompack/test/guards","Test":"TestNightlyFuzzMatrix/canon_FuzzCanonicalize","Output":"=== RUN   TestNightlyFuzzMatrix/canon_FuzzCanonicalize\n"}
{"Time":"2026-09-21T14:15:23.9516493-04:00","Action":"output","Package":"github.com/qompack/qompack/test/guards","Test":"TestNightlyFuzzMatrix/canon_FuzzCanonicalize","Output":"=== PAUSE TestNightlyFuzzMatrix/canon_FuzzCanonicalize\n"}
{"Time":"2026-09-21T14:15:23.9516493-04:00","Action":"pause","Package":"github.com/qompack/qompack/test/guards","Test":"TestNightlyFuzzMatrix/canon_FuzzCanonicalize"}
{"Time":"2026-09-21T14:15:23.9516493-04:00","Action":"run","Package":"github.com/qompack/qompack/test/guards","Test":"TestNightlyFuzzMatrix/canon_FuzzNumericMatchesAgreeWithReference"}
{"Time":"2026-09-21T14:15:23.9516493-04:00","Action":"output","Package":"github.com/qompack/qompack/test/guards","Test":"TestNightlyFuzzMatrix/canon_FuzzNumericMatchesAgreeWithReference","Output":"=== RUN   TestNightlyFuzzMatrix/canon_FuzzNumericMatchesAgreeWithReference\n"}
{"Time":"2026-09-21T14:15:23.9516493-04:00","Action":"output","Package":"github.com/qompack/qompack/test/guards","Test":"TestNightlyFuzzMatrix/canon_FuzzNumericMatchesAgreeWithReference","Output":"=== PAUSE TestNightlyFuzzMatrix/canon_FuzzNumericMatchesAgreeWithReference\n"}
{"Time":"2026-09-21T14:15:23.9516493-04:00","Action":"pause","Package":"github.com/qompack/qompack/test/guards","Test":"TestNightlyFuzzMatrix/canon_FuzzNumericMatchesAgreeWithReference"}
{"Time":"2026-09-21T14:15:23.9516493-04:00","Action":"run","Package":"github.com/qompack/qompack/test/guards","Test":"TestNightlyFuzzMatrix/canon_FuzzPrefilterAgreesWithFullScan"}
{"Time":"2026-09-21T14:15:23.9516493-04:00","Action":"output","Package":"github.com/qompack/qompack/test/guards","Test":"TestNightlyFuzzMatrix/canon_FuzzPrefilterAgreesWithFullScan","Output":"=== RUN   TestNightlyFuzzMatrix/canon_FuzzPrefilterAgreesWithFullScan\n"}
{"Time":"2026-09-21T14:15:23.9516493-04:00","Action":"output","Package":"github.com/qompack/qompack/test/guards","Test":"TestNightlyFuzzMatrix/canon_FuzzPrefilterAgreesWithFullScan","Output":"=== PAUSE TestNightlyFuzzMatrix/canon_FuzzPrefilterAgreesWithFullScan\n"}
{"Time":"2026-09-21T14:15:23.9516493-04:00","Action":"pause","Package":"github.com/qompack/qompack/test/guards","Test":"TestNightlyFuzzMatrix/canon_FuzzPrefilterAgreesWithFullScan"}
{"Time":"2026-09-21T14:15:23.9516493-04:00","Action":"run","Package":"github.com/qompack/qompack/test/guards","Test":"TestNightlyFuzzMatrix/canon_FuzzRestore"}
{"Time":"2026-09-21T14:15:23.9516493-04:00","Action":"output","Package":"github.com/qompack/qompack/test/guards","Test":"TestNightlyFuzzMatrix/canon_FuzzRestore","Output":"=== RUN   TestNightlyFuzzMatrix/canon_FuzzRestore\n"}
{"Time":"2026-09-21T14:15:23.9516493-04:00","Action":"output","Package":"github.com/qompack/qompack/test/guards","Test":"TestNightlyFuzzMatrix/canon_FuzzRestore","Output":"=== PAUSE TestNightlyFuzzMatrix/canon_FuzzRestore\n"}
{"Time":"2026-09-21T14:15:23.9516493-04:00","Action":"pause","Package":"github.com/qompack/qompack/test/guards","Test":"TestNightlyFuzzMatrix/canon_FuzzRestore"}
{"Time":"2026-09-21T14:15:23.9516493-04:00","Action":"run","Package":"github.com/qompack/qompack/test/guards","Test":"TestNightlyFuzzMatrix/canon_FuzzTrailingWSAgreesWithReference"}
{"Time":"2026-09-21T14:15:23.9516493-04:00","Action":"output","Package":"github.com/qompack/qompack/test/guards","Test":"TestNightlyFuzzMatrix/canon_FuzzTrailingWSAgreesWithReference","Output":"=== RUN   TestNightlyFuzzMatrix/canon_FuzzTrailingWSAgreesWithReference\n"}
{"Time":"2026-09-21T14:15:23.9516493-04:00","Action":"output","Package":"github.com/qompack/qompack/test/guards","Test":"TestNightlyFuzzMatrix/canon_FuzzTrailingWSAgreesWithReference","Output":"=== PAUSE TestNightlyFuzzMatrix/canon_FuzzTrailingWSAgreesWithReference\n"}
{"Time":"2026-09-21T14:15:23.9516493-04:00","Action":"pause","Package":"github.com/qompack/qompack/test/guards","Test":"TestNightlyFuzzMatrix/canon_FuzzTrailingWSAgreesWithReference"}
{"Time":"2026-09-21T14:15:23.9516493-04:00","Action":"run","Package":"github.com/qompack/qompack/test/guards","Test":"TestNightlyFuzzMatrix/checkpoint_FuzzParseGitIndex"}
{"Time":"2026-09-21T14:15:23.9516493-04:00","Action":"output","Package":"github.com/qompack/qompack/test/guards","Test":"TestNightlyFuzzMatrix/checkpoint_FuzzParseGitIndex","Output":"=== RUN   TestNightlyFuzzMatrix/checkpoint_FuzzParseGitIndex\n"}
{"Time":"2026-09-21T14:15:23.9516493-04:00","Action":"output","Package":"github.com/qompack/qompack/test/guards","Test":"TestNightlyFuzzMatrix/checkpoint_FuzzParseGitIndex","Output":"=== PAUSE TestNightlyFuzzMatrix/checkpoint_FuzzParseGitIndex\n"}
{"Time":"2026-09-21T14:15:23.9516493-04:00","Action":"pause","Package":"github.com/qompack/qompack/test/guards","Test":"TestNightlyFuzzMatrix/checkpoint_FuzzParseGitIndex"}
{"Time":"2026-09-21T14:15:23.9516493-04:00","Action":"run","Package":"github.com/qompack/qompack/test/guards","Test":"TestNightlyFuzzMatrix/checkpoint_FuzzStripInjections"}
{"Time":"2026-09-21T14:15:23.9516493-04:00","Action":"output","Package":"github.com/qompack/qompack/test/guards","Test":"TestNightlyFuzzMatrix/checkpoint_FuzzStripInjections","Output":"=== RUN   TestNightlyFuzzMatrix/checkpoint_FuzzStripInjections\n"}
{"Time":"2026-09-21T14:15:23.9516493-04:00","Action":"output","Package":"github.com/qompack/qompack/test/guards","Test":"TestNightlyFuzzMatrix/checkpoint_FuzzStripInjections","Output":"=== PAUSE TestNightlyFuzzMatrix/checkpoint_FuzzStripInjections\n"}
{"Time":"2026-09-21T14:15:23.9516493-04:00","Action":"pause","Package":"github.com/qompack/qompack/test/guards","Test":"TestNightlyFuzzMatrix/checkpoint_FuzzStripInjections"}
{"Time":"2026-09-21T14:15:23.9516493-04:00","Action":"run","Package":"github.com/qompack/qompack/test/guards","Test":"TestNightlyFuzzMatrix/chunk_FuzzSplit"}
{"Time":"2026-09-21T14:15:23.9516493-04:00","Action":"output","Package":"github.com/qompack/qompack/test/guards","Test":"TestNightlyFuzzMatrix/chunk_FuzzSplit","Output":"=== RUN   TestNightlyFuzzMatrix/chunk_FuzzSplit\n"}
{"Time":"2026-09-21T14:15:23.9516493-04:00","Action":"output","Package":"github.com/qompack/qompack/test/guards","Test":"TestNightlyFuzzMatrix/chunk_FuzzSplit","Output":"=== PAUSE TestNightlyFuzzMatrix/chunk_FuzzSplit\n"}
{"Time":"2026-09-21T14:15:23.9516493-04:00","Action":"pause","Package":"github.com/qompack/qompack/test/guards","Test":"TestNightlyFuzzMatrix/chunk_FuzzSplit"}
{"Time":"2026-09-21T14:15:23.9516493-04:00","Action":"run","Package":"github.com/qompack/qompack/test/guards","Test":"TestNightlyFuzzMatrix/chunk_FuzzSplitStream"}
{"Time":"2026-09-21T14:15:23.9516493-04:00","Action":"output","Package":"github.com/qompack/qompack/test/guards","Test":"TestNightlyFuzzMatrix/chunk_FuzzSplitStream","Output":"=== RUN   TestNightlyFuzzMatrix/chunk_FuzzSplitStream\n"}
{"Time":"2026-09-21T14:15:23.9516493-04:00","Action":"output","Package":"github.com/qompack/qompack/test/guards","Test":"TestNightlyFuzzMatrix/chunk_FuzzSplitStream","Output":"=== PAUSE TestNightlyFuzzMatrix/chunk_FuzzSplitStream\n"}
{"Time":"2026-09-21T14:15:23.9516493-04:00","Action":"pause","Package":"github.com/qompack/qompack/test/guards","Test":"TestNightlyFuzzMatrix/chunk_FuzzSplitStream"}
{"Time":"2026-09-21T14:15:23.9516493-04:00","Action":"run","Package":"github.com/qompack/qompack/test/guards","Test":"TestNightlyFuzzMatrix/config_FuzzConfigLoad"}
{"Time":"2026-09-21T14:15:23.9516493-04:00","Action":"output","Package":"github.com/qompack/qompack/test/guards","Test":"TestNightlyFuzzMatrix/config_FuzzConfigLoad","Output":"=== RUN   TestNightlyFuzzMatrix/config_FuzzConfigLoad\n"}
{"Time":"2026-09-21T14:15:23.9516493-04:00","Action":"output","Package":"github.com/qompack/qompack/test/guards","Test":"TestNightlyFuzzMatrix/config_FuzzConfigLoad","Output":"=== PAUSE TestNightlyFuzzMatrix/config_FuzzConfigLoad\n"}
{"Time":"2026-09-21T14:15:23.9516493-04:00","Action":"pause","Package":"github.com/qompack/qompack/test/guards","Test":"TestNightlyFuzzMatrix/config_FuzzConfigLoad"}
{"Time":"2026-09-21T14:15:23.9516493-04:00","Action":"run","Package":"github.com/qompack/qompack/test/guards","Test":"TestNightlyFuzzMatrix/daemon_FuzzDeliverySealSelect"}
{"Time":"2026-09-21T14:15:23.9516493-04:00","Action":"output","Package":"github.com/qompack/qompack/test/guards","Test":"TestNightlyFuzzMatrix/daemon_FuzzDeliverySealSelect","Output":"=== RUN   TestNightlyFuzzMatrix/daemon_FuzzDeliverySealSelect\n"}
{"Time":"2026-09-21T14:15:23.9516493-04:00","Action":"output","Package":"github.com/qompack/qompack/test/guards","Test":"TestNightlyFuzzMatrix/daemon_FuzzDeliverySealSelect","Output":"=== PAUSE TestNightlyFuzzMatrix/daemon_FuzzDeliverySealSelect\n"}
{"Time":"2026-09-21T14:15:23.9516493-04:00","Action":"pause","Package":"github.com/qompack/qompack/test/guards","Test":"TestNightlyFuzzMatrix/daemon_FuzzDeliverySealSelect"}
{"Time":"2026-09-21T14:15:23.9516493-04:00","Action":"run","Package":"github.com/qompack/qompack/test/guards","Test":"TestNightlyFuzzMatrix/eval_FuzzRedact"}
{"Time":"2026-09-21T14:15:23.9516493-04:00","Action":"output","Package":"github.com/qompack/qompack/test/guards","Test":"TestNightlyFuzzMatrix/eval_FuzzRedact","Output":"=== RUN   TestNightlyFuzzMatrix/eval_FuzzRedact\n"}
{"Time":"2026-09-21T14:15:23.9516493-04:00","Action":"output","Package":"github.com/qompack/qompack/test/guards","Test":"TestNightlyFuzzMatrix/eval_FuzzRedact","Output":"=== PAUSE TestNightlyFuzzMatrix/eval_FuzzRedact\n"}
{"Time":"2026-09-21T14:15:23.9516493-04:00","Action":"pause","Package":"github.com/qompack/qompack/test/guards","Test":"TestNightlyFuzzMatrix/eval_FuzzRedact"}
{"Time":"2026-09-21T14:15:23.9516493-04:00","Action":"run","Package":"github.com/qompack/qompack/test/guards","Test":"TestNightlyFuzzMatrix/hookio_FuzzReadEvent"}
{"Time":"2026-09-21T14:15:23.9516493-04:00","Action":"output","Package":"github.com/qompack/qompack/test/guards","Test":"TestNightlyFuzzMatrix/hookio_FuzzReadEvent","Output":"=== RUN   TestNightlyFuzzMatrix/hookio_FuzzReadEvent\n"}
{"Time":"2026-09-21T14:15:23.9516493-04:00","Action":"output","Package":"github.com/qompack/qompack/test/guards","Test":"TestNightlyFuzzMatrix/hookio_FuzzReadEvent","Output":"=== PAUSE TestNightlyFuzzMatrix/hookio_FuzzReadEvent\n"}
{"Time":"2026-09-21T14:15:23.9516493-04:00","Action":"pause","Package":"github.com/qompack/qompack/test/guards","Test":"TestNightlyFuzzMatrix/hookio_FuzzReadEvent"}
{"Time":"2026-09-21T14:15:23.9516493-04:00","Action":"run","Package":"github.com/qompack/qompack/test/guards","Test":"TestNightlyFuzzMatrix/ipc_FuzzDecodeRequest"}
{"Time":"2026-09-21T14:15:23.9516493-04:00","Action":"output","Package":"github.com/qompack/qompack/test/guards","Test":"TestNightlyFuzzMatrix/ipc_FuzzDecodeRequest","Output":"=== RUN   TestNightlyFuzzMatrix/ipc_FuzzDecodeRequest\n"}
{"Time":"2026-09-21T14:15:23.9516493-04:00","Action":"output","Package":"github.com/qompack/qompack/test/guards","Test":"TestNightlyFuzzMatrix/ipc_FuzzDecodeRequest","Output":"=== PAUSE TestNightlyFuzzMatrix/ipc_FuzzDecodeRequest\n"}
{"Time":"2026-09-21T14:15:23.9516493-04:00","Action":"pause","Package":"github.com/qompack/qompack/test/guards","Test":"TestNightlyFuzzMatrix/ipc_FuzzDecodeRequest"}
{"Time":"2026-09-21T14:15:23.9516493-04:00","Action":"run","Package":"github.com/qompack/qompack/test/guards","Test":"TestNightlyFuzzMatrix/mcp_FuzzServeLine"}
{"Time":"2026-09-21T14:15:23.9516493-04:00","Action":"output","Package":"github.com/qompack/qompack/test/guards","Test":"TestNightlyFuzzMatrix/mcp_FuzzServeLine","Output":"=== RUN   TestNightlyFuzzMatrix/mcp_FuzzServeLine\n"}
{"Time":"2026-09-21T14:15:23.9516493-04:00","Action":"output","Package":"github.com/qompack/qompack/test/guards","Test":"TestNightlyFuzzMatrix/mcp_FuzzServeLine","Output":"=== PAUSE TestNightlyFuzzMatrix/mcp_FuzzServeLine\n"}
{"Time":"2026-09-21T14:15:23.9516493-04:00","Action":"pause","Package":"github.com/qompack/qompack/test/guards","Test":"TestNightlyFuzzMatrix/mcp_FuzzServeLine"}
{"Time":"2026-09-21T14:15:23.9516493-04:00","Action":"run","Package":"github.com/qompack/qompack/test/guards","Test":"TestNightlyFuzzMatrix/observer_FuzzExtractSignals"}
{"Time":"2026-09-21T14:15:23.9516493-04:00","Action":"output","Package":"github.com/qompack/qompack/test/guards","Test":"TestNightlyFuzzMatrix/observer_FuzzExtractSignals","Output":"=== RUN   TestNightlyFuzzMatrix/observer_FuzzExtractSignals\n"}
{"Time":"2026-09-21T14:15:23.9522716-04:00","Action":"output","Package":"github.com/qompack/qompack/test/guards","Test":"TestNightlyFuzzMatrix/observer_FuzzExtractSignals","Output":"=== PAUSE TestNightlyFuzzMatrix/observer_FuzzExtractSignals\n"}
{"Time":"2026-09-21T14:15:23.9522716-04:00","Action":"pause","Package":"github.com/qompack/qompack/test/guards","Test":"TestNightlyFuzzMatrix/observer_FuzzExtractSignals"}
{"Time":"2026-09-21T14:15:23.9522716-04:00","Action":"run","Package":"github.com/qompack/qompack/test/guards","Test":"TestNightlyFuzzMatrix/redact_FuzzRedactIdempotent"}
{"Time":"2026-09-21T14:15:23.9522716-04:00","Action":"output","Package":"github.com/qompack/qompack/test/guards","Test":"TestNightlyFuzzMatrix/redact_FuzzRedactIdempotent","Output":"=== RUN   TestNightlyFuzzMatrix/redact_FuzzRedactIdempotent\n"}
{"Time":"2026-09-21T14:15:23.9522716-04:00","Action":"output","Package":"github.com/qompack/qompack/test/guards","Test":"TestNightlyFuzzMatrix/redact_FuzzRedactIdempotent","Output":"=== PAUSE TestNightlyFuzzMatrix/redact_FuzzRedactIdempotent\n"}
{"Time":"2026-09-21T14:15:23.9522716-04:00","Action":"pause","Package":"github.com/qompack/qompack/test/guards","Test":"TestNightlyFuzzMatrix/redact_FuzzRedactIdempotent"}
{"Time":"2026-09-21T14:15:23.9522716-04:00","Action":"run","Package":"github.com/qompack/qompack/test/guards","Test":"TestNightlyFuzzMatrix/redact_FuzzRedactPrefilterEquivalence"}
{"Time":"2026-09-21T14:15:23.9522716-04:00","Action":"output","Package":"github.com/qompack/qompack/test/guards","Test":"TestNightlyFuzzMatrix/redact_FuzzRedactPrefilterEquivalence","Output":"=== RUN   TestNightlyFuzzMatrix/redact_FuzzRedactPrefilterEquivalence\n"}
{"Time":"2026-09-21T14:15:23.9522716-04:00","Action":"output","Package":"github.com/qompack/qompack/test/guards","Test":"TestNightlyFuzzMatrix/redact_FuzzRedactPrefilterEquivalence","Output":"=== PAUSE TestNightlyFuzzMatrix/redact_FuzzRedactPrefilterEquivalence\n"}
{"Time":"2026-09-21T14:15:23.9522716-04:00","Action":"pause","Package":"github.com/qompack/qompack/test/guards","Test":"TestNightlyFuzzMatrix/redact_FuzzRedactPrefilterEquivalence"}
{"Time":"2026-09-21T14:15:23.9522716-04:00","Action":"run","Package":"github.com/qompack/qompack/test/guards","Test":"TestNightlyFuzzMatrix/sketch_FuzzBloomUnmarshalBinary"}
{"Time":"2026-09-21T14:15:23.9522716-04:00","Action":"output","Package":"github.com/qompack/qompack/test/guards","Test":"TestNightlyFuzzMatrix/sketch_FuzzBloomUnmarshalBinary","Output":"=== RUN   TestNightlyFuzzMatrix/sketch_FuzzBloomUnmarshalBinary\n"}
{"Time":"2026-09-21T14:15:23.9522716-04:00","Action":"output","Package":"github.com/qompack/qompack/test/guards","Test":"TestNightlyFuzzMatrix/sketch_FuzzBloomUnmarshalBinary","Output":"=== PAUSE TestNightlyFuzzMatrix/sketch_FuzzBloomUnmarshalBinary\n"}
{"Time":"2026-09-21T14:15:23.9522716-04:00","Action":"pause","Package":"github.com/qompack/qompack/test/guards","Test":"TestNightlyFuzzMatrix/sketch_FuzzBloomUnmarshalBinary"}
{"Time":"2026-09-21T14:15:23.9522716-04:00","Action":"run","Package":"github.com/qompack/qompack/test/guards","Test":"TestNightlyFuzzMatrix/sketch_FuzzCMSUnmarshalBinary"}
{"Time":"2026-09-21T14:15:23.9522716-04:00","Action":"output","Package":"github.com/qompack/qompack/test/guards","Test":"TestNightlyFuzzMatrix/sketch_FuzzCMSUnmarshalBinary","Output":"=== RUN   TestNightlyFuzzMatrix/sketch_FuzzCMSUnmarshalBinary\n"}
{"Time":"2026-09-21T14:15:23.9522716-04:00","Action":"output","Package":"github.com/qompack/qompack/test/guards","Test":"TestNightlyFuzzMatrix/sketch_FuzzCMSUnmarshalBinary","Output":"=== PAUSE TestNightlyFuzzMatrix/sketch_FuzzCMSUnmarshalBinary\n"}
{"Time":"2026-09-21T14:15:23.9522716-04:00","Action":"pause","Package":"github.com/qompack/qompack/test/guards","Test":"TestNightlyFuzzMatrix/sketch_FuzzCMSUnmarshalBinary"}
{"Time":"2026-09-21T14:15:23.9522716-04:00","Action":"run","Package":"github.com/qompack/qompack/test/guards","Test":"TestNightlyFuzzMatrix/sketch_FuzzHLLUnmarshalBinary"}
{"Time":"2026-09-21T14:15:23.9522716-04:00","Action":"output","Package":"github.com/qompack/qompack/test/guards","Test":"TestNightlyFuzzMatrix/sketch_FuzzHLLUnmarshalBinary","Output":"=== RUN   TestNightlyFuzzMatrix/sketch_FuzzHLLUnmarshalBinary\n"}
{"Time":"2026-09-21T14:15:23.9522716-04:00","Action":"output","Package":"github.com/qompack/qompack/test/guards","Test":"TestNightlyFuzzMatrix/sketch_FuzzHLLUnmarshalBinary","Output":"=== PAUSE TestNightlyFuzzMatrix/sketch_FuzzHLLUnmarshalBinary\n"}
{"Time":"2026-09-21T14:15:23.9522716-04:00","Action":"pause","Package":"github.com/qompack/qompack/test/guards","Test":"TestNightlyFuzzMatrix/sketch_FuzzHLLUnmarshalBinary"}
{"Time":"2026-09-21T14:15:23.9522716-04:00","Action":"run","Package":"github.com/qompack/qompack/test/guards","Test":"TestNightlyFuzzMatrix/sketch_FuzzMisraGriesUnmarshalBinary"}
{"Time":"2026-09-21T14:15:23.9522716-04:00","Action":"output","Package":"github.com/qompack/qompack/test/guards","Test":"TestNightlyFuzzMatrix/sketch_FuzzMisraGriesUnmarshalBinary","Output":"=== RUN   TestNightlyFuzzMatrix/sketch_FuzzMisraGriesUnmarshalBinary\n"}
{"Time":"2026-09-21T14:15:23.9522716-04:00","Action":"output","Package":"github.com/qompack/qompack/test/guards","Test":"TestNightlyFuzzMatrix/sketch_FuzzMisraGriesUnmarshalBinary","Output":"=== PAUSE TestNightlyFuzzMatrix/sketch_FuzzMisraGriesUnmarshalBinary\n"}
{"Time":"2026-09-21T14:15:23.9522716-04:00","Action":"pause","Package":"github.com/qompack/qompack/test/guards","Test":"TestNightlyFuzzMatrix/sketch_FuzzMisraGriesUnmarshalBinary"}
{"Time":"2026-09-21T14:15:23.9522716-04:00","Action":"run","Package":"github.com/qompack/qompack/test/guards","Test":"TestNightlyFuzzMatrix/sketch_FuzzSignatureUnmarshalBinary"}
{"Time":"2026-09-21T14:15:23.9522716-04:00","Action":"output","Package":"github.com/qompack/qompack/test/guards","Test":"TestNightlyFuzzMatrix/sketch_FuzzSignatureUnmarshalBinary","Output":"=== RUN   TestNightlyFuzzMatrix/sketch_FuzzSignatureUnmarshalBinary\n"}
{"Time":"2026-09-21T14:15:23.9522716-04:00","Action":"output","Package":"github.com/qompack/qompack/test/guards","Test":"TestNightlyFuzzMatrix/sketch_FuzzSignatureUnmarshalBinary","Output":"=== PAUSE TestNightlyFuzzMatrix/sketch_FuzzSignatureUnmarshalBinary\n"}
{"Time":"2026-09-21T14:15:23.9522716-04:00","Action":"pause","Package":"github.com/qompack/qompack/test/guards","Test":"TestNightlyFuzzMatrix/sketch_FuzzSignatureUnmarshalBinary"}
{"Time":"2026-09-21T14:15:23.9522716-04:00","Action":"run","Package":"github.com/qompack/qompack/test/guards","Test":"TestNightlyFuzzMatrix/symbols_FuzzExtract"}
{"Time":"2026-09-21T14:15:23.9522716-04:00","Action":"output","Package":"github.com/qompack/qompack/test/guards","Test":"TestNightlyFuzzMatrix/symbols_FuzzExtract","Output":"=== RUN   TestNightlyFuzzMatrix/symbols_FuzzExtract\n"}
{"Time":"2026-09-21T14:15:23.9522716-04:00","Action":"output","Package":"github.com/qompack/qompack/test/guards","Test":"TestNightlyFuzzMatrix/symbols_FuzzExtract","Output":"=== PAUSE TestNightlyFuzzMatrix/symbols_FuzzExtract\n"}
{"Time":"2026-09-21T14:15:23.9522716-04:00","Action":"pause","Package":"github.com/qompack/qompack/test/guards","Test":"TestNightlyFuzzMatrix/symbols_FuzzExtract"}
{"Time":"2026-09-21T14:15:23.9522716-04:00","Action":"cont","Package":"github.com/qompack/qompack/test/guards","Test":"TestCarriedDefects_ManifestIsWellFormed"}
{"Time":"2026-09-21T14:15:23.9522716-04:00","Action":"output","Package":"github.com/qompack/qompack/test/guards","Test":"TestCarriedDefects_ManifestIsWellFormed","Output":"=== CONT  TestCarriedDefects_ManifestIsWellFormed\n"}
{"Time":"2026-09-21T14:15:24.0409364-04:00","Action":"run","Package":"github.com/qompack/qompack/test/guards","Test":"TestCarriedDefects_ManifestIsWellFormed/SP04-D1"}
{"Time":"2026-09-21T14:15:24.0409364-04:00","Action":"output","Package":"github.com/qompack/qompack/test/guards","Test":"TestCarriedDefects_ManifestIsWellFormed/SP04-D1","Output":"=== RUN   TestCarriedDefects_ManifestIsWellFormed/SP04-D1\n"}
{"Time":"2026-09-21T14:15:24.060415-04:00","Action":"output","Package":"github.com/qompack/qompack/test/guards","Test":"TestCarriedDefects_ManifestIsWellFormed/SP04-D1","Output":"--- PASS: TestCarriedDefects_ManifestIsWellFormed/SP04-D1 (0.02s)\n"}
{"Time":"2026-09-21T14:15:24.060415-04:00","Action":"pass","Package":"github.com/qompack/qompack/test/guards","Test":"TestCarriedDefects_ManifestIsWellFormed/SP04-D1","Elapsed":0.02}
{"Time":"2026-09-21T14:15:24.060415-04:00","Action":"run","Package":"github.com/qompack/qompack/test/guards","Test":"TestCarriedDefects_ManifestIsWellFormed/SP04-D2"}
{"Time":"2026-09-21T14:15:24.060415-04:00","Action":"output","Package":"github.com/qompack/qompack/test/guards","Test":"TestCarriedDefects_ManifestIsWellFormed/SP04-D2","Output":"=== RUN   TestCarriedDefects_ManifestIsWellFormed/SP04-D2\n"}
{"Time":"2026-09-21T14:15:24.0616871-04:00","Action":"output","Package":"github.com/qompack/qompack/test/guards","Test":"TestCarriedDefects_ManifestIsWellFormed/SP04-D2","Output":"--- PASS: TestCarriedDefects_ManifestIsWellFormed/SP04-D2 (0.00s)\n"}
{"Time":"2026-09-21T14:15:24.0622654-04:00","Action":"pass","Package":"github.com/qompack/qompack/test/guards","Test":"TestCarriedDefects_ManifestIsWellFormed/SP04-D2","Elapsed":0}
{"Time":"2026-09-21T14:15:24.0622654-04:00","Action":"run","Package":"github.com/qompack/qompack/test/guards","Test":"TestCarriedDefects_ManifestIsWellFormed/SP04-D3"}
{"Time":"2026-09-21T14:15:24.0622654-04:00","Action":"output","Package":"github.com/qompack/qompack/test/guards","Test":"TestCarriedDefects_ManifestIsWellFormed/SP04-D3","Output":"=== RUN   TestCarriedDefects_ManifestIsWellFormed/SP04-D3\n"}
{"Time":"2026-09-21T14:15:24.0633576-04:00","Action":"output","Package":"github.com/qompack/qompack/test/guards","Test":"TestCarriedDefects_ManifestIsWellFormed/SP04-D3","Output":"--- PASS: TestCarriedDefects_ManifestIsWellFormed/SP04-D3 (0.00s)\n"}
{"Time":"2026-09-21T14:15:24.0633576-04:00","Action":"pass","Package":"github.com/qompack/qompack/test/guards","Test":"TestCarriedDefects_ManifestIsWellFormed/SP04-D3","Elapsed":0}
{"Time":"2026-09-21T14:15:24.0633576-04:00","Action":"run","Package":"github.com/qompack/qompack/test/guards","Test":"TestCarriedDefects_ManifestIsWellFormed/SP04-D4"}
{"Time":"2026-09-21T14:15:24.0633576-04:00","Action":"output","Package":"github.com/qompack/qompack/test/guards","Test":"TestCarriedDefects_ManifestIsWellFormed/SP04-D4","Output":"=== RUN   TestCarriedDefects_ManifestIsWellFormed/SP04-D4\n"}
{"Time":"2026-09-21T14:15:24.0650075-04:00","Action":"output","Package":"github.com/qompack/qompack/test/guards","Test":"TestCarriedDefects_ManifestIsWellFormed/SP04-D4","Output":"--- PASS: TestCarriedDefects_ManifestIsWellFormed/SP04-D4 (0.00s)\n"}
{"Time":"2026-09-21T14:15:24.0650075-04:00","Action":"pass","Package":"github.com/qompack/qompack/test/guards","Test":"TestCarriedDefects_ManifestIsWellFormed/SP04-D4","Elapsed":0}
{"Time":"2026-09-21T14:15:24.0650075-04:00","Action":"run","Package":"github.com/qompack/qompack/test/guards","Test":"TestCarriedDefects_ManifestIsWellFormed/SP04-D5"}
{"Time":"2026-09-21T14:15:24.0650075-04:00","Action":"output","Package":"github.com/qompack/qompack/test/guards","Test":"TestCarriedDefects_ManifestIsWellFormed/SP04-D5","Output":"=== RUN   TestCarriedDefects_ManifestIsWellFormed/SP04-D5\n"}
{"Time":"2026-09-21T14:15:24.0661293-04:00","Action":"output","Package":"github.com/qompack/qompack/test/guards","Test":"TestCarriedDefects_ManifestIsWellFormed/SP04-D5","Output":"--- PASS: TestCarriedDefects_ManifestIsWellFormed/SP04-D5 (0.00s)\n"}
{"Time":"2026-09-21T14:15:24.0661293-04:00","Action":"pass","Package":"github.com/qompack/qompack/test/guards","Test":"TestCarriedDefects_ManifestIsWellFormed/SP04-D5","Elapsed":0}
{"Time":"2026-09-21T14:15:24.0661293-04:00","Action":"run","Package":"github.com/qompack/qompack/test/guards","Test":"TestCarriedDefects_ManifestIsWellFormed/SP04-D6"}
{"Time":"2026-09-21T14:15:24.0661293-04:00","Action":"output","Package":"github.com/qompack/qompack/test/guards","Test":"TestCarriedDefects_ManifestIsWellFormed/SP04-D6","Output":"=== RUN   TestCarriedDefects_ManifestIsWellFormed/SP04-D6\n"}
{"Time":"2026-09-21T14:15:24.0672412-04:00","Action":"output","Package":"github.com/qompack/qompack/test/guards","Test":"TestCarriedDefects_ManifestIsWellFormed/SP04-D6","Output":"--- PASS: TestCarriedDefects_ManifestIsWellFormed/SP04-D6 (0.00s)\n"}
{"Time":"2026-09-21T14:15:24.0672412-04:00","Action":"pass","Package":"github.com/qompack/qompack/test/guards","Test":"TestCarriedDefects_ManifestIsWellFormed/SP04-D6","Elapsed":0}
{"Time":"2026-09-21T14:15:24.0672412-04:00","Action":"run","Package":"github.com/qompack/qompack/test/guards","Test":"TestCarriedDefects_ManifestIsWellFormed/SP06-D1"}
{"Time":"2026-09-21T14:15:24.0672412-04:00","Action":"output","Package":"github.com/qompack/qompack/test/guards","Test":"TestCarriedDefects_ManifestIsWellFormed/SP06-D1","Output":"=== RUN   TestCarriedDefects_ManifestIsWellFormed/SP06-D1\n"}
{"Time":"2026-09-21T14:15:24.0865223-04:00","Action":"output","Package":"github.com/qompack/qompack/test/guards","Test":"TestCarriedDefects_ManifestIsWellFormed/SP06-D1","Output":"--- PASS: TestCarriedDefects_ManifestIsWellFormed/SP06-D1 (0.02s)\n"}
{"Time":"2026-09-21T14:15:24.0870772-04:00","Action":"pass","Package":"github.com/qompack/qompack/test/guards","Test":"TestCarriedDefects_ManifestIsWellFormed/SP06-D1","Elapsed":0.02}
{"Time":"2026-09-21T14:15:24.0870772-04:00","Action":"run","Package":"github.com/qompack/qompack/test/guards","Test":"TestCarriedDefects_ManifestIsWellFormed/SP05-D1"}
{"Time":"2026-09-21T14:15:24.0870772-04:00","Action":"output","Package":"github.com/qompack/qompack/test/guards","Test":"TestCarriedDefects_ManifestIsWellFormed/SP05-D1","Output":"=== RUN   TestCarriedDefects_ManifestIsWellFormed/SP05-D1\n"}
{"Time":"2026-09-21T14:15:24.0882059-04:00","Action":"output","Package":"github.com/qompack/qompack/test/guards","Test":"TestCarriedDefects_ManifestIsWellFormed/SP05-D1","Output":"--- PASS: TestCarriedDefects_ManifestIsWellFormed/SP05-D1 (0.00s)\n"}
{"Time":"2026-09-21T14:15:24.0882059-04:00","Action":"pass","Package":"github.com/qompack/qompack/test/guards","Test":"TestCarriedDefects_ManifestIsWellFormed/SP05-D1","Elapsed":0}
{"Time":"2026-09-21T14:15:24.0882059-04:00","Action":"run","Package":"github.com/qompack/qompack/test/guards","Test":"TestCarriedDefects_ManifestIsWellFormed/SP02-D1"}
{"Time":"2026-09-21T14:15:24.0882059-04:00","Action":"output","Package":"github.com/qompack/qompack/test/guards","Test":"TestCarriedDefects_ManifestIsWellFormed/SP02-D1","Output":"=== RUN   TestCarriedDefects_ManifestIsWellFormed/SP02-D1\n"}
{"Time":"2026-09-21T14:15:24.1051828-04:00","Action":"output","Package":"github.com/qompack/qompack/test/guards","Test":"TestCarriedDefects_ManifestIsWellFormed/SP02-D1","Output":"--- PASS: TestCarriedDefects_ManifestIsWellFormed/SP02-D1 (0.02s)\n"}
{"Time":"2026-09-21T14:15:24.1051828-04:00","Action":"pass","Package":"github.com/qompack/qompack/test/guards","Test":"TestCarriedDefects_ManifestIsWellFormed/SP02-D1","Elapsed":0.02}
{"Time":"2026-09-21T14:15:24.1051828-04:00","Action":"run","Package":"github.com/qompack/qompack/test/guards","Test":"TestCarriedDefects_ManifestIsWellFormed/SP02-D2"}
{"Time":"2026-09-21T14:15:24.1051828-04:00","Action":"output","Package":"github.com/qompack/qompack/test/guards","Test":"TestCarriedDefects_ManifestIsWellFormed/SP02-D2","Output":"=== RUN   TestCarriedDefects_ManifestIsWellFormed/SP02-D2\n"}
{"Time":"2026-09-21T14:15:24.1063041-04:00","Action":"output","Package":"github.com/qompack/qompack/test/guards","Test":"TestCarriedDefects_ManifestIsWellFormed/SP02-D2","Output":"--- PASS: TestCarriedDefects_ManifestIsWellFormed/SP02-D2 (0.00s)\n"}
{"Time":"2026-09-21T14:15:24.1063041-04:00","Action":"pass","Package":"github.com/qompack/qompack/test/guards","Test":"TestCarriedDefects_ManifestIsWellFormed/SP02-D2","Elapsed":0}
{"Time":"2026-09-21T14:15:24.1063041-04:00","Action":"run","Package":"github.com/qompack/qompack/test/guards","Test":"TestCarriedDefects_ManifestIsWellFormed/SP02-D3"}
{"Time":"2026-09-21T14:15:24.1063041-04:00","Action":"output","Package":"github.com/qompack/qompack/test/guards","Test":"TestCarriedDefects_ManifestIsWellFormed/SP02-D3","Output":"=== RUN   TestCarriedDefects_ManifestIsWellFormed/SP02-D3\n"}
{"Time":"2026-09-21T14:15:24.1068548-04:00","Action":"output","Package":"github.com/qompack/qompack/test/guards","Test":"TestCarriedDefects_ManifestIsWellFormed/SP02-D3","Output":"--- PASS: TestCarriedDefects_ManifestIsWellFormed/SP02-D3 (0.00s)\n"}
{"Time":"2026-09-21T14:15:24.1068548-04:00","Action":"pass","Package":"github.com/qompack/qompack/test/guards","Test":"TestCarriedDefects_ManifestIsWellFormed/SP02-D3","Elapsed":0}
{"Time":"2026-09-21T14:15:24.1068548-04:00","Action":"run","Package":"github.com/qompack/qompack/test/guards","Test":"TestCarriedDefects_ManifestIsWellFormed/SP02-D4"}
{"Time":"2026-09-21T14:15:24.1068548-04:00","Action":"output","Package":"github.com/qompack/qompack/test/guards","Test":"TestCarriedDefects_ManifestIsWellFormed/SP02-D4","Output":"=== RUN   TestCarriedDefects_ManifestIsWellFormed/SP02-D4\n"}
{"Time":"2026-09-21T14:15:24.1079385-04:00","Action":"output","Package":"github.com/qompack/qompack/test/guards","Test":"TestCarriedDefects_ManifestIsWellFormed/SP02-D4","Output":"--- PASS: TestCarriedDefects_ManifestIsWellFormed/SP02-D4 (0.00s)\n"}
{"Time":"2026-09-21T14:15:24.1079385-04:00","Action":"pass","Package":"github.com/qompack/qompack/test/guards","Test":"TestCarriedDefects_ManifestIsWellFormed/SP02-D4","Elapsed":0}
{"Time":"2026-09-21T14:15:24.1079385-04:00","Action":"run","Package":"github.com/qompack/qompack/test/guards","Test":"TestCarriedDefects_ManifestIsWellFormed/SP02-D5"}
{"Time":"2026-09-21T14:15:24.1079385-04:00","Action":"output","Package":"github.com/qompack/qompack/test/guards","Test":"TestCarriedDefects_ManifestIsWellFormed/SP02-D5","Output":"=== RUN   TestCarriedDefects_ManifestIsWellFormed/SP02-D5\n"}
{"Time":"2026-09-21T14:15:24.1090293-04:00","Action":"output","Package":"github.com/qompack/qompack/test/guards","Test":"TestCarriedDefects_ManifestIsWellFormed/SP02-D5","Output":"--- PASS: TestCarriedDefects_ManifestIsWellFormed/SP02-D5 (0.00s)\n"}
{"Time":"2026-09-21T14:15:24.1090293-04:00","Action":"pass","Package":"github.com/qompack/qompack/test/guards","Test":"TestCarriedDefects_ManifestIsWellFormed/SP02-D5","Elapsed":0}
{"Time":"2026-09-21T14:15:24.1090293-04:00","Action":"run","Package":"github.com/qompack/qompack/test/guards","Test":"TestCarriedDefects_ManifestIsWellFormed/SP02-D6"}
{"Time":"2026-09-21T14:15:24.1090293-04:00","Action":"output","Package":"github.com/qompack/qompack/test/guards","Test":"TestCarriedDefects_ManifestIsWellFormed/SP02-D6","Output":"=== RUN   TestCarriedDefects_ManifestIsWellFormed/SP02-D6\n"}
{"Time":"2026-09-21T14:15:24.1101463-04:00","Action":"output","Package":"github.com/qompack/qompack/test/guards","Test":"TestCarriedDefects_ManifestIsWellFormed/SP02-D6","Output":"--- PASS: TestCarriedDefects_ManifestIsWellFormed/SP02-D6 (0.00s)\n"}
{"Time":"2026-09-21T14:15:24.1101463-04:00","Action":"pass","Package":"github.com/qompack/qompack/test/guards","Test":"TestCarriedDefects_ManifestIsWellFormed/SP02-D6","Elapsed":0}
{"Time":"2026-09-21T14:15:24.1101463-04:00","Action":"run","Package":"github.com/qompack/qompack/test/guards","Test":"TestCarriedDefects_ManifestIsWellFormed/SP04-D7"}
{"Time":"2026-09-21T14:15:24.1101463-04:00","Action":"output","Package":"github.com/qompack/qompack/test/guards","Test":"TestCarriedDefects_ManifestIsWellFormed/SP04-D7","Output":"=== RUN   TestCarriedDefects_ManifestIsWellFormed/SP04-D7\n"}
{"Time":"2026-09-21T14:15:24.1113006-04:00","Action":"output","Package":"github.com/qompack/qompack/test/guards","Test":"TestCarriedDefects_ManifestIsWellFormed/SP04-D7","Output":"--- PASS: TestCarriedDefects_ManifestIsWellFormed/SP04-D7 (0.00s)\n"}
{"Time":"2026-09-21T14:15:24.1113006-04:00","Action":"pass","Package":"github.com/qompack/qompack/test/guards","Test":"TestCarriedDefects_ManifestIsWellFormed/SP04-D7","Elapsed":0}
{"Time":"2026-09-21T14:15:24.1113006-04:00","Action":"run","Package":"github.com/qompack/qompack/test/guards","Test":"TestCarriedDefects_ManifestIsWellFormed/SP06-D2"}
{"Time":"2026-09-21T14:15:24.1113006-04:00","Action":"output","Package":"github.com/qompack/qompack/test/guards","Test":"TestCarriedDefects_ManifestIsWellFormed/SP06-D2","Output":"=== RUN   TestCarriedDefects_ManifestIsWellFormed/SP06-D2\n"}
{"Time":"2026-09-21T14:15:24.1135147-04:00","Action":"output","Package":"github.com/qompack/qompack/test/guards","Test":"TestCarriedDefects_ManifestIsWellFormed/SP06-D2","Output":"--- PASS: TestCarriedDefects_ManifestIsWellFormed/SP06-D2 (0.00s)\n"}
{"Time":"2026-09-21T14:15:24.1135147-04:00","Action":"pass","Package":"github.com/qompack/qompack/test/guards","Test":"TestCarriedDefects_ManifestIsWellFormed/SP06-D2","Elapsed":0}
{"Time":"2026-09-21T14:15:24.1135147-04:00","Action":"run","Package":"github.com/qompack/qompack/test/guards","Test":"TestCarriedDefects_ManifestIsWellFormed/SP08-D1"}
{"Time":"2026-09-21T14:15:24.1135147-04:00","Action":"output","Package":"github.com/qompack/qompack/test/guards","Test":"TestCarriedDefects_ManifestIsWellFormed/SP08-D1","Output":"=== RUN   TestCarriedDefects_ManifestIsWellFormed/SP08-D1\n"}
{"Time":"2026-09-21T14:15:24.1343165-04:00","Action":"output","Package":"github.com/qompack/qompack/test/guards","Test":"TestCarriedDefects_ManifestIsWellFormed/SP08-D1","Output":"--- PASS: TestCarriedDefects_ManifestIsWellFormed/SP08-D1 (0.02s)\n"}
{"Time":"2026-09-21T14:15:24.1343165-04:00","Action":"pass","Package":"github.com/qompack/qompack/test/guards","Test":"TestCarriedDefects_ManifestIsWellFormed/SP08-D1","Elapsed":0.02}
{"Time":"2026-09-21T14:15:24.1343165-04:00","Action":"run","Package":"github.com/qompack/qompack/test/guards","Test":"TestCarriedDefects_ManifestIsWellFormed/SP10-D1"}
{"Time":"2026-09-21T14:15:24.1343165-04:00","Action":"output","Package":"github.com/qompack/qompack/test/guards","Test":"TestCarriedDefects_ManifestIsWellFormed/SP10-D1","Output":"=== RUN   TestCarriedDefects_ManifestIsWellFormed/SP10-D1\n"}
{"Time":"2026-09-21T14:15:24.1567667-04:00","Action":"output","Package":"github.com/qompack/qompack/test/guards","Test":"TestCarriedDefects_ManifestIsWellFormed/SP10-D1","Output":"--- PASS: TestCarriedDefects_ManifestIsWellFormed/SP10-D1 (0.02s)\n"}
{"Time":"2026-09-21T14:15:24.1573227-04:00","Action":"pass","Package":"github.com/qompack/qompack/test/guards","Test":"TestCarriedDefects_ManifestIsWellFormed/SP10-D1","Elapsed":0.02}
{"Time":"2026-09-21T14:15:24.1573227-04:00","Action":"run","Package":"github.com/qompack/qompack/test/guards","Test":"TestCarriedDefects_ManifestIsWellFormed/SP09-D1"}
{"Time":"2026-09-21T14:15:24.1573227-04:00","Action":"output","Package":"github.com/qompack/qompack/test/guards","Test":"TestCarriedDefects_ManifestIsWellFormed/SP09-D1","Output":"=== RUN   TestCarriedDefects_ManifestIsWellFormed/SP09-D1\n"}
{"Time":"2026-09-21T14:15:24.158982-04:00","Action":"output","Package":"github.com/qompack/qompack/test/guards","Test":"TestCarriedDefects_ManifestIsWellFormed/SP09-D1","Output":"--- PASS: TestCarriedDefects_ManifestIsWellFormed/SP09-D1 (0.00s)\n"}
{"Time":"2026-09-21T14:15:24.158982-04:00","Action":"pass","Package":"github.com/qompack/qompack/test/guards","Test":"TestCarriedDefects_ManifestIsWellFormed/SP09-D1","Elapsed":0}
{"Time":"2026-09-21T14:15:24.1595046-04:00","Action":"run","Package":"github.com/qompack/qompack/test/guards","Test":"TestCarriedDefects_ManifestIsWellFormed/SP20-D2"}
{"Time":"2026-09-21T14:15:24.1595046-04:00","Action":"output","Package":"github.com/qompack/qompack/test/guards","Test":"TestCarriedDefects_ManifestIsWellFormed/SP20-D2","Output":"=== RUN   TestCarriedDefects_ManifestIsWellFormed/SP20-D2\n"}
{"Time":"2026-09-21T14:15:24.1611797-04:00","Action":"output","Package":"github.com/qompack/qompack/test/guards","Test":"TestCarriedDefects_ManifestIsWellFormed/SP20-D2","Output":"--- PASS: TestCarriedDefects_ManifestIsWellFormed/SP20-D2 (0.00s)\n"}
{"Time":"2026-09-21T14:15:24.1611797-04:00","Action":"pass","Package":"github.com/qompack/qompack/test/guards","Test":"TestCarriedDefects_ManifestIsWellFormed/SP20-D2","Elapsed":0}
{"Time":"2026-09-21T14:15:24.1611797-04:00","Action":"run","Package":"github.com/qompack/qompack/test/guards","Test":"TestCarriedDefects_ManifestIsWellFormed/SP20-D3"}
{"Time":"2026-09-21T14:15:24.1611797-04:00","Action":"output","Package":"github.com/qompack/qompack/test/guards","Test":"TestCarriedDefects_ManifestIsWellFormed/SP20-D3","Output":"=== RUN   TestCarriedDefects_ManifestIsWellFormed/SP20-D3\n"}
{"Time":"2026-09-21T14:15:24.1622746-04:00","Action":"output","Package":"github.com/qompack/qompack/test/guards","Test":"TestCarriedDefects_ManifestIsWellFormed/SP20-D3","Output":"--- PASS: TestCarriedDefects_ManifestIsWellFormed/SP20-D3 (0.00s)\n"}
{"Time":"2026-09-21T14:15:24.1628064-04:00","Action":"pass","Package":"github.com/qompack/qompack/test/guards","Test":"TestCarriedDefects_ManifestIsWellFormed/SP20-D3","Elapsed":0}
{"Time":"2026-09-21T14:15:24.1628064-04:00","Action":"run","Package":"github.com/qompack/qompack/test/guards","Test":"TestCarriedDefects_ManifestIsWellFormed/SP08-D2"}
{"Time":"2026-09-21T14:15:24.1628064-04:00","Action":"output","Package":"github.com/qompack/qompack/test/guards","Test":"TestCarriedDefects_ManifestIsWellFormed/SP08-D2","Output":"=== RUN   TestCarriedDefects_ManifestIsWellFormed/SP08-D2\n"}
{"Time":"2026-09-21T14:15:24.1644837-04:00","Action":"output","Package":"github.com/qompack/qompack/test/guards","Test":"TestCarriedDefects_ManifestIsWellFormed/SP08-D2","Output":"--- PASS: TestCarriedDefects_ManifestIsWellFormed/SP08-D2 (0.00s)\n"}
{"Time":"2026-09-21T14:15:24.1644837-04:00","Action":"pass","Package":"github.com/qompack/qompack/test/guards","Test":"TestCarriedDefects_ManifestIsWellFormed/SP08-D2","Elapsed":0}
{"Time":"2026-09-21T14:15:24.1644837-04:00","Action":"run","Package":"github.com/qompack/qompack/test/guards","Test":"TestCarriedDefects_ManifestIsWellFormed/SP20-D1"}
{"Time":"2026-09-21T14:15:24.1644837-04:00","Action":"output","Package":"github.com/qompack/qompack/test/guards","Test":"TestCarriedDefects_ManifestIsWellFormed/SP20-D1","Output":"=== RUN   TestCarriedDefects_ManifestIsWellFormed/SP20-D1\n"}
{"Time":"2026-09-21T14:15:24.1655615-04:00","Action":"output","Package":"github.com/qompack/qompack/test/guards","Test":"TestCarriedDefects_ManifestIsWellFormed/SP20-D1","Output":"--- PASS: TestCarriedDefects_ManifestIsWellFormed/SP20-D1 (0.00s)\n"}
{"Time":"2026-09-21T14:15:24.1655615-04:00","Action":"pass","Package":"github.com/qompack/qompack/test/guards","Test":"TestCarriedDefects_ManifestIsWellFormed/SP20-D1","Elapsed":0}
{"Time":"2026-09-21T14:15:24.1655615-04:00","Action":"run","Package":"github.com/qompack/qompack/test/guards","Test":"TestCarriedDefects_ManifestIsWellFormed/SP05-D2"}
{"Time":"2026-09-21T14:15:24.1655615-04:00","Action":"output","Package":"github.com/qompack/qompack/test/guards","Test":"TestCarriedDefects_ManifestIsWellFormed/SP05-D2","Output":"=== RUN   TestCarriedDefects_ManifestIsWellFormed/SP05-D2\n"}
{"Time":"2026-09-21T14:15:24.1662624-04:00","Action":"output","Package":"github.com/qompack/qompack/test/guards","Test":"TestCarriedDefects_ManifestIsWellFormed/SP05-D2","Output":"--- PASS: TestCarriedDefects_ManifestIsWellFormed/SP05-D2 (0.00s)\n"}
{"Time":"2026-09-21T14:15:24.1662624-04:00","Action":"pass","Package":"github.com/qompack/qompack/test/guards","Test":"TestCarriedDefects_ManifestIsWellFormed/SP05-D2","Elapsed":0}
{"Time":"2026-09-21T14:15:24.1662624-04:00","Action":"run","Package":"github.com/qompack/qompack/test/guards","Test":"TestCarriedDefects_ManifestIsWellFormed/SP08-D3"}
{"Time":"2026-09-21T14:15:24.1662624-04:00","Action":"output","Package":"github.com/qompack/qompack/test/guards","Test":"TestCarriedDefects_ManifestIsWellFormed/SP08-D3","Output":"=== RUN   TestCarriedDefects_ManifestIsWellFormed/SP08-D3\n"}
{"Time":"2026-09-21T14:15:24.1673363-04:00","Action":"output","Package":"github.com/qompack/qompack/test/guards","Test":"TestCarriedDefects_ManifestIsWellFormed/SP08-D3","Output":"--- PASS: TestCarriedDefects_ManifestIsWellFormed/SP08-D3 (0.00s)\n"}
{"Time":"2026-09-21T14:15:24.1673363-04:00","Action":"pass","Package":"github.com/qompack/qompack/test/guards","Test":"TestCarriedDefects_ManifestIsWellFormed/SP08-D3","Elapsed":0}
{"Time":"2026-09-21T14:15:24.1673363-04:00","Action":"run","Package":"github.com/qompack/qompack/test/guards","Test":"TestCarriedDefects_ManifestIsWellFormed/SP20-D4"}
{"Time":"2026-09-21T14:15:24.1673363-04:00","Action":"output","Package":"github.com/qompack/qompack/test/guards","Test":"TestCarriedDefects_ManifestIsWellFormed/SP20-D4","Output":"=== RUN   TestCarriedDefects_ManifestIsWellFormed/SP20-D4\n"}
{"Time":"2026-09-21T14:15:24.168474-04:00","Action":"output","Package":"github.com/qompack/qompack/test/guards","Test":"TestCarriedDefects_ManifestIsWellFormed/SP20-D4","Output":"--- PASS: TestCarriedDefects_ManifestIsWellFormed/SP20-D4 (0.00s)\n"}
{"Time":"2026-09-21T14:15:24.168474-04:00","Action":"pass","Package":"github.com/qompack/qompack/test/guards","Test":"TestCarriedDefects_ManifestIsWellFormed/SP20-D4","Elapsed":0}
{"Time":"2026-09-21T14:15:24.168474-04:00","Action":"run","Package":"github.com/qompack/qompack/test/guards","Test":"TestCarriedDefects_ManifestIsWellFormed/SP20-D5"}
{"Time":"2026-09-21T14:15:24.168474-04:00","Action":"output","Package":"github.com/qompack/qompack/test/guards","Test":"TestCarriedDefects_ManifestIsWellFormed/SP20-D5","Output":"=== RUN   TestCarriedDefects_ManifestIsWellFormed/SP20-D5\n"}
{"Time":"2026-09-21T14:15:24.1696212-04:00","Action":"output","Package":"github.com/qompack/qompack/test/guards","Test":"TestCarriedDefects_ManifestIsWellFormed/SP20-D5","Output":"--- PASS: TestCarriedDefects_ManifestIsWellFormed/SP20-D5 (0.00s)\n"}
{"Time":"2026-09-21T14:15:24.1696212-04:00","Action":"pass","Package":"github.com/qompack/qompack/test/guards","Test":"TestCarriedDefects_ManifestIsWellFormed/SP20-D5","Elapsed":0}
{"Time":"2026-09-21T14:15:24.1696212-04:00","Action":"run","Package":"github.com/qompack/qompack/test/guards","Test":"TestCarriedDefects_ManifestIsWellFormed/SP20-D6"}
{"Time":"2026-09-21T14:15:24.1696212-04:00","Action":"output","Package":"github.com/qompack/qompack/test/guards","Test":"TestCarriedDefects_ManifestIsWellFormed/SP20-D6","Output":"=== RUN   TestCarriedDefects_ManifestIsWellFormed/SP20-D6\n"}
{"Time":"2026-09-21T14:15:24.171275-04:00","Action":"output","Package":"github.com/qompack/qompack/test/guards","Test":"TestCarriedDefects_ManifestIsWellFormed/SP20-D6","Output":"--- PASS: TestCarriedDefects_ManifestIsWellFormed/SP20-D6 (0.00s)\n"}
{"Time":"2026-09-21T14:15:24.171275-04:00","Action":"pass","Package":"github.com/qompack/qompack/test/guards","Test":"TestCarriedDefects_ManifestIsWellFormed/SP20-D6","Elapsed":0}
{"Time":"2026-09-21T14:15:24.171275-04:00","Action":"output","Package":"github.com/qompack/qompack/test/guards","Test":"TestCarriedDefects_ManifestIsWellFormed","Output":"--- PASS: TestCarriedDefects_ManifestIsWellFormed (0.22s)\n"}
{"Time":"2026-09-21T14:15:24.171275-04:00","Action":"pass","Package":"github.com/qompack/qompack/test/guards","Test":"TestCarriedDefects_ManifestIsWellFormed","Elapsed":0.22}
{"Time":"2026-09-21T14:15:24.171275-04:00","Action":"cont","Package":"github.com/qompack/qompack/test/guards","Test":"TestGuard_CommandsAreFreeOfStdioAndWallClock"}
{"Time":"2026-09-21T14:15:24.171275-04:00","Action":"output","Package":"github.com/qompack/qompack/test/guards","Test":"TestGuard_CommandsAreFreeOfStdioAndWallClock","Output":"=== CONT  TestGuard_CommandsAreFreeOfStdioAndWallClock\n"}
{"Time":"2026-09-21T14:15:24.2457177-04:00","Action":"output","Package":"github.com/qompack/qompack/test/guards","Test":"TestGuard_CommandsAreFreeOfStdioAndWallClock","Output":"--- PASS: TestGuard_CommandsAreFreeOfStdioAndWallClock (0.07s)\n"}
{"Time":"2026-09-21T14:15:24.246239-04:00","Action":"pass","Package":"github.com/qompack/qompack/test/guards","Test":"TestGuard_CommandsAreFreeOfStdioAndWallClock","Elapsed":0.07}
{"Time":"2026-09-21T14:15:24.246239-04:00","Action":"cont","Package":"github.com/qompack/qompack/test/guards","Test":"TestColoadDeclarationIsPinnedToTheGoConstant"}
{"Time":"2026-09-21T14:15:24.246239-04:00","Action":"output","Package":"github.com/qompack/qompack/test/guards","Test":"TestColoadDeclarationIsPinnedToTheGoConstant","Output":"=== CONT  TestColoadDeclarationIsPinnedToTheGoConstant\n"}
{"Time":"2026-09-21T14:15:24.3059884-04:00","Action":"output","Package":"github.com/qompack/qompack/test/guards","Test":"TestColoadDeclarationIsPinnedToTheGoConstant","Output":"--- PASS: TestColoadDeclarationIsPinnedToTheGoConstant (0.06s)\n"}
{"Time":"2026-09-21T14:15:24.3065448-04:00","Action":"pass","Package":"github.com/qompack/qompack/test/guards","Test":"TestColoadDeclarationIsPinnedToTheGoConstant","Elapsed":0.06}
{"Time":"2026-09-21T14:15:24.3065448-04:00","Action":"cont","Package":"github.com/qompack/qompack/test/guards","Test":"TestColoadYieldersAreJudgedInIsolation"}
{"Time":"2026-09-21T14:15:24.3065448-04:00","Action":"output","Package":"github.com/qompack/qompack/test/guards","Test":"TestColoadYieldersAreJudgedInIsolation","Output":"=== CONT  TestColoadYieldersAreJudgedInIsolation\n"}
{"Time":"2026-09-21T14:15:25.0137073-04:00","Action":"output","Package":"github.com/qompack/qompack/test/guards","Test":"TestGuard_NoNetworkImports","Output":"--- PASS: TestGuard_NoNetworkImports (1.14s)\n"}
{"Time":"2026-09-21T14:15:25.0137073-04:00","Action":"pass","Package":"github.com/qompack/qompack/test/guards","Test":"TestGuard_NoNetworkImports","Elapsed":1.14}
{"Time":"2026-09-21T14:15:25.0137073-04:00","Action":"cont","Package":"github.com/qompack/qompack/test/guards","Test":"TestCarriedDefects_WaveReportRequiresResolution"}
{"Time":"2026-09-21T14:15:25.0137073-04:00","Action":"output","Package":"github.com/qompack/qompack/test/guards","Test":"TestCarriedDefects_WaveReportRequiresResolution","Output":"=== CONT  TestCarriedDefects_WaveReportRequiresResolution\n"}
{"Time":"2026-09-21T14:15:25.0837539-04:00","Action":"run","Package":"github.com/qompack/qompack/test/guards","Test":"TestCarriedDefects_WaveReportRequiresResolution/SP06-D2"}
{"Time":"2026-09-21T14:15:25.0842999-04:00","Action":"output","Package":"github.com/qompack/qompack/test/guards","Test":"TestCarriedDefects_WaveReportRequiresResolution/SP06-D2","Output":"=== RUN   TestCarriedDefects_WaveReportRequiresResolution/SP06-D2\n"}
{"Time":"2026-09-21T14:15:25.0842999-04:00","Action":"output","Package":"github.com/qompack/qompack/test/guards","Test":"TestCarriedDefects_WaveReportRequiresResolution/SP06-D2","Output":"    carrieddefects_test.go:293: \n"}
{"Time":"2026-09-21T14:15:25.0842999-04:00","Action":"output","Package":"github.com/qompack/qompack/test/guards","Test":"TestCarriedDefects_WaveReportRequiresResolution/SP06-D2","Output":"        \tError Trace:\tC:/Users/Quant/Documents/Programming/Projects/qompack-v6/test/guards/carrieddefects_test.go:293\n"}
{"Time":"2026-09-21T14:15:25.0848481-04:00","Action":"output","Package":"github.com/qompack/qompack/test/guards","Test":"TestCarriedDefects_WaveReportRequiresResolution/SP06-D2","Output":"        \tError:      \tcarried defect left unresolved at wave sign-off\n"}
{"Time":"2026-09-21T14:15:25.0848481-04:00","Action":"output","Package":"github.com/qompack/qompack/test/guards","Test":"TestCarriedDefects_WaveReportRequiresResolution/SP06-D2","Output":"        \tTest:       \tTestCarriedDefects_WaveReportRequiresResolution/SP06-D2\n"}
{"Time":"2026-09-21T14:15:25.0848481-04:00","Action":"output","Package":"github.com/qompack/qompack/test/guards","Test":"TestCarriedDefects_WaveReportRequiresResolution/SP06-D2","Output":"        \tMessages:   \tSP06-D2 is still `deferred:V6-VERIFY` in plans/CARRIED-DEFECTS.tsv, but plans/V6-report.md exists — V6-VERIFY has been signed off with a defect it was responsible for resolving.\n"}
{"Time":"2026-09-21T14:15:25.0848481-04:00","Action":"output","Package":"github.com/qompack/qompack/test/guards","Test":"TestCarriedDefects_WaveReportRequiresResolution/SP06-D2","Output":"        \t            \t\n"}
{"Time":"2026-09-21T14:15:25.0848481-04:00","Action":"output","Package":"github.com/qompack/qompack/test/guards","Test":"TestCarriedDefects_WaveReportRequiresResolution/SP06-D2","Output":"        \t            \t  the PutBytes cold and warm budgets (3 ms / 400 us) are 5.2x and 14.1x over on Windows at V5 (15.74 / 5.65 ms, cold allocations up 28 % since the wave-3 baseline) and have never been measured on the reference platform\n"}
{"Time":"2026-09-21T14:15:25.0848481-04:00","Action":"output","Package":"github.com/qompack/qompack/test/guards","Test":"TestCarriedDefects_WaveReportRequiresResolution/SP06-D2","Output":"        \t            \t\n"}
{"Time":"2026-09-21T14:15:25.0848481-04:00","Action":"output","Package":"github.com/qompack/qompack/test/guards","Test":"TestCarriedDefects_WaveReportRequiresResolution/SP06-D2","Output":"        \t            \tResolve it one of two ways: fix it and set the status to `fixed`, or set the status to `deferred:\u003ca later checkpoint\u003e` and add the reason to plans/V2-WAVE1-carried-defects.md. Both are fine; leaving it for this checkpoint is not.\n"}
{"Time":"2026-09-21T14:15:25.0848481-04:00","Action":"output","Package":"github.com/qompack/qompack/test/guards","Test":"TestCarriedDefects_WaveReportRequiresResolution/SP06-D2","Output":"--- FAIL: TestCarriedDefects_WaveReportRequiresResolution/SP06-D2 (0.00s)\n"}
{"Time":"2026-09-21T14:15:25.0848481-04:00","Action":"fail","Package":"github.com/qompack/qompack/test/guards","Test":"TestCarriedDefects_WaveReportRequiresResolution/SP06-D2","Elapsed":0}
{"Time":"2026-09-21T14:15:25.0848481-04:00","Action":"run","Package":"github.com/qompack/qompack/test/guards","Test":"TestCarriedDefects_WaveReportRequiresResolution/SP08-D1"}
{"Time":"2026-09-21T14:15:25.0848481-04:00","Action":"output","Package":"github.com/qompack/qompack/test/guards","Test":"TestCarriedDefects_WaveReportRequiresResolution/SP08-D1","Output":"=== RUN   TestCarriedDefects_WaveReportRequiresResolution/SP08-D1\n"}
{"Time":"2026-09-21T14:15:25.0848481-04:00","Action":"output","Package":"github.com/qompack/qompack/test/guards","Test":"TestCarriedDefects_WaveReportRequiresResolution/SP08-D1","Output":"    carrieddefects_test.go:293: \n"}
{"Time":"2026-09-21T14:15:25.0848481-04:00","Action":"output","Package":"github.com/qompack/qompack/test/guards","Test":"TestCarriedDefects_WaveReportRequiresResolution/SP08-D1","Output":"        \tError Trace:\tC:/Users/Quant/Documents/Programming/Projects/qompack-v6/test/guards/carrieddefects_test.go:293\n"}
{"Time":"2026-09-21T14:15:25.0848481-04:00","Action":"output","Package":"github.com/qompack/qompack/test/guards","Test":"TestCarriedDefects_WaveReportRequiresResolution/SP08-D1","Output":"        \tError:      \tcarried defect left unresolved at wave sign-off\n"}
{"Time":"2026-09-21T14:15:25.0848481-04:00","Action":"output","Package":"github.com/qompack/qompack/test/guards","Test":"TestCarriedDefects_WaveReportRequiresResolution/SP08-D1","Output":"        \tTest:       \tTestCarriedDefects_WaveReportRequiresResolution/SP08-D1\n"}
{"Time":"2026-09-21T14:15:25.0848481-04:00","Action":"output","Package":"github.com/qompack/qompack/test/guards","Test":"TestCarriedDefects_WaveReportRequiresResolution/SP08-D1","Output":"        \tMessages:   \tSP08-D1 is still `deferred:V6-VERIFY` in plans/CARRIED-DEFECTS.tsv, but plans/V6-report.md exists — V6-VERIFY has been signed off with a defect it was responsible for resolving.\n"}
{"Time":"2026-09-21T14:15:25.0848481-04:00","Action":"output","Package":"github.com/qompack/qompack/test/guards","Test":"TestCarriedDefects_WaveReportRequiresResolution/SP08-D1","Output":"        \t            \t\n"}
{"Time":"2026-09-21T14:15:25.0848481-04:00","Action":"output","Package":"github.com/qompack/qompack/test/guards","Test":"TestCarriedDefects_WaveReportRequiresResolution/SP08-D1","Output":"        \t            \t  OnToolUse over a 256 KB tool result breaches budget B-C (l0_process, p99 \u003c 50 ms): 53-115 ms on Qompack.md 8.1's own one-changed-line case and 262-655 ms when every chunk is novel, dominated by store.PutBytes's per-novel-chunk object-write path\n"}
{"Time":"2026-09-21T14:15:25.0848481-04:00","Action":"output","Package":"github.com/qompack/qompack/test/guards","Test":"TestCarriedDefects_WaveReportRequiresResolution/SP08-D1","Output":"        \t            \t\n"}
{"Time":"2026-09-21T14:15:25.0848481-04:00","Action":"output","Package":"github.com/qompack/qompack/test/guards","Test":"TestCarriedDefects_WaveReportRequiresResolution/SP08-D1","Output":"        \t            \tResolve it one of two ways: fix it and set the status to `fixed`, or set the status to `deferred:\u003ca later checkpoint\u003e` and add the reason to plans/V2-SP-08-carried-defects.md. Both are fine; leaving it for this checkpoint is not.\n"}
{"Time":"2026-09-21T14:15:25.0854111-04:00","Action":"output","Package":"github.com/qompack/qompack/test/guards","Test":"TestCarriedDefects_WaveReportRequiresResolution/SP08-D1","Output":"--- FAIL: TestCarriedDefects_WaveReportRequiresResolution/SP08-D1 (0.00s)\n"}
{"Time":"2026-09-21T14:15:25.0854111-04:00","Action":"fail","Package":"github.com/qompack/qompack/test/guards","Test":"TestCarriedDefects_WaveReportRequiresResolution/SP08-D1","Elapsed":0}
{"Time":"2026-09-21T14:15:25.0854111-04:00","Action":"run","Package":"github.com/qompack/qompack/test/guards","Test":"TestCarriedDefects_WaveReportRequiresResolution/SP10-D1"}
{"Time":"2026-09-21T14:15:25.0854111-04:00","Action":"output","Package":"github.com/qompack/qompack/test/guards","Test":"TestCarriedDefects_WaveReportRequiresResolution/SP10-D1","Output":"=== RUN   TestCarriedDefects_WaveReportRequiresResolution/SP10-D1\n"}
{"Time":"2026-09-21T14:15:25.0854111-04:00","Action":"output","Package":"github.com/qompack/qompack/test/guards","Test":"TestCarriedDefects_WaveReportRequiresResolution/SP10-D1","Output":"    carrieddefects_test.go:293: \n"}
{"Time":"2026-09-21T14:15:25.0854111-04:00","Action":"output","Package":"github.com/qompack/qompack/test/guards","Test":"TestCarriedDefects_WaveReportRequiresResolution/SP10-D1","Output":"        \tError Trace:\tC:/Users/Quant/Documents/Programming/Projects/qompack-v6/test/guards/carrieddefects_test.go:293\n"}
{"Time":"2026-09-21T14:15:25.0854111-04:00","Action":"output","Package":"github.com/qompack/qompack/test/guards","Test":"TestCarriedDefects_WaveReportRequiresResolution/SP10-D1","Output":"        \tError:      \tcarried defect left unresolved at wave sign-off\n"}
{"Time":"2026-09-21T14:15:25.0854111-04:00","Action":"output","Package":"github.com/qompack/qompack/test/guards","Test":"TestCarriedDefects_WaveReportRequiresResolution/SP10-D1","Output":"        \tTest:       \tTestCarriedDefects_WaveReportRequiresResolution/SP10-D1\n"}
{"Time":"2026-09-21T14:15:25.0854111-04:00","Action":"output","Package":"github.com/qompack/qompack/test/guards","Test":"TestCarriedDefects_WaveReportRequiresResolution/SP10-D1","Output":"        \tMessages:   \tSP10-D1 is still `deferred:V6-VERIFY` in plans/CARRIED-DEFECTS.tsv, but plans/V6-report.md exists — V6-VERIFY has been signed off with a defect it was responsible for resolving.\n"}
{"Time":"2026-09-21T14:15:25.0854111-04:00","Action":"output","Package":"github.com/qompack/qompack/test/guards","Test":"TestCarriedDefects_WaveReportRequiresResolution/SP10-D1","Output":"        \t            \t\n"}
{"Time":"2026-09-21T14:15:25.0854111-04:00","Action":"output","Package":"github.com/qompack/qompack/test/guards","Test":"TestCarriedDefects_WaveReportRequiresResolution/SP10-D1","Output":"        \t            \t  Finalize measures 42.8-43.8 ms/op at 170-208 % processor performance but 64-73 ms/op at 128 % and at base clock on Windows against exit criterion 1570's 50 ms after perf(checkpoint) 72f3226 removed the paths.Norm share (264-284 ms before), and the reference platform has never been measured\n"}
{"Time":"2026-09-21T14:15:25.0854111-04:00","Action":"output","Package":"github.com/qompack/qompack/test/guards","Test":"TestCarriedDefects_WaveReportRequiresResolution/SP10-D1","Output":"        \t            \t\n"}
{"Time":"2026-09-21T14:15:25.0854111-04:00","Action":"output","Package":"github.com/qompack/qompack/test/guards","Test":"TestCarriedDefects_WaveReportRequiresResolution/SP10-D1","Output":"        \t            \tResolve it one of two ways: fix it and set the status to `fixed`, or set the status to `deferred:\u003ca later checkpoint\u003e` and add the reason to plans/V2-SP-10-carried-defects.md. Both are fine; leaving it for this checkpoint is not.\n"}
{"Time":"2026-09-21T14:15:25.0854111-04:00","Action":"output","Package":"github.com/qompack/qompack/test/guards","Test":"TestCarriedDefects_WaveReportRequiresResolution/SP10-D1","Output":"--- FAIL: TestCarriedDefects_WaveReportRequiresResolution/SP10-D1 (0.00s)\n"}
{"Time":"2026-09-21T14:15:25.0854111-04:00","Action":"fail","Package":"github.com/qompack/qompack/test/guards","Test":"TestCarriedDefects_WaveReportRequiresResolution/SP10-D1","Elapsed":0}
{"Time":"2026-09-21T14:15:25.0854111-04:00","Action":"run","Package":"github.com/qompack/qompack/test/guards","Test":"TestCarriedDefects_WaveReportRequiresResolution/SP09-D1"}
{"Time":"2026-09-21T14:15:25.0854111-04:00","Action":"output","Package":"github.com/qompack/qompack/test/guards","Test":"TestCarriedDefects_WaveReportRequiresResolution/SP09-D1","Output":"=== RUN   TestCarriedDefects_WaveReportRequiresResolution/SP09-D1\n"}
{"Time":"2026-09-21T14:15:25.0859671-04:00","Action":"output","Package":"github.com/qompack/qompack/test/guards","Test":"TestCarriedDefects_WaveReportRequiresResolution/SP09-D1","Output":"    carrieddefects_test.go:293: \n"}
{"Time":"2026-09-21T14:15:25.0859671-04:00","Action":"output","Package":"github.com/qompack/qompack/test/guards","Test":"TestCarriedDefects_WaveReportRequiresResolution/SP09-D1","Output":"        \tError Trace:\tC:/Users/Quant/Documents/Programming/Projects/qompack-v6/test/guards/carrieddefects_test.go:293\n"}
{"Time":"2026-09-21T14:15:25.0859671-04:00","Action":"output","Package":"github.com/qompack/qompack/test/guards","Test":"TestCarriedDefects_WaveReportRequiresResolution/SP09-D1","Output":"        \tError:      \tcarried defect left unresolved at wave sign-off\n"}
{"Time":"2026-09-21T14:15:25.0859671-04:00","Action":"output","Package":"github.com/qompack/qompack/test/guards","Test":"TestCarriedDefects_WaveReportRequiresResolution/SP09-D1","Output":"        \tTest:       \tTestCarriedDefects_WaveReportRequiresResolution/SP09-D1\n"}
{"Time":"2026-09-21T14:15:25.0859671-04:00","Action":"output","Package":"github.com/qompack/qompack/test/guards","Test":"TestCarriedDefects_WaveReportRequiresResolution/SP09-D1","Output":"        \tMessages:   \tSP09-D1 is still `deferred:V6-VERIFY` in plans/CARRIED-DEFECTS.tsv, but plans/V6-report.md exists — V6-VERIFY has been signed off with a defect it was responsible for resolving.\n"}
{"Time":"2026-09-21T14:15:25.0859671-04:00","Action":"output","Package":"github.com/qompack/qompack/test/guards","Test":"TestCarriedDefects_WaveReportRequiresResolution/SP09-D1","Output":"        \t            \t\n"}
{"Time":"2026-09-21T14:15:25.0859671-04:00","Action":"output","Package":"github.com/qompack/qompack/test/guards","Test":"TestCarriedDefects_WaveReportRequiresResolution/SP09-D1","Output":"        \t            \t  negknow Open measures 258-273 ms CPU/op at 120 % processor performance but 586-633 ms at 55 % on Windows against its 300 ms budget, so the budget holds on this host only at turbo clocks, and the reference platform has never been measured\n"}
{"Time":"2026-09-21T14:15:25.0859671-04:00","Action":"output","Package":"github.com/qompack/qompack/test/guards","Test":"TestCarriedDefects_WaveReportRequiresResolution/SP09-D1","Output":"        \t            \t\n"}
{"Time":"2026-09-21T14:15:25.0859671-04:00","Action":"output","Package":"github.com/qompack/qompack/test/guards","Test":"TestCarriedDefects_WaveReportRequiresResolution/SP09-D1","Output":"        \t            \tResolve it one of two ways: fix it and set the status to `fixed`, or set the status to `deferred:\u003ca later checkpoint\u003e` and add the reason to plans/V2-WAVE1-carried-defects.md. Both are fine; leaving it for this checkpoint is not.\n"}
{"Time":"2026-09-21T14:15:25.0859671-04:00","Action":"output","Package":"github.com/qompack/qompack/test/guards","Test":"TestCarriedDefects_WaveReportRequiresResolution/SP09-D1","Output":"--- FAIL: TestCarriedDefects_WaveReportRequiresResolution/SP09-D1 (0.00s)\n"}
{"Time":"2026-09-21T14:15:25.0859671-04:00","Action":"fail","Package":"github.com/qompack/qompack/test/guards","Test":"TestCarriedDefects_WaveReportRequiresResolution/SP09-D1","Elapsed":0}
{"Time":"2026-09-21T14:15:25.0859671-04:00","Action":"run","Package":"github.com/qompack/qompack/test/guards","Test":"TestCarriedDefects_WaveReportRequiresResolution/SP20-D2"}
{"Time":"2026-09-21T14:15:25.0859671-04:00","Action":"output","Package":"github.com/qompack/qompack/test/guards","Test":"TestCarriedDefects_WaveReportRequiresResolution/SP20-D2","Output":"=== RUN   TestCarriedDefects_WaveReportRequiresResolution/SP20-D2\n"}
{"Time":"2026-09-21T14:15:25.0859671-04:00","Action":"output","Package":"github.com/qompack/qompack/test/guards","Test":"TestCarriedDefects_WaveReportRequiresResolution/SP20-D2","Output":"    carrieddefects_test.go:293: \n"}
{"Time":"2026-09-21T14:15:25.0859671-04:00","Action":"output","Package":"github.com/qompack/qompack/test/guards","Test":"TestCarriedDefects_WaveReportRequiresResolution/SP20-D2","Output":"        \tError Trace:\tC:/Users/Quant/Documents/Programming/Projects/qompack-v6/test/guards/carrieddefects_test.go:293\n"}
{"Time":"2026-09-21T14:15:25.0865818-04:00","Action":"output","Package":"github.com/qompack/qompack/test/guards","Test":"TestCarriedDefects_WaveReportRequiresResolution/SP20-D2","Output":"        \tError:      \tcarried defect left unresolved at wave sign-off\n"}
{"Time":"2026-09-21T14:15:25.0865818-04:00","Action":"output","Package":"github.com/qompack/qompack/test/guards","Test":"TestCarriedDefects_WaveReportRequiresResolution/SP20-D2","Output":"        \tTest:       \tTestCarriedDefects_WaveReportRequiresResolution/SP20-D2\n"}
{"Time":"2026-09-21T14:15:25.0865818-04:00","Action":"output","Package":"github.com/qompack/qompack/test/guards","Test":"TestCarriedDefects_WaveReportRequiresResolution/SP20-D2","Output":"        \tMessages:   \tSP20-D2 is still `deferred:V6-VERIFY` in plans/CARRIED-DEFECTS.tsv, but plans/V6-report.md exists — V6-VERIFY has been signed off with a defect it was responsible for resolving.\n"}
{"Time":"2026-09-21T14:15:25.0865818-04:00","Action":"output","Package":"github.com/qompack/qompack/test/guards","Test":"TestCarriedDefects_WaveReportRequiresResolution/SP20-D2","Output":"        \t            \t\n"}
{"Time":"2026-09-21T14:15:25.0865818-04:00","Action":"output","Package":"github.com/qompack/qompack/test/guards","Test":"TestCarriedDefects_WaveReportRequiresResolution/SP20-D2","Output":"        \t            \t  verify-on-read (16ecc77) adds an Lstat, an fstat and a content hash of the plaintext to every object read, so GetChunk measures 85-88 us/op (26 allocs) against the 60 us budget where the wave-3 baseline read 45 us (18 allocs), and Search_1000Roots, which reads every candidate chunk through the same path, 82 ms against 25 ms where the baseline read 45-52 ms; OpenSpan_4KB_of_4MB (19 -\u003e 27 allocs) stays inside its 150 us at turbo but reads 316-333 us at base clock\n"}
{"Time":"2026-09-21T14:15:25.0865818-04:00","Action":"output","Package":"github.com/qompack/qompack/test/guards","Test":"TestCarriedDefects_WaveReportRequiresResolution/SP20-D2","Output":"        \t            \t\n"}
{"Time":"2026-09-21T14:15:25.0865818-04:00","Action":"output","Package":"github.com/qompack/qompack/test/guards","Test":"TestCarriedDefects_WaveReportRequiresResolution/SP20-D2","Output":"        \t            \tResolve it one of two ways: fix it and set the status to `fixed`, or set the status to `deferred:\u003ca later checkpoint\u003e` and add the reason to plans/V2-WAVE1-carried-defects.md. Both are fine; leaving it for this checkpoint is not.\n"}
{"Time":"2026-09-21T14:15:25.0865818-04:00","Action":"output","Package":"github.com/qompack/qompack/test/guards","Test":"TestCarriedDefects_WaveReportRequiresResolution/SP20-D2","Output":"--- FAIL: TestCarriedDefects_WaveReportRequiresResolution/SP20-D2 (0.00s)\n"}
{"Time":"2026-09-21T14:15:25.0865818-04:00","Action":"fail","Package":"github.com/qompack/qompack/test/guards","Test":"TestCarriedDefects_WaveReportRequiresResolution/SP20-D2","Elapsed":0}
{"Time":"2026-09-21T14:15:25.0865818-04:00","Action":"run","Package":"github.com/qompack/qompack/test/guards","Test":"TestCarriedDefects_WaveReportRequiresResolution/SP08-D3"}
{"Time":"2026-09-21T14:15:25.0865818-04:00","Action":"output","Package":"github.com/qompack/qompack/test/guards","Test":"TestCarriedDefects_WaveReportRequiresResolution/SP08-D3","Output":"=== RUN   TestCarriedDefects_WaveReportRequiresResolution/SP08-D3\n"}
{"Time":"2026-09-21T14:15:25.0865818-04:00","Action":"output","Package":"github.com/qompack/qompack/test/guards","Test":"TestCarriedDefects_WaveReportRequiresResolution/SP08-D3","Output":"    carrieddefects_test.go:293: \n"}
{"Time":"2026-09-21T14:15:25.0865818-04:00","Action":"output","Package":"github.com/qompack/qompack/test/guards","Test":"TestCarriedDefects_WaveReportRequiresResolution/SP08-D3","Output":"        \tError Trace:\tC:/Users/Quant/Documents/Programming/Projects/qompack-v6/test/guards/carrieddefects_test.go:293\n"}
{"Time":"2026-09-21T14:15:25.0865818-04:00","Action":"output","Package":"github.com/qompack/qompack/test/guards","Test":"TestCarriedDefects_WaveReportRequiresResolution/SP08-D3","Output":"        \tError:      \tcarried defect left unresolved at wave sign-off\n"}
{"Time":"2026-09-21T14:15:25.0865818-04:00","Action":"output","Package":"github.com/qompack/qompack/test/guards","Test":"TestCarriedDefects_WaveReportRequiresResolution/SP08-D3","Output":"        \tTest:       \tTestCarriedDefects_WaveReportRequiresResolution/SP08-D3\n"}
{"Time":"2026-09-21T14:15:25.0865818-04:00","Action":"output","Package":"github.com/qompack/qompack/test/guards","Test":"TestCarriedDefects_WaveReportRequiresResolution/SP08-D3","Output":"        \tMessages:   \tSP08-D3 is still `deferred:V6-VERIFY` in plans/CARRIED-DEFECTS.tsv, but plans/V6-report.md exists — V6-VERIFY has been signed off with a defect it was responsible for resolving.\n"}
{"Time":"2026-09-21T14:15:25.0865818-04:00","Action":"output","Package":"github.com/qompack/qompack/test/guards","Test":"TestCarriedDefects_WaveReportRequiresResolution/SP08-D3","Output":"        \t            \t\n"}
{"Time":"2026-09-21T14:15:25.0865818-04:00","Action":"output","Package":"github.com/qompack/qompack/test/guards","Test":"TestCarriedDefects_WaveReportRequiresResolution/SP08-D3","Output":"        \t            \t  an observe.prompt that reaches the daemon only by WAL or spool replay is never verbatim-captured: runIngested's prompt arm runs only the sentinel scan, the delivery is acknowledged and its spool copy deleted, so a prompt the daemon did not capture live (cold start, idle-exit respawn, connect failure, HotSpool, a crash before the capture landed) is lost, and a lost turn 0 makes the rehydrator inject a later prompt as the verbatim original\n"}
{"Time":"2026-09-21T14:15:25.0865818-04:00","Action":"output","Package":"github.com/qompack/qompack/test/guards","Test":"TestCarriedDefects_WaveReportRequiresResolution/SP08-D3","Output":"        \t            \t\n"}
{"Time":"2026-09-21T14:15:25.0865818-04:00","Action":"output","Package":"github.com/qompack/qompack/test/guards","Test":"TestCarriedDefects_WaveReportRequiresResolution/SP08-D3","Output":"        \t            \tResolve it one of two ways: fix it and set the status to `fixed`, or set the status to `deferred:\u003ca later checkpoint\u003e` and add the reason to plans/V2-SP-08-carried-defects.md. Both are fine; leaving it for this checkpoint is not.\n"}
{"Time":"2026-09-21T14:15:25.0865818-04:00","Action":"output","Package":"github.com/qompack/qompack/test/guards","Test":"TestCarriedDefects_WaveReportRequiresResolution/SP08-D3","Output":"--- FAIL: TestCarriedDefects_WaveReportRequiresResolution/SP08-D3 (0.00s)\n"}
{"Time":"2026-09-21T14:15:25.0865818-04:00","Action":"fail","Package":"github.com/qompack/qompack/test/guards","Test":"TestCarriedDefects_WaveReportRequiresResolution/SP08-D3","Elapsed":0}
{"Time":"2026-09-21T14:15:25.0865818-04:00","Action":"run","Package":"github.com/qompack/qompack/test/guards","Test":"TestCarriedDefects_WaveReportRequiresResolution/SP20-D4"}
{"Time":"2026-09-21T14:15:25.0865818-04:00","Action":"output","Package":"github.com/qompack/qompack/test/guards","Test":"TestCarriedDefects_WaveReportRequiresResolution/SP20-D4","Output":"=== RUN   TestCarriedDefects_WaveReportRequiresResolution/SP20-D4\n"}
{"Time":"2026-09-21T14:15:25.0871349-04:00","Action":"output","Package":"github.com/qompack/qompack/test/guards","Test":"TestCarriedDefects_WaveReportRequiresResolution/SP20-D4","Output":"    carrieddefects_test.go:293: \n"}
{"Time":"2026-09-21T14:15:25.0871349-04:00","Action":"output","Package":"github.com/qompack/qompack/test/guards","Test":"TestCarriedDefects_WaveReportRequiresResolution/SP20-D4","Output":"        \tError Trace:\tC:/Users/Quant/Documents/Programming/Projects/qompack-v6/test/guards/carrieddefects_test.go:293\n"}
{"Time":"2026-09-21T14:15:25.0871349-04:00","Action":"output","Package":"github.com/qompack/qompack/test/guards","Test":"TestCarriedDefects_WaveReportRequiresResolution/SP20-D4","Output":"        \tError:      \tcarried defect left unresolved at wave sign-off\n"}
{"Time":"2026-09-21T14:15:25.0871349-04:00","Action":"output","Package":"github.com/qompack/qompack/test/guards","Test":"TestCarriedDefects_WaveReportRequiresResolution/SP20-D4","Output":"        \tTest:       \tTestCarriedDefects_WaveReportRequiresResolution/SP20-D4\n"}
{"Time":"2026-09-21T14:15:25.0871349-04:00","Action":"output","Package":"github.com/qompack/qompack/test/guards","Test":"TestCarriedDefects_WaveReportRequiresResolution/SP20-D4","Output":"        \tMessages:   \tSP20-D4 is still `deferred:V6-VERIFY` in plans/CARRIED-DEFECTS.tsv, but plans/V6-report.md exists — V6-VERIFY has been signed off with a defect it was responsible for resolving.\n"}
{"Time":"2026-09-21T14:15:25.0871349-04:00","Action":"output","Package":"github.com/qompack/qompack/test/guards","Test":"TestCarriedDefects_WaveReportRequiresResolution/SP20-D4","Output":"        \t            \t\n"}
{"Time":"2026-09-21T14:15:25.0871349-04:00","Action":"output","Package":"github.com/qompack/qompack/test/guards","Test":"TestCarriedDefects_WaveReportRequiresResolution/SP20-D4","Output":"        \t            \t  the delivery lease and acknowledgement journals cap at 65,536 entries and nothing retires either, so once a project has leased 65,536 deliveries every later delivery is refused a lease for good: it is still WAL-appended, ACKed and observed, but with no ObservationID, no capture sidecar and no committed frontier record, and a drain after a restart dispatches its copy a second time\n"}
{"Time":"2026-09-21T14:15:25.0871349-04:00","Action":"output","Package":"github.com/qompack/qompack/test/guards","Test":"TestCarriedDefects_WaveReportRequiresResolution/SP20-D4","Output":"        \t            \t\n"}
{"Time":"2026-09-21T14:15:25.0871349-04:00","Action":"output","Package":"github.com/qompack/qompack/test/guards","Test":"TestCarriedDefects_WaveReportRequiresResolution/SP20-D4","Output":"        \t            \tResolve it one of two ways: fix it and set the status to `fixed`, or set the status to `deferred:\u003ca later checkpoint\u003e` and add the reason to plans/V2-WAVE1-carried-defects.md. Both are fine; leaving it for this checkpoint is not.\n"}
{"Time":"2026-09-21T14:15:25.0871349-04:00","Action":"output","Package":"github.com/qompack/qompack/test/guards","Test":"TestCarriedDefects_WaveReportRequiresResolution/SP20-D4","Output":"--- FAIL: TestCarriedDefects_WaveReportRequiresResolution/SP20-D4 (0.00s)\n"}
{"Time":"2026-09-21T14:15:25.0871349-04:00","Action":"fail","Package":"github.com/qompack/qompack/test/guards","Test":"TestCarriedDefects_WaveReportRequiresResolution/SP20-D4","Elapsed":0}
{"Time":"2026-09-21T14:15:25.0871349-04:00","Action":"run","Package":"github.com/qompack/qompack/test/guards","Test":"TestCarriedDefects_WaveReportRequiresResolution/SP20-D6"}
{"Time":"2026-09-21T14:15:25.0871349-04:00","Action":"output","Package":"github.com/qompack/qompack/test/guards","Test":"TestCarriedDefects_WaveReportRequiresResolution/SP20-D6","Output":"=== RUN   TestCarriedDefects_WaveReportRequiresResolution/SP20-D6\n"}
{"Time":"2026-09-21T14:15:25.0871349-04:00","Action":"output","Package":"github.com/qompack/qompack/test/guards","Test":"TestCarriedDefects_WaveReportRequiresResolution/SP20-D6","Output":"    carrieddefects_test.go:293: \n"}
{"Time":"2026-09-21T14:15:25.0871349-04:00","Action":"output","Package":"github.com/qompack/qompack/test/guards","Test":"TestCarriedDefects_WaveReportRequiresResolution/SP20-D6","Output":"        \tError Trace:\tC:/Users/Quant/Documents/Programming/Projects/qompack-v6/test/guards/carrieddefects_test.go:293\n"}
{"Time":"2026-09-21T14:15:25.0871349-04:00","Action":"output","Package":"github.com/qompack/qompack/test/guards","Test":"TestCarriedDefects_WaveReportRequiresResolution/SP20-D6","Output":"        \tError:      \tcarried defect left unresolved at wave sign-off\n"}
{"Time":"2026-09-21T14:15:25.0871349-04:00","Action":"output","Package":"github.com/qompack/qompack/test/guards","Test":"TestCarriedDefects_WaveReportRequiresResolution/SP20-D6","Output":"        \tTest:       \tTestCarriedDefects_WaveReportRequiresResolution/SP20-D6\n"}
{"Time":"2026-09-21T14:15:25.0871349-04:00","Action":"output","Package":"github.com/qompack/qompack/test/guards","Test":"TestCarriedDefects_WaveReportRequiresResolution/SP20-D6","Output":"        \tMessages:   \tSP20-D6 is still `deferred:V6-VERIFY` in plans/CARRIED-DEFECTS.tsv, but plans/V6-report.md exists — V6-VERIFY has been signed off with a defect it was responsible for resolving.\n"}
{"Time":"2026-09-21T14:15:25.0871349-04:00","Action":"output","Package":"github.com/qompack/qompack/test/guards","Test":"TestCarriedDefects_WaveReportRequiresResolution/SP20-D6","Output":"        \t            \t\n"}
{"Time":"2026-09-21T14:15:25.0871349-04:00","Action":"output","Package":"github.com/qompack/qompack/test/guards","Test":"TestCarriedDefects_WaveReportRequiresResolution/SP20-D6","Output":"        \t            \t  budget B-A is defined as the hook client main() entry to exit INCLUDING the ACK wait, but the sample it gates on is recvTS - req.TS plus a flat 1 ms tail allowance, so the pre-ACK handler the hook blocks on contributes nothing to it: since SP20-D1 that region runs the durable ingest.Accept (measured B-B p99 36.864 ms on this Windows host), which the allowance under-counts by the whole B-B region while its own comment claims to over-count, the section 8.1 spool fallback therefore cannot fire on a B-A breach the hook actually pays, and HotPath.BudgetMs is a single 15 ms value with no per-platform switch\n"}
{"Time":"2026-09-21T14:15:25.0871349-04:00","Action":"output","Package":"github.com/qompack/qompack/test/guards","Test":"TestCarriedDefects_WaveReportRequiresResolution/SP20-D6","Output":"        \t            \t\n"}
{"Time":"2026-09-21T14:15:25.0871349-04:00","Action":"output","Package":"github.com/qompack/qompack/test/guards","Test":"TestCarriedDefects_WaveReportRequiresResolution/SP20-D6","Output":"        \t            \tResolve it one of two ways: fix it and set the status to `fixed`, or set the status to `deferred:\u003ca later checkpoint\u003e` and add the reason to plans/V2-WAVE1-carried-defects.md. Both are fine; leaving it for this checkpoint is not.\n"}
{"Time":"2026-09-21T14:15:25.0876837-04:00","Action":"output","Package":"github.com/qompack/qompack/test/guards","Test":"TestCarriedDefects_WaveReportRequiresResolution/SP20-D6","Output":"--- FAIL: TestCarriedDefects_WaveReportRequiresResolution/SP20-D6 (0.00s)\n"}
{"Time":"2026-09-21T14:15:25.0876837-04:00","Action":"fail","Package":"github.com/qompack/qompack/test/guards","Test":"TestCarriedDefects_WaveReportRequiresResolution/SP20-D6","Elapsed":0}
{"Time":"2026-09-21T14:15:25.0876837-04:00","Action":"output","Package":"github.com/qompack/qompack/test/guards","Test":"TestCarriedDefects_WaveReportRequiresResolution","Output":"--- FAIL: TestCarriedDefects_WaveReportRequiresResolution (0.07s)\n"}
{"Time":"2026-09-21T14:15:25.0876837-04:00","Action":"fail","Package":"github.com/qompack/qompack/test/guards","Test":"TestCarriedDefects_WaveReportRequiresResolution","Elapsed":0.07}
{"Time":"2026-09-21T14:15:25.0876837-04:00","Action":"cont","Package":"github.com/qompack/qompack/test/guards","Test":"TestCarriedDefects_OpenRowsHaveLivingEvidence"}
{"Time":"2026-09-21T14:15:25.0876837-04:00","Action":"output","Package":"github.com/qompack/qompack/test/guards","Test":"TestCarriedDefects_OpenRowsHaveLivingEvidence","Output":"=== CONT  TestCarriedDefects_OpenRowsHaveLivingEvidence\n"}
{"Time":"2026-09-21T14:15:25.1627543-04:00","Action":"run","Package":"github.com/qompack/qompack/test/guards","Test":"TestCarriedDefects_OpenRowsHaveLivingEvidence/SP08-D1"}
{"Time":"2026-09-21T14:15:25.1627543-04:00","Action":"output","Package":"github.com/qompack/qompack/test/guards","Test":"TestCarriedDefects_OpenRowsHaveLivingEvidence/SP08-D1","Output":"=== RUN   TestCarriedDefects_OpenRowsHaveLivingEvidence/SP08-D1\n"}
{"Time":"2026-09-21T14:15:35.8531263-04:00","Action":"output","Package":"github.com/qompack/qompack/test/guards","Test":"TestColoadYieldersAreJudgedInIsolation","Output":"    coload_test.go:149: 13 yielders found from source: [./internal/daemon:TestFeaturesFrom_LexicalCohesionShingleCap ./internal/mcp:TestBudgetBF ./internal/negknow:TestBudget_DetectorScan ./internal/negknow:TestBudget_Open ./internal/negknow:TestBudget_QueryHit ./internal/negknow:TestBudget_QueryMiss ./internal/negknow:TestBudget_RebuildBloom ./internal/negknow:TestBudget_Record ./internal/negknow:TestBudget_RefreshStaleness ./internal/store:TestGC_DeadlineOvershootIsBoundedByTheCheckInterval ./internal/store:TestGC_DeadlineTruncatesAndResumes ./test/e2e:TestV3_HotPathUnchangedWithLedgerResident ./test/integration:TestIntegration_HotPathWarmWithRealResidentState]\n"}
{"Time":"2026-09-21T14:15:35.8548641-04:00","Action":"output","Package":"github.com/qompack/qompack/test/guards","Test":"TestColoadYieldersAreJudgedInIsolation","Output":"    coload_test.go:209: ./test/e2e:TestV3_HotPathUnchangedWithLedgerResident is judged by `test-e2e`, which runs ./test/e2e whole\n"}
{"Time":"2026-09-21T14:15:35.8548641-04:00","Action":"output","Package":"github.com/qompack/qompack/test/guards","Test":"TestColoadYieldersAreJudgedInIsolation","Output":"    coload_test.go:248: every yielder is judged in isolation: 12 by name in `timing`, the rest by `test-e2e`\n"}
{"Time":"2026-09-21T14:15:35.8548641-04:00","Action":"output","Package":"github.com/qompack/qompack/test/guards","Test":"TestColoadYieldersAreJudgedInIsolation","Output":"--- PASS: TestColoadYieldersAreJudgedInIsolation (11.55s)\n"}
{"Time":"2026-09-21T14:15:35.8548641-04:00","Action":"pass","Package":"github.com/qompack/qompack/test/guards","Test":"TestColoadYieldersAreJudgedInIsolation","Elapsed":11.55}
{"Time":"2026-09-21T14:15:35.8548641-04:00","Action":"cont","Package":"github.com/qompack/qompack/test/guards","Test":"TestGuard_SubmodularDefaultsOff"}
{"Time":"2026-09-21T14:15:35.8548641-04:00","Action":"output","Package":"github.com/qompack/qompack/test/guards","Test":"TestGuard_SubmodularDefaultsOff","Output":"=== CONT  TestGuard_SubmodularDefaultsOff\n"}
{"Time":"2026-09-21T14:15:35.8548641-04:00","Action":"output","Package":"github.com/qompack/qompack/test/guards","Test":"TestGuard_SubmodularDefaultsOff","Output":"--- PASS: TestGuard_SubmodularDefaultsOff (0.00s)\n"}
{"Time":"2026-09-21T14:15:35.8548641-04:00","Action":"pass","Package":"github.com/qompack/qompack/test/guards","Test":"TestGuard_SubmodularDefaultsOff","Elapsed":0}
{"Time":"2026-09-21T14:15:35.8548641-04:00","Action":"cont","Package":"github.com/qompack/qompack/test/guards","Test":"TestGuard_CacheOrderingScannerSeesAMention"}
{"Time":"2026-09-21T14:15:35.8548641-04:00","Action":"output","Package":"github.com/qompack/qompack/test/guards","Test":"TestGuard_CacheOrderingScannerSeesAMention","Output":"=== CONT  TestGuard_CacheOrderingScannerSeesAMention\n"}
{"Time":"2026-09-21T14:15:35.9130629-04:00","Action":"output","Package":"github.com/qompack/qompack/test/guards","Test":"TestGuard_CacheOrderingScannerSeesAMention","Output":"--- PASS: TestGuard_CacheOrderingScannerSeesAMention (0.06s)\n"}
{"Time":"2026-09-21T14:15:35.9130629-04:00","Action":"pass","Package":"github.com/qompack/qompack/test/guards","Test":"TestGuard_CacheOrderingScannerSeesAMention","Elapsed":0.06}
{"Time":"2026-09-21T14:15:35.9130629-04:00","Action":"cont","Package":"github.com/qompack/qompack/test/guards","Test":"TestGuard_CacheOrderingIdentifiersStayInsideEval"}
{"Time":"2026-09-21T14:15:35.9130629-04:00","Action":"output","Package":"github.com/qompack/qompack/test/guards","Test":"TestGuard_CacheOrderingIdentifiersStayInsideEval","Output":"=== CONT  TestGuard_CacheOrderingIdentifiersStayInsideEval\n"}
{"Time":"2026-09-21T14:15:36.3994391-04:00","Action":"output","Package":"github.com/qompack/qompack/test/guards","Test":"TestGuard_CacheOrderingIdentifiersStayInsideEval","Output":"--- PASS: TestGuard_CacheOrderingIdentifiersStayInsideEval (0.49s)\n"}
{"Time":"2026-09-21T14:15:36.3999806-04:00","Action":"pass","Package":"github.com/qompack/qompack/test/guards","Test":"TestGuard_CacheOrderingIdentifiersStayInsideEval","Elapsed":0.49}
{"Time":"2026-09-21T14:15:36.3999806-04:00","Action":"cont","Package":"github.com/qompack/qompack/test/guards","Test":"TestGuard_O1FlagDefaults"}
{"Time":"2026-09-21T14:15:36.3999806-04:00","Action":"output","Package":"github.com/qompack/qompack/test/guards","Test":"TestGuard_O1FlagDefaults","Output":"=== CONT  TestGuard_O1FlagDefaults\n"}
{"Time":"2026-09-21T14:15:36.3999806-04:00","Action":"output","Package":"github.com/qompack/qompack/test/guards","Test":"TestGuard_O1FlagDefaults","Output":"--- PASS: TestGuard_O1FlagDefaults (0.00s)\n"}
{"Time":"2026-09-21T14:15:36.3999806-04:00","Action":"pass","Package":"github.com/qompack/qompack/test/guards","Test":"TestGuard_O1FlagDefaults","Elapsed":0}
{"Time":"2026-09-21T14:15:36.3999806-04:00","Action":"cont","Package":"github.com/qompack/qompack/test/guards","Test":"TestGuard_SelectorRefusesWithoutPSelection"}
{"Time":"2026-09-21T14:15:36.3999806-04:00","Action":"output","Package":"github.com/qompack/qompack/test/guards","Test":"TestGuard_SelectorRefusesWithoutPSelection","Output":"=== CONT  TestGuard_SelectorRefusesWithoutPSelection\n"}
{"Time":"2026-09-21T14:15:36.3999806-04:00","Action":"output","Package":"github.com/qompack/qompack/test/guards","Test":"TestGuard_SelectorRefusesWithoutPSelection","Output":"--- PASS: TestGuard_SelectorRefusesWithoutPSelection (0.00s)\n"}
{"Time":"2026-09-21T14:15:36.3999806-04:00","Action":"pass","Package":"github.com/qompack/qompack/test/guards","Test":"TestGuard_SelectorRefusesWithoutPSelection","Elapsed":0}
{"Time":"2026-09-21T14:15:36.3999806-04:00","Action":"cont","Package":"github.com/qompack/qompack/test/guards","Test":"TestNightlyFuzzMatrix/canon_FuzzCanonicalize"}
{"Time":"2026-09-21T14:15:36.3999806-04:00","Action":"output","Package":"github.com/qompack/qompack/test/guards","Test":"TestNightlyFuzzMatrix/canon_FuzzCanonicalize","Output":"=== CONT  TestNightlyFuzzMatrix/canon_FuzzCanonicalize\n"}
{"Time":"2026-09-21T14:15:44.6592517-04:00","Action":"output","Package":"github.com/qompack/qompack/test/guards","Test":"TestNightlyFuzzMatrix/canon_FuzzCanonicalize","Output":"    nightlyfuzz_test.go:132: live: ./internal/canon declares FuzzCanonicalize; the nightly leg fuzzes it for real\n"}
{"Time":"2026-09-21T14:15:44.6592517-04:00","Action":"output","Package":"github.com/qompack/qompack/test/guards","Test":"TestNightlyFuzzMatrix/canon_FuzzCanonicalize","Output":"--- PASS: TestNightlyFuzzMatrix/canon_FuzzCanonicalize (8.26s)\n"}
{"Time":"2026-09-21T14:15:44.6592517-04:00","Action":"pass","Package":"github.com/qompack/qompack/test/guards","Test":"TestNightlyFuzzMatrix/canon_FuzzCanonicalize","Elapsed":8.26}
{"Time":"2026-09-21T14:15:44.6592517-04:00","Action":"cont","Package":"github.com/qompack/qompack/test/guards","Test":"TestNightlyFuzzMatrix/hookio_FuzzReadEvent"}
{"Time":"2026-09-21T14:15:44.6592517-04:00","Action":"output","Package":"github.com/qompack/qompack/test/guards","Test":"TestNightlyFuzzMatrix/hookio_FuzzReadEvent","Output":"=== CONT  TestNightlyFuzzMatrix/hookio_FuzzReadEvent\n"}
{"Time":"2026-09-21T14:15:47.1818764-04:00","Action":"output","Package":"github.com/qompack/qompack/test/guards","Test":"TestNightlyFuzzMatrix/hookio_FuzzReadEvent","Output":"    nightlyfuzz_test.go:132: live: ./internal/hookio declares FuzzReadEvent; the nightly leg fuzzes it for real\n"}
{"Time":"2026-09-21T14:15:47.1818764-04:00","Action":"output","Package":"github.com/qompack/qompack/test/guards","Test":"TestNightlyFuzzMatrix/hookio_FuzzReadEvent","Output":"--- PASS: TestNightlyFuzzMatrix/hookio_FuzzReadEvent (2.52s)\n"}
{"Time":"2026-09-21T14:15:47.182385-04:00","Action":"pass","Package":"github.com/qompack/qompack/test/guards","Test":"TestNightlyFuzzMatrix/hookio_FuzzReadEvent","Elapsed":2.52}
{"Time":"2026-09-21T14:15:47.182385-04:00","Action":"cont","Package":"github.com/qompack/qompack/test/guards","Test":"TestNightlyFuzzMatrix/symbols_FuzzExtract"}
{"Time":"2026-09-21T14:15:47.182385-04:00","Action":"output","Package":"github.com/qompack/qompack/test/guards","Test":"TestNightlyFuzzMatrix/symbols_FuzzExtract","Output":"=== CONT  TestNightlyFuzzMatrix/symbols_FuzzExtract\n"}
{"Time":"2026-09-21T14:15:50.6236686-04:00","Action":"output","Package":"github.com/qompack/qompack/test/guards","Test":"TestNightlyFuzzMatrix/symbols_FuzzExtract","Output":"    nightlyfuzz_test.go:132: live: ./internal/symbols declares FuzzExtract; the nightly leg fuzzes it for real\n"}
{"Time":"2026-09-21T14:15:50.6236686-04:00","Action":"output","Package":"github.com/qompack/qompack/test/guards","Test":"TestNightlyFuzzMatrix/symbols_FuzzExtract","Output":"--- PASS: TestNightlyFuzzMatrix/symbols_FuzzExtract (3.44s)\n"}
{"Time":"2026-09-21T14:15:50.6236686-04:00","Action":"pass","Package":"github.com/qompack/qompack/test/guards","Test":"TestNightlyFuzzMatrix/symbols_FuzzExtract","Elapsed":3.44}
{"Time":"2026-09-21T14:15:50.6236686-04:00","Action":"cont","Package":"github.com/qompack/qompack/test/guards","Test":"TestNightlyFuzzMatrix/sketch_FuzzSignatureUnmarshalBinary"}
{"Time":"2026-09-21T14:15:50.6236686-04:00","Action":"output","Package":"github.com/qompack/qompack/test/guards","Test":"TestNightlyFuzzMatrix/sketch_FuzzSignatureUnmarshalBinary","Output":"=== CONT  TestNightlyFuzzMatrix/sketch_FuzzSignatureUnmarshalBinary\n"}
{"Time":"2026-09-21T14:16:00.1883468-04:00","Action":"output","Package":"github.com/qompack/qompack/test/guards","Test":"TestNightlyFuzzMatrix/sketch_FuzzSignatureUnmarshalBinary","Output":"    nightlyfuzz_test.go:132: live: ./internal/sketch declares FuzzSignatureUnmarshalBinary; the nightly leg fuzzes it for real\n"}
{"Time":"2026-09-21T14:16:00.1883468-04:00","Action":"output","Package":"github.com/qompack/qompack/test/guards","Test":"TestNightlyFuzzMatrix/sketch_FuzzSignatureUnmarshalBinary","Output":"--- PASS: TestNightlyFuzzMatrix/sketch_FuzzSignatureUnmarshalBinary (9.56s)\n"}
{"Time":"2026-09-21T14:16:00.1890115-04:00","Action":"pass","Package":"github.com/qompack/qompack/test/guards","Test":"TestNightlyFuzzMatrix/sketch_FuzzSignatureUnmarshalBinary","Elapsed":9.56}
{"Time":"2026-09-21T14:16:00.1890115-04:00","Action":"cont","Package":"github.com/qompack/qompack/test/guards","Test":"TestNightlyFuzzMatrix/sketch_FuzzMisraGriesUnmarshalBinary"}
{"Time":"2026-09-21T14:16:00.1890115-04:00","Action":"output","Package":"github.com/qompack/qompack/test/guards","Test":"TestNightlyFuzzMatrix/sketch_FuzzMisraGriesUnmarshalBinary","Output":"=== CONT  TestNightlyFuzzMatrix/sketch_FuzzMisraGriesUnmarshalBinary\n"}
{"Time":"2026-09-21T14:16:04.0606627-04:00","Action":"output","Package":"github.com/qompack/qompack/test/guards","Test":"TestNightlyFuzzMatrix/sketch_FuzzMisraGriesUnmarshalBinary","Output":"    nightlyfuzz_test.go:132: live: ./internal/sketch declares FuzzMisraGriesUnmarshalBinary; the nightly leg fuzzes it for real\n"}
{"Time":"2026-09-21T14:16:04.0612086-04:00","Action":"output","Package":"github.com/qompack/qompack/test/guards","Test":"TestNightlyFuzzMatrix/sketch_FuzzMisraGriesUnmarshalBinary","Output":"--- PASS: TestNightlyFuzzMatrix/sketch_FuzzMisraGriesUnmarshalBinary (3.87s)\n"}
{"Time":"2026-09-21T14:16:04.0612086-04:00","Action":"pass","Package":"github.com/qompack/qompack/test/guards","Test":"TestNightlyFuzzMatrix/sketch_FuzzMisraGriesUnmarshalBinary","Elapsed":3.87}
{"Time":"2026-09-21T14:16:04.0612086-04:00","Action":"cont","Package":"github.com/qompack/qompack/test/guards","Test":"TestNightlyFuzzMatrix/sketch_FuzzHLLUnmarshalBinary"}
{"Time":"2026-09-21T14:16:04.0612086-04:00","Action":"output","Package":"github.com/qompack/qompack/test/guards","Test":"TestNightlyFuzzMatrix/sketch_FuzzHLLUnmarshalBinary","Output":"=== CONT  TestNightlyFuzzMatrix/sketch_FuzzHLLUnmarshalBinary\n"}
{"Time":"2026-09-21T14:16:07.6724366-04:00","Action":"output","Package":"github.com/qompack/qompack/test/guards","Test":"TestNightlyFuzzMatrix/sketch_FuzzHLLUnmarshalBinary","Output":"    nightlyfuzz_test.go:132: live: ./internal/sketch declares FuzzHLLUnmarshalBinary; the nightly leg fuzzes it for real\n"}
{"Time":"2026-09-21T14:16:07.6724366-04:00","Action":"output","Package":"github.com/qompack/qompack/test/guards","Test":"TestNightlyFuzzMatrix/sketch_FuzzHLLUnmarshalBinary","Output":"--- PASS: TestNightlyFuzzMatrix/sketch_FuzzHLLUnmarshalBinary (3.61s)\n"}
{"Time":"2026-09-21T14:16:07.6724366-04:00","Action":"pass","Package":"github.com/qompack/qompack/test/guards","Test":"TestNightlyFuzzMatrix/sketch_FuzzHLLUnmarshalBinary","Elapsed":3.61}
{"Time":"2026-09-21T14:16:07.6724366-04:00","Action":"cont","Package":"github.com/qompack/qompack/test/guards","Test":"TestNightlyFuzzMatrix/sketch_FuzzCMSUnmarshalBinary"}
{"Time":"2026-09-21T14:16:07.6724366-04:00","Action":"output","Package":"github.com/qompack/qompack/test/guards","Test":"TestNightlyFuzzMatrix/sketch_FuzzCMSUnmarshalBinary","Output":"=== CONT  TestNightlyFuzzMatrix/sketch_FuzzCMSUnmarshalBinary\n"}
{"Time":"2026-09-21T14:16:11.4325148-04:00","Action":"output","Package":"github.com/qompack/qompack/test/guards","Test":"TestNightlyFuzzMatrix/sketch_FuzzCMSUnmarshalBinary","Output":"    nightlyfuzz_test.go:132: live: ./internal/sketch declares FuzzCMSUnmarshalBinary; the nightly leg fuzzes it for real\n"}
{"Time":"2026-09-21T14:16:11.4325148-04:00","Action":"output","Package":"github.com/qompack/qompack/test/guards","Test":"TestNightlyFuzzMatrix/sketch_FuzzCMSUnmarshalBinary","Output":"--- PASS: TestNightlyFuzzMatrix/sketch_FuzzCMSUnmarshalBinary (3.76s)\n"}
{"Time":"2026-09-21T14:16:11.4325148-04:00","Action":"pass","Package":"github.com/qompack/qompack/test/guards","Test":"TestNightlyFuzzMatrix/sketch_FuzzCMSUnmarshalBinary","Elapsed":3.76}
{"Time":"2026-09-21T14:16:11.4325148-04:00","Action":"cont","Package":"github.com/qompack/qompack/test/guards","Test":"TestNightlyFuzzMatrix/sketch_FuzzBloomUnmarshalBinary"}
{"Time":"2026-09-21T14:16:11.4325148-04:00","Action":"output","Package":"github.com/qompack/qompack/test/guards","Test":"TestNightlyFuzzMatrix/sketch_FuzzBloomUnmarshalBinary","Output":"=== CONT  TestNightlyFuzzMatrix/sketch_FuzzBloomUnmarshalBinary\n"}
{"Time":"2026-09-21T14:16:15.0454557-04:00","Action":"output","Package":"github.com/qompack/qompack/test/guards","Test":"TestNightlyFuzzMatrix/sketch_FuzzBloomUnmarshalBinary","Output":"    nightlyfuzz_test.go:132: live: ./internal/sketch declares FuzzBloomUnmarshalBinary; the nightly leg fuzzes it for real\n"}
{"Time":"2026-09-21T14:16:15.0454557-04:00","Action":"output","Package":"github.com/qompack/qompack/test/guards","Test":"TestNightlyFuzzMatrix/sketch_FuzzBloomUnmarshalBinary","Output":"--- PASS: TestNightlyFuzzMatrix/sketch_FuzzBloomUnmarshalBinary (3.61s)\n"}
{"Time":"2026-09-21T14:16:15.0462566-04:00","Action":"pass","Package":"github.com/qompack/qompack/test/guards","Test":"TestNightlyFuzzMatrix/sketch_FuzzBloomUnmarshalBinary","Elapsed":3.61}
{"Time":"2026-09-21T14:16:15.0462566-04:00","Action":"cont","Package":"github.com/qompack/qompack/test/guards","Test":"TestNightlyFuzzMatrix/redact_FuzzRedactPrefilterEquivalence"}
{"Time":"2026-09-21T14:16:15.0462566-04:00","Action":"output","Package":"github.com/qompack/qompack/test/guards","Test":"TestNightlyFuzzMatrix/redact_FuzzRedactPrefilterEquivalence","Output":"=== CONT  TestNightlyFuzzMatrix/redact_FuzzRedactPrefilterEquivalence\n"}
{"Time":"2026-09-21T14:16:23.3502843-04:00","Action":"output","Package":"github.com/qompack/qompack/test/guards","Test":"TestNightlyFuzzMatrix/redact_FuzzRedactPrefilterEquivalence","Output":"    nightlyfuzz_test.go:132: live: ./internal/redact declares FuzzRedactPrefilterEquivalence; the nightly leg fuzzes it for real\n"}
{"Time":"2026-09-21T14:16:23.3508273-04:00","Action":"output","Package":"github.com/qompack/qompack/test/guards","Test":"TestNightlyFuzzMatrix/redact_FuzzRedactPrefilterEquivalence","Output":"--- PASS: TestNightlyFuzzMatrix/redact_FuzzRedactPrefilterEquivalence (8.30s)\n"}
{"Time":"2026-09-21T14:16:23.3508273-04:00","Action":"pass","Package":"github.com/qompack/qompack/test/guards","Test":"TestNightlyFuzzMatrix/redact_FuzzRedactPrefilterEquivalence","Elapsed":8.3}
{"Time":"2026-09-21T14:16:23.3508273-04:00","Action":"cont","Package":"github.com/qompack/qompack/test/guards","Test":"TestNightlyFuzzMatrix/redact_FuzzRedactIdempotent"}
{"Time":"2026-09-21T14:16:23.3508273-04:00","Action":"output","Package":"github.com/qompack/qompack/test/guards","Test":"TestNightlyFuzzMatrix/redact_FuzzRedactIdempotent","Output":"=== CONT  TestNightlyFuzzMatrix/redact_FuzzRedactIdempotent\n"}
{"Time":"2026-09-21T14:16:26.7208188-04:00","Action":"output","Package":"github.com/qompack/qompack/test/guards","Test":"TestNightlyFuzzMatrix/redact_FuzzRedactIdempotent","Output":"    nightlyfuzz_test.go:132: live: ./internal/redact declares FuzzRedactIdempotent; the nightly leg fuzzes it for real\n"}
{"Time":"2026-09-21T14:16:26.7208188-04:00","Action":"output","Package":"github.com/qompack/qompack/test/guards","Test":"TestNightlyFuzzMatrix/redact_FuzzRedactIdempotent","Output":"--- PASS: TestNightlyFuzzMatrix/redact_FuzzRedactIdempotent (3.37s)\n"}
{"Time":"2026-09-21T14:16:26.7208188-04:00","Action":"pass","Package":"github.com/qompack/qompack/test/guards","Test":"TestNightlyFuzzMatrix/redact_FuzzRedactIdempotent","Elapsed":3.37}
{"Time":"2026-09-21T14:16:26.7208188-04:00","Action":"cont","Package":"github.com/qompack/qompack/test/guards","Test":"TestNightlyFuzzMatrix/observer_FuzzExtractSignals"}
{"Time":"2026-09-21T14:16:26.7208188-04:00","Action":"output","Package":"github.com/qompack/qompack/test/guards","Test":"TestNightlyFuzzMatrix/observer_FuzzExtractSignals","Output":"=== CONT  TestNightlyFuzzMatrix/observer_FuzzExtractSignals\n"}
{"Time":"2026-09-21T14:16:28.256289-04:00","Action":"output","Package":"github.com/qompack/qompack/test/guards","Test":"TestNightlyFuzzMatrix/observer_FuzzExtractSignals","Output":"    nightlyfuzz_test.go:132: live: ./internal/observer declares FuzzExtractSignals; the nightly leg fuzzes it for real\n"}
{"Time":"2026-09-21T14:16:28.256289-04:00","Action":"output","Package":"github.com/qompack/qompack/test/guards","Test":"TestNightlyFuzzMatrix/observer_FuzzExtractSignals","Output":"--- PASS: TestNightlyFuzzMatrix/observer_FuzzExtractSignals (1.54s)\n"}
{"Time":"2026-09-21T14:16:28.256289-04:00","Action":"pass","Package":"github.com/qompack/qompack/test/guards","Test":"TestNightlyFuzzMatrix/observer_FuzzExtractSignals","Elapsed":1.54}
{"Time":"2026-09-21T14:16:28.2568384-04:00","Action":"cont","Package":"github.com/qompack/qompack/test/guards","Test":"TestNightlyFuzzMatrix/mcp_FuzzServeLine"}
{"Time":"2026-09-21T14:16:28.2568384-04:00","Action":"output","Package":"github.com/qompack/qompack/test/guards","Test":"TestNightlyFuzzMatrix/mcp_FuzzServeLine","Output":"=== CONT  TestNightlyFuzzMatrix/mcp_FuzzServeLine\n"}
{"Time":"2026-09-21T14:16:29.8932789-04:00","Action":"output","Package":"github.com/qompack/qompack/test/guards","Test":"TestNightlyFuzzMatrix/mcp_FuzzServeLine","Output":"    nightlyfuzz_test.go:132: live: ./internal/mcp declares FuzzServeLine; the nightly leg fuzzes it for real\n"}
{"Time":"2026-09-21T14:16:29.8947854-04:00","Action":"output","Package":"github.com/qompack/qompack/test/guards","Test":"TestNightlyFuzzMatrix/mcp_FuzzServeLine","Output":"--- PASS: TestNightlyFuzzMatrix/mcp_FuzzServeLine (1.64s)\n"}
{"Time":"2026-09-21T14:16:29.8947854-04:00","Action":"pass","Package":"github.com/qompack/qompack/test/guards","Test":"TestNightlyFuzzMatrix/mcp_FuzzServeLine","Elapsed":1.64}
{"Time":"2026-09-21T14:16:29.8947854-04:00","Action":"cont","Package":"github.com/qompack/qompack/test/guards","Test":"TestNightlyFuzzMatrix/ipc_FuzzDecodeRequest"}
{"Time":"2026-09-21T14:16:29.8947854-04:00","Action":"output","Package":"github.com/qompack/qompack/test/guards","Test":"TestNightlyFuzzMatrix/ipc_FuzzDecodeRequest","Output":"=== CONT  TestNightlyFuzzMatrix/ipc_FuzzDecodeRequest\n"}
{"Time":"2026-09-21T14:16:33.3598724-04:00","Action":"output","Package":"github.com/qompack/qompack/test/guards","Test":"TestNightlyFuzzMatrix/ipc_FuzzDecodeRequest","Output":"    nightlyfuzz_test.go:132: live: ./internal/ipc declares FuzzDecodeRequest; the nightly leg fuzzes it for real\n"}
{"Time":"2026-09-21T14:16:33.3598724-04:00","Action":"output","Package":"github.com/qompack/qompack/test/guards","Test":"TestNightlyFuzzMatrix/ipc_FuzzDecodeRequest","Output":"--- PASS: TestNightlyFuzzMatrix/ipc_FuzzDecodeRequest (3.47s)\n"}
{"Time":"2026-09-21T14:16:33.3598724-04:00","Action":"pass","Package":"github.com/qompack/qompack/test/guards","Test":"TestNightlyFuzzMatrix/ipc_FuzzDecodeRequest","Elapsed":3.47}
{"Time":"2026-09-21T14:16:33.3598724-04:00","Action":"cont","Package":"github.com/qompack/qompack/test/guards","Test":"TestNightlyFuzzMatrix/checkpoint_FuzzStripInjections"}
{"Time":"2026-09-21T14:16:33.3598724-04:00","Action":"output","Package":"github.com/qompack/qompack/test/guards","Test":"TestNightlyFuzzMatrix/checkpoint_FuzzStripInjections","Output":"=== CONT  TestNightlyFuzzMatrix/checkpoint_FuzzStripInjections\n"}
{"Time":"2026-09-21T14:16:35.0346207-04:00","Action":"output","Package":"github.com/qompack/qompack/test/guards","Test":"TestNightlyFuzzMatrix/checkpoint_FuzzStripInjections","Output":"    nightlyfuzz_test.go:132: live: ./internal/checkpoint declares FuzzStripInjections; the nightly leg fuzzes it for real\n"}
{"Time":"2026-09-21T14:16:35.0346207-04:00","Action":"output","Package":"github.com/qompack/qompack/test/guards","Test":"TestNightlyFuzzMatrix/checkpoint_FuzzStripInjections","Output":"--- PASS: TestNightlyFuzzMatrix/checkpoint_FuzzStripInjections (1.67s)\n"}
{"Time":"2026-09-21T14:16:35.0346207-04:00","Action":"pass","Package":"github.com/qompack/qompack/test/guards","Test":"TestNightlyFuzzMatrix/checkpoint_FuzzStripInjections","Elapsed":1.67}
{"Time":"2026-09-21T14:16:35.0346207-04:00","Action":"cont","Package":"github.com/qompack/qompack/test/guards","Test":"TestNightlyFuzzMatrix/eval_FuzzRedact"}
{"Time":"2026-09-21T14:16:35.0346207-04:00","Action":"output","Package":"github.com/qompack/qompack/test/guards","Test":"TestNightlyFuzzMatrix/eval_FuzzRedact","Output":"=== CONT  TestNightlyFuzzMatrix/eval_FuzzRedact\n"}
{"Time":"2026-09-21T14:16:38.6455554-04:00","Action":"output","Package":"github.com/qompack/qompack/test/guards","Test":"TestNightlyFuzzMatrix/eval_FuzzRedact","Output":"    nightlyfuzz_test.go:132: live: ./internal/eval declares FuzzRedact; the nightly leg fuzzes it for real\n"}
{"Time":"2026-09-21T14:16:38.6465171-04:00","Action":"output","Package":"github.com/qompack/qompack/test/guards","Test":"TestNightlyFuzzMatrix/eval_FuzzRedact","Output":"--- PASS: TestNightlyFuzzMatrix/eval_FuzzRedact (3.61s)\n"}
{"Time":"2026-09-21T14:16:38.6465171-04:00","Action":"pass","Package":"github.com/qompack/qompack/test/guards","Test":"TestNightlyFuzzMatrix/eval_FuzzRedact","Elapsed":3.61}
{"Time":"2026-09-21T14:16:38.6465171-04:00","Action":"cont","Package":"github.com/qompack/qompack/test/guards","Test":"TestNightlyFuzzMatrix/daemon_FuzzDeliverySealSelect"}
{"Time":"2026-09-21T14:16:38.6465171-04:00","Action":"output","Package":"github.com/qompack/qompack/test/guards","Test":"TestNightlyFuzzMatrix/daemon_FuzzDeliverySealSelect","Output":"=== CONT  TestNightlyFuzzMatrix/daemon_FuzzDeliverySealSelect\n"}
{"Time":"2026-09-21T14:16:40.4682755-04:00","Action":"output","Package":"github.com/qompack/qompack/test/guards","Test":"TestNightlyFuzzMatrix/daemon_FuzzDeliverySealSelect","Output":"    nightlyfuzz_test.go:132: live: ./internal/daemon declares FuzzDeliverySealSelect; the nightly leg fuzzes it for real\n"}
{"Time":"2026-09-21T14:16:40.4682755-04:00","Action":"output","Package":"github.com/qompack/qompack/test/guards","Test":"TestNightlyFuzzMatrix/daemon_FuzzDeliverySealSelect","Output":"--- PASS: TestNightlyFuzzMatrix/daemon_FuzzDeliverySealSelect (1.82s)\n"}
{"Time":"2026-09-21T14:16:40.4682755-04:00","Action":"pass","Package":"github.com/qompack/qompack/test/guards","Test":"TestNightlyFuzzMatrix/daemon_FuzzDeliverySealSelect","Elapsed":1.82}
{"Time":"2026-09-21T14:16:40.4682755-04:00","Action":"cont","Package":"github.com/qompack/qompack/test/guards","Test":"TestNightlyFuzzMatrix/config_FuzzConfigLoad"}
{"Time":"2026-09-21T14:16:40.4682755-04:00","Action":"output","Package":"github.com/qompack/qompack/test/guards","Test":"TestNightlyFuzzMatrix/config_FuzzConfigLoad","Output":"=== CONT  TestNightlyFuzzMatrix/config_FuzzConfigLoad\n"}
{"Time":"2026-09-21T14:16:43.5541466-04:00","Action":"output","Package":"github.com/qompack/qompack/test/guards","Test":"TestNightlyFuzzMatrix/config_FuzzConfigLoad","Output":"    nightlyfuzz_test.go:132: live: ./internal/config declares FuzzConfigLoad; the nightly leg fuzzes it for real\n"}
{"Time":"2026-09-21T14:16:43.5546969-04:00","Action":"output","Package":"github.com/qompack/qompack/test/guards","Test":"TestNightlyFuzzMatrix/config_FuzzConfigLoad","Output":"--- PASS: TestNightlyFuzzMatrix/config_FuzzConfigLoad (3.09s)\n"}
{"Time":"2026-09-21T14:16:43.5546969-04:00","Action":"pass","Package":"github.com/qompack/qompack/test/guards","Test":"TestNightlyFuzzMatrix/config_FuzzConfigLoad","Elapsed":3.09}
{"Time":"2026-09-21T14:16:43.5546969-04:00","Action":"cont","Package":"github.com/qompack/qompack/test/guards","Test":"TestNightlyFuzzMatrix/chunk_FuzzSplitStream"}
{"Time":"2026-09-21T14:16:43.5546969-04:00","Action":"output","Package":"github.com/qompack/qompack/test/guards","Test":"TestNightlyFuzzMatrix/chunk_FuzzSplitStream","Output":"=== CONT  TestNightlyFuzzMatrix/chunk_FuzzSplitStream\n"}
{"Time":"2026-09-21T14:16:47.7511564-04:00","Action":"output","Package":"github.com/qompack/qompack/test/guards","Test":"TestNightlyFuzzMatrix/chunk_FuzzSplitStream","Output":"    nightlyfuzz_test.go:132: live: ./internal/chunk declares FuzzSplitStream; the nightly leg fuzzes it for real\n"}
{"Time":"2026-09-21T14:16:47.7511564-04:00","Action":"output","Package":"github.com/qompack/qompack/test/guards","Test":"TestNightlyFuzzMatrix/chunk_FuzzSplitStream","Output":"--- PASS: TestNightlyFuzzMatrix/chunk_FuzzSplitStream (4.20s)\n"}
{"Time":"2026-09-21T14:16:47.7511564-04:00","Action":"pass","Package":"github.com/qompack/qompack/test/guards","Test":"TestNightlyFuzzMatrix/chunk_FuzzSplitStream","Elapsed":4.2}
{"Time":"2026-09-21T14:16:47.7511564-04:00","Action":"cont","Package":"github.com/qompack/qompack/test/guards","Test":"TestNightlyFuzzMatrix/chunk_FuzzSplit"}
{"Time":"2026-09-21T14:16:47.7511564-04:00","Action":"output","Package":"github.com/qompack/qompack/test/guards","Test":"TestNightlyFuzzMatrix/chunk_FuzzSplit","Output":"=== CONT  TestNightlyFuzzMatrix/chunk_FuzzSplit\n"}
{"Time":"2026-09-21T14:16:51.746143-04:00","Action":"output","Package":"github.com/qompack/qompack/test/guards","Test":"TestNightlyFuzzMatrix/chunk_FuzzSplit","Output":"    nightlyfuzz_test.go:132: live: ./internal/chunk declares FuzzSplit; the nightly leg fuzzes it for real\n"}
{"Time":"2026-09-21T14:16:51.746143-04:00","Action":"output","Package":"github.com/qompack/qompack/test/guards","Test":"TestNightlyFuzzMatrix/chunk_FuzzSplit","Output":"--- PASS: TestNightlyFuzzMatrix/chunk_FuzzSplit (3.99s)\n"}
{"Time":"2026-09-21T14:16:51.746143-04:00","Action":"pass","Package":"github.com/qompack/qompack/test/guards","Test":"TestNightlyFuzzMatrix/chunk_FuzzSplit","Elapsed":3.99}
{"Time":"2026-09-21T14:16:51.746143-04:00","Action":"cont","Package":"github.com/qompack/qompack/test/guards","Test":"TestNightlyFuzzMatrix/canon_FuzzRestore"}
{"Time":"2026-09-21T14:16:51.746143-04:00","Action":"output","Package":"github.com/qompack/qompack/test/guards","Test":"TestNightlyFuzzMatrix/canon_FuzzRestore","Output":"=== CONT  TestNightlyFuzzMatrix/canon_FuzzRestore\n"}
{"Time":"2026-09-21T14:16:55.4747861-04:00","Action":"output","Package":"github.com/qompack/qompack/test/guards","Test":"TestNightlyFuzzMatrix/canon_FuzzRestore","Output":"    nightlyfuzz_test.go:132: live: ./internal/canon declares FuzzRestore; the nightly leg fuzzes it for real\n"}
{"Time":"2026-09-21T14:16:55.4747861-04:00","Action":"output","Package":"github.com/qompack/qompack/test/guards","Test":"TestNightlyFuzzMatrix/canon_FuzzRestore","Output":"--- PASS: TestNightlyFuzzMatrix/canon_FuzzRestore (3.73s)\n"}
{"Time":"2026-09-21T14:16:55.4747861-04:00","Action":"pass","Package":"github.com/qompack/qompack/test/guards","Test":"TestNightlyFuzzMatrix/canon_FuzzRestore","Elapsed":3.73}
{"Time":"2026-09-21T14:16:55.4747861-04:00","Action":"cont","Package":"github.com/qompack/qompack/test/guards","Test":"TestNightlyFuzzMatrix/checkpoint_FuzzParseGitIndex"}
{"Time":"2026-09-21T14:16:55.4747861-04:00","Action":"output","Package":"github.com/qompack/qompack/test/guards","Test":"TestNightlyFuzzMatrix/checkpoint_FuzzParseGitIndex","Output":"=== CONT  TestNightlyFuzzMatrix/checkpoint_FuzzParseGitIndex\n"}
{"Time":"2026-09-21T14:16:57.734681-04:00","Action":"output","Package":"github.com/qompack/qompack/test/guards","Test":"TestNightlyFuzzMatrix/checkpoint_FuzzParseGitIndex","Output":"    nightlyfuzz_test.go:132: live: ./internal/checkpoint declares FuzzParseGitIndex; the nightly leg fuzzes it for real\n"}
{"Time":"2026-09-21T14:16:57.7353606-04:00","Action":"output","Package":"github.com/qompack/qompack/test/guards","Test":"TestNightlyFuzzMatrix/checkpoint_FuzzParseGitIndex","Output":"--- PASS: TestNightlyFuzzMatrix/checkpoint_FuzzParseGitIndex (2.26s)\n"}
{"Time":"2026-09-21T14:16:57.7353606-04:00","Action":"pass","Package":"github.com/qompack/qompack/test/guards","Test":"TestNightlyFuzzMatrix/checkpoint_FuzzParseGitIndex","Elapsed":2.26}
{"Time":"2026-09-21T14:16:57.7353606-04:00","Action":"cont","Package":"github.com/qompack/qompack/test/guards","Test":"TestNightlyFuzzMatrix/canon_FuzzTrailingWSAgreesWithReference"}
{"Time":"2026-09-21T14:16:57.7353606-04:00","Action":"output","Package":"github.com/qompack/qompack/test/guards","Test":"TestNightlyFuzzMatrix/canon_FuzzTrailingWSAgreesWithReference","Output":"=== CONT  TestNightlyFuzzMatrix/canon_FuzzTrailingWSAgreesWithReference\n"}
{"Time":"2026-09-21T14:17:02.4529361-04:00","Action":"output","Package":"github.com/qompack/qompack/test/guards","Test":"TestNightlyFuzzMatrix/canon_FuzzTrailingWSAgreesWithReference","Output":"    nightlyfuzz_test.go:132: live: ./internal/canon declares FuzzTrailingWSAgreesWithReference; the nightly leg fuzzes it for real\n"}
{"Time":"2026-09-21T14:17:02.4539557-04:00","Action":"cont","Package":"github.com/qompack/qompack/test/guards","Test":"TestNightlyFuzzMatrix/canon_FuzzPrefilterAgreesWithFullScan"}
{"Time":"2026-09-21T14:17:02.4539557-04:00","Action":"output","Package":"github.com/qompack/qompack/test/guards","Test":"TestNightlyFuzzMatrix/canon_FuzzPrefilterAgreesWithFullScan","Output":"=== CONT  TestNightlyFuzzMatrix/canon_FuzzPrefilterAgreesWithFullScan\n"}
{"Time":"2026-09-21T14:17:02.4544767-04:00","Action":"output","Package":"github.com/qompack/qompack/test/guards","Test":"TestNightlyFuzzMatrix/canon_FuzzTrailingWSAgreesWithReference","Output":"--- PASS: TestNightlyFuzzMatrix/canon_FuzzTrailingWSAgreesWithReference (4.72s)\n"}
{"Time":"2026-09-21T14:17:06.3506848-04:00","Action":"pass","Package":"github.com/qompack/qompack/test/guards","Test":"TestNightlyFuzzMatrix/canon_FuzzTrailingWSAgreesWithReference","Elapsed":4.72}
{"Time":"2026-09-21T14:17:06.3506848-04:00","Action":"output","Package":"github.com/qompack/qompack/test/guards","Test":"TestNightlyFuzzMatrix/canon_FuzzPrefilterAgreesWithFullScan","Output":"    nightlyfuzz_test.go:132: live: ./internal/canon declares FuzzPrefilterAgreesWithFullScan; the nightly leg fuzzes it for real\n"}
{"Time":"2026-09-21T14:17:06.3506848-04:00","Action":"output","Package":"github.com/qompack/qompack/test/guards","Test":"TestNightlyFuzzMatrix/canon_FuzzPrefilterAgreesWithFullScan","Output":"--- PASS: TestNightlyFuzzMatrix/canon_FuzzPrefilterAgreesWithFullScan (3.90s)\n"}
{"Time":"2026-09-21T14:17:06.3506848-04:00","Action":"pass","Package":"github.com/qompack/qompack/test/guards","Test":"TestNightlyFuzzMatrix/canon_FuzzPrefilterAgreesWithFullScan","Elapsed":3.9}
{"Time":"2026-09-21T14:17:06.3506848-04:00","Action":"cont","Package":"github.com/qompack/qompack/test/guards","Test":"TestNightlyFuzzMatrix/canon_FuzzNumericMatchesAgreeWithReference"}
{"Time":"2026-09-21T14:17:06.3506848-04:00","Action":"output","Package":"github.com/qompack/qompack/test/guards","Test":"TestNightlyFuzzMatrix/canon_FuzzNumericMatchesAgreeWithReference","Output":"=== CONT  TestNightlyFuzzMatrix/canon_FuzzNumericMatchesAgreeWithReference\n"}
{"Time":"2026-09-21T14:17:10.4238244-04:00","Action":"output","Package":"github.com/qompack/qompack/test/guards","Test":"TestNightlyFuzzMatrix/canon_FuzzNumericMatchesAgreeWithReference","Output":"    nightlyfuzz_test.go:132: live: ./internal/canon declares FuzzNumericMatchesAgreeWithReference; the nightly leg fuzzes it for real\n"}
{"Time":"2026-09-21T14:17:10.424182-04:00","Action":"output","Package":"github.com/qompack/qompack/test/guards","Test":"TestNightlyFuzzMatrix/canon_FuzzNumericMatchesAgreeWithReference","Output":"--- PASS: TestNightlyFuzzMatrix/canon_FuzzNumericMatchesAgreeWithReference (4.07s)\n"}
{"Time":"2026-09-21T14:17:10.424182-04:00","Action":"pass","Package":"github.com/qompack/qompack/test/guards","Test":"TestNightlyFuzzMatrix/canon_FuzzNumericMatchesAgreeWithReference","Elapsed":4.07}
{"Time":"2026-09-21T14:17:10.424182-04:00","Action":"output","Package":"github.com/qompack/qompack/test/guards","Test":"TestNightlyFuzzMatrix","Output":"--- PASS: TestNightlyFuzzMatrix (0.08s)\n"}
{"Time":"2026-09-21T14:17:21.9531001-04:00","Action":"pass","Package":"github.com/qompack/qompack/test/guards","Test":"TestNightlyFuzzMatrix","Elapsed":0.08}
{"Time":"2026-09-21T14:17:21.9531001-04:00","Action":"output","Package":"github.com/qompack/qompack/test/guards","Test":"TestCarriedDefects_OpenRowsHaveLivingEvidence/SP08-D1","Output":"--- PASS: TestCarriedDefects_OpenRowsHaveLivingEvidence/SP08-D1 (116.79s)\n"}
{"Time":"2026-09-21T14:17:21.9536723-04:00","Action":"pass","Package":"github.com/qompack/qompack/test/guards","Test":"TestCarriedDefects_OpenRowsHaveLivingEvidence/SP08-D1","Elapsed":116.79}
{"Time":"2026-09-21T14:17:21.9536723-04:00","Action":"run","Package":"github.com/qompack/qompack/test/guards","Test":"TestCarriedDefects_OpenRowsHaveLivingEvidence/SP10-D1"}
{"Time":"2026-09-21T14:17:21.9536723-04:00","Action":"output","Package":"github.com/qompack/qompack/test/guards","Test":"TestCarriedDefects_OpenRowsHaveLivingEvidence/SP10-D1","Output":"=== RUN   TestCarriedDefects_OpenRowsHaveLivingEvidence/SP10-D1\n"}
{"Time":"2026-09-21T14:18:42.6644381-04:00","Action":"output","Package":"github.com/qompack/qompack/test/guards","Test":"TestCarriedDefects_OpenRowsHaveLivingEvidence/SP10-D1","Output":"--- PASS: TestCarriedDefects_OpenRowsHaveLivingEvidence/SP10-D1 (80.71s)\n"}
{"Time":"2026-09-21T14:18:42.6644381-04:00","Action":"pass","Package":"github.com/qompack/qompack/test/guards","Test":"TestCarriedDefects_OpenRowsHaveLivingEvidence/SP10-D1","Elapsed":80.71}
{"Time":"2026-09-21T14:18:42.6644381-04:00","Action":"run","Package":"github.com/qompack/qompack/test/guards","Test":"TestCarriedDefects_OpenRowsHaveLivingEvidence/SP09-D1"}
{"Time":"2026-09-21T14:18:42.6644381-04:00","Action":"output","Package":"github.com/qompack/qompack/test/guards","Test":"TestCarriedDefects_OpenRowsHaveLivingEvidence/SP09-D1","Output":"=== RUN   TestCarriedDefects_OpenRowsHaveLivingEvidence/SP09-D1\n"}
{"Time":"2026-09-21T14:20:15.4198168-04:00","Action":"output","Package":"github.com/qompack/qompack/test/guards","Test":"TestCarriedDefects_OpenRowsHaveLivingEvidence/SP09-D1","Output":"--- PASS: TestCarriedDefects_OpenRowsHaveLivingEvidence/SP09-D1 (92.76s)\n"}
{"Time":"2026-09-21T14:20:15.4198168-04:00","Action":"pass","Package":"github.com/qompack/qompack/test/guards","Test":"TestCarriedDefects_OpenRowsHaveLivingEvidence/SP09-D1","Elapsed":92.76}
{"Time":"2026-09-21T14:20:15.4198168-04:00","Action":"run","Package":"github.com/qompack/qompack/test/guards","Test":"TestCarriedDefects_OpenRowsHaveLivingEvidence/SP20-D2"}
{"Time":"2026-09-21T14:20:15.4198168-04:00","Action":"output","Package":"github.com/qompack/qompack/test/guards","Test":"TestCarriedDefects_OpenRowsHaveLivingEvidence/SP20-D2","Output":"=== RUN   TestCarriedDefects_OpenRowsHaveLivingEvidence/SP20-D2\n"}
{"Time":"2026-09-21T14:21:31.9518965-04:00","Action":"output","Package":"github.com/qompack/qompack/test/guards","Test":"TestCarriedDefects_OpenRowsHaveLivingEvidence/SP20-D2","Output":"--- PASS: TestCarriedDefects_OpenRowsHaveLivingEvidence/SP20-D2 (76.53s)\n"}
{"Time":"2026-09-21T14:21:31.952409-04:00","Action":"pass","Package":"github.com/qompack/qompack/test/guards","Test":"TestCarriedDefects_OpenRowsHaveLivingEvidence/SP20-D2","Elapsed":76.53}
{"Time":"2026-09-21T14:21:31.952409-04:00","Action":"run","Package":"github.com/qompack/qompack/test/guards","Test":"TestCarriedDefects_OpenRowsHaveLivingEvidence/SP08-D3"}
{"Time":"2026-09-21T14:21:31.952409-04:00","Action":"output","Package":"github.com/qompack/qompack/test/guards","Test":"TestCarriedDefects_OpenRowsHaveLivingEvidence/SP08-D3","Output":"=== RUN   TestCarriedDefects_OpenRowsHaveLivingEvidence/SP08-D3\n"}
{"Time":"2026-09-21T14:22:49.0926486-04:00","Action":"output","Package":"github.com/qompack/qompack/test/guards","Test":"TestCarriedDefects_OpenRowsHaveLivingEvidence/SP08-D3","Output":"--- PASS: TestCarriedDefects_OpenRowsHaveLivingEvidence/SP08-D3 (77.14s)\n"}
{"Time":"2026-09-21T14:22:49.0926486-04:00","Action":"pass","Package":"github.com/qompack/qompack/test/guards","Test":"TestCarriedDefects_OpenRowsHaveLivingEvidence/SP08-D3","Elapsed":77.14}
{"Time":"2026-09-21T14:22:49.0926486-04:00","Action":"run","Package":"github.com/qompack/qompack/test/guards","Test":"TestCarriedDefects_OpenRowsHaveLivingEvidence/SP20-D4"}
{"Time":"2026-09-21T14:22:49.0926486-04:00","Action":"output","Package":"github.com/qompack/qompack/test/guards","Test":"TestCarriedDefects_OpenRowsHaveLivingEvidence/SP20-D4","Output":"=== RUN   TestCarriedDefects_OpenRowsHaveLivingEvidence/SP20-D4\n"}
{"Time":"2026-09-21T14:24:37.3527196-04:00","Action":"output","Package":"github.com/qompack/qompack/test/guards","Test":"TestCarriedDefects_OpenRowsHaveLivingEvidence/SP20-D4","Output":"    carrieddefects_test.go:248: listing the module's tests failed, so this guard cannot say whether TestCarriedDefect_SP20D4_LeaseJournalRefusesEveryDeliveryPastItsEntryCap exists.\n"}
{"Time":"2026-09-21T14:24:37.3532284-04:00","Action":"output","Package":"github.com/qompack/qompack/test/guards","Test":"TestCarriedDefects_OpenRowsHaveLivingEvidence/SP20-D4","Output":"        \n"}
{"Time":"2026-09-21T14:24:37.3532284-04:00","Action":"output","Package":"github.com/qompack/qompack/test/guards","Test":"TestCarriedDefects_OpenRowsHaveLivingEvidence/SP20-D4","Output":"          cd C:\\Users\\Quant\\Documents\\Programming\\Projects\\qompack-v6 \u0026\u0026 go test -run '^$' -list '^TestCarriedDefect_SP20D4_LeaseJournalRefusesEveryDeliveryPastItsEntryCap$' ./...\n"}
{"Time":"2026-09-21T14:24:37.3532284-04:00","Action":"output","Package":"github.com/qompack/qompack/test/guards","Test":"TestCarriedDefects_OpenRowsHaveLivingEvidence/SP20-D4","Output":"          exit status 1\n"}
{"Time":"2026-09-21T14:24:37.3532284-04:00","Action":"output","Package":"github.com/qompack/qompack/test/guards","Test":"TestCarriedDefects_OpenRowsHaveLivingEvidence/SP20-D4","Output":"        \n"}
{"Time":"2026-09-21T14:24:37.3532284-04:00","Action":"output","Package":"github.com/qompack/qompack/test/guards","Test":"TestCarriedDefects_OpenRowsHaveLivingEvidence/SP20-D4","Output":"        stderr:\n"}
{"Time":"2026-09-21T14:24:37.3532284-04:00","Action":"output","Package":"github.com/qompack/qompack/test/guards","Test":"TestCarriedDefects_OpenRowsHaveLivingEvidence/SP20-D4","Output":"        # github.com/qompack/qompack/internal/daemon [github.com/qompack/qompack/internal/negknow.test]\n"}
{"Time":"2026-09-21T14:24:37.3532284-04:00","Action":"output","Package":"github.com/qompack/qompack/test/guards","Test":"TestCarriedDefects_OpenRowsHaveLivingEvidence/SP20-D4","Output":"        internal\\daemon\\drain.go:511:24: undefined: n\n"}
{"Time":"2026-09-21T14:24:37.3532284-04:00","Action":"output","Package":"github.com/qompack/qompack/test/guards","Test":"TestCarriedDefects_OpenRowsHaveLivingEvidence/SP20-D4","Output":"        # github.com/qompack/qompack/internal/daemon [github.com/qompack/qompack/internal/redact.test]\n"}
{"Time":"2026-09-21T14:24:37.3532284-04:00","Action":"output","Package":"github.com/qompack/qompack/test/guards","Test":"TestCarriedDefects_OpenRowsHaveLivingEvidence/SP20-D4","Output":"        internal\\daemon\\drain.go:511:24: undefined: n\n"}
{"Time":"2026-09-21T14:24:37.3532284-04:00","Action":"output","Package":"github.com/qompack/qompack/test/guards","Test":"TestCarriedDefects_OpenRowsHaveLivingEvidence/SP20-D4","Output":"        # github.com/qompack/qompack/internal/daemon [github.com/qompack/qompack/internal/sketch.test]\n"}
{"Time":"2026-09-21T14:24:37.3532284-04:00","Action":"output","Package":"github.com/qompack/qompack/test/guards","Test":"TestCarriedDefects_OpenRowsHaveLivingEvidence/SP20-D4","Output":"        internal\\daemon\\drain.go:511:24: undefined: n\n"}
{"Time":"2026-09-21T14:24:37.3532284-04:00","Action":"output","Package":"github.com/qompack/qompack/test/guards","Test":"TestCarriedDefects_OpenRowsHaveLivingEvidence/SP20-D4","Output":"        # github.com/qompack/qompack/internal/daemon [github.com/qompack/qompack/internal/store.test]\n"}
{"Time":"2026-09-21T14:24:37.3532284-04:00","Action":"output","Package":"github.com/qompack/qompack/test/guards","Test":"TestCarriedDefects_OpenRowsHaveLivingEvidence/SP20-D4","Output":"        internal\\daemon\\drain.go:511:24: undefined: n\n"}
{"Time":"2026-09-21T14:24:37.3532284-04:00","Action":"output","Package":"github.com/qompack/qompack/test/guards","Test":"TestCarriedDefects_OpenRowsHaveLivingEvidence/SP20-D4","Output":"        \n"}
{"Time":"2026-09-21T14:24:37.3532284-04:00","Action":"output","Package":"github.com/qompack/qompack/test/guards","Test":"TestCarriedDefects_OpenRowsHaveLivingEvidence/SP20-D4","Output":"        stdout:\n"}
{"Time":"2026-09-21T14:24:37.3532284-04:00","Action":"output","Package":"github.com/qompack/qompack/test/guards","Test":"TestCarriedDefects_OpenRowsHaveLivingEvidence/SP20-D4","Output":"        ?   \tgithub.com/qompack/qompack/cmd/qompack\t[no test files]\n"}
{"Time":"2026-09-21T14:24:37.3532284-04:00","Action":"output","Package":"github.com/qompack/qompack/test/guards","Test":"TestCarriedDefects_OpenRowsHaveLivingEvidence/SP20-D4","Output":"        ok  \tgithub.com/qompack/qompack/internal/admission\t1.112s\n"}
{"Time":"2026-09-21T14:24:37.3532284-04:00","Action":"output","Package":"github.com/qompack/qompack/test/guards","Test":"TestCarriedDefects_OpenRowsHaveLivingEvidence/SP20-D4","Output":"        ok  \tgithub.com/qompack/qompack/internal/analyzer\t1.403s\n"}
{"Time":"2026-09-21T14:24:37.3532284-04:00","Action":"output","Package":"github.com/qompack/qompack/test/guards","Test":"TestCarriedDefects_OpenRowsHaveLivingEvidence/SP20-D4","Output":"        ok  \tgithub.com/qompack/qompack/internal/analyzer/analyzertest\t1.167s\n"}
{"Time":"2026-09-21T14:24:37.3532284-04:00","Action":"output","Package":"github.com/qompack/qompack/test/guards","Test":"TestCarriedDefects_OpenRowsHaveLivingEvidence/SP20-D4","Output":"        ok  \tgithub.com/qompack/qompack/internal/canon\t1.593s\n"}
{"Time":"2026-09-21T14:24:37.3532284-04:00","Action":"output","Package":"github.com/qompack/qompack/test/guards","Test":"TestCarriedDefects_OpenRowsHaveLivingEvidence/SP20-D4","Output":"        ok  \tgithub.com/qompack/qompack/internal/canon/canontest\t1.155s\n"}
{"Time":"2026-09-21T14:24:37.3532284-04:00","Action":"output","Package":"github.com/qompack/qompack/test/guards","Test":"TestCarriedDefects_OpenRowsHaveLivingEvidence/SP20-D4","Output":"        ok  \tgithub.com/qompack/qompack/internal/checkpoint\t0.220s\n"}
{"Time":"2026-09-21T14:24:37.3532284-04:00","Action":"output","Package":"github.com/qompack/qompack/test/guards","Test":"TestCarriedDefects_OpenRowsHaveLivingEvidence/SP20-D4","Output":"        ok  \tgithub.com/qompack/qompack/internal/checkpoint/checkpointtest\t1.161s\n"}
{"Time":"2026-09-21T14:24:37.3532284-04:00","Action":"output","Package":"github.com/qompack/qompack/test/guards","Test":"TestCarriedDefects_OpenRowsHaveLivingEvidence/SP20-D4","Output":"        ok  \tgithub.com/qompack/qompack/internal/chunk\t1.593s\n"}
{"Time":"2026-09-21T14:24:37.3532284-04:00","Action":"output","Package":"github.com/qompack/qompack/test/guards","Test":"TestCarriedDefects_OpenRowsHaveLivingEvidence/SP20-D4","Output":"        ok  \tgithub.com/qompack/qompack/internal/chunk/chunktest\t1.164s\n"}
{"Time":"2026-09-21T14:24:37.3532284-04:00","Action":"output","Package":"github.com/qompack/qompack/test/guards","Test":"TestCarriedDefects_OpenRowsHaveLivingEvidence/SP20-D4","Output":"        ok  \tgithub.com/qompack/qompack/internal/cli\t0.295s\n"}
{"Time":"2026-09-21T14:24:37.3532284-04:00","Action":"output","Package":"github.com/qompack/qompack/test/guards","Test":"TestCarriedDefects_OpenRowsHaveLivingEvidence/SP20-D4","Output":"        ok  \tgithub.com/qompack/qompack/internal/commands\t1.276s\n"}
{"Time":"2026-09-21T14:24:37.3532284-04:00","Action":"output","Package":"github.com/qompack/qompack/test/guards","Test":"TestCarriedDefects_OpenRowsHaveLivingEvidence/SP20-D4","Output":"        ok  \tgithub.com/qompack/qompack/internal/config\t1.283s\n"}
{"Time":"2026-09-21T14:24:37.3532284-04:00","Action":"output","Package":"github.com/qompack/qompack/test/guards","Test":"TestCarriedDefects_OpenRowsHaveLivingEvidence/SP20-D4","Output":"        ok  \tgithub.com/qompack/qompack/internal/contract\t1.308s\n"}
{"Time":"2026-09-21T14:24:37.3532284-04:00","Action":"output","Package":"github.com/qompack/qompack/test/guards","Test":"TestCarriedDefects_OpenRowsHaveLivingEvidence/SP20-D4","Output":"        ok  \tgithub.com/qompack/qompack/internal/contract/contracttest\t1.157s\n"}
{"Time":"2026-09-21T14:24:37.3532284-04:00","Action":"output","Package":"github.com/qompack/qompack/test/guards","Test":"TestCarriedDefects_OpenRowsHaveLivingEvidence/SP20-D4","Output":"        ok  \tgithub.com/qompack/qompack/internal/core\t1.071s\n"}
{"Time":"2026-09-21T14:24:37.3532284-04:00","Action":"output","Package":"github.com/qompack/qompack/test/guards","Test":"TestCarriedDefects_OpenRowsHaveLivingEvidence/SP20-D4","Output":"        TestCarriedDefect_SP20D4_LeaseJournalRefusesEveryDeliveryPastItsEntryCap\n"}
{"Time":"2026-09-21T14:24:37.3532284-04:00","Action":"output","Package":"github.com/qompack/qompack/test/guards","Test":"TestCarriedDefects_OpenRowsHaveLivingEvidence/SP20-D4","Output":"        ok  \tgithub.com/qompack/qompack/internal/daemon\t0.283s\n"}
{"Time":"2026-09-21T14:24:37.3532284-04:00","Action":"output","Package":"github.com/qompack/qompack/test/guards","Test":"TestCarriedDefects_OpenRowsHaveLivingEvidence/SP20-D4","Output":"        ok  \tgithub.com/qompack/qompack/internal/dag\t1.498s\n"}
{"Time":"2026-09-21T14:24:37.3532284-04:00","Action":"output","Package":"github.com/qompack/qompack/test/guards","Test":"TestCarriedDefects_OpenRowsHaveLivingEvidence/SP20-D4","Output":"        ok  \tgithub.com/qompack/qompack/internal/dag/dagtest\t1.145s\n"}
{"Time":"2026-09-21T14:24:37.3532284-04:00","Action":"output","Package":"github.com/qompack/qompack/test/guards","Test":"TestCarriedDefects_OpenRowsHaveLivingEvidence/SP20-D4","Output":"        ok  \tgithub.com/qompack/qompack/internal/eval\t1.535s\n"}
{"Time":"2026-09-21T14:24:37.3532284-04:00","Action":"output","Package":"github.com/qompack/qompack/test/guards","Test":"TestCarriedDefects_OpenRowsHaveLivingEvidence/SP20-D4","Output":"        ok  \tgithub.com/qompack/qompack/internal/eval/evaltest\t1.111s\n"}
{"Time":"2026-09-21T14:24:37.3532284-04:00","Action":"output","Package":"github.com/qompack/qompack/test/guards","Test":"TestCarriedDefects_OpenRowsHaveLivingEvidence/SP20-D4","Output":"        ok  \tgithub.com/qompack/qompack/internal/grammar\t1.357s\n"}
{"Time":"2026-09-21T14:24:37.3532284-04:00","Action":"output","Package":"github.com/qompack/qompack/test/guards","Test":"TestCarriedDefects_OpenRowsHaveLivingEvidence/SP20-D4","Output":"        ok  \tgithub.com/qompack/qompack/internal/grammar/grammartest\t0.995s\n"}
{"Time":"2026-09-21T14:24:37.3532284-04:00","Action":"output","Package":"github.com/qompack/qompack/test/guards","Test":"TestCarriedDefects_OpenRowsHaveLivingEvidence/SP20-D4","Output":"        ok  \tgithub.com/qompack/qompack/internal/hookio\t1.236s\n"}
{"Time":"2026-09-21T14:24:37.3532284-04:00","Action":"output","Package":"github.com/qompack/qompack/test/guards","Test":"TestCarriedDefects_OpenRowsHaveLivingEvidence/SP20-D4","Output":"        ok  \tgithub.com/qompack/qompack/internal/ipc\t1.548s\n"}
{"Time":"2026-09-21T14:24:37.3532284-04:00","Action":"output","Package":"github.com/qompack/qompack/test/guards","Test":"TestCarriedDefects_OpenRowsHaveLivingEvidence/SP20-D4","Output":"        ok  \tgithub.com/qompack/qompack/internal/ipc/ipctest\t1.283s\n"}
{"Time":"2026-09-21T14:24:37.3532284-04:00","Action":"output","Package":"github.com/qompack/qompack/test/guards","Test":"TestCarriedDefects_OpenRowsHaveLivingEvidence/SP20-D4","Output":"        ok  \tgithub.com/qompack/qompack/internal/logging\t0.995s\n"}
{"Time":"2026-09-21T14:24:37.3532284-04:00","Action":"output","Package":"github.com/qompack/qompack/test/guards","Test":"TestCarriedDefects_OpenRowsHaveLivingEvidence/SP20-D4","Output":"        ok  \tgithub.com/qompack/qompack/internal/mcp\t0.260s\n"}
{"Time":"2026-09-21T14:24:37.3537963-04:00","Action":"output","Package":"github.com/qompack/qompack/test/guards","Test":"TestCarriedDefects_OpenRowsHaveLivingEvidence/SP20-D4","Output":"        ok  \tgithub.com/qompack/qompack/internal/mcp/mcptest\t1.166s\n"}
{"Time":"2026-09-21T14:24:37.3537963-04:00","Action":"output","Package":"github.com/qompack/qompack/test/guards","Test":"TestCarriedDefects_OpenRowsHaveLivingEvidence/SP20-D4","Output":"        FAIL\tgithub.com/qompack/qompack/internal/negknow [build failed]\n"}
{"Time":"2026-09-21T14:24:37.3537963-04:00","Action":"output","Package":"github.com/qompack/qompack/test/guards","Test":"TestCarriedDefects_OpenRowsHaveLivingEvidence/SP20-D4","Output":"        ok  \tgithub.com/qompack/qompack/internal/negknow/negknowtest\t1.192s\n"}
{"Time":"2026-09-21T14:24:37.3537963-04:00","Action":"output","Package":"github.com/qompack/qompack/test/guards","Test":"TestCarriedDefects_OpenRowsHaveLivingEvidence/SP20-D4","Output":"        ok  \tgithub.com/qompack/qompack/internal/obs\t1.429s\n"}
{"Time":"2026-09-21T14:24:37.3537963-04:00","Action":"output","Package":"github.com/qompack/qompack/test/guards","Test":"TestCarriedDefects_OpenRowsHaveLivingEvidence/SP20-D4","Output":"        ok  \tgithub.com/qompack/qompack/internal/observer\t0.240s\n"}
{"Time":"2026-09-21T14:24:37.3537963-04:00","Action":"output","Package":"github.com/qompack/qompack/test/guards","Test":"TestCarriedDefects_OpenRowsHaveLivingEvidence/SP20-D4","Output":"        ok  \tgithub.com/qompack/qompack/internal/observer/observertest\t1.333s\n"}
{"Time":"2026-09-21T14:24:37.3537963-04:00","Action":"output","Package":"github.com/qompack/qompack/test/guards","Test":"TestCarriedDefects_OpenRowsHaveLivingEvidence/SP20-D4","Output":"        ok  \tgithub.com/qompack/qompack/internal/paths\t1.375s\n"}
{"Time":"2026-09-21T14:24:37.3537963-04:00","Action":"output","Package":"github.com/qompack/qompack/test/guards","Test":"TestCarriedDefects_OpenRowsHaveLivingEvidence/SP20-D4","Output":"        ok  \tgithub.com/qompack/qompack/internal/pins\t1.220s\n"}
{"Time":"2026-09-21T14:24:37.3537963-04:00","Action":"output","Package":"github.com/qompack/qompack/test/guards","Test":"TestCarriedDefects_OpenRowsHaveLivingEvidence/SP20-D4","Output":"        ok  \tgithub.com/qompack/qompack/internal/pins/pinstest\t1.139s\n"}
{"Time":"2026-09-21T14:24:37.3537963-04:00","Action":"output","Package":"github.com/qompack/qompack/test/guards","Test":"TestCarriedDefects_OpenRowsHaveLivingEvidence/SP20-D4","Output":"        ok  \tgithub.com/qompack/qompack/internal/pluginmanifest\t1.200s\n"}
{"Time":"2026-09-21T14:24:37.3537963-04:00","Action":"output","Package":"github.com/qompack/qompack/test/guards","Test":"TestCarriedDefects_OpenRowsHaveLivingEvidence/SP20-D4","Output":"        FAIL\tgithub.com/qompack/qompack/internal/redact [build failed]\n"}
{"Time":"2026-09-21T14:24:37.3537963-04:00","Action":"output","Package":"github.com/qompack/qompack/test/guards","Test":"TestCarriedDefects_OpenRowsHaveLivingEvidence/SP20-D4","Output":"        ok  \tgithub.com/qompack/qompack/internal/redact/redacttest\t1.155s\n"}
{"Time":"2026-09-21T14:24:37.3537963-04:00","Action":"output","Package":"github.com/qompack/qompack/test/guards","Test":"TestCarriedDefects_OpenRowsHaveLivingEvidence/SP20-D4","Output":"        ok  \tgithub.com/qompack/qompack/internal/rehydrate\t1.633s\n"}
{"Time":"2026-09-21T14:24:37.3537963-04:00","Action":"output","Package":"github.com/qompack/qompack/test/guards","Test":"TestCarriedDefects_OpenRowsHaveLivingEvidence/SP20-D4","Output":"        ok  \tgithub.com/qompack/qompack/internal/rehydrate/rehydratetest\t1.446s\n"}
{"Time":"2026-09-21T14:24:37.3537963-04:00","Action":"output","Package":"github.com/qompack/qompack/test/guards","Test":"TestCarriedDefects_OpenRowsHaveLivingEvidence/SP20-D4","Output":"        ok  \tgithub.com/qompack/qompack/internal/rules\t1.536s\n"}
{"Time":"2026-09-21T14:24:37.3537963-04:00","Action":"output","Package":"github.com/qompack/qompack/test/guards","Test":"TestCarriedDefects_OpenRowsHaveLivingEvidence/SP20-D4","Output":"        ok  \tgithub.com/qompack/qompack/internal/rules/rulestest\t1.163s\n"}
{"Time":"2026-09-21T14:24:37.3537963-04:00","Action":"output","Package":"github.com/qompack/qompack/test/guards","Test":"TestCarriedDefects_OpenRowsHaveLivingEvidence/SP20-D4","Output":"        ok  \tgithub.com/qompack/qompack/internal/scheduler\t1.562s\n"}
{"Time":"2026-09-21T14:24:37.3537963-04:00","Action":"output","Package":"github.com/qompack/qompack/test/guards","Test":"TestCarriedDefects_OpenRowsHaveLivingEvidence/SP20-D4","Output":"        ok  \tgithub.com/qompack/qompack/internal/scheduler/schedulertest\t1.097s\n"}
{"Time":"2026-09-21T14:24:37.3537963-04:00","Action":"output","Package":"github.com/qompack/qompack/test/guards","Test":"TestCarriedDefects_OpenRowsHaveLivingEvidence/SP20-D4","Output":"        FAIL\tgithub.com/qompack/qompack/internal/sketch [build failed]\n"}
{"Time":"2026-09-21T14:24:37.3537963-04:00","Action":"output","Package":"github.com/qompack/qompack/test/guards","Test":"TestCarriedDefects_OpenRowsHaveLivingEvidence/SP20-D4","Output":"        ok  \tgithub.com/qompack/qompack/internal/sketch/sketchtest\t1.146s\n"}
{"Time":"2026-09-21T14:24:37.3537963-04:00","Action":"output","Package":"github.com/qompack/qompack/test/guards","Test":"TestCarriedDefects_OpenRowsHaveLivingEvidence/SP20-D4","Output":"        ok  \tgithub.com/qompack/qompack/internal/skills\t1.387s\n"}
{"Time":"2026-09-21T14:24:37.3537963-04:00","Action":"output","Package":"github.com/qompack/qompack/test/guards","Test":"TestCarriedDefects_OpenRowsHaveLivingEvidence/SP20-D4","Output":"        ok  \tgithub.com/qompack/qompack/internal/skills/skillstest\t1.089s\n"}
{"Time":"2026-09-21T14:24:37.3537963-04:00","Action":"output","Package":"github.com/qompack/qompack/test/guards","Test":"TestCarriedDefects_OpenRowsHaveLivingEvidence/SP20-D4","Output":"        ok  \tgithub.com/qompack/qompack/internal/state\t1.185s\n"}
{"Time":"2026-09-21T14:24:37.3537963-04:00","Action":"output","Package":"github.com/qompack/qompack/test/guards","Test":"TestCarriedDefects_OpenRowsHaveLivingEvidence/SP20-D4","Output":"        FAIL\tgithub.com/qompack/qompack/internal/store [build failed]\n"}
{"Time":"2026-09-21T14:24:37.3537963-04:00","Action":"output","Package":"github.com/qompack/qompack/test/guards","Test":"TestCarriedDefects_OpenRowsHaveLivingEvidence/SP20-D4","Output":"        ok  \tgithub.com/qompack/qompack/internal/store/storetest\t1.367s\n"}
{"Time":"2026-09-21T14:24:37.3537963-04:00","Action":"output","Package":"github.com/qompack/qompack/test/guards","Test":"TestCarriedDefects_OpenRowsHaveLivingEvidence/SP20-D4","Output":"        ok  \tgithub.com/qompack/qompack/internal/symbols\t1.474s\n"}
{"Time":"2026-09-21T14:24:37.3537963-04:00","Action":"output","Package":"github.com/qompack/qompack/test/guards","Test":"TestCarriedDefects_OpenRowsHaveLivingEvidence/SP20-D4","Output":"        ok  \tgithub.com/qompack/qompack/internal/symbols/symbolstest\t0.977s\n"}
{"Time":"2026-09-21T14:24:37.3537963-04:00","Action":"output","Package":"github.com/qompack/qompack/test/guards","Test":"TestCarriedDefects_OpenRowsHaveLivingEvidence/SP20-D4","Output":"        ok  \tgithub.com/qompack/qompack/internal/testutil\t0.238s\n"}
{"Time":"2026-09-21T14:24:37.3537963-04:00","Action":"output","Package":"github.com/qompack/qompack/test/guards","Test":"TestCarriedDefects_OpenRowsHaveLivingEvidence/SP20-D4","Output":"        ok  \tgithub.com/qompack/qompack/internal/tokens\t1.409s\n"}
{"Time":"2026-09-21T14:24:37.3537963-04:00","Action":"output","Package":"github.com/qompack/qompack/test/guards","Test":"TestCarriedDefects_OpenRowsHaveLivingEvidence/SP20-D4","Output":"        ok  \tgithub.com/qompack/qompack/internal/tokens/tokenstest\t1.152s\n"}
{"Time":"2026-09-21T14:24:37.3537963-04:00","Action":"output","Package":"github.com/qompack/qompack/test/guards","Test":"TestCarriedDefects_OpenRowsHaveLivingEvidence/SP20-D4","Output":"        ok  \tgithub.com/qompack/qompack/test/bench/hotpath\t1.253s\n"}
{"Time":"2026-09-21T14:24:37.3537963-04:00","Action":"output","Package":"github.com/qompack/qompack/test/guards","Test":"TestCarriedDefects_OpenRowsHaveLivingEvidence/SP20-D4","Output":"        ok  \tgithub.com/qompack/qompack/test/canary\t1.225s\n"}
{"Time":"2026-09-21T14:24:37.3537963-04:00","Action":"output","Package":"github.com/qompack/qompack/test/guards","Test":"TestCarriedDefects_OpenRowsHaveLivingEvidence/SP20-D4","Output":"        ok  \tgithub.com/qompack/qompack/test/dedup\t1.080s\n"}
{"Time":"2026-09-21T14:24:37.3537963-04:00","Action":"output","Package":"github.com/qompack/qompack/test/guards","Test":"TestCarriedDefects_OpenRowsHaveLivingEvidence/SP20-D4","Output":"        ok  \tgithub.com/qompack/qompack/test/docs\t0.771s\n"}
{"Time":"2026-09-21T14:24:37.3537963-04:00","Action":"output","Package":"github.com/qompack/qompack/test/guards","Test":"TestCarriedDefects_OpenRowsHaveLivingEvidence/SP20-D4","Output":"        ok  \tgithub.com/qompack/qompack/test/e2e\t0.288s\n"}
{"Time":"2026-09-21T14:24:37.3537963-04:00","Action":"output","Package":"github.com/qompack/qompack/test/guards","Test":"TestCarriedDefects_OpenRowsHaveLivingEvidence/SP20-D4","Output":"        ok  \tgithub.com/qompack/qompack/test/fault\t1.365s\n"}
{"Time":"2026-09-21T14:24:37.3537963-04:00","Action":"output","Package":"github.com/qompack/qompack/test/guards","Test":"TestCarriedDefects_OpenRowsHaveLivingEvidence/SP20-D4","Output":"        ok  \tgithub.com/qompack/qompack/test/guards\t0.242s\n"}
{"Time":"2026-09-21T14:24:37.3537963-04:00","Action":"output","Package":"github.com/qompack/qompack/test/guards","Test":"TestCarriedDefects_OpenRowsHaveLivingEvidence/SP20-D4","Output":"        ok  \tgithub.com/qompack/qompack/test/integration\t0.285s\n"}
{"Time":"2026-09-21T14:24:37.3537963-04:00","Action":"output","Package":"github.com/qompack/qompack/test/guards","Test":"TestCarriedDefects_OpenRowsHaveLivingEvidence/SP20-D4","Output":"        ok  \tgithub.com/qompack/qompack/test/platform\t1.198s\n"}
{"Time":"2026-09-21T14:24:37.3537963-04:00","Action":"output","Package":"github.com/qompack/qompack/test/guards","Test":"TestCarriedDefects_OpenRowsHaveLivingEvidence/SP20-D4","Output":"        ok  \tgithub.com/qompack/qompack/test/release\t1.240s\n"}
{"Time":"2026-09-21T14:24:37.3537963-04:00","Action":"output","Package":"github.com/qompack/qompack/test/guards","Test":"TestCarriedDefects_OpenRowsHaveLivingEvidence/SP20-D4","Output":"        ok  \tgithub.com/qompack/qompack/test/replay\t1.590s\n"}
{"Time":"2026-09-21T14:24:37.3537963-04:00","Action":"output","Package":"github.com/qompack/qompack/test/guards","Test":"TestCarriedDefects_OpenRowsHaveLivingEvidence/SP20-D4","Output":"        ok  \tgithub.com/qompack/qompack/test/replay/l3policy\t1.217s\n"}
{"Time":"2026-09-21T14:24:37.3537963-04:00","Action":"output","Package":"github.com/qompack/qompack/test/guards","Test":"TestCarriedDefects_OpenRowsHaveLivingEvidence/SP20-D4","Output":"        ok  \tgithub.com/qompack/qompack/test/security\t1.752s\n"}
{"Time":"2026-09-21T14:24:37.3537963-04:00","Action":"output","Package":"github.com/qompack/qompack/test/guards","Test":"TestCarriedDefects_OpenRowsHaveLivingEvidence/SP20-D4","Output":"        ok  \tgithub.com/qompack/qompack/tools/devtool\t1.475s\n"}
{"Time":"2026-09-21T14:24:37.3537963-04:00","Action":"output","Package":"github.com/qompack/qompack/test/guards","Test":"TestCarriedDefects_OpenRowsHaveLivingEvidence/SP20-D4","Output":"        ok  \tgithub.com/qompack/qompack/tools/lint/nomagic\t1.367s\n"}
{"Time":"2026-09-21T14:24:37.3537963-04:00","Action":"output","Package":"github.com/qompack/qompack/test/guards","Test":"TestCarriedDefects_OpenRowsHaveLivingEvidence/SP20-D4","Output":"        FAIL\n"}
{"Time":"2026-09-21T14:24:37.3537963-04:00","Action":"output","Package":"github.com/qompack/qompack/test/guards","Test":"TestCarriedDefects_OpenRowsHaveLivingEvidence/SP20-D4","Output":"        \n"}
{"Time":"2026-09-21T14:24:37.3537963-04:00","Action":"output","Package":"github.com/qompack/qompack/test/guards","Test":"TestCarriedDefects_OpenRowsHaveLivingEvidence/SP20-D4","Output":"        This is a BUILD/LISTING failure. It is NOT evidence that TestCarriedDefect_SP20D4_LeaseJournalRefusesEveryDeliveryPastItsEntryCap is absent, and it is NOT evidence that the defect naming it was fixed: one package that does not compile makes `go test -list ./...` exit non-zero with nothing usable on stdout, whatever the state of the package the test actually lives in. Fix the build and run this guard again — do not change any row in plans/CARRIED-DEFECTS.tsv on the strength of this failure.\n"}
{"Time":"2026-09-21T14:24:37.3543568-04:00","Action":"output","Package":"github.com/qompack/qompack/test/guards","Test":"TestCarriedDefects_OpenRowsHaveLivingEvidence/SP20-D4","Output":"--- FAIL: TestCarriedDefects_OpenRowsHaveLivingEvidence/SP20-D4 (108.26s)\n"}
{"Time":"2026-09-21T14:24:37.3543568-04:00","Action":"fail","Package":"github.com/qompack/qompack/test/guards","Test":"TestCarriedDefects_OpenRowsHaveLivingEvidence/SP20-D4","Elapsed":108.26}
{"Time":"2026-09-21T14:24:37.3543568-04:00","Action":"run","Package":"github.com/qompack/qompack/test/guards","Test":"TestCarriedDefects_OpenRowsHaveLivingEvidence/SP20-D6"}
{"Time":"2026-09-21T14:24:37.3543568-04:00","Action":"output","Package":"github.com/qompack/qompack/test/guards","Test":"TestCarriedDefects_OpenRowsHaveLivingEvidence/SP20-D6","Output":"=== RUN   TestCarriedDefects_OpenRowsHaveLivingEvidence/SP20-D6\n"}
{"Time":"2026-09-21T14:24:53.7691334-04:00","Action":"output","Package":"github.com/qompack/qompack/test/guards","Test":"TestCarriedDefects_OpenRowsHaveLivingEvidence/SP20-D6","Output":"panic: test timed out after 10m0s\n"}
{"Time":"2026-09-21T14:24:53.7699682-04:00","Action":"output","Package":"github.com/qompack/qompack/test/guards","Test":"TestCarriedDefects_OpenRowsHaveLivingEvidence/SP20-D6","Output":"\trunning tests:\n"}
{"Time":"2026-09-21T14:24:53.7699682-04:00","Action":"output","Package":"github.com/qompack/qompack/test/guards","Test":"TestCarriedDefects_OpenRowsHaveLivingEvidence/SP20-D6","Output":"\t\tTestCarriedDefects_OpenRowsHaveLivingEvidence (9m29s)\n"}
{"Time":"2026-09-21T14:24:53.7699682-04:00","Action":"output","Package":"github.com/qompack/qompack/test/guards","Test":"TestCarriedDefects_OpenRowsHaveLivingEvidence/SP20-D6","Output":"\t\tTestCarriedDefects_OpenRowsHaveLivingEvidence/SP20-D6 (16s)\n"}
{"Time":"2026-09-21T14:24:53.7699682-04:00","Action":"output","Package":"github.com/qompack/qompack/test/guards","Test":"TestCarriedDefects_OpenRowsHaveLivingEvidence/SP20-D6","Output":"\n"}
{"Time":"2026-09-21T14:24:53.7699682-04:00","Action":"output","Package":"github.com/qompack/qompack/test/guards","Test":"TestCarriedDefects_OpenRowsHaveLivingEvidence/SP20-D6","Output":"goroutine 316 [running]:\n"}
{"Time":"2026-09-21T14:24:53.7699682-04:00","Action":"output","Package":"github.com/qompack/qompack/test/guards","Test":"TestCarriedDefects_OpenRowsHaveLivingEvidence/SP20-D6","Output":"testing.(*M).startAlarm.func1()\n"}
{"Time":"2026-09-21T14:24:53.7699682-04:00","Action":"output","Package":"github.com/qompack/qompack/test/guards","Test":"TestCarriedDefects_OpenRowsHaveLivingEvidence/SP20-D6","Output":"\tC:/Users/Quant/go/pkg/mod/golang.org/toolchain@v0.0.1-go1.26.6.windows-amd64/src/testing/testing.go:2802 +0x354\n"}
{"Time":"2026-09-21T14:24:53.7699682-04:00","Action":"output","Package":"github.com/qompack/qompack/test/guards","Test":"TestCarriedDefects_OpenRowsHaveLivingEvidence/SP20-D6","Output":"created by time.goFunc\n"}
{"Time":"2026-09-21T14:24:53.7699682-04:00","Action":"output","Package":"github.com/qompack/qompack/test/guards","Test":"TestCarriedDefects_OpenRowsHaveLivingEvidence/SP20-D6","Output":"\tC:/Users/Quant/go/pkg/mod/golang.org/toolchain@v0.0.1-go1.26.6.windows-amd64/src/time/sleep.go:215 +0x2d\n"}
{"Time":"2026-09-21T14:24:53.7699682-04:00","Action":"output","Package":"github.com/qompack/qompack/test/guards","Test":"TestCarriedDefects_OpenRowsHaveLivingEvidence/SP20-D6","Output":"\n"}
{"Time":"2026-09-21T14:24:53.7699682-04:00","Action":"output","Package":"github.com/qompack/qompack/test/guards","Test":"TestCarriedDefects_OpenRowsHaveLivingEvidence/SP20-D6","Output":"goroutine 1 [chan receive, 9 minutes]:\n"}
{"Time":"2026-09-21T14:24:53.7699682-04:00","Action":"output","Package":"github.com/qompack/qompack/test/guards","Test":"TestCarriedDefects_OpenRowsHaveLivingEvidence/SP20-D6","Output":"testing.tRunner.func1()\n"}
{"Time":"2026-09-21T14:24:53.7699682-04:00","Action":"output","Package":"github.com/qompack/qompack/test/guards","Test":"TestCarriedDefects_OpenRowsHaveLivingEvidence/SP20-D6","Output":"\tC:/Users/Quant/go/pkg/mod/golang.org/toolchain@v0.0.1-go1.26.6.windows-amd64/src/testing/testing.go:1993 +0x431\n"}
{"Time":"2026-09-21T14:24:53.7699682-04:00","Action":"output","Package":"github.com/qompack/qompack/test/guards","Test":"TestCarriedDefects_OpenRowsHaveLivingEvidence/SP20-D6","Output":"testing.tRunner(0x11908654cc00, 0x11908666bc58)\n"}
{"Time":"2026-09-21T14:24:53.7699682-04:00","Action":"output","Package":"github.com/qompack/qompack/test/guards","Test":"TestCarriedDefects_OpenRowsHaveLivingEvidence/SP20-D6","Output":"\tC:/Users/Quant/go/pkg/mod/golang.org/toolchain@v0.0.1-go1.26.6.windows-amd64/src/testing/testing.go:2042 +0xfc\n"}
{"Time":"2026-09-21T14:24:53.7699682-04:00","Action":"output","Package":"github.com/qompack/qompack/test/guards","Test":"TestCarriedDefects_OpenRowsHaveLivingEvidence/SP20-D6","Output":"testing.runTests({0x7ff6c4447583, 0x1a}, {0x7ff6c44543ff, 0x26}, 0x119086490f30, {0x7ff6c496e860, 0x33, 0x33}, {0xc2a47b7d6d95a614, 0x8bb35ebde1, ...})\n"}
{"Time":"2026-09-21T14:24:53.7704791-04:00","Action":"output","Package":"github.com/qompack/qompack/test/guards","Test":"TestCarriedDefects_OpenRowsHaveLivingEvidence/SP20-D6","Output":"\tC:/Users/Quant/go/pkg/mod/golang.org/toolchain@v0.0.1-go1.26.6.windows-amd64/src/testing/testing.go:2583 +0x4f0\n"}
{"Time":"2026-09-21T14:24:53.7704791-04:00","Action":"output","Package":"github.com/qompack/qompack/test/guards","Test":"TestCarriedDefects_OpenRowsHaveLivingEvidence/SP20-D6","Output":"testing.(*M).Run(0x1190866ac960)\n"}
{"Time":"2026-09-21T14:24:53.7704791-04:00","Action":"output","Package":"github.com/qompack/qompack/test/guards","Test":"TestCarriedDefects_OpenRowsHaveLivingEvidence/SP20-D6","Output":"\tC:/Users/Quant/go/pkg/mod/golang.org/toolchain@v0.0.1-go1.26.6.windows-amd64/src/testing/testing.go:2443 +0x6ac\n"}
{"Time":"2026-09-21T14:24:53.7704791-04:00","Action":"output","Package":"github.com/qompack/qompack/test/guards","Test":"TestCarriedDefects_OpenRowsHaveLivingEvidence/SP20-D6","Output":"main.main()\n"}
{"Time":"2026-09-21T14:24:53.7704791-04:00","Action":"output","Package":"github.com/qompack/qompack/test/guards","Test":"TestCarriedDefects_OpenRowsHaveLivingEvidence/SP20-D6","Output":"\t_testmain.go:146 +0x9b\n"}
{"Time":"2026-09-21T14:24:53.7704791-04:00","Action":"output","Package":"github.com/qompack/qompack/test/guards","Test":"TestCarriedDefects_OpenRowsHaveLivingEvidence/SP20-D6","Output":"\n"}
{"Time":"2026-09-21T14:24:53.7704791-04:00","Action":"output","Package":"github.com/qompack/qompack/test/guards","Test":"TestCarriedDefects_OpenRowsHaveLivingEvidence/SP20-D6","Output":"goroutine 32 [chan receive]:\n"}
{"Time":"2026-09-21T14:24:53.7704791-04:00","Action":"output","Package":"github.com/qompack/qompack/test/guards","Test":"TestCarriedDefects_OpenRowsHaveLivingEvidence/SP20-D6","Output":"testing.(*T).Run(0x11908654d800, {0x1190866d0f00?, 0x38?}, 0x1190865ca000)\n"}
{"Time":"2026-09-21T14:24:53.7704791-04:00","Action":"output","Package":"github.com/qompack/qompack/test/guards","Test":"TestCarriedDefects_OpenRowsHaveLivingEvidence/SP20-D6","Output":"\tC:/Users/Quant/go/pkg/mod/golang.org/toolchain@v0.0.1-go1.26.6.windows-amd64/src/testing/testing.go:2109 +0x4c7\n"}
{"Time":"2026-09-21T14:24:53.7704791-04:00","Action":"output","Package":"github.com/qompack/qompack/test/guards","Test":"TestCarriedDefects_OpenRowsHaveLivingEvidence/SP20-D6","Output":"github.com/qompack/qompack/test/guards.TestCarriedDefects_OpenRowsHaveLivingEvidence(0x11908654d800)\n"}
{"Time":"2026-09-21T14:24:53.7704791-04:00","Action":"output","Package":"github.com/qompack/qompack/test/guards","Test":"TestCarriedDefects_OpenRowsHaveLivingEvidence/SP20-D6","Output":"\tC:/Users/Quant/Documents/Programming/Projects/qompack-v6/test/guards/carrieddefects_test.go:247 +0x2bb\n"}
{"Time":"2026-09-21T14:24:53.7704791-04:00","Action":"output","Package":"github.com/qompack/qompack/test/guards","Test":"TestCarriedDefects_OpenRowsHaveLivingEvidence/SP20-D6","Output":"testing.tRunner(0x11908654d800, 0x7ff6c44810c0)\n"}
{"Time":"2026-09-21T14:24:53.7704791-04:00","Action":"output","Package":"github.com/qompack/qompack/test/guards","Test":"TestCarriedDefects_OpenRowsHaveLivingEvidence/SP20-D6","Output":"\tC:/Users/Quant/go/pkg/mod/golang.org/toolchain@v0.0.1-go1.26.6.windows-amd64/src/testing/testing.go:2036 +0xc3\n"}
{"Time":"2026-09-21T14:24:53.7704791-04:00","Action":"output","Package":"github.com/qompack/qompack/test/guards","Test":"TestCarriedDefects_OpenRowsHaveLivingEvidence/SP20-D6","Output":"created by testing.(*T).Run in goroutine 1\n"}
{"Time":"2026-09-21T14:24:53.7704791-04:00","Action":"output","Package":"github.com/qompack/qompack/test/guards","Test":"TestCarriedDefects_OpenRowsHaveLivingEvidence/SP20-D6","Output":"\tC:/Users/Quant/go/pkg/mod/golang.org/toolchain@v0.0.1-go1.26.6.windows-amd64/src/testing/testing.go:2101 +0x4a9\n"}
{"Time":"2026-09-21T14:24:53.7704791-04:00","Action":"output","Package":"github.com/qompack/qompack/test/guards","Test":"TestCarriedDefects_OpenRowsHaveLivingEvidence/SP20-D6","Output":"\n"}
{"Time":"2026-09-21T14:24:53.7704791-04:00","Action":"output","Package":"github.com/qompack/qompack/test/guards","Test":"TestCarriedDefects_OpenRowsHaveLivingEvidence/SP20-D6","Output":"goroutine 342 [syscall]:\n"}
{"Time":"2026-09-21T14:24:53.7704791-04:00","Action":"output","Package":"github.com/qompack/qompack/test/guards","Test":"TestCarriedDefects_OpenRowsHaveLivingEvidence/SP20-D6","Output":"syscall.syscalln(0x0?, 0x0?, {0x119086947b88?, 0x7?, 0x0?})\n"}
{"Time":"2026-09-21T14:24:53.7704791-04:00","Action":"output","Package":"github.com/qompack/qompack/test/guards","Test":"TestCarriedDefects_OpenRowsHaveLivingEvidence/SP20-D6","Output":"\tC:/Users/Quant/go/pkg/mod/golang.org/toolchain@v0.0.1-go1.26.6.windows-amd64/src/runtime/syscall_windows.go:431 +0x4e\n"}
{"Time":"2026-09-21T14:24:53.7704791-04:00","Action":"output","Package":"github.com/qompack/qompack/test/guards","Test":"TestCarriedDefects_OpenRowsHaveLivingEvidence/SP20-D6","Output":"syscall.SyscallN(0x7ff6c3e795c5?, {0x119086947b88?, 0x57?, 0x3?})\n"}
{"Time":"2026-09-21T14:24:53.7704791-04:00","Action":"output","Package":"github.com/qompack/qompack/test/guards","Test":"TestCarriedDefects_OpenRowsHaveLivingEvidence/SP20-D6","Output":"\tC:/Users/Quant/go/pkg/mod/golang.org/toolchain@v0.0.1-go1.26.6.windows-amd64/src/syscall/dll_windows.go:99 +0x1e\n"}
{"Time":"2026-09-21T14:24:53.7704791-04:00","Action":"output","Package":"github.com/qompack/qompack/test/guards","Test":"TestCarriedDefects_OpenRowsHaveLivingEvidence/SP20-D6","Output":"syscall.WaitForSingleObject(0x43c, 0xffffffff)\n"}
{"Time":"2026-09-21T14:24:53.7704791-04:00","Action":"output","Package":"github.com/qompack/qompack/test/guards","Test":"TestCarriedDefects_OpenRowsHaveLivingEvidence/SP20-D6","Output":"\tC:/Users/Quant/go/pkg/mod/golang.org/toolchain@v0.0.1-go1.26.6.windows-amd64/src/syscall/zsyscall_windows.go:1159 +0x6a\n"}
{"Time":"2026-09-21T14:24:53.7704791-04:00","Action":"output","Package":"github.com/qompack/qompack/test/guards","Test":"TestCarriedDefects_OpenRowsHaveLivingEvidence/SP20-D6","Output":"os.(*Process).wait(0x11908648e280)\n"}
{"Time":"2026-09-21T14:24:53.7704791-04:00","Action":"output","Package":"github.com/qompack/qompack/test/guards","Test":"TestCarriedDefects_OpenRowsHaveLivingEvidence/SP20-D6","Output":"\tC:/Users/Quant/go/pkg/mod/golang.org/toolchain@v0.0.1-go1.26.6.windows-amd64/src/os/exec_windows.go:28 +0x89\n"}
{"Time":"2026-09-21T14:24:53.7704791-04:00","Action":"output","Package":"github.com/qompack/qompack/test/guards","Test":"TestCarriedDefects_OpenRowsHaveLivingEvidence/SP20-D6","Output":"os.(*Process).Wait(...)\n"}
{"Time":"2026-09-21T14:24:53.7704791-04:00","Action":"output","Package":"github.com/qompack/qompack/test/guards","Test":"TestCarriedDefects_OpenRowsHaveLivingEvidence/SP20-D6","Output":"\tC:/Users/Quant/go/pkg/mod/golang.org/toolchain@v0.0.1-go1.26.6.windows-amd64/src/os/exec.go:346\n"}
{"Time":"2026-09-21T14:24:53.7704791-04:00","Action":"output","Package":"github.com/qompack/qompack/test/guards","Test":"TestCarriedDefects_OpenRowsHaveLivingEvidence/SP20-D6","Output":"os/exec.(*Cmd).Wait(0x1190868f0000)\n"}
{"Time":"2026-09-21T14:24:53.7704791-04:00","Action":"output","Package":"github.com/qompack/qompack/test/guards","Test":"TestCarriedDefects_OpenRowsHaveLivingEvidence/SP20-D6","Output":"\tC:/Users/Quant/go/pkg/mod/golang.org/toolchain@v0.0.1-go1.26.6.windows-amd64/src/os/exec/exec.go:930 +0x45\n"}
{"Time":"2026-09-21T14:24:53.7704791-04:00","Action":"output","Package":"github.com/qompack/qompack/test/guards","Test":"TestCarriedDefects_OpenRowsHaveLivingEvidence/SP20-D6","Output":"os/exec.(*Cmd).Run(0x1190868f0000)\n"}
{"Time":"2026-09-21T14:24:53.7704791-04:00","Action":"output","Package":"github.com/qompack/qompack/test/guards","Test":"TestCarriedDefects_OpenRowsHaveLivingEvidence/SP20-D6","Output":"\tC:/Users/Quant/go/pkg/mod/golang.org/toolchain@v0.0.1-go1.26.6.windows-amd64/src/os/exec/exec.go:632 +0x2d\n"}
{"Time":"2026-09-21T14:24:53.7704791-04:00","Action":"output","Package":"github.com/qompack/qompack/test/guards","Test":"TestCarriedDefects_OpenRowsHaveLivingEvidence/SP20-D6","Output":"os/exec.(*Cmd).Output(0x1190868f0000)\n"}
{"Time":"2026-09-21T14:24:53.7704791-04:00","Action":"output","Package":"github.com/qompack/qompack/test/guards","Test":"TestCarriedDefects_OpenRowsHaveLivingEvidence/SP20-D6","Output":"\tC:/Users/Quant/go/pkg/mod/golang.org/toolchain@v0.0.1-go1.26.6.windows-amd64/src/os/exec/exec.go:1026 +0xb8\n"}
{"Time":"2026-09-21T14:24:53.7704791-04:00","Action":"output","Package":"github.com/qompack/qompack/test/guards","Test":"TestCarriedDefects_OpenRowsHaveLivingEvidence/SP20-D6","Output":"github.com/qompack/qompack/test/guards.testExistsAnywhere(0x119086654600, {0x1190864b5040, 0x38}, {0x1190866d0f2b, 0x3e})\n"}
{"Time":"2026-09-21T14:24:53.7710843-04:00","Action":"output","Package":"github.com/qompack/qompack/test/guards","Test":"TestCarriedDefects_OpenRowsHaveLivingEvidence/SP20-D6","Output":"\tC:/Users/Quant/Documents/Programming/Projects/qompack-v6/test/guards/carrieddefects_test.go:324 +0x196\n"}
{"Time":"2026-09-21T14:24:53.7710843-04:00","Action":"output","Package":"github.com/qompack/qompack/test/guards","Test":"TestCarriedDefects_OpenRowsHaveLivingEvidence/SP20-D6","Output":"github.com/qompack/qompack/test/guards.TestCarriedDefects_OpenRowsHaveLivingEvidence.func1(0x119086654600)\n"}
{"Time":"2026-09-21T14:24:53.7710843-04:00","Action":"output","Package":"github.com/qompack/qompack/test/guards","Test":"TestCarriedDefects_OpenRowsHaveLivingEvidence/SP20-D6","Output":"\tC:/Users/Quant/Documents/Programming/Projects/qompack-v6/test/guards/carrieddefects_test.go:248 +0x49\n"}
{"Time":"2026-09-21T14:24:53.7710843-04:00","Action":"output","Package":"github.com/qompack/qompack/test/guards","Test":"TestCarriedDefects_OpenRowsHaveLivingEvidence/SP20-D6","Output":"testing.tRunner(0x119086654600, 0x1190865ca000)\n"}
{"Time":"2026-09-21T14:24:53.7710843-04:00","Action":"output","Package":"github.com/qompack/qompack/test/guards","Test":"TestCarriedDefects_OpenRowsHaveLivingEvidence/SP20-D6","Output":"\tC:/Users/Quant/go/pkg/mod/golang.org/toolchain@v0.0.1-go1.26.6.windows-amd64/src/testing/testing.go:2036 +0xc3\n"}
{"Time":"2026-09-21T14:24:53.7710843-04:00","Action":"output","Package":"github.com/qompack/qompack/test/guards","Test":"TestCarriedDefects_OpenRowsHaveLivingEvidence/SP20-D6","Output":"created by testing.(*T).Run in goroutine 32\n"}
{"Time":"2026-09-21T14:24:53.7710843-04:00","Action":"output","Package":"github.com/qompack/qompack/test/guards","Test":"TestCarriedDefects_OpenRowsHaveLivingEvidence/SP20-D6","Output":"\tC:/Users/Quant/go/pkg/mod/golang.org/toolchain@v0.0.1-go1.26.6.windows-amd64/src/testing/testing.go:2101 +0x4a9\n"}
{"Time":"2026-09-21T14:24:53.7710843-04:00","Action":"output","Package":"github.com/qompack/qompack/test/guards","Test":"TestCarriedDefects_OpenRowsHaveLivingEvidence/SP20-D6","Output":"\n"}
{"Time":"2026-09-21T14:24:53.7710843-04:00","Action":"output","Package":"github.com/qompack/qompack/test/guards","Test":"TestCarriedDefects_OpenRowsHaveLivingEvidence/SP20-D6","Output":"goroutine 344 [syscall]:\n"}
{"Time":"2026-09-21T14:24:53.7710843-04:00","Action":"output","Package":"github.com/qompack/qompack/test/guards","Test":"TestCarriedDefects_OpenRowsHaveLivingEvidence/SP20-D6","Output":"syscall.syscalln(0x0?, 0x0?, {0x1190868dfac8?, 0x119086726fc0?, 0x0?})\n"}
{"Time":"2026-09-21T14:24:53.7710843-04:00","Action":"output","Package":"github.com/qompack/qompack/test/guards","Test":"TestCarriedDefects_OpenRowsHaveLivingEvidence/SP20-D6","Output":"\tC:/Users/Quant/go/pkg/mod/golang.org/toolchain@v0.0.1-go1.26.6.windows-amd64/src/runtime/syscall_windows.go:431 +0x4e\n"}
{"Time":"2026-09-21T14:24:53.7710843-04:00","Action":"output","Package":"github.com/qompack/qompack/test/guards","Test":"TestCarriedDefects_OpenRowsHaveLivingEvidence/SP20-D6","Output":"syscall.SyscallN(0x60?, {0x1190868dfac8?, 0x1190865d8810?, 0x3?})\n"}
{"Time":"2026-09-21T14:24:53.7710843-04:00","Action":"output","Package":"github.com/qompack/qompack/test/guards","Test":"TestCarriedDefects_OpenRowsHaveLivingEvidence/SP20-D6","Output":"\tC:/Users/Quant/go/pkg/mod/golang.org/toolchain@v0.0.1-go1.26.6.windows-amd64/src/syscall/dll_windows.go:99 +0x1e\n"}
{"Time":"2026-09-21T14:24:53.7710843-04:00","Action":"output","Package":"github.com/qompack/qompack/test/guards","Test":"TestCarriedDefects_OpenRowsHaveLivingEvidence/SP20-D6","Output":"syscall.readFile(0x4e0, {0x119086784000?, 0x8000, 0x119086602000?}, 0x7ff6c4340340?, 0x7?)\n"}
{"Time":"2026-09-21T14:24:53.7710843-04:00","Action":"output","Package":"github.com/qompack/qompack/test/guards","Test":"TestCarriedDefects_OpenRowsHaveLivingEvidence/SP20-D6","Output":"\tC:/Users/Quant/go/pkg/mod/golang.org/toolchain@v0.0.1-go1.26.6.windows-amd64/src/syscall/zsyscall_windows.go:1030 +0xba\n"}
{"Time":"2026-09-21T14:24:53.7710843-04:00","Action":"output","Package":"github.com/qompack/qompack/test/guards","Test":"TestCarriedDefects_OpenRowsHaveLivingEvidence/SP20-D6","Output":"syscall.ReadFile(...)\n"}
{"Time":"2026-09-21T14:24:53.7710843-04:00","Action":"output","Package":"github.com/qompack/qompack/test/guards","Test":"TestCarriedDefects_OpenRowsHaveLivingEvidence/SP20-D6","Output":"\tC:/Users/Quant/go/pkg/mod/golang.org/toolchain@v0.0.1-go1.26.6.windows-amd64/src/syscall/syscall_windows.go:510\n"}
{"Time":"2026-09-21T14:24:53.7710843-04:00","Action":"output","Package":"github.com/qompack/qompack/test/guards","Test":"TestCarriedDefects_OpenRowsHaveLivingEvidence/SP20-D6","Output":"internal/poll.(*FD).Read.func1(0x7ff6c495c780?)\n"}
{"Time":"2026-09-21T14:24:53.7710843-04:00","Action":"output","Package":"github.com/qompack/qompack/test/guards","Test":"TestCarriedDefects_OpenRowsHaveLivingEvidence/SP20-D6","Output":"\tC:/Users/Quant/go/pkg/mod/golang.org/toolchain@v0.0.1-go1.26.6.windows-amd64/src/internal/poll/fd_windows.go:586 +0x4a\n"}
{"Time":"2026-09-21T14:24:53.7710843-04:00","Action":"output","Package":"github.com/qompack/qompack/test/guards","Test":"TestCarriedDefects_OpenRowsHaveLivingEvidence/SP20-D6","Output":"internal/poll.(*FD).execIO(0x119086704240, 0x72, 0x1190868dfce8)\n"}
{"Time":"2026-09-21T14:24:53.7710843-04:00","Action":"output","Package":"github.com/qompack/qompack/test/guards","Test":"TestCarriedDefects_OpenRowsHaveLivingEvidence/SP20-D6","Output":"\tC:/Users/Quant/go/pkg/mod/golang.org/toolchain@v0.0.1-go1.26.6.windows-amd64/src/internal/poll/fd_windows.go:304 +0x2c9\n"}
{"Time":"2026-09-21T14:24:53.7710843-04:00","Action":"output","Package":"github.com/qompack/qompack/test/guards","Test":"TestCarriedDefects_OpenRowsHaveLivingEvidence/SP20-D6","Output":"internal/poll.(*FD).Read(0x119086704240, {0x119086784000, 0x8000, 0x8000})\n"}
{"Time":"2026-09-21T14:24:53.7710843-04:00","Action":"output","Package":"github.com/qompack/qompack/test/guards","Test":"TestCarriedDefects_OpenRowsHaveLivingEvidence/SP20-D6","Output":"\tC:/Users/Quant/go/pkg/mod/golang.org/toolchain@v0.0.1-go1.26.6.windows-amd64/src/internal/poll/fd_windows.go:585 +0x290\n"}
{"Time":"2026-09-21T14:24:53.7710843-04:00","Action":"output","Package":"github.com/qompack/qompack/test/guards","Test":"TestCarriedDefects_OpenRowsHaveLivingEvidence/SP20-D6","Output":"os.(*File).read(...)\n"}
{"Time":"2026-09-21T14:24:53.7710843-04:00","Action":"output","Package":"github.com/qompack/qompack/test/guards","Test":"TestCarriedDefects_OpenRowsHaveLivingEvidence/SP20-D6","Output":"\tC:/Users/Quant/go/pkg/mod/golang.org/toolchain@v0.0.1-go1.26.6.windows-amd64/src/os/file_posix.go:30\n"}
{"Time":"2026-09-21T14:24:53.7710843-04:00","Action":"output","Package":"github.com/qompack/qompack/test/guards","Test":"TestCarriedDefects_OpenRowsHaveLivingEvidence/SP20-D6","Output":"os.(*File).Read(0x119086826048, {0x119086784000?, 0x7ff6c435b1c0?, 0x7ff6c477a801?})\n"}
{"Time":"2026-09-21T14:24:53.7710843-04:00","Action":"output","Package":"github.com/qompack/qompack/test/guards","Test":"TestCarriedDefects_OpenRowsHaveLivingEvidence/SP20-D6","Output":"\tC:/Users/Quant/go/pkg/mod/golang.org/toolchain@v0.0.1-go1.26.6.windows-amd64/src/os/file.go:144 +0x4f\n"}
{"Time":"2026-09-21T14:24:53.7710843-04:00","Action":"output","Package":"github.com/qompack/qompack/test/guards","Test":"TestCarriedDefects_OpenRowsHaveLivingEvidence/SP20-D6","Output":"io.copyBuffer({0x7ff6c448b840, 0x119086a50050}, {0x7ff6c448af40, 0x119086826048}, {0x0, 0x0, 0x0})\n"}
{"Time":"2026-09-21T14:24:53.7710843-04:00","Action":"output","Package":"github.com/qompack/qompack/test/guards","Test":"TestCarriedDefects_OpenRowsHaveLivingEvidence/SP20-D6","Output":"\tC:/Users/Quant/go/pkg/mod/golang.org/toolchain@v0.0.1-go1.26.6.windows-amd64/src/io/io.go:429 +0x190\n"}
{"Time":"2026-09-21T14:24:53.7710843-04:00","Action":"output","Package":"github.com/qompack/qompack/test/guards","Test":"TestCarriedDefects_OpenRowsHaveLivingEvidence/SP20-D6","Output":"io.Copy(...)\n"}
{"Time":"2026-09-21T14:24:53.7710843-04:00","Action":"output","Package":"github.com/qompack/qompack/test/guards","Test":"TestCarriedDefects_OpenRowsHaveLivingEvidence/SP20-D6","Output":"\tC:/Users/Quant/go/pkg/mod/golang.org/toolchain@v0.0.1-go1.26.6.windows-amd64/src/io/io.go:388\n"}
{"Time":"2026-09-21T14:24:53.7710843-04:00","Action":"output","Package":"github.com/qompack/qompack/test/guards","Test":"TestCarriedDefects_OpenRowsHaveLivingEvidence/SP20-D6","Output":"os.genericWriteTo(0x40?, {0x7ff6c448b840?, 0x119086a50050?})\n"}
{"Time":"2026-09-21T14:24:53.7710843-04:00","Action":"output","Package":"github.com/qompack/qompack/test/guards","Test":"TestCarriedDefects_OpenRowsHaveLivingEvidence/SP20-D6","Output":"\tC:/Users/Quant/go/pkg/mod/golang.org/toolchain@v0.0.1-go1.26.6.windows-amd64/src/os/file.go:295 +0x35\n"}
{"Time":"2026-09-21T14:24:53.7710843-04:00","Action":"output","Package":"github.com/qompack/qompack/test/guards","Test":"TestCarriedDefects_OpenRowsHaveLivingEvidence/SP20-D6","Output":"os.(*File).WriteTo(0x7ff6c428b229?, {0x7ff6c448b840?, 0x119086a50050?})\n"}
{"Time":"2026-09-21T14:24:53.7710843-04:00","Action":"output","Package":"github.com/qompack/qompack/test/guards","Test":"TestCarriedDefects_OpenRowsHaveLivingEvidence/SP20-D6","Output":"\tC:/Users/Quant/go/pkg/mod/golang.org/toolchain@v0.0.1-go1.26.6.windows-amd64/src/os/file.go:273 +0x49\n"}
{"Time":"2026-09-21T14:24:53.7710843-04:00","Action":"output","Package":"github.com/qompack/qompack/test/guards","Test":"TestCarriedDefects_OpenRowsHaveLivingEvidence/SP20-D6","Output":"io.copyBuffer({0x7ff6c448b840, 0x119086a50050}, {0x7ff6c448b040, 0x119086826048}, {0x0, 0x0, 0x0})\n"}
{"Time":"2026-09-21T14:24:53.7710843-04:00","Action":"output","Package":"github.com/qompack/qompack/test/guards","Test":"TestCarriedDefects_OpenRowsHaveLivingEvidence/SP20-D6","Output":"\tC:/Users/Quant/go/pkg/mod/golang.org/toolchain@v0.0.1-go1.26.6.windows-amd64/src/io/io.go:411 +0x9d\n"}
{"Time":"2026-09-21T14:24:53.7710843-04:00","Action":"output","Package":"github.com/qompack/qompack/test/guards","Test":"TestCarriedDefects_OpenRowsHaveLivingEvidence/SP20-D6","Output":"io.Copy(...)\n"}
{"Time":"2026-09-21T14:24:53.7710843-04:00","Action":"output","Package":"github.com/qompack/qompack/test/guards","Test":"TestCarriedDefects_OpenRowsHaveLivingEvidence/SP20-D6","Output":"\tC:/Users/Quant/go/pkg/mod/golang.org/toolchain@v0.0.1-go1.26.6.windows-amd64/src/io/io.go:388\n"}
{"Time":"2026-09-21T14:24:53.7710843-04:00","Action":"output","Package":"github.com/qompack/qompack/test/guards","Test":"TestCarriedDefects_OpenRowsHaveLivingEvidence/SP20-D6","Output":"os/exec.(*Cmd).writerDescriptor.func1()\n"}
{"Time":"2026-09-21T14:24:53.7710843-04:00","Action":"output","Package":"github.com/qompack/qompack/test/guards","Test":"TestCarriedDefects_OpenRowsHaveLivingEvidence/SP20-D6","Output":"\tC:/Users/Quant/go/pkg/mod/golang.org/toolchain@v0.0.1-go1.26.6.windows-amd64/src/os/exec/exec.go:602 +0x34\n"}
{"Time":"2026-09-21T14:24:53.7717811-04:00","Action":"output","Package":"github.com/qompack/qompack/test/guards","Test":"TestCarriedDefects_OpenRowsHaveLivingEvidence/SP20-D6","Output":"os/exec.(*Cmd).Start.func2(0x1190865ca000?)\n"}
{"Time":"2026-09-21T14:24:53.7717811-04:00","Action":"output","Package":"github.com/qompack/qompack/test/guards","Test":"TestCarriedDefects_OpenRowsHaveLivingEvidence/SP20-D6","Output":"\tC:/Users/Quant/go/pkg/mod/golang.org/toolchain@v0.0.1-go1.26.6.windows-amd64/src/os/exec/exec.go:757 +0x2c\n"}
{"Time":"2026-09-21T14:24:53.7717811-04:00","Action":"output","Package":"github.com/qompack/qompack/test/guards","Test":"TestCarriedDefects_OpenRowsHaveLivingEvidence/SP20-D6","Output":"created by os/exec.(*Cmd).Start in goroutine 342\n"}
{"Time":"2026-09-21T14:24:53.7717811-04:00","Action":"output","Package":"github.com/qompack/qompack/test/guards","Test":"TestCarriedDefects_OpenRowsHaveLivingEvidence/SP20-D6","Output":"\tC:/Users/Quant/go/pkg/mod/golang.org/toolchain@v0.0.1-go1.26.6.windows-amd64/src/os/exec/exec.go:756 +0x9c5\n"}
{"Time":"2026-09-21T14:24:53.7717811-04:00","Action":"output","Package":"github.com/qompack/qompack/test/guards","Test":"TestCarriedDefects_OpenRowsHaveLivingEvidence/SP20-D6","Output":"\n"}
{"Time":"2026-09-21T14:24:53.7717811-04:00","Action":"output","Package":"github.com/qompack/qompack/test/guards","Test":"TestCarriedDefects_OpenRowsHaveLivingEvidence/SP20-D6","Output":"goroutine 144 [syscall, 9 minutes]:\n"}
{"Time":"2026-09-21T14:24:53.7717811-04:00","Action":"output","Package":"github.com/qompack/qompack/test/guards","Test":"TestCarriedDefects_OpenRowsHaveLivingEvidence/SP20-D6","Output":"syscall.syscalln(0x0?, 0x0?, {0x1190866c9f08?, 0x1190865e6ee0?, 0x0?})\n"}
{"Time":"2026-09-21T14:24:53.7717811-04:00","Action":"output","Package":"github.com/qompack/qompack/test/guards","Test":"TestCarriedDefects_OpenRowsHaveLivingEvidence/SP20-D6","Output":"\tC:/Users/Quant/go/pkg/mod/golang.org/toolchain@v0.0.1-go1.26.6.windows-amd64/src/runtime/syscall_windows.go:431 +0x4e\n"}
{"Time":"2026-09-21T14:24:53.7717811-04:00","Action":"output","Package":"github.com/qompack/qompack/test/guards","Test":"TestCarriedDefects_OpenRowsHaveLivingEvidence/SP20-D6","Output":"syscall.SyscallN(0x7ff6c4965300?, {0x1190866c9f08?, 0x119086490780?, 0x1190867074f8?})\n"}
{"Time":"2026-09-21T14:24:53.7717811-04:00","Action":"output","Package":"github.com/qompack/qompack/test/guards","Test":"TestCarriedDefects_OpenRowsHaveLivingEvidence/SP20-D6","Output":"\tC:/Users/Quant/go/pkg/mod/golang.org/toolchain@v0.0.1-go1.26.6.windows-amd64/src/syscall/dll_windows.go:99 +0x1e\n"}
{"Time":"2026-09-21T14:24:53.7717811-04:00","Action":"output","Package":"github.com/qompack/qompack/test/guards","Test":"TestCarriedDefects_OpenRowsHaveLivingEvidence/SP20-D6","Output":"github.com/Microsoft/go-winio.getQueuedCompletionStatus(0x218, 0x7ff6c3e398a3?, 0x0?, 0x11908658aa80?, 0xffffffff)\n"}
{"Time":"2026-09-21T14:24:53.7717811-04:00","Action":"output","Package":"github.com/qompack/qompack/test/guards","Test":"TestCarriedDefects_OpenRowsHaveLivingEvidence/SP20-D6","Output":"\tC:/Users/Quant/go/pkg/mod/github.com/!microsoft/go-winio@v0.6.2/zsyscall_windows.go:327 +0xac\n"}
{"Time":"2026-09-21T14:24:53.7717811-04:00","Action":"output","Package":"github.com/qompack/qompack/test/guards","Test":"TestCarriedDefects_OpenRowsHaveLivingEvidence/SP20-D6","Output":"github.com/Microsoft/go-winio.ioCompletionProcessor(0x218)\n"}
{"Time":"2026-09-21T14:24:53.7717811-04:00","Action":"output","Package":"github.com/qompack/qompack/test/guards","Test":"TestCarriedDefects_OpenRowsHaveLivingEvidence/SP20-D6","Output":"\tC:/Users/Quant/go/pkg/mod/github.com/!microsoft/go-winio@v0.6.2/file.go:162 +0x85\n"}
{"Time":"2026-09-21T14:24:53.7717811-04:00","Action":"output","Package":"github.com/qompack/qompack/test/guards","Test":"TestCarriedDefects_OpenRowsHaveLivingEvidence/SP20-D6","Output":"created by github.com/Microsoft/go-winio.initIO in goroutine 119\n"}
{"Time":"2026-09-21T14:24:53.7717811-04:00","Action":"output","Package":"github.com/qompack/qompack/test/guards","Test":"TestCarriedDefects_OpenRowsHaveLivingEvidence/SP20-D6","Output":"\tC:/Users/Quant/go/pkg/mod/github.com/!microsoft/go-winio@v0.6.2/file.go:58 +0x5d\n"}
{"Time":"2026-09-21T14:24:53.7717811-04:00","Action":"output","Package":"github.com/qompack/qompack/test/guards","Test":"TestCarriedDefects_OpenRowsHaveLivingEvidence/SP20-D6","Output":"\n"}
{"Time":"2026-09-21T14:24:53.7717811-04:00","Action":"output","Package":"github.com/qompack/qompack/test/guards","Test":"TestCarriedDefects_OpenRowsHaveLivingEvidence/SP20-D6","Output":"goroutine 343 [syscall]:\n"}
{"Time":"2026-09-21T14:24:53.7717811-04:00","Action":"output","Package":"github.com/qompack/qompack/test/guards","Test":"TestCarriedDefects_OpenRowsHaveLivingEvidence/SP20-D6","Output":"syscall.syscalln(0x0?, 0x0?, {0x119086711a70?, 0x1?, 0x0?})\n"}
{"Time":"2026-09-21T14:24:53.7717811-04:00","Action":"output","Package":"github.com/qompack/qompack/test/guards","Test":"TestCarriedDefects_OpenRowsHaveLivingEvidence/SP20-D6","Output":"\tC:/Users/Quant/go/pkg/mod/golang.org/toolchain@v0.0.1-go1.26.6.windows-amd64/src/runtime/syscall_windows.go:431 +0x4e\n"}
{"Time":"2026-09-21T14:24:53.7717811-04:00","Action":"output","Package":"github.com/qompack/qompack/test/guards","Test":"TestCarriedDefects_OpenRowsHaveLivingEvidence/SP20-D6","Output":"syscall.SyscallN(0x1190866ee3f0?, {0x119086711a70?, 0x0?, 0x18f?})\n"}
{"Time":"2026-09-21T14:24:53.7717811-04:00","Action":"output","Package":"github.com/qompack/qompack/test/guards","Test":"TestCarriedDefects_OpenRowsHaveLivingEvidence/SP20-D6","Output":"\tC:/Users/Quant/go/pkg/mod/golang.org/toolchain@v0.0.1-go1.26.6.windows-amd64/src/syscall/dll_windows.go:99 +0x1e\n"}
{"Time":"2026-09-21T14:24:53.7717811-04:00","Action":"output","Package":"github.com/qompack/qompack/test/guards","Test":"TestCarriedDefects_OpenRowsHaveLivingEvidence/SP20-D6","Output":"syscall.readFile(0x404, {0x1190864785f0?, 0x210, 0x7ff6c3daf1ff?}, 0x7ff6c4340340?, 0x7ff6c3daf277?)\n"}
{"Time":"2026-09-21T14:24:53.7717811-04:00","Action":"output","Package":"github.com/qompack/qompack/test/guards","Test":"TestCarriedDefects_OpenRowsHaveLivingEvidence/SP20-D6","Output":"\tC:/Users/Quant/go/pkg/mod/golang.org/toolchain@v0.0.1-go1.26.6.windows-amd64/src/syscall/zsyscall_windows.go:1030 +0xba\n"}
{"Time":"2026-09-21T14:24:53.7717811-04:00","Action":"output","Package":"github.com/qompack/qompack/test/guards","Test":"TestCarriedDefects_OpenRowsHaveLivingEvidence/SP20-D6","Output":"syscall.ReadFile(...)\n"}
{"Time":"2026-09-21T14:24:53.7717811-04:00","Action":"output","Package":"github.com/qompack/qompack/test/guards","Test":"TestCarriedDefects_OpenRowsHaveLivingEvidence/SP20-D6","Output":"\tC:/Users/Quant/go/pkg/mod/golang.org/toolchain@v0.0.1-go1.26.6.windows-amd64/src/syscall/syscall_windows.go:510\n"}
{"Time":"2026-09-21T14:24:53.7717811-04:00","Action":"output","Package":"github.com/qompack/qompack/test/guards","Test":"TestCarriedDefects_OpenRowsHaveLivingEvidence/SP20-D6","Output":"internal/poll.(*FD).Read.func1(0x7ff6c495c780?)\n"}
{"Time":"2026-09-21T14:24:53.7717811-04:00","Action":"output","Package":"github.com/qompack/qompack/test/guards","Test":"TestCarriedDefects_OpenRowsHaveLivingEvidence/SP20-D6","Output":"\tC:/Users/Quant/go/pkg/mod/golang.org/toolchain@v0.0.1-go1.26.6.windows-amd64/src/internal/poll/fd_windows.go:586 +0x4a\n"}
{"Time":"2026-09-21T14:24:53.7717811-04:00","Action":"output","Package":"github.com/qompack/qompack/test/guards","Test":"TestCarriedDefects_OpenRowsHaveLivingEvidence/SP20-D6","Output":"internal/poll.(*FD).execIO(0x1190867040c0, 0x72, 0x119086711c90)\n"}
{"Time":"2026-09-21T14:24:53.7724193-04:00","Action":"output","Package":"github.com/qompack/qompack/test/guards","Test":"TestCarriedDefects_OpenRowsHaveLivingEvidence/SP20-D6","Output":"\tC:/Users/Quant/go/pkg/mod/golang.org/toolchain@v0.0.1-go1.26.6.windows-amd64/src/internal/poll/fd_windows.go:304 +0x2c9\n"}
{"Time":"2026-09-21T14:24:53.7724193-04:00","Action":"output","Package":"github.com/qompack/qompack/test/guards","Test":"TestCarriedDefects_OpenRowsHaveLivingEvidence/SP20-D6","Output":"internal/poll.(*FD).Read(0x1190867040c0, {0x1190864785f0, 0x210, 0x210})\n"}
{"Time":"2026-09-21T14:24:53.7724193-04:00","Action":"output","Package":"github.com/qompack/qompack/test/guards","Test":"TestCarriedDefects_OpenRowsHaveLivingEvidence/SP20-D6","Output":"\tC:/Users/Quant/go/pkg/mod/golang.org/toolchain@v0.0.1-go1.26.6.windows-amd64/src/internal/poll/fd_windows.go:585 +0x290\n"}
{"Time":"2026-09-21T14:24:53.7724193-04:00","Action":"output","Package":"github.com/qompack/qompack/test/guards","Test":"TestCarriedDefects_OpenRowsHaveLivingEvidence/SP20-D6","Output":"os.(*File).read(...)\n"}
{"Time":"2026-09-21T14:24:53.7724193-04:00","Action":"output","Package":"github.com/qompack/qompack/test/guards","Test":"TestCarriedDefects_OpenRowsHaveLivingEvidence/SP20-D6","Output":"\tC:/Users/Quant/go/pkg/mod/golang.org/toolchain@v0.0.1-go1.26.6.windows-amd64/src/os/file_posix.go:30\n"}
{"Time":"2026-09-21T14:24:53.7724193-04:00","Action":"output","Package":"github.com/qompack/qompack/test/guards","Test":"TestCarriedDefects_OpenRowsHaveLivingEvidence/SP20-D6","Output":"os.(*File).Read(0x119086826020, {0x1190864785f0?, 0x7ff6c3d57354?, 0x3c?})\n"}
{"Time":"2026-09-21T14:24:53.7724193-04:00","Action":"output","Package":"github.com/qompack/qompack/test/guards","Test":"TestCarriedDefects_OpenRowsHaveLivingEvidence/SP20-D6","Output":"\tC:/Users/Quant/go/pkg/mod/golang.org/toolchain@v0.0.1-go1.26.6.windows-amd64/src/os/file.go:144 +0x4f\n"}
{"Time":"2026-09-21T14:24:53.7724193-04:00","Action":"output","Package":"github.com/qompack/qompack/test/guards","Test":"TestCarriedDefects_OpenRowsHaveLivingEvidence/SP20-D6","Output":"bytes.(*Buffer).ReadFrom(0x119086a4c480, {0x7ff6c448af40, 0x119086826020})\n"}
{"Time":"2026-09-21T14:24:53.7724193-04:00","Action":"output","Package":"github.com/qompack/qompack/test/guards","Test":"TestCarriedDefects_OpenRowsHaveLivingEvidence/SP20-D6","Output":"\tC:/Users/Quant/go/pkg/mod/golang.org/toolchain@v0.0.1-go1.26.6.windows-amd64/src/bytes/buffer.go:229 +0x98\n"}
{"Time":"2026-09-21T14:24:53.7724193-04:00","Action":"output","Package":"github.com/qompack/qompack/test/guards","Test":"TestCarriedDefects_OpenRowsHaveLivingEvidence/SP20-D6","Output":"io.copyBuffer({0x7ff6c448b120, 0x119086a4c480}, {0x7ff6c448af40, 0x119086826020}, {0x0, 0x0, 0x0})\n"}
{"Time":"2026-09-21T14:24:53.7724193-04:00","Action":"output","Package":"github.com/qompack/qompack/test/guards","Test":"TestCarriedDefects_OpenRowsHaveLivingEvidence/SP20-D6","Output":"\tC:/Users/Quant/go/pkg/mod/golang.org/toolchain@v0.0.1-go1.26.6.windows-amd64/src/io/io.go:415 +0x151\n"}
{"Time":"2026-09-21T14:24:53.7724193-04:00","Action":"output","Package":"github.com/qompack/qompack/test/guards","Test":"TestCarriedDefects_OpenRowsHaveLivingEvidence/SP20-D6","Output":"io.Copy(...)\n"}
{"Time":"2026-09-21T14:24:53.7724193-04:00","Action":"output","Package":"github.com/qompack/qompack/test/guards","Test":"TestCarriedDefects_OpenRowsHaveLivingEvidence/SP20-D6","Output":"\tC:/Users/Quant/go/pkg/mod/golang.org/toolchain@v0.0.1-go1.26.6.windows-amd64/src/io/io.go:388\n"}
{"Time":"2026-09-21T14:24:53.7724193-04:00","Action":"output","Package":"github.com/qompack/qompack/test/guards","Test":"TestCarriedDefects_OpenRowsHaveLivingEvidence/SP20-D6","Output":"os.genericWriteTo(0x0?, {0x7ff6c448b120?, 0x119086a4c480?})\n"}
{"Time":"2026-09-21T14:24:53.7724193-04:00","Action":"output","Package":"github.com/qompack/qompack/test/guards","Test":"TestCarriedDefects_OpenRowsHaveLivingEvidence/SP20-D6","Output":"\tC:/Users/Quant/go/pkg/mod/golang.org/toolchain@v0.0.1-go1.26.6.windows-amd64/src/os/file.go:295 +0x35\n"}
{"Time":"2026-09-21T14:24:53.7724193-04:00","Action":"output","Package":"github.com/qompack/qompack/test/guards","Test":"TestCarriedDefects_OpenRowsHaveLivingEvidence/SP20-D6","Output":"os.(*File).WriteTo(0x7ff6c3d5863f?, {0x7ff6c448b120?, 0x119086a4c480?})\n"}
{"Time":"2026-09-21T14:24:53.7724193-04:00","Action":"output","Package":"github.com/qompack/qompack/test/guards","Test":"TestCarriedDefects_OpenRowsHaveLivingEvidence/SP20-D6","Output":"\tC:/Users/Quant/go/pkg/mod/golang.org/toolchain@v0.0.1-go1.26.6.windows-amd64/src/os/file.go:273 +0x49\n"}
{"Time":"2026-09-21T14:24:53.7724193-04:00","Action":"output","Package":"github.com/qompack/qompack/test/guards","Test":"TestCarriedDefects_OpenRowsHaveLivingEvidence/SP20-D6","Output":"io.copyBuffer({0x7ff6c448b120, 0x119086a4c480}, {0x7ff6c448b040, 0x119086826020}, {0x0, 0x0, 0x0})\n"}
{"Time":"2026-09-21T14:24:53.7724193-04:00","Action":"output","Package":"github.com/qompack/qompack/test/guards","Test":"TestCarriedDefects_OpenRowsHaveLivingEvidence/SP20-D6","Output":"\tC:/Users/Quant/go/pkg/mod/golang.org/toolchain@v0.0.1-go1.26.6.windows-amd64/src/io/io.go:411 +0x9d\n"}
{"Time":"2026-09-21T14:24:53.7724193-04:00","Action":"output","Package":"github.com/qompack/qompack/test/guards","Test":"TestCarriedDefects_OpenRowsHaveLivingEvidence/SP20-D6","Output":"io.Copy(...)\n"}
{"Time":"2026-09-21T14:24:53.7724193-04:00","Action":"output","Package":"github.com/qompack/qompack/test/guards","Test":"TestCarriedDefects_OpenRowsHaveLivingEvidence/SP20-D6","Output":"\tC:/Users/Quant/go/pkg/mod/golang.org/toolchain@v0.0.1-go1.26.6.windows-amd64/src/io/io.go:388\n"}
{"Time":"2026-09-21T14:24:53.7724193-04:00","Action":"output","Package":"github.com/qompack/qompack/test/guards","Test":"TestCarriedDefects_OpenRowsHaveLivingEvidence/SP20-D6","Output":"os/exec.(*Cmd).writerDescriptor.func1()\n"}
{"Time":"2026-09-21T14:24:53.7724193-04:00","Action":"output","Package":"github.com/qompack/qompack/test/guards","Test":"TestCarriedDefects_OpenRowsHaveLivingEvidence/SP20-D6","Output":"\tC:/Users/Quant/go/pkg/mod/golang.org/toolchain@v0.0.1-go1.26.6.windows-amd64/src/os/exec/exec.go:602 +0x34\n"}
{"Time":"2026-09-21T14:24:53.7724193-04:00","Action":"output","Package":"github.com/qompack/qompack/test/guards","Test":"TestCarriedDefects_OpenRowsHaveLivingEvidence/SP20-D6","Output":"os/exec.(*Cmd).Start.func2(0x6863696877202c60?)\n"}
{"Time":"2026-09-21T14:24:53.7724193-04:00","Action":"output","Package":"github.com/qompack/qompack/test/guards","Test":"TestCarriedDefects_OpenRowsHaveLivingEvidence/SP20-D6","Output":"\tC:/Users/Quant/go/pkg/mod/golang.org/toolchain@v0.0.1-go1.26.6.windows-amd64/src/os/exec/exec.go:757 +0x2c\n"}
{"Time":"2026-09-21T14:24:53.7729905-04:00","Action":"output","Package":"github.com/qompack/qompack/test/guards","Test":"TestCarriedDefects_OpenRowsHaveLivingEvidence/SP20-D6","Output":"created by os/exec.(*Cmd).Start in goroutine 342\n"}
{"Time":"2026-09-21T14:24:53.7729905-04:00","Action":"output","Package":"github.com/qompack/qompack/test/guards","Test":"TestCarriedDefects_OpenRowsHaveLivingEvidence/SP20-D6","Output":"\tC:/Users/Quant/go/pkg/mod/golang.org/toolchain@v0.0.1-go1.26.6.windows-amd64/src/os/exec/exec.go:756 +0x9c5\n"}
{"Time":"2026-09-21T14:24:53.7831149-04:00","Action":"output","Package":"github.com/qompack/qompack/test/guards","Output":"FAIL\tgithub.com/qompack/qompack/test/guards\t600.276s\n"}
{"Time":"2026-09-21T14:24:53.7831149-04:00","Action":"fail","Package":"github.com/qompack/qompack/test/guards","Elapsed":600.276}
