=== RUN   TestAdminShutdownReplyReachesTheCallerOverTheTransport
--- PASS: TestAdminShutdownReplyReachesTheCallerOverTheTransport (0.06s)
=== RUN   TestResolveBlob_NilEventLeavesBlobFileUntouched
=== PAUSE TestResolveBlob_NilEventLeavesBlobFileUntouched
=== RUN   TestResolveBlob_NonBlobRawIsUntouched
=== PAUSE TestResolveBlob_NonBlobRawIsUntouched
=== RUN   TestResolveBlob_RefusesPathTraversal
=== PAUSE TestResolveBlob_RefusesPathTraversal
=== RUN   TestResolveBlob_RestoresAndDeletes
=== PAUSE TestResolveBlob_RestoresAndDeletes
=== RUN   TestBorrowedLease_SurvivesDaemonUntilCallerClosesWriters
--- PASS: TestBorrowedLease_SurvivesDaemonUntilCallerClosesWriters (0.08s)
=== RUN   TestBorrowedLease_RejectsWrongProjectAndReleasedLease
--- PASS: TestBorrowedLease_RejectsWrongProjectAndReleasedLease (0.02s)
=== RUN   TestBorrowedLease_ReportsResidualOnlyAfterOwnerRelease
--- PASS: TestBorrowedLease_ReportsResidualOnlyAfterOwnerRelease (0.12s)
=== RUN   TestBreachDetectorTransitionsAfterThreeWindows
=== PAUSE TestBreachDetectorTransitionsAfterThreeWindows
=== RUN   TestBreachDetectorResetsOnCleanWindow
=== PAUSE TestBreachDetectorResetsOnCleanWindow
=== RUN   TestBreachDetectorRevertsAfterThreeCleanWindows
=== PAUSE TestBreachDetectorRevertsAfterThreeCleanWindows
=== RUN   TestBreachDetectorPartialWindowNeverCloses
=== PAUSE TestBreachDetectorPartialWindowNeverCloses
=== RUN   TestBreachDetectorReset
=== PAUSE TestBreachDetectorReset
=== RUN   TestBreachDetectorObserveReportsClosedOnlyOnTheWindowBoundary
=== PAUSE TestBreachDetectorObserveReportsClosedOnlyOnTheWindowBoundary
=== RUN   TestPercentileDurationP99
=== PAUSE TestPercentileDurationP99
=== RUN   TestDispatchOp_OutOfProjectDirectIPCDoesNotReachWAL
--- PASS: TestDispatchOp_OutOfProjectDirectIPCDoesNotReachWAL (0.00s)
=== RUN   TestAdmitDelivery_ForgedOKCaptureWithOutOfProjectPathDenied
--- PASS: TestAdmitDelivery_ForgedOKCaptureWithOutOfProjectPathDenied (0.00s)
=== RUN   TestAdmitDelivery_ForgedOKInProjectEventButOutOfProjectBytesDenied
--- PASS: TestAdmitDelivery_ForgedOKInProjectEventButOutOfProjectBytesDenied (0.01s)
=== RUN   TestAdmitDelivery_OKCaptureWithDroppedPathUnavailable
--- PASS: TestAdmitDelivery_OKCaptureWithDroppedPathUnavailable (0.00s)
=== RUN   TestAdmitDelivery_DegradedWithOutOfProjectBytesRefused
--- PASS: TestAdmitDelivery_DegradedWithOutOfProjectBytesRefused (0.00s)
=== RUN   TestAdmitDelivery_ByteFreeDegradedAdmittedAsEvidence
--- PASS: TestAdmitDelivery_ByteFreeDegradedAdmittedAsEvidence (0.00s)
=== RUN   TestAdmitDelivery_OKCaptureInProjectAdmitted
--- PASS: TestAdmitDelivery_OKCaptureInProjectAdmitted (0.00s)
=== RUN   TestAdmitDelivery_PathlessBashOKCaptureAdmitted
--- PASS: TestAdmitDelivery_PathlessBashOKCaptureAdmitted (0.00s)
=== RUN   TestAdmitDelivery_NoCaptureOutOfProjectDeniedBeforePolicy
--- PASS: TestAdmitDelivery_NoCaptureOutOfProjectDeniedBeforePolicy (0.00s)
=== RUN   TestCheckpointReplay_DoesNotReopenACompactStartAlreadyObserved
--- PASS: TestCheckpointReplay_DoesNotReopenACompactStartAlreadyObserved (0.17s)
=== RUN   TestCheckpointReplay_StillArmsWhenNoStartHasFollowed
--- PASS: TestCheckpointReplay_StillArmsWhenNoStartHasFollowed (0.04s)
=== RUN   TestSessionStartReplay_AStartFromBeforeThePreCompactLeavesItsObligationPending
--- PASS: TestSessionStartReplay_AStartFromBeforeThePreCompactLeavesItsObligationPending (0.16s)
=== RUN   TestCheckpointRoute_SealsWithoutRenderingOrRecordingAnInstruction
--- PASS: TestCheckpointRoute_SealsWithoutRenderingOrRecordingAnInstruction (0.12s)
=== RUN   TestCheckpointRoute_AnswersEmptyWhateverTheSeamReturns
--- PASS: TestCheckpointRoute_AnswersEmptyWhateverTheSeamReturns (0.04s)
=== RUN   TestStatus_AnObservedHandshakeRefreshesTheContractSnapshot
--- PASS: TestStatus_AnObservedHandshakeRefreshesTheContractSnapshot (0.05s)
=== RUN   TestStatus_AHandshakeOnlyTheDaemonSawStillRefreshes
--- PASS: TestStatus_AHandshakeOnlyTheDaemonSawStillRefreshes (0.04s)
=== RUN   TestStatus_AnObservedSentinelRefreshesTheContractSnapshot
--- PASS: TestStatus_AnObservedSentinelRefreshesTheContractSnapshot (0.07s)
=== RUN   TestStatus_AMissedSentinelIsNotRefreshedIntoAnObservation
--- PASS: TestStatus_AMissedSentinelIsNotRefreshedIntoAnObservation (0.07s)
=== RUN   TestNew_SucceedsWithNoServices
=== PAUSE TestNew_SucceedsWithNoServices
=== RUN   TestSketchSet_CarriesAllFourStructures
=== PAUSE TestSketchSet_CarriesAllFourStructures
=== RUN   TestServicesAllNil
=== PAUSE TestServicesAllNil
=== RUN   TestObservePromptRepliesWithinDeadline
=== PAUSE TestObservePromptRepliesWithinDeadline
=== RUN   TestObservePromptBlockingVariantTimesOut
=== PAUSE TestObservePromptBlockingVariantTimesOut
=== RUN   TestObservePromptWALFailureIsObservable
=== PAUSE TestObservePromptWALFailureIsObservable
=== RUN   TestDegradedPassiveSuppressesActingPaths
=== PAUSE TestDegradedPassiveSuppressesActingPaths
=== RUN   TestDegradedPassiveStillRecords
=== PAUSE TestDegradedPassiveStillRecords
=== RUN   TestModeOffSkipsIngest
=== PAUSE TestModeOffSkipsIngest
=== RUN   TestNAKDuplicateIsDedupedOnDrain
=== PAUSE TestNAKDuplicateIsDedupedOnDrain
=== RUN   TestDrainOfSpooledFlushLineDoesNotDeadlock
=== PAUSE TestDrainOfSpooledFlushLineDoesNotDeadlock
=== RUN   TestStartupDrainOfSpooledFlushLineDoesNotWedgeRun
--- PASS: TestStartupDrainOfSpooledFlushLineDoesNotWedgeRun (0.11s)
=== RUN   TestRedrainOnFirstServedRequest
--- PASS: TestRedrainOnFirstServedRequest (0.15s)
=== RUN   TestSpoolOnBreachFalseDoesNotTransition
=== PAUSE TestSpoolOnBreachFalseDoesNotTransition
=== RUN   TestHotModeTransitionWritesStateAndNAKs
=== PAUSE TestHotModeTransitionWritesStateAndNAKs
=== RUN   TestHotModeTransitionPersistsBeforeItIsAnnounced
=== PAUSE TestHotModeTransitionPersistsBeforeItIsAnnounced
=== RUN   TestConfigReloadDefersChunkChange
=== PAUSE TestConfigReloadDefersChunkChange
=== RUN   TestIdleExitWithZeroSessions
--- PASS: TestIdleExitWithZeroSessions (1.15s)
=== RUN   TestRunReturnsNilWhenLockHeld
--- PASS: TestRunReturnsNilWhenLockHeld (0.04s)
=== RUN   TestAdminShutdownStopsTheDaemon
--- PASS: TestAdminShutdownStopsTheDaemon (0.05s)
=== RUN   TestRunReturnsOnlyAfterAsyncStopHasFinished
--- PASS: TestRunReturnsOnlyAfterAsyncStopHasFinished (0.06s)
=== RUN   TestServeFailureTakesTheStopPath
--- PASS: TestServeFailureTakesTheStopPath (0.05s)
=== RUN   TestMarkerIsWrittenByFlushAndCheckpointOnly
=== PAUSE TestMarkerIsWrittenByFlushAndCheckpointOnly
=== RUN   TestSessionStartNeverWipesSentinelObserved
=== PAUSE TestSessionStartNeverWipesSentinelObserved
=== RUN   TestSessionStartResetsBreachDetectorForNewSession
=== PAUSE TestSessionStartResetsBreachDetectorForNewSession
=== RUN   TestRecordHotPathSampleRejectsInvalidTS
=== PAUSE TestRecordHotPathSampleRejectsInvalidTS
=== RUN   TestRunCtxDoneGoesThroughStop
--- PASS: TestRunCtxDoneGoesThroughStop (0.04s)
=== RUN   TestAdminPingAlwaysAnswersOK
=== PAUSE TestAdminPingAlwaysAnswersOK
=== RUN   TestUnknownOpIsRefusedNotPanicked
=== PAUSE TestUnknownOpIsRefusedNotPanicked
=== RUN   TestHandlerPanicIsRecovered
=== PAUSE TestHandlerPanicIsRecovered
=== RUN   TestIdleExitEndsAbandonedSessions
--- PASS: TestIdleExitEndsAbandonedSessions (2.15s)
=== RUN   TestResolveEvent_RestoresRawExtras
=== PAUSE TestResolveEvent_RestoresRawExtras
=== RUN   TestObserveStopSeamSeesTheRestoredAgentName
=== PAUSE TestObserveStopSeamSeesTheRestoredAgentName
=== RUN   TestObservePrompt_PassiveModeInvokesSeamButEmitsNothing
=== PAUSE TestObservePrompt_PassiveModeInvokesSeamButEmitsNothing
=== RUN   TestObservePrompt_ModeOffNeverInvokesTheSeam
=== PAUSE TestObservePrompt_ModeOffNeverInvokesTheSeam
=== RUN   TestDegradeBanner_StaysFarUnderTheHostCap
=== RUN   TestDegradeBanner_StaysFarUnderTheHostCap/invalidUTF8
=== RUN   TestDegradeBanner_StaysFarUnderTheHostCap/quotes
=== RUN   TestDegradeBanner_StaysFarUnderTheHostCap/mixed
=== RUN   TestDegradeBanner_StaysFarUnderTheHostCap/ascii
=== RUN   TestDegradeBanner_StaysFarUnderTheHostCap/escaped
=== RUN   TestDegradeBanner_StaysFarUnderTheHostCap/astral
--- PASS: TestDegradeBanner_StaysFarUnderTheHostCap (0.06s)
    --- PASS: TestDegradeBanner_StaysFarUnderTheHostCap/invalidUTF8 (0.01s)
    --- PASS: TestDegradeBanner_StaysFarUnderTheHostCap/quotes (0.01s)
    --- PASS: TestDegradeBanner_StaysFarUnderTheHostCap/mixed (0.01s)
    --- PASS: TestDegradeBanner_StaysFarUnderTheHostCap/ascii (0.00s)
    --- PASS: TestDegradeBanner_StaysFarUnderTheHostCap/escaped (0.02s)
    --- PASS: TestDegradeBanner_StaysFarUnderTheHostCap/astral (0.01s)
=== RUN   TestDegradeBanner_ShortValuesAreQuotedWhole
--- PASS: TestDegradeBanner_ShortValuesAreQuotedWhole (0.00s)
=== RUN   TestBoundedQuote_CutsOnARuneBoundaryAndSaysSo
=== RUN   TestBoundedQuote_CutsOnARuneBoundaryAndSaysSo/invalidUTF8
=== RUN   TestBoundedQuote_CutsOnARuneBoundaryAndSaysSo/quotes
=== RUN   TestBoundedQuote_CutsOnARuneBoundaryAndSaysSo/mixed
=== RUN   TestBoundedQuote_CutsOnARuneBoundaryAndSaysSo/ascii
=== RUN   TestBoundedQuote_CutsOnARuneBoundaryAndSaysSo/escaped
=== RUN   TestBoundedQuote_CutsOnARuneBoundaryAndSaysSo/astral
--- PASS: TestBoundedQuote_CutsOnARuneBoundaryAndSaysSo (0.03s)
    --- PASS: TestBoundedQuote_CutsOnARuneBoundaryAndSaysSo/invalidUTF8 (0.01s)
    --- PASS: TestBoundedQuote_CutsOnARuneBoundaryAndSaysSo/quotes (0.00s)
    --- PASS: TestBoundedQuote_CutsOnARuneBoundaryAndSaysSo/mixed (0.00s)
    --- PASS: TestBoundedQuote_CutsOnARuneBoundaryAndSaysSo/ascii (0.00s)
    --- PASS: TestBoundedQuote_CutsOnARuneBoundaryAndSaysSo/escaped (0.01s)
    --- PASS: TestBoundedQuote_CutsOnARuneBoundaryAndSaysSo/astral (0.01s)
=== RUN   TestSessionStart_DegradeBannerFromAHostSuppliedSourceIsBounded
--- PASS: TestSessionStart_DegradeBannerFromAHostSuppliedSourceIsBounded (0.13s)
=== RUN   TestDaemon_NoACKBeforeDurableBatch
=== RUN   TestDaemon_NoACKBeforeDurableBatch/format_1,_the_v1_sidecar
=== RUN   TestDaemon_NoACKBeforeDurableBatch/format_2,_the_held_A/B_seal
--- PASS: TestDaemon_NoACKBeforeDurableBatch (0.25s)
    --- PASS: TestDaemon_NoACKBeforeDurableBatch/format_1,_the_v1_sidecar (0.11s)
    --- PASS: TestDaemon_NoACKBeforeDurableBatch/format_2,_the_held_A/B_seal (0.14s)
=== RUN   TestDeliveryJournal_AckBatchCommitsOneWriteOneSyncOneSeal
--- PASS: TestDeliveryJournal_AckBatchCommitsOneWriteOneSyncOneSeal (0.17s)
=== RUN   TestDeliveryJournal_AckBatchFailurePoisonsEveryDependentMember
=== RUN   TestDeliveryJournal_AckBatchFailurePoisonsEveryDependentMember/short_write
=== RUN   TestDeliveryJournal_AckBatchFailurePoisonsEveryDependentMember/sync_failure
=== RUN   TestDeliveryJournal_AckBatchFailurePoisonsEveryDependentMember/seal_failure
=== RUN   TestDeliveryJournal_AckBatchFailurePoisonsEveryDependentMember/panic_in_the_Sync
=== RUN   TestDeliveryJournal_AckBatchFailurePoisonsEveryDependentMember/panic_in_the_seal
--- PASS: TestDeliveryJournal_AckBatchFailurePoisonsEveryDependentMember (1.19s)
    --- PASS: TestDeliveryJournal_AckBatchFailurePoisonsEveryDependentMember/short_write (0.19s)
    --- PASS: TestDeliveryJournal_AckBatchFailurePoisonsEveryDependentMember/sync_failure (0.23s)
    --- PASS: TestDeliveryJournal_AckBatchFailurePoisonsEveryDependentMember/seal_failure (0.26s)
    --- PASS: TestDeliveryJournal_AckBatchFailurePoisonsEveryDependentMember/panic_in_the_Sync (0.27s)
    --- PASS: TestDeliveryJournal_AckBatchFailurePoisonsEveryDependentMember/panic_in_the_seal (0.24s)
=== RUN   TestDeliveryJournal_AckCheckRunsAfterEvaluationAndImmediatelyBeforeAppend
=== RUN   TestDeliveryJournal_AckCheckRunsAfterEvaluationAndImmediatelyBeforeAppend/format_1,_the_v1_sidecar
=== RUN   TestDeliveryJournal_AckCheckRunsAfterEvaluationAndImmediatelyBeforeAppend/format_1,_the_v1_sidecar/position_missing_between_batches
=== RUN   TestDeliveryJournal_AckCheckRunsAfterEvaluationAndImmediatelyBeforeAppend/format_1,_the_v1_sidecar/position_missing_during_evaluation
=== RUN   TestDeliveryJournal_AckCheckRunsAfterEvaluationAndImmediatelyBeforeAppend/format_1,_the_v1_sidecar/position_malformed_between_batches
=== RUN   TestDeliveryJournal_AckCheckRunsAfterEvaluationAndImmediatelyBeforeAppend/format_1,_the_v1_sidecar/position_malformed_during_evaluation
=== RUN   TestDeliveryJournal_AckCheckRunsAfterEvaluationAndImmediatelyBeforeAppend/format_1,_the_v1_sidecar/journal_truncated_between_batches
=== RUN   TestDeliveryJournal_AckCheckRunsAfterEvaluationAndImmediatelyBeforeAppend/format_1,_the_v1_sidecar/journal_truncated_during_evaluation
=== RUN   TestDeliveryJournal_AckCheckRunsAfterEvaluationAndImmediatelyBeforeAppend/format_1,_the_v1_sidecar/journal_extended_between_batches
=== RUN   TestDeliveryJournal_AckCheckRunsAfterEvaluationAndImmediatelyBeforeAppend/format_1,_the_v1_sidecar/journal_extended_during_evaluation
=== RUN   TestDeliveryJournal_AckCheckRunsAfterEvaluationAndImmediatelyBeforeAppend/format_1,_the_v1_sidecar/position_future_version_between_batches
=== RUN   TestDeliveryJournal_AckCheckRunsAfterEvaluationAndImmediatelyBeforeAppend/format_1,_the_v1_sidecar/position_future_version_during_evaluation
=== RUN   TestDeliveryJournal_AckCheckRunsAfterEvaluationAndImmediatelyBeforeAppend/format_1,_the_v1_sidecar/position_noncanonical_between_batches
=== RUN   TestDeliveryJournal_AckCheckRunsAfterEvaluationAndImmediatelyBeforeAppend/format_1,_the_v1_sidecar/position_noncanonical_during_evaluation
=== RUN   TestDeliveryJournal_AckCheckRunsAfterEvaluationAndImmediatelyBeforeAppend/format_1,_the_v1_sidecar/position_count_between_batches
=== RUN   TestDeliveryJournal_AckCheckRunsAfterEvaluationAndImmediatelyBeforeAppend/format_1,_the_v1_sidecar/position_count_during_evaluation
=== RUN   TestDeliveryJournal_AckCheckRunsAfterEvaluationAndImmediatelyBeforeAppend/format_1,_the_v1_sidecar/position_bytes_between_batches
=== RUN   TestDeliveryJournal_AckCheckRunsAfterEvaluationAndImmediatelyBeforeAppend/format_1,_the_v1_sidecar/position_bytes_during_evaluation
=== RUN   TestDeliveryJournal_AckCheckRunsAfterEvaluationAndImmediatelyBeforeAppend/format_1,_the_v1_sidecar/position_chain_between_batches
=== RUN   TestDeliveryJournal_AckCheckRunsAfterEvaluationAndImmediatelyBeforeAppend/format_1,_the_v1_sidecar/position_chain_during_evaluation
=== RUN   TestDeliveryJournal_AckCheckRunsAfterEvaluationAndImmediatelyBeforeAppend/format_2,_the_held_A/B_seal
=== RUN   TestDeliveryJournal_AckCheckRunsAfterEvaluationAndImmediatelyBeforeAppend/format_2,_the_held_A/B_seal/position_missing_between_batches
=== RUN   TestDeliveryJournal_AckCheckRunsAfterEvaluationAndImmediatelyBeforeAppend/format_2,_the_held_A/B_seal/position_missing_during_evaluation
=== RUN   TestDeliveryJournal_AckCheckRunsAfterEvaluationAndImmediatelyBeforeAppend/format_2,_the_held_A/B_seal/position_malformed_between_batches
=== RUN   TestDeliveryJournal_AckCheckRunsAfterEvaluationAndImmediatelyBeforeAppend/format_2,_the_held_A/B_seal/position_malformed_during_evaluation
=== RUN   TestDeliveryJournal_AckCheckRunsAfterEvaluationAndImmediatelyBeforeAppend/format_2,_the_held_A/B_seal/journal_truncated_between_batches
=== RUN   TestDeliveryJournal_AckCheckRunsAfterEvaluationAndImmediatelyBeforeAppend/format_2,_the_held_A/B_seal/journal_truncated_during_evaluation
=== RUN   TestDeliveryJournal_AckCheckRunsAfterEvaluationAndImmediatelyBeforeAppend/format_2,_the_held_A/B_seal/journal_extended_between_batches
=== RUN   TestDeliveryJournal_AckCheckRunsAfterEvaluationAndImmediatelyBeforeAppend/format_2,_the_held_A/B_seal/journal_extended_during_evaluation
=== RUN   TestDeliveryJournal_AckCheckRunsAfterEvaluationAndImmediatelyBeforeAppend/format_2,_the_held_A/B_seal/position_future_version_between_batches
=== RUN   TestDeliveryJournal_AckCheckRunsAfterEvaluationAndImmediatelyBeforeAppend/format_2,_the_held_A/B_seal/position_future_version_during_evaluation
=== RUN   TestDeliveryJournal_AckCheckRunsAfterEvaluationAndImmediatelyBeforeAppend/format_2,_the_held_A/B_seal/position_noncanonical_between_batches
=== RUN   TestDeliveryJournal_AckCheckRunsAfterEvaluationAndImmediatelyBeforeAppend/format_2,_the_held_A/B_seal/position_noncanonical_during_evaluation
=== RUN   TestDeliveryJournal_AckCheckRunsAfterEvaluationAndImmediatelyBeforeAppend/format_2,_the_held_A/B_seal/position_count_between_batches
=== RUN   TestDeliveryJournal_AckCheckRunsAfterEvaluationAndImmediatelyBeforeAppend/format_2,_the_held_A/B_seal/position_count_during_evaluation
=== RUN   TestDeliveryJournal_AckCheckRunsAfterEvaluationAndImmediatelyBeforeAppend/format_2,_the_held_A/B_seal/position_bytes_between_batches
=== RUN   TestDeliveryJournal_AckCheckRunsAfterEvaluationAndImmediatelyBeforeAppend/format_2,_the_held_A/B_seal/position_bytes_during_evaluation
=== RUN   TestDeliveryJournal_AckCheckRunsAfterEvaluationAndImmediatelyBeforeAppend/format_2,_the_held_A/B_seal/position_chain_between_batches
=== RUN   TestDeliveryJournal_AckCheckRunsAfterEvaluationAndImmediatelyBeforeAppend/format_2,_the_held_A/B_seal/position_chain_during_evaluation
=== RUN   TestDeliveryJournal_AckCheckRunsAfterEvaluationAndImmediatelyBeforeAppend/format_2,_the_held_A/B_seal/position_replaced_by_a_copy_of_itself_between_batches
=== RUN   TestDeliveryJournal_AckCheckRunsAfterEvaluationAndImmediatelyBeforeAppend/format_2,_the_held_A/B_seal/position_replaced_by_a_copy_of_itself_during_evaluation
--- PASS: TestDeliveryJournal_AckCheckRunsAfterEvaluationAndImmediatelyBeforeAppend (5.59s)
    --- PASS: TestDeliveryJournal_AckCheckRunsAfterEvaluationAndImmediatelyBeforeAppend/format_1,_the_v1_sidecar (2.50s)
        --- PASS: TestDeliveryJournal_AckCheckRunsAfterEvaluationAndImmediatelyBeforeAppend/format_1,_the_v1_sidecar/position_missing_between_batches (0.15s)
        --- PASS: TestDeliveryJournal_AckCheckRunsAfterEvaluationAndImmediatelyBeforeAppend/format_1,_the_v1_sidecar/position_missing_during_evaluation (0.13s)
        --- PASS: TestDeliveryJournal_AckCheckRunsAfterEvaluationAndImmediatelyBeforeAppend/format_1,_the_v1_sidecar/position_malformed_between_batches (0.16s)
        --- PASS: TestDeliveryJournal_AckCheckRunsAfterEvaluationAndImmediatelyBeforeAppend/format_1,_the_v1_sidecar/position_malformed_during_evaluation (0.13s)
        --- PASS: TestDeliveryJournal_AckCheckRunsAfterEvaluationAndImmediatelyBeforeAppend/format_1,_the_v1_sidecar/journal_truncated_between_batches (0.14s)
        --- PASS: TestDeliveryJournal_AckCheckRunsAfterEvaluationAndImmediatelyBeforeAppend/format_1,_the_v1_sidecar/journal_truncated_during_evaluation (0.12s)
        --- PASS: TestDeliveryJournal_AckCheckRunsAfterEvaluationAndImmediatelyBeforeAppend/format_1,_the_v1_sidecar/journal_extended_between_batches (0.13s)
        --- PASS: TestDeliveryJournal_AckCheckRunsAfterEvaluationAndImmediatelyBeforeAppend/format_1,_the_v1_sidecar/journal_extended_during_evaluation (0.11s)
        --- PASS: TestDeliveryJournal_AckCheckRunsAfterEvaluationAndImmediatelyBeforeAppend/format_1,_the_v1_sidecar/position_future_version_between_batches (0.18s)
        --- PASS: TestDeliveryJournal_AckCheckRunsAfterEvaluationAndImmediatelyBeforeAppend/format_1,_the_v1_sidecar/position_future_version_during_evaluation (0.13s)
        --- PASS: TestDeliveryJournal_AckCheckRunsAfterEvaluationAndImmediatelyBeforeAppend/format_1,_the_v1_sidecar/position_noncanonical_between_batches (0.15s)
        --- PASS: TestDeliveryJournal_AckCheckRunsAfterEvaluationAndImmediatelyBeforeAppend/format_1,_the_v1_sidecar/position_noncanonical_during_evaluation (0.15s)
        --- PASS: TestDeliveryJournal_AckCheckRunsAfterEvaluationAndImmediatelyBeforeAppend/format_1,_the_v1_sidecar/position_count_between_batches (0.14s)
        --- PASS: TestDeliveryJournal_AckCheckRunsAfterEvaluationAndImmediatelyBeforeAppend/format_1,_the_v1_sidecar/position_count_during_evaluation (0.12s)
        --- PASS: TestDeliveryJournal_AckCheckRunsAfterEvaluationAndImmediatelyBeforeAppend/format_1,_the_v1_sidecar/position_bytes_between_batches (0.13s)
        --- PASS: TestDeliveryJournal_AckCheckRunsAfterEvaluationAndImmediatelyBeforeAppend/format_1,_the_v1_sidecar/position_bytes_during_evaluation (0.12s)
        --- PASS: TestDeliveryJournal_AckCheckRunsAfterEvaluationAndImmediatelyBeforeAppend/format_1,_the_v1_sidecar/position_chain_between_batches (0.14s)
        --- PASS: TestDeliveryJournal_AckCheckRunsAfterEvaluationAndImmediatelyBeforeAppend/format_1,_the_v1_sidecar/position_chain_during_evaluation (0.15s)
    --- PASS: TestDeliveryJournal_AckCheckRunsAfterEvaluationAndImmediatelyBeforeAppend/format_2,_the_held_A/B_seal (3.09s)
        --- PASS: TestDeliveryJournal_AckCheckRunsAfterEvaluationAndImmediatelyBeforeAppend/format_2,_the_held_A/B_seal/position_missing_between_batches (0.13s)
        --- PASS: TestDeliveryJournal_AckCheckRunsAfterEvaluationAndImmediatelyBeforeAppend/format_2,_the_held_A/B_seal/position_missing_during_evaluation (0.13s)
        --- PASS: TestDeliveryJournal_AckCheckRunsAfterEvaluationAndImmediatelyBeforeAppend/format_2,_the_held_A/B_seal/position_malformed_between_batches (0.13s)
        --- PASS: TestDeliveryJournal_AckCheckRunsAfterEvaluationAndImmediatelyBeforeAppend/format_2,_the_held_A/B_seal/position_malformed_during_evaluation (0.12s)
        --- PASS: TestDeliveryJournal_AckCheckRunsAfterEvaluationAndImmediatelyBeforeAppend/format_2,_the_held_A/B_seal/journal_truncated_between_batches (0.22s)
        --- PASS: TestDeliveryJournal_AckCheckRunsAfterEvaluationAndImmediatelyBeforeAppend/format_2,_the_held_A/B_seal/journal_truncated_during_evaluation (0.18s)
        --- PASS: TestDeliveryJournal_AckCheckRunsAfterEvaluationAndImmediatelyBeforeAppend/format_2,_the_held_A/B_seal/journal_extended_between_batches (0.15s)
        --- PASS: TestDeliveryJournal_AckCheckRunsAfterEvaluationAndImmediatelyBeforeAppend/format_2,_the_held_A/B_seal/journal_extended_during_evaluation (0.15s)
        --- PASS: TestDeliveryJournal_AckCheckRunsAfterEvaluationAndImmediatelyBeforeAppend/format_2,_the_held_A/B_seal/position_future_version_between_batches (0.15s)
        --- PASS: TestDeliveryJournal_AckCheckRunsAfterEvaluationAndImmediatelyBeforeAppend/format_2,_the_held_A/B_seal/position_future_version_during_evaluation (0.16s)
        --- PASS: TestDeliveryJournal_AckCheckRunsAfterEvaluationAndImmediatelyBeforeAppend/format_2,_the_held_A/B_seal/position_noncanonical_between_batches (0.16s)
        --- PASS: TestDeliveryJournal_AckCheckRunsAfterEvaluationAndImmediatelyBeforeAppend/format_2,_the_held_A/B_seal/position_noncanonical_during_evaluation (0.16s)
        --- PASS: TestDeliveryJournal_AckCheckRunsAfterEvaluationAndImmediatelyBeforeAppend/format_2,_the_held_A/B_seal/position_count_between_batches (0.16s)
        --- PASS: TestDeliveryJournal_AckCheckRunsAfterEvaluationAndImmediatelyBeforeAppend/format_2,_the_held_A/B_seal/position_count_during_evaluation (0.15s)
        --- PASS: TestDeliveryJournal_AckCheckRunsAfterEvaluationAndImmediatelyBeforeAppend/format_2,_the_held_A/B_seal/position_bytes_between_batches (0.17s)
        --- PASS: TestDeliveryJournal_AckCheckRunsAfterEvaluationAndImmediatelyBeforeAppend/format_2,_the_held_A/B_seal/position_bytes_during_evaluation (0.15s)
        --- PASS: TestDeliveryJournal_AckCheckRunsAfterEvaluationAndImmediatelyBeforeAppend/format_2,_the_held_A/B_seal/position_chain_between_batches (0.16s)
        --- PASS: TestDeliveryJournal_AckCheckRunsAfterEvaluationAndImmediatelyBeforeAppend/format_2,_the_held_A/B_seal/position_chain_during_evaluation (0.15s)
        --- PASS: TestDeliveryJournal_AckCheckRunsAfterEvaluationAndImmediatelyBeforeAppend/format_2,_the_held_A/B_seal/position_replaced_by_a_copy_of_itself_between_batches (0.16s)
        --- PASS: TestDeliveryJournal_AckCheckRunsAfterEvaluationAndImmediatelyBeforeAppend/format_2,_the_held_A/B_seal/position_replaced_by_a_copy_of_itself_during_evaluation (0.15s)
=== RUN   TestDeliveryJournal_AckBatchKeepsEachCallsCheckOrder
=== RUN   TestDeliveryJournal_AckBatchKeepsEachCallsCheckOrder/a_cancelled_context_is_answered_before_the_gate
=== RUN   TestDeliveryJournal_AckBatchKeepsEachCallsCheckOrder/the_gate_is_answered_before_validation
=== RUN   TestDeliveryJournal_AckBatchKeepsEachCallsCheckOrder/an_acknowledged_delivery_is_answered_without_a_check
=== RUN   TestDeliveryJournal_AckBatchKeepsEachCallsCheckOrder/the_check_is_answered_before_the_entries_bound
--- PASS: TestDeliveryJournal_AckBatchKeepsEachCallsCheckOrder (0.51s)
    --- PASS: TestDeliveryJournal_AckBatchKeepsEachCallsCheckOrder/a_cancelled_context_is_answered_before_the_gate (0.11s)
    --- PASS: TestDeliveryJournal_AckBatchKeepsEachCallsCheckOrder/the_gate_is_answered_before_validation (0.10s)
    --- PASS: TestDeliveryJournal_AckBatchKeepsEachCallsCheckOrder/an_acknowledged_delivery_is_answered_without_a_check (0.17s)
    --- PASS: TestDeliveryJournal_AckBatchKeepsEachCallsCheckOrder/the_check_is_answered_before_the_entries_bound (0.14s)
=== RUN   TestDeliveryJournal_AckBatchNeverDelaysALeaseBatch
--- PASS: TestDeliveryJournal_AckBatchNeverDelaysALeaseBatch (0.16s)
=== RUN   TestDeliveryJournal_AckBatchIsNeverDelayedByALeaseBatch
--- PASS: TestDeliveryJournal_AckBatchIsNeverDelayedByALeaseBatch (0.16s)
=== RUN   TestDeliveryJournal_AckBatchMatchesSequentialOutcomes
=== RUN   TestDeliveryJournal_AckBatchMatchesSequentialOutcomes/duplicate_acknowledgements_in_one_batch
=== RUN   TestDeliveryJournal_AckBatchMatchesSequentialOutcomes/an_acknowledgement_of_a_delivery_never_leased
=== RUN   TestDeliveryJournal_AckBatchMatchesSequentialOutcomes/seed_0
=== RUN   TestDeliveryJournal_AckBatchMatchesSequentialOutcomes/seed_1
=== RUN   TestDeliveryJournal_AckBatchMatchesSequentialOutcomes/seed_2
=== RUN   TestDeliveryJournal_AckBatchMatchesSequentialOutcomes/seed_3
=== RUN   TestDeliveryJournal_AckBatchMatchesSequentialOutcomes/seed_4
=== RUN   TestDeliveryJournal_AckBatchMatchesSequentialOutcomes/seed_5
=== RUN   TestDeliveryJournal_AckBatchMatchesSequentialOutcomes/seed_6
=== RUN   TestDeliveryJournal_AckBatchMatchesSequentialOutcomes/seed_7
=== RUN   TestDeliveryJournal_AckBatchMatchesSequentialOutcomes/entries_cap,_seed_0
=== RUN   TestDeliveryJournal_AckBatchMatchesSequentialOutcomes/entries_cap,_seed_1
=== RUN   TestDeliveryJournal_AckBatchMatchesSequentialOutcomes/bytes_cap
--- PASS: TestDeliveryJournal_AckBatchMatchesSequentialOutcomes (4.59s)
    --- PASS: TestDeliveryJournal_AckBatchMatchesSequentialOutcomes/duplicate_acknowledgements_in_one_batch (0.17s)
    --- PASS: TestDeliveryJournal_AckBatchMatchesSequentialOutcomes/an_acknowledgement_of_a_delivery_never_leased (0.16s)
    --- PASS: TestDeliveryJournal_AckBatchMatchesSequentialOutcomes/seed_0 (0.34s)
    --- PASS: TestDeliveryJournal_AckBatchMatchesSequentialOutcomes/seed_1 (0.32s)
    --- PASS: TestDeliveryJournal_AckBatchMatchesSequentialOutcomes/seed_2 (0.36s)
    --- PASS: TestDeliveryJournal_AckBatchMatchesSequentialOutcomes/seed_3 (0.35s)
    --- PASS: TestDeliveryJournal_AckBatchMatchesSequentialOutcomes/seed_4 (0.36s)
    --- PASS: TestDeliveryJournal_AckBatchMatchesSequentialOutcomes/seed_5 (0.37s)
    --- PASS: TestDeliveryJournal_AckBatchMatchesSequentialOutcomes/seed_6 (0.37s)
    --- PASS: TestDeliveryJournal_AckBatchMatchesSequentialOutcomes/seed_7 (0.41s)
    --- PASS: TestDeliveryJournal_AckBatchMatchesSequentialOutcomes/entries_cap,_seed_0 (0.46s)
    --- PASS: TestDeliveryJournal_AckBatchMatchesSequentialOutcomes/entries_cap,_seed_1 (0.40s)
    --- PASS: TestDeliveryJournal_AckBatchMatchesSequentialOutcomes/bytes_cap (0.52s)
=== RUN   TestDeliveryJournal_AcknowledgedIsRaceFreeWithRelease
=== RUN   TestDeliveryJournal_AcknowledgedIsRaceFreeWithRelease/acknowledged_loops_through_a_Release
=== RUN   TestDeliveryJournal_AcknowledgedIsRaceFreeWithRelease/acknowledged_loops_beside_acknowledgement_batches
--- PASS: TestDeliveryJournal_AcknowledgedIsRaceFreeWithRelease (0.41s)
    --- PASS: TestDeliveryJournal_AcknowledgedIsRaceFreeWithRelease/acknowledged_loops_through_a_Release (0.15s)
    --- PASS: TestDeliveryJournal_AcknowledgedIsRaceFreeWithRelease/acknowledged_loops_beside_acknowledgement_batches (0.26s)
=== RUN   TestBackupWatchedFiles_NamesTheDeliveryStateThisPackageWrites
=== PAUSE TestBackupWatchedFiles_NamesTheDeliveryStateThisPackageWrites
=== RUN   TestDeliveryCarry_RoundTripAndRefusals
--- PASS: TestDeliveryCarry_RoundTripAndRefusals (0.00s)
=== RUN   TestDeliveryRollover_CarryNamesEveryArchivedUnacknowledgedLease
=== PAUSE TestDeliveryRollover_CarryNamesEveryArchivedUnacknowledgedLease
=== RUN   TestDeliveryRollover_DamagedCarryRefusesTheNextRotation
=== PAUSE TestDeliveryRollover_DamagedCarryRefusesTheNextRotation
=== RUN   TestDeliverySealSegment_CarryIsCheckedAgainstTheBaseRoot
=== PAUSE TestDeliverySealSegment_CarryIsCheckedAgainstTheBaseRoot
=== RUN   TestDeliveryPath_CrashCutAtEveryStep
=== RUN   TestDeliveryPath_CrashCutAtEveryStep/format_1,_the_v1_sidecar
=== RUN   TestDeliveryPath_CrashCutAtEveryStep/format_1,_the_v1_sidecar/W1_the_WAL_batch's_Write
=== RUN   TestDeliveryPath_CrashCutAtEveryStep/format_1,_the_v1_sidecar/W1_the_WAL_batch's_Write/the_machine-crash_image
=== RUN   TestDeliveryPath_CrashCutAtEveryStep/format_1,_the_v1_sidecar/W2_the_WAL_batch's_Sync
=== RUN   TestDeliveryPath_CrashCutAtEveryStep/format_1,_the_v1_sidecar/W2_the_WAL_batch's_Sync/the_machine-crash_image
=== RUN   TestDeliveryPath_CrashCutAtEveryStep/format_1,_the_v1_sidecar/L4_the_journal_Write
=== RUN   TestDeliveryPath_CrashCutAtEveryStep/format_1,_the_v1_sidecar/L4_the_journal_Write/the_machine-crash_image
=== RUN   TestDeliveryPath_CrashCutAtEveryStep/format_1,_the_v1_sidecar/L4_the_journal_Write/torn:_the_WAL's_last_line
=== RUN   TestDeliveryPath_CrashCutAtEveryStep/format_1,_the_v1_sidecar/L5_the_journal_Sync
=== RUN   TestDeliveryPath_CrashCutAtEveryStep/format_1,_the_v1_sidecar/L5_the_journal_Sync/the_machine-crash_image
=== RUN   TestDeliveryPath_CrashCutAtEveryStep/format_1,_the_v1_sidecar/L5_the_journal_Sync/torn:_the_WAL's_last_line
=== RUN   TestDeliveryPath_CrashCutAtEveryStep/format_1,_the_v1_sidecar/L6_the_seal
=== RUN   TestDeliveryPath_CrashCutAtEveryStep/format_1,_the_v1_sidecar/L6_the_seal/the_machine-crash_image
=== RUN   TestDeliveryPath_CrashCutAtEveryStep/format_1,_the_v1_sidecar/L6_the_seal/torn:_the_WAL's_last_line
=== RUN   TestDeliveryPath_CrashCutAtEveryStep/format_1,_the_v1_sidecar/L6_the_seal/torn:_the_journal's_last_line
=== RUN   TestDeliveryPath_CrashCutAtEveryStep/format_1,_the_v1_sidecar/AK_after_Accept_returned,_before_the_ACK_byte
=== RUN   TestDeliveryPath_CrashCutAtEveryStep/format_1,_the_v1_sidecar/AK_after_Accept_returned,_before_the_ACK_byte/the_machine-crash_image
=== RUN   TestDeliveryPath_CrashCutAtEveryStep/format_1,_the_v1_sidecar/AK_after_Accept_returned,_before_the_ACK_byte/torn:_the_WAL's_last_line
=== RUN   TestDeliveryPath_CrashCutAtEveryStep/format_1,_the_v1_sidecar/AK_after_Accept_returned,_before_the_ACK_byte/torn:_the_journal's_last_line
=== RUN   TestDeliveryPath_CrashCutAtEveryStep/format_1,_the_v1_sidecar/K4_the_acknowledgement_Write
=== RUN   TestDeliveryPath_CrashCutAtEveryStep/format_1,_the_v1_sidecar/K4_the_acknowledgement_Write/the_machine-crash_image
=== RUN   TestDeliveryPath_CrashCutAtEveryStep/format_1,_the_v1_sidecar/K4_the_acknowledgement_Write/torn:_the_WAL's_last_line
=== RUN   TestDeliveryPath_CrashCutAtEveryStep/format_1,_the_v1_sidecar/K4_the_acknowledgement_Write/torn:_the_journal's_last_line
=== RUN   TestDeliveryPath_CrashCutAtEveryStep/format_1,_the_v1_sidecar/K5_the_acknowledgement_Sync
=== RUN   TestDeliveryPath_CrashCutAtEveryStep/format_1,_the_v1_sidecar/K5_the_acknowledgement_Sync/the_machine-crash_image
=== RUN   TestDeliveryPath_CrashCutAtEveryStep/format_1,_the_v1_sidecar/K5_the_acknowledgement_Sync/torn:_the_WAL's_last_line
=== RUN   TestDeliveryPath_CrashCutAtEveryStep/format_1,_the_v1_sidecar/K5_the_acknowledgement_Sync/torn:_the_journal's_last_line
=== RUN   TestDeliveryPath_CrashCutAtEveryStep/format_1,_the_v1_sidecar/K6_the_acknowledgement_seal
=== RUN   TestDeliveryPath_CrashCutAtEveryStep/format_1,_the_v1_sidecar/K6_the_acknowledgement_seal/the_machine-crash_image
=== RUN   TestDeliveryPath_CrashCutAtEveryStep/format_1,_the_v1_sidecar/K6_the_acknowledgement_seal/torn:_the_WAL's_last_line
=== RUN   TestDeliveryPath_CrashCutAtEveryStep/format_1,_the_v1_sidecar/K6_the_acknowledgement_seal/torn:_the_journal's_last_line
=== RUN   TestDeliveryPath_CrashCutAtEveryStep/format_2,_the_held_A/B_seal
=== RUN   TestDeliveryPath_CrashCutAtEveryStep/format_2,_the_held_A/B_seal/W1_the_WAL_batch's_Write
=== RUN   TestDeliveryPath_CrashCutAtEveryStep/format_2,_the_held_A/B_seal/W1_the_WAL_batch's_Write/the_machine-crash_image
=== RUN   TestDeliveryPath_CrashCutAtEveryStep/format_2,_the_held_A/B_seal/W1_the_WAL_batch's_Write/torn:_the_v2_slot_the_next_seal_targets
=== RUN   TestDeliveryPath_CrashCutAtEveryStep/format_2,_the_held_A/B_seal/W1_the_WAL_batch's_Write/torn:_the_v2_seal's_effective_slot
=== RUN   TestDeliveryPath_CrashCutAtEveryStep/format_2,_the_held_A/B_seal/W2_the_WAL_batch's_Sync
=== RUN   TestDeliveryPath_CrashCutAtEveryStep/format_2,_the_held_A/B_seal/W2_the_WAL_batch's_Sync/the_machine-crash_image
=== RUN   TestDeliveryPath_CrashCutAtEveryStep/format_2,_the_held_A/B_seal/W2_the_WAL_batch's_Sync/torn:_the_v2_slot_the_next_seal_targets
=== RUN   TestDeliveryPath_CrashCutAtEveryStep/format_2,_the_held_A/B_seal/W2_the_WAL_batch's_Sync/torn:_the_v2_seal's_effective_slot
=== RUN   TestDeliveryPath_CrashCutAtEveryStep/format_2,_the_held_A/B_seal/L4_the_journal_Write
=== RUN   TestDeliveryPath_CrashCutAtEveryStep/format_2,_the_held_A/B_seal/L4_the_journal_Write/the_machine-crash_image
=== RUN   TestDeliveryPath_CrashCutAtEveryStep/format_2,_the_held_A/B_seal/L4_the_journal_Write/torn:_the_v2_slot_the_next_seal_targets
=== RUN   TestDeliveryPath_CrashCutAtEveryStep/format_2,_the_held_A/B_seal/L4_the_journal_Write/torn:_the_v2_seal's_effective_slot
=== RUN   TestDeliveryPath_CrashCutAtEveryStep/format_2,_the_held_A/B_seal/L4_the_journal_Write/torn:_the_WAL's_last_line
=== RUN   TestDeliveryPath_CrashCutAtEveryStep/format_2,_the_held_A/B_seal/L5_the_journal_Sync
=== RUN   TestDeliveryPath_CrashCutAtEveryStep/format_2,_the_held_A/B_seal/L5_the_journal_Sync/the_machine-crash_image
=== RUN   TestDeliveryPath_CrashCutAtEveryStep/format_2,_the_held_A/B_seal/L5_the_journal_Sync/torn:_the_WAL's_last_line
=== RUN   TestDeliveryPath_CrashCutAtEveryStep/format_2,_the_held_A/B_seal/L5_the_journal_Sync/torn:_the_v2_slot_the_next_seal_targets
=== RUN   TestDeliveryPath_CrashCutAtEveryStep/format_2,_the_held_A/B_seal/L5_the_journal_Sync/torn:_the_v2_seal's_effective_slot
=== RUN   TestDeliveryPath_CrashCutAtEveryStep/format_2,_the_held_A/B_seal/L6_the_seal
=== RUN   TestDeliveryPath_CrashCutAtEveryStep/format_2,_the_held_A/B_seal/L6_the_seal/the_machine-crash_image
=== RUN   TestDeliveryPath_CrashCutAtEveryStep/format_2,_the_held_A/B_seal/L6_the_seal/torn:_the_v2_seal's_effective_slot
=== RUN   TestDeliveryPath_CrashCutAtEveryStep/format_2,_the_held_A/B_seal/L6_the_seal/torn:_the_WAL's_last_line
=== RUN   TestDeliveryPath_CrashCutAtEveryStep/format_2,_the_held_A/B_seal/L6_the_seal/torn:_the_journal's_last_line
=== RUN   TestDeliveryPath_CrashCutAtEveryStep/format_2,_the_held_A/B_seal/L6_the_seal/torn:_the_v2_slot_the_next_seal_targets
=== RUN   TestDeliveryPath_CrashCutAtEveryStep/format_2,_the_held_A/B_seal/L7_the_v2_slot's_SyncData
=== RUN   TestDeliveryPath_CrashCutAtEveryStep/format_2,_the_held_A/B_seal/L7_the_v2_slot's_SyncData/the_machine-crash_image
=== RUN   TestDeliveryPath_CrashCutAtEveryStep/format_2,_the_held_A/B_seal/L7_the_v2_slot's_SyncData/torn:_the_WAL's_last_line
=== RUN   TestDeliveryPath_CrashCutAtEveryStep/format_2,_the_held_A/B_seal/L7_the_v2_slot's_SyncData/torn:_the_journal's_last_line
=== RUN   TestDeliveryPath_CrashCutAtEveryStep/format_2,_the_held_A/B_seal/L7_the_v2_slot's_SyncData/torn:_the_v2_slot_the_next_seal_targets
=== RUN   TestDeliveryPath_CrashCutAtEveryStep/format_2,_the_held_A/B_seal/L7_the_v2_slot's_SyncData/torn:_the_v2_seal's_effective_slot
=== RUN   TestDeliveryPath_CrashCutAtEveryStep/format_2,_the_held_A/B_seal/L8_the_post-seal_identity_check
=== RUN   TestDeliveryPath_CrashCutAtEveryStep/format_2,_the_held_A/B_seal/L8_the_post-seal_identity_check/the_machine-crash_image
=== RUN   TestDeliveryPath_CrashCutAtEveryStep/format_2,_the_held_A/B_seal/L8_the_post-seal_identity_check/torn:_the_WAL's_last_line
=== RUN   TestDeliveryPath_CrashCutAtEveryStep/format_2,_the_held_A/B_seal/L8_the_post-seal_identity_check/torn:_the_journal's_last_line
=== RUN   TestDeliveryPath_CrashCutAtEveryStep/format_2,_the_held_A/B_seal/L8_the_post-seal_identity_check/torn:_the_v2_slot_the_next_seal_targets
=== RUN   TestDeliveryPath_CrashCutAtEveryStep/format_2,_the_held_A/B_seal/L8_the_post-seal_identity_check/torn:_the_v2_seal's_effective_slot
=== RUN   TestDeliveryPath_CrashCutAtEveryStep/format_2,_the_held_A/B_seal/AK_after_Accept_returned,_before_the_ACK_byte
=== RUN   TestDeliveryPath_CrashCutAtEveryStep/format_2,_the_held_A/B_seal/AK_after_Accept_returned,_before_the_ACK_byte/the_machine-crash_image
=== RUN   TestDeliveryPath_CrashCutAtEveryStep/format_2,_the_held_A/B_seal/AK_after_Accept_returned,_before_the_ACK_byte/torn:_the_WAL's_last_line
=== RUN   TestDeliveryPath_CrashCutAtEveryStep/format_2,_the_held_A/B_seal/AK_after_Accept_returned,_before_the_ACK_byte/torn:_the_journal's_last_line
=== RUN   TestDeliveryPath_CrashCutAtEveryStep/format_2,_the_held_A/B_seal/AK_after_Accept_returned,_before_the_ACK_byte/torn:_the_v2_slot_the_next_seal_targets
=== RUN   TestDeliveryPath_CrashCutAtEveryStep/format_2,_the_held_A/B_seal/AK_after_Accept_returned,_before_the_ACK_byte/torn:_the_v2_seal's_effective_slot
=== RUN   TestDeliveryPath_CrashCutAtEveryStep/format_2,_the_held_A/B_seal/K4_the_acknowledgement_Write
=== RUN   TestDeliveryPath_CrashCutAtEveryStep/format_2,_the_held_A/B_seal/K4_the_acknowledgement_Write/the_machine-crash_image
=== RUN   TestDeliveryPath_CrashCutAtEveryStep/format_2,_the_held_A/B_seal/K4_the_acknowledgement_Write/torn:_the_v2_seal's_effective_slot
=== RUN   TestDeliveryPath_CrashCutAtEveryStep/format_2,_the_held_A/B_seal/K4_the_acknowledgement_Write/torn:_the_WAL's_last_line
=== RUN   TestDeliveryPath_CrashCutAtEveryStep/format_2,_the_held_A/B_seal/K4_the_acknowledgement_Write/torn:_the_journal's_last_line
=== RUN   TestDeliveryPath_CrashCutAtEveryStep/format_2,_the_held_A/B_seal/K4_the_acknowledgement_Write/torn:_the_v2_slot_the_next_seal_targets
=== RUN   TestDeliveryPath_CrashCutAtEveryStep/format_2,_the_held_A/B_seal/K5_the_acknowledgement_Sync
=== RUN   TestDeliveryPath_CrashCutAtEveryStep/format_2,_the_held_A/B_seal/K5_the_acknowledgement_Sync/the_machine-crash_image
=== RUN   TestDeliveryPath_CrashCutAtEveryStep/format_2,_the_held_A/B_seal/K5_the_acknowledgement_Sync/torn:_the_WAL's_last_line
=== RUN   TestDeliveryPath_CrashCutAtEveryStep/format_2,_the_held_A/B_seal/K5_the_acknowledgement_Sync/torn:_the_journal's_last_line
=== RUN   TestDeliveryPath_CrashCutAtEveryStep/format_2,_the_held_A/B_seal/K5_the_acknowledgement_Sync/torn:_the_v2_slot_the_next_seal_targets
=== RUN   TestDeliveryPath_CrashCutAtEveryStep/format_2,_the_held_A/B_seal/K5_the_acknowledgement_Sync/torn:_the_v2_seal's_effective_slot
=== RUN   TestDeliveryPath_CrashCutAtEveryStep/format_2,_the_held_A/B_seal/K6_the_acknowledgement_seal
=== RUN   TestDeliveryPath_CrashCutAtEveryStep/format_2,_the_held_A/B_seal/K6_the_acknowledgement_seal/the_machine-crash_image
=== RUN   TestDeliveryPath_CrashCutAtEveryStep/format_2,_the_held_A/B_seal/K6_the_acknowledgement_seal/torn:_the_journal's_last_line
=== RUN   TestDeliveryPath_CrashCutAtEveryStep/format_2,_the_held_A/B_seal/K6_the_acknowledgement_seal/torn:_the_v2_slot_the_next_seal_targets
=== RUN   TestDeliveryPath_CrashCutAtEveryStep/format_2,_the_held_A/B_seal/K6_the_acknowledgement_seal/torn:_the_v2_seal's_effective_slot
=== RUN   TestDeliveryPath_CrashCutAtEveryStep/format_2,_the_held_A/B_seal/K6_the_acknowledgement_seal/torn:_the_WAL's_last_line
--- PASS: TestDeliveryPath_CrashCutAtEveryStep (9.53s)
    --- PASS: TestDeliveryPath_CrashCutAtEveryStep/format_1,_the_v1_sidecar (3.31s)
        --- PASS: TestDeliveryPath_CrashCutAtEveryStep/format_1,_the_v1_sidecar/W1_the_WAL_batch's_Write (0.25s)
            --- PASS: TestDeliveryPath_CrashCutAtEveryStep/format_1,_the_v1_sidecar/W1_the_WAL_batch's_Write/the_machine-crash_image (0.15s)
        --- PASS: TestDeliveryPath_CrashCutAtEveryStep/format_1,_the_v1_sidecar/W2_the_WAL_batch's_Sync (0.22s)
            --- PASS: TestDeliveryPath_CrashCutAtEveryStep/format_1,_the_v1_sidecar/W2_the_WAL_batch's_Sync/the_machine-crash_image (0.13s)
        --- PASS: TestDeliveryPath_CrashCutAtEveryStep/format_1,_the_v1_sidecar/L4_the_journal_Write (0.50s)
            --- PASS: TestDeliveryPath_CrashCutAtEveryStep/format_1,_the_v1_sidecar/L4_the_journal_Write/the_machine-crash_image (0.16s)
            --- PASS: TestDeliveryPath_CrashCutAtEveryStep/format_1,_the_v1_sidecar/L4_the_journal_Write/torn:_the_WAL's_last_line (0.24s)
        --- PASS: TestDeliveryPath_CrashCutAtEveryStep/format_1,_the_v1_sidecar/L5_the_journal_Sync (0.36s)
            --- PASS: TestDeliveryPath_CrashCutAtEveryStep/format_1,_the_v1_sidecar/L5_the_journal_Sync/the_machine-crash_image (0.15s)
            --- PASS: TestDeliveryPath_CrashCutAtEveryStep/format_1,_the_v1_sidecar/L5_the_journal_Sync/torn:_the_WAL's_last_line (0.12s)
        --- PASS: TestDeliveryPath_CrashCutAtEveryStep/format_1,_the_v1_sidecar/L6_the_seal (0.38s)
            --- PASS: TestDeliveryPath_CrashCutAtEveryStep/format_1,_the_v1_sidecar/L6_the_seal/the_machine-crash_image (0.12s)
            --- PASS: TestDeliveryPath_CrashCutAtEveryStep/format_1,_the_v1_sidecar/L6_the_seal/torn:_the_WAL's_last_line (0.11s)
            --- PASS: TestDeliveryPath_CrashCutAtEveryStep/format_1,_the_v1_sidecar/L6_the_seal/torn:_the_journal's_last_line (0.04s)
        --- PASS: TestDeliveryPath_CrashCutAtEveryStep/format_1,_the_v1_sidecar/AK_after_Accept_returned,_before_the_ACK_byte (0.38s)
            --- PASS: TestDeliveryPath_CrashCutAtEveryStep/format_1,_the_v1_sidecar/AK_after_Accept_returned,_before_the_ACK_byte/the_machine-crash_image (0.13s)
            --- PASS: TestDeliveryPath_CrashCutAtEveryStep/format_1,_the_v1_sidecar/AK_after_Accept_returned,_before_the_ACK_byte/torn:_the_WAL's_last_line (0.12s)
            --- PASS: TestDeliveryPath_CrashCutAtEveryStep/format_1,_the_v1_sidecar/AK_after_Accept_returned,_before_the_ACK_byte/torn:_the_journal's_last_line (0.03s)
        --- PASS: TestDeliveryPath_CrashCutAtEveryStep/format_1,_the_v1_sidecar/K4_the_acknowledgement_Write (0.43s)
            --- PASS: TestDeliveryPath_CrashCutAtEveryStep/format_1,_the_v1_sidecar/K4_the_acknowledgement_Write/the_machine-crash_image (0.13s)
            --- PASS: TestDeliveryPath_CrashCutAtEveryStep/format_1,_the_v1_sidecar/K4_the_acknowledgement_Write/torn:_the_WAL's_last_line (0.13s)
            --- PASS: TestDeliveryPath_CrashCutAtEveryStep/format_1,_the_v1_sidecar/K4_the_acknowledgement_Write/torn:_the_journal's_last_line (0.04s)
        --- PASS: TestDeliveryPath_CrashCutAtEveryStep/format_1,_the_v1_sidecar/K5_the_acknowledgement_Sync (0.40s)
            --- PASS: TestDeliveryPath_CrashCutAtEveryStep/format_1,_the_v1_sidecar/K5_the_acknowledgement_Sync/the_machine-crash_image (0.13s)
            --- PASS: TestDeliveryPath_CrashCutAtEveryStep/format_1,_the_v1_sidecar/K5_the_acknowledgement_Sync/torn:_the_WAL's_last_line (0.12s)
            --- PASS: TestDeliveryPath_CrashCutAtEveryStep/format_1,_the_v1_sidecar/K5_the_acknowledgement_Sync/torn:_the_journal's_last_line (0.04s)
        --- PASS: TestDeliveryPath_CrashCutAtEveryStep/format_1,_the_v1_sidecar/K6_the_acknowledgement_seal (0.39s)
            --- PASS: TestDeliveryPath_CrashCutAtEveryStep/format_1,_the_v1_sidecar/K6_the_acknowledgement_seal/the_machine-crash_image (0.12s)
            --- PASS: TestDeliveryPath_CrashCutAtEveryStep/format_1,_the_v1_sidecar/K6_the_acknowledgement_seal/torn:_the_WAL's_last_line (0.11s)
            --- PASS: TestDeliveryPath_CrashCutAtEveryStep/format_1,_the_v1_sidecar/K6_the_acknowledgement_seal/torn:_the_journal's_last_line (0.05s)
    --- PASS: TestDeliveryPath_CrashCutAtEveryStep/format_2,_the_held_A/B_seal (6.23s)
        --- PASS: TestDeliveryPath_CrashCutAtEveryStep/format_2,_the_held_A/B_seal/W1_the_WAL_batch's_Write (0.40s)
            --- PASS: TestDeliveryPath_CrashCutAtEveryStep/format_2,_the_held_A/B_seal/W1_the_WAL_batch's_Write/the_machine-crash_image (0.14s)
            --- PASS: TestDeliveryPath_CrashCutAtEveryStep/format_2,_the_held_A/B_seal/W1_the_WAL_batch's_Write/torn:_the_v2_slot_the_next_seal_targets (0.06s)
            --- PASS: TestDeliveryPath_CrashCutAtEveryStep/format_2,_the_held_A/B_seal/W1_the_WAL_batch's_Write/torn:_the_v2_seal's_effective_slot (0.07s)
        --- PASS: TestDeliveryPath_CrashCutAtEveryStep/format_2,_the_held_A/B_seal/W2_the_WAL_batch's_Sync (0.40s)
            --- PASS: TestDeliveryPath_CrashCutAtEveryStep/format_2,_the_held_A/B_seal/W2_the_WAL_batch's_Sync/the_machine-crash_image (0.14s)
            --- PASS: TestDeliveryPath_CrashCutAtEveryStep/format_2,_the_held_A/B_seal/W2_the_WAL_batch's_Sync/torn:_the_v2_slot_the_next_seal_targets (0.06s)
            --- PASS: TestDeliveryPath_CrashCutAtEveryStep/format_2,_the_held_A/B_seal/W2_the_WAL_batch's_Sync/torn:_the_v2_seal's_effective_slot (0.08s)
        --- PASS: TestDeliveryPath_CrashCutAtEveryStep/format_2,_the_held_A/B_seal/L4_the_journal_Write (0.55s)
            --- PASS: TestDeliveryPath_CrashCutAtEveryStep/format_2,_the_held_A/B_seal/L4_the_journal_Write/the_machine-crash_image (0.15s)
            --- PASS: TestDeliveryPath_CrashCutAtEveryStep/format_2,_the_held_A/B_seal/L4_the_journal_Write/torn:_the_v2_slot_the_next_seal_targets (0.06s)
            --- PASS: TestDeliveryPath_CrashCutAtEveryStep/format_2,_the_held_A/B_seal/L4_the_journal_Write/torn:_the_v2_seal's_effective_slot (0.07s)
            --- PASS: TestDeliveryPath_CrashCutAtEveryStep/format_2,_the_held_A/B_seal/L4_the_journal_Write/torn:_the_WAL's_last_line (0.15s)
        --- PASS: TestDeliveryPath_CrashCutAtEveryStep/format_2,_the_held_A/B_seal/L5_the_journal_Sync (0.51s)
            --- PASS: TestDeliveryPath_CrashCutAtEveryStep/format_2,_the_held_A/B_seal/L5_the_journal_Sync/the_machine-crash_image (0.14s)
            --- PASS: TestDeliveryPath_CrashCutAtEveryStep/format_2,_the_held_A/B_seal/L5_the_journal_Sync/torn:_the_WAL's_last_line (0.14s)
            --- PASS: TestDeliveryPath_CrashCutAtEveryStep/format_2,_the_held_A/B_seal/L5_the_journal_Sync/torn:_the_v2_slot_the_next_seal_targets (0.06s)
            --- PASS: TestDeliveryPath_CrashCutAtEveryStep/format_2,_the_held_A/B_seal/L5_the_journal_Sync/torn:_the_v2_seal's_effective_slot (0.07s)
        --- PASS: TestDeliveryPath_CrashCutAtEveryStep/format_2,_the_held_A/B_seal/L6_the_seal (0.56s)
            --- PASS: TestDeliveryPath_CrashCutAtEveryStep/format_2,_the_held_A/B_seal/L6_the_seal/the_machine-crash_image (0.15s)
            --- PASS: TestDeliveryPath_CrashCutAtEveryStep/format_2,_the_held_A/B_seal/L6_the_seal/torn:_the_v2_seal's_effective_slot (0.06s)
            --- PASS: TestDeliveryPath_CrashCutAtEveryStep/format_2,_the_held_A/B_seal/L6_the_seal/torn:_the_WAL's_last_line (0.12s)
            --- PASS: TestDeliveryPath_CrashCutAtEveryStep/format_2,_the_held_A/B_seal/L6_the_seal/torn:_the_journal's_last_line (0.05s)
            --- PASS: TestDeliveryPath_CrashCutAtEveryStep/format_2,_the_held_A/B_seal/L6_the_seal/torn:_the_v2_slot_the_next_seal_targets (0.05s)
        --- PASS: TestDeliveryPath_CrashCutAtEveryStep/format_2,_the_held_A/B_seal/L7_the_v2_slot's_SyncData (0.58s)
            --- PASS: TestDeliveryPath_CrashCutAtEveryStep/format_2,_the_held_A/B_seal/L7_the_v2_slot's_SyncData/the_machine-crash_image (0.14s)
            --- PASS: TestDeliveryPath_CrashCutAtEveryStep/format_2,_the_held_A/B_seal/L7_the_v2_slot's_SyncData/torn:_the_WAL's_last_line (0.14s)
            --- PASS: TestDeliveryPath_CrashCutAtEveryStep/format_2,_the_held_A/B_seal/L7_the_v2_slot's_SyncData/torn:_the_journal's_last_line (0.05s)
            --- PASS: TestDeliveryPath_CrashCutAtEveryStep/format_2,_the_held_A/B_seal/L7_the_v2_slot's_SyncData/torn:_the_v2_slot_the_next_seal_targets (0.05s)
            --- PASS: TestDeliveryPath_CrashCutAtEveryStep/format_2,_the_held_A/B_seal/L7_the_v2_slot's_SyncData/torn:_the_v2_seal's_effective_slot (0.07s)
        --- PASS: TestDeliveryPath_CrashCutAtEveryStep/format_2,_the_held_A/B_seal/L8_the_post-seal_identity_check (0.71s)
            --- PASS: TestDeliveryPath_CrashCutAtEveryStep/format_2,_the_held_A/B_seal/L8_the_post-seal_identity_check/the_machine-crash_image (0.16s)
            --- PASS: TestDeliveryPath_CrashCutAtEveryStep/format_2,_the_held_A/B_seal/L8_the_post-seal_identity_check/torn:_the_WAL's_last_line (0.14s)
            --- PASS: TestDeliveryPath_CrashCutAtEveryStep/format_2,_the_held_A/B_seal/L8_the_post-seal_identity_check/torn:_the_journal's_last_line (0.07s)
            --- PASS: TestDeliveryPath_CrashCutAtEveryStep/format_2,_the_held_A/B_seal/L8_the_post-seal_identity_check/torn:_the_v2_slot_the_next_seal_targets (0.07s)
            --- PASS: TestDeliveryPath_CrashCutAtEveryStep/format_2,_the_held_A/B_seal/L8_the_post-seal_identity_check/torn:_the_v2_seal's_effective_slot (0.06s)
        --- PASS: TestDeliveryPath_CrashCutAtEveryStep/format_2,_the_held_A/B_seal/AK_after_Accept_returned,_before_the_ACK_byte (0.59s)
            --- PASS: TestDeliveryPath_CrashCutAtEveryStep/format_2,_the_held_A/B_seal/AK_after_Accept_returned,_before_the_ACK_byte/the_machine-crash_image (0.15s)
            --- PASS: TestDeliveryPath_CrashCutAtEveryStep/format_2,_the_held_A/B_seal/AK_after_Accept_returned,_before_the_ACK_byte/torn:_the_WAL's_last_line (0.13s)
            --- PASS: TestDeliveryPath_CrashCutAtEveryStep/format_2,_the_held_A/B_seal/AK_after_Accept_returned,_before_the_ACK_byte/torn:_the_journal's_last_line (0.05s)
            --- PASS: TestDeliveryPath_CrashCutAtEveryStep/format_2,_the_held_A/B_seal/AK_after_Accept_returned,_before_the_ACK_byte/torn:_the_v2_slot_the_next_seal_targets (0.07s)
            --- PASS: TestDeliveryPath_CrashCutAtEveryStep/format_2,_the_held_A/B_seal/AK_after_Accept_returned,_before_the_ACK_byte/torn:_the_v2_seal's_effective_slot (0.05s)
        --- PASS: TestDeliveryPath_CrashCutAtEveryStep/format_2,_the_held_A/B_seal/K4_the_acknowledgement_Write (0.66s)
            --- PASS: TestDeliveryPath_CrashCutAtEveryStep/format_2,_the_held_A/B_seal/K4_the_acknowledgement_Write/the_machine-crash_image (0.15s)
            --- PASS: TestDeliveryPath_CrashCutAtEveryStep/format_2,_the_held_A/B_seal/K4_the_acknowledgement_Write/torn:_the_v2_seal's_effective_slot (0.08s)
            --- PASS: TestDeliveryPath_CrashCutAtEveryStep/format_2,_the_held_A/B_seal/K4_the_acknowledgement_Write/torn:_the_WAL's_last_line (0.15s)
            --- PASS: TestDeliveryPath_CrashCutAtEveryStep/format_2,_the_held_A/B_seal/K4_the_acknowledgement_Write/torn:_the_journal's_last_line (0.07s)
            --- PASS: TestDeliveryPath_CrashCutAtEveryStep/format_2,_the_held_A/B_seal/K4_the_acknowledgement_Write/torn:_the_v2_slot_the_next_seal_targets (0.07s)
        --- PASS: TestDeliveryPath_CrashCutAtEveryStep/format_2,_the_held_A/B_seal/K5_the_acknowledgement_Sync (0.62s)
            --- PASS: TestDeliveryPath_CrashCutAtEveryStep/format_2,_the_held_A/B_seal/K5_the_acknowledgement_Sync/the_machine-crash_image (0.15s)
            --- PASS: TestDeliveryPath_CrashCutAtEveryStep/format_2,_the_held_A/B_seal/K5_the_acknowledgement_Sync/torn:_the_WAL's_last_line (0.13s)
            --- PASS: TestDeliveryPath_CrashCutAtEveryStep/format_2,_the_held_A/B_seal/K5_the_acknowledgement_Sync/torn:_the_journal's_last_line (0.06s)
            --- PASS: TestDeliveryPath_CrashCutAtEveryStep/format_2,_the_held_A/B_seal/K5_the_acknowledgement_Sync/torn:_the_v2_slot_the_next_seal_targets (0.06s)
            --- PASS: TestDeliveryPath_CrashCutAtEveryStep/format_2,_the_held_A/B_seal/K5_the_acknowledgement_Sync/torn:_the_v2_seal's_effective_slot (0.06s)
        --- PASS: TestDeliveryPath_CrashCutAtEveryStep/format_2,_the_held_A/B_seal/K6_the_acknowledgement_seal (0.65s)
            --- PASS: TestDeliveryPath_CrashCutAtEveryStep/format_2,_the_held_A/B_seal/K6_the_acknowledgement_seal/the_machine-crash_image (0.13s)
            --- PASS: TestDeliveryPath_CrashCutAtEveryStep/format_2,_the_held_A/B_seal/K6_the_acknowledgement_seal/torn:_the_journal's_last_line (0.07s)
            --- PASS: TestDeliveryPath_CrashCutAtEveryStep/format_2,_the_held_A/B_seal/K6_the_acknowledgement_seal/torn:_the_v2_slot_the_next_seal_targets (0.08s)
            --- PASS: TestDeliveryPath_CrashCutAtEveryStep/format_2,_the_held_A/B_seal/K6_the_acknowledgement_seal/torn:_the_v2_seal's_effective_slot (0.08s)
            --- PASS: TestDeliveryPath_CrashCutAtEveryStep/format_2,_the_held_A/B_seal/K6_the_acknowledgement_seal/torn:_the_WAL's_last_line (0.14s)
=== RUN   TestDeliveryPath_CrashBeforeTheLeaseMintsExactlyOneIdentity
=== RUN   TestDeliveryPath_CrashBeforeTheLeaseMintsExactlyOneIdentity/format_1,_the_v1_sidecar
=== RUN   TestDeliveryPath_CrashBeforeTheLeaseMintsExactlyOneIdentity/format_2,_the_held_A/B_seal
--- PASS: TestDeliveryPath_CrashBeforeTheLeaseMintsExactlyOneIdentity (0.59s)
    --- PASS: TestDeliveryPath_CrashBeforeTheLeaseMintsExactlyOneIdentity/format_1,_the_v1_sidecar (0.30s)
    --- PASS: TestDeliveryPath_CrashBeforeTheLeaseMintsExactlyOneIdentity/format_2,_the_held_A/B_seal (0.29s)
=== RUN   TestDeliveryPath_WALCrashCutsLeaveOnlyWhatWasSynced
=== RUN   TestDeliveryPath_WALCrashCutsLeaveOnlyWhatWasSynced/a_Write_that_never_landed_leaves_the_segment_as_it_was
=== RUN   TestDeliveryPath_WALCrashCutsLeaveOnlyWhatWasSynced/a_Sync_that_never_returned_leaves_the_line_unacknowledged
--- PASS: TestDeliveryPath_WALCrashCutsLeaveOnlyWhatWasSynced (0.03s)
    --- PASS: TestDeliveryPath_WALCrashCutsLeaveOnlyWhatWasSynced/a_Write_that_never_landed_leaves_the_segment_as_it_was (0.03s)
    --- PASS: TestDeliveryPath_WALCrashCutsLeaveOnlyWhatWasSynced/a_Sync_that_never_returned_leaves_the_line_unacknowledged (0.01s)
=== RUN   TestDeliveryDiagnostics_EveryRotationIsLoudAndCounted
--- PASS: TestDeliveryDiagnostics_EveryRotationIsLoudAndCounted (0.46s)
=== RUN   TestDeliveryDiagnostics_RotationFinishedAtOpenIsReported
--- PASS: TestDeliveryDiagnostics_RotationFinishedAtOpenIsReported (0.44s)
=== RUN   TestDeliveryDiagnostics_FailedRotationIsLoudAndCounted
--- PASS: TestDeliveryDiagnostics_FailedRotationIsLoudAndCounted (0.32s)
=== RUN   TestDeliveryRollover_CarryPastItsBoundRefusesTheRotation
--- PASS: TestDeliveryRollover_CarryPastItsBoundRefusesTheRotation (0.27s)
=== RUN   TestDeliveryRollover_ACarryAlreadyPastItsBoundIsNamedAsSuch
--- PASS: TestDeliveryRollover_ACarryAlreadyPastItsBoundIsNamedAsSuch (0.33s)
=== RUN   TestDeliveryDiagnostics_FirstRotationIsAdvisedOnceBeforeItHappens
--- PASS: TestDeliveryDiagnostics_FirstRotationIsAdvisedOnceBeforeItHappens (0.88s)
=== RUN   TestDeliveryDiagnostics_FirstRotationAdviceByBytes
--- PASS: TestDeliveryDiagnostics_FirstRotationAdviceByBytes (0.15s)
=== RUN   TestDeliveryDiagnostics_FirstRotationAdviceAtOpen
--- PASS: TestDeliveryDiagnostics_FirstRotationAdviceAtOpen (0.28s)
=== RUN   TestDeliveryDiagnostics_FirstRotationAdviceRepeatsEachRun
--- PASS: TestDeliveryDiagnostics_FirstRotationAdviceRepeatsEachRun (0.28s)
=== RUN   TestDeliveryDiagnostics_AdviceWaitsForSomewhereToReport
--- PASS: TestDeliveryDiagnostics_AdviceWaitsForSomewhereToReport (0.15s)
=== RUN   TestDeliveryDiagnostics_StatusShowsTheRotationCounters
--- PASS: TestDeliveryDiagnostics_StatusShowsTheRotationCounters (0.45s)
=== RUN   TestDeliverySegments_ATransitionFsyncsTheStateDirectoryOnce
--- PASS: TestDeliverySegments_ATransitionFsyncsTheStateDirectoryOnce (0.05s)
=== RUN   TestDeliveryGeneration_ACommitFsyncsItsDirectoryOnce
--- PASS: TestDeliveryGeneration_ACommitFsyncsItsDirectoryOnce (0.06s)
=== RUN   TestDeliveryRollover_SegmentZeroIsFrozenBeforeItsTransitionCommits
--- PASS: TestDeliveryRollover_SegmentZeroIsFrozenBeforeItsTransitionCommits (0.40s)
=== RUN   TestDeliveryRollover_CrashBetweenFreezeAndTransitionFinishesTheRotation
--- PASS: TestDeliveryRollover_CrashBetweenFreezeAndTransitionFinishesTheRotation (0.42s)
=== RUN   TestDeliveryRollover_ArchivedLegacySegmentRefusesThePreSegmentReader
=== PAUSE TestDeliveryRollover_ArchivedLegacySegmentRefusesThePreSegmentReader
=== RUN   TestDeliveryRollover_ArchivedLegacySegmentIsRefrozenAtOpen
=== PAUSE TestDeliveryRollover_ArchivedLegacySegmentIsRefrozenAtOpen
=== RUN   TestDeliveryRollover_FrozenSealThatDisagreesWithItsJournalRefusesOpen
=== PAUSE TestDeliveryRollover_FrozenSealThatDisagreesWithItsJournalRefusesOpen
=== RUN   TestDeliveryRollover_FrozenSealOnTheActiveSegmentRefusesOpen
=== PAUSE TestDeliveryRollover_FrozenSealOnTheActiveSegmentRefusesOpen
=== RUN   TestDeliveryGeneration_V6_ImmutableNonceAndArrival
--- PASS: TestDeliveryGeneration_V6_ImmutableNonceAndArrival (0.08s)
=== RUN   TestDeliveryGeneration_V6_LogCapacityRefusesBeforeAppend
--- PASS: TestDeliveryGeneration_V6_LogCapacityRefusesBeforeAppend (0.01s)
=== RUN   TestDeliveryRollover_V6_DisabledMechanismCannotReopenLegacy
--- PASS: TestDeliveryRollover_V6_DisabledMechanismCannotReopenLegacy (0.14s)
=== RUN   TestDeliveryRollover_V6_BaseReadFailureIsNotFirstArrival
--- PASS: TestDeliveryRollover_V6_BaseReadFailureIsNotFirstArrival (0.00s)
=== RUN   TestDeliveryRollover_V6_MissingActiveAcknowledgementsAreNotRecreated
--- PASS: TestDeliveryRollover_V6_MissingActiveAcknowledgementsAreNotRecreated (0.37s)
=== RUN   TestDeliveryGeneration_ManyGenerationsAndReplayIdentity
=== PAUSE TestDeliveryGeneration_ManyGenerationsAndReplayIdentity
=== RUN   TestDeliveryGeneration_DormantSessionArrivalContinuity
=== PAUSE TestDeliveryGeneration_DormantSessionArrivalContinuity
=== RUN   TestDeliveryGeneration_ArchivedAckExactJoinAndCorruptionRefusal
--- PASS: TestDeliveryGeneration_ArchivedAckExactJoinAndCorruptionRefusal (0.05s)
=== RUN   TestDeliveryGeneration_OrderedByArrivalFrontier
--- PASS: TestDeliveryGeneration_OrderedByArrivalFrontier (0.21s)
=== RUN   TestDeliveryGeneration_TerminalArchivedLeaseResolves
=== PAUSE TestDeliveryGeneration_TerminalArchivedLeaseResolves
=== RUN   TestDeliveryGeneration_RestartAfterNewWrites
--- PASS: TestDeliveryGeneration_RestartAfterNewWrites (0.59s)
=== RUN   TestDeliveryGeneration_MissingHeadIsUnavailable
--- PASS: TestDeliveryGeneration_MissingHeadIsUnavailable (0.03s)
=== RUN   TestDeliveryGeneration_TornTailIsPreservedAndUnavailable
--- PASS: TestDeliveryGeneration_TornTailIsPreservedAndUnavailable (0.04s)
=== RUN   TestDeliveryGeneration_CompleteTailAfterLostHeadWriteIsAdopted
--- PASS: TestDeliveryGeneration_CompleteTailAfterLostHeadWriteIsAdopted (0.12s)
=== RUN   TestDeliveryGeneration_EmptyStoreIsAbsentNotUnavailable
--- PASS: TestDeliveryGeneration_EmptyStoreIsAbsentNotUnavailable (0.00s)
=== RUN   TestDeliveryGeneration_InvalidLeaseAndCancellation
--- PASS: TestDeliveryGeneration_InvalidLeaseAndCancellation (0.03s)
=== RUN   TestDeliveryGeneration_AckFrontierBlocksOnOldestPending
--- PASS: TestDeliveryGeneration_AckFrontierBlocksOnOldestPending (0.48s)
=== RUN   TestDeliveryGeneration_AckMembershipJoinIsExact
--- PASS: TestDeliveryGeneration_AckMembershipJoinIsExact (0.04s)
=== RUN   TestDeliveryGeneration_TerminalMembershipSettlesFrontier
--- PASS: TestDeliveryGeneration_TerminalMembershipSettlesFrontier (0.07s)
=== RUN   TestDeliveryGeneration_ConflictingHeadIsRefused
=== RUN   TestDeliveryGeneration_ConflictingHeadIsRefused/tampered_root
=== RUN   TestDeliveryGeneration_ConflictingHeadIsRefused/log_bytes_past_eof
=== RUN   TestDeliveryGeneration_ConflictingHeadIsRefused/last_len_past_boundary
--- PASS: TestDeliveryGeneration_ConflictingHeadIsRefused (0.24s)
    --- PASS: TestDeliveryGeneration_ConflictingHeadIsRefused/tampered_root (0.08s)
    --- PASS: TestDeliveryGeneration_ConflictingHeadIsRefused/log_bytes_past_eof (0.08s)
    --- PASS: TestDeliveryGeneration_ConflictingHeadIsRefused/last_len_past_boundary (0.08s)
=== RUN   TestDeliveryGeneration_FaultPoisonsQueriesFailClosed
--- PASS: TestDeliveryGeneration_FaultPoisonsQueriesFailClosed (0.03s)
=== RUN   TestDeliveryJournal_GenerationArchivesAdmittedLeaseWithItsWindow
=== PAUSE TestDeliveryJournal_GenerationArchivesAdmittedLeaseWithItsWindow
=== RUN   TestDeliveryJournal_GenerationResolvesArchivedRedelivery
--- PASS: TestDeliveryJournal_GenerationResolvesArchivedRedelivery (0.15s)
=== RUN   TestDeliveryJournal_GenerationContinuesArrivalsForAnArchivedSession
--- PASS: TestDeliveryJournal_GenerationContinuesArrivalsForAnArchivedSession (0.18s)
=== RUN   TestDeliveryJournal_GenerationAckArchivesWithItsWindowAndSettlesTheFrontier
=== PAUSE TestDeliveryJournal_GenerationAckArchivesWithItsWindowAndSettlesTheFrontier
=== RUN   TestDeliveryJournal_AccessorOwnershipIsRecheckedPerBatch
=== RUN   TestDeliveryJournal_AccessorOwnershipIsRecheckedPerBatch/a_lease_after_the_lock_was_replaced
=== RUN   TestDeliveryJournal_AccessorOwnershipIsRecheckedPerBatch/a_batch_queued_before_the_lock_was_replaced
--- PASS: TestDeliveryJournal_AccessorOwnershipIsRecheckedPerBatch (0.33s)
    --- PASS: TestDeliveryJournal_AccessorOwnershipIsRecheckedPerBatch/a_lease_after_the_lock_was_replaced (0.18s)
    --- PASS: TestDeliveryJournal_AccessorOwnershipIsRecheckedPerBatch/a_batch_queued_before_the_lock_was_replaced (0.15s)
=== RUN   TestCarriedDefect_SP20D4_CaptureContinuesPastTheOldEntryCapAcrossRestart
=== PAUSE TestCarriedDefect_SP20D4_CaptureContinuesPastTheOldEntryCapAcrossRestart
=== RUN   TestDeliveryJournal_LeaseSyncSerializesWithRelease
--- PASS: TestDeliveryJournal_LeaseSyncSerializesWithRelease (0.15s)
=== RUN   TestDeliveryJournal_UncertainAppendPoisonsUntilRecovery
=== RUN   TestDeliveryJournal_UncertainAppendPoisonsUntilRecovery/short_write
=== RUN   TestDeliveryJournal_UncertainAppendPoisonsUntilRecovery/sync_failure
=== RUN   TestDeliveryJournal_UncertainAppendPoisonsUntilRecovery/position_failure
--- PASS: TestDeliveryJournal_UncertainAppendPoisonsUntilRecovery (0.47s)
    --- PASS: TestDeliveryJournal_UncertainAppendPoisonsUntilRecovery/short_write (0.15s)
    --- PASS: TestDeliveryJournal_UncertainAppendPoisonsUntilRecovery/sync_failure (0.16s)
    --- PASS: TestDeliveryJournal_UncertainAppendPoisonsUntilRecovery/position_failure (0.16s)
=== RUN   TestDeliveryJournal_CloseFailureRetainsOwnership
--- PASS: TestDeliveryJournal_CloseFailureRetainsOwnership (0.11s)
=== RUN   TestDeliveryJournal_SealedPrefixCannotRewindOrChange
=== RUN   TestDeliveryJournal_SealedPrefixCannotRewindOrChange/truncate
=== RUN   TestDeliveryJournal_SealedPrefixCannotRewindOrChange/mutate
=== RUN   TestDeliveryJournal_SealedPrefixCannotRewindOrChange/missing_journal
=== RUN   TestDeliveryJournal_SealedPrefixCannotRewindOrChange/missing_position
--- PASS: TestDeliveryJournal_SealedPrefixCannotRewindOrChange (0.68s)
    --- PASS: TestDeliveryJournal_SealedPrefixCannotRewindOrChange/truncate (0.18s)
    --- PASS: TestDeliveryJournal_SealedPrefixCannotRewindOrChange/mutate (0.16s)
    --- PASS: TestDeliveryJournal_SealedPrefixCannotRewindOrChange/missing_journal (0.17s)
    --- PASS: TestDeliveryJournal_SealedPrefixCannotRewindOrChange/missing_position (0.16s)
=== RUN   TestDeliveryJournal_BoundsAndSequenceOverflowRefuseAdmission
--- PASS: TestDeliveryJournal_BoundsAndSequenceOverflowRefuseAdmission (0.12s)
=== RUN   TestDeliveryJournal_ConcurrentDeliveryRetriesShareOneAssignment
--- PASS: TestDeliveryJournal_ConcurrentDeliveryRetriesShareOneAssignment (0.13s)
=== RUN   TestDeliveryJournal_PositionCorruptionCannotBeRepairedByAnOpenWriter
=== RUN   TestDeliveryJournal_PositionCorruptionCannotBeRepairedByAnOpenWriter/missing
=== RUN   TestDeliveryJournal_PositionCorruptionCannotBeRepairedByAnOpenWriter/malformed
=== RUN   TestDeliveryJournal_PositionCorruptionCannotBeRepairedByAnOpenWriter/future
=== RUN   TestDeliveryJournal_PositionCorruptionCannotBeRepairedByAnOpenWriter/noncanonical
=== RUN   TestDeliveryJournal_PositionCorruptionCannotBeRepairedByAnOpenWriter/count
=== RUN   TestDeliveryJournal_PositionCorruptionCannotBeRepairedByAnOpenWriter/bytes
=== RUN   TestDeliveryJournal_PositionCorruptionCannotBeRepairedByAnOpenWriter/chain
--- PASS: TestDeliveryJournal_PositionCorruptionCannotBeRepairedByAnOpenWriter (1.17s)
    --- PASS: TestDeliveryJournal_PositionCorruptionCannotBeRepairedByAnOpenWriter/missing (0.18s)
    --- PASS: TestDeliveryJournal_PositionCorruptionCannotBeRepairedByAnOpenWriter/malformed (0.16s)
    --- PASS: TestDeliveryJournal_PositionCorruptionCannotBeRepairedByAnOpenWriter/future (0.17s)
    --- PASS: TestDeliveryJournal_PositionCorruptionCannotBeRepairedByAnOpenWriter/noncanonical (0.16s)
    --- PASS: TestDeliveryJournal_PositionCorruptionCannotBeRepairedByAnOpenWriter/count (0.17s)
    --- PASS: TestDeliveryJournal_PositionCorruptionCannotBeRepairedByAnOpenWriter/bytes (0.17s)
    --- PASS: TestDeliveryJournal_PositionCorruptionCannotBeRepairedByAnOpenWriter/chain (0.16s)
=== RUN   TestDeliveryJournal_FailedOpenRequiresOwnerReleaseBeforeRetry
--- PASS: TestDeliveryJournal_FailedOpenRequiresOwnerReleaseBeforeRetry (0.21s)
=== RUN   TestDeliveryJournal_RejectsOversizeJournalAndRecord
=== RUN   TestDeliveryJournal_RejectsOversizeJournalAndRecord/record
=== RUN   TestDeliveryJournal_RejectsOversizeJournalAndRecord/file
--- PASS: TestDeliveryJournal_RejectsOversizeJournalAndRecord (0.30s)
    --- PASS: TestDeliveryJournal_RejectsOversizeJournalAndRecord/record (0.15s)
    --- PASS: TestDeliveryJournal_RejectsOversizeJournalAndRecord/file (0.14s)
=== RUN   TestDeliveryJournal_BatchCommitsOneWriteOneSyncOneSeal
--- PASS: TestDeliveryJournal_BatchCommitsOneWriteOneSyncOneSeal (0.15s)
=== RUN   TestDeliveryJournal_NoLeaseReleasedBeforeItsBatchSeal
--- PASS: TestDeliveryJournal_NoLeaseReleasedBeforeItsBatchSeal (0.16s)
=== RUN   TestDeliveryJournal_ConcurrentRedeliveryJoinsPendingBatch
=== RUN   TestDeliveryJournal_ConcurrentRedeliveryJoinsPendingBatch/J1:_a_copy_later_in_the_same_batch_joins_the_mint
=== RUN   TestDeliveryJournal_ConcurrentRedeliveryJoinsPendingBatch/J3:_a_copy_queued_before_its_original's_batch_was_cut_joins_it
=== RUN   TestDeliveryJournal_ConcurrentRedeliveryJoinsPendingBatch/J2:_a_copy_queued_behind_its_original's_batch_is_answered_as_a_known_nonce
=== RUN   TestDeliveryJournal_ConcurrentRedeliveryJoinsPendingBatch/J2:_the_next_batch's_checkFile_gates_the_known-nonce_answer
=== RUN   TestDeliveryJournal_ConcurrentRedeliveryJoinsPendingBatch/J2_behind_a_failed_batch:_the_next_batch_refuses_on_the_fault
=== RUN   TestDeliveryJournal_ConcurrentRedeliveryJoinsPendingBatch/a_copy_with_another_binding_gets_the_fault_when_its_batch_fails
--- PASS: TestDeliveryJournal_ConcurrentRedeliveryJoinsPendingBatch (0.78s)
    --- PASS: TestDeliveryJournal_ConcurrentRedeliveryJoinsPendingBatch/J1:_a_copy_later_in_the_same_batch_joins_the_mint (0.14s)
    --- PASS: TestDeliveryJournal_ConcurrentRedeliveryJoinsPendingBatch/J3:_a_copy_queued_before_its_original's_batch_was_cut_joins_it (0.14s)
    --- PASS: TestDeliveryJournal_ConcurrentRedeliveryJoinsPendingBatch/J2:_a_copy_queued_behind_its_original's_batch_is_answered_as_a_known_nonce (0.14s)
    --- PASS: TestDeliveryJournal_ConcurrentRedeliveryJoinsPendingBatch/J2:_the_next_batch's_checkFile_gates_the_known-nonce_answer (0.12s)
    --- PASS: TestDeliveryJournal_ConcurrentRedeliveryJoinsPendingBatch/J2_behind_a_failed_batch:_the_next_batch_refuses_on_the_fault (0.11s)
    --- PASS: TestDeliveryJournal_ConcurrentRedeliveryJoinsPendingBatch/a_copy_with_another_binding_gets_the_fault_when_its_batch_fails (0.11s)
=== RUN   TestDeliveryJournal_BatchFailurePoisonsEveryDependentMember
=== RUN   TestDeliveryJournal_BatchFailurePoisonsEveryDependentMember/short_write
=== RUN   TestDeliveryJournal_BatchFailurePoisonsEveryDependentMember/sync_failure
=== RUN   TestDeliveryJournal_BatchFailurePoisonsEveryDependentMember/seal_failure
--- PASS: TestDeliveryJournal_BatchFailurePoisonsEveryDependentMember (0.60s)
    --- PASS: TestDeliveryJournal_BatchFailurePoisonsEveryDependentMember/short_write (0.18s)
    --- PASS: TestDeliveryJournal_BatchFailurePoisonsEveryDependentMember/sync_failure (0.20s)
    --- PASS: TestDeliveryJournal_BatchFailurePoisonsEveryDependentMember/seal_failure (0.22s)
=== RUN   TestDeliveryJournal_PanicInBatchPoisonsAndFailsEveryMember
=== RUN   TestDeliveryJournal_PanicInBatchPoisonsAndFailsEveryMember/a_panic_in_the_sync
=== RUN   TestDeliveryJournal_PanicInBatchPoisonsAndFailsEveryMember/a_panic_in_the_seal
--- PASS: TestDeliveryJournal_PanicInBatchPoisonsAndFailsEveryMember (0.21s)
    --- PASS: TestDeliveryJournal_PanicInBatchPoisonsAndFailsEveryMember/a_panic_in_the_sync (0.11s)
    --- PASS: TestDeliveryJournal_PanicInBatchPoisonsAndFailsEveryMember/a_panic_in_the_seal (0.11s)
=== RUN   TestDeliveryJournal_CheckRunsAfterEvaluationAndImmediatelyBeforeAppend
=== RUN   TestDeliveryJournal_CheckRunsAfterEvaluationAndImmediatelyBeforeAppend/the_order_of_a_committed_batch
=== RUN   TestDeliveryJournal_CheckRunsAfterEvaluationAndImmediatelyBeforeAppend/format_1,_the_v1_sidecar
=== RUN   TestDeliveryJournal_CheckRunsAfterEvaluationAndImmediatelyBeforeAppend/format_1,_the_v1_sidecar/position_missing_between_batches
=== RUN   TestDeliveryJournal_CheckRunsAfterEvaluationAndImmediatelyBeforeAppend/format_1,_the_v1_sidecar/position_missing_during_evaluation
=== RUN   TestDeliveryJournal_CheckRunsAfterEvaluationAndImmediatelyBeforeAppend/format_1,_the_v1_sidecar/position_malformed_between_batches
=== RUN   TestDeliveryJournal_CheckRunsAfterEvaluationAndImmediatelyBeforeAppend/format_1,_the_v1_sidecar/position_malformed_during_evaluation
=== RUN   TestDeliveryJournal_CheckRunsAfterEvaluationAndImmediatelyBeforeAppend/format_1,_the_v1_sidecar/journal_truncated_between_batches
=== RUN   TestDeliveryJournal_CheckRunsAfterEvaluationAndImmediatelyBeforeAppend/format_1,_the_v1_sidecar/journal_truncated_during_evaluation
=== RUN   TestDeliveryJournal_CheckRunsAfterEvaluationAndImmediatelyBeforeAppend/format_1,_the_v1_sidecar/journal_extended_between_batches
=== RUN   TestDeliveryJournal_CheckRunsAfterEvaluationAndImmediatelyBeforeAppend/format_1,_the_v1_sidecar/journal_extended_during_evaluation
=== RUN   TestDeliveryJournal_CheckRunsAfterEvaluationAndImmediatelyBeforeAppend/format_1,_the_v1_sidecar/position_future_version_between_batches
=== RUN   TestDeliveryJournal_CheckRunsAfterEvaluationAndImmediatelyBeforeAppend/format_1,_the_v1_sidecar/position_future_version_during_evaluation
=== RUN   TestDeliveryJournal_CheckRunsAfterEvaluationAndImmediatelyBeforeAppend/format_1,_the_v1_sidecar/position_noncanonical_between_batches
=== RUN   TestDeliveryJournal_CheckRunsAfterEvaluationAndImmediatelyBeforeAppend/format_1,_the_v1_sidecar/position_noncanonical_during_evaluation
=== RUN   TestDeliveryJournal_CheckRunsAfterEvaluationAndImmediatelyBeforeAppend/format_1,_the_v1_sidecar/position_count_between_batches
=== RUN   TestDeliveryJournal_CheckRunsAfterEvaluationAndImmediatelyBeforeAppend/format_1,_the_v1_sidecar/position_count_during_evaluation
=== RUN   TestDeliveryJournal_CheckRunsAfterEvaluationAndImmediatelyBeforeAppend/format_1,_the_v1_sidecar/position_bytes_between_batches
=== RUN   TestDeliveryJournal_CheckRunsAfterEvaluationAndImmediatelyBeforeAppend/format_1,_the_v1_sidecar/position_bytes_during_evaluation
=== RUN   TestDeliveryJournal_CheckRunsAfterEvaluationAndImmediatelyBeforeAppend/format_1,_the_v1_sidecar/position_chain_between_batches
=== RUN   TestDeliveryJournal_CheckRunsAfterEvaluationAndImmediatelyBeforeAppend/format_1,_the_v1_sidecar/position_chain_during_evaluation
=== RUN   TestDeliveryJournal_CheckRunsAfterEvaluationAndImmediatelyBeforeAppend/format_2,_the_held_A/B_seal
=== RUN   TestDeliveryJournal_CheckRunsAfterEvaluationAndImmediatelyBeforeAppend/format_2,_the_held_A/B_seal/position_missing_between_batches
=== RUN   TestDeliveryJournal_CheckRunsAfterEvaluationAndImmediatelyBeforeAppend/format_2,_the_held_A/B_seal/position_missing_during_evaluation
=== RUN   TestDeliveryJournal_CheckRunsAfterEvaluationAndImmediatelyBeforeAppend/format_2,_the_held_A/B_seal/position_malformed_between_batches
=== RUN   TestDeliveryJournal_CheckRunsAfterEvaluationAndImmediatelyBeforeAppend/format_2,_the_held_A/B_seal/position_malformed_during_evaluation
=== RUN   TestDeliveryJournal_CheckRunsAfterEvaluationAndImmediatelyBeforeAppend/format_2,_the_held_A/B_seal/journal_truncated_between_batches
=== RUN   TestDeliveryJournal_CheckRunsAfterEvaluationAndImmediatelyBeforeAppend/format_2,_the_held_A/B_seal/journal_truncated_during_evaluation
=== RUN   TestDeliveryJournal_CheckRunsAfterEvaluationAndImmediatelyBeforeAppend/format_2,_the_held_A/B_seal/journal_extended_between_batches
=== RUN   TestDeliveryJournal_CheckRunsAfterEvaluationAndImmediatelyBeforeAppend/format_2,_the_held_A/B_seal/journal_extended_during_evaluation
=== RUN   TestDeliveryJournal_CheckRunsAfterEvaluationAndImmediatelyBeforeAppend/format_2,_the_held_A/B_seal/position_future_version_between_batches
=== RUN   TestDeliveryJournal_CheckRunsAfterEvaluationAndImmediatelyBeforeAppend/format_2,_the_held_A/B_seal/position_future_version_during_evaluation
=== RUN   TestDeliveryJournal_CheckRunsAfterEvaluationAndImmediatelyBeforeAppend/format_2,_the_held_A/B_seal/position_noncanonical_between_batches
=== RUN   TestDeliveryJournal_CheckRunsAfterEvaluationAndImmediatelyBeforeAppend/format_2,_the_held_A/B_seal/position_noncanonical_during_evaluation
=== RUN   TestDeliveryJournal_CheckRunsAfterEvaluationAndImmediatelyBeforeAppend/format_2,_the_held_A/B_seal/position_count_between_batches
=== RUN   TestDeliveryJournal_CheckRunsAfterEvaluationAndImmediatelyBeforeAppend/format_2,_the_held_A/B_seal/position_count_during_evaluation
=== RUN   TestDeliveryJournal_CheckRunsAfterEvaluationAndImmediatelyBeforeAppend/format_2,_the_held_A/B_seal/position_bytes_between_batches
=== RUN   TestDeliveryJournal_CheckRunsAfterEvaluationAndImmediatelyBeforeAppend/format_2,_the_held_A/B_seal/position_bytes_during_evaluation
=== RUN   TestDeliveryJournal_CheckRunsAfterEvaluationAndImmediatelyBeforeAppend/format_2,_the_held_A/B_seal/position_chain_between_batches
=== RUN   TestDeliveryJournal_CheckRunsAfterEvaluationAndImmediatelyBeforeAppend/format_2,_the_held_A/B_seal/position_chain_during_evaluation
=== RUN   TestDeliveryJournal_CheckRunsAfterEvaluationAndImmediatelyBeforeAppend/format_2,_the_held_A/B_seal/position_replaced_by_a_copy_of_itself_between_batches
=== RUN   TestDeliveryJournal_CheckRunsAfterEvaluationAndImmediatelyBeforeAppend/format_2,_the_held_A/B_seal/position_replaced_by_a_copy_of_itself_during_evaluation
--- PASS: TestDeliveryJournal_CheckRunsAfterEvaluationAndImmediatelyBeforeAppend (5.19s)
    --- PASS: TestDeliveryJournal_CheckRunsAfterEvaluationAndImmediatelyBeforeAppend/the_order_of_a_committed_batch (0.13s)
    --- PASS: TestDeliveryJournal_CheckRunsAfterEvaluationAndImmediatelyBeforeAppend/format_1,_the_v1_sidecar (2.08s)
        --- PASS: TestDeliveryJournal_CheckRunsAfterEvaluationAndImmediatelyBeforeAppend/format_1,_the_v1_sidecar/position_missing_between_batches (0.12s)
        --- PASS: TestDeliveryJournal_CheckRunsAfterEvaluationAndImmediatelyBeforeAppend/format_1,_the_v1_sidecar/position_missing_during_evaluation (0.11s)
        --- PASS: TestDeliveryJournal_CheckRunsAfterEvaluationAndImmediatelyBeforeAppend/format_1,_the_v1_sidecar/position_malformed_between_batches (0.12s)
        --- PASS: TestDeliveryJournal_CheckRunsAfterEvaluationAndImmediatelyBeforeAppend/format_1,_the_v1_sidecar/position_malformed_during_evaluation (0.11s)
        --- PASS: TestDeliveryJournal_CheckRunsAfterEvaluationAndImmediatelyBeforeAppend/format_1,_the_v1_sidecar/journal_truncated_between_batches (0.14s)
        --- PASS: TestDeliveryJournal_CheckRunsAfterEvaluationAndImmediatelyBeforeAppend/format_1,_the_v1_sidecar/journal_truncated_during_evaluation (0.10s)
        --- PASS: TestDeliveryJournal_CheckRunsAfterEvaluationAndImmediatelyBeforeAppend/format_1,_the_v1_sidecar/journal_extended_between_batches (0.12s)
        --- PASS: TestDeliveryJournal_CheckRunsAfterEvaluationAndImmediatelyBeforeAppend/format_1,_the_v1_sidecar/journal_extended_during_evaluation (0.11s)
        --- PASS: TestDeliveryJournal_CheckRunsAfterEvaluationAndImmediatelyBeforeAppend/format_1,_the_v1_sidecar/position_future_version_between_batches (0.12s)
        --- PASS: TestDeliveryJournal_CheckRunsAfterEvaluationAndImmediatelyBeforeAppend/format_1,_the_v1_sidecar/position_future_version_during_evaluation (0.11s)
        --- PASS: TestDeliveryJournal_CheckRunsAfterEvaluationAndImmediatelyBeforeAppend/format_1,_the_v1_sidecar/position_noncanonical_between_batches (0.12s)
        --- PASS: TestDeliveryJournal_CheckRunsAfterEvaluationAndImmediatelyBeforeAppend/format_1,_the_v1_sidecar/position_noncanonical_during_evaluation (0.11s)
        --- PASS: TestDeliveryJournal_CheckRunsAfterEvaluationAndImmediatelyBeforeAppend/format_1,_the_v1_sidecar/position_count_between_batches (0.12s)
        --- PASS: TestDeliveryJournal_CheckRunsAfterEvaluationAndImmediatelyBeforeAppend/format_1,_the_v1_sidecar/position_count_during_evaluation (0.11s)
        --- PASS: TestDeliveryJournal_CheckRunsAfterEvaluationAndImmediatelyBeforeAppend/format_1,_the_v1_sidecar/position_bytes_between_batches (0.13s)
        --- PASS: TestDeliveryJournal_CheckRunsAfterEvaluationAndImmediatelyBeforeAppend/format_1,_the_v1_sidecar/position_bytes_during_evaluation (0.11s)
        --- PASS: TestDeliveryJournal_CheckRunsAfterEvaluationAndImmediatelyBeforeAppend/format_1,_the_v1_sidecar/position_chain_between_batches (0.12s)
        --- PASS: TestDeliveryJournal_CheckRunsAfterEvaluationAndImmediatelyBeforeAppend/format_1,_the_v1_sidecar/position_chain_during_evaluation (0.11s)
    --- PASS: TestDeliveryJournal_CheckRunsAfterEvaluationAndImmediatelyBeforeAppend/format_2,_the_held_A/B_seal (2.97s)
        --- PASS: TestDeliveryJournal_CheckRunsAfterEvaluationAndImmediatelyBeforeAppend/format_2,_the_held_A/B_seal/position_missing_between_batches (0.13s)
        --- PASS: TestDeliveryJournal_CheckRunsAfterEvaluationAndImmediatelyBeforeAppend/format_2,_the_held_A/B_seal/position_missing_during_evaluation (0.12s)
        --- PASS: TestDeliveryJournal_CheckRunsAfterEvaluationAndImmediatelyBeforeAppend/format_2,_the_held_A/B_seal/position_malformed_between_batches (0.12s)
        --- PASS: TestDeliveryJournal_CheckRunsAfterEvaluationAndImmediatelyBeforeAppend/format_2,_the_held_A/B_seal/position_malformed_during_evaluation (0.13s)
        --- PASS: TestDeliveryJournal_CheckRunsAfterEvaluationAndImmediatelyBeforeAppend/format_2,_the_held_A/B_seal/journal_truncated_between_batches (0.13s)
        --- PASS: TestDeliveryJournal_CheckRunsAfterEvaluationAndImmediatelyBeforeAppend/format_2,_the_held_A/B_seal/journal_truncated_during_evaluation (0.14s)
        --- PASS: TestDeliveryJournal_CheckRunsAfterEvaluationAndImmediatelyBeforeAppend/format_2,_the_held_A/B_seal/journal_extended_between_batches (0.13s)
        --- PASS: TestDeliveryJournal_CheckRunsAfterEvaluationAndImmediatelyBeforeAppend/format_2,_the_held_A/B_seal/journal_extended_during_evaluation (0.14s)
        --- PASS: TestDeliveryJournal_CheckRunsAfterEvaluationAndImmediatelyBeforeAppend/format_2,_the_held_A/B_seal/position_future_version_between_batches (0.14s)
        --- PASS: TestDeliveryJournal_CheckRunsAfterEvaluationAndImmediatelyBeforeAppend/format_2,_the_held_A/B_seal/position_future_version_during_evaluation (0.13s)
        --- PASS: TestDeliveryJournal_CheckRunsAfterEvaluationAndImmediatelyBeforeAppend/format_2,_the_held_A/B_seal/position_noncanonical_between_batches (0.15s)
        --- PASS: TestDeliveryJournal_CheckRunsAfterEvaluationAndImmediatelyBeforeAppend/format_2,_the_held_A/B_seal/position_noncanonical_during_evaluation (0.15s)
        --- PASS: TestDeliveryJournal_CheckRunsAfterEvaluationAndImmediatelyBeforeAppend/format_2,_the_held_A/B_seal/position_count_between_batches (0.14s)
        --- PASS: TestDeliveryJournal_CheckRunsAfterEvaluationAndImmediatelyBeforeAppend/format_2,_the_held_A/B_seal/position_count_during_evaluation (0.25s)
        --- PASS: TestDeliveryJournal_CheckRunsAfterEvaluationAndImmediatelyBeforeAppend/format_2,_the_held_A/B_seal/position_bytes_between_batches (0.16s)
        --- PASS: TestDeliveryJournal_CheckRunsAfterEvaluationAndImmediatelyBeforeAppend/format_2,_the_held_A/B_seal/position_bytes_during_evaluation (0.15s)
        --- PASS: TestDeliveryJournal_CheckRunsAfterEvaluationAndImmediatelyBeforeAppend/format_2,_the_held_A/B_seal/position_chain_between_batches (0.16s)
        --- PASS: TestDeliveryJournal_CheckRunsAfterEvaluationAndImmediatelyBeforeAppend/format_2,_the_held_A/B_seal/position_chain_during_evaluation (0.17s)
        --- PASS: TestDeliveryJournal_CheckRunsAfterEvaluationAndImmediatelyBeforeAppend/format_2,_the_held_A/B_seal/position_replaced_by_a_copy_of_itself_between_batches (0.16s)
        --- PASS: TestDeliveryJournal_CheckRunsAfterEvaluationAndImmediatelyBeforeAppend/format_2,_the_held_A/B_seal/position_replaced_by_a_copy_of_itself_during_evaluation (0.15s)
=== RUN   TestDeliveryJournal_ReleaseWaitsForInFlightBatchesAndFailsQueued
=== RUN   TestDeliveryJournal_ReleaseWaitsForInFlightBatchesAndFailsQueued/lease_pipeline
=== RUN   TestDeliveryJournal_ReleaseWaitsForInFlightBatchesAndFailsQueued/acknowledgement_pipeline
=== RUN   TestDeliveryJournal_ReleaseWaitsForInFlightBatchesAndFailsQueued/both_pipelines_at_once
--- PASS: TestDeliveryJournal_ReleaseWaitsForInFlightBatchesAndFailsQueued (0.48s)
    --- PASS: TestDeliveryJournal_ReleaseWaitsForInFlightBatchesAndFailsQueued/lease_pipeline (0.14s)
    --- PASS: TestDeliveryJournal_ReleaseWaitsForInFlightBatchesAndFailsQueued/acknowledgement_pipeline (0.16s)
    --- PASS: TestDeliveryJournal_ReleaseWaitsForInFlightBatchesAndFailsQueued/both_pipelines_at_once (0.18s)
=== RUN   TestDeliveryJournal_AnyFaultPoisonsBothPipelines
=== RUN   TestDeliveryJournal_AnyFaultPoisonsBothPipelines/a_lease_Write_that_wrote_nothing
=== RUN   TestDeliveryJournal_AnyFaultPoisonsBothPipelines/an_acknowledgement_Write_that_wrote_nothing
=== RUN   TestDeliveryJournal_AnyFaultPoisonsBothPipelines/an_acknowledgement_whose_Sync_failed
=== RUN   TestDeliveryJournal_AnyFaultPoisonsBothPipelines/an_acknowledgement_whose_seal_failed
=== RUN   TestDeliveryJournal_AnyFaultPoisonsBothPipelines/an_acknowledgement_batch_that_panicked
--- PASS: TestDeliveryJournal_AnyFaultPoisonsBothPipelines (0.83s)
    --- PASS: TestDeliveryJournal_AnyFaultPoisonsBothPipelines/a_lease_Write_that_wrote_nothing (0.19s)
    --- PASS: TestDeliveryJournal_AnyFaultPoisonsBothPipelines/an_acknowledgement_Write_that_wrote_nothing (0.15s)
    --- PASS: TestDeliveryJournal_AnyFaultPoisonsBothPipelines/an_acknowledgement_whose_Sync_failed (0.17s)
    --- PASS: TestDeliveryJournal_AnyFaultPoisonsBothPipelines/an_acknowledgement_whose_seal_failed (0.16s)
    --- PASS: TestDeliveryJournal_AnyFaultPoisonsBothPipelines/an_acknowledgement_batch_that_panicked (0.16s)
=== RUN   TestDeliveryJournal_BatchOwnArrivalOverflowIsABudgetRefusal
--- PASS: TestDeliveryJournal_BatchOwnArrivalOverflowIsABudgetRefusal (0.28s)
=== RUN   TestDeliveryJournal_BatchKeepsEachCallsCheckOrder
=== RUN   TestDeliveryJournal_BatchKeepsEachCallsCheckOrder/a_cancelled_context_is_answered_before_the_gate
=== RUN   TestDeliveryJournal_BatchKeepsEachCallsCheckOrder/the_gate_is_answered_before_validation
=== RUN   TestDeliveryJournal_BatchKeepsEachCallsCheckOrder/a_known_nonce_is_answered_before_the_budget
=== RUN   TestDeliveryJournal_BatchKeepsEachCallsCheckOrder/the_context_is_checked_again_before_the_Write
--- PASS: TestDeliveryJournal_BatchKeepsEachCallsCheckOrder (0.51s)
    --- PASS: TestDeliveryJournal_BatchKeepsEachCallsCheckOrder/a_cancelled_context_is_answered_before_the_gate (0.13s)
    --- PASS: TestDeliveryJournal_BatchKeepsEachCallsCheckOrder/the_gate_is_answered_before_validation (0.12s)
    --- PASS: TestDeliveryJournal_BatchKeepsEachCallsCheckOrder/a_known_nonce_is_answered_before_the_budget (0.13s)
    --- PASS: TestDeliveryJournal_BatchKeepsEachCallsCheckOrder/the_context_is_checked_again_before_the_Write (0.13s)
=== RUN   TestDeliveryJournal_AdmissionIsUnderStBesideAcknowledge
--- PASS: TestDeliveryJournal_AdmissionIsUnderStBesideAcknowledge (0.13s)
=== RUN   TestDeliveryJournal_BatchMatchesSequentialOutcomes
=== RUN   TestDeliveryJournal_BatchMatchesSequentialOutcomes/seed_0
=== RUN   TestDeliveryJournal_BatchMatchesSequentialOutcomes/seed_1
=== RUN   TestDeliveryJournal_BatchMatchesSequentialOutcomes/seed_2
=== RUN   TestDeliveryJournal_BatchMatchesSequentialOutcomes/seed_3
=== RUN   TestDeliveryJournal_BatchMatchesSequentialOutcomes/seed_4
=== RUN   TestDeliveryJournal_BatchMatchesSequentialOutcomes/seed_5
=== RUN   TestDeliveryJournal_BatchMatchesSequentialOutcomes/seed_6
=== RUN   TestDeliveryJournal_BatchMatchesSequentialOutcomes/seed_7
=== RUN   TestDeliveryJournal_BatchMatchesSequentialOutcomes/entries_cap,_seed_0
=== RUN   TestDeliveryJournal_BatchMatchesSequentialOutcomes/entries_cap,_seed_1
=== RUN   TestDeliveryJournal_BatchMatchesSequentialOutcomes/bytes_cap
--- PASS: TestDeliveryJournal_BatchMatchesSequentialOutcomes (4.25s)
    --- PASS: TestDeliveryJournal_BatchMatchesSequentialOutcomes/seed_0 (0.35s)
    --- PASS: TestDeliveryJournal_BatchMatchesSequentialOutcomes/seed_1 (0.34s)
    --- PASS: TestDeliveryJournal_BatchMatchesSequentialOutcomes/seed_2 (0.38s)
    --- PASS: TestDeliveryJournal_BatchMatchesSequentialOutcomes/seed_3 (0.34s)
    --- PASS: TestDeliveryJournal_BatchMatchesSequentialOutcomes/seed_4 (0.35s)
    --- PASS: TestDeliveryJournal_BatchMatchesSequentialOutcomes/seed_5 (0.36s)
    --- PASS: TestDeliveryJournal_BatchMatchesSequentialOutcomes/seed_6 (0.43s)
    --- PASS: TestDeliveryJournal_BatchMatchesSequentialOutcomes/seed_7 (0.36s)
    --- PASS: TestDeliveryJournal_BatchMatchesSequentialOutcomes/entries_cap,_seed_0 (0.42s)
    --- PASS: TestDeliveryJournal_BatchMatchesSequentialOutcomes/entries_cap,_seed_1 (0.39s)
    --- PASS: TestDeliveryJournal_BatchMatchesSequentialOutcomes/bytes_cap (0.52s)
=== RUN   TestDeliveryJournal_EqualRequestsHaveDistinctDeliveries
--- PASS: TestDeliveryJournal_EqualRequestsHaveDistinctDeliveries (0.26s)
=== RUN   TestDeliveryJournal_RetryDoesNotAppendAndTokenMustKeepItsBinding
=== RUN   TestDeliveryJournal_RetryDoesNotAppendAndTokenMustKeepItsBinding/request
=== RUN   TestDeliveryJournal_RetryDoesNotAppendAndTokenMustKeepItsBinding/session
--- PASS: TestDeliveryJournal_RetryDoesNotAppendAndTokenMustKeepItsBinding (0.15s)
    --- PASS: TestDeliveryJournal_RetryDoesNotAppendAndTokenMustKeepItsBinding/request (0.00s)
    --- PASS: TestDeliveryJournal_RetryDoesNotAppendAndTokenMustKeepItsBinding/session (0.00s)
=== RUN   TestDeliveryJournal_EmptySessionIsAValidIdentityScope
--- PASS: TestDeliveryJournal_EmptySessionIsAValidIdentityScope (0.12s)
=== RUN   TestDeliveryJournal_RejectsCanceledAndInvalidLeaseInputsWithoutAppending
=== RUN   TestDeliveryJournal_RejectsCanceledAndInvalidLeaseInputsWithoutAppending/empty_token
=== RUN   TestDeliveryJournal_RejectsCanceledAndInvalidLeaseInputsWithoutAppending/short_token
=== RUN   TestDeliveryJournal_RejectsCanceledAndInvalidLeaseInputsWithoutAppending/upper_case_token
=== RUN   TestDeliveryJournal_RejectsCanceledAndInvalidLeaseInputsWithoutAppending/zero_token
=== RUN   TestDeliveryJournal_RejectsCanceledAndInvalidLeaseInputsWithoutAppending/zero_request_hash
--- PASS: TestDeliveryJournal_RejectsCanceledAndInvalidLeaseInputsWithoutAppending (0.12s)
    --- PASS: TestDeliveryJournal_RejectsCanceledAndInvalidLeaseInputsWithoutAppending/empty_token (0.00s)
    --- PASS: TestDeliveryJournal_RejectsCanceledAndInvalidLeaseInputsWithoutAppending/short_token (0.00s)
    --- PASS: TestDeliveryJournal_RejectsCanceledAndInvalidLeaseInputsWithoutAppending/upper_case_token (0.00s)
    --- PASS: TestDeliveryJournal_RejectsCanceledAndInvalidLeaseInputsWithoutAppending/zero_token (0.00s)
    --- PASS: TestDeliveryJournal_RejectsCanceledAndInvalidLeaseInputsWithoutAppending/zero_request_hash (0.00s)
=== RUN   TestDeliveryJournal_IsSingletonPerLockAndStopsWithItsLock
--- PASS: TestDeliveryJournal_IsSingletonPerLockAndStopsWithItsLock (0.11s)
=== RUN   TestDeliveryJournal_ReplacedLockCannotReleaseOrLeaseForNewOwner
--- PASS: TestDeliveryJournal_ReplacedLockCannotReleaseOrLeaseForNewOwner (0.15s)
=== RUN   TestDeliveryJournal_RejectsUntrustworthyRowsWithoutChangingThem
=== RUN   TestDeliveryJournal_RejectsUntrustworthyRowsWithoutChangingThem/malformed
=== RUN   TestDeliveryJournal_RejectsUntrustworthyRowsWithoutChangingThem/torn_final_row
=== RUN   TestDeliveryJournal_RejectsUntrustworthyRowsWithoutChangingThem/future_version
=== RUN   TestDeliveryJournal_RejectsUntrustworthyRowsWithoutChangingThem/invalid_derived_identity
=== RUN   TestDeliveryJournal_RejectsUntrustworthyRowsWithoutChangingThem/duplicate_identical_delivery
=== RUN   TestDeliveryJournal_RejectsUntrustworthyRowsWithoutChangingThem/gapped_sequence
--- PASS: TestDeliveryJournal_RejectsUntrustworthyRowsWithoutChangingThem (0.24s)
    --- PASS: TestDeliveryJournal_RejectsUntrustworthyRowsWithoutChangingThem/malformed (0.04s)
    --- PASS: TestDeliveryJournal_RejectsUntrustworthyRowsWithoutChangingThem/torn_final_row (0.04s)
    --- PASS: TestDeliveryJournal_RejectsUntrustworthyRowsWithoutChangingThem/future_version (0.04s)
    --- PASS: TestDeliveryJournal_RejectsUntrustworthyRowsWithoutChangingThem/invalid_derived_identity (0.04s)
    --- PASS: TestDeliveryJournal_RejectsUntrustworthyRowsWithoutChangingThem/duplicate_identical_delivery (0.04s)
    --- PASS: TestDeliveryJournal_RejectsUntrustworthyRowsWithoutChangingThem/gapped_sequence (0.04s)
=== RUN   TestDeliveryJournal_OneSyncAndOneSealPerLease
--- PASS: TestDeliveryJournal_OneSyncAndOneSealPerLease (0.20s)
=== RUN   TestDeliveryMigration_MissingLegacyAnchorsDoNotRecreateIdentity
=== RUN   TestDeliveryMigration_MissingLegacyAnchorsDoNotRecreateIdentity/delivery-generations
=== RUN   TestDeliveryMigration_MissingLegacyAnchorsDoNotRecreateIdentity/delivery-journal.json
=== RUN   TestDeliveryMigration_MissingLegacyAnchorsDoNotRecreateIdentity/delivery-segments
--- PASS: TestDeliveryMigration_MissingLegacyAnchorsDoNotRecreateIdentity (0.09s)
    --- PASS: TestDeliveryMigration_MissingLegacyAnchorsDoNotRecreateIdentity/delivery-generations (0.04s)
    --- PASS: TestDeliveryMigration_MissingLegacyAnchorsDoNotRecreateIdentity/delivery-journal.json (0.03s)
    --- PASS: TestDeliveryMigration_MissingLegacyAnchorsDoNotRecreateIdentity/delivery-segments (0.03s)
=== RUN   TestDeliveryMigration_OrphanArtifactsPreserveLegacyAnchorsWithoutContinuing
--- PASS: TestDeliveryMigration_OrphanArtifactsPreserveLegacyAnchorsWithoutContinuing (0.15s)
=== RUN   TestDeliveryMigration_MissingAckAnchorsAreNotRecreated
--- PASS: TestDeliveryMigration_MissingAckAnchorsAreNotRecreated (0.13s)
=== RUN   TestDeliveryJournal_AcceptsTheNonceTheHookClientMints
--- PASS: TestDeliveryJournal_AcceptsTheNonceTheHookClientMints (0.12s)
=== RUN   TestDeliveryOrder_ArchiveReadsHoldNeitherJournalLock
=== PAUSE TestDeliveryOrder_ArchiveReadsHoldNeitherJournalLock
=== RUN   TestDeliveryOrder_ArchiveReadsFailClosed
=== PAUSE TestDeliveryOrder_ArchiveReadsFailClosed
=== RUN   TestDeliveryOrder_ArchiveReadsNeverRunAheadOfASettlement
=== PAUSE TestDeliveryOrder_ArchiveReadsNeverRunAheadOfASettlement
=== RUN   TestDeliveryOrder_AStuckSessionCannotTakeTheOtherSessionsLanes
--- PASS: TestDeliveryOrder_AStuckSessionCannotTakeTheOtherSessionsLanes (0.60s)
=== RUN   TestDeliveryOrder_ParkedLaneAsksForADrainRatherThanWaitingForIdle
--- PASS: TestDeliveryOrder_ParkedLaneAsksForADrainRatherThanWaitingForIdle (0.37s)
=== RUN   TestDeliveryOrder_LaneOverflowIsDrainedOnRequest
--- PASS: TestDeliveryOrder_LaneOverflowIsDrainedOnRequest (0.65s)
=== RUN   TestDeliveryOrder_ARequestedDrainCutShortByItsBudgetIsRequestedAgain
--- PASS: TestDeliveryOrder_ARequestedDrainCutShortByItsBudgetIsRequestedAgain (6.83s)
=== RUN   TestDeliveryOrder_ARequestedPassFinishesALineSlowerThanItsBudget
--- PASS: TestDeliveryOrder_ARequestedPassFinishesALineSlowerThanItsBudget (6.80s)
=== RUN   TestDeliveryOrder_ARequestedPassAsksAgainOnlyWhileItMakesProgress
--- PASS: TestDeliveryOrder_ARequestedPassAsksAgainOnlyWhileItMakesProgress (10.41s)
=== RUN   TestDeliveryOrder_FlushOverAnUnreadableFrontierIsCountedNotSilent
--- PASS: TestDeliveryOrder_FlushOverAnUnreadableFrontierIsCountedNotSilent (0.29s)
=== RUN   TestDeliveryOrder_FlushWaitsForABacklogThatKeepsPublishing
--- PASS: TestDeliveryOrder_FlushWaitsForABacklogThatKeepsPublishing (6.82s)
=== RUN   TestDispatchLanes_PerSessionBoundOverflowAndForget
--- PASS: TestDispatchLanes_PerSessionBoundOverflowAndForget (0.00s)
=== RUN   TestAwaitLaneQuiet_WaitsWhileTheLaneSettlesAndStopsWhenItStalls
--- PASS: TestAwaitLaneQuiet_WaitsWhileTheLaneSettlesAndStopsWhenItStalls (1.10s)
=== RUN   TestSettleSessionLimitNestsInsideTheFlushDeadlines
--- PASS: TestSettleSessionLimitNestsInsideTheFlushDeadlines (0.00s)
=== RUN   TestDeliveryOrder_DrainReleasesOnlySessionsItPublishedOrRetired
--- PASS: TestDeliveryOrder_DrainReleasesOnlySessionsItPublishedOrRetired (0.47s)
=== RUN   TestDeliveryOrder_LiveSameSessionArrivalsPublishWithoutDrain
--- PASS: TestDeliveryOrder_LiveSameSessionArrivalsPublishWithoutDrain (1.63s)
=== RUN   TestDeliveryOrder_LiveReversedRingOrderPublishesWithoutDrain
--- PASS: TestDeliveryOrder_LiveReversedRingOrderPublishesWithoutDrain (0.33s)
=== RUN   TestDeliveryOrder_LiveOtherSessionsAreNotSerialized
--- PASS: TestDeliveryOrder_LiveOtherSessionsAreNotSerialized (0.33s)
=== RUN   TestDeliveryOrder_DrainReleaseWakesParkedLiveSuccessor
--- PASS: TestDeliveryOrder_DrainReleaseWakesParkedLiveSuccessor (0.37s)
=== RUN   TestDeliveryOrder_LiveLanesAreBoundedAndOverflowIsLeftForTheDrain
--- PASS: TestDeliveryOrder_LiveLanesAreBoundedAndOverflowIsLeftForTheDrain (0.58s)
=== RUN   TestDeliveryOrder_LiveFailedHeadIsRetriedByTheNextArrivalNotSpun
--- PASS: TestDeliveryOrder_LiveFailedHeadIsRetriedByTheNextArrivalNotSpun (0.30s)
=== RUN   TestDispatchLanes_SignalsKeepTheOwnerFromParkingOnAStaleView
--- PASS: TestDispatchLanes_SignalsKeepTheOwnerFromParkingOnAStaleView (0.00s)
=== RUN   TestDeliveryOrder_DrainReleasesSessionsOnlyAfterItsPass
--- PASS: TestDeliveryOrder_DrainReleasesSessionsOnlyAfterItsPass (0.45s)
=== RUN   TestDeliveryOrder_FlushSettlesQueuedSessionEventsBeforeSessionEnd
--- PASS: TestDeliveryOrder_FlushSettlesQueuedSessionEventsBeforeSessionEnd (1.21s)
=== RUN   TestDeliveryOrder_FlushDrainsAParkedSessionBeforeSessionEnd
--- PASS: TestDeliveryOrder_FlushDrainsAParkedSessionBeforeSessionEnd (0.78s)
=== RUN   TestDeliveryOrder_FlushThatCannotSettleSaysSoAndLosesNothing
--- PASS: TestDeliveryOrder_FlushThatCannotSettleSaysSoAndLosesNothing (0.66s)
=== RUN   TestDeliveryOrder_PredecessorsAcknowledgedGate
--- PASS: TestDeliveryOrder_PredecessorsAcknowledgedGate (0.17s)
=== RUN   TestDeliveryOrder_DrainReversedWALvsLeaseOrder
--- PASS: TestDeliveryOrder_DrainReversedWALvsLeaseOrder (0.38s)
=== RUN   TestDeliveryOrder_UnreadableFrontierFailsClosed
--- PASS: TestDeliveryOrder_UnreadableFrontierFailsClosed (0.15s)
=== RUN   TestDeliveryOrder_MissingJournalGetterFailsClosed
--- PASS: TestDeliveryOrder_MissingJournalGetterFailsClosed (0.05s)
=== RUN   TestDeliveryOrder_UnreadableFrontierNoPublication
--- PASS: TestDeliveryOrder_UnreadableFrontierNoPublication (0.16s)
=== RUN   TestDeliveryOrder_DrainReversedPrefixBeyondBufferBoundDoesNotWedge
--- PASS: TestDeliveryOrder_DrainReversedPrefixBeyondBufferBoundDoesNotWedge (16.94s)
=== RUN   TestDeliveryOrder_DrainOrdersPerSessionIndependently
--- PASS: TestDeliveryOrder_DrainOrdersPerSessionIndependently (0.58s)
=== RUN   TestDeliveryOrder_DrainCancellationPreservesUnconsumed
--- PASS: TestDeliveryOrder_DrainCancellationPreservesUnconsumed (0.16s)
=== RUN   TestDeliveryOrder_LeasedDenyOnRetryPreservedPending
--- PASS: TestDeliveryOrder_LeasedDenyOnRetryPreservedPending (0.18s)
=== RUN   TestDeliveryPath_V6_ExtraStagedEvidenceRefusesAdoption
--- PASS: TestDeliveryPath_V6_ExtraStagedEvidenceRefusesAdoption (0.04s)
=== RUN   TestDeliveryPath_V6_RotationCloseFailureStopsTheLiveSwitch
=== PAUSE TestDeliveryPath_V6_RotationCloseFailureStopsTheLiveSwitch
=== RUN   TestDeliveryPath_V6_PagePublicationPreservesAConflictingDestination
--- PASS: TestDeliveryPath_V6_PagePublicationPreservesAConflictingDestination (0.02s)
=== RUN   TestDeliveryPath_V6_TransitionLimitRefusesBeforeAppend
--- PASS: TestDeliveryPath_V6_TransitionLimitRefusesBeforeAppend (0.02s)
=== RUN   TestDeliveryPath_V6_RefusesAliasedSegmentParent
--- PASS: TestDeliveryPath_V6_RefusesAliasedSegmentParent (0.04s)
=== RUN   TestDeliveryJournal_AcknowledgementIsTheCommittedFrontier
--- PASS: TestDeliveryJournal_AcknowledgementIsTheCommittedFrontier (0.12s)
=== RUN   TestDeliveryJournal_AcknowledgementSurvivesReopen
--- PASS: TestDeliveryJournal_AcknowledgementSurvivesReopen (0.20s)
=== RUN   TestDeliveryJournal_AcknowledgementAheadOfItsLeaseIsRefused
--- PASS: TestDeliveryJournal_AcknowledgementAheadOfItsLeaseIsRefused (0.17s)
=== RUN   TestDispatchOpDeniesBeforeAnythingIsPersisted
--- PASS: TestDispatchOpDeniesBeforeAnythingIsPersisted (0.00s)
=== RUN   TestDispatchOpRefusesAnUndecidableCapture
--- PASS: TestDispatchOpRefusesAnUndecidableCapture (0.00s)
=== RUN   TestDispatchOpPersistsADegradedCaptureAsEvidence
--- PASS: TestDispatchOpPersistsADegradedCaptureAsEvidence (0.15s)
=== RUN   TestDispatchOpObservesAnOversizePayloadAtTheShippedDefault
--- PASS: TestDispatchOpObservesAnOversizePayloadAtTheShippedDefault (0.15s)
=== RUN   TestDispatchOpAdmitsARequestThatCarriesNoDecision
--- PASS: TestDispatchOpAdmitsARequestThatCarriesNoDecision (0.00s)
=== RUN   TestAdmissionNeverRestoresRemovedContent
--- PASS: TestAdmissionNeverRestoresRemovedContent (0.00s)
=== RUN   TestEqualContentDeliveriesStayDistinct
--- PASS: TestEqualContentDeliveriesStayDistinct (0.16s)
=== RUN   TestRedeliveryOfOneNonceIsObservedOnce
--- PASS: TestRedeliveryOfOneNonceIsObservedOnce (0.15s)
=== RUN   TestPublicationOrderIsObjectReferenceFrontier
--- PASS: TestPublicationOrderIsObjectReferenceFrontier (0.15s)
=== RUN   TestDrainAdmitsAndAcknowledgesInheritedRecords
--- PASS: TestDrainAdmitsAndAcknowledgesInheritedRecords (0.20s)
=== RUN   TestDrainReportsGapsInsteadOfSilentCompleteness
--- PASS: TestDrainReportsGapsInsteadOfSilentCompleteness (0.07s)
=== RUN   TestSessionEndRecordsRecoveryNeeded
--- PASS: TestSessionEndRecordsRecoveryNeeded (0.18s)
=== RUN   TestBoundedQueueDropsRatherThanBlocks
--- PASS: TestBoundedQueueDropsRatherThanBlocks (8.98s)
=== RUN   TestCrashCutBetweenReferenceAndFrontierRedelivers
--- PASS: TestCrashCutBetweenReferenceAndFrontierRedelivers (0.21s)
=== RUN   TestDeliveryRadix_MergeEqualsSequentialUpdates
=== PAUSE TestDeliveryRadix_MergeEqualsSequentialUpdates
=== RUN   TestDeliveryRadix_MergeRefusesWhatUpdateRefuses
--- PASS: TestDeliveryRadix_MergeRefusesWhatUpdateRefuses (0.08s)
=== RUN   TestDeliveryGeneration_CommitPublishesOnePackPerGenerationWhateverItsSize
=== RUN   TestDeliveryGeneration_CommitPublishesOnePackPerGenerationWhateverItsSize/one-lease
=== RUN   TestDeliveryGeneration_CommitPublishesOnePackPerGenerationWhateverItsSize/four-hundred-leases
--- PASS: TestDeliveryGeneration_CommitPublishesOnePackPerGenerationWhateverItsSize (0.12s)
    --- PASS: TestDeliveryGeneration_CommitPublishesOnePackPerGenerationWhateverItsSize/one-lease (0.05s)
    --- PASS: TestDeliveryGeneration_CommitPublishesOnePackPerGenerationWhateverItsSize/four-hundred-leases (0.07s)
=== RUN   TestDeliveryRadix_TxnHoldsOnlyLivePages
--- PASS: TestDeliveryRadix_TxnHoldsOnlyLivePages (0.04s)
=== RUN   TestDeliveryRadix_UncommittedRootIsUnavailableToCommittedReaders
--- PASS: TestDeliveryRadix_UncommittedRootIsUnavailableToCommittedReaders (0.07s)
=== RUN   TestDeliveryRadix_TamperedLocationIsUnavailableNotAnotherPage
--- PASS: TestDeliveryRadix_TamperedLocationIsUnavailableNotAnotherPage (0.05s)
=== RUN   TestDeliveryRadix_TruncatedPackIsUnavailable
--- PASS: TestDeliveryRadix_TruncatedPackIsUnavailable (0.05s)
=== RUN   TestDeliveryRadix_OrphanPackAndStagingAreIgnoredAndPreserved
--- PASS: TestDeliveryRadix_OrphanPackAndStagingAreIgnoredAndPreserved (0.07s)
=== RUN   TestDeliveryRadix_ConflictingRootPointerIsPreserved
--- PASS: TestDeliveryRadix_ConflictingRootPointerIsPreserved (0.03s)
=== RUN   TestDeliveryRadix_EmptyTreeAbsence
--- PASS: TestDeliveryRadix_EmptyTreeAbsence (0.00s)
=== RUN   TestDeliveryRadix_ManyGenerationsOldRootsUsable
=== PAUSE TestDeliveryRadix_ManyGenerationsOldRootsUsable
=== RUN   TestDeliveryRadix_UpdateValueSameKey
--- PASS: TestDeliveryRadix_UpdateValueSameKey (0.09s)
=== RUN   TestDeliveryRadix_ReopenPersists
--- PASS: TestDeliveryRadix_ReopenPersists (0.25s)
=== RUN   TestDeliveryRadix_CollisionRefused
--- PASS: TestDeliveryRadix_CollisionRefused (0.04s)
=== RUN   TestDeliveryRadix_WrongRootAndCorruptPageAreUnavailable
--- PASS: TestDeliveryRadix_WrongRootAndCorruptPageAreUnavailable (0.04s)
=== RUN   TestDeliveryRadix_MissingDescendantIsUnavailableWithoutTouchingTheOther
--- PASS: TestDeliveryRadix_MissingDescendantIsUnavailableWithoutTouchingTheOther (0.08s)
=== RUN   TestDeliveryRadix_LookupDoesNotTouchAnIrrelevantCorruptBranch
--- PASS: TestDeliveryRadix_LookupDoesNotTouchAnIrrelevantCorruptBranch (0.07s)
=== RUN   TestDeliveryRadix_LongCommonPrefixCompressesAndProvesAbsence
--- PASS: TestDeliveryRadix_LongCommonPrefixCompressesAndProvesAbsence (0.08s)
=== RUN   TestDeliveryRadix_Cancellation
--- PASS: TestDeliveryRadix_Cancellation (0.02s)
=== RUN   TestDeliveryRadix_CrashOrphanLeavesOldGenerationsUsable
--- PASS: TestDeliveryRadix_CrashOrphanLeavesOldGenerationsUsable (0.19s)
=== RUN   TestDeliveryRadix_InputBounds
--- PASS: TestDeliveryRadix_InputBounds (0.00s)
=== RUN   TestDeliveryRadix_DecodeRejectsMalformedPages
=== RUN   TestDeliveryRadix_DecodeRejectsMalformedPages/empty
=== RUN   TestDeliveryRadix_DecodeRejectsMalformedPages/too_short
=== RUN   TestDeliveryRadix_DecodeRejectsMalformedPages/bad_magic
=== RUN   TestDeliveryRadix_DecodeRejectsMalformedPages/unknown_version
=== RUN   TestDeliveryRadix_DecodeRejectsMalformedPages/unknown_kind
=== RUN   TestDeliveryRadix_DecodeRejectsMalformedPages/branch_zero_child
=== RUN   TestDeliveryRadix_DecodeRejectsMalformedPages/leaf_trailing_byte
--- PASS: TestDeliveryRadix_DecodeRejectsMalformedPages (0.00s)
    --- PASS: TestDeliveryRadix_DecodeRejectsMalformedPages/empty (0.00s)
    --- PASS: TestDeliveryRadix_DecodeRejectsMalformedPages/too_short (0.00s)
    --- PASS: TestDeliveryRadix_DecodeRejectsMalformedPages/bad_magic (0.00s)
    --- PASS: TestDeliveryRadix_DecodeRejectsMalformedPages/unknown_version (0.00s)
    --- PASS: TestDeliveryRadix_DecodeRejectsMalformedPages/unknown_kind (0.00s)
    --- PASS: TestDeliveryRadix_DecodeRejectsMalformedPages/branch_zero_child (0.00s)
    --- PASS: TestDeliveryRadix_DecodeRejectsMalformedPages/leaf_trailing_byte (0.00s)
=== RUN   TestDeliveryReaders_V6_GCAtEveryRotationStepKeepsEveryUnsettledRoot
--- PASS: TestDeliveryReaders_V6_GCAtEveryRotationStepKeepsEveryUnsettledRoot (1.39s)
=== RUN   TestDeliveryReaders_V6_GCRetainsActiveAndArchivedLeases
=== PAUSE TestDeliveryReaders_V6_GCRetainsActiveAndArchivedLeases
=== RUN   TestDeliveryReaders_V6_BackupRestoresHistoryAndAcceptsLaterWrites
=== PAUSE TestDeliveryReaders_V6_BackupRestoresHistoryAndAcceptsLaterWrites
=== RUN   TestDeliveryReaders_V6_GCDuringLiveRotationsKeepsEveryArchivedUnsettledRoot
=== PAUSE TestDeliveryReaders_V6_GCDuringLiveRotationsKeepsEveryArchivedUnsettledRoot
=== RUN   TestDeliveryRollover_ArchiveRecordsExactlyWhatTheBatchCommitsRecord
=== PAUSE TestDeliveryRollover_ArchiveRecordsExactlyWhatTheBatchCommitsRecord
=== RUN   TestDeliveryRollover_ArchiveIsIdempotentAfterAnInterruptedAttempt
=== PAUSE TestDeliveryRollover_ArchiveIsIdempotentAfterAnInterruptedAttempt
=== RUN   TestDeliveryRollover_ArchiveRefusesAConflictingLease
=== PAUSE TestDeliveryRollover_ArchiveRefusesAConflictingLease
=== RUN   TestDeliveryRollover_HotPathLeavesTheGenerationStoreUntouched
=== PAUSE TestDeliveryRollover_HotPathLeavesTheGenerationStoreUntouched
=== RUN   TestDeliveryRollover_RotationArchivesTheWholeOutgoingWindow
=== PAUSE TestDeliveryRollover_RotationArchivesTheWholeOutgoingWindow
=== RUN   TestDeliveryRollover_ArchivedSettlementIsMirroredAtOnce
=== PAUSE TestDeliveryRollover_ArchivedSettlementIsMirroredAtOnce
=== RUN   TestDeliveryRollover_AcknowledgementJournalRotatesAtItsOwnThreshold
=== PAUSE TestDeliveryRollover_AcknowledgementJournalRotatesAtItsOwnThreshold
=== RUN   TestDeliveryRollover_RedeliveredAcknowledgementOfArchivedDeliveryAppendsNothing
=== PAUSE TestDeliveryRollover_RedeliveredAcknowledgementOfArchivedDeliveryAppendsNothing
=== RUN   TestDeliveryRollover_InterruptedRotationRollsForwardAtOpen
=== PAUSE TestDeliveryRollover_InterruptedRotationRollsForwardAtOpen
=== RUN   TestDeliveryRollover_ConcurrentCallersNeverSeeARotationAsABudgetRefusal
=== PAUSE TestDeliveryRollover_ConcurrentCallersNeverSeeARotationAsABudgetRefusal
=== RUN   TestDeliveryRollover_CrossesCapacitySeamAndAdvancesSegment
=== PAUSE TestDeliveryRollover_CrossesCapacitySeamAndAdvancesSegment
=== RUN   TestDeliveryRollover_SeventyLiveRotationsPreserveIdentity
=== PAUSE TestDeliveryRollover_SeventyLiveRotationsPreserveIdentity
=== RUN   TestDeliveryRollover_RestartAcrossRotation
=== PAUSE TestDeliveryRollover_RestartAcrossRotation
=== RUN   TestDeliveryRollover_DormantSessionContinuesArrivals
=== PAUSE TestDeliveryRollover_DormantSessionContinuesArrivals
=== RUN   TestDeliveryRollover_ArchivedAckExactJoinAndFrontierRetained
=== PAUSE TestDeliveryRollover_ArchivedAckExactJoinAndFrontierRetained
=== RUN   TestDeliverySeal_FormatTwoSealsEveryBatchInPlace
--- PASS: TestDeliverySeal_FormatTwoSealsEveryBatchInPlace (0.22s)
=== RUN   TestDeliverySeal_ConversionAndDowngrade
=== RUN   TestDeliverySeal_ConversionAndDowngrade/a_v1_project_converts,_but_only_after_a_load_that_succeeded
=== RUN   TestDeliverySeal_ConversionAndDowngrade/a_failed_load_leaves_the_v1_bytes_untouched:_a_torn_journal_tail
=== RUN   TestDeliverySeal_ConversionAndDowngrade/a_failed_load_leaves_the_v1_bytes_untouched:_a_position_that_names_a_count_the_journal_never_had
=== RUN   TestDeliverySeal_ConversionAndDowngrade/a_faulted_Release_writes_no_downgrade
=== RUN   TestDeliverySeal_ConversionAndDowngrade/a_Release_by_a_replaced_owner_writes_no_downgrade
=== RUN   TestDeliverySeal_ConversionAndDowngrade/a_format-1_build_converts_a_v2_file_back
--- PASS: TestDeliverySeal_ConversionAndDowngrade (1.03s)
    --- PASS: TestDeliverySeal_ConversionAndDowngrade/a_v1_project_converts,_but_only_after_a_load_that_succeeded (0.21s)
    --- PASS: TestDeliverySeal_ConversionAndDowngrade/a_failed_load_leaves_the_v1_bytes_untouched:_a_torn_journal_tail (0.13s)
    --- PASS: TestDeliverySeal_ConversionAndDowngrade/a_failed_load_leaves_the_v1_bytes_untouched:_a_position_that_names_a_count_the_journal_never_had (0.13s)
    --- PASS: TestDeliverySeal_ConversionAndDowngrade/a_faulted_Release_writes_no_downgrade (0.12s)
    --- PASS: TestDeliverySeal_ConversionAndDowngrade/a_Release_by_a_replaced_owner_writes_no_downgrade (0.17s)
    --- PASS: TestDeliverySeal_ConversionAndDowngrade/a_format-1_build_converts_a_v2_file_back (0.28s)
=== RUN   TestDeliveryJournal_RollbackDrillAcrossFormats
--- PASS: TestDeliveryJournal_RollbackDrillAcrossFormats (0.40s)
=== RUN   TestDeliverySeal_StepTwoTraceHoldsInFormatTwo
=== RUN   TestDeliverySeal_StepTwoTraceHoldsInFormatTwo/a_corrupted_position_cannot_be_repaired_by_an_open_writer:_truncated
=== RUN   TestDeliverySeal_StepTwoTraceHoldsInFormatTwo/a_corrupted_position_cannot_be_repaired_by_an_open_writer:_overwritten_with_a_v1_position_that_disagrees
=== RUN   TestDeliverySeal_StepTwoTraceHoldsInFormatTwo/a_corrupted_position_cannot_be_repaired_by_an_open_writer:_overwritten_with_the_journal's_own_v1_position
=== RUN   TestDeliverySeal_StepTwoTraceHoldsInFormatTwo/a_corrupted_position_cannot_be_repaired_by_an_open_writer:_removed
=== RUN   TestDeliverySeal_StepTwoTraceHoldsInFormatTwo/a_corrupted_position_cannot_be_repaired_by_an_open_writer:_replaced_by_a_copy_with_the_same_bytes
=== RUN   TestDeliverySeal_StepTwoTraceHoldsInFormatTwo/a_corrupted_position_cannot_be_repaired_by_an_open_writer:_a_digit_of_the_effective_record
=== RUN   TestDeliverySeal_StepTwoTraceHoldsInFormatTwo/a_corrupted_position_cannot_be_repaired_by_an_open_writer:_a_padding_byte
=== RUN   TestDeliverySeal_StepTwoTraceHoldsInFormatTwo/a_corrupted_position_cannot_be_repaired_by_an_open_writer:_a_static_byte
=== RUN   TestDeliverySeal_StepTwoTraceHoldsInFormatTwo/an_uncertain_append_poisons_until_recovery
=== RUN   TestDeliverySeal_StepTwoTraceHoldsInFormatTwo/a_lease_sync_serializes_with_release
=== RUN   TestDeliverySeal_StepTwoTraceHoldsInFormatTwo/a_close_failure_retains_ownership_and_leaves_v2_on_disk
=== RUN   TestDeliverySeal_StepTwoTraceHoldsInFormatTwo/a_v1_fixture_still_opens_a_format-2_build
--- PASS: TestDeliverySeal_StepTwoTraceHoldsInFormatTwo (1.79s)
    --- PASS: TestDeliverySeal_StepTwoTraceHoldsInFormatTwo/a_corrupted_position_cannot_be_repaired_by_an_open_writer:_truncated (0.16s)
    --- PASS: TestDeliverySeal_StepTwoTraceHoldsInFormatTwo/a_corrupted_position_cannot_be_repaired_by_an_open_writer:_overwritten_with_a_v1_position_that_disagrees (0.14s)
    --- PASS: TestDeliverySeal_StepTwoTraceHoldsInFormatTwo/a_corrupted_position_cannot_be_repaired_by_an_open_writer:_overwritten_with_the_journal's_own_v1_position (0.16s)
    --- PASS: TestDeliverySeal_StepTwoTraceHoldsInFormatTwo/a_corrupted_position_cannot_be_repaired_by_an_open_writer:_removed (0.13s)
    --- PASS: TestDeliverySeal_StepTwoTraceHoldsInFormatTwo/a_corrupted_position_cannot_be_repaired_by_an_open_writer:_replaced_by_a_copy_with_the_same_bytes (0.18s)
    --- PASS: TestDeliverySeal_StepTwoTraceHoldsInFormatTwo/a_corrupted_position_cannot_be_repaired_by_an_open_writer:_a_digit_of_the_effective_record (0.14s)
    --- PASS: TestDeliverySeal_StepTwoTraceHoldsInFormatTwo/a_corrupted_position_cannot_be_repaired_by_an_open_writer:_a_padding_byte (0.16s)
    --- PASS: TestDeliverySeal_StepTwoTraceHoldsInFormatTwo/a_corrupted_position_cannot_be_repaired_by_an_open_writer:_a_static_byte (0.15s)
    --- PASS: TestDeliverySeal_StepTwoTraceHoldsInFormatTwo/an_uncertain_append_poisons_until_recovery (0.18s)
    --- PASS: TestDeliverySeal_StepTwoTraceHoldsInFormatTwo/a_lease_sync_serializes_with_release (0.13s)
    --- PASS: TestDeliverySeal_StepTwoTraceHoldsInFormatTwo/a_close_failure_retains_ownership_and_leaves_v2_on_disk (0.11s)
    --- PASS: TestDeliverySeal_StepTwoTraceHoldsInFormatTwo/a_v1_fixture_still_opens_a_format-2_build (0.14s)
=== RUN   TestDeliveryJournal_CloseRetryAfterAFailedAckCloseReleasesOwnership
--- PASS: TestDeliveryJournal_CloseRetryAfterAFailedAckCloseReleasesOwnership (0.12s)
=== RUN   TestDeliveryJournal_CloseRetryAfterAFailedLeaseCloseReleasesOwnership
--- PASS: TestDeliveryJournal_CloseRetryAfterAFailedLeaseCloseReleasesOwnership (0.12s)
=== RUN   TestDeliverySeal_FormatOneRefusesAV2ImageAtEitherSidecar
=== RUN   TestDeliverySeal_FormatOneRefusesAV2ImageAtEitherSidecar/a_format-1_build_refuses_a_v2_image_at_its_lease_sidecar
=== RUN   TestDeliverySeal_FormatOneRefusesAV2ImageAtEitherSidecar/a_format-1_build_refuses_a_v2_image_at_its_acknowledgement_sidecar
--- PASS: TestDeliverySeal_FormatOneRefusesAV2ImageAtEitherSidecar (0.21s)
    --- PASS: TestDeliverySeal_FormatOneRefusesAV2ImageAtEitherSidecar/a_format-1_build_refuses_a_v2_image_at_its_lease_sidecar (0.11s)
    --- PASS: TestDeliverySeal_FormatOneRefusesAV2ImageAtEitherSidecar/a_format-1_build_refuses_a_v2_image_at_its_acknowledgement_sidecar (0.10s)
=== RUN   TestDeliverySeal_AFailedDowngradeIsRecordedAndStillReleases
--- PASS: TestDeliverySeal_AFailedDowngradeIsRecordedAndStillReleases (0.12s)
=== RUN   TestDeliverySeal_ACleanReleaseLeavesNoResidual
--- PASS: TestDeliverySeal_ACleanReleaseLeavesNoResidual (0.12s)
=== RUN   TestDeliverySeal_AResidualReachesTheOperatorFromStop
=== RUN   TestDeliverySeal_AResidualReachesTheOperatorFromStop/a_failed_downgrade_is_reported_once,_at_Warn,_naming_the_repair
=== RUN   TestDeliverySeal_AResidualReachesTheOperatorFromStop/a_clean_stop_says_nothing
--- PASS: TestDeliverySeal_AResidualReachesTheOperatorFromStop (0.24s)
    --- PASS: TestDeliverySeal_AResidualReachesTheOperatorFromStop/a_failed_downgrade_is_reported_once,_at_Warn,_naming_the_repair (0.12s)
    --- PASS: TestDeliverySeal_AResidualReachesTheOperatorFromStop/a_clean_stop_says_nothing (0.12s)
=== RUN   TestDeliverySealSegment_RuleRRepairsATornActiveSegmentSeal
=== PAUSE TestDeliverySealSegment_RuleRRepairsATornActiveSegmentSeal
=== RUN   TestDeliverySealSegment_RuleRNeverReachesAnArchivedSegment
=== PAUSE TestDeliverySealSegment_RuleRNeverReachesAnArchivedSegment
=== RUN   TestDeliverySealSegment_ConversionWithoutATornSlotIsStillRefused
=== PAUSE TestDeliverySealSegment_ConversionWithoutATornSlotIsStillRefused
=== RUN   TestDeliverySealSegment_RefusesCorruptActiveSegmentThatLegacyOnlyAccepts
=== PAUSE TestDeliverySealSegment_RefusesCorruptActiveSegmentThatLegacyOnlyAccepts
=== RUN   TestDeliverySealSegment_ValidMultiSegmentTreePasses
=== PAUSE TestDeliverySealSegment_ValidMultiSegmentTreePasses
=== RUN   TestDeliverySealSegment_ArchivedAckExactJoinPasses
=== PAUSE TestDeliverySealSegment_ArchivedAckExactJoinPasses
=== RUN   TestDeliverySealSegment_MissingActiveSegmentFilesRefused
=== PAUSE TestDeliverySealSegment_MissingActiveSegmentFilesRefused
=== RUN   TestDeliverySealSegment_MissingHeadRefused
=== PAUSE TestDeliverySealSegment_MissingHeadRefused
=== RUN   TestDeliverySealSegment_NewerAuthoritySchemaRefused
=== PAUSE TestDeliverySealSegment_NewerAuthoritySchemaRefused
=== RUN   TestDeliverySealSegment_ConversionRefusedPreservesBytes
=== PAUSE TestDeliverySealSegment_ConversionRefusedPreservesBytes
=== RUN   TestDeliverySealSegment_UnmigratedLegacyTreeStillChecks
--- PASS: TestDeliverySealSegment_UnmigratedLegacyTreeStillChecks (0.15s)
=== RUN   TestDeliverySealSegment_FreshStoreThatNeverRotatedChecks
--- PASS: TestDeliverySealSegment_FreshStoreThatNeverRotatedChecks (0.16s)
=== RUN   TestDeliverySealSegment_CorruptPredecessorPageWithFirstArrivalRefused
=== PAUSE TestDeliverySealSegment_CorruptPredecessorPageWithFirstArrivalRefused
=== RUN   TestDeliverySealSegment_TornGenerationManifestRefused
=== PAUSE TestDeliverySealSegment_TornGenerationManifestRefused
=== RUN   TestDeliverySealSegment_NonDenseActiveAuthorityRefused
--- PASS: TestDeliverySealSegment_NonDenseActiveAuthorityRefused (0.03s)
=== RUN   TestDeliverySealSegment_SegmentDirNotADirectoryRefused
=== PAUSE TestDeliverySealSegment_SegmentDirNotADirectoryRefused
=== RUN   TestDeliverySeal_V2IsOneJSONDocumentAndTheOldReaderRefusesIt
=== RUN   TestDeliverySeal_V2IsOneJSONDocumentAndTheOldReaderRefusesIt/layout
=== RUN   TestDeliverySeal_V2IsOneJSONDocumentAndTheOldReaderRefusesIt/lease
=== RUN   TestDeliverySeal_V2IsOneJSONDocumentAndTheOldReaderRefusesIt/ack
--- PASS: TestDeliverySeal_V2IsOneJSONDocumentAndTheOldReaderRefusesIt (0.26s)
    --- PASS: TestDeliverySeal_V2IsOneJSONDocumentAndTheOldReaderRefusesIt/layout (0.00s)
    --- PASS: TestDeliverySeal_V2IsOneJSONDocumentAndTheOldReaderRefusesIt/lease (0.13s)
    --- PASS: TestDeliverySeal_V2IsOneJSONDocumentAndTheOldReaderRefusesIt/ack (0.13s)
=== RUN   TestDeliverySeal_StrictSelectionTable
=== RUN   TestDeliverySeal_StrictSelectionTable/accepted
=== RUN   TestDeliverySeal_StrictSelectionTable/accepted/a_fresh_seq_1_beside_an_empty_b
=== RUN   TestDeliverySeal_StrictSelectionTable/accepted/a_converted_seq_1_beside_an_empty_b
=== RUN   TestDeliverySeal_StrictSelectionTable/accepted/a_seq_1_and_b_seq_2:_b_is_effective
=== RUN   TestDeliverySeal_StrictSelectionTable/accepted/a_fresh_seq_1_and_b_seq_2
=== RUN   TestDeliverySeal_StrictSelectionTable/accepted/a_seq_3_and_b_seq_2:_a_is_effective
=== RUN   TestDeliverySeal_StrictSelectionTable/accepted/far_along:_a_seq_1001_and_b_seq_1000
=== RUN   TestDeliverySeal_StrictSelectionTable/a_torn_slot:_a_new_record's_first_differing_byte_over_the_old_one
=== RUN   TestDeliverySeal_StrictSelectionTable/a_torn_slot:_half_a_new_record_over_the_old_one
=== RUN   TestDeliverySeal_StrictSelectionTable/a_torn_slot:_all_but_the_last_byte_of_a_new_record
=== RUN   TestDeliverySeal_StrictSelectionTable/a_slot_of_random_garbage
=== RUN   TestDeliverySeal_StrictSelectionTable/a_slot_of_zero_bytes,_as_a_hole_reads
=== RUN   TestDeliverySeal_StrictSelectionTable/an_empty_slot_beside_seq_3
=== RUN   TestDeliverySeal_StrictSelectionTable/an_empty_a_beside_a_valid_b
=== RUN   TestDeliverySeal_StrictSelectionTable/both_slots_empty
=== RUN   TestDeliverySeal_StrictSelectionTable/a_seq_gap:_1_and_4
=== RUN   TestDeliverySeal_StrictSelectionTable/a_seq_gap:_5_and_2
=== RUN   TestDeliverySeal_StrictSelectionTable/a_seq_gap:_3_and_6
=== RUN   TestDeliverySeal_StrictSelectionTable/parity:_seq_2_in_a,_summed_for_a,_beside_seq_3_in_b,_summed_for_b
=== RUN   TestDeliverySeal_StrictSelectionTable/parity:_seq_2_in_a,_summed_for_a,_beside_an_empty_b
=== RUN   TestDeliverySeal_StrictSelectionTable/parity:_seq_1_in_b,_summed_for_b,_beside_seq_2_in_a,_summed_for_a
=== RUN   TestDeliverySeal_StrictSelectionTable/slot_b's_record_copied_into_slot_a
=== RUN   TestDeliverySeal_StrictSelectionTable/slot_a's_record_copied_into_slot_b
=== RUN   TestDeliverySeal_StrictSelectionTable/a_seq-1_record_in_a_whose_sum_is_for_slot_b
=== RUN   TestDeliverySeal_StrictSelectionTable/a_non-canonical_record:_its_chain_spelled_as_bare_hex
=== RUN   TestDeliverySeal_StrictSelectionTable/a_non-canonical_record:_its_keys_reordered
=== RUN   TestDeliverySeal_StrictSelectionTable/a_non-canonical_record:_a_duplicated_key
=== RUN   TestDeliverySeal_StrictSelectionTable/a_non-canonical_record:_a_key_in_upper_case
=== RUN   TestDeliverySeal_StrictSelectionTable/a_non-canonical_record:_an_unknown_key
=== RUN   TestDeliverySeal_StrictSelectionTable/records_from_the_ack_journal
=== RUN   TestDeliverySeal_StrictSelectionTable/the_ack_journal's_fresh_file
=== RUN   TestDeliverySeal_StrictSelectionTable/an_older_record_with_as_many_bytes
=== RUN   TestDeliverySeal_StrictSelectionTable/an_older_record_with_as_many_entries
=== RUN   TestDeliverySeal_StrictSelectionTable/an_older_record_that_seals_more
=== RUN   TestDeliverySeal_StrictSelectionTable/rot_of_the_newest_slot:_one_hex_digit_of_its_chain
=== RUN   TestDeliverySeal_StrictSelectionTable/rot_of_the_newest_slot:_its_seq_digit
=== RUN   TestDeliverySeal_StrictSelectionTable/rot_of_the_newest_slot:_its_record_replaced_by_null
=== RUN   TestDeliverySeal_StrictSelectionTable/rot_of_the_newest_slot:_a_torn_record
=== RUN   TestDeliverySeal_StrictSelectionTable/a_static_byte:_the_document's_first
=== RUN   TestDeliverySeal_StrictSelectionTable/a_static_byte:_the_version
=== RUN   TestDeliverySeal_StrictSelectionTable/a_static_byte:_the_padding_right_after_slot_a
=== RUN   TestDeliverySeal_StrictSelectionTable/a_static_byte:_the_last_before_the_second_stride
=== RUN   TestDeliverySeal_StrictSelectionTable/a_static_byte:_slot_b's_prefix
=== RUN   TestDeliverySeal_StrictSelectionTable/a_static_byte:_the_padding_right_after_slot_b
=== RUN   TestDeliverySeal_StrictSelectionTable/a_static_byte:_the_closing_brace
=== RUN   TestDeliverySeal_StrictSelectionTable/padding:_a_byte_right_after_slot_a's_record
=== RUN   TestDeliverySeal_StrictSelectionTable/padding:_slot_a's_last_byte
=== RUN   TestDeliverySeal_StrictSelectionTable/padding:_a_NUL_after_slot_b's_record
=== RUN   TestDeliverySeal_StrictSelectionTable/padding:_a_newline_after_slot_b's_record
=== RUN   TestDeliverySeal_StrictSelectionTable/padding:_a_space_before_slot_a's_record
=== RUN   TestDeliverySeal_StrictSelectionTable/the_wrong_size:_one_byte_short
=== RUN   TestDeliverySeal_StrictSelectionTable/the_wrong_size:_one_byte_long
=== RUN   TestDeliverySeal_StrictSelectionTable/the_wrong_size:_empty
=== RUN   TestDeliverySeal_StrictSelectionTable/a_v1_position_file
=== RUN   TestDeliverySeal_StrictSelectionTable/a_static_byte_at_offset_12859
=== RUN   TestDeliverySeal_StrictSelectionTable/a_static_byte_at_offset_19515
=== RUN   TestDeliverySeal_StrictSelectionTable/a_static_byte_at_offset_21137
=== RUN   TestDeliverySeal_StrictSelectionTable/a_static_byte_at_offset_8292
=== RUN   TestDeliverySeal_StrictSelectionTable/a_static_byte_at_offset_8137
=== RUN   TestDeliverySeal_StrictSelectionTable/a_static_byte_at_offset_9891
=== RUN   TestDeliverySeal_StrictSelectionTable/a_static_byte_at_offset_4113
=== RUN   TestDeliverySeal_StrictSelectionTable/a_static_byte_at_offset_15696
=== RUN   TestDeliverySeal_StrictSelectionTable/a_static_byte_at_offset_586
=== RUN   TestDeliverySeal_StrictSelectionTable/a_static_byte_at_offset_13037
=== RUN   TestDeliverySeal_StrictSelectionTable/a_static_byte_at_offset_18263
=== RUN   TestDeliverySeal_StrictSelectionTable/a_static_byte_at_offset_17861
=== RUN   TestDeliverySeal_StrictSelectionTable/a_static_byte_at_offset_2517
=== RUN   TestDeliverySeal_StrictSelectionTable/a_static_byte_at_offset_32198
=== RUN   TestDeliverySeal_StrictSelectionTable/a_static_byte_at_offset_9046
=== RUN   TestDeliverySeal_StrictSelectionTable/a_static_byte_at_offset_24536
=== RUN   TestDeliverySeal_StrictSelectionTable/a_static_byte_at_offset_13462
--- PASS: TestDeliverySeal_StrictSelectionTable (1.02s)
    --- PASS: TestDeliverySeal_StrictSelectionTable/accepted (0.00s)
        --- PASS: TestDeliverySeal_StrictSelectionTable/accepted/a_fresh_seq_1_beside_an_empty_b (0.00s)
        --- PASS: TestDeliverySeal_StrictSelectionTable/accepted/a_converted_seq_1_beside_an_empty_b (0.00s)
        --- PASS: TestDeliverySeal_StrictSelectionTable/accepted/a_seq_1_and_b_seq_2:_b_is_effective (0.00s)
        --- PASS: TestDeliverySeal_StrictSelectionTable/accepted/a_fresh_seq_1_and_b_seq_2 (0.00s)
        --- PASS: TestDeliverySeal_StrictSelectionTable/accepted/a_seq_3_and_b_seq_2:_a_is_effective (0.00s)
        --- PASS: TestDeliverySeal_StrictSelectionTable/accepted/far_along:_a_seq_1001_and_b_seq_1000 (0.00s)
    --- PASS: TestDeliverySeal_StrictSelectionTable/a_torn_slot:_a_new_record's_first_differing_byte_over_the_old_one (0.01s)
    --- PASS: TestDeliverySeal_StrictSelectionTable/a_torn_slot:_half_a_new_record_over_the_old_one (0.01s)
    --- PASS: TestDeliverySeal_StrictSelectionTable/a_torn_slot:_all_but_the_last_byte_of_a_new_record (0.01s)
    --- PASS: TestDeliverySeal_StrictSelectionTable/a_slot_of_random_garbage (0.02s)
    --- PASS: TestDeliverySeal_StrictSelectionTable/a_slot_of_zero_bytes,_as_a_hole_reads (0.01s)
    --- PASS: TestDeliverySeal_StrictSelectionTable/an_empty_slot_beside_seq_3 (0.01s)
    --- PASS: TestDeliverySeal_StrictSelectionTable/an_empty_a_beside_a_valid_b (0.01s)
    --- PASS: TestDeliverySeal_StrictSelectionTable/both_slots_empty (0.01s)
    --- PASS: TestDeliverySeal_StrictSelectionTable/a_seq_gap:_1_and_4 (0.04s)
    --- PASS: TestDeliverySeal_StrictSelectionTable/a_seq_gap:_5_and_2 (0.02s)
    --- PASS: TestDeliverySeal_StrictSelectionTable/a_seq_gap:_3_and_6 (0.02s)
    --- PASS: TestDeliverySeal_StrictSelectionTable/parity:_seq_2_in_a,_summed_for_a,_beside_seq_3_in_b,_summed_for_b (0.02s)
    --- PASS: TestDeliverySeal_StrictSelectionTable/parity:_seq_2_in_a,_summed_for_a,_beside_an_empty_b (0.01s)
    --- PASS: TestDeliverySeal_StrictSelectionTable/parity:_seq_1_in_b,_summed_for_b,_beside_seq_2_in_a,_summed_for_a (0.02s)
    --- PASS: TestDeliverySeal_StrictSelectionTable/slot_b's_record_copied_into_slot_a (0.01s)
    --- PASS: TestDeliverySeal_StrictSelectionTable/slot_a's_record_copied_into_slot_b (0.03s)
    --- PASS: TestDeliverySeal_StrictSelectionTable/a_seq-1_record_in_a_whose_sum_is_for_slot_b (0.02s)
    --- PASS: TestDeliverySeal_StrictSelectionTable/a_non-canonical_record:_its_chain_spelled_as_bare_hex (0.05s)
    --- PASS: TestDeliverySeal_StrictSelectionTable/a_non-canonical_record:_its_keys_reordered (0.03s)
    --- PASS: TestDeliverySeal_StrictSelectionTable/a_non-canonical_record:_a_duplicated_key (0.02s)
    --- PASS: TestDeliverySeal_StrictSelectionTable/a_non-canonical_record:_a_key_in_upper_case (0.03s)
    --- PASS: TestDeliverySeal_StrictSelectionTable/a_non-canonical_record:_an_unknown_key (0.02s)
    --- PASS: TestDeliverySeal_StrictSelectionTable/records_from_the_ack_journal (0.02s)
    --- PASS: TestDeliverySeal_StrictSelectionTable/the_ack_journal's_fresh_file (0.01s)
    --- PASS: TestDeliverySeal_StrictSelectionTable/an_older_record_with_as_many_bytes (0.02s)
    --- PASS: TestDeliverySeal_StrictSelectionTable/an_older_record_with_as_many_entries (0.01s)
    --- PASS: TestDeliverySeal_StrictSelectionTable/an_older_record_that_seals_more (0.01s)
    --- PASS: TestDeliverySeal_StrictSelectionTable/rot_of_the_newest_slot:_one_hex_digit_of_its_chain (0.01s)
    --- PASS: TestDeliverySeal_StrictSelectionTable/rot_of_the_newest_slot:_its_seq_digit (0.01s)
    --- PASS: TestDeliverySeal_StrictSelectionTable/rot_of_the_newest_slot:_its_record_replaced_by_null (0.02s)
    --- PASS: TestDeliverySeal_StrictSelectionTable/rot_of_the_newest_slot:_a_torn_record (0.01s)
    --- PASS: TestDeliverySeal_StrictSelectionTable/a_static_byte:_the_document's_first (0.02s)
    --- PASS: TestDeliverySeal_StrictSelectionTable/a_static_byte:_the_version (0.01s)
    --- PASS: TestDeliverySeal_StrictSelectionTable/a_static_byte:_the_padding_right_after_slot_a (0.02s)
    --- PASS: TestDeliverySeal_StrictSelectionTable/a_static_byte:_the_last_before_the_second_stride (0.02s)
    --- PASS: TestDeliverySeal_StrictSelectionTable/a_static_byte:_slot_b's_prefix (0.01s)
    --- PASS: TestDeliverySeal_StrictSelectionTable/a_static_byte:_the_padding_right_after_slot_b (0.02s)
    --- PASS: TestDeliverySeal_StrictSelectionTable/a_static_byte:_the_closing_brace (0.02s)
    --- PASS: TestDeliverySeal_StrictSelectionTable/padding:_a_byte_right_after_slot_a's_record (0.02s)
    --- PASS: TestDeliverySeal_StrictSelectionTable/padding:_slot_a's_last_byte (0.01s)
    --- PASS: TestDeliverySeal_StrictSelectionTable/padding:_a_NUL_after_slot_b's_record (0.01s)
    --- PASS: TestDeliverySeal_StrictSelectionTable/padding:_a_newline_after_slot_b's_record (0.01s)
    --- PASS: TestDeliverySeal_StrictSelectionTable/padding:_a_space_before_slot_a's_record (0.01s)
    --- PASS: TestDeliverySeal_StrictSelectionTable/the_wrong_size:_one_byte_short (0.01s)
    --- PASS: TestDeliverySeal_StrictSelectionTable/the_wrong_size:_one_byte_long (0.02s)
    --- PASS: TestDeliverySeal_StrictSelectionTable/the_wrong_size:_empty (0.00s)
    --- PASS: TestDeliverySeal_StrictSelectionTable/a_v1_position_file (0.01s)
    --- PASS: TestDeliverySeal_StrictSelectionTable/a_static_byte_at_offset_12859 (0.01s)
    --- PASS: TestDeliverySeal_StrictSelectionTable/a_static_byte_at_offset_19515 (0.01s)
    --- PASS: TestDeliverySeal_StrictSelectionTable/a_static_byte_at_offset_21137 (0.01s)
    --- PASS: TestDeliverySeal_StrictSelectionTable/a_static_byte_at_offset_8292 (0.01s)
    --- PASS: TestDeliverySeal_StrictSelectionTable/a_static_byte_at_offset_8137 (0.01s)
    --- PASS: TestDeliverySeal_StrictSelectionTable/a_static_byte_at_offset_9891 (0.01s)
    --- PASS: TestDeliverySeal_StrictSelectionTable/a_static_byte_at_offset_4113 (0.01s)
    --- PASS: TestDeliverySeal_StrictSelectionTable/a_static_byte_at_offset_15696 (0.01s)
    --- PASS: TestDeliverySeal_StrictSelectionTable/a_static_byte_at_offset_586 (0.01s)
    --- PASS: TestDeliverySeal_StrictSelectionTable/a_static_byte_at_offset_13037 (0.01s)
    --- PASS: TestDeliverySeal_StrictSelectionTable/a_static_byte_at_offset_18263 (0.01s)
    --- PASS: TestDeliverySeal_StrictSelectionTable/a_static_byte_at_offset_17861 (0.01s)
    --- PASS: TestDeliverySeal_StrictSelectionTable/a_static_byte_at_offset_2517 (0.01s)
    --- PASS: TestDeliverySeal_StrictSelectionTable/a_static_byte_at_offset_32198 (0.01s)
    --- PASS: TestDeliverySeal_StrictSelectionTable/a_static_byte_at_offset_9046 (0.01s)
    --- PASS: TestDeliverySeal_StrictSelectionTable/a_static_byte_at_offset_24536 (0.01s)
    --- PASS: TestDeliverySeal_StrictSelectionTable/a_static_byte_at_offset_13462 (0.01s)
=== RUN   TestDeliverySeal_WritesAlternateSlotsAndTheFileIsTheImage
=== RUN   TestDeliverySeal_WritesAlternateSlotsAndTheFileIsTheImage/lease
=== RUN   TestDeliverySeal_WritesAlternateSlotsAndTheFileIsTheImage/ack
--- PASS: TestDeliverySeal_WritesAlternateSlotsAndTheFileIsTheImage (0.19s)
    --- PASS: TestDeliverySeal_WritesAlternateSlotsAndTheFileIsTheImage/lease (0.10s)
    --- PASS: TestDeliverySeal_WritesAlternateSlotsAndTheFileIsTheImage/ack (0.09s)
=== RUN   TestDeliverySeal_EveryCrashReachableImageSelects
=== RUN   TestDeliverySeal_EveryCrashReachableImageSelects/lease
=== RUN   TestDeliverySeal_EveryCrashReachableImageSelects/ack
--- PASS: TestDeliverySeal_EveryCrashReachableImageSelects (0.29s)
    --- PASS: TestDeliverySeal_EveryCrashReachableImageSelects/lease (0.16s)
    --- PASS: TestDeliverySeal_EveryCrashReachableImageSelects/ack (0.13s)
=== RUN   TestDeliverySeal_CheckDetectsEveryChange
=== RUN   TestDeliverySeal_CheckDetectsEveryChange/an_untouched_file_passes
=== RUN   TestDeliverySeal_CheckDetectsEveryChange/the_file_grows_by_a_byte
=== RUN   TestDeliverySeal_CheckDetectsEveryChange/the_file_shrinks_by_a_byte
=== RUN   TestDeliverySeal_CheckDetectsEveryChange/the_path_names_a_replacement_with_the_same_bytes
=== RUN   TestDeliverySeal_CheckDetectsEveryChange/the_path_names_a_directory
=== RUN   TestDeliverySeal_CheckDetectsEveryChange/the_path_is_gone
=== RUN   TestDeliverySeal_CheckDetectsEveryChange/a_digit_of_the_effective_record
=== RUN   TestDeliverySeal_CheckDetectsEveryChange/a_digit_of_the_older_record
=== RUN   TestDeliverySeal_CheckDetectsEveryChange/a_padding_byte_of_a_slot
=== RUN   TestDeliverySeal_CheckDetectsEveryChange/a_static_byte
=== RUN   TestDeliverySeal_CheckDetectsEveryChange/a_cur_that_differs_from_the_journal's_position
--- PASS: TestDeliverySeal_CheckDetectsEveryChange (0.36s)
    --- PASS: TestDeliverySeal_CheckDetectsEveryChange/an_untouched_file_passes (0.02s)
    --- PASS: TestDeliverySeal_CheckDetectsEveryChange/the_file_grows_by_a_byte (0.03s)
    --- PASS: TestDeliverySeal_CheckDetectsEveryChange/the_file_shrinks_by_a_byte (0.03s)
    --- PASS: TestDeliverySeal_CheckDetectsEveryChange/the_path_names_a_replacement_with_the_same_bytes (0.05s)
    --- PASS: TestDeliverySeal_CheckDetectsEveryChange/the_path_names_a_directory (0.02s)
    --- PASS: TestDeliverySeal_CheckDetectsEveryChange/the_path_is_gone (0.02s)
    --- PASS: TestDeliverySeal_CheckDetectsEveryChange/a_digit_of_the_effective_record (0.04s)
    --- PASS: TestDeliverySeal_CheckDetectsEveryChange/a_digit_of_the_older_record (0.04s)
    --- PASS: TestDeliverySeal_CheckDetectsEveryChange/a_padding_byte_of_a_slot (0.04s)
    --- PASS: TestDeliverySeal_CheckDetectsEveryChange/a_static_byte (0.05s)
    --- PASS: TestDeliverySeal_CheckDetectsEveryChange/a_cur_that_differs_from_the_journal's_position (0.02s)
=== RUN   TestDeliverySeal_OpenVerifiesTheFileAndClosesOnFailure
=== RUN   TestDeliverySeal_OpenVerifiesTheFileAndClosesOnFailure/lease
=== RUN   TestDeliverySeal_OpenVerifiesTheFileAndClosesOnFailure/lease/a_file_that_reads_back_as_the_image
=== RUN   TestDeliverySeal_OpenVerifiesTheFileAndClosesOnFailure/lease/a_file_that_selects,_but_is_not_the_image_the_caller_read
=== RUN   TestDeliverySeal_OpenVerifiesTheFileAndClosesOnFailure/lease/a_file_one_byte_longer_than_the_image
=== RUN   TestDeliverySeal_OpenVerifiesTheFileAndClosesOnFailure/lease/a_file_one_byte_shorter_than_the_image
=== RUN   TestDeliverySeal_OpenVerifiesTheFileAndClosesOnFailure/lease/a_missing_file,_which_it_does_not_create
=== RUN   TestDeliverySeal_OpenVerifiesTheFileAndClosesOnFailure/lease/a_directory
=== RUN   TestDeliverySeal_OpenVerifiesTheFileAndClosesOnFailure/ack
=== RUN   TestDeliverySeal_OpenVerifiesTheFileAndClosesOnFailure/ack/a_file_that_reads_back_as_the_image
=== RUN   TestDeliverySeal_OpenVerifiesTheFileAndClosesOnFailure/ack/a_file_that_selects,_but_is_not_the_image_the_caller_read
=== RUN   TestDeliverySeal_OpenVerifiesTheFileAndClosesOnFailure/ack/a_file_one_byte_longer_than_the_image
=== RUN   TestDeliverySeal_OpenVerifiesTheFileAndClosesOnFailure/ack/a_file_one_byte_shorter_than_the_image
=== RUN   TestDeliverySeal_OpenVerifiesTheFileAndClosesOnFailure/ack/a_missing_file,_which_it_does_not_create
=== RUN   TestDeliverySeal_OpenVerifiesTheFileAndClosesOnFailure/ack/a_directory
--- PASS: TestDeliverySeal_OpenVerifiesTheFileAndClosesOnFailure (0.15s)
    --- PASS: TestDeliverySeal_OpenVerifiesTheFileAndClosesOnFailure/lease (0.08s)
        --- PASS: TestDeliverySeal_OpenVerifiesTheFileAndClosesOnFailure/lease/a_file_that_reads_back_as_the_image (0.01s)
        --- PASS: TestDeliverySeal_OpenVerifiesTheFileAndClosesOnFailure/lease/a_file_that_selects,_but_is_not_the_image_the_caller_read (0.03s)
        --- PASS: TestDeliverySeal_OpenVerifiesTheFileAndClosesOnFailure/lease/a_file_one_byte_longer_than_the_image (0.01s)
        --- PASS: TestDeliverySeal_OpenVerifiesTheFileAndClosesOnFailure/lease/a_file_one_byte_shorter_than_the_image (0.01s)
        --- PASS: TestDeliverySeal_OpenVerifiesTheFileAndClosesOnFailure/lease/a_missing_file,_which_it_does_not_create (0.00s)
        --- PASS: TestDeliverySeal_OpenVerifiesTheFileAndClosesOnFailure/lease/a_directory (0.00s)
    --- PASS: TestDeliverySeal_OpenVerifiesTheFileAndClosesOnFailure/ack (0.07s)
        --- PASS: TestDeliverySeal_OpenVerifiesTheFileAndClosesOnFailure/ack/a_file_that_reads_back_as_the_image (0.02s)
        --- PASS: TestDeliverySeal_OpenVerifiesTheFileAndClosesOnFailure/ack/a_file_that_selects,_but_is_not_the_image_the_caller_read (0.01s)
        --- PASS: TestDeliverySeal_OpenVerifiesTheFileAndClosesOnFailure/ack/a_file_one_byte_longer_than_the_image (0.02s)
        --- PASS: TestDeliverySeal_OpenVerifiesTheFileAndClosesOnFailure/ack/a_file_one_byte_shorter_than_the_image (0.01s)
        --- PASS: TestDeliverySeal_OpenVerifiesTheFileAndClosesOnFailure/ack/a_missing_file,_which_it_does_not_create (0.00s)
        --- PASS: TestDeliverySeal_OpenVerifiesTheFileAndClosesOnFailure/ack/a_directory (0.00s)
=== RUN   TestDeliverySeal_PathReplacedDuringSealReleasesNothing
=== RUN   TestDeliverySeal_PathReplacedDuringSealReleasesNothing/lease
=== RUN   TestDeliverySeal_PathReplacedDuringSealReleasesNothing/ack
--- PASS: TestDeliverySeal_PathReplacedDuringSealReleasesNothing (0.07s)
    --- PASS: TestDeliverySeal_PathReplacedDuringSealReleasesNothing/lease (0.03s)
    --- PASS: TestDeliverySeal_PathReplacedDuringSealReleasesNothing/ack (0.03s)
=== RUN   TestDeliverySeal_WriteRefusesWhatItsReaderWouldRefuse
=== RUN   TestDeliverySeal_WriteRefusesWhatItsReaderWouldRefuse/the_sealed_position_again
=== RUN   TestDeliverySeal_WriteRefusesWhatItsReaderWouldRefuse/fewer_bytes
=== RUN   TestDeliverySeal_WriteRefusesWhatItsReaderWouldRefuse/no_more_bytes
=== RUN   TestDeliverySeal_WriteRefusesWhatItsReaderWouldRefuse/no_more_entries
=== RUN   TestDeliverySeal_WriteRefusesWhatItsReaderWouldRefuse/fewer_entries
=== RUN   TestDeliverySeal_WriteRefusesWhatItsReaderWouldRefuse/bytes_past_the_journal's_cap
=== RUN   TestDeliverySeal_WriteRefusesWhatItsReaderWouldRefuse/entries_past_the_journal's_cap
=== RUN   TestDeliverySeal_WriteRefusesWhatItsReaderWouldRefuse/a_zero_chain
=== RUN   TestDeliverySeal_WriteRefusesWhatItsReaderWouldRefuse/a_seq_that_would_wrap
--- PASS: TestDeliverySeal_WriteRefusesWhatItsReaderWouldRefuse (0.13s)
    --- PASS: TestDeliverySeal_WriteRefusesWhatItsReaderWouldRefuse/the_sealed_position_again (0.01s)
    --- PASS: TestDeliverySeal_WriteRefusesWhatItsReaderWouldRefuse/fewer_bytes (0.01s)
    --- PASS: TestDeliverySeal_WriteRefusesWhatItsReaderWouldRefuse/no_more_bytes (0.01s)
    --- PASS: TestDeliverySeal_WriteRefusesWhatItsReaderWouldRefuse/no_more_entries (0.02s)
    --- PASS: TestDeliverySeal_WriteRefusesWhatItsReaderWouldRefuse/fewer_entries (0.01s)
    --- PASS: TestDeliverySeal_WriteRefusesWhatItsReaderWouldRefuse/bytes_past_the_journal's_cap (0.02s)
    --- PASS: TestDeliverySeal_WriteRefusesWhatItsReaderWouldRefuse/entries_past_the_journal's_cap (0.01s)
    --- PASS: TestDeliverySeal_WriteRefusesWhatItsReaderWouldRefuse/a_zero_chain (0.02s)
    --- PASS: TestDeliverySeal_WriteRefusesWhatItsReaderWouldRefuse/a_seq_that_would_wrap (0.01s)
=== RUN   TestDeliverySeal_AFailedWriteLatchesTheSeal
=== RUN   TestDeliverySeal_AFailedWriteLatchesTheSeal/a_failure_at_the_sync
=== RUN   TestDeliverySeal_AFailedWriteLatchesTheSeal/a_failure_at_the_post-seal_identity_check
=== RUN   TestDeliverySeal_AFailedWriteLatchesTheSeal/a_refusal_before_any_I/O
--- PASS: TestDeliverySeal_AFailedWriteLatchesTheSeal (0.11s)
    --- PASS: TestDeliverySeal_AFailedWriteLatchesTheSeal/a_failure_at_the_sync (0.03s)
    --- PASS: TestDeliverySeal_AFailedWriteLatchesTheSeal/a_failure_at_the_post-seal_identity_check (0.05s)
    --- PASS: TestDeliverySeal_AFailedWriteLatchesTheSeal/a_refusal_before_any_I/O (0.03s)
=== RUN   TestDeliverySeal_ClosedSealWritesAndPassesNothing
--- PASS: TestDeliverySeal_ClosedSealWritesAndPassesNothing (0.02s)
=== RUN   TestDeliverySeal_DowngradeWritesTodaysV1Bytes
=== RUN   TestDeliverySeal_DowngradeWritesTodaysV1Bytes/lease
=== RUN   TestDeliverySeal_DowngradeWritesTodaysV1Bytes/lease/fresh
=== RUN   TestDeliverySeal_DowngradeWritesTodaysV1Bytes/lease/written_twice
=== RUN   TestDeliverySeal_DowngradeWritesTodaysV1Bytes/lease/converted
=== RUN   TestDeliverySeal_DowngradeWritesTodaysV1Bytes/lease/maximal
=== RUN   TestDeliverySeal_DowngradeWritesTodaysV1Bytes/lease/a_fresh_project's_sidecar
=== RUN   TestDeliverySeal_DowngradeWritesTodaysV1Bytes/ack
=== RUN   TestDeliverySeal_DowngradeWritesTodaysV1Bytes/ack/fresh
=== RUN   TestDeliverySeal_DowngradeWritesTodaysV1Bytes/ack/written_twice
=== RUN   TestDeliverySeal_DowngradeWritesTodaysV1Bytes/ack/converted
=== RUN   TestDeliverySeal_DowngradeWritesTodaysV1Bytes/ack/maximal
=== RUN   TestDeliverySeal_DowngradeWritesTodaysV1Bytes/ack/a_fresh_project's_sidecar
--- PASS: TestDeliverySeal_DowngradeWritesTodaysV1Bytes (0.53s)
    --- PASS: TestDeliverySeal_DowngradeWritesTodaysV1Bytes/lease (0.26s)
        --- PASS: TestDeliverySeal_DowngradeWritesTodaysV1Bytes/lease/fresh (0.03s)
        --- PASS: TestDeliverySeal_DowngradeWritesTodaysV1Bytes/lease/written_twice (0.04s)
        --- PASS: TestDeliverySeal_DowngradeWritesTodaysV1Bytes/lease/converted (0.06s)
        --- PASS: TestDeliverySeal_DowngradeWritesTodaysV1Bytes/lease/maximal (0.04s)
        --- PASS: TestDeliverySeal_DowngradeWritesTodaysV1Bytes/lease/a_fresh_project's_sidecar (0.08s)
    --- PASS: TestDeliverySeal_DowngradeWritesTodaysV1Bytes/ack (0.26s)
        --- PASS: TestDeliverySeal_DowngradeWritesTodaysV1Bytes/ack/fresh (0.06s)
        --- PASS: TestDeliverySeal_DowngradeWritesTodaysV1Bytes/ack/written_twice (0.04s)
        --- PASS: TestDeliverySeal_DowngradeWritesTodaysV1Bytes/ack/converted (0.03s)
        --- PASS: TestDeliverySeal_DowngradeWritesTodaysV1Bytes/ack/maximal (0.04s)
        --- PASS: TestDeliverySeal_DowngradeWritesTodaysV1Bytes/ack/a_fresh_project's_sidecar (0.09s)
=== RUN   TestDeliveryPosition_CreateEmptyIsTheOneV1Encoders
=== RUN   TestDeliveryPosition_CreateEmptyIsTheOneV1Encoders/lease
=== RUN   TestDeliveryPosition_CreateEmptyIsTheOneV1Encoders/ack
--- PASS: TestDeliveryPosition_CreateEmptyIsTheOneV1Encoders (0.02s)
    --- PASS: TestDeliveryPosition_CreateEmptyIsTheOneV1Encoders/lease (0.01s)
    --- PASS: TestDeliveryPosition_CreateEmptyIsTheOneV1Encoders/ack (0.01s)
=== RUN   TestDeliverySeal_BoundsAreTheJournalReaders
=== RUN   TestDeliverySeal_BoundsAreTheJournalReaders/the_empty_position
=== RUN   TestDeliverySeal_BoundsAreTheJournalReaders/one_byte_and_one_entry
=== RUN   TestDeliverySeal_BoundsAreTheJournalReaders/the_caps
=== RUN   TestDeliverySeal_BoundsAreTheJournalReaders/negative_bytes
=== RUN   TestDeliverySeal_BoundsAreTheJournalReaders/bytes_past_the_cap
=== RUN   TestDeliverySeal_BoundsAreTheJournalReaders/negative_entries
=== RUN   TestDeliverySeal_BoundsAreTheJournalReaders/entries_past_the_cap
=== RUN   TestDeliverySeal_BoundsAreTheJournalReaders/bytes_without_entries
=== RUN   TestDeliverySeal_BoundsAreTheJournalReaders/entries_without_bytes
=== RUN   TestDeliverySeal_BoundsAreTheJournalReaders/a_zero_chain
=== RUN   TestDeliverySeal_BoundsAreTheJournalReaders/the_empty_position_with_another_chain
=== RUN   TestDeliverySeal_BoundsAreTheJournalReaders/the_empty_position_with_the_ack_journal's_seed
--- PASS: TestDeliverySeal_BoundsAreTheJournalReaders (0.18s)
    --- PASS: TestDeliverySeal_BoundsAreTheJournalReaders/the_empty_position (0.01s)
    --- PASS: TestDeliverySeal_BoundsAreTheJournalReaders/one_byte_and_one_entry (0.02s)
    --- PASS: TestDeliverySeal_BoundsAreTheJournalReaders/the_caps (0.02s)
    --- PASS: TestDeliverySeal_BoundsAreTheJournalReaders/negative_bytes (0.01s)
    --- PASS: TestDeliverySeal_BoundsAreTheJournalReaders/bytes_past_the_cap (0.02s)
    --- PASS: TestDeliverySeal_BoundsAreTheJournalReaders/negative_entries (0.01s)
    --- PASS: TestDeliverySeal_BoundsAreTheJournalReaders/entries_past_the_cap (0.02s)
    --- PASS: TestDeliverySeal_BoundsAreTheJournalReaders/bytes_without_entries (0.02s)
    --- PASS: TestDeliverySeal_BoundsAreTheJournalReaders/entries_without_bytes (0.01s)
    --- PASS: TestDeliverySeal_BoundsAreTheJournalReaders/a_zero_chain (0.02s)
    --- PASS: TestDeliverySeal_BoundsAreTheJournalReaders/the_empty_position_with_another_chain (0.01s)
    --- PASS: TestDeliverySeal_BoundsAreTheJournalReaders/the_empty_position_with_the_ack_journal's_seed (0.01s)
=== RUN   TestDeliverySeal_SumIsItsDocumentedEncoding
--- PASS: TestDeliverySeal_SumIsItsDocumentedEncoding (0.00s)
=== RUN   TestDeliverySeal_LongestRecordFitsItsSlot
--- PASS: TestDeliverySeal_LongestRecordFitsItsSlot (0.00s)
=== RUN   TestDeliverySeal_WriteFormatIsDeliberate
--- PASS: TestDeliverySeal_WriteFormatIsDeliberate (0.00s)
=== RUN   TestDeliverySealRuleR_AcceptsOnlyOneValidSlotBesideOneTornSlot
=== RUN   TestDeliverySealRuleR_AcceptsOnlyOneValidSlotBesideOneTornSlot/accepts_the_valid_record_beside_a_torn_slot
=== RUN   TestDeliverySealRuleR_AcceptsOnlyOneValidSlotBesideOneTornSlot/accepts_the_valid_record_beside_a_torn_slot/the_newest_slot_is_torn
=== RUN   TestDeliverySealRuleR_AcceptsOnlyOneValidSlotBesideOneTornSlot/accepts_the_valid_record_beside_a_torn_slot/the_older_slot_is_torn
=== RUN   TestDeliverySealRuleR_AcceptsOnlyOneValidSlotBesideOneTornSlot/accepts_the_valid_record_beside_a_torn_slot/a_fresh_file_whose_empty_slot_was_overwritten
=== RUN   TestDeliverySealRuleR_AcceptsOnlyOneValidSlotBesideOneTornSlot/accepts_the_valid_record_beside_a_torn_slot/a_slot_summed_for_the_other_slot:_a_foreign_write
=== RUN   TestDeliverySealRuleR_AcceptsOnlyOneValidSlotBesideOneTornSlot/accepts_the_valid_record_beside_a_torn_slot/a_slot_whose_seq_has_the_other_slot's_parity
=== RUN   TestDeliverySealRuleR_AcceptsOnlyOneValidSlotBesideOneTornSlot/accepts_the_valid_record_beside_a_torn_slot/a_slot_summed_for_the_other_journal
=== RUN   TestDeliverySealRuleR_AcceptsOnlyOneValidSlotBesideOneTornSlot/refuses_every_image_that_is_not_one_valid_slot_beside_one_torn_slot
=== RUN   TestDeliverySealRuleR_AcceptsOnlyOneValidSlotBesideOneTornSlot/refuses_every_image_that_is_not_one_valid_slot_beside_one_torn_slot/a_fresh_seq_1_beside_an_empty_slot
=== RUN   TestDeliverySealRuleR_AcceptsOnlyOneValidSlotBesideOneTornSlot/refuses_every_image_that_is_not_one_valid_slot_beside_one_torn_slot/two_valid_slots_one_seq_apart
=== RUN   TestDeliverySealRuleR_AcceptsOnlyOneValidSlotBesideOneTornSlot/refuses_every_image_that_is_not_one_valid_slot_beside_one_torn_slot/a_valid_seq_3_beside_an_empty_slot
=== RUN   TestDeliverySealRuleR_AcceptsOnlyOneValidSlotBesideOneTornSlot/refuses_every_image_that_is_not_one_valid_slot_beside_one_torn_slot/an_empty_slot_beside_a_valid_seq_2
=== RUN   TestDeliverySealRuleR_AcceptsOnlyOneValidSlotBesideOneTornSlot/refuses_every_image_that_is_not_one_valid_slot_beside_one_torn_slot/a_valid_seq_1001_beside_an_empty_slot
=== RUN   TestDeliverySealRuleR_AcceptsOnlyOneValidSlotBesideOneTornSlot/refuses_every_image_that_is_not_one_valid_slot_beside_one_torn_slot/both_slots_empty
=== RUN   TestDeliverySealRuleR_AcceptsOnlyOneValidSlotBesideOneTornSlot/refuses_every_image_that_is_not_one_valid_slot_beside_one_torn_slot/two_valid_slots_with_a_seq_gap
=== RUN   TestDeliverySealRuleR_AcceptsOnlyOneValidSlotBesideOneTornSlot/refuses_every_image_that_is_not_one_valid_slot_beside_one_torn_slot/two_valid_slots_whose_older_seals_as_many_bytes
=== RUN   TestDeliverySealRuleR_AcceptsOnlyOneValidSlotBesideOneTornSlot/refuses_every_image_that_is_not_one_valid_slot_beside_one_torn_slot/two_valid_slots_whose_older_seals_as_many_entries
=== RUN   TestDeliverySealRuleR_AcceptsOnlyOneValidSlotBesideOneTornSlot/refuses_every_image_that_is_not_one_valid_slot_beside_one_torn_slot/two_valid_slots_whose_older_seals_more
=== RUN   TestDeliverySealRuleR_AcceptsOnlyOneValidSlotBesideOneTornSlot/refuses_every_image_that_is_not_one_valid_slot_beside_one_torn_slot/both_slots_torn
=== RUN   TestDeliverySealRuleR_AcceptsOnlyOneValidSlotBesideOneTornSlot/refuses_every_image_that_is_not_one_valid_slot_beside_one_torn_slot/a_torn_slot_beside_an_empty_one
=== RUN   TestDeliverySealRuleR_AcceptsOnlyOneValidSlotBesideOneTornSlot/refuses_every_image_that_is_not_one_valid_slot_beside_one_torn_slot/both_slots_belong_to_the_other_journal
=== RUN   TestDeliverySealRuleR_AcceptsOnlyOneValidSlotBesideOneTornSlot/refuses_every_image_that_is_not_one_valid_slot_beside_one_torn_slot/a_v2_image_one_byte_short
=== RUN   TestDeliverySealRuleR_AcceptsOnlyOneValidSlotBesideOneTornSlot/refuses_every_image_that_is_not_one_valid_slot_beside_one_torn_slot/a_static_byte_changed
=== RUN   TestDeliverySealRuleR_AcceptsOnlyOneValidSlotBesideOneTornSlot/refuses_every_image_that_is_not_one_valid_slot_beside_one_torn_slot/an_empty_file
--- PASS: TestDeliverySealRuleR_AcceptsOnlyOneValidSlotBesideOneTornSlot (0.00s)
    --- PASS: TestDeliverySealRuleR_AcceptsOnlyOneValidSlotBesideOneTornSlot/accepts_the_valid_record_beside_a_torn_slot (0.00s)
        --- PASS: TestDeliverySealRuleR_AcceptsOnlyOneValidSlotBesideOneTornSlot/accepts_the_valid_record_beside_a_torn_slot/the_newest_slot_is_torn (0.00s)
        --- PASS: TestDeliverySealRuleR_AcceptsOnlyOneValidSlotBesideOneTornSlot/accepts_the_valid_record_beside_a_torn_slot/the_older_slot_is_torn (0.00s)
        --- PASS: TestDeliverySealRuleR_AcceptsOnlyOneValidSlotBesideOneTornSlot/accepts_the_valid_record_beside_a_torn_slot/a_fresh_file_whose_empty_slot_was_overwritten (0.00s)
        --- PASS: TestDeliverySealRuleR_AcceptsOnlyOneValidSlotBesideOneTornSlot/accepts_the_valid_record_beside_a_torn_slot/a_slot_summed_for_the_other_slot:_a_foreign_write (0.00s)
        --- PASS: TestDeliverySealRuleR_AcceptsOnlyOneValidSlotBesideOneTornSlot/accepts_the_valid_record_beside_a_torn_slot/a_slot_whose_seq_has_the_other_slot's_parity (0.00s)
        --- PASS: TestDeliverySealRuleR_AcceptsOnlyOneValidSlotBesideOneTornSlot/accepts_the_valid_record_beside_a_torn_slot/a_slot_summed_for_the_other_journal (0.00s)
    --- PASS: TestDeliverySealRuleR_AcceptsOnlyOneValidSlotBesideOneTornSlot/refuses_every_image_that_is_not_one_valid_slot_beside_one_torn_slot (0.00s)
        --- PASS: TestDeliverySealRuleR_AcceptsOnlyOneValidSlotBesideOneTornSlot/refuses_every_image_that_is_not_one_valid_slot_beside_one_torn_slot/a_fresh_seq_1_beside_an_empty_slot (0.00s)
        --- PASS: TestDeliverySealRuleR_AcceptsOnlyOneValidSlotBesideOneTornSlot/refuses_every_image_that_is_not_one_valid_slot_beside_one_torn_slot/two_valid_slots_one_seq_apart (0.00s)
        --- PASS: TestDeliverySealRuleR_AcceptsOnlyOneValidSlotBesideOneTornSlot/refuses_every_image_that_is_not_one_valid_slot_beside_one_torn_slot/a_valid_seq_3_beside_an_empty_slot (0.00s)
        --- PASS: TestDeliverySealRuleR_AcceptsOnlyOneValidSlotBesideOneTornSlot/refuses_every_image_that_is_not_one_valid_slot_beside_one_torn_slot/an_empty_slot_beside_a_valid_seq_2 (0.00s)
        --- PASS: TestDeliverySealRuleR_AcceptsOnlyOneValidSlotBesideOneTornSlot/refuses_every_image_that_is_not_one_valid_slot_beside_one_torn_slot/a_valid_seq_1001_beside_an_empty_slot (0.00s)
        --- PASS: TestDeliverySealRuleR_AcceptsOnlyOneValidSlotBesideOneTornSlot/refuses_every_image_that_is_not_one_valid_slot_beside_one_torn_slot/both_slots_empty (0.00s)
        --- PASS: TestDeliverySealRuleR_AcceptsOnlyOneValidSlotBesideOneTornSlot/refuses_every_image_that_is_not_one_valid_slot_beside_one_torn_slot/two_valid_slots_with_a_seq_gap (0.00s)
        --- PASS: TestDeliverySealRuleR_AcceptsOnlyOneValidSlotBesideOneTornSlot/refuses_every_image_that_is_not_one_valid_slot_beside_one_torn_slot/two_valid_slots_whose_older_seals_as_many_bytes (0.00s)
        --- PASS: TestDeliverySealRuleR_AcceptsOnlyOneValidSlotBesideOneTornSlot/refuses_every_image_that_is_not_one_valid_slot_beside_one_torn_slot/two_valid_slots_whose_older_seals_as_many_entries (0.00s)
        --- PASS: TestDeliverySealRuleR_AcceptsOnlyOneValidSlotBesideOneTornSlot/refuses_every_image_that_is_not_one_valid_slot_beside_one_torn_slot/two_valid_slots_whose_older_seals_more (0.00s)
        --- PASS: TestDeliverySealRuleR_AcceptsOnlyOneValidSlotBesideOneTornSlot/refuses_every_image_that_is_not_one_valid_slot_beside_one_torn_slot/both_slots_torn (0.00s)
        --- PASS: TestDeliverySealRuleR_AcceptsOnlyOneValidSlotBesideOneTornSlot/refuses_every_image_that_is_not_one_valid_slot_beside_one_torn_slot/a_torn_slot_beside_an_empty_one (0.00s)
        --- PASS: TestDeliverySealRuleR_AcceptsOnlyOneValidSlotBesideOneTornSlot/refuses_every_image_that_is_not_one_valid_slot_beside_one_torn_slot/both_slots_belong_to_the_other_journal (0.00s)
        --- PASS: TestDeliverySealRuleR_AcceptsOnlyOneValidSlotBesideOneTornSlot/refuses_every_image_that_is_not_one_valid_slot_beside_one_torn_slot/a_v2_image_one_byte_short (0.00s)
        --- PASS: TestDeliverySealRuleR_AcceptsOnlyOneValidSlotBesideOneTornSlot/refuses_every_image_that_is_not_one_valid_slot_beside_one_torn_slot/a_static_byte_changed (0.00s)
        --- PASS: TestDeliverySealRuleR_AcceptsOnlyOneValidSlotBesideOneTornSlot/refuses_every_image_that_is_not_one_valid_slot_beside_one_torn_slot/an_empty_file (0.00s)
=== RUN   TestDeliveryOfflineTool_SyncsTheJournalItScannedBeforeSealingIt
=== RUN   TestDeliveryOfflineTool_SyncsTheJournalItScannedBeforeSealingIt/syncs_the_file_its_scan_read_and_refuses_any_other
=== RUN   TestDeliveryOfflineTool_SyncsTheJournalItScannedBeforeSealingIt/seals_nothing_when_a_journal_cannot_be_made_durable
=== RUN   TestDeliveryOfflineTool_SyncsTheJournalItScannedBeforeSealingIt/seals_nothing_when_a_journal_cannot_be_made_durable/delivery-leases.jsonl
    delivery_seal_tool_test.go:362: report:
        delivery-seal: C:\Users\Quant\AppData\Local\Temp\TestDeliveryOfflineTool_SyncsTheJournalItScannedBeforeSealingIt1469391976\001
          lease seal C:\Users\Quant\AppData\Local\Temp\TestDeliveryOfflineTool_SyncsTheJournalItScannedBeforeSealingIt1469391976\001\.qompack\state\delivery-lease-position.json: v2, seq 3, 2 entries, 576 bytes
          lease journal C:\Users\Quant\AppData\Local\Temp\TestDeliveryOfflineTool_SyncsTheJournalItScannedBeforeSealingIt1469391976\001\.qompack\state\delivery-leases.jsonl: loads, 2 entries, 576 bytes, chain sha256:da4ee95f48b63dfa283b41184086cd032e6309052b7b93431526575fa9139e15
          ack seal C:\Users\Quant\AppData\Local\Temp\TestDeliveryOfflineTool_SyncsTheJournalItScannedBeforeSealingIt1469391976\001\.qompack\state\delivery-ack-position.json: v2, seq 2, 1 entries, 258 bytes
          ack journal C:\Users\Quant\AppData\Local\Temp\TestDeliveryOfflineTool_SyncsTheJournalItScannedBeforeSealingIt1469391976\001\.qompack\state\delivery-acks.jsonl: loads, 1 entries, 258 bytes, chain sha256:5ca0c2f7a6d63742f7c6cb0b0563dfd1b738c05a36ac9269e9a317b05ecbc0a2
=== RUN   TestDeliveryOfflineTool_SyncsTheJournalItScannedBeforeSealingIt/seals_nothing_when_a_journal_cannot_be_made_durable/delivery-acks.jsonl
    delivery_seal_tool_test.go:362: report:
        delivery-seal: C:\Users\Quant\AppData\Local\Temp\TestDeliveryOfflineTool_SyncsTheJournalItScannedBeforeSealingIt2159528834\001
          lease seal C:\Users\Quant\AppData\Local\Temp\TestDeliveryOfflineTool_SyncsTheJournalItScannedBeforeSealingIt2159528834\001\.qompack\state\delivery-lease-position.json: v2, seq 3, 2 entries, 576 bytes
          lease journal C:\Users\Quant\AppData\Local\Temp\TestDeliveryOfflineTool_SyncsTheJournalItScannedBeforeSealingIt2159528834\001\.qompack\state\delivery-leases.jsonl: loads, 2 entries, 576 bytes, chain sha256:da4ee95f48b63dfa283b41184086cd032e6309052b7b93431526575fa9139e15
          ack seal C:\Users\Quant\AppData\Local\Temp\TestDeliveryOfflineTool_SyncsTheJournalItScannedBeforeSealingIt2159528834\001\.qompack\state\delivery-ack-position.json: v2, seq 2, 1 entries, 258 bytes
          ack journal C:\Users\Quant\AppData\Local\Temp\TestDeliveryOfflineTool_SyncsTheJournalItScannedBeforeSealingIt2159528834\001\.qompack\state\delivery-acks.jsonl: loads, 1 entries, 258 bytes, chain sha256:5ca0c2f7a6d63742f7c6cb0b0563dfd1b738c05a36ac9269e9a317b05ecbc0a2
--- PASS: TestDeliveryOfflineTool_SyncsTheJournalItScannedBeforeSealingIt (0.54s)
    --- PASS: TestDeliveryOfflineTool_SyncsTheJournalItScannedBeforeSealingIt/syncs_the_file_its_scan_read_and_refuses_any_other (0.19s)
    --- PASS: TestDeliveryOfflineTool_SyncsTheJournalItScannedBeforeSealingIt/seals_nothing_when_a_journal_cannot_be_made_durable (0.35s)
        --- PASS: TestDeliveryOfflineTool_SyncsTheJournalItScannedBeforeSealingIt/seals_nothing_when_a_journal_cannot_be_made_durable/delivery-leases.jsonl (0.16s)
        --- PASS: TestDeliveryOfflineTool_SyncsTheJournalItScannedBeforeSealingIt/seals_nothing_when_a_journal_cannot_be_made_durable/delivery-acks.jsonl (0.19s)
=== RUN   TestDeliveryOfflineTool_ConvertsAndRefusesWhileADaemonHoldsTheLock
=== RUN   TestDeliveryOfflineTool_ConvertsAndRefusesWhileADaemonHoldsTheLock/refuses_while_a_daemon_holds_the_lock
    delivery_seal_tool_test.go:404: report:
    delivery_seal_tool_test.go:404: report:
=== RUN   TestDeliveryOfflineTool_ConvertsAndRefusesWhileADaemonHoldsTheLock/refuses_once_a_daemon_has_taken_the_lock_over_mid-run
    delivery_seal_tool_test.go:429: report:
        delivery-seal: C:\Users\Quant\AppData\Local\Temp\TestDeliveryOfflineTool_ConvertsAndRefusesWhileADaemonHoldsTheLo3902795134\001
          lease seal C:\Users\Quant\AppData\Local\Temp\TestDeliveryOfflineTool_ConvertsAndRefusesWhileADaemonHoldsTheLo3902795134\001\.qompack\state\delivery-lease-position.json: v2, seq 3, 2 entries, 576 bytes
          lease journal C:\Users\Quant\AppData\Local\Temp\TestDeliveryOfflineTool_ConvertsAndRefusesWhileADaemonHoldsTheLo3902795134\001\.qompack\state\delivery-leases.jsonl: loads, 2 entries, 576 bytes, chain sha256:da4ee95f48b63dfa283b41184086cd032e6309052b7b93431526575fa9139e15
          ack seal C:\Users\Quant\AppData\Local\Temp\TestDeliveryOfflineTool_ConvertsAndRefusesWhileADaemonHoldsTheLo3902795134\001\.qompack\state\delivery-ack-position.json: v2, seq 2, 1 entries, 258 bytes
          ack journal C:\Users\Quant\AppData\Local\Temp\TestDeliveryOfflineTool_ConvertsAndRefusesWhileADaemonHoldsTheLo3902795134\001\.qompack\state\delivery-acks.jsonl: loads, 1 entries, 258 bytes, chain sha256:5ca0c2f7a6d63742f7c6cb0b0563dfd1b738c05a36ac9269e9a317b05ecbc0a2
    delivery_seal_tool_test.go:429: report:
        delivery-seal: C:\Users\Quant\AppData\Local\Temp\TestDeliveryOfflineTool_ConvertsAndRefusesWhileADaemonHoldsTheLo3902795134\001
          lease seal C:\Users\Quant\AppData\Local\Temp\TestDeliveryOfflineTool_ConvertsAndRefusesWhileADaemonHoldsTheLo3902795134\001\.qompack\state\delivery-lease-position.json: v2, seq 3, 2 entries, 576 bytes
          lease journal C:\Users\Quant\AppData\Local\Temp\TestDeliveryOfflineTool_ConvertsAndRefusesWhileADaemonHoldsTheLo3902795134\001\.qompack\state\delivery-leases.jsonl: loads, 2 entries, 576 bytes, chain sha256:da4ee95f48b63dfa283b41184086cd032e6309052b7b93431526575fa9139e15
          ack seal C:\Users\Quant\AppData\Local\Temp\TestDeliveryOfflineTool_ConvertsAndRefusesWhileADaemonHoldsTheLo3902795134\001\.qompack\state\delivery-ack-position.json: v2, seq 2, 1 entries, 258 bytes
          ack journal C:\Users\Quant\AppData\Local\Temp\TestDeliveryOfflineTool_ConvertsAndRefusesWhileADaemonHoldsTheLo3902795134\001\.qompack\state\delivery-acks.jsonl: loads, 1 entries, 258 bytes, chain sha256:5ca0c2f7a6d63742f7c6cb0b0563dfd1b738c05a36ac9269e9a317b05ecbc0a2
=== RUN   TestDeliveryOfflineTool_ConvertsAndRefusesWhileADaemonHoldsTheLock/refuses_to_convert_once_a_daemon_has_taken_the_lock_after_the_scan
    delivery_seal_tool_test.go:447: report:
        delivery-seal: C:\Users\Quant\AppData\Local\Temp\TestDeliveryOfflineTool_ConvertsAndRefusesWhileADaemonHoldsTheLo2985407391\001
          lease seal C:\Users\Quant\AppData\Local\Temp\TestDeliveryOfflineTool_ConvertsAndRefusesWhileADaemonHoldsTheLo2985407391\001\.qompack\state\delivery-lease-position.json: v2, seq 3, 2 entries, 576 bytes
          lease journal C:\Users\Quant\AppData\Local\Temp\TestDeliveryOfflineTool_ConvertsAndRefusesWhileADaemonHoldsTheLo2985407391\001\.qompack\state\delivery-leases.jsonl: loads, 2 entries, 576 bytes, chain sha256:da4ee95f48b63dfa283b41184086cd032e6309052b7b93431526575fa9139e15
          ack seal C:\Users\Quant\AppData\Local\Temp\TestDeliveryOfflineTool_ConvertsAndRefusesWhileADaemonHoldsTheLo2985407391\001\.qompack\state\delivery-ack-position.json: v2, seq 2, 1 entries, 258 bytes
          ack journal C:\Users\Quant\AppData\Local\Temp\TestDeliveryOfflineTool_ConvertsAndRefusesWhileADaemonHoldsTheLo2985407391\001\.qompack\state\delivery-acks.jsonl: loads, 1 entries, 258 bytes, chain sha256:5ca0c2f7a6d63742f7c6cb0b0563dfd1b738c05a36ac9269e9a317b05ecbc0a2
=== RUN   TestDeliveryOfflineTool_ConvertsAndRefusesWhileADaemonHoldsTheLock/each_ownership_check_refreshes_the_heartbeat_the_staleness_protocol_reads
=== RUN   TestDeliveryOfflineTool_ConvertsAndRefusesWhileADaemonHoldsTheLock/a_run_directory_removed_after_the_scan_is_not_reported_as_a_daemon_takeover
    delivery_seal_tool_test.go:515: report:
        delivery-seal: C:\Users\Quant\AppData\Local\Temp\TestDeliveryOfflineTool_ConvertsAndRefusesWhileADaemonHoldsTheLo1002525284\001
          lease seal C:\Users\Quant\AppData\Local\Temp\TestDeliveryOfflineTool_ConvertsAndRefusesWhileADaemonHoldsTheLo1002525284\001\.qompack\state\delivery-lease-position.json: v2, seq 3, 2 entries, 576 bytes
          lease journal C:\Users\Quant\AppData\Local\Temp\TestDeliveryOfflineTool_ConvertsAndRefusesWhileADaemonHoldsTheLo1002525284\001\.qompack\state\delivery-leases.jsonl: loads, 2 entries, 576 bytes, chain sha256:da4ee95f48b63dfa283b41184086cd032e6309052b7b93431526575fa9139e15
          ack seal C:\Users\Quant\AppData\Local\Temp\TestDeliveryOfflineTool_ConvertsAndRefusesWhileADaemonHoldsTheLo1002525284\001\.qompack\state\delivery-ack-position.json: v2, seq 2, 1 entries, 258 bytes
          ack journal C:\Users\Quant\AppData\Local\Temp\TestDeliveryOfflineTool_ConvertsAndRefusesWhileADaemonHoldsTheLo1002525284\001\.qompack\state\delivery-acks.jsonl: loads, 1 entries, 258 bytes, chain sha256:5ca0c2f7a6d63742f7c6cb0b0563dfd1b738c05a36ac9269e9a317b05ecbc0a2
=== RUN   TestDeliveryOfflineTool_ConvertsAndRefusesWhileADaemonHoldsTheLock/a_run_directory_removed_between_the_two_seals_says_how_to_finish_the_pair
    delivery_seal_tool_test.go:546: report: delivery-seal: C:\Users\Quant\AppData\Local\Temp\TestDeliveryOfflineTool_ConvertsAndRefusesWhileADaemonHoldsTheLo3021500908\001
          lease seal C:\Users\Quant\AppData\Local\Temp\TestDeliveryOfflineTool_ConvertsAndRefusesWhileADaemonHoldsTheLo3021500908\001\.qompack\state\delivery-lease-position.json: v2, seq 3, 2 entries, 576 bytes
          lease journal C:\Users\Quant\AppData\Local\Temp\TestDeliveryOfflineTool_ConvertsAndRefusesWhileADaemonHoldsTheLo3021500908\001\.qompack\state\delivery-leases.jsonl: loads, 2 entries, 576 bytes, chain sha256:da4ee95f48b63dfa283b41184086cd032e6309052b7b93431526575fa9139e15
          ack seal C:\Users\Quant\AppData\Local\Temp\TestDeliveryOfflineTool_ConvertsAndRefusesWhileADaemonHoldsTheLo3021500908\001\.qompack\state\delivery-ack-position.json: v2, seq 2, 1 entries, 258 bytes
          ack journal C:\Users\Quant\AppData\Local\Temp\TestDeliveryOfflineTool_ConvertsAndRefusesWhileADaemonHoldsTheLo3021500908\001\.qompack\state\delivery-acks.jsonl: loads, 1 entries, 258 bytes, chain sha256:5ca0c2f7a6d63742f7c6cb0b0563dfd1b738c05a36ac9269e9a317b05ecbc0a2
          lease seal C:\Users\Quant\AppData\Local\Temp\TestDeliveryOfflineTool_ConvertsAndRefusesWhileADaemonHoldsTheLo3021500908\001\.qompack\state\delivery-lease-position.json: wrote v1 at 2 entries, 576 bytes (it sealed 2 entries, 576 bytes)
    delivery_seal_tool_test.go:563: report:
        delivery-seal: C:\Users\Quant\AppData\Local\Temp\TestDeliveryOfflineTool_ConvertsAndRefusesWhileADaemonHoldsTheLo3021500908\001
          lease seal C:\Users\Quant\AppData\Local\Temp\TestDeliveryOfflineTool_ConvertsAndRefusesWhileADaemonHoldsTheLo3021500908\001\.qompack\state\delivery-lease-position.json: v1, 2 entries, 576 bytes
          lease journal C:\Users\Quant\AppData\Local\Temp\TestDeliveryOfflineTool_ConvertsAndRefusesWhileADaemonHoldsTheLo3021500908\001\.qompack\state\delivery-leases.jsonl: loads, 2 entries, 576 bytes, chain sha256:da4ee95f48b63dfa283b41184086cd032e6309052b7b93431526575fa9139e15
          ack seal C:\Users\Quant\AppData\Local\Temp\TestDeliveryOfflineTool_ConvertsAndRefusesWhileADaemonHoldsTheLo3021500908\001\.qompack\state\delivery-ack-position.json: v2, seq 2, 1 entries, 258 bytes
          ack journal C:\Users\Quant\AppData\Local\Temp\TestDeliveryOfflineTool_ConvertsAndRefusesWhileADaemonHoldsTheLo3021500908\001\.qompack\state\delivery-acks.jsonl: loads, 1 entries, 258 bytes, chain sha256:5ca0c2f7a6d63742f7c6cb0b0563dfd1b738c05a36ac9269e9a317b05ecbc0a2
          lease seal C:\Users\Quant\AppData\Local\Temp\TestDeliveryOfflineTool_ConvertsAndRefusesWhileADaemonHoldsTheLo3021500908\001\.qompack\state\delivery-lease-position.json: wrote v1 at 2 entries, 576 bytes (it sealed 2 entries, 576 bytes)
          ack seal C:\Users\Quant\AppData\Local\Temp\TestDeliveryOfflineTool_ConvertsAndRefusesWhileADaemonHoldsTheLo3021500908\001\.qompack\state\delivery-ack-position.json: wrote v1 at 1 entries, 258 bytes (it sealed 1 entries, 258 bytes)
=== RUN   TestDeliveryOfflineTool_ConvertsAndRefusesWhileADaemonHoldsTheLock/a_daemon_that_takes_the_lock_between_the_two_seals_leaves_the_pair_half_converted
    delivery_seal_tool_test.go:586: report:
        delivery-seal: C:\Users\Quant\AppData\Local\Temp\TestDeliveryOfflineTool_ConvertsAndRefusesWhileADaemonHoldsTheLo1296826998\001
          lease seal C:\Users\Quant\AppData\Local\Temp\TestDeliveryOfflineTool_ConvertsAndRefusesWhileADaemonHoldsTheLo1296826998\001\.qompack\state\delivery-lease-position.json: v2, seq 3, 2 entries, 576 bytes
          lease journal C:\Users\Quant\AppData\Local\Temp\TestDeliveryOfflineTool_ConvertsAndRefusesWhileADaemonHoldsTheLo1296826998\001\.qompack\state\delivery-leases.jsonl: loads, 2 entries, 576 bytes, chain sha256:da4ee95f48b63dfa283b41184086cd032e6309052b7b93431526575fa9139e15
          ack seal C:\Users\Quant\AppData\Local\Temp\TestDeliveryOfflineTool_ConvertsAndRefusesWhileADaemonHoldsTheLo1296826998\001\.qompack\state\delivery-ack-position.json: v2, seq 2, 1 entries, 258 bytes
          ack journal C:\Users\Quant\AppData\Local\Temp\TestDeliveryOfflineTool_ConvertsAndRefusesWhileADaemonHoldsTheLo1296826998\001\.qompack\state\delivery-acks.jsonl: loads, 1 entries, 258 bytes, chain sha256:5ca0c2f7a6d63742f7c6cb0b0563dfd1b738c05a36ac9269e9a317b05ecbc0a2
          lease seal C:\Users\Quant\AppData\Local\Temp\TestDeliveryOfflineTool_ConvertsAndRefusesWhileADaemonHoldsTheLo1296826998\001\.qompack\state\delivery-lease-position.json: wrote v1 at 2 entries, 576 bytes (it sealed 2 entries, 576 bytes)
    delivery_seal_tool_test.go:610: report:
    delivery_seal_tool_test.go:615: report:
        delivery-seal: C:\Users\Quant\AppData\Local\Temp\TestDeliveryOfflineTool_ConvertsAndRefusesWhileADaemonHoldsTheLo1296826998\001
          lease seal C:\Users\Quant\AppData\Local\Temp\TestDeliveryOfflineTool_ConvertsAndRefusesWhileADaemonHoldsTheLo1296826998\001\.qompack\state\delivery-lease-position.json: v1, 2 entries, 576 bytes
          lease journal C:\Users\Quant\AppData\Local\Temp\TestDeliveryOfflineTool_ConvertsAndRefusesWhileADaemonHoldsTheLo1296826998\001\.qompack\state\delivery-leases.jsonl: loads, 2 entries, 576 bytes, chain sha256:da4ee95f48b63dfa283b41184086cd032e6309052b7b93431526575fa9139e15
          ack seal C:\Users\Quant\AppData\Local\Temp\TestDeliveryOfflineTool_ConvertsAndRefusesWhileADaemonHoldsTheLo1296826998\001\.qompack\state\delivery-ack-position.json: v2, seq 2, 1 entries, 258 bytes
          ack journal C:\Users\Quant\AppData\Local\Temp\TestDeliveryOfflineTool_ConvertsAndRefusesWhileADaemonHoldsTheLo1296826998\001\.qompack\state\delivery-acks.jsonl: loads, 1 entries, 258 bytes, chain sha256:5ca0c2f7a6d63742f7c6cb0b0563dfd1b738c05a36ac9269e9a317b05ecbc0a2
          lease seal C:\Users\Quant\AppData\Local\Temp\TestDeliveryOfflineTool_ConvertsAndRefusesWhileADaemonHoldsTheLo1296826998\001\.qompack\state\delivery-lease-position.json: wrote v1 at 2 entries, 576 bytes (it sealed 2 entries, 576 bytes)
          ack seal C:\Users\Quant\AppData\Local\Temp\TestDeliveryOfflineTool_ConvertsAndRefusesWhileADaemonHoldsTheLo1296826998\001\.qompack\state\delivery-ack-position.json: wrote v1 at 1 entries, 258 bytes (it sealed 1 entries, 258 bytes)
=== RUN   TestDeliveryOfflineTool_ConvertsAndRefusesWhileADaemonHoldsTheLock/converts_both_seals_to_v1_after_a_check_that_writes_nothing
    delivery_seal_tool_test.go:637: report:
        delivery-seal: C:\Users\Quant\AppData\Local\Temp\TestDeliveryOfflineTool_ConvertsAndRefusesWhileADaemonHoldsTheLo429943361\001
          lease seal C:\Users\Quant\AppData\Local\Temp\TestDeliveryOfflineTool_ConvertsAndRefusesWhileADaemonHoldsTheLo429943361\001\.qompack\state\delivery-lease-position.json: v2, seq 3, 2 entries, 576 bytes
          lease journal C:\Users\Quant\AppData\Local\Temp\TestDeliveryOfflineTool_ConvertsAndRefusesWhileADaemonHoldsTheLo429943361\001\.qompack\state\delivery-leases.jsonl: loads, 2 entries, 576 bytes, chain sha256:da4ee95f48b63dfa283b41184086cd032e6309052b7b93431526575fa9139e15
          ack seal C:\Users\Quant\AppData\Local\Temp\TestDeliveryOfflineTool_ConvertsAndRefusesWhileADaemonHoldsTheLo429943361\001\.qompack\state\delivery-ack-position.json: v2, seq 2, 1 entries, 258 bytes
          ack journal C:\Users\Quant\AppData\Local\Temp\TestDeliveryOfflineTool_ConvertsAndRefusesWhileADaemonHoldsTheLo429943361\001\.qompack\state\delivery-acks.jsonl: loads, 1 entries, 258 bytes, chain sha256:5ca0c2f7a6d63742f7c6cb0b0563dfd1b738c05a36ac9269e9a317b05ecbc0a2
          checked; nothing was written
    delivery_seal_tool_test.go:649: report:
        delivery-seal: C:\Users\Quant\AppData\Local\Temp\TestDeliveryOfflineTool_ConvertsAndRefusesWhileADaemonHoldsTheLo429943361\001
          lease seal C:\Users\Quant\AppData\Local\Temp\TestDeliveryOfflineTool_ConvertsAndRefusesWhileADaemonHoldsTheLo429943361\001\.qompack\state\delivery-lease-position.json: v2, seq 3, 2 entries, 576 bytes
          lease journal C:\Users\Quant\AppData\Local\Temp\TestDeliveryOfflineTool_ConvertsAndRefusesWhileADaemonHoldsTheLo429943361\001\.qompack\state\delivery-leases.jsonl: loads, 2 entries, 576 bytes, chain sha256:da4ee95f48b63dfa283b41184086cd032e6309052b7b93431526575fa9139e15
          ack seal C:\Users\Quant\AppData\Local\Temp\TestDeliveryOfflineTool_ConvertsAndRefusesWhileADaemonHoldsTheLo429943361\001\.qompack\state\delivery-ack-position.json: v2, seq 2, 1 entries, 258 bytes
          ack journal C:\Users\Quant\AppData\Local\Temp\TestDeliveryOfflineTool_ConvertsAndRefusesWhileADaemonHoldsTheLo429943361\001\.qompack\state\delivery-acks.jsonl: loads, 1 entries, 258 bytes, chain sha256:5ca0c2f7a6d63742f7c6cb0b0563dfd1b738c05a36ac9269e9a317b05ecbc0a2
          lease seal C:\Users\Quant\AppData\Local\Temp\TestDeliveryOfflineTool_ConvertsAndRefusesWhileADaemonHoldsTheLo429943361\001\.qompack\state\delivery-lease-position.json: wrote v1 at 2 entries, 576 bytes (it sealed 2 entries, 576 bytes)
          ack seal C:\Users\Quant\AppData\Local\Temp\TestDeliveryOfflineTool_ConvertsAndRefusesWhileADaemonHoldsTheLo429943361\001\.qompack\state\delivery-ack-position.json: wrote v1 at 1 entries, 258 bytes (it sealed 1 entries, 258 bytes)
=== RUN   TestDeliveryOfflineTool_ConvertsAndRefusesWhileADaemonHoldsTheLock/a_rerun_reads_the_v1_seals_it_wrote_and_converts_what_is_left
    delivery_seal_tool_test.go:677: report:
        delivery-seal: C:\Users\Quant\AppData\Local\Temp\TestDeliveryOfflineTool_ConvertsAndRefusesWhileADaemonHoldsTheLo255602774\001
          lease seal C:\Users\Quant\AppData\Local\Temp\TestDeliveryOfflineTool_ConvertsAndRefusesWhileADaemonHoldsTheLo255602774\001\.qompack\state\delivery-lease-position.json: v2, seq 3, 2 entries, 576 bytes
          lease journal C:\Users\Quant\AppData\Local\Temp\TestDeliveryOfflineTool_ConvertsAndRefusesWhileADaemonHoldsTheLo255602774\001\.qompack\state\delivery-leases.jsonl: loads, 2 entries, 576 bytes, chain sha256:da4ee95f48b63dfa283b41184086cd032e6309052b7b93431526575fa9139e15
          ack seal C:\Users\Quant\AppData\Local\Temp\TestDeliveryOfflineTool_ConvertsAndRefusesWhileADaemonHoldsTheLo255602774\001\.qompack\state\delivery-ack-position.json: v2, seq 2, 1 entries, 258 bytes
          ack journal C:\Users\Quant\AppData\Local\Temp\TestDeliveryOfflineTool_ConvertsAndRefusesWhileADaemonHoldsTheLo255602774\001\.qompack\state\delivery-acks.jsonl: loads, 1 entries, 258 bytes, chain sha256:5ca0c2f7a6d63742f7c6cb0b0563dfd1b738c05a36ac9269e9a317b05ecbc0a2
          lease seal C:\Users\Quant\AppData\Local\Temp\TestDeliveryOfflineTool_ConvertsAndRefusesWhileADaemonHoldsTheLo255602774\001\.qompack\state\delivery-lease-position.json: wrote v1 at 2 entries, 576 bytes (it sealed 2 entries, 576 bytes)
          ack seal C:\Users\Quant\AppData\Local\Temp\TestDeliveryOfflineTool_ConvertsAndRefusesWhileADaemonHoldsTheLo255602774\001\.qompack\state\delivery-ack-position.json: wrote v1 at 1 entries, 258 bytes (it sealed 1 entries, 258 bytes)
    delivery_seal_tool_test.go:689: report:
        delivery-seal: C:\Users\Quant\AppData\Local\Temp\TestDeliveryOfflineTool_ConvertsAndRefusesWhileADaemonHoldsTheLo255602774\001
          lease seal C:\Users\Quant\AppData\Local\Temp\TestDeliveryOfflineTool_ConvertsAndRefusesWhileADaemonHoldsTheLo255602774\001\.qompack\state\delivery-lease-position.json: v1, 2 entries, 576 bytes
          lease journal C:\Users\Quant\AppData\Local\Temp\TestDeliveryOfflineTool_ConvertsAndRefusesWhileADaemonHoldsTheLo255602774\001\.qompack\state\delivery-leases.jsonl: loads, 2 entries, 576 bytes, chain sha256:da4ee95f48b63dfa283b41184086cd032e6309052b7b93431526575fa9139e15
          ack seal C:\Users\Quant\AppData\Local\Temp\TestDeliveryOfflineTool_ConvertsAndRefusesWhileADaemonHoldsTheLo255602774\001\.qompack\state\delivery-ack-position.json: v1, 1 entries, 258 bytes
          ack journal C:\Users\Quant\AppData\Local\Temp\TestDeliveryOfflineTool_ConvertsAndRefusesWhileADaemonHoldsTheLo255602774\001\.qompack\state\delivery-acks.jsonl: loads, 1 entries, 258 bytes, chain sha256:5ca0c2f7a6d63742f7c6cb0b0563dfd1b738c05a36ac9269e9a317b05ecbc0a2
          checked; nothing was written
    delivery_seal_tool_test.go:694: report:
        delivery-seal: C:\Users\Quant\AppData\Local\Temp\TestDeliveryOfflineTool_ConvertsAndRefusesWhileADaemonHoldsTheLo255602774\001
          lease seal C:\Users\Quant\AppData\Local\Temp\TestDeliveryOfflineTool_ConvertsAndRefusesWhileADaemonHoldsTheLo255602774\001\.qompack\state\delivery-lease-position.json: v1, 2 entries, 576 bytes
          lease journal C:\Users\Quant\AppData\Local\Temp\TestDeliveryOfflineTool_ConvertsAndRefusesWhileADaemonHoldsTheLo255602774\001\.qompack\state\delivery-leases.jsonl: loads, 2 entries, 576 bytes, chain sha256:da4ee95f48b63dfa283b41184086cd032e6309052b7b93431526575fa9139e15
          ack seal C:\Users\Quant\AppData\Local\Temp\TestDeliveryOfflineTool_ConvertsAndRefusesWhileADaemonHoldsTheLo255602774\001\.qompack\state\delivery-ack-position.json: v1, 1 entries, 258 bytes
          ack journal C:\Users\Quant\AppData\Local\Temp\TestDeliveryOfflineTool_ConvertsAndRefusesWhileADaemonHoldsTheLo255602774\001\.qompack\state\delivery-acks.jsonl: loads, 1 entries, 258 bytes, chain sha256:5ca0c2f7a6d63742f7c6cb0b0563dfd1b738c05a36ac9269e9a317b05ecbc0a2
          lease seal C:\Users\Quant\AppData\Local\Temp\TestDeliveryOfflineTool_ConvertsAndRefusesWhileADaemonHoldsTheLo255602774\001\.qompack\state\delivery-lease-position.json: wrote v1 at 2 entries, 576 bytes (it sealed 2 entries, 576 bytes)
          ack seal C:\Users\Quant\AppData\Local\Temp\TestDeliveryOfflineTool_ConvertsAndRefusesWhileADaemonHoldsTheLo255602774\001\.qompack\state\delivery-ack-position.json: wrote v1 at 1 entries, 258 bytes (it sealed 1 entries, 258 bytes)
=== RUN   TestDeliveryOfflineTool_ConvertsAndRefusesWhileADaemonHoldsTheLock/refuses_to_convert_a_journal_that_does_not_load
    delivery_seal_tool_test.go:709: report:
        delivery-seal: C:\Users\Quant\AppData\Local\Temp\TestDeliveryOfflineTool_ConvertsAndRefusesWhileADaemonHoldsTheLo1437945354\001
          lease seal C:\Users\Quant\AppData\Local\Temp\TestDeliveryOfflineTool_ConvertsAndRefusesWhileADaemonHoldsTheLo1437945354\001\.qompack\state\delivery-lease-position.json: v2, seq 3, 2 entries, 576 bytes
=== RUN   TestDeliveryOfflineTool_ConvertsAndRefusesWhileADaemonHoldsTheLock/refuses_to_convert_either_seal_when_the_ACK_journal_does_not_load
    delivery_seal_tool_test.go:730: report:
        delivery-seal: C:\Users\Quant\AppData\Local\Temp\TestDeliveryOfflineTool_ConvertsAndRefusesWhileADaemonHoldsTheLo3186300717\001
          lease seal C:\Users\Quant\AppData\Local\Temp\TestDeliveryOfflineTool_ConvertsAndRefusesWhileADaemonHoldsTheLo3186300717\001\.qompack\state\delivery-lease-position.json: v2, seq 3, 2 entries, 576 bytes
          lease journal C:\Users\Quant\AppData\Local\Temp\TestDeliveryOfflineTool_ConvertsAndRefusesWhileADaemonHoldsTheLo3186300717\001\.qompack\state\delivery-leases.jsonl: loads, 2 entries, 576 bytes, chain sha256:da4ee95f48b63dfa283b41184086cd032e6309052b7b93431526575fa9139e15
          ack seal C:\Users\Quant\AppData\Local\Temp\TestDeliveryOfflineTool_ConvertsAndRefusesWhileADaemonHoldsTheLo3186300717\001\.qompack\state\delivery-ack-position.json: v2, seq 2, 1 entries, 258 bytes
=== RUN   TestDeliveryOfflineTool_ConvertsAndRefusesWhileADaemonHoldsTheLock/refuses_an_acknowledgement_journal_whose_lease_journal_is_gone,_holding_an_acknowledgement
    delivery_seal_tool_test.go:769: report:
        delivery-seal: C:\Users\Quant\AppData\Local\Temp\TestDeliveryOfflineTool_ConvertsAndRefusesWhileADaemonHoldsTheLo395513776\001
=== RUN   TestDeliveryOfflineTool_ConvertsAndRefusesWhileADaemonHoldsTheLock/refuses_an_acknowledgement_journal_whose_lease_journal_is_gone,_empty,_so_that_nothing_else_refuses_it
    delivery_seal_tool_test.go:769: report:
        delivery-seal: C:\Users\Quant\AppData\Local\Temp\TestDeliveryOfflineTool_ConvertsAndRefusesWhileADaemonHoldsTheLo1457221364\001
=== RUN   TestDeliveryOfflineTool_ConvertsAndRefusesWhileADaemonHoldsTheLock/refuses_a_seal_whose_older_record_is_not_a_prefix_of_this_journal
    delivery_seal_tool_test.go:822: report:
        delivery-seal: C:\Users\Quant\AppData\Local\Temp\TestDeliveryOfflineTool_ConvertsAndRefusesWhileADaemonHoldsTheLo2579168710\001
          lease seal C:\Users\Quant\AppData\Local\Temp\TestDeliveryOfflineTool_ConvertsAndRefusesWhileADaemonHoldsTheLo2579168710\001\.qompack\state\delivery-lease-position.json: v2, seq 4, 3 entries, 864 bytes
=== RUN   TestDeliveryOfflineTool_ConvertsAndRefusesWhileADaemonHoldsTheLock/refuses_a_half-present_pair:_the_journal_is_there_and_its_seal_is_gone
    delivery_seal_tool_test.go:847: report:
        delivery-seal: C:\Users\Quant\AppData\Local\Temp\TestDeliveryOfflineTool_ConvertsAndRefusesWhileADaemonHoldsTheLo177127126\001
=== RUN   TestDeliveryOfflineTool_ConvertsAndRefusesWhileADaemonHoldsTheLock/refuses_a_half-present_pair:_the_seal_is_there_and_its_journal_is_gone
    delivery_seal_tool_test.go:847: report:
        delivery-seal: C:\Users\Quant\AppData\Local\Temp\TestDeliveryOfflineTool_ConvertsAndRefusesWhileADaemonHoldsTheLo3074551307\001
=== RUN   TestDeliveryOfflineTool_ConvertsAndRefusesWhileADaemonHoldsTheLock/reports_a_project_with_no_delivery_journal
    delivery_seal_tool_test.go:860: report:
        delivery-seal: C:\Users\Quant\AppData\Local\Temp\TestDeliveryOfflineTool_ConvertsAndRefusesWhileADaemonHoldsTheLo2310342412\001
          no delivery journal in this project; nothing to check
=== RUN   TestDeliveryOfflineTool_ConvertsAndRefusesWhileADaemonHoldsTheLock/a_torn_slot_is_refused_without_consent
    delivery_seal_tool_test.go:874: report:
        delivery-seal: C:\Users\Quant\AppData\Local\Temp\TestDeliveryOfflineTool_ConvertsAndRefusesWhileADaemonHoldsTheLo3833743826\001
    delivery_seal_tool_test.go:878: report:
=== RUN   TestDeliveryOfflineTool_ConvertsAndRefusesWhileADaemonHoldsTheLock/a_conversion_refuses_when_the_acceptance_could_not_be_reported
    delivery_seal_tool_test.go:909: report:
        delivery-seal: C:\Users\Quant\AppData\Local\Temp\TestDeliveryOfflineTool_ConvertsAndRefusesWhileADaemonHoldsTheLo2715550330\001
          lease seal C:\Users\Quant\AppData\Local\Temp\TestDeliveryOfflineTool_ConvertsAndRefusesWhileADaemonHoldsTheLo2715550330\001\.qompack\state\delivery-lease-position.json: v2 with one torn slot; accepting seq 2, 1 entries, 288 bytes
          lease journal C:\Users\Quant\AppData\Local\Temp\TestDeliveryOfflineTool_ConvertsAndRefusesWhileADaemonHoldsTheLo2715550330\001\.qompack\state\delivery-leases.jsonl: loads, 2 entries, 576 bytes, chain sha256:da4ee95f48b63dfa283b41184086cd032e6309052b7b93431526575fa9139e15
          lease: --accept-torn-slot admitted 1 line(s) past the accepted record:
            {"v":1,"delivery":"bbbbbbbbbbbbbbbbbbbbbbbbbbbbbbbbbbbbbbbbbbbbbbbbbbbbbbbbbbbbbbbb","session":"s1","request":"sha256:112e50c3f3819c6e1fddb615c1837bcd020d96b4d817a636933b25020073e112","arrival":2,"observation_id":"sha256:11995782d9207a0434ebaef3169fa78b6d70637967dc642da9f06e6ce52dd8d7"}
          ack seal C:\Users\Quant\AppData\Local\Temp\TestDeliveryOfflineTool_ConvertsAndRefusesWhileADaemonHoldsTheLo2715550330\001\.qompack\state\delivery-ack-position.json: v2, seq 2, 1 entries, 258 bytes
          ack journal C:\Users\Quant\AppData\Local\Temp\TestDeliveryOfflineTool_ConvertsAndRefusesWhileADaemonHoldsTheLo2715550330\001\.qompack\state\delivery-acks.jsonl: loads, 1 entries, 258 bytes, chain sha256:5ca0c2f7a6d63742f7c6cb0b0563dfd1b738c05a36ac9269e9a317b05ecbc0a2
          lease seal C:\Users\Quant\AppData\Local\Temp\TestDeliveryOfflineTool_ConvertsAndRefusesWhileADaemonHoldsTheLo2715550330\001\.qompack\state\delivery-lease-position.json: wrote v1 at 2 entries, 576 bytes (it sealed 1 entries, 288 bytes)
          ack seal C:\Users\Quant\AppData\Local\Temp\TestDeliveryOfflineTool_ConvertsAndRefusesWhileADaemonHoldsTheLo2715550330\001\.qompack\state\delivery-ack-position.json: wrote v1 at 1 entries, 258 bytes (it sealed 1 entries, 258 bytes)
=== RUN   TestDeliveryOfflineTool_ConvertsAndRefusesWhileADaemonHoldsTheLock/a_check_whose_report_was_lost_still_reports_nothing_written
=== RUN   TestDeliveryOfflineTool_ConvertsAndRefusesWhileADaemonHoldsTheLock/the_accepted-lines_re-read_refuses_a_from_past_the_file's_end
=== RUN   TestDeliveryOfflineTool_ConvertsAndRefusesWhileADaemonHoldsTheLock/a_confirmed_torn_slot_accepts_the_complete_tail_and_names_it
    delivery_seal_tool_test.go:957: report:
        delivery-seal: C:\Users\Quant\AppData\Local\Temp\TestDeliveryOfflineTool_ConvertsAndRefusesWhileADaemonHoldsTheLo1052175029\001
          lease seal C:\Users\Quant\AppData\Local\Temp\TestDeliveryOfflineTool_ConvertsAndRefusesWhileADaemonHoldsTheLo1052175029\001\.qompack\state\delivery-lease-position.json: v2 with one torn slot; accepting seq 2, 1 entries, 288 bytes
          lease journal C:\Users\Quant\AppData\Local\Temp\TestDeliveryOfflineTool_ConvertsAndRefusesWhileADaemonHoldsTheLo1052175029\001\.qompack\state\delivery-leases.jsonl: loads, 2 entries, 576 bytes, chain sha256:da4ee95f48b63dfa283b41184086cd032e6309052b7b93431526575fa9139e15
          lease: --accept-torn-slot admitted 1 line(s) past the accepted record:
            {"v":1,"delivery":"bbbbbbbbbbbbbbbbbbbbbbbbbbbbbbbbbbbbbbbbbbbbbbbbbbbbbbbbbbbbbbbb","session":"s1","request":"sha256:112e50c3f3819c6e1fddb615c1837bcd020d96b4d817a636933b25020073e112","arrival":2,"observation_id":"sha256:11995782d9207a0434ebaef3169fa78b6d70637967dc642da9f06e6ce52dd8d7"}
          ack seal C:\Users\Quant\AppData\Local\Temp\TestDeliveryOfflineTool_ConvertsAndRefusesWhileADaemonHoldsTheLo1052175029\001\.qompack\state\delivery-ack-position.json: v2, seq 2, 1 entries, 258 bytes
          ack journal C:\Users\Quant\AppData\Local\Temp\TestDeliveryOfflineTool_ConvertsAndRefusesWhileADaemonHoldsTheLo1052175029\001\.qompack\state\delivery-acks.jsonl: loads, 1 entries, 258 bytes, chain sha256:5ca0c2f7a6d63742f7c6cb0b0563dfd1b738c05a36ac9269e9a317b05ecbc0a2
          lease seal C:\Users\Quant\AppData\Local\Temp\TestDeliveryOfflineTool_ConvertsAndRefusesWhileADaemonHoldsTheLo1052175029\001\.qompack\state\delivery-lease-position.json: wrote v1 at 2 entries, 576 bytes (it sealed 1 entries, 288 bytes)
          ack seal C:\Users\Quant\AppData\Local\Temp\TestDeliveryOfflineTool_ConvertsAndRefusesWhileADaemonHoldsTheLo1052175029\001\.qompack\state\delivery-ack-position.json: wrote v1 at 1 entries, 258 bytes (it sealed 1 entries, 258 bytes)
--- PASS: TestDeliveryOfflineTool_ConvertsAndRefusesWhileADaemonHoldsTheLock (3.83s)
    --- PASS: TestDeliveryOfflineTool_ConvertsAndRefusesWhileADaemonHoldsTheLock/refuses_while_a_daemon_holds_the_lock (0.16s)
    --- PASS: TestDeliveryOfflineTool_ConvertsAndRefusesWhileADaemonHoldsTheLock/refuses_once_a_daemon_has_taken_the_lock_over_mid-run (0.17s)
    --- PASS: TestDeliveryOfflineTool_ConvertsAndRefusesWhileADaemonHoldsTheLock/refuses_to_convert_once_a_daemon_has_taken_the_lock_after_the_scan (0.17s)
    --- PASS: TestDeliveryOfflineTool_ConvertsAndRefusesWhileADaemonHoldsTheLock/each_ownership_check_refreshes_the_heartbeat_the_staleness_protocol_reads (0.11s)
    --- PASS: TestDeliveryOfflineTool_ConvertsAndRefusesWhileADaemonHoldsTheLock/a_run_directory_removed_after_the_scan_is_not_reported_as_a_daemon_takeover (0.18s)
    --- PASS: TestDeliveryOfflineTool_ConvertsAndRefusesWhileADaemonHoldsTheLock/a_run_directory_removed_between_the_two_seals_says_how_to_finish_the_pair (0.27s)
    --- PASS: TestDeliveryOfflineTool_ConvertsAndRefusesWhileADaemonHoldsTheLock/a_daemon_that_takes_the_lock_between_the_two_seals_leaves_the_pair_half_converted (0.28s)
    --- PASS: TestDeliveryOfflineTool_ConvertsAndRefusesWhileADaemonHoldsTheLock/converts_both_seals_to_v1_after_a_check_that_writes_nothing (0.24s)
    --- PASS: TestDeliveryOfflineTool_ConvertsAndRefusesWhileADaemonHoldsTheLock/a_rerun_reads_the_v1_seals_it_wrote_and_converts_what_is_left (0.28s)
    --- PASS: TestDeliveryOfflineTool_ConvertsAndRefusesWhileADaemonHoldsTheLock/refuses_to_convert_a_journal_that_does_not_load (0.17s)
    --- PASS: TestDeliveryOfflineTool_ConvertsAndRefusesWhileADaemonHoldsTheLock/refuses_to_convert_either_seal_when_the_ACK_journal_does_not_load (0.17s)
    --- PASS: TestDeliveryOfflineTool_ConvertsAndRefusesWhileADaemonHoldsTheLock/refuses_an_acknowledgement_journal_whose_lease_journal_is_gone,_holding_an_acknowledgement (0.16s)
    --- PASS: TestDeliveryOfflineTool_ConvertsAndRefusesWhileADaemonHoldsTheLock/refuses_an_acknowledgement_journal_whose_lease_journal_is_gone,_empty,_so_that_nothing_else_refuses_it (0.14s)
    --- PASS: TestDeliveryOfflineTool_ConvertsAndRefusesWhileADaemonHoldsTheLock/refuses_a_seal_whose_older_record_is_not_a_prefix_of_this_journal (0.16s)
    --- PASS: TestDeliveryOfflineTool_ConvertsAndRefusesWhileADaemonHoldsTheLock/refuses_a_half-present_pair:_the_journal_is_there_and_its_seal_is_gone (0.12s)
    --- PASS: TestDeliveryOfflineTool_ConvertsAndRefusesWhileADaemonHoldsTheLock/refuses_a_half-present_pair:_the_seal_is_there_and_its_journal_is_gone (0.14s)
    --- PASS: TestDeliveryOfflineTool_ConvertsAndRefusesWhileADaemonHoldsTheLock/reports_a_project_with_no_delivery_journal (0.02s)
    --- PASS: TestDeliveryOfflineTool_ConvertsAndRefusesWhileADaemonHoldsTheLock/a_torn_slot_is_refused_without_consent (0.17s)
    --- PASS: TestDeliveryOfflineTool_ConvertsAndRefusesWhileADaemonHoldsTheLock/a_conversion_refuses_when_the_acceptance_could_not_be_reported (0.24s)
    --- PASS: TestDeliveryOfflineTool_ConvertsAndRefusesWhileADaemonHoldsTheLock/a_check_whose_report_was_lost_still_reports_nothing_written (0.16s)
    --- PASS: TestDeliveryOfflineTool_ConvertsAndRefusesWhileADaemonHoldsTheLock/the_accepted-lines_re-read_refuses_a_from_past_the_file's_end (0.11s)
    --- PASS: TestDeliveryOfflineTool_ConvertsAndRefusesWhileADaemonHoldsTheLock/a_confirmed_torn_slot_accepts_the_complete_tail_and_names_it (0.21s)
=== RUN   TestDeliverySeal_OlderSlotMustSealAJournalPrefix
=== RUN   TestDeliverySeal_OlderSlotMustSealAJournalPrefix/an_older_record_that_seals_a_real_prefix_opens
=== RUN   TestDeliverySeal_OlderSlotMustSealAJournalPrefix/a_count_the_journal_never_had_at_those_bytes_refuses
=== RUN   TestDeliverySeal_OlderSlotMustSealAJournalPrefix/a_chain_the_journal_never_had_at_those_bytes_refuses
=== RUN   TestDeliverySeal_OlderSlotMustSealAJournalPrefix/bytes_that_fall_inside_a_line_rather_than_after_one_refuses
=== RUN   TestDeliverySeal_OlderSlotMustSealAJournalPrefix/bytes_of_one_boundary_with_the_count_of_another_refuses
=== RUN   TestDeliverySeal_OlderSlotMustSealAJournalPrefix/the_acknowledgement_journal_checks_its_own_older_record
--- PASS: TestDeliverySeal_OlderSlotMustSealAJournalPrefix (1.18s)
    --- PASS: TestDeliverySeal_OlderSlotMustSealAJournalPrefix/an_older_record_that_seals_a_real_prefix_opens (0.20s)
    --- PASS: TestDeliverySeal_OlderSlotMustSealAJournalPrefix/a_count_the_journal_never_had_at_those_bytes_refuses (0.16s)
    --- PASS: TestDeliverySeal_OlderSlotMustSealAJournalPrefix/a_chain_the_journal_never_had_at_those_bytes_refuses (0.16s)
    --- PASS: TestDeliverySeal_OlderSlotMustSealAJournalPrefix/bytes_that_fall_inside_a_line_rather_than_after_one_refuses (0.18s)
    --- PASS: TestDeliverySeal_OlderSlotMustSealAJournalPrefix/bytes_of_one_boundary_with_the_count_of_another_refuses (0.25s)
    --- PASS: TestDeliverySeal_OlderSlotMustSealAJournalPrefix/the_acknowledgement_journal_checks_its_own_older_record (0.23s)
=== RUN   TestDeliverySegments_InitActiveZeroAndReopen
--- PASS: TestDeliverySegments_InitActiveZeroAndReopen (0.02s)
=== RUN   TestDeliverySegments_SeventyTransitionsAndReopen
--- PASS: TestDeliverySegments_SeventyTransitionsAndReopen (1.27s)
=== RUN   TestDeliverySegments_HeadLossWithLogIsUnavailable
--- PASS: TestDeliverySegments_HeadLossWithLogIsUnavailable (0.03s)
=== RUN   TestDeliverySegments_CompleteTailAdoptedNeverReverts
--- PASS: TestDeliverySegments_CompleteTailAdoptedNeverReverts (0.05s)
=== RUN   TestDeliverySegments_TornTailPreservedAndUnavailable
--- PASS: TestDeliverySegments_TornTailPreservedAndUnavailable (0.04s)
=== RUN   TestDeliverySegments_ConflictingHeadIsRefused
=== RUN   TestDeliverySegments_ConflictingHeadIsRefused/log_bytes_past_eof
=== RUN   TestDeliverySegments_ConflictingHeadIsRefused/active_disagrees_with_record
=== RUN   TestDeliverySegments_ConflictingHeadIsRefused/last_len_past_log_bytes
--- PASS: TestDeliverySegments_ConflictingHeadIsRefused (0.12s)
    --- PASS: TestDeliverySegments_ConflictingHeadIsRefused/log_bytes_past_eof (0.04s)
    --- PASS: TestDeliverySegments_ConflictingHeadIsRefused/active_disagrees_with_record (0.04s)
    --- PASS: TestDeliverySegments_ConflictingHeadIsRefused/last_len_past_log_bytes (0.04s)
=== RUN   TestDeliverySegments_CommitRequiresActiveZeroAndAdvances
--- PASS: TestDeliverySegments_CommitRequiresActiveZeroAndAdvances (0.03s)
=== RUN   TestDeliverySegments_CreateFreshSegmentIdempotentAndConflict
--- PASS: TestDeliverySegments_CreateFreshSegmentIdempotentAndConflict (0.04s)
=== RUN   TestDeliveryTerminal_ArchivedDenialSettlesOrderingWithoutCaptureAck
=== PAUSE TestDeliveryTerminal_ArchivedDenialSettlesOrderingWithoutCaptureAck
=== RUN   TestDeliveryTerminal_RotationDefersDispositionWithoutDeadlock
=== PAUSE TestDeliveryTerminal_RotationDefersDispositionWithoutDeadlock
=== RUN   TestDeliveryTerminal_DrainAfterPhysicalScopeChanges
--- PASS: TestDeliveryTerminal_DrainAfterPhysicalScopeChanges (0.34s)
=== RUN   TestDeliveryTerminal_RetirementBeforeOffsetSurvivesRestart
--- PASS: TestDeliveryTerminal_RetirementBeforeOffsetSurvivesRestart (0.38s)
=== RUN   TestDeliveryTerminal_UnprovedPolicyAndUnavailableJournalRemainPending
=== RUN   TestDeliveryTerminal_UnprovedPolicyAndUnavailableJournalRemainPending/policy_unavailable
=== RUN   TestDeliveryTerminal_UnprovedPolicyAndUnavailableJournalRemainPending/journal_unavailable
=== RUN   TestDeliveryTerminal_UnprovedPolicyAndUnavailableJournalRemainPending/binding_conflict
--- PASS: TestDeliveryTerminal_UnprovedPolicyAndUnavailableJournalRemainPending (0.52s)
    --- PASS: TestDeliveryTerminal_UnprovedPolicyAndUnavailableJournalRemainPending/policy_unavailable (0.16s)
    --- PASS: TestDeliveryTerminal_UnprovedPolicyAndUnavailableJournalRemainPending/journal_unavailable (0.17s)
    --- PASS: TestDeliveryTerminal_UnprovedPolicyAndUnavailableJournalRemainPending/binding_conflict (0.19s)
=== RUN   TestDeliveryTerminal_LiveQueuePolicyChangeCreatesNoCapture
--- PASS: TestDeliveryTerminal_LiveQueuePolicyChangeCreatesNoCapture (0.16s)
=== RUN   TestDeliveryTerminal_DrainWaitsForLivePublicationOwner
--- PASS: TestDeliveryTerminal_DrainWaitsForLivePublicationOwner (0.30s)
=== RUN   TestDeliveryTerminal_RestartRetainsDenialWithoutCaptureACK
--- PASS: TestDeliveryTerminal_RestartRetainsDenialWithoutCaptureACK (0.21s)
=== RUN   TestDeliveryTerminal_RejectsUnknownOrChangedLease
--- PASS: TestDeliveryTerminal_RejectsUnknownOrChangedLease (0.10s)
=== RUN   TestDeliveryTerminal_MalformedEvidenceIsPreservedAndUnavailable
--- PASS: TestDeliveryTerminal_MalformedEvidenceIsPreservedAndUnavailable (0.25s)
=== RUN   TestDeliveryTerminal_StagingArtifactIsNotACompletion
--- PASS: TestDeliveryTerminal_StagingArtifactIsNotACompletion (0.20s)
=== RUN   TestDispatchOp_AReplayIsNotAServedRequest
--- PASS: TestDispatchOp_AReplayIsNotAServedRequest (0.01s)
=== RUN   TestDrainDoesNotRedeliverAnAcknowledgedClientCopy
--- PASS: TestDrainDoesNotRedeliverAnAcknowledgedClientCopy (0.21s)
=== RUN   TestDrainSkipsAnUnadmittableRecordAndDeliversWhatFollows
--- PASS: TestDrainSkipsAnUnadmittableRecordAndDeliversWhatFollows (0.21s)
=== RUN   TestDrainReportsADeniedRecordAsAGapAndMovesOn
--- PASS: TestDrainReportsADeniedRecordAsAGapAndMovesOn (0.16s)
=== RUN   TestDrainPersistsADegradedCaptureAsEvidence
--- PASS: TestDrainPersistsADegradedCaptureAsEvidence (0.19s)
=== RUN   TestDrain_ControlLinesPublishNoCaptureSidecar
=== RUN   TestDrain_ControlLinesPublishNoCaptureSidecar/flush
=== RUN   TestDrain_ControlLinesPublishNoCaptureSidecar/checkpoint
=== RUN   TestDrain_ControlLinesPublishNoCaptureSidecar/session.start
--- PASS: TestDrain_ControlLinesPublishNoCaptureSidecar (0.79s)
    --- PASS: TestDrain_ControlLinesPublishNoCaptureSidecar/flush (0.30s)
    --- PASS: TestDrain_ControlLinesPublishNoCaptureSidecar/checkpoint (0.26s)
    --- PASS: TestDrain_ControlLinesPublishNoCaptureSidecar/session.start (0.23s)
=== RUN   TestNewDrainerIssuesTheRealSyncsByDefault
--- PASS: TestNewDrainerIssuesTheRealSyncsByDefault (0.00s)
=== RUN   TestDrainTakesNothingOfAFreshSegmentBeforeItsFirstSyncReturns
--- PASS: TestDrainTakesNothingOfAFreshSegmentBeforeItsFirstSyncReturns (0.20s)
=== RUN   TestDrainReadsAHeldSegmentNoFurtherThanItsStat
--- PASS: TestDrainReadsAHeldSegmentNoFurtherThanItsStat (0.07s)
=== RUN   TestDrainLeavesBytesAppendedAfterItsSyncForTheNextPass
--- PASS: TestDrainLeavesBytesAppendedAfterItsSyncForTheNextPass (0.09s)
=== RUN   TestDrainFsyncsASpoolFileOnAHandleOfItsOwnBeforeItsFirstDispatch
--- PASS: TestDrainFsyncsASpoolFileOnAHandleOfItsOwnBeforeItsFirstDispatch (0.08s)
=== RUN   TestDrainCountsTheBytesOfAFileItCouldNotSyncAsPending
--- PASS: TestDrainCountsTheBytesOfAFileItCouldNotSyncAsPending (0.11s)
=== RUN   TestDrainSyncsTheSpoolDirectoryOncePerPassBeforeItConsumesASyncedFile
--- PASS: TestDrainSyncsTheSpoolDirectoryOncePerPassBeforeItConsumesASyncedFile (0.26s)
=== RUN   TestDrainAnnouncesAFileItCannotSyncOncePerFailure
--- PASS: TestDrainAnnouncesAFileItCannotSyncOncePerFailure (0.12s)
=== RUN   TestDrainRecoversFromACrashThatTookAHeldSegmentsUnsyncedTail
--- PASS: TestDrainRecoversFromACrashThatTookAHeldSegmentsUnsyncedTail (0.13s)
=== RUN   TestDrainRefusesProgressWhoseFileLostItsDurableBytes
=== RUN   TestDrainRefusesProgressWhoseFileLostItsDurableBytes/a_file_truncated_below_the_bytes_the_drain_consumed
=== RUN   TestDrainRefusesProgressWhoseFileLostItsDurableBytes/a_file_replaced_by_different_bytes,_short_of_the_bound_its_progress_names
=== RUN   TestDrainRefusesProgressWhoseFileLostItsDurableBytes/a_held_segment_that_comes_back_short_of_the_synced_size_it_recorded
--- PASS: TestDrainRefusesProgressWhoseFileLostItsDurableBytes (0.14s)
    --- PASS: TestDrainRefusesProgressWhoseFileLostItsDurableBytes/a_file_truncated_below_the_bytes_the_drain_consumed (0.06s)
    --- PASS: TestDrainRefusesProgressWhoseFileLostItsDurableBytes/a_file_replaced_by_different_bytes,_short_of_the_bound_its_progress_names (0.04s)
    --- PASS: TestDrainRefusesProgressWhoseFileLostItsDurableBytes/a_held_segment_that_comes_back_short_of_the_synced_size_it_recorded (0.04s)
=== RUN   TestDrainConsumesNothingOfAFileWhoseFsyncFailed
--- PASS: TestDrainConsumesNothingOfAFileWhoseFsyncFailed (0.05s)
=== RUN   TestDrainConsumesNothingWhenItCannotCloseTheHandleItSynced
--- PASS: TestDrainConsumesNothingWhenItCannotCloseTheHandleItSynced (0.05s)
=== RUN   TestDrainSyncNeverCreatesASpoolFileThatIsGone
--- PASS: TestDrainSyncNeverCreatesASpoolFileThatIsGone (0.09s)
=== RUN   TestIngest_SyncedWALAdvancesOnlyPastASyncThatReturned
=== RUN   TestIngest_SyncedWALAdvancesOnlyPastASyncThatReturned/a_batch_in_flight_adds_nothing_until_its_Sync_returns
=== RUN   TestIngest_SyncedWALAdvancesOnlyPastASyncThatReturned/a_failed_Sync_freezes_it_until_a_segment_is_opened
=== RUN   TestIngest_SyncedWALAdvancesOnlyPastASyncThatReturned/a_segment_closed_by_CloseSession_or_Close_is_not_held
=== RUN   TestIngest_SyncedWALAdvancesOnlyPastASyncThatReturned/a_segment_opened_over_bytes_it_did_not_write_counts_none_of_them_synced
=== RUN   TestIngest_SyncedWALAdvancesOnlyPastASyncThatReturned/a_Sync_that_panics_freezes_it
--- PASS: TestIngest_SyncedWALAdvancesOnlyPastASyncThatReturned (0.09s)
    --- PASS: TestIngest_SyncedWALAdvancesOnlyPastASyncThatReturned/a_batch_in_flight_adds_nothing_until_its_Sync_returns (0.03s)
    --- PASS: TestIngest_SyncedWALAdvancesOnlyPastASyncThatReturned/a_failed_Sync_freezes_it_until_a_segment_is_opened (0.03s)
    --- PASS: TestIngest_SyncedWALAdvancesOnlyPastASyncThatReturned/a_segment_closed_by_CloseSession_or_Close_is_not_held (0.02s)
    --- PASS: TestIngest_SyncedWALAdvancesOnlyPastASyncThatReturned/a_segment_opened_over_bytes_it_did_not_write_counts_none_of_them_synced (0.01s)
    --- PASS: TestIngest_SyncedWALAdvancesOnlyPastASyncThatReturned/a_Sync_that_panics_freezes_it (0.01s)
=== RUN   TestDrainNeverLeasesAWALLineBeforeItsSyncReturns
=== RUN   TestDrainNeverLeasesAWALLineBeforeItsSyncReturns/wired_as_the_daemon_wires_it,_a_pass_takes_nothing_past_the_synced_size
=== RUN   TestDrainNeverLeasesAWALLineBeforeItsSyncReturns/a_drainer_with_no_ingest_behind_it_syncs_the_segment_before_it_leases
--- PASS: TestDrainNeverLeasesAWALLineBeforeItsSyncReturns (0.37s)
    --- PASS: TestDrainNeverLeasesAWALLineBeforeItsSyncReturns/wired_as_the_daemon_wires_it,_a_pass_takes_nothing_past_the_synced_size (0.21s)
    --- PASS: TestDrainNeverLeasesAWALLineBeforeItsSyncReturns/a_drainer_with_no_ingest_behind_it_syncs_the_segment_before_it_leases (0.16s)
=== RUN   TestDrainSyncsAFileTheIngestDoesNotHoldBeforeItsFirstLease
--- PASS: TestDrainSyncsAFileTheIngestDoesNotHoldBeforeItsFirstLease (0.43s)
=== RUN   TestDrainLeasesNothingFromAFileItCouldNotSync
--- PASS: TestDrainLeasesNothingFromAFileItCouldNotSync (0.23s)
=== RUN   TestDrainSyncsASpoolFileAHookStillHasOpen
--- PASS: TestDrainSyncsASpoolFileAHookStillHasOpen (0.07s)
=== RUN   TestDrainOrder_ClientSpoolsReplayByFirstRecordHostTS
--- PASS: TestDrainOrder_ClientSpoolsReplayByFirstRecordHostTS (0.07s)
=== RUN   TestDrainOrder_PartlyConsumedClientSpoolOrdersByNextRecord
--- PASS: TestDrainOrder_PartlyConsumedClientSpoolOrdersByNextRecord (0.04s)
=== RUN   TestCarriedDefect_SP05D1_IdleBudgetExpiryLeavesInterruptedLinePending
=== RUN   TestCarriedDefect_SP05D1_IdleBudgetExpiryLeavesInterruptedLinePending/restart_redelivers_the_interrupted_line
=== RUN   TestCarriedDefect_SP05D1_IdleBudgetExpiryLeavesInterruptedLinePending/same_process_retries_the_interrupted_line
--- PASS: TestCarriedDefect_SP05D1_IdleBudgetExpiryLeavesInterruptedLinePending (0.10s)
    --- PASS: TestCarriedDefect_SP05D1_IdleBudgetExpiryLeavesInterruptedLinePending/restart_redelivers_the_interrupted_line (0.06s)
    --- PASS: TestCarriedDefect_SP05D1_IdleBudgetExpiryLeavesInterruptedLinePending/same_process_retries_the_interrupted_line (0.04s)
=== RUN   TestIdleDrain_ALineSlowerThanTheIdleBudgetIsPublishedAndDoesNotStrandTheRest
--- PASS: TestIdleDrain_ALineSlowerThanTheIdleBudgetIsPublishedAndDoesNotStrandTheRest (3.42s)
=== RUN   TestDrainKeepsTheWALTheIngestHoldsForAnUnregisteredSession
=== PAUSE TestDrainKeepsTheWALTheIngestHoldsForAnUnregisteredSession
=== RUN   TestDrainKeepsTheWALOfASessionLiveByTrafficAlone
=== PAUSE TestDrainKeepsTheWALOfASessionLiveByTrafficAlone
=== RUN   TestDrainDoesNotRemoveAWALThatGrewBeforeTheRemovalDecision
=== PAUSE TestDrainDoesNotRemoveAWALThatGrewBeforeTheRemovalDecision
=== RUN   TestDrainPassIsBoundedByItsOwnSnapshotOfAGrowingSpoolFile
=== PAUSE TestDrainPassIsBoundedByItsOwnSnapshotOfAGrowingSpoolFile
=== RUN   TestDrainRemovesClosedRotatedSegmentsAndKeepsTheHeldOne
=== PAUSE TestDrainRemovesClosedRotatedSegmentsAndKeepsTheHeldOne
=== RUN   TestStragglerAfterSessionEndIsNotLostWithItsReopenedSegment
=== PAUSE TestStragglerAfterSessionEndIsNotLostWithItsReopenedSegment
=== RUN   TestIngestRemoveDrainedWALRefusesHeldAndGrownSegments
=== PAUSE TestIngestRemoveDrainedWALRefusesHeldAndGrownSegments
=== RUN   TestIngestHoldsWALAnswersForTheCurrentSegmentOnly
=== PAUSE TestIngestHoldsWALAnswersForTheCurrentSegmentOnly
=== RUN   TestSP08D3_PartlyConsumedReusedSpoolReplaysInHostOrder
--- PASS: TestSP08D3_PartlyConsumedReusedSpoolReplaysInHostOrder (0.36s)
=== RUN   TestSP08D3_ReusedSpoolWithinOnePassIsNamed
--- PASS: TestSP08D3_ReusedSpoolWithinOnePassIsNamed (0.44s)
=== RUN   TestCarriedDefect_SP08D3_ReplayedPromptIsCapturedAtTurnZero
--- PASS: TestCarriedDefect_SP08D3_ReplayedPromptIsCapturedAtTurnZero (0.34s)
=== RUN   TestCarriedDefect_SP08D3_SpooledHostFirstPromptLosesTurnZero
=== RUN   TestCarriedDefect_SP08D3_SpooledHostFirstPromptLosesTurnZero/live_second
=== RUN   TestCarriedDefect_SP08D3_SpooledHostFirstPromptLosesTurnZero/spool_file_order
--- PASS: TestCarriedDefect_SP08D3_SpooledHostFirstPromptLosesTurnZero (0.71s)
    --- PASS: TestCarriedDefect_SP08D3_SpooledHostFirstPromptLosesTurnZero/live_second (0.36s)
    --- PASS: TestCarriedDefect_SP08D3_SpooledHostFirstPromptLosesTurnZero/spool_file_order (0.35s)
=== RUN   TestSP08D3_DistinctSameTextRepliesStayDistinct
--- PASS: TestSP08D3_DistinctSameTextRepliesStayDistinct (0.40s)
=== RUN   TestSP08D3_CaptureFailureIsNotAcknowledged
--- PASS: TestSP08D3_CaptureFailureIsNotAcknowledged (0.21s)
=== RUN   TestSP08D3_ReplayThroughRunIngestedEmitsNoOutput
--- PASS: TestSP08D3_ReplayThroughRunIngestedEmitsNoOutput (0.10s)
=== RUN   TestDrainRoundTripsACleanupIntentThroughTheRecordCodec
=== RUN   TestDrainRoundTripsACleanupIntentThroughTheRecordCodec/the_intents_a_record_holds_survive_the_write_and_the_read
=== RUN   TestDrainRoundTripsACleanupIntentThroughTheRecordCodec/a_later_pass_removes_the_blob_an_inherited_intent_names
--- PASS: TestDrainRoundTripsACleanupIntentThroughTheRecordCodec (0.07s)
    --- PASS: TestDrainRoundTripsACleanupIntentThroughTheRecordCodec/the_intents_a_record_holds_survive_the_write_and_the_read (0.03s)
    --- PASS: TestDrainRoundTripsACleanupIntentThroughTheRecordCodec/a_later_pass_removes_the_blob_an_inherited_intent_names (0.04s)
=== RUN   TestDrainKeepsTheDurableBoundItRecordedWhenASegmentIsReopenedBelowIt
--- PASS: TestDrainKeepsTheDurableBoundItRecordedWhenASegmentIsReopenedBelowIt (0.06s)
=== RUN   TestDrainDoesNotKeepARawStatBoundItDidNotRecord
=== RUN   TestDrainDoesNotKeepARawStatBoundItDidNotRecord/a_record_written_before_the_mark,_whose_size_names_the_unsynced_tail
=== RUN   TestDrainDoesNotKeepARawStatBoundItDidNotRecord/a_record_this_code_wrote,_whose_size_names_only_durable_bytes
--- PASS: TestDrainDoesNotKeepARawStatBoundItDidNotRecord (0.15s)
    --- PASS: TestDrainDoesNotKeepARawStatBoundItDidNotRecord/a_record_written_before_the_mark,_whose_size_names_the_unsynced_tail (0.09s)
    --- PASS: TestDrainDoesNotKeepARawStatBoundItDidNotRecord/a_record_this_code_wrote,_whose_size_names_only_durable_bytes (0.05s)
=== RUN   TestDrainWritesALoadableRecordWhenAFileShrinksUnderThePass
--- PASS: TestDrainWritesALoadableRecordWhenAFileShrinksUnderThePass (0.12s)
=== RUN   TestDrainDoesNotMarkASizeThatRestsOnALegacyOffset
--- PASS: TestDrainDoesNotMarkASizeThatRestsOnALegacyOffset (0.11s)
=== RUN   TestDrainKeepsTheProvenanceOfARecordItDidNotVisit
--- PASS: TestDrainKeepsTheProvenanceOfARecordItDidNotVisit (0.06s)
=== RUN   TestDrainRejectedResponseIsRetryableAfterRestart
--- PASS: TestDrainRejectedResponseIsRetryableAfterRestart (0.07s)
=== RUN   TestDrainCanceledRejectedHandlerLeavesCurrentLinePending
--- PASS: TestDrainCanceledRejectedHandlerLeavesCurrentLinePending (0.06s)
=== RUN   TestDrainTrailingIncompleteLineWaitsForCompletion
--- PASS: TestDrainTrailingIncompleteLineWaitsForCompletion (0.07s)
=== RUN   TestDrainLoadStateTreatsAFileParentAsNoState
--- PASS: TestDrainLoadStateTreatsAFileParentAsNoState (0.00s)
=== RUN   TestDrainStatePersistenceFailurePreservesSpool
--- PASS: TestDrainStatePersistenceFailurePreservesSpool (0.04s)
=== RUN   TestDrainRejectedBlobResponseRetainsBlobForRestart
--- PASS: TestDrainRejectedBlobResponseRetainsBlobForRestart (0.08s)
=== RUN   TestDrainRestartCleansPersistedBlobWithoutRedispatching
--- PASS: TestDrainRestartCleansPersistedBlobWithoutRedispatching (0.04s)
=== RUN   TestDrainRestartCleansPriorBlobBeforeRetryingLaterRejectedLine
--- PASS: TestDrainRestartCleansPriorBlobBeforeRetryingLaterRejectedLine (0.07s)
=== RUN   TestDrainWindowsOpenBlobRetainsCleanupIntent
--- PASS: TestDrainWindowsOpenBlobRetainsCleanupIntent (0.05s)
=== RUN   TestDrainCrossFileSharedBlobWaitsForLaterRetry
--- PASS: TestDrainCrossFileSharedBlobWaitsForLaterRetry (0.12s)
=== RUN   TestDrainFreshSeenMayRedeliverWithoutPersistedOffset
--- PASS: TestDrainFreshSeenMayRedeliverWithoutPersistedOffset (0.03s)
=== RUN   TestDrainRejectsInvalidPersistedStateBeforeTouchingRecoveryResources
=== RUN   TestDrainRejectsInvalidPersistedStateBeforeTouchingRecoveryResources/malformed
=== RUN   TestDrainRejectsInvalidPersistedStateBeforeTouchingRecoveryResources/null_state
=== RUN   TestDrainRejectsInvalidPersistedStateBeforeTouchingRecoveryResources/null_file_entry
=== RUN   TestDrainRejectsInvalidPersistedStateBeforeTouchingRecoveryResources/negative_offset
=== RUN   TestDrainRejectsInvalidPersistedStateBeforeTouchingRecoveryResources/offset_beyond_spool_size
=== RUN   TestDrainRejectsInvalidPersistedStateBeforeTouchingRecoveryResources/done_without_complete_offset
--- PASS: TestDrainRejectsInvalidPersistedStateBeforeTouchingRecoveryResources (0.10s)
    --- PASS: TestDrainRejectsInvalidPersistedStateBeforeTouchingRecoveryResources/malformed (0.02s)
    --- PASS: TestDrainRejectsInvalidPersistedStateBeforeTouchingRecoveryResources/null_state (0.01s)
    --- PASS: TestDrainRejectsInvalidPersistedStateBeforeTouchingRecoveryResources/null_file_entry (0.02s)
    --- PASS: TestDrainRejectsInvalidPersistedStateBeforeTouchingRecoveryResources/negative_offset (0.02s)
    --- PASS: TestDrainRejectsInvalidPersistedStateBeforeTouchingRecoveryResources/offset_beyond_spool_size (0.02s)
    --- PASS: TestDrainRejectsInvalidPersistedStateBeforeTouchingRecoveryResources/done_without_complete_offset (0.01s)
=== RUN   TestDrainKeepsItsProgressLoadableWhenAStragglerReopensADrainedSegment
--- PASS: TestDrainKeepsItsProgressLoadableWhenAStragglerReopensADrainedSegment (0.13s)
=== RUN   TestCarriedDefect_SP08D2_ReusedLeaseRedeliveryIsNotIdempotent
--- PASS: TestCarriedDefect_SP08D2_ReusedLeaseRedeliveryIsNotIdempotent (0.70s)
=== RUN   TestDrainForgetsAFileDurablyBeforeUnlinkingIt
=== PAUSE TestDrainForgetsAFileDurablyBeforeUnlinkingIt
=== RUN   TestDrainCrashAtTheUnlinkLeavesNoProgressForARecreatedSegment
=== PAUSE TestDrainCrashAtTheUnlinkLeavesNoProgressForARecreatedSegment
=== RUN   TestDrainRestoresProgressWhenItDoesNotRemoveTheFile
=== PAUSE TestDrainRestoresProgressWhenItDoesNotRemoveTheFile
=== RUN   TestDrainDoesNotForgetASegmentTheIngestHolds
=== PAUSE TestDrainDoesNotForgetASegmentTheIngestHolds
=== RUN   TestDrainCrashBetweenForgettingAndUnlinkingReplaysOnlyWhatTheFrontierLacks
--- PASS: TestDrainCrashBetweenForgettingAndUnlinkingReplaysOnlyWhatTheFrontierLacks (0.24s)
=== RUN   TestDrainStartupForgetsStaleProgressBeforeTheSessionRecreatesItsSegment
=== PAUSE TestDrainStartupForgetsStaleProgressBeforeTheSessionRecreatesItsSegment
=== RUN   TestDrainForgetsReleasedProgressForMissingFilesBeforeReadingAny
=== PAUSE TestDrainForgetsReleasedProgressForMissingFilesBeforeReadingAny
=== RUN   TestDrainForgetsAFileAlreadyGoneAtItsRemoval
=== PAUSE TestDrainForgetsAFileAlreadyGoneAtItsRemoval
=== RUN   TestDrainKeepsProgressWhenItCannotPersistTheForgetting
=== PAUSE TestDrainKeepsProgressWhenItCannotPersistTheForgetting
=== RUN   TestDrainRejectsMismatchedProgressBeforePruningIt
=== PAUSE TestDrainRejectsMismatchedProgressBeforePruningIt
=== RUN   TestDrainKeepsCleanupIntentsForAFileDeletedAfterTheListing
=== PAUSE TestDrainKeepsCleanupIntentsForAFileDeletedAfterTheListing
=== RUN   TestDrainPersistsPerFileBeforeMovingOn
=== PAUSE TestDrainPersistsPerFileBeforeMovingOn
=== RUN   TestDrainPersistsAFileBeforeCleaningUpItsBlobs
=== PAUSE TestDrainPersistsAFileBeforeCleaningUpItsBlobs
=== RUN   TestDrainIsIdempotent
=== PAUSE TestDrainIsIdempotent
=== RUN   TestDrainResumesAfterCancel
=== PAUSE TestDrainResumesAfterCancel
=== RUN   TestDrainResolvesBlobs
=== PAUSE TestDrainResolvesBlobs
=== RUN   TestDrainSurvivesCorruptLine
=== PAUSE TestDrainSurvivesCorruptLine
=== RUN   TestDrainKeepsLiveSessionWAL
=== PAUSE TestDrainKeepsLiveSessionWAL
=== RUN   TestDrainNotesAStaleProgressOnceThenClears
=== PAUSE TestDrainNotesAStaleProgressOnceThenClears
=== RUN   TestWalSessionID
=== PAUSE TestWalSessionID
=== RUN   TestFlush_SessionEndIsOrderedAfterAcceptedArrivals
=== RUN   TestFlush_SessionEndIsOrderedAfterAcceptedArrivals/queued_job_no_worker_has_reached
=== RUN   TestFlush_SessionEndIsOrderedAfterAcceptedArrivals/one_worker_busy_on_another_session
--- PASS: TestFlush_SessionEndIsOrderedAfterAcceptedArrivals (1.50s)
    --- PASS: TestFlush_SessionEndIsOrderedAfterAcceptedArrivals/queued_job_no_worker_has_reached (0.79s)
    --- PASS: TestFlush_SessionEndIsOrderedAfterAcceptedArrivals/one_worker_busy_on_another_session (0.70s)
=== RUN   TestFlush_AnswersOnceDurableNotAfterSessionEnd
--- PASS: TestFlush_AnswersOnceDurableNotAfterSessionEnd (0.34s)
=== RUN   TestFlush_AReplyCallerStillWaitsForTheSessionEnd
--- PASS: TestFlush_AReplyCallerStillWaitsForTheSessionEnd (0.35s)
=== RUN   TestFlush_AnAcceptedFlushSurvivesACrashBeforeTheEnd
--- PASS: TestFlush_AnAcceptedFlushSurvivesACrashBeforeTheEnd (0.36s)
=== RUN   TestFlush_TheHookSpooledCopyOfAnAcceptedFlushEndsTheSessionOnce
--- PASS: TestFlush_TheHookSpooledCopyOfAnAcceptedFlushEndsTheSessionOnce (0.38s)
=== RUN   TestFlush_ADrainedFlushSettlesUpToItsOwnArrival
--- PASS: TestFlush_ADrainedFlushSettlesUpToItsOwnArrival (0.43s)
=== RUN   TestStop_FinishesAnAcceptedSessionEndBeforeItReturns
--- PASS: TestStop_FinishesAnAcceptedSessionEndBeforeItReturns (0.53s)
=== RUN   TestSessionRecovery_ConcurrentEndsLoseNoMarker
--- PASS: TestSessionRecovery_ConcurrentEndsLoseNoMarker (1.00s)
=== RUN   TestFlush_AFlushAcknowledgedDuringShutdownIsMarkedForRecovery
--- PASS: TestFlush_AFlushAcknowledgedDuringShutdownIsMarkedForRecovery (0.20s)
=== RUN   TestStop_IsNotHeldBehindASessionEndsDrain
--- PASS: TestStop_IsNotHeldBehindASessionEndsDrain (0.69s)
=== RUN   TestDrain_AReplayedFlushIsEndedOnItsOwnNotUnderThePassBudget
--- PASS: TestDrain_AReplayedFlushIsEndedOnItsOwnNotUnderThePassBudget (0.35s)
=== RUN   TestDrain_AFlushEndedFromABudgetedPassRunsItsDrainsWithoutThatBudget
--- PASS: TestDrain_AFlushEndedFromABudgetedPassRunsItsDrainsWithoutThatBudget (0.51s)
=== RUN   TestFlushRoute_AReplayedSessionEndCutShortIsNotAcknowledged
--- PASS: TestFlushRoute_AReplayedSessionEndCutShortIsNotAcknowledged (0.29s)
=== RUN   TestDrain_AReplayedFlushIsEndedInlineWhereNoEndMayStart
=== RUN   TestDrain_AReplayedFlushIsEndedInlineWhereNoEndMayStart/Stop_has_closed_the_gate
=== RUN   TestDrain_AReplayedFlushIsEndedInlineWhereNoEndMayStart/a_session_end's_own_drain
--- PASS: TestDrain_AReplayedFlushIsEndedInlineWhereNoEndMayStart (0.68s)
    --- PASS: TestDrain_AReplayedFlushIsEndedInlineWhereNoEndMayStart/Stop_has_closed_the_gate (0.34s)
    --- PASS: TestDrain_AReplayedFlushIsEndedInlineWhereNoEndMayStart/a_session_end's_own_drain (0.34s)
=== RUN   TestGroupQueue_FIFOBatchesEachRequestCommittedOnce
=== RUN   TestGroupQueue_FIFOBatchesEachRequestCommittedOnce/batches_are_the_longest_FIFO_prefixes_within_the_caps
=== RUN   TestGroupQueue_FIFOBatchesEachRequestCommittedOnce/concurrent_callers_are_each_committed_once_by_one_serial_leader_per_batch
=== RUN   TestGroupQueue_FIFOBatchesEachRequestCommittedOnce/the_zero_value_commits_one_request_per_batch
=== RUN   TestGroupQueue_FIFOBatchesEachRequestCommittedOnce/the_caps_hold_at_extreme_estimates_and_at_their_edges
=== RUN   TestGroupQueue_FIFOBatchesEachRequestCommittedOnce/a_drained_queue_keeps_nothing_it_cut_reachable
--- PASS: TestGroupQueue_FIFOBatchesEachRequestCommittedOnce (0.03s)
    --- PASS: TestGroupQueue_FIFOBatchesEachRequestCommittedOnce/batches_are_the_longest_FIFO_prefixes_within_the_caps (0.00s)
    --- PASS: TestGroupQueue_FIFOBatchesEachRequestCommittedOnce/concurrent_callers_are_each_committed_once_by_one_serial_leader_per_batch (0.02s)
    --- PASS: TestGroupQueue_FIFOBatchesEachRequestCommittedOnce/the_zero_value_commits_one_request_per_batch (0.00s)
    --- PASS: TestGroupQueue_FIFOBatchesEachRequestCommittedOnce/the_caps_hold_at_extreme_estimates_and_at_their_edges (0.00s)
    --- PASS: TestGroupQueue_FIFOBatchesEachRequestCommittedOnce/a_drained_queue_keeps_nothing_it_cut_reachable (0.00s)
=== RUN   TestGroupQueue_PanicInCommitHandsOffWithoutDeadlock
--- PASS: TestGroupQueue_PanicInCommitHandsOffWithoutDeadlock (0.02s)
=== RUN   TestGroupQueue_UnassignedResultStaysAFailure
=== RUN   TestGroupQueue_UnassignedResultStaysAFailure/commit_returns_early
=== RUN   TestGroupQueue_UnassignedResultStaysAFailure/commit_resolves_a_prefix_and_returns
=== RUN   TestGroupQueue_UnassignedResultStaysAFailure/commit_panics
=== RUN   TestGroupQueue_UnassignedResultStaysAFailure/commit_resolves_a_prefix_and_panics
=== RUN   TestGroupQueue_UnassignedResultStaysAFailure/commit_resolves_every_member_(control)
--- PASS: TestGroupQueue_UnassignedResultStaysAFailure (0.00s)
    --- PASS: TestGroupQueue_UnassignedResultStaysAFailure/commit_returns_early (0.00s)
    --- PASS: TestGroupQueue_UnassignedResultStaysAFailure/commit_resolves_a_prefix_and_returns (0.00s)
    --- PASS: TestGroupQueue_UnassignedResultStaysAFailure/commit_panics (0.00s)
    --- PASS: TestGroupQueue_UnassignedResultStaysAFailure/commit_resolves_a_prefix_and_panics (0.00s)
    --- PASS: TestGroupQueue_UnassignedResultStaysAFailure/commit_resolves_every_member_(control) (0.00s)
=== RUN   TestCarriedDefect_SP20D6_GatedBASampleIncludesThePreACKHandler
=== RUN   TestCarriedDefect_SP20D6_GatedBASampleIncludesThePreACKHandler/the_gated_sample_includes_the_handler_the_hook_waits_on
=== RUN   TestCarriedDefect_SP20D6_GatedBASampleIncludesThePreACKHandler/the_ack_byte_is_observed_only_after_the_handler_returned
--- PASS: TestCarriedDefect_SP20D6_GatedBASampleIncludesThePreACKHandler (0.02s)
    --- PASS: TestCarriedDefect_SP20D6_GatedBASampleIncludesThePreACKHandler/the_gated_sample_includes_the_handler_the_hook_waits_on (0.01s)
    --- PASS: TestCarriedDefect_SP20D6_GatedBASampleIncludesThePreACKHandler/the_ack_byte_is_observed_only_after_the_handler_returned (0.00s)
=== RUN   TestIdleRunsByPriority
=== PAUSE TestIdleRunsByPriority
=== RUN   TestIdleRespectsBudget
=== PAUSE TestIdleRespectsBudget
=== RUN   TestIdleTaskPanicIsolated
=== PAUSE TestIdleTaskPanicIsolated
=== RUN   TestIdleTaskErrorIsNotFatal
=== PAUSE TestIdleTaskErrorIsNotFatal
=== RUN   TestIsIdleUsesDetectAfterSeconds
=== PAUSE TestIsIdleUsesDetectAfterSeconds
=== RUN   TestIdleRegisterReplacesInPlace
=== PAUSE TestIdleRegisterReplacesInPlace
=== RUN   TestIdleActPrefixSkippedWhenNotMayAct
=== PAUSE TestIdleActPrefixSkippedWhenNotMayAct
=== RUN   TestIdleActPrefixRunsWhenMayAct
=== PAUSE TestIdleActPrefixRunsWhenMayAct
=== RUN   TestIngestWALIsExactBytes
=== PAUSE TestIngestWALIsExactBytes
=== RUN   TestIngestRingFullWALsEveryLineAndNeverSpills
--- PASS: TestIngestRingFullWALsEveryLineAndNeverSpills (0.04s)
=== RUN   TestIngestACKPrecedesProcessing
--- PASS: TestIngestACKPrecedesProcessing (0.01s)
=== RUN   TestIngestWALRotates
=== PAUSE TestIngestWALRotates
=== RUN   TestIngestResolvesBlobsEndToEnd
=== PAUSE TestIngestResolvesBlobsEndToEnd
=== RUN   TestAcceptWireLineWALsExactlyOneTerminator
=== PAUSE TestAcceptWireLineWALsExactlyOneTerminator
=== RUN   TestLiveDispatchedLineIsNotRedispatchedByDrain
=== PAUSE TestLiveDispatchedLineIsNotRedispatchedByDrain
=== RUN   TestIngest_AWALSegmentsNameIsDurableBeforeItsFirstLineIsAcked
--- PASS: TestIngest_AWALSegmentsNameIsDurableBeforeItsFirstLineIsAcked (0.03s)
=== RUN   TestIngest_AnExternalizedPayloadIsDurableBeforeItsLineIsAcked
--- PASS: TestIngest_AnExternalizedPayloadIsDurableBeforeItsLineIsAcked (0.02s)
=== RUN   TestIngest_AnExternalizedDescriptorNamingANonRegularFileIsNotOpened
--- PASS: TestIngest_AnExternalizedDescriptorNamingANonRegularFileIsNotOpened (0.01s)
=== RUN   TestIngest_WALGroupCommitOneSyncPerSegmentPerBatch
--- PASS: TestIngest_WALGroupCommitOneSyncPerSegmentPerBatch (0.05s)
=== RUN   TestIngest_AcceptNeverReturnsBeforeItsWALSync
--- PASS: TestIngest_AcceptNeverReturnsBeforeItsWALSync (0.04s)
=== RUN   TestIngest_CloseWaitsForTheWALBatchInFlight
=== RUN   TestIngest_CloseWaitsForTheWALBatchInFlight/CloseSession
=== RUN   TestIngest_CloseWaitsForTheWALBatchInFlight/Close
--- PASS: TestIngest_CloseWaitsForTheWALBatchInFlight (0.04s)
    --- PASS: TestIngest_CloseWaitsForTheWALBatchInFlight/CloseSession (0.03s)
    --- PASS: TestIngest_CloseWaitsForTheWALBatchInFlight/Close (0.02s)
=== RUN   TestIngest_WALBatchPreservesRotationBoundaries
--- PASS: TestIngest_WALBatchPreservesRotationBoundaries (0.11s)
=== RUN   TestIngest_WALFailureFailsExactlyItsSegment
=== RUN   TestIngest_WALFailureFailsExactlyItsSegment/a_write_error
=== RUN   TestIngest_WALFailureFailsExactlyItsSegment/a_short_write
=== RUN   TestIngest_WALFailureFailsExactlyItsSegment/a_sync_error
=== RUN   TestIngest_WALFailureFailsExactlyItsSegment/a_sync_error_on_a_batch's_only_segment
=== RUN   TestIngest_WALFailureFailsExactlyItsSegment/a_rotation's_sync_error_fails_only_the_outgoing_segment
=== RUN   TestIngest_WALFailureFailsExactlyItsSegment/a_rotation_flush's_write_error_fails_only_the_outgoing_segment
=== RUN   TestIngest_WALFailureFailsExactlyItsSegment/a_rotation_flush's_short_write_fails_only_the_outgoing_segment
=== RUN   TestIngest_WALFailureFailsExactlyItsSegment/a_line_after_a_rotation_whose_open_failed_goes_to_the_segment_it_reopens
=== RUN   TestIngest_WALFailureFailsExactlyItsSegment/a_rotation_whose_Close_fails_fails_its_session's_lines
=== RUN   TestIngest_WALFailureFailsExactlyItsSegment/a_Sync_that_panics_on_the_leader
=== RUN   TestIngest_WALFailureFailsExactlyItsSegment/a_Sync_that_panics_on_a_helper_goroutine
=== RUN   TestIngest_WALFailureFailsExactlyItsSegment/a_Sync_that_never_returns_on_a_helper_goroutine
=== RUN   TestIngest_WALFailureFailsExactlyItsSegment/a_Sync_that_never_returns_on_the_leader
--- PASS: TestIngest_WALFailureFailsExactlyItsSegment (0.40s)
    --- PASS: TestIngest_WALFailureFailsExactlyItsSegment/a_write_error (0.03s)
    --- PASS: TestIngest_WALFailureFailsExactlyItsSegment/a_short_write (0.03s)
    --- PASS: TestIngest_WALFailureFailsExactlyItsSegment/a_sync_error (0.03s)
    --- PASS: TestIngest_WALFailureFailsExactlyItsSegment/a_sync_error_on_a_batch's_only_segment (0.02s)
    --- PASS: TestIngest_WALFailureFailsExactlyItsSegment/a_rotation's_sync_error_fails_only_the_outgoing_segment (0.04s)
    --- PASS: TestIngest_WALFailureFailsExactlyItsSegment/a_rotation_flush's_write_error_fails_only_the_outgoing_segment (0.02s)
    --- PASS: TestIngest_WALFailureFailsExactlyItsSegment/a_rotation_flush's_short_write_fails_only_the_outgoing_segment (0.03s)
    --- PASS: TestIngest_WALFailureFailsExactlyItsSegment/a_line_after_a_rotation_whose_open_failed_goes_to_the_segment_it_reopens (0.07s)
    --- PASS: TestIngest_WALFailureFailsExactlyItsSegment/a_rotation_whose_Close_fails_fails_its_session's_lines (0.02s)
    --- PASS: TestIngest_WALFailureFailsExactlyItsSegment/a_Sync_that_panics_on_the_leader (0.02s)
    --- PASS: TestIngest_WALFailureFailsExactlyItsSegment/a_Sync_that_panics_on_a_helper_goroutine (0.03s)
    --- PASS: TestIngest_WALFailureFailsExactlyItsSegment/a_Sync_that_never_returns_on_a_helper_goroutine (0.02s)
    --- PASS: TestIngest_WALFailureFailsExactlyItsSegment/a_Sync_that_never_returns_on_the_leader (0.03s)
=== RUN   TestIngest_LeaseLineNeverPrecedesItsWALSync
--- PASS: TestIngest_LeaseLineNeverPrecedesItsWALSync (0.13s)
=== RUN   TestIngest_WALBatchStopsAtTheRequestCap
--- PASS: TestIngest_WALBatchStopsAtTheRequestCap (0.07s)
=== RUN   TestIngest_WALBatchByteCapCountsEveryTerminator
--- PASS: TestIngest_WALBatchByteCapCountsEveryTerminator (0.09s)
=== RUN   TestIngest_WALBatchByteCapAdmitsLinesThatFillItExactly
--- PASS: TestIngest_WALBatchByteCapAdmitsLinesThatFillItExactly (0.08s)
=== RUN   TestSessionStart_ASecondWindowLeavesTheFirstSessionsLateRowsPending
--- PASS: TestSessionStart_ASecondWindowLeavesTheFirstSessionsLateRowsPending (0.24s)
=== RUN   TestLock_AnExitedOwnerIsReplacedAtOnce
--- PASS: TestLock_AnExitedOwnerIsReplacedAtOnce (0.20s)
=== RUN   TestLock_ALiveOwnerKeepsItsFreshLock
--- PASS: TestLock_ALiveOwnerKeepsItsFreshLock (0.02s)
=== RUN   TestForeignLockIsJudgedByThisStoresHeartbeat
=== PAUSE TestForeignLockIsJudgedByThisStoresHeartbeat
=== RUN   TestDescribeLockHolderNamesAForeignLock
=== PAUSE TestDescribeLockHolderNamesAForeignLock
=== RUN   TestALockNamesItsRootAndIsJudgedByIt
=== PAUSE TestALockNamesItsRootAndIsJudgedByIt
=== RUN   TestALockThisProjectWroteElsewhereKeepsTheFullProtocol
=== PAUSE TestALockThisProjectWroteElsewhereKeepsTheFullProtocol
=== RUN   TestAcquireLock_RefusesTheHomeDirectory
--- PASS: TestAcquireLock_RefusesTheHomeDirectory (0.03s)
=== RUN   TestAcquireLockExclusive
=== PAUSE TestAcquireLockExclusive
=== RUN   TestStaleLockReclaimed
=== PAUSE TestStaleLockReclaimed
=== RUN   TestLiveLockNotReclaimed
=== PAUSE TestLiveLockNotReclaimed
=== RUN   TestAcquireLockRaceWindowIsNotStale
=== PAUSE TestAcquireLockRaceWindowIsNotStale
=== RUN   TestHeartbeatUpdatesMtime
=== PAUSE TestHeartbeatUpdatesMtime
=== RUN   TestLockRefusesAfterReclaim
=== PAUSE TestLockRefusesAfterReclaim
=== RUN   TestReleaseIsIdempotent
=== PAUSE TestReleaseIsIdempotent
=== RUN   TestReadLock_UnparseableFileReportsNotOK
=== PAUSE TestReadLock_UnparseableFileReportsNotOK
=== RUN   TestSessionStart_AHandshakeThisDaemonSawCountsForTheContract
--- PASS: TestSessionStart_AHandshakeThisDaemonSawCountsForTheContract (0.11s)
=== RUN   TestMCPOpFixture_TheMachinesHostRulesDoNotReachIt
--- PASS: TestMCPOpFixture_TheMachinesHostRulesDoNotReachIt (0.08s)
=== RUN   TestInstallMCPOpRegistersOp
=== PAUSE TestInstallMCPOpRegistersOp
=== RUN   TestInstallMCPOpRejectsANilOptions
=== PAUSE TestInstallMCPOpRejectsANilOptions
=== RUN   TestMCPInitializedSeamFlipsAfterInitialize
--- PASS: TestMCPInitializedSeamFlipsAfterInitialize (0.03s)
=== RUN   TestInitializedWritesContractHistory
--- PASS: TestInitializedWritesContractHistory (0.08s)
=== RUN   TestInitializedSurvivesHistoryWriteFailure
--- PASS: TestInitializedSurvivesHistoryWriteFailure (0.04s)
=== RUN   TestDaemonMCPOpDispatchesToolCall
--- PASS: TestDaemonMCPOpDispatchesToolCall (0.08s)
=== RUN   TestDaemonMCPOpUnknownToolIsPayloadError
--- PASS: TestDaemonMCPOpUnknownToolIsPayloadError (0.04s)
=== RUN   TestDaemonMCPOpMalformedPayloadIsTransportError
--- PASS: TestDaemonMCPOpMalformedPayloadIsTransportError (0.03s)
=== RUN   TestDaemonMCPOpResolvesSessionFromRegistry
--- PASS: TestDaemonMCPOpResolvesSessionFromRegistry (0.08s)
=== RUN   TestDaemonMCPOpEmptyRegistryDegrades
--- PASS: TestDaemonMCPOpEmptyRegistryDegrades (0.09s)
=== RUN   TestDaemonMCPOpResolvesTurnFromCurrentSegment
--- PASS: TestDaemonMCPOpResolvesTurnFromCurrentSegment (0.09s)
=== RUN   TestDaemonMCPOpHonoursAnExplicitTurn
--- PASS: TestDaemonMCPOpHonoursAnExplicitTurn (0.08s)
=== RUN   TestDaemonMCPOpUnknownKindIsRefused
--- PASS: TestDaemonMCPOpUnknownKindIsRefused (0.04s)
=== RUN   TestDaemonMCPOpFilesTheSelfRecordAtTheIndexedFrontier
--- PASS: TestDaemonMCPOpFilesTheSelfRecordAtTheIndexedFrontier (0.09s)
=== RUN   TestDaemonMCPOpPrefersTheObserversLiveTurn
--- PASS: TestDaemonMCPOpPrefersTheObserversLiveTurn (0.15s)
=== RUN   TestDaemonMCPOpTimelineReportsTheOpenSegmentsLiveEnd
--- PASS: TestDaemonMCPOpTimelineReportsTheOpenSegmentsLiveEnd (0.06s)
=== RUN   TestSessionStartRecordsCapabilityObservations
--- PASS: TestSessionStartRecordsCapabilityObservations (0.11s)
=== RUN   TestStoreWrapperDropsTheSupersedingCapability
--- PASS: TestStoreWrapperDropsTheSupersedingCapability (0.00s)
=== RUN   TestObserverAtomicPublicationFailureRemainsDrainRetryable
--- PASS: TestObserverAtomicPublicationFailureRemainsDrainRetryable (0.11s)
=== RUN   TestObserverAtomicLeasedPublicationFailureRemainsDrainRetryable
--- PASS: TestObserverAtomicLeasedPublicationFailureRemainsDrainRetryable (0.33s)
=== RUN   TestWireObserverStoreSupportsSupersedingRecorder
--- PASS: TestWireObserverStoreSupportsSupersedingRecorder (0.03s)
=== RUN   TestStoreWrapperDropsTheDurablePublisherCapability
--- PASS: TestStoreWrapperDropsTheDurablePublisherCapability (0.00s)
=== RUN   TestObserverDurablePublisherFailureRemainsDrainRetryable
--- PASS: TestObserverDurablePublisherFailureRemainsDrainRetryable (0.32s)
=== RUN   TestWireObserver
--- PASS: TestWireObserver (0.09s)
=== RUN   TestWireObserver_SessionStartRefreshesStaleness
--- PASS: TestWireObserver_SessionStartRefreshesStaleness (0.07s)
=== RUN   TestObserverPublicationFailureRemainsDrainRetryable
=== RUN   TestObserverPublicationFailureRemainsDrainRetryable/object_write
=== RUN   TestObserverPublicationFailureRemainsDrainRetryable/tool-use_reference
--- PASS: TestObserverPublicationFailureRemainsDrainRetryable (0.25s)
    --- PASS: TestObserverPublicationFailureRemainsDrainRetryable/object_write (0.15s)
    --- PASS: TestObserverPublicationFailureRemainsDrainRetryable/tool-use_reference (0.10s)
=== RUN   TestStop_PersistsTheObserversGraphAndStateWithoutASessionEnd
--- PASS: TestStop_PersistsTheObserversGraphAndStateWithoutASessionEnd (0.10s)
=== RUN   TestNewOptions_SeedsSaneDefaults
=== PAUSE TestNewOptions_SeedsSaneDefaults
=== RUN   TestHandleOnBareOptionsIsSafe
=== PAUSE TestHandleOnBareOptionsIsSafe
=== RUN   TestHandleOverridesDefaultRoute
=== PAUSE TestHandleOverridesDefaultRoute
=== RUN   TestBindRunsInOrderAndDeclaresProducers
--- PASS: TestBindRunsInOrderAndDeclaresProducers (0.00s)
=== RUN   TestDeclaredProducerSetMatchesArchitecture
--- PASS: TestDeclaredProducerSetMatchesArchitecture (0.00s)
=== RUN   TestServicesFromNeverReturnsNil
=== PAUSE TestServicesFromNeverReturnsNil
=== RUN   TestServicesModeIsAssignedBeforeBinds
--- PASS: TestServicesModeIsAssignedBeforeBinds (0.00s)
=== RUN   TestPromptOrder_V6_OrderingGateGivesTurnZeroToEarliestLeasedArrival
--- PASS: TestPromptOrder_V6_OrderingGateGivesTurnZeroToEarliestLeasedArrival (0.28s)
=== RUN   TestPromptOrder_V6_UnleasedEarlierSpooledIsSeparateUncertainty
--- PASS: TestPromptOrder_V6_UnleasedEarlierSpooledIsSeparateUncertainty (0.20s)
=== RUN   TestObservePrompt_RecordingOutlivesTheReplyDeadline
=== PAUSE TestObservePrompt_RecordingOutlivesTheReplyDeadline
=== RUN   TestObservePrompt_CancelledRequestIsNotAnOverrun
=== PAUSE TestObservePrompt_CancelledRequestIsNotAnOverrun
=== RUN   TestObservePrompt_PanickingSeamIsRecovered
=== PAUSE TestObservePrompt_PanickingSeamIsRecovered
=== RUN   TestObservePrompt_StopJoinsAnInFlightRecording
=== PAUSE TestObservePrompt_StopJoinsAnInFlightRecording
=== RUN   TestObservePrompt_StopCancelsARecordingThatOutlivesItsGrace
=== PAUSE TestObservePrompt_StopCancelsARecordingThatOutlivesItsGrace
=== RUN   TestObservePrompt_StopAbandonsACaptureThatIgnoresCancellation
=== PAUSE TestObservePrompt_StopAbandonsACaptureThatIgnoresCancellation
=== RUN   TestObservePrompt_RealObserverCaptureLandsBehindAHeldSessionLock
--- PASS: TestObservePrompt_RealObserverCaptureLandsBehindAHeldSessionLock (0.34s)
=== RUN   TestLoudPublicationGaps_AnnouncesAnUnpublishedCapture
--- PASS: TestLoudPublicationGaps_AnnouncesAnUnpublishedCapture (0.06s)
=== RUN   TestLoudPublicationGaps_QuietWhenClean
--- PASS: TestLoudPublicationGaps_QuietWhenClean (0.03s)
=== RUN   TestAccountPublicationGaps_UnobservedForNonAuditorStore
--- PASS: TestAccountPublicationGaps_UnobservedForNonAuditorStore (0.00s)
=== RUN   TestRegistryNewSessionResetsHotMode
=== PAUSE TestRegistryNewSessionResetsHotMode
=== RUN   TestRegistryEvictsEndedOverMax
=== PAUSE TestRegistryEvictsEndedOverMax
=== RUN   TestRegistryAllLiveOverMaxKeepsAll
=== PAUSE TestRegistryAllLiveOverMaxKeepsAll
=== RUN   TestRegistryTouchAndEnd
=== PAUSE TestRegistryTouchAndEnd
=== RUN   TestRegistryEnsureUpdatesSourceAndTranscript
=== PAUSE TestRegistryEnsureUpdatesSourceAndTranscript
=== RUN   TestSessionRegistry_IsLive
=== PAUSE TestSessionRegistry_IsLive
=== RUN   TestSessionRegistry_IsLiveConcurrentWithEndIsRaceFree
=== PAUSE TestSessionRegistry_IsLiveConcurrentWithEndIsRaceFree
=== RUN   TestRegistrySetMaxSessionsRejectsNonPositive
=== PAUSE TestRegistrySetMaxSessionsRejectsNonPositive
=== RUN   TestEndAbandonedEndsOnlySilentLiveSessions
=== PAUSE TestEndAbandonedEndsOnlySilentLiveSessions
=== RUN   TestRegistryTouchRegistersTrafficFromAnUnseenSession
=== PAUSE TestRegistryTouchRegistersTrafficFromAnUnseenSession
=== RUN   TestRegistryTouchRevivesAnAbandonedSessionButNotAnEndedOne
=== PAUSE TestRegistryTouchRevivesAnAbandonedSessionButNotAnEndedOne
=== RUN   TestIdleExitWaitsForAnUnregisteredSessionThatKeepsSendingTraffic
=== PAUSE TestIdleExitWaitsForAnUnregisteredSessionThatKeepsSendingTraffic
=== RUN   TestTrafficRegistrationLeavesHotSubmodeAndBreachDetectorAlone
=== PAUSE TestTrafficRegistrationLeavesHotSubmodeAndBreachDetectorAlone
=== RUN   TestSelectionFor_DisabledIsTheShippedPath
--- PASS: TestSelectionFor_DisabledIsTheShippedPath (0.00s)
=== RUN   TestSelectionFor_EnabledWithoutTheShipOrderGateDegrades
--- PASS: TestSelectionFor_EnabledWithoutTheShipOrderGateDegrades (0.00s)
=== RUN   TestSelectionFor_NoCandidatesIsNilNotAnEmptySelection
--- PASS: TestSelectionFor_NoCandidatesIsNilNotAnEmptySelection (0.00s)
=== RUN   TestSelectionFor_CarriesActiveEliminations
--- PASS: TestSelectionFor_CarriesActiveEliminations (0.00s)
=== RUN   TestEliminationCandidates_OnlyActiveRecordsBind
--- PASS: TestEliminationCandidates_OnlyActiveRecordsBind (0.00s)
=== RUN   TestEliminationCandidates_QualificationsSurviveTranslation
--- PASS: TestEliminationCandidates_QualificationsSurviveTranslation (0.00s)
=== RUN   TestEliminationCandidates_EveryItemOffersAPointerFallback
--- PASS: TestEliminationCandidates_EveryItemOffersAPointerFallback (0.00s)
=== RUN   TestSelectionFor_PressureDegradesToAPointerBeforeOverflowing
--- PASS: TestSelectionFor_PressureDegradesToAPointerBeforeOverflowing (0.00s)
=== RUN   TestSelectionFor_OverflowsRatherThanDroppingAConstraint
--- PASS: TestSelectionFor_OverflowsRatherThanDroppingAConstraint (0.00s)
=== RUN   TestSelectionFor_AStaleRecordNeverOverflows
--- PASS: TestSelectionFor_AStaleRecordNeverOverflows (0.00s)
=== RUN   TestSelectionFor_IsDeterministic
--- PASS: TestSelectionFor_IsDeterministic (0.00s)
=== RUN   TestSelectableEliminations_TheLedgerCopyWins
--- PASS: TestSelectableEliminations_TheLedgerCopyWins (0.00s)
=== RUN   TestSelectableEliminations_ALedgerErrorLeavesTheFrozenCopyStanding
--- PASS: TestSelectableEliminations_ALedgerErrorLeavesTheFrozenCopyStanding (0.00s)
=== RUN   TestAssemble_IntersectsChangepointsAndRounds
=== PAUSE TestAssemble_IntersectsChangepointsAndRounds
=== RUN   TestAssemble_SkipsUnresolvableTurns
=== PAUSE TestAssemble_SkipsUnresolvableTurns
=== RUN   TestAssemble_CouplingFromCrossingEdges
=== PAUSE TestAssemble_CouplingFromCrossingEdges
=== RUN   TestAssemble_CouplingRecomputedEveryCall
=== PAUSE TestAssemble_CouplingRecomputedEveryCall
=== RUN   TestAssemble_TurnPosCachedUntilTurnAdvances
=== PAUSE TestAssemble_TurnPosCachedUntilTurnAdvances
=== RUN   TestAssemble_TurnPosRebuiltWhenTurnAdvances
=== PAUSE TestAssemble_TurnPosRebuiltWhenTurnAdvances
=== RUN   TestAssemble_CapAt32KeepsHighestPos
=== PAUSE TestAssemble_CapAt32KeepsHighestPos
=== RUN   TestAssemble_CapPrefersRoundBoundaries
=== PAUSE TestAssemble_CapPrefersRoundBoundaries
=== RUN   TestAssemble_ReclaimableFromIndex
=== PAUSE TestAssemble_ReclaimableFromIndex
=== RUN   TestAssemble_NilGraphReturnsNoCandidates
=== PAUSE TestAssemble_NilGraphReturnsNoCandidates
=== RUN   TestAssemble_RecoversCrossingEdgesPanic
=== PAUSE TestAssemble_RecoversCrossingEdgesPanic
=== RUN   TestClassifyDrop_AdaptsStoreRecord
=== PAUSE TestClassifyDrop_AdaptsStoreRecord
=== RUN   TestReclaimableIndex_SuffixSums
=== PAUSE TestReclaimableIndex_SuffixSums
=== RUN   TestReclaimableIndex_ExcludesDropNone
=== PAUSE TestReclaimableIndex_ExcludesDropNone
=== RUN   TestReclaimableIndex_MonotoneNonIncreasing_Property
=== PAUSE TestReclaimableIndex_MonotoneNonIncreasing_Property
=== RUN   TestReclaimableIndex_Empty
=== PAUSE TestReclaimableIndex_Empty
=== RUN   TestFeaturesFrom_PathJaccard
=== PAUSE TestFeaturesFrom_PathJaccard
=== RUN   TestFeaturesFrom_PathJaccard_EmptyUnionIsOne
=== PAUSE TestFeaturesFrom_PathJaccard_EmptyUnionIsOne
=== RUN   TestFeaturesFrom_ToolShiftTotalVariation
=== PAUSE TestFeaturesFrom_ToolShiftTotalVariation
=== RUN   TestFeaturesFrom_GapSeconds
=== PAUSE TestFeaturesFrom_GapSeconds
=== RUN   TestFeaturesFrom_TodoTransition
=== PAUSE TestFeaturesFrom_TodoTransition
=== RUN   TestFeaturesFrom_WindowRoll
=== PAUSE TestFeaturesFrom_WindowRoll
=== RUN   TestFeaturesFrom_LexicalCohesionShingleCap
=== PAUSE TestFeaturesFrom_LexicalCohesionShingleCap
=== RUN   TestFrontier_CloseOnTodoCompleted
=== PAUSE TestFrontier_CloseOnTodoCompleted
=== RUN   TestFrontier_CloseOnTestPassed
=== PAUSE TestFrontier_CloseOnTestPassed
=== RUN   TestFrontier_CloseOnGitCommit
=== PAUSE TestFrontier_CloseOnGitCommit
=== RUN   TestFrontier_NoCloseWithoutCurrentSegment
=== PAUSE TestFrontier_NoCloseWithoutCurrentSegment
=== RUN   TestFrontier_AdvanceCallsWriterWithClosedUnencodedOnly
=== PAUSE TestFrontier_AdvanceCallsWriterWithClosedUnencodedOnly
=== RUN   TestFrontier_AdvanceNoWriterIsNoOp
=== PAUSE TestFrontier_AdvanceNoWriterIsNoOp
=== RUN   TestFrontier_AdvanceIdempotent
=== PAUSE TestFrontier_AdvanceIdempotent
=== RUN   TestFrontier_ConstructorUsesPortOrLegacyAdapter
=== RUN   TestFrontier_ConstructorUsesPortOrLegacyAdapter/legacy_adapter
=== RUN   TestFrontier_ConstructorUsesPortOrLegacyAdapter/explicit_port
--- PASS: TestFrontier_ConstructorUsesPortOrLegacyAdapter (0.00s)
    --- PASS: TestFrontier_ConstructorUsesPortOrLegacyAdapter/legacy_adapter (0.00s)
    --- PASS: TestFrontier_ConstructorUsesPortOrLegacyAdapter/explicit_port (0.00s)
=== RUN   TestFrontier_DPIGuardPreservesOwnerOutcomeWithoutRetry
=== PAUSE TestFrontier_DPIGuardPreservesOwnerOutcomeWithoutRetry
=== RUN   TestFrontier_SessionChangeDuringAdvancePreservesOwnerWork
--- PASS: TestFrontier_SessionChangeDuringAdvancePreservesOwnerWork (0.00s)
=== RUN   TestFrontier_CloseWritesRealSegmentTokens
=== PAUSE TestFrontier_CloseWritesRealSegmentTokens
=== RUN   TestFrontier_ResidualRecomputed
=== PAUSE TestFrontier_ResidualRecomputed
=== RUN   TestFrontier_ResidualNeverNegative
=== PAUSE TestFrontier_ResidualNeverNegative
=== RUN   TestFrontier_ResidualOverBudgetWarnsOnce
=== PAUSE TestFrontier_ResidualOverBudgetWarnsOnce
=== RUN   TestFrontier_AdvanceStopsAtAGapInDurableEvidence
=== PAUSE TestFrontier_AdvanceStopsAtAGapInDurableEvidence
=== RUN   TestFrontier_AdvanceRefusesUnreadableEvidence
=== PAUSE TestFrontier_AdvanceRefusesUnreadableEvidence
=== RUN   TestFrontier_AdvanceRefusesInFlightEvidence
=== PAUSE TestFrontier_AdvanceRefusesInFlightEvidence
=== RUN   TestFrontier_VerifyEvidenceStepsOverAnAlreadyEncodedNeighbour
=== PAUSE TestFrontier_VerifyEvidenceStepsOverAnAlreadyEncodedNeighbour
=== RUN   TestFrontier_AdvanceIsLoudAboutADPIViolation
--- PASS: TestFrontier_AdvanceIsLoudAboutADPIViolation (0.00s)
=== RUN   TestFrontier_AdvanceHonoursCancellation
=== PAUSE TestFrontier_AdvanceHonoursCancellation
=== RUN   TestFrontier_SegmentLogFailureLeavesTheFrontierUnchanged
=== PAUSE TestFrontier_SegmentLogFailureLeavesTheFrontierUnchanged
=== RUN   TestFrontier_VerifyEvidenceStopsOnCancellation
=== PAUSE TestFrontier_VerifyEvidenceStopsOnCancellation
=== RUN   TestIdleTasksRegistered
=== PAUSE TestIdleTasksRegistered
=== RUN   TestIdleActingTaskSkippedInDegradedPassive
=== PAUSE TestIdleActingTaskSkippedInDegradedPassive
=== RUN   TestIdleWorkBindsDaemon
=== PAUSE TestIdleWorkBindsDaemon
=== RUN   TestIdleTaskInertBeforeSessionBind
=== PAUSE TestIdleTaskInertBeforeSessionBind
=== RUN   TestIdleRefreshesDecisionOncePerPass
=== PAUSE TestIdleRefreshesDecisionOncePerPass
=== RUN   TestIdleFrontierSkippedCounted
=== PAUSE TestIdleFrontierSkippedCounted
=== RUN   TestIdleTaskGatedByDecisionBackground
=== PAUSE TestIdleTaskGatedByDecisionBackground
=== RUN   TestIdleTasksOffWhenBackgroundWorkFalse
=== PAUSE TestIdleTasksOffWhenBackgroundWorkFalse
=== RUN   TestIdleTaskRebuildBloomSkippedWhenLedgerNil
=== PAUSE TestIdleTaskRebuildBloomSkippedWhenLedgerNil
=== RUN   TestIdleTaskGCPassesRemainingDeadline
=== PAUSE TestIdleTaskGCPassesRemainingDeadline
=== RUN   TestIdleTasksHonourContextCancellation
--- PASS: TestIdleTasksHonourContextCancellation (0.00s)
=== RUN   TestIdle_RebuildBloomSeesALedgerOpenedAfterRegistration
--- PASS: TestIdle_RebuildBloomSeesALedgerOpenedAfterRegistration (0.00s)
=== RUN   TestIdle_RebuildBloomStaysInertWhenRebuildOnStaleIsNotNextIdle
--- PASS: TestIdle_RebuildBloomStaysInertWhenRebuildOnStaleIsNotNextIdle (0.00s)
=== RUN   TestNewSchedulerRuntime_RequiresDeps
--- PASS: TestNewSchedulerRuntime_RequiresDeps (0.00s)
=== RUN   TestNewSchedulerRuntime_EnablesPSelectionGate
--- PASS: TestNewSchedulerRuntime_EnablesPSelectionGate (0.00s)
=== RUN   TestRuntime_CloseThenRebindSameIDReopensGate
--- PASS: TestRuntime_CloseThenRebindSameIDReopensGate (0.01s)
=== RUN   TestNewSchedulerRuntime_EmptySessionIsLegal
=== PAUSE TestNewSchedulerRuntime_EmptySessionIsLegal
=== RUN   TestRuntime_WindowResolutionLadder
=== PAUSE TestRuntime_WindowResolutionLadder
=== RUN   TestResolveWindow_HostVariables
=== PAUSE TestResolveWindow_HostVariables
=== RUN   TestRuntime_ContextTokensFromSegments
=== PAUSE TestRuntime_ContextTokensFromSegments
=== RUN   TestRuntime_ObserveDeclaresAndRecordsChangepoint
=== PAUSE TestRuntime_ObserveDeclaresAndRecordsChangepoint
=== RUN   TestRuntime_ObserveNoOpWhenAdvanceOnSegmentCloseFalse
=== PAUSE TestRuntime_ObserveNoOpWhenAdvanceOnSegmentCloseFalse
=== RUN   TestRuntime_EvaluateProducesDecision
=== PAUSE TestRuntime_EvaluateProducesDecision
=== RUN   TestRuntime_EvaluateSuppliesLambdaFromSelectionConfig
=== PAUSE TestRuntime_EvaluateSuppliesLambdaFromSelectionConfig
=== RUN   TestRuntime_DeltaPtrNilUntilMeasured
=== PAUSE TestRuntime_DeltaPtrNilUntilMeasured
=== RUN   TestRuntime_DeltaEWMA
=== PAUSE TestRuntime_DeltaEWMA
=== RUN   TestRuntime_BurnRateEWMA
=== PAUSE TestRuntime_BurnRateEWMA
=== RUN   TestRuntime_NotifyActivitySetsAPICallClock
=== PAUSE TestRuntime_NotifyActivitySetsAPICallClock
=== RUN   TestRuntime_PersistRoundTrip
=== PAUSE TestRuntime_PersistRoundTrip
=== RUN   TestRuntime_PersistRoundTrip_FutureStampRepaired
=== PAUSE TestRuntime_PersistRoundTrip_FutureStampRepaired
=== RUN   TestRuntime_StateDiscardedOnSessionMismatch
=== PAUSE TestRuntime_StateDiscardedOnSessionMismatch
=== RUN   TestRuntime_StateDiscardedOnHazardChange
=== PAUSE TestRuntime_StateDiscardedOnHazardChange
=== RUN   TestRuntime_StateDiscardedOnFeatureListChange
=== PAUSE TestRuntime_StateDiscardedOnFeatureListChange
=== RUN   TestRuntime_CorruptStateFilesSelfHeal
=== PAUSE TestRuntime_CorruptStateFilesSelfHeal
=== RUN   TestRuntime_ChangepointTurnsCapped
=== PAUSE TestRuntime_ChangepointTurnsCapped
=== RUN   TestRuntime_NoteAPIRoundRecordsBoundary
=== PAUSE TestRuntime_NoteAPIRoundRecordsBoundary
=== RUN   TestRuntime_CloseIsIdempotent
=== PAUSE TestRuntime_CloseIsIdempotent
=== RUN   TestSchedulerSnapshotOf_ReportsRuntimeState
=== PAUSE TestSchedulerSnapshotOf_ReportsRuntimeState
=== RUN   TestRuntime_ConcurrentObserveEvaluatePersist
=== PAUSE TestRuntime_ConcurrentObserveEvaluatePersist
=== RUN   TestRuntime_OpenSegmentTokensResetOnClose
=== PAUSE TestRuntime_OpenSegmentTokensResetOnClose
=== RUN   TestRuntime_ObserveClosesSegmentOnChangepoint
=== PAUSE TestRuntime_ObserveClosesSegmentOnChangepoint
=== RUN   TestSchedulerRuntimeBuildsItsAdvancerFromTheWriterAndSourcePair
=== RUN   TestSchedulerRuntimeBuildsItsAdvancerFromTheWriterAndSourcePair/writer_and_sources_together_yield_an_advancer
=== RUN   TestSchedulerRuntimeBuildsItsAdvancerFromTheWriterAndSourcePair/a_writer_with_no_sources_stays_unavailable
=== RUN   TestSchedulerRuntimeBuildsItsAdvancerFromTheWriterAndSourcePair/sources_with_no_writer_stay_unavailable
--- PASS: TestSchedulerRuntimeBuildsItsAdvancerFromTheWriterAndSourcePair (0.00s)
    --- PASS: TestSchedulerRuntimeBuildsItsAdvancerFromTheWriterAndSourcePair/writer_and_sources_together_yield_an_advancer (0.00s)
    --- PASS: TestSchedulerRuntimeBuildsItsAdvancerFromTheWriterAndSourcePair/a_writer_with_no_sources_stays_unavailable (0.00s)
    --- PASS: TestSchedulerRuntimeBuildsItsAdvancerFromTheWriterAndSourcePair/sources_with_no_writer_stay_unavailable (0.00s)
=== RUN   TestStateCodec_BOCDRoundTrip
=== PAUSE TestStateCodec_BOCDRoundTrip
=== RUN   TestStateCodec_SchedulerRoundTrip
=== PAUSE TestStateCodec_SchedulerRoundTrip
=== RUN   TestStateCodec_UnknownFieldsIgnored
=== PAUSE TestStateCodec_UnknownFieldsIgnored
=== RUN   TestStateCodec_WritesAtomicallyNotAppendOnly
=== PAUSE TestStateCodec_WritesAtomicallyNotAppendOnly
=== RUN   TestStateCodec_TurnListsCapped
=== PAUSE TestStateCodec_TurnListsCapped
=== RUN   TestLocalCheckpointIsNeverConflatedWithHostCompaction
--- PASS: TestLocalCheckpointIsNeverConflatedWithHostCompaction (0.03s)
=== RUN   TestSchedulerSuite_DaemonRuntime
=== RUN   TestSchedulerSuite_DaemonRuntime/daemon/shape
=== RUN   TestSchedulerSuite_DaemonRuntime/daemon/behaviour
=== RUN   TestSchedulerSuite_DaemonRuntime/daemon/behaviour/runtime_evaluate_is_deterministic
=== RUN   TestSchedulerSuite_DaemonRuntime/daemon/behaviour/evaluate_young_daly_matches_formula
=== RUN   TestSchedulerSuite_DaemonRuntime/daemon/behaviour/composite_trigger_truth_table
=== RUN   TestSchedulerSuite_DaemonRuntime/daemon/behaviour/composite_trigger_truth_table/quiet_baseline_does_not_compact
=== RUN   TestSchedulerSuite_DaemonRuntime/daemon/behaviour/composite_trigger_truth_table/below_soft_floor_suppresses_every_other_trigger
=== RUN   TestSchedulerSuite_DaemonRuntime/daemon/behaviour/composite_trigger_truth_table/changepoint_fires
=== RUN   TestSchedulerSuite_DaemonRuntime/daemon/behaviour/composite_trigger_truth_table/hard_ceiling_fires
=== RUN   TestSchedulerSuite_DaemonRuntime/daemon/behaviour/composite_trigger_truth_table/young_daly_fires
=== RUN   TestSchedulerSuite_DaemonRuntime/daemon/behaviour/composite_trigger_truth_table/idle_cold_cache_fires
=== RUN   TestSchedulerSuite_DaemonRuntime/daemon/behaviour/threshold_arithmetic
=== RUN   TestSchedulerSuite_DaemonRuntime/daemon/behaviour/argmax_latest_when_warm
=== RUN   TestSchedulerSuite_DaemonRuntime/daemon/behaviour/argmax_deepest_when_cold
=== RUN   TestSchedulerSuite_DaemonRuntime/daemon/behaviour/evaluate_is_pure
=== RUN   TestSchedulerSuite_DaemonRuntime/daemon/behaviour/breakdown_carries_core_keys
=== RUN   TestSchedulerSuite_DaemonRuntime/daemon/behaviour/runtime_observe_returns_normalized_posterior
=== RUN   TestSchedulerSuite_DaemonRuntime/daemon/behaviour/runtime_notify_activity_anchors_idle_since
=== RUN   TestSchedulerSuite_DaemonRuntime/daemon/behaviour/runtime_persist_is_repeatable
--- PASS: TestSchedulerSuite_DaemonRuntime (0.04s)
    --- PASS: TestSchedulerSuite_DaemonRuntime/daemon/shape (0.01s)
    --- PASS: TestSchedulerSuite_DaemonRuntime/daemon/behaviour (0.03s)
        --- PASS: TestSchedulerSuite_DaemonRuntime/daemon/behaviour/runtime_evaluate_is_deterministic (0.00s)
        --- PASS: TestSchedulerSuite_DaemonRuntime/daemon/behaviour/evaluate_young_daly_matches_formula (0.00s)
        --- PASS: TestSchedulerSuite_DaemonRuntime/daemon/behaviour/composite_trigger_truth_table (0.00s)
            --- PASS: TestSchedulerSuite_DaemonRuntime/daemon/behaviour/composite_trigger_truth_table/quiet_baseline_does_not_compact (0.00s)
            --- PASS: TestSchedulerSuite_DaemonRuntime/daemon/behaviour/composite_trigger_truth_table/below_soft_floor_suppresses_every_other_trigger (0.00s)
            --- PASS: TestSchedulerSuite_DaemonRuntime/daemon/behaviour/composite_trigger_truth_table/changepoint_fires (0.00s)
            --- PASS: TestSchedulerSuite_DaemonRuntime/daemon/behaviour/composite_trigger_truth_table/hard_ceiling_fires (0.00s)
            --- PASS: TestSchedulerSuite_DaemonRuntime/daemon/behaviour/composite_trigger_truth_table/young_daly_fires (0.00s)
            --- PASS: TestSchedulerSuite_DaemonRuntime/daemon/behaviour/composite_trigger_truth_table/idle_cold_cache_fires (0.00s)
        --- PASS: TestSchedulerSuite_DaemonRuntime/daemon/behaviour/threshold_arithmetic (0.00s)
        --- PASS: TestSchedulerSuite_DaemonRuntime/daemon/behaviour/argmax_latest_when_warm (0.00s)
        --- PASS: TestSchedulerSuite_DaemonRuntime/daemon/behaviour/argmax_deepest_when_cold (0.00s)
        --- PASS: TestSchedulerSuite_DaemonRuntime/daemon/behaviour/evaluate_is_pure (0.00s)
        --- PASS: TestSchedulerSuite_DaemonRuntime/daemon/behaviour/breakdown_carries_core_keys (0.00s)
        --- PASS: TestSchedulerSuite_DaemonRuntime/daemon/behaviour/runtime_observe_returns_normalized_posterior (0.00s)
        --- PASS: TestSchedulerSuite_DaemonRuntime/daemon/behaviour/runtime_notify_activity_anchors_idle_since (0.00s)
        --- PASS: TestSchedulerSuite_DaemonRuntime/daemon/behaviour/runtime_persist_is_repeatable (0.02s)
=== RUN   TestSchedulerSuite_DaemonRuntimeUnbound
=== RUN   TestSchedulerSuite_DaemonRuntimeUnbound/daemon-unbound/shape
=== RUN   TestSchedulerSuite_DaemonRuntimeUnbound/daemon-unbound/behaviour
=== RUN   TestSchedulerSuite_DaemonRuntimeUnbound/daemon-unbound/behaviour/runtime_evaluate_is_deterministic
=== RUN   TestSchedulerSuite_DaemonRuntimeUnbound/daemon-unbound/behaviour/evaluate_young_daly_matches_formula
=== RUN   TestSchedulerSuite_DaemonRuntimeUnbound/daemon-unbound/behaviour/composite_trigger_truth_table
=== RUN   TestSchedulerSuite_DaemonRuntimeUnbound/daemon-unbound/behaviour/composite_trigger_truth_table/quiet_baseline_does_not_compact
=== RUN   TestSchedulerSuite_DaemonRuntimeUnbound/daemon-unbound/behaviour/composite_trigger_truth_table/below_soft_floor_suppresses_every_other_trigger
=== RUN   TestSchedulerSuite_DaemonRuntimeUnbound/daemon-unbound/behaviour/composite_trigger_truth_table/changepoint_fires
=== RUN   TestSchedulerSuite_DaemonRuntimeUnbound/daemon-unbound/behaviour/composite_trigger_truth_table/hard_ceiling_fires
=== RUN   TestSchedulerSuite_DaemonRuntimeUnbound/daemon-unbound/behaviour/composite_trigger_truth_table/young_daly_fires
=== RUN   TestSchedulerSuite_DaemonRuntimeUnbound/daemon-unbound/behaviour/composite_trigger_truth_table/idle_cold_cache_fires
=== RUN   TestSchedulerSuite_DaemonRuntimeUnbound/daemon-unbound/behaviour/threshold_arithmetic
=== RUN   TestSchedulerSuite_DaemonRuntimeUnbound/daemon-unbound/behaviour/argmax_latest_when_warm
=== RUN   TestSchedulerSuite_DaemonRuntimeUnbound/daemon-unbound/behaviour/argmax_deepest_when_cold
=== RUN   TestSchedulerSuite_DaemonRuntimeUnbound/daemon-unbound/behaviour/evaluate_is_pure
=== RUN   TestSchedulerSuite_DaemonRuntimeUnbound/daemon-unbound/behaviour/breakdown_carries_core_keys
=== RUN   TestSchedulerSuite_DaemonRuntimeUnbound/daemon-unbound/behaviour/runtime_observe_returns_normalized_posterior
=== RUN   TestSchedulerSuite_DaemonRuntimeUnbound/daemon-unbound/behaviour/runtime_notify_activity_anchors_idle_since
=== RUN   TestSchedulerSuite_DaemonRuntimeUnbound/daemon-unbound/behaviour/runtime_persist_is_repeatable
--- PASS: TestSchedulerSuite_DaemonRuntimeUnbound (0.01s)
    --- PASS: TestSchedulerSuite_DaemonRuntimeUnbound/daemon-unbound/shape (0.00s)
    --- PASS: TestSchedulerSuite_DaemonRuntimeUnbound/daemon-unbound/behaviour (0.01s)
        --- PASS: TestSchedulerSuite_DaemonRuntimeUnbound/daemon-unbound/behaviour/runtime_evaluate_is_deterministic (0.00s)
        --- PASS: TestSchedulerSuite_DaemonRuntimeUnbound/daemon-unbound/behaviour/evaluate_young_daly_matches_formula (0.00s)
        --- PASS: TestSchedulerSuite_DaemonRuntimeUnbound/daemon-unbound/behaviour/composite_trigger_truth_table (0.00s)
            --- PASS: TestSchedulerSuite_DaemonRuntimeUnbound/daemon-unbound/behaviour/composite_trigger_truth_table/quiet_baseline_does_not_compact (0.00s)
            --- PASS: TestSchedulerSuite_DaemonRuntimeUnbound/daemon-unbound/behaviour/composite_trigger_truth_table/below_soft_floor_suppresses_every_other_trigger (0.00s)
            --- PASS: TestSchedulerSuite_DaemonRuntimeUnbound/daemon-unbound/behaviour/composite_trigger_truth_table/changepoint_fires (0.00s)
            --- PASS: TestSchedulerSuite_DaemonRuntimeUnbound/daemon-unbound/behaviour/composite_trigger_truth_table/hard_ceiling_fires (0.00s)
            --- PASS: TestSchedulerSuite_DaemonRuntimeUnbound/daemon-unbound/behaviour/composite_trigger_truth_table/young_daly_fires (0.00s)
            --- PASS: TestSchedulerSuite_DaemonRuntimeUnbound/daemon-unbound/behaviour/composite_trigger_truth_table/idle_cold_cache_fires (0.00s)
        --- PASS: TestSchedulerSuite_DaemonRuntimeUnbound/daemon-unbound/behaviour/threshold_arithmetic (0.00s)
        --- PASS: TestSchedulerSuite_DaemonRuntimeUnbound/daemon-unbound/behaviour/argmax_latest_when_warm (0.00s)
        --- PASS: TestSchedulerSuite_DaemonRuntimeUnbound/daemon-unbound/behaviour/argmax_deepest_when_cold (0.00s)
        --- PASS: TestSchedulerSuite_DaemonRuntimeUnbound/daemon-unbound/behaviour/evaluate_is_pure (0.00s)
        --- PASS: TestSchedulerSuite_DaemonRuntimeUnbound/daemon-unbound/behaviour/breakdown_carries_core_keys (0.00s)
        --- PASS: TestSchedulerSuite_DaemonRuntimeUnbound/daemon-unbound/behaviour/runtime_observe_returns_normalized_posterior (0.00s)
        --- PASS: TestSchedulerSuite_DaemonRuntimeUnbound/daemon-unbound/behaviour/runtime_notify_activity_anchors_idle_since (0.00s)
        --- PASS: TestSchedulerSuite_DaemonRuntimeUnbound/daemon-unbound/behaviour/runtime_persist_is_repeatable (0.00s)
=== RUN   TestDetectorSuite_BOCD
=== RUN   TestDetectorSuite_BOCD/bocd/normalized_after_random_observations
=== RUN   TestDetectorSuite_BOCD/bocd/posterior_length_bounded
=== RUN   TestDetectorSuite_BOCD/bocd/marshal_round_trip_reproduces_state
=== RUN   TestDetectorSuite_BOCD/bocd/deterministic_across_instances
--- PASS: TestDetectorSuite_BOCD (0.04s)
    --- PASS: TestDetectorSuite_BOCD/bocd/normalized_after_random_observations (0.03s)
    --- PASS: TestDetectorSuite_BOCD/bocd/posterior_length_bounded (0.00s)
    --- PASS: TestDetectorSuite_BOCD/bocd/marshal_round_trip_reproduces_state (0.00s)
    --- PASS: TestDetectorSuite_BOCD/bocd/deterministic_across_instances (0.01s)
=== RUN   TestWrapServices_FirstToolAfterARestartBindsTheLiveSession
=== PAUSE TestWrapServices_FirstToolAfterARestartBindsTheLiveSession
=== RUN   TestWrapServices_FirstStopOrCapturedPromptAfterARestartBinds
=== PAUSE TestWrapServices_FirstStopOrCapturedPromptAfterARestartBinds
=== RUN   TestWrapServices_ReplyOnlyPromptDoesNotBind
=== PAUSE TestWrapServices_ReplyOnlyPromptDoesNotBind
=== RUN   TestWrapServices_AReplayOfASessionNoHookTouchedDoesNotBind
=== PAUSE TestWrapServices_AReplayOfASessionNoHookTouchedDoesNotBind
=== RUN   TestWrapServices_AHookOfAnotherSessionLeavesTheBoundOneAlone
=== PAUSE TestWrapServices_AHookOfAnotherSessionLeavesTheBoundOneAlone
=== RUN   TestWrapServices_CallsInnerSeamsFirst
=== PAUSE TestWrapServices_CallsInnerSeamsFirst
=== RUN   TestWrapServices_UndecoratedSeamsUntouched
=== PAUSE TestWrapServices_UndecoratedSeamsUntouched
=== RUN   TestWrapServices_NilInnerSeamsTolerated
=== PAUSE TestWrapServices_NilInnerSeamsTolerated
=== RUN   TestWrapServices_ObserveToolDrivesObserve
=== PAUSE TestWrapServices_ObserveToolDrivesObserve
=== RUN   TestWrapServices_ObserveStopRecordsRoundBoundary
=== PAUSE TestWrapServices_ObserveStopRecordsRoundBoundary
=== RUN   TestWrapServices_BoundarySignalsCloseSegment
=== PAUSE TestWrapServices_BoundarySignalsCloseSegment
=== RUN   TestWrapServices_SessionStartBindsAndSessionEndCloses
=== PAUSE TestWrapServices_SessionStartBindsAndSessionEndCloses
=== RUN   TestWrapServices_PromptSeamDoesNoStoreIO
=== PAUSE TestWrapServices_PromptSeamDoesNoStoreIO
=== RUN   TestWrapServices_MissingRecordCounted
=== PAUSE TestWrapServices_MissingRecordCounted
=== RUN   TestWrapServices_NilRuntimeIsNoOp
=== PAUSE TestWrapServices_NilRuntimeIsNoOp
=== RUN   TestWrapServices_PanicRecoveredOncePerSession
=== PAUSE TestWrapServices_PanicRecoveredOncePerSession
=== RUN   TestWrapServices_PreCompactClosesTheCompactedSegmentFirst
=== PAUSE TestWrapServices_PreCompactClosesTheCompactedSegmentFirst
=== RUN   TestWrapServices_PreCompactLeavesAnotherSessionsSegment
=== PAUSE TestWrapServices_PreCompactLeavesAnotherSessionsSegment
=== RUN   TestWrapServices_PreCompactAfterARestartClosesWithThePersistedAccount
=== PAUSE TestWrapServices_PreCompactAfterARestartClosesWithThePersistedAccount
=== RUN   TestWrapServices_PreCompactAfterARestartMergesWhatItObservedSince
=== PAUSE TestWrapServices_PreCompactAfterARestartMergesWhatItObservedSince
=== RUN   TestWrapServices_PreCompactWithNothingObservedLeavesTheSegmentOpen
=== PAUSE TestWrapServices_PreCompactWithNothingObservedLeavesTheSegmentOpen
=== RUN   TestSentinelScan_APromptFromBeforeTheMintIsNoMiss
--- PASS: TestSentinelScan_APromptFromBeforeTheMintIsNoMiss (0.11s)
=== RUN   TestSentinelScan_APromptOfAnotherSessionIsNoMiss
--- PASS: TestSentinelScan_APromptOfAnotherSessionIsNoMiss (0.09s)
=== RUN   TestSentinelScan_ARetriedPromptDeliveryIsOneChance
--- PASS: TestSentinelScan_ARetriedPromptDeliveryIsOneChance (0.11s)
=== RUN   TestSentinelScan_APromptRedeliveredAfterARestartIsOneChance
--- PASS: TestSentinelScan_APromptRedeliveredAfterARestartIsOneChance (0.11s)
=== RUN   TestSentinelScan_ALargeFirstResultDoesNotHideTheProbe
--- PASS: TestSentinelScan_ALargeFirstResultDoesNotHideTheProbe (0.14s)
=== RUN   TestSentinelScan_AProbeMintedMidTranscriptIsFoundPastALargeResult
--- PASS: TestSentinelScan_AProbeMintedMidTranscriptIsFoundPastALargeResult (0.09s)
=== RUN   TestSentinelScan_AnAbsentProbeStillSpendsAChance
--- PASS: TestSentinelScan_AnAbsentProbeStillSpendsAChance (0.10s)
=== RUN   TestSessionEnd_GCPassesQueueBehindTheIdleSchedulersPass
--- PASS: TestSessionEnd_GCPassesQueueBehindTheIdleSchedulersPass (0.47s)
=== RUN   TestSessionStartFork_RecordsTheForksLineage
--- PASS: TestSessionStartFork_RecordsTheForksLineage (0.16s)
=== RUN   TestCompactRehydration_ForkShowsTheParentsOriginal
--- PASS: TestCompactRehydration_ForkShowsTheParentsOriginal (0.12s)
=== RUN   TestSessionStartCompact_SessionsNextEventWaitsForTheBookkeeping
--- PASS: TestSessionStartCompact_SessionsNextEventWaitsForTheBookkeeping (0.34s)
=== RUN   TestSessionStartCompact_BookkeepingGateHonoursCancellation
--- PASS: TestSessionStartCompact_BookkeepingGateHonoursCancellation (0.05s)
=== RUN   TestSessionStartCompact_UnreadableCheckpointStoreIsAnsweredWithTheNote
--- PASS: TestSessionStartCompact_UnreadableCheckpointStoreIsAnsweredWithTheNote (0.05s)
=== RUN   TestSessionStartCompact_StopDuringTheCheckpointReadIsAnsweredAsStopping
--- PASS: TestSessionStartCompact_StopDuringTheCheckpointReadIsAnsweredAsStopping (0.05s)
=== RUN   TestSessionStartCompact_PanickingRehydrationServiceIsAnsweredWithTheNote
--- PASS: TestSessionStartCompact_PanickingRehydrationServiceIsAnsweredWithTheNote (0.04s)
=== RUN   TestSessionStartCompact_FailedRehydrationSeamIsAnsweredWithTheNote
--- PASS: TestSessionStartCompact_FailedRehydrationSeamIsAnsweredWithTheNote (0.04s)
=== RUN   TestSessionStartCompact_DegradedPassiveAnswersNothingForABrokenStore
--- PASS: TestSessionStartCompact_DegradedPassiveAnswersNothingForABrokenStore (0.05s)
=== RUN   TestSessionStartCompact_AnswerDoesNotWaitForTheSessionsIngest
    session_start_compact_test.go:174: answered in 32.6492ms with the session's lock held
--- PASS: TestSessionStartCompact_AnswerDoesNotWaitForTheSessionsIngest (0.11s)
=== RUN   TestSessionStartCompact_LateRehydrationIsAnsweredWithTheDeferredNote
--- PASS: TestSessionStartCompact_LateRehydrationIsAnsweredWithTheDeferredNote (0.22s)
=== RUN   TestSessionStartCompact_ReadyRehydrationIsTheAnswer
--- PASS: TestSessionStartCompact_ReadyRehydrationIsTheAnswer (0.03s)
=== RUN   TestSessionStartCompact_PanickingRehydrationIsAnsweredAtOnce
--- PASS: TestSessionStartCompact_PanickingRehydrationIsAnsweredAtOnce (0.04s)
=== RUN   TestSessionStartCompact_StoppingDaemonAnswersWithTheNote
--- PASS: TestSessionStartCompact_StoppingDaemonAnswersWithTheNote (0.04s)
=== RUN   TestSessionStartCompact_PassiveModeStillActsOnNothing
--- PASS: TestSessionStartCompact_PassiveModeStillActsOnNothing (0.04s)
=== RUN   TestCompactDeferredNote_FitsTheHostCap
--- PASS: TestCompactDeferredNote_FitsTheHostCap (0.00s)
=== RUN   TestCompactAnswerBudget_IsAThirdOfTheManifestTimeout
--- PASS: TestCompactAnswerBudget_IsAThirdOfTheManifestTimeout (0.00s)
=== RUN   TestSessionStartRoute_RecordsItsPhases
--- PASS: TestSessionStartRoute_RecordsItsPhases (0.11s)
=== RUN   TestSessionStartReplay_MintsNoProbeAndAnswersNothing
--- PASS: TestSessionStartReplay_MintsNoProbeAndAnswersNothing (0.06s)
=== RUN   TestSessionStartReplay_NeverDegradesTheProjectTwoPromptsLater
--- PASS: TestSessionStartReplay_NeverDegradesTheProjectTwoPromptsLater (0.09s)
=== RUN   TestSessionStartReplay_WithdrawsTheProbeItsLostAnswerCarried
--- PASS: TestSessionStartReplay_WithdrawsTheProbeItsLostAnswerCarried (0.19s)
=== RUN   TestSessionStartReplay_LeavesTheDegradeBannerToTheNextLiveStart
--- PASS: TestSessionStartReplay_LeavesTheDegradeBannerToTheNextLiveStart (0.18s)
=== RUN   TestSessionStartReplay_OwesTheBannerItsLostAnswerCarried
--- PASS: TestSessionStartReplay_OwesTheBannerItsLostAnswerCarried (0.16s)
=== RUN   TestSessionStartReplay_AnEarlierSessionsProbeIsNotMissedByTheReplayedSession
--- PASS: TestSessionStartReplay_AnEarlierSessionsProbeIsNotMissedByTheReplayedSession (0.15s)
=== RUN   TestSessionStartCompact_ReplayedRequestRecordsItsRehydrationUndelivered
--- PASS: TestSessionStartCompact_ReplayedRequestRecordsItsRehydrationUndelivered (0.04s)
=== RUN   TestSessionStartCompact_LiveRequestIsNotAReplay
--- PASS: TestSessionStartCompact_LiveRequestIsNotAReplay (0.04s)
=== RUN   TestSketchSetNeverWritesTriedBloom
=== PAUSE TestSketchSetNeverWritesTriedBloom
=== RUN   TestNewSketchSet_ConstructsAllFour
=== PAUSE TestNewSketchSet_ConstructsAllFour
=== RUN   TestSketchSetSaveIsNoopWhenNotDirty
=== PAUSE TestSketchSetSaveIsNoopWhenNotDirty
=== RUN   TestSketchSetLoadToleratesStubSketchPackage
=== PAUSE TestSketchSetLoadToleratesStubSketchPackage
=== RUN   TestSketchSetLoad_CorruptFileIsLoud
--- PASS: TestSketchSetLoad_CorruptFileIsLoud (0.05s)
=== RUN   TestSketchSetLoad_AbsentFileIsQuiet
--- PASS: TestSketchSetLoad_AbsentFileIsQuiet (0.01s)
=== RUN   TestSpawnClaim_ALostRaceLeavesNoClaimOnceTheRunningDaemonStops
--- PASS: TestSpawnClaim_ALostRaceLeavesNoClaimOnceTheRunningDaemonStops (0.08s)
=== RUN   TestSpawnClaim_AFlushAfterTheRunningDaemonExitsStartsExactlyOneDaemon
--- PASS: TestSpawnClaim_AFlushAfterTheRunningDaemonExitsStartsExactlyOneDaemon (0.13s)
=== RUN   TestLockRelease_GivesBackTheSpawnClaim
=== PAUSE TestLockRelease_GivesBackTheSpawnClaim
=== RUN   TestEnsureRunning_RefusesTheHomeDirectory
--- PASS: TestEnsureRunning_RefusesTheHomeDirectory (0.18s)
=== RUN   TestSpawnDetached_RefusesTheHomeDirectory
--- PASS: TestSpawnDetached_RefusesTheHomeDirectory (0.02s)
=== RUN   TestEnsureRunning_WaitsForTheDaemonAFreshSpawnLockAnnounces
--- PASS: TestEnsureRunning_WaitsForTheDaemonAFreshSpawnLockAnnounces (0.18s)
=== RUN   TestEnsureRunning_TwoColdHooksStartOneDaemon
--- PASS: TestEnsureRunning_TwoColdHooksStartOneDaemon (0.19s)
=== RUN   TestEnsureRunning_AHookArrivingWhileAStagedSpawnIsStartingWaits
--- PASS: TestEnsureRunning_AHookArrivingWhileAStagedSpawnIsStartingWaits (0.36s)
=== RUN   TestEnsureRunning_ItsSpawnHoldsOffALazySpawn
--- PASS: TestEnsureRunning_ItsSpawnHoldsOffALazySpawn (0.21s)
=== RUN   TestEnsureRunning_AnAbandonedSpawnLockBlocksOnlyUntilItIsStale
--- PASS: TestEnsureRunning_AnAbandonedSpawnLockBlocksOnlyUntilItIsStale (0.38s)
=== RUN   TestEnsureRunning_ReleasesItsClaimWhenTheSpawnFails
--- PASS: TestEnsureRunning_ReleasesItsClaimWhenTheSpawnFails (0.02s)
=== RUN   TestEnsureRunning_ALockItsDaemonFreedIsNoLicenceToSpawn
--- PASS: TestEnsureRunning_ALockItsDaemonFreedIsNoLicenceToSpawn (0.01s)
=== RUN   TestEnsureRunning_AClaimThatGoesStaleMidWaitIsReclaimed
--- PASS: TestEnsureRunning_AClaimThatGoesStaleMidWaitIsReclaimed (1.78s)
=== RUN   TestEnsureRunningUntil_PollsToItsDeadlineNotTheFixedBound
--- PASS: TestEnsureRunningUntil_PollsToItsDeadlineNotTheFixedBound (1.83s)
=== RUN   TestEnsureRunningUntil_ALateSpawnStillGetsTheClassicWait
--- PASS: TestEnsureRunningUntil_ALateSpawnStillGetsTheClassicWait (0.18s)
=== RUN   TestEnsureRunningUntil_APassedDeadlineStillStartsADaemon
--- PASS: TestEnsureRunningUntil_APassedDeadlineStillStartsADaemon (0.01s)
=== RUN   TestEnsureRunningUntil_ThePollEndsAtItsDeadline
=== RUN   TestEnsureRunningUntil_ThePollEndsAtItsDeadline/claim_held_to_the_end
=== PAUSE TestEnsureRunningUntil_ThePollEndsAtItsDeadline/claim_held_to_the_end
=== RUN   TestEnsureRunningUntil_ThePollEndsAtItsDeadline/claim_freed_near_the_end
=== PAUSE TestEnsureRunningUntil_ThePollEndsAtItsDeadline/claim_freed_near_the_end
=== CONT  TestEnsureRunningUntil_ThePollEndsAtItsDeadline/claim_held_to_the_end
=== CONT  TestEnsureRunningUntil_ThePollEndsAtItsDeadline/claim_freed_near_the_end
=== NAME  TestEnsureRunningUntil_ThePollEndsAtItsDeadline/claim_held_to_the_end
    spawn_lock_test.go:544: the poll returned 252.3µs after its deadline
=== NAME  TestEnsureRunningUntil_ThePollEndsAtItsDeadline/claim_freed_near_the_end
    spawn_lock_test.go:544: the poll returned 1.298ms after its deadline
--- PASS: TestEnsureRunningUntil_ThePollEndsAtItsDeadline (0.00s)
    --- PASS: TestEnsureRunningUntil_ThePollEndsAtItsDeadline/claim_held_to_the_end (1.01s)
    --- PASS: TestEnsureRunningUntil_ThePollEndsAtItsDeadline/claim_freed_near_the_end (1.01s)
=== RUN   TestWaitForTick_EndsAtTheDeadlineNotTheTick
--- PASS: TestWaitForTick_EndsAtTheDeadlineNotTheTick (0.23s)
=== RUN   TestStageBinary_CopiesOnceUnderTheContentAddress
=== PAUSE TestStageBinary_CopiesOnceUnderTheContentAddress
=== RUN   TestStageBinary_ReplacesATamperedCopy
=== PAUSE TestStageBinary_ReplacesATamperedCopy
=== RUN   TestVerifyStaged_RefusesACopyRemovedOrReplacedWhileItIsHashed
=== PAUSE TestVerifyStaged_RefusesACopyRemovedOrReplacedWhileItIsHashed
=== RUN   TestStageBinary_ReplacesANonFileAtTheTarget
=== PAUSE TestStageBinary_ReplacesANonFileAtTheTarget
=== RUN   TestStageBinary_RefusesWithoutAHome
=== PAUSE TestStageBinary_RefusesWithoutAHome
=== RUN   TestStageBinary_UnreadableSourceFails
=== PAUSE TestStageBinary_UnreadableSourceFails
=== RUN   TestStageBinary_PrunesOtherVersions
=== PAUSE TestStageBinary_PrunesOtherVersions
=== RUN   TestStageBinary_ConcurrentSpawnersAgree
=== PAUSE TestStageBinary_ConcurrentSpawnersAgree
=== RUN   TestCopyStaged_NeverReplacesAnInstalledCopy
=== PAUSE TestCopyStaged_NeverReplacesAnInstalledCopy
=== RUN   TestDaemonProgram_StagesOnlyWhereEnabled
=== PAUSE TestDaemonProgram_StagesOnlyWhereEnabled
=== RUN   TestDaemonProgram_StagesAPluginLayoutWithoutTheVariable
=== PAUSE TestDaemonProgram_StagesAPluginLayoutWithoutTheVariable
=== RUN   TestDaemonWorkingDir
=== PAUSE TestDaemonWorkingDir
=== RUN   TestRunningFromPluginRoot
=== PAUSE TestRunningFromPluginRoot
=== RUN   TestRun_ReportsRunningFromThePluginDirectory
--- PASS: TestRun_ReportsRunningFromThePluginDirectory (0.05s)
=== RUN   TestStageBinary_VerifiesACopyItsRenamerStillHolds
=== PAUSE TestStageBinary_VerifiesACopyItsRenamerStillHolds
=== RUN   TestStageBinary_StartsACopyItsRenamerStillHolds
=== PAUSE TestStageBinary_StartsACopyItsRenamerStillHolds
=== RUN   TestStageBinary_NeverRemovesACopyHeldOpen
=== PAUSE TestStageBinary_NeverRemovesACopyHeldOpen
=== RUN   TestStageBinary_RestagesACopyItCanNeverRead
=== PAUSE TestStageBinary_RestagesACopyItCanNeverRead
=== RUN   TestBuildSpawnEnv_StripsFaultAddsProjectRoot
=== PAUSE TestBuildSpawnEnv_StripsFaultAddsProjectRoot
=== RUN   TestBuildSpawnEnv_StripIsCaseInsensitive
=== PAUSE TestBuildSpawnEnv_StripIsCaseInsensitive
=== RUN   TestBuildSpawnEnv_NoFaultEntryIsUnaffected
=== PAUSE TestBuildSpawnEnv_NoFaultEntryIsUnaffected
=== RUN   TestBuildSpawnCommand_ShapesArgvAndSysProcAttr
=== PAUSE TestBuildSpawnCommand_ShapesArgvAndSysProcAttr
=== RUN   TestEnsureRunning_AlreadyRunningNeverSpawns
--- PASS: TestEnsureRunning_AlreadyRunningNeverSpawns (0.01s)
=== RUN   TestEnsureRunning_SpawnFailureReportsImmediately
=== PAUSE TestEnsureRunning_SpawnFailureReportsImmediately
=== RUN   TestSpoolWatch_AClientSpoolIsPublishedWhileItsSessionIsActive
--- PASS: TestSpoolWatch_AClientSpoolIsPublishedWhileItsSessionIsActive (0.61s)
=== RUN   TestSpoolWatch_ASpoolWaitingOnItsSessionIsRetriedWithNoFurtherHook
--- PASS: TestSpoolWatch_ASpoolWaitingOnItsSessionIsRetriedWithNoFurtherHook (0.38s)
=== RUN   TestSpoolWatch_AnUnconsumableSpoolIsRetriedWithBackoffNotEveryTick
--- PASS: TestSpoolWatch_AnUnconsumableSpoolIsRetriedWithBackoffNotEveryTick (3.48s)
=== RUN   TestSpoolWatch_AClientSpoolSlowerThanAPassBudgetIsPublished
--- PASS: TestSpoolWatch_AClientSpoolSlowerThanAPassBudgetIsPublished (3.33s)
=== RUN   TestSpoolWatch_APassItsBudgetCutShortDoesNotBackOffTheSpoolsItLeft
--- PASS: TestSpoolWatch_APassItsBudgetCutShortDoesNotBackOffTheSpoolsItLeft (2.31s)
=== RUN   TestSpoolWatch_ABudgetStopKeepsTheBackoffOfTheSpoolsItReached
--- PASS: TestSpoolWatch_ABudgetStopKeepsTheBackoffOfTheSpoolsItReached (2.33s)
=== RUN   TestDrainClientSpools_ABudgetedPassWhoseSyncsOutlastItsBudgetStillConsumesALine
--- PASS: TestDrainClientSpools_ABudgetedPassWhoseSyncsOutlastItsBudgetStillConsumesALine (2.28s)
=== RUN   TestSpoolWatch_DoesNothingWithoutAKick
--- PASS: TestSpoolWatch_DoesNothingWithoutAKick (0.46s)
=== RUN   TestDrainClientSpools_LeavesWALSegmentsToTheWorkerPool
--- PASS: TestDrainClientSpools_LeavesWALSegmentsToTheWorkerPool (0.28s)
=== RUN   TestDrainClientSpools_DefersTheSpooledCopyOfADeliveryInFlight
--- PASS: TestDrainClientSpools_DefersTheSpooledCopyOfADeliveryInFlight (0.30s)
=== RUN   TestSpoolWatch_KnowsTheClientSpoolFamily
--- PASS: TestSpoolWatch_KnowsTheClientSpoolFamily (0.00s)
=== RUN   TestSpoolRetryAfter_Doubles
--- PASS: TestSpoolRetryAfter_Doubles (0.00s)
=== RUN   TestRun_AcceptsDialsWhileItsStartupDrainRuns
--- PASS: TestRun_AcceptsDialsWhileItsStartupDrainRuns (0.56s)
=== RUN   TestRun_LogsATakenOverLockAndASpoolReplay
--- PASS: TestRun_LogsATakenOverLockAndASpoolReplay (0.13s)
=== RUN   TestCadenceFinalizesWhenDraftReachesBudget
=== RUN   TestCadenceFinalizesWhenDraftReachesBudget/the_draft_prices_at_or_above_the_budget
=== RUN   TestCadenceFinalizesWhenDraftReachesBudget/the_draft_absorbed_eight_segments_while_still_under_budget
--- PASS: TestCadenceFinalizesWhenDraftReachesBudget (0.23s)
    --- PASS: TestCadenceFinalizesWhenDraftReachesBudget/the_draft_prices_at_or_above_the_budget (0.12s)
    --- PASS: TestCadenceFinalizesWhenDraftReachesBudget/the_draft_absorbed_eight_segments_while_still_under_budget (0.11s)
=== RUN   TestCadenceSealsNothingWhenNeitherConditionHolds
--- PASS: TestCadenceSealsNothingWhenNeitherConditionHolds (0.04s)
=== RUN   TestAdvanceFrontierOpensNoDraftForASessionWithNothingToEncode
--- PASS: TestAdvanceFrontierOpensNoDraftForASessionWithNothingToEncode (0.05s)
=== RUN   TestACancelledContextStopsTheFrontierSweep
--- PASS: TestACancelledContextStopsTheFrontierSweep (0.04s)
=== RUN   TestACancelledContextStopsTheCadenceLoop
--- PASS: TestACancelledContextStopsTheCadenceLoop (0.04s)
=== RUN   TestADPIViolationIsLoggedLoudAndSkipped
=== RUN   TestADPIViolationIsLoggedLoudAndSkipped/the_violation_is_the_only_thing_that_went_wrong
=== RUN   TestADPIViolationIsLoggedLoudAndSkipped/an_unrelated_failure_elsewhere_in_the_sweep_does_not_hide_it
--- PASS: TestADPIViolationIsLoggedLoudAndSkipped (0.11s)
    --- PASS: TestADPIViolationIsLoggedLoudAndSkipped/the_violation_is_the_only_thing_that_went_wrong (0.07s)
    --- PASS: TestADPIViolationIsLoggedLoudAndSkipped/an_unrelated_failure_elsewhere_in_the_sweep_does_not_hide_it (0.04s)
=== RUN   TestTheSweepReportsEvidenceItCannotVerify
--- PASS: TestTheSweepReportsEvidenceItCannotVerify (0.04s)
=== RUN   TestPrecompactDeadlineIsLeftUnsetWhenTheManifestDeclaresNoTimeout
=== PAUSE TestPrecompactDeadlineIsLeftUnsetWhenTheManifestDeclaresNoTimeout
=== RUN   TestPrecompactDeadlineIsNestedInsideTheClientWait
=== PAUSE TestPrecompactDeadlineIsNestedInsideTheClientWait
=== RUN   TestDaemonLogReachesTheConstructedDaemonsLogger
=== PAUSE TestDaemonLogReachesTheConstructedDaemonsLogger
=== RUN   TestWireCheckpointResolvesItsSourcesLive
--- PASS: TestWireCheckpointResolvesItsSourcesLive (0.06s)
=== RUN   TestWireCheckpointWithoutASupplierStillValidatesItsFrozenSet
--- PASS: TestWireCheckpointWithoutASupplierStillValidatesItsFrozenSet (0.04s)
=== RUN   TestBindCheckpointSealsOnTheFirstPreCompact
--- PASS: TestBindCheckpointSealsOnTheFirstPreCompact (0.09s)
=== RUN   TestBindCheckpointDegradesWhenTheLedgerCannotBeOpened
--- PASS: TestBindCheckpointDegradesWhenTheLedgerCannotBeOpened (0.03s)
=== RUN   TestArmSourcesOpensNothingWhenTheSourcesAlreadyResolve
--- PASS: TestArmSourcesOpensNothingWhenTheSourcesAlreadyResolve (0.07s)
=== RUN   TestStopClosesTheLedgerTheDaemonOpened
--- PASS: TestStopClosesTheLedgerTheDaemonOpened (0.03s)
=== RUN   TestService_CompactEmitsAdditionalContext
--- PASS: TestService_CompactEmitsAdditionalContext (0.05s)
=== RUN   TestService_ReinjectionKillSwitchEmitsNothing
--- PASS: TestService_ReinjectionKillSwitchEmitsNothing (0.02s)
=== RUN   TestService_DegradedPassiveEmitsNothing
--- PASS: TestService_DegradedPassiveEmitsNothing (0.02s)
=== RUN   TestService_CheckpointNotFoundStillEmits
--- PASS: TestService_CheckpointNotFoundStillEmits (0.04s)
=== RUN   TestService_CheckpointErrorAnswersWithTheDeferredNote
--- PASS: TestService_CheckpointErrorAnswersWithTheDeferredNote (0.04s)
=== RUN   TestService_BuildFailureAnswersWithTheDeferredNote
--- PASS: TestService_BuildFailureAnswersWithTheDeferredNote (0.04s)
=== RUN   TestService_CancelledCheckpointReadAnswersThatTheDaemonWasStopping
--- PASS: TestService_CancelledCheckpointReadAnswersThatTheDaemonWasStopping (0.07s)
=== RUN   TestService_UnreadableCheckpointManifestAnswersWithTheDeferredNote
--- PASS: TestService_UnreadableCheckpointManifestAnswersWithTheDeferredNote (0.05s)
=== RUN   TestService_UndecodableCheckpointAnswersWithTheDeferredNote
--- PASS: TestService_UndecodableCheckpointAnswersWithTheDeferredNote (0.05s)
=== RUN   TestService_UnverifiableCheckpointStillRehydratesWithoutIt
--- PASS: TestService_UnverifiableCheckpointStillRehydratesWithoutIt (0.05s)
=== RUN   TestService_ResumedOrForkedSessionInheritsProjectCheckpoint
--- PASS: TestService_ResumedOrForkedSessionInheritsProjectCheckpoint (0.03s)
=== RUN   TestService_FreshServiceInstanceNeedsNoWarmup
--- PASS: TestService_FreshServiceInstanceNeedsNoWarmup (0.03s)
=== RUN   TestService_RepeatedCompactionIsIndependentAndDoesNotReingestItsOwnInjection
--- PASS: TestService_RepeatedCompactionIsIndependentAndDoesNotReingestItsOwnInjection (0.05s)
=== RUN   TestService_DuplicateCompactEventIsHandledConsistently
--- PASS: TestService_DuplicateCompactEventIsHandledConsistently (0.04s)
=== RUN   TestService_OutOfOrderCheckpointDeliveryReflectsWhateverIsCurrentlyLatest
--- PASS: TestService_OutOfOrderCheckpointDeliveryReflectsWhateverIsCurrentlyLatest (0.06s)
=== RUN   TestService_MissingSessionIDDoesNotPanic
--- PASS: TestService_MissingSessionIDDoesNotPanic (0.03s)
=== RUN   TestService_PanicRecovered
--- PASS: TestService_PanicRecovered (0.04s)
=== RUN   TestService_RecordsState
--- PASS: TestService_RecordsState (0.04s)
=== RUN   TestService_StateWriteFailureStillEmits
    rehydrate_service_test.go:970: platform: a directory mode bit does not deny file creation on Windows
--- SKIP: TestService_StateWriteFailureStillEmits (0.00s)
=== RUN   TestService_ClearResetsState
--- PASS: TestService_ClearResetsState (0.03s)
=== RUN   TestService_ClearOnMissingStateIsNoOp
--- PASS: TestService_ClearOnMissingStateIsNoOp (0.03s)
=== RUN   TestService_DeclaresAdditionalContextProducer
--- PASS: TestService_DeclaresAdditionalContextProducer (0.03s)
=== RUN   TestService_OffersTheAnswerThenRecordsIt
--- PASS: TestService_OffersTheAnswerThenRecordsIt (0.04s)
=== RUN   TestService_AbandonedRehydrationRecordsItselfUndelivered
--- PASS: TestService_AbandonedRehydrationRecordsItselfUndelivered (0.05s)
=== RUN   TestService_RouteRehydratesMarkBuildsNothing
--- PASS: TestService_RouteRehydratesMarkBuildsNothing (0.03s)
=== RUN   TestService_ReplayedRehydrationRecordsWhyItWasNotDelivered
--- PASS: TestService_ReplayedRehydrationRecordsWhyItWasNotDelivered (0.04s)
=== RUN   TestService_ReplayedUnbuildableRehydrationSaysWhatTheHookAnswered
--- PASS: TestService_ReplayedUnbuildableRehydrationSaysWhatTheHookAnswered (0.04s)
=== RUN   TestScopedReuse_ReportOnlyIsAStateNotAnAbsence
=== PAUSE TestScopedReuse_ReportOnlyIsAStateNotAnAbsence
=== RUN   TestScopedReuse_ADisabledFeatureAndAnEmptyResultAreDifferent
=== PAUSE TestScopedReuse_ADisabledFeatureAndAnEmptyResultAreDifferent
=== RUN   TestScopedReuse_OffersASiblingWorktreesEliminationWithItsAttribution
=== PAUSE TestScopedReuse_OffersASiblingWorktreesEliminationWithItsAttribution
=== RUN   TestScopedReuse_NoGrantOffersNothingEvenWithTheSwitchOn
=== PAUSE TestScopedReuse_NoGrantOffersNothingEvenWithTheSwitchOn
=== RUN   TestScopedReuse_WithheldAndDeniedAreCountedApart
=== PAUSE TestScopedReuse_WithheldAndDeniedAreCountedApart
=== RUN   TestScopedReuse_CrossRepositoryIsDeniedByTheBroadestGrant
=== PAUSE TestScopedReuse_CrossRepositoryIsDeniedByTheBroadestGrant
=== RUN   TestScopedReuse_DegradedDependencyCoverageWithholdsEverything
=== PAUSE TestScopedReuse_DegradedDependencyCoverageWithholdsEverything
=== RUN   TestScopedReuse_UnobservedScopeWithholdsRatherThanMatching
=== PAUSE TestScopedReuse_UnobservedScopeWithholdsRatherThanMatching
=== RUN   TestScopedReuse_OmissionsAreGroupedByReason
=== PAUSE TestScopedReuse_OmissionsAreGroupedByReason
=== RUN   TestScopedReuse_ADaemonCannotMintItsOwnGrant
=== PAUSE TestScopedReuse_ADaemonCannotMintItsOwnGrant
=== RUN   TestObserveScope_TwoWorktreesShareARepositoryAndDifferInTree
=== PAUSE TestObserveScope_TwoWorktreesShareARepositoryAndDifferInTree
=== RUN   TestObserveScope_TwoUnrelatedRepositoriesNeverRelate
=== PAUSE TestObserveScope_TwoUnrelatedRepositoriesNeverRelate
=== RUN   TestObserveScope_SameWorktreeAcrossSessions
=== PAUSE TestObserveScope_SameWorktreeAcrossSessions
=== RUN   TestObserveScope_NothingFailsAndEveryGapIsNamed
=== PAUSE TestObserveScope_NothingFailsAndEveryGapIsNamed
=== RUN   TestObserveScope_DetachedHeadHasNoBranch
=== PAUSE TestObserveScope_DetachedHeadHasNoBranch
=== RUN   TestObserveScope_ReadsAPackedRef
=== PAUSE TestObserveScope_ReadsAPackedRef
=== RUN   TestObserveScope_AWorktreesOwnRefShadowsTheCommonOne
=== PAUSE TestObserveScope_AWorktreesOwnRefShadowsTheCommonOne
=== RUN   TestObserveScope_AWorktreeWithNoCommondirLooksLikeItsOwnRepository
=== PAUSE TestObserveScope_AWorktreeWithNoCommondirLooksLikeItsOwnRepository
=== RUN   TestObserveScope_IsStableAcrossCalls
=== PAUSE TestObserveScope_IsStableAcrossCalls
=== CONT  TestStageBinary_RestagesACopyItCanNeverRead
=== CONT  TestResolveBlob_NilEventLeavesBlobFileUntouched
=== CONT  TestFrontier_AdvanceCallsWriterWithClosedUnencodedOnly
=== CONT  TestScopedReuse_CrossRepositoryIsDeniedByTheBroadestGrant
=== CONT  TestIngestHoldsWALAnswersForTheCurrentSegmentOnly
=== CONT  TestDeliveryJournal_GenerationAckArchivesWithItsWindowAndSettlesTheFrontier
=== CONT  TestDeliveryRollover_DormantSessionContinuesArrivals
=== CONT  TestRuntime_ObserveClosesSegmentOnChangepoint
=== CONT  TestWrapServices_PreCompactAfterARestartClosesWithThePersistedAccount
=== CONT  TestObserveScope_SameWorktreeAcrossSessions
=== CONT  TestNewSchedulerRuntime_EmptySessionIsLegal
=== CONT  TestObserveScope_IsStableAcrossCalls
=== CONT  TestObserveScope_AWorktreeWithNoCommondirLooksLikeItsOwnRepository
=== CONT  TestObserveScope_AWorktreesOwnRefShadowsTheCommonOne
=== CONT  TestObserveScope_ReadsAPackedRef
=== CONT  TestObserveScope_DetachedHeadHasNoBranch
=== CONT  TestObserveScope_NothingFailsAndEveryGapIsNamed
=== RUN   TestObserveScope_NothingFailsAndEveryGapIsNamed/no_git_at_all
=== PAUSE TestObserveScope_NothingFailsAndEveryGapIsNamed/no_git_at_all
=== RUN   TestObserveScope_NothingFailsAndEveryGapIsNamed/no_session_id
=== PAUSE TestObserveScope_NothingFailsAndEveryGapIsNamed/no_session_id
=== RUN   TestObserveScope_NothingFailsAndEveryGapIsNamed/unreadable_HEAD
=== PAUSE TestObserveScope_NothingFailsAndEveryGapIsNamed/unreadable_HEAD
=== RUN   TestObserveScope_NothingFailsAndEveryGapIsNamed/a_branch_with_no_commit_yet
=== PAUSE TestObserveScope_NothingFailsAndEveryGapIsNamed/a_branch_with_no_commit_yet
=== RUN   TestObserveScope_NothingFailsAndEveryGapIsNamed/a_dangling_worktree_gitdir
=== PAUSE TestObserveScope_NothingFailsAndEveryGapIsNamed/a_dangling_worktree_gitdir
=== RUN   TestObserveScope_NothingFailsAndEveryGapIsNamed/a_.git_file_that_is_not_a_gitdir_pointer
=== PAUSE TestObserveScope_NothingFailsAndEveryGapIsNamed/a_.git_file_that_is_not_a_gitdir_pointer
=== CONT  TestRuntime_OpenSegmentTokensResetOnClose
=== CONT  TestRuntime_ConcurrentObserveEvaluatePersist
=== CONT  TestRuntime_ChangepointTurnsCapped
=== CONT  TestSchedulerSnapshotOf_ReportsRuntimeState
=== CONT  TestRuntime_CloseIsIdempotent
=== CONT  TestRuntime_NoteAPIRoundRecordsBoundary
--- PASS: TestFrontier_AdvanceCallsWriterWithClosedUnencodedOnly (0.02s)
=== CONT  TestRuntime_CorruptStateFilesSelfHeal
--- PASS: TestResolveBlob_NilEventLeavesBlobFileUntouched (0.03s)
=== CONT  TestRuntime_StateDiscardedOnFeatureListChange
--- PASS: TestNewSchedulerRuntime_EmptySessionIsLegal (0.03s)
=== CONT  TestRuntime_StateDiscardedOnHazardChange
--- PASS: TestRuntime_ObserveClosesSegmentOnChangepoint (0.03s)
=== CONT  TestRuntime_StateDiscardedOnSessionMismatch
--- PASS: TestRuntime_OpenSegmentTokensResetOnClose (0.03s)
=== CONT  TestRuntime_PersistRoundTrip_FutureStampRepaired
--- PASS: TestRuntime_NoteAPIRoundRecordsBoundary (0.04s)
=== CONT  TestRuntime_PersistRoundTrip
--- PASS: TestSchedulerSnapshotOf_ReportsRuntimeState (0.04s)
=== CONT  TestRuntime_NotifyActivitySetsAPICallClock
--- PASS: TestIngestHoldsWALAnswersForTheCurrentSegmentOnly (0.05s)
=== CONT  TestRuntime_BurnRateEWMA
--- PASS: TestObserveScope_ReadsAPackedRef (0.06s)
=== CONT  TestRuntime_DeltaEWMA
--- PASS: TestObserveScope_IsStableAcrossCalls (0.06s)
=== CONT  TestRuntime_DeltaPtrNilUntilMeasured
--- PASS: TestObserveScope_SameWorktreeAcrossSessions (0.06s)
=== CONT  TestRuntime_EvaluateSuppliesLambdaFromSelectionConfig
--- PASS: TestRuntime_NotifyActivitySetsAPICallClock (0.03s)
=== CONT  TestRuntime_EvaluateProducesDecision
--- PASS: TestObserveScope_DetachedHeadHasNoBranch (0.07s)
=== CONT  TestRuntime_ObserveNoOpWhenAdvanceOnSegmentCloseFalse
--- PASS: TestScopedReuse_CrossRepositoryIsDeniedByTheBroadestGrant (0.07s)
=== CONT  TestRuntime_ObserveDeclaresAndRecordsChangepoint
--- PASS: TestWrapServices_PreCompactAfterARestartClosesWithThePersistedAccount (0.08s)
=== CONT  TestRuntime_ContextTokensFromSegments
--- PASS: TestRuntime_BurnRateEWMA (0.03s)
=== CONT  TestResolveWindow_HostVariables
=== RUN   TestResolveWindow_HostVariables/disable_compact_caps_urgency_at_advisory
=== PAUSE TestResolveWindow_HostVariables/disable_compact_caps_urgency_at_advisory
=== RUN   TestResolveWindow_HostVariables/hard_ceiling_without_disable_compact_is_urgency_now
=== PAUSE TestResolveWindow_HostVariables/hard_ceiling_without_disable_compact_is_urgency_now
=== RUN   TestResolveWindow_HostVariables/max_context_tokens_outranks_host_default
=== PAUSE TestResolveWindow_HostVariables/max_context_tokens_outranks_host_default
=== RUN   TestResolveWindow_HostVariables/max_context_tokens_does_not_outrank_autocompact
=== PAUSE TestResolveWindow_HostVariables/max_context_tokens_does_not_outrank_autocompact
=== RUN   TestResolveWindow_HostVariables/max_context_tokens_is_clamped_to_range
=== PAUSE TestResolveWindow_HostVariables/max_context_tokens_is_clamped_to_range
=== RUN   TestResolveWindow_HostVariables/disable_1m_context_without_a_clamp_stamps_nothing
=== PAUSE TestResolveWindow_HostVariables/disable_1m_context_without_a_clamp_stamps_nothing
=== RUN   TestResolveWindow_HostVariables/disable_1m_context_clamps_after_every_rung
=== PAUSE TestResolveWindow_HostVariables/disable_1m_context_clamps_after_every_rung
=== RUN   TestResolveWindow_HostVariables/disable_1m_context_clamps_the_autocompact_rung_too
=== PAUSE TestResolveWindow_HostVariables/disable_1m_context_clamps_the_autocompact_rung_too
=== RUN   TestResolveWindow_HostVariables/unknown_model_enforcement_off_is_advisory_with_a_normal_window
=== PAUSE TestResolveWindow_HostVariables/unknown_model_enforcement_off_is_advisory_with_a_normal_window
=== RUN   TestResolveWindow_HostVariables/falsy_spellings_do_not_bind
=== PAUSE TestResolveWindow_HostVariables/falsy_spellings_do_not_bind
=== CONT  TestRuntime_WindowResolutionLadder
=== RUN   TestRuntime_WindowResolutionLadder/autocompact
=== PAUSE TestRuntime_WindowResolutionLadder/autocompact
=== RUN   TestRuntime_WindowResolutionLadder/override
=== PAUSE TestRuntime_WindowResolutionLadder/override
=== RUN   TestRuntime_WindowResolutionLadder/host_default
=== PAUSE TestRuntime_WindowResolutionLadder/host_default
=== RUN   TestRuntime_WindowResolutionLadder/autocompact_below_range_clamped
=== PAUSE TestRuntime_WindowResolutionLadder/autocompact_below_range_clamped
=== RUN   TestRuntime_WindowResolutionLadder/autocompact_above_range_clamped
=== PAUSE TestRuntime_WindowResolutionLadder/autocompact_above_range_clamped
=== RUN   TestRuntime_WindowResolutionLadder/autocompact_garbage_falls_through
=== PAUSE TestRuntime_WindowResolutionLadder/autocompact_garbage_falls_through
=== RUN   TestRuntime_WindowResolutionLadder/autocompact_empty_falls_through
=== PAUSE TestRuntime_WindowResolutionLadder/autocompact_empty_falls_through
=== RUN   TestRuntime_WindowResolutionLadder/autocompact_zero_falls_through
=== PAUSE TestRuntime_WindowResolutionLadder/autocompact_zero_falls_through
=== RUN   TestRuntime_WindowResolutionLadder/autocompact_negative_falls_through
=== PAUSE TestRuntime_WindowResolutionLadder/autocompact_negative_falls_through
=== RUN   TestRuntime_WindowResolutionLadder/autocompact_outranks_override
=== PAUSE TestRuntime_WindowResolutionLadder/autocompact_outranks_override
=== RUN   TestRuntime_WindowResolutionLadder/override_without_max_output_uses_host_default_output
=== PAUSE TestRuntime_WindowResolutionLadder/override_without_max_output_uses_host_default_output
=== RUN   TestRuntime_WindowResolutionLadder/override_leaving_no_window_falls_through_to_host_default
=== PAUSE TestRuntime_WindowResolutionLadder/override_leaving_no_window_falls_through_to_host_default
=== CONT  TestScopedReuse_ADaemonCannotMintItsOwnGrant
--- PASS: TestRuntime_CloseIsIdempotent (0.08s)
=== CONT  TestObserveScope_TwoUnrelatedRepositoriesNeverRelate
--- PASS: TestRuntime_DeltaEWMA (0.02s)
=== CONT  TestObserveScope_TwoWorktreesShareARepositoryAndDifferInTree
--- PASS: TestObserveScope_AWorktreeWithNoCommondirLooksLikeItsOwnRepository (0.09s)
=== CONT  TestDeliverySealSegment_CorruptPredecessorPageWithFirstArrivalRefused
--- PASS: TestRuntime_DeltaPtrNilUntilMeasured (0.03s)
=== CONT  TestIngestRemoveDrainedWALRefusesHeldAndGrownSegments
--- PASS: TestRuntime_EvaluateSuppliesLambdaFromSelectionConfig (0.03s)
=== CONT  TestStragglerAfterSessionEndIsNotLostWithItsReopenedSegment
--- PASS: TestRuntime_CorruptStateFilesSelfHeal (0.07s)
=== CONT  TestDrainRemovesClosedRotatedSegmentsAndKeepsTheHeldOne
=== CONT  TestDrainPassIsBoundedByItsOwnSnapshotOfAGrowingSpoolFile
--- PASS: TestStageBinary_RestagesACopyItCanNeverRead (0.10s)
--- PASS: TestRuntime_StateDiscardedOnFeatureListChange (0.08s)
=== CONT  TestDrainDoesNotRemoveAWALThatGrewBeforeTheRemovalDecision
--- PASS: TestRuntime_ObserveNoOpWhenAdvanceOnSegmentCloseFalse (0.04s)
=== CONT  TestDrainKeepsTheWALOfASessionLiveByTrafficAlone
--- PASS: TestRuntime_ObserveDeclaresAndRecordsChangepoint (0.04s)
=== CONT  TestDrainKeepsTheWALTheIngestHoldsForAnUnregisteredSession
--- PASS: TestRuntime_ContextTokensFromSegments (0.03s)
=== CONT  TestDeliveryTerminal_RotationDefersDispositionWithoutDeadlock
--- PASS: TestRuntime_StateDiscardedOnHazardChange (0.09s)
=== CONT  TestDeliveryTerminal_ArchivedDenialSettlesOrderingWithoutCaptureAck
--- PASS: TestRuntime_EvaluateProducesDecision (0.05s)
=== CONT  TestDeliverySealSegment_SegmentDirNotADirectoryRefused
--- PASS: TestObserveScope_AWorktreesOwnRefShadowsTheCommonOne (0.12s)
=== CONT  TestDeliverySealSegment_TornGenerationManifestRefused
--- PASS: TestRuntime_StateDiscardedOnSessionMismatch (0.09s)
=== CONT  TestWrapServices_PromptSeamDoesNoStoreIO
--- PASS: TestRuntime_PersistRoundTrip (0.10s)
=== CONT  TestWrapServices_PreCompactLeavesAnotherSessionsSegment
--- PASS: TestRuntime_PersistRoundTrip_FutureStampRepaired (0.10s)
=== CONT  TestWrapServices_PreCompactClosesTheCompactedSegmentFirst
--- PASS: TestIngestRemoveDrainedWALRefusesHeldAndGrownSegments (0.05s)
=== CONT  TestWrapServices_PanicRecoveredOncePerSession
--- PASS: TestWrapServices_PromptSeamDoesNoStoreIO (0.03s)
=== CONT  TestWrapServices_NilRuntimeIsNoOp
--- PASS: TestWrapServices_NilRuntimeIsNoOp (0.00s)
=== CONT  TestWrapServices_MissingRecordCounted
--- PASS: TestWrapServices_PreCompactLeavesAnotherSessionsSegment (0.02s)
=== CONT  TestDeliveryRollover_ArchiveIsIdempotentAfterAnInterruptedAttempt
--- PASS: TestWrapServices_PreCompactClosesTheCompactedSegmentFirst (0.02s)
=== CONT  TestDeliveryRollover_RestartAcrossRotation
--- PASS: TestObserveScope_TwoUnrelatedRepositoriesNeverRelate (0.09s)
=== CONT  TestDeliveryRollover_SeventyLiveRotationsPreserveIdentity
--- PASS: TestWrapServices_PanicRecoveredOncePerSession (0.03s)
=== CONT  TestDeliveryRollover_CrossesCapacitySeamAndAdvancesSegment
--- PASS: TestWrapServices_MissingRecordCounted (0.03s)
=== CONT  TestDeliveryRollover_ConcurrentCallersNeverSeeARotationAsABudgetRefusal
--- PASS: TestScopedReuse_ADaemonCannotMintItsOwnGrant (0.11s)
=== CONT  TestDeliveryRollover_InterruptedRotationRollsForwardAtOpen
--- PASS: TestObserveScope_TwoWorktreesShareARepositoryAndDifferInTree (0.11s)
=== CONT  TestDeliveryRollover_RedeliveredAcknowledgementOfArchivedDeliveryAppendsNothing
=== CONT  TestDeliveryRollover_AcknowledgementJournalRotatesAtItsOwnThreshold
--- PASS: TestDrainKeepsTheWALTheIngestHoldsForAnUnregisteredSession (0.18s)
--- PASS: TestDrainPassIsBoundedByItsOwnSnapshotOfAGrowingSpoolFile (0.20s)
=== CONT  TestDeliveryRollover_ArchivedSettlementIsMirroredAtOnce
--- PASS: TestDrainKeepsTheWALOfASessionLiveByTrafficAlone (0.19s)
=== CONT  TestDeliveryRollover_RotationArchivesTheWholeOutgoingWindow
--- PASS: TestDrainRemovesClosedRotatedSegmentsAndKeepsTheHeldOne (0.22s)
=== CONT  TestDeliveryRollover_HotPathLeavesTheGenerationStoreUntouched
--- PASS: TestDrainDoesNotRemoveAWALThatGrewBeforeTheRemovalDecision (0.23s)
=== CONT  TestDeliveryRollover_ArchiveRefusesAConflictingLease
--- PASS: TestDeliveryTerminal_RotationDefersDispositionWithoutDeadlock (0.27s)
=== CONT  TestHandleOverridesDefaultRoute
--- PASS: TestHandleOverridesDefaultRoute (0.01s)
=== CONT  TestFrontier_NoCloseWithoutCurrentSegment
--- PASS: TestFrontier_NoCloseWithoutCurrentSegment (0.01s)
=== CONT  TestFrontier_CloseOnGitCommit
--- PASS: TestFrontier_CloseOnGitCommit (0.00s)
=== CONT  TestFrontier_CloseOnTestPassed
--- PASS: TestFrontier_CloseOnTestPassed (0.00s)
=== CONT  TestFrontier_CloseOnTodoCompleted
--- PASS: TestFrontier_CloseOnTodoCompleted (0.01s)
=== CONT  TestFeaturesFrom_LexicalCohesionShingleCap
--- PASS: TestFeaturesFrom_LexicalCohesionShingleCap (0.03s)
=== CONT  TestFeaturesFrom_WindowRoll
--- PASS: TestRuntime_ChangepointTurnsCapped (0.46s)
=== CONT  TestWrapServices_UndecoratedSeamsUntouched
--- PASS: TestWrapServices_UndecoratedSeamsUntouched (0.02s)
=== CONT  TestFeaturesFrom_TodoTransition
--- PASS: TestFeaturesFrom_TodoTransition (0.00s)
=== CONT  TestWrapServices_SessionStartBindsAndSessionEndCloses
--- PASS: TestFeaturesFrom_WindowRoll (0.05s)
=== CONT  TestWrapServices_BoundarySignalsCloseSegment
--- PASS: TestWrapServices_BoundarySignalsCloseSegment (0.01s)
=== CONT  TestWrapServices_ObserveStopRecordsRoundBoundary
--- PASS: TestStragglerAfterSessionEndIsNotLostWithItsReopenedSegment (0.42s)
=== CONT  TestWrapServices_ObserveToolDrivesObserve
--- PASS: TestWrapServices_ObserveStopRecordsRoundBoundary (0.00s)
=== CONT  TestWrapServices_NilInnerSeamsTolerated
--- PASS: TestWrapServices_ObserveToolDrivesObserve (0.01s)
=== CONT  TestFeaturesFrom_GapSeconds
--- PASS: TestFeaturesFrom_GapSeconds (0.00s)
=== CONT  TestFeaturesFrom_ToolShiftTotalVariation
--- PASS: TestFeaturesFrom_ToolShiftTotalVariation (0.00s)
=== CONT  TestFeaturesFrom_PathJaccard_EmptyUnionIsOne
--- PASS: TestFeaturesFrom_PathJaccard_EmptyUnionIsOne (0.00s)
=== CONT  TestPrecompactDeadlineIsNestedInsideTheClientWait
--- PASS: TestPrecompactDeadlineIsNestedInsideTheClientWait (0.00s)
=== CONT  TestFeaturesFrom_PathJaccard
--- PASS: TestFeaturesFrom_PathJaccard (0.00s)
=== CONT  TestReclaimableIndex_Empty
--- PASS: TestReclaimableIndex_Empty (0.00s)
=== CONT  TestReclaimableIndex_MonotoneNonIncreasing_Property
    scheduler_droppable_test.go:87: [rapid] OK, passed 100 tests (10.2111ms)
--- PASS: TestReclaimableIndex_MonotoneNonIncreasing_Property (0.01s)
=== CONT  TestReclaimableIndex_ExcludesDropNone
--- PASS: TestReclaimableIndex_ExcludesDropNone (0.00s)
=== CONT  TestReclaimableIndex_SuffixSums
--- PASS: TestReclaimableIndex_SuffixSums (0.00s)
=== CONT  TestClassifyDrop_AdaptsStoreRecord
--- PASS: TestClassifyDrop_AdaptsStoreRecord (0.00s)
=== CONT  TestAssemble_RecoversCrossingEdgesPanic
--- PASS: TestAssemble_RecoversCrossingEdgesPanic (0.00s)
=== CONT  TestAssemble_NilGraphReturnsNoCandidates
--- PASS: TestAssemble_NilGraphReturnsNoCandidates (0.00s)
=== CONT  TestScopedReuse_WithheldAndDeniedAreCountedApart
--- PASS: TestWrapServices_SessionStartBindsAndSessionEndCloses (0.06s)
=== CONT  TestAssemble_ReclaimableFromIndex
--- PASS: TestAssemble_ReclaimableFromIndex (0.00s)
=== CONT  TestScopedReuse_ReportOnlyIsAStateNotAnAbsence
--- PASS: TestWrapServices_NilInnerSeamsTolerated (0.04s)
=== CONT  TestDaemonLogReachesTheConstructedDaemonsLogger
--- PASS: TestScopedReuse_WithheldAndDeniedAreCountedApart (0.04s)
=== CONT  TestAssemble_CapPrefersRoundBoundaries
--- PASS: TestAssemble_CapPrefersRoundBoundaries (0.00s)
=== CONT  TestScopedReuse_ADisabledFeatureAndAnEmptyResultAreDifferent
--- PASS: TestDaemonLogReachesTheConstructedDaemonsLogger (0.02s)
=== CONT  TestSessionRegistry_IsLiveConcurrentWithEndIsRaceFree
--- PASS: TestSessionRegistry_IsLiveConcurrentWithEndIsRaceFree (0.00s)
=== CONT  TestAssemble_CapAt32KeepsHighestPos
--- PASS: TestAssemble_CapAt32KeepsHighestPos (0.00s)
=== CONT  TestAssemble_TurnPosRebuiltWhenTurnAdvances
--- PASS: TestAssemble_TurnPosRebuiltWhenTurnAdvances (0.00s)
=== CONT  TestScopedReuse_NoGrantOffersNothingEvenWithTheSwitchOn
=== CONT  TestAssemble_TurnPosCachedUntilTurnAdvances
--- PASS: TestScopedReuse_ReportOnlyIsAStateNotAnAbsence (0.05s)
--- PASS: TestAssemble_TurnPosCachedUntilTurnAdvances (0.00s)
=== CONT  TestScopedReuse_OffersASiblingWorktreesEliminationWithItsAttribution
--- PASS: TestDeliveryRollover_ArchiveRefusesAConflictingLease (0.26s)
=== CONT  TestAssemble_CouplingRecomputedEveryCall
--- PASS: TestAssemble_CouplingRecomputedEveryCall (0.00s)
=== CONT  TestAssemble_CouplingFromCrossingEdges
--- PASS: TestAssemble_CouplingFromCrossingEdges (0.00s)
=== CONT  TestAssemble_SkipsUnresolvableTurns
--- PASS: TestAssemble_SkipsUnresolvableTurns (0.00s)
=== CONT  TestDeliverySealSegment_ValidMultiSegmentTreePasses
=== CONT  TestAssemble_IntersectsChangepointsAndRounds
=== CONT  TestDeliverySealSegment_ConversionRefusedPreservesBytes
=== CONT  TestConfigReloadDefersChunkChange
--- PASS: TestScopedReuse_NoGrantOffersNothingEvenWithTheSwitchOn (0.07s)
--- PASS: TestScopedReuse_ADisabledFeatureAndAnEmptyResultAreDifferent (0.07s)
--- PASS: TestAssemble_IntersectsChangepointsAndRounds (0.00s)
--- PASS: TestDeliveryRollover_CrossesCapacitySeamAndAdvancesSegment (0.48s)
=== CONT  TestTrafficRegistrationLeavesHotSubmodeAndBreachDetectorAlone
--- PASS: TestScopedReuse_OffersASiblingWorktreesEliminationWithItsAttribution (0.10s)
=== CONT  TestDeliverySealSegment_NewerAuthoritySchemaRefused
--- PASS: TestDeliveryJournal_GenerationAckArchivesWithItsWindowAndSettlesTheFrontier (0.70s)
=== CONT  TestIdleExitWaitsForAnUnregisteredSessionThatKeepsSendingTraffic
=== RUN   TestIdleExitWaitsForAnUnregisteredSessionThatKeepsSendingTraffic/abandoned
=== PAUSE TestIdleExitWaitsForAnUnregisteredSessionThatKeepsSendingTraffic/abandoned
=== RUN   TestIdleExitWaitsForAnUnregisteredSessionThatKeepsSendingTraffic/ended
=== PAUSE TestIdleExitWaitsForAnUnregisteredSessionThatKeepsSendingTraffic/ended
=== CONT  TestDeliverySealSegment_MissingHeadRefused
--- PASS: TestDeliveryRollover_RedeliveredAcknowledgementOfArchivedDeliveryAppendsNothing (0.51s)
=== CONT  TestRegistryTouchRevivesAnAbandonedSessionButNotAnEndedOne
--- PASS: TestRegistryTouchRevivesAnAbandonedSessionButNotAnEndedOne (0.00s)
=== CONT  TestDeliveryJournal_GenerationArchivesAdmittedLeaseWithItsWindow
--- PASS: TestConfigReloadDefersChunkChange (0.09s)
=== CONT  TestRegistryTouchRegistersTrafficFromAnUnseenSession
--- PASS: TestRegistryTouchRegistersTrafficFromAnUnseenSession (0.00s)
=== CONT  TestDeliverySealSegment_MissingActiveSegmentFilesRefused
--- PASS: TestTrafficRegistrationLeavesHotSubmodeAndBreachDetectorAlone (0.09s)
=== CONT  TestEndAbandonedEndsOnlySilentLiveSessions
--- PASS: TestEndAbandonedEndsOnlySilentLiveSessions (0.00s)
=== CONT  TestDeliverySealSegment_ArchivedAckExactJoinPasses
--- PASS: TestDeliveryRollover_RotationArchivesTheWholeOutgoingWindow (0.58s)
=== CONT  TestRegistrySetMaxSessionsRejectsNonPositive
--- PASS: TestRegistrySetMaxSessionsRejectsNonPositive (0.00s)
=== CONT  TestDeliveryGeneration_TerminalArchivedLeaseResolves
--- PASS: TestDeliveryTerminal_ArchivedDenialSettlesOrderingWithoutCaptureAck (0.78s)
=== CONT  TestScopedReuse_UnobservedScopeWithholdsRatherThanMatching
--- PASS: TestDeliveryRollover_HotPathLeavesTheGenerationStoreUntouched (0.58s)
=== CONT  TestBuildSpawnCommand_ShapesArgvAndSysProcAttr
--- PASS: TestBuildSpawnCommand_ShapesArgvAndSysProcAttr (0.00s)
=== CONT  TestScopedReuse_OmissionsAreGroupedByReason
--- PASS: TestDeliveryRollover_ArchivedSettlementIsMirroredAtOnce (0.66s)
=== CONT  TestPrecompactDeadlineIsLeftUnsetWhenTheManifestDeclaresNoTimeout
=== RUN   TestPrecompactDeadlineIsLeftUnsetWhenTheManifestDeclaresNoTimeout/the_shipped_manifest's_20s
=== PAUSE TestPrecompactDeadlineIsLeftUnsetWhenTheManifestDeclaresNoTimeout/the_shipped_manifest's_20s
=== RUN   TestPrecompactDeadlineIsLeftUnsetWhenTheManifestDeclaresNoTimeout/an_unreadable_manifest_shape
=== PAUSE TestPrecompactDeadlineIsLeftUnsetWhenTheManifestDeclaresNoTimeout/an_unreadable_manifest_shape
=== RUN   TestPrecompactDeadlineIsLeftUnsetWhenTheManifestDeclaresNoTimeout/a_negative_timeout_is_just_as_unusable
=== PAUSE TestPrecompactDeadlineIsLeftUnsetWhenTheManifestDeclaresNoTimeout/a_negative_timeout_is_just_as_unusable
=== CONT  TestEnsureRunning_SpawnFailureReportsImmediately
--- PASS: TestScopedReuse_UnobservedScopeWithholdsRatherThanMatching (0.07s)
=== CONT  TestObservePrompt_ModeOffNeverInvokesTheSeam
--- PASS: TestScopedReuse_OmissionsAreGroupedByReason (0.13s)
=== CONT  TestDeliveryGeneration_ManyGenerationsAndReplayIdentity
--- PASS: TestEnsureRunning_SpawnFailureReportsImmediately (0.07s)
=== CONT  TestDeliveryRollover_FrozenSealOnTheActiveSegmentRefusesOpen
--- PASS: TestDeliveryRollover_InterruptedRotationRollsForwardAtOpen (0.86s)
=== CONT  TestDeliveryRollover_FrozenSealThatDisagreesWithItsJournalRefusesOpen
--- PASS: TestObservePrompt_ModeOffNeverInvokesTheSeam (0.14s)
=== CONT  TestDeliveryRollover_ArchivedLegacySegmentIsRefrozenAtOpen
--- PASS: TestDeliveryJournal_GenerationArchivesAdmittedLeaseWithItsWindow (0.54s)
=== CONT  TestDeliveryRollover_ArchivedLegacySegmentRefusesThePreSegmentReader
--- PASS: TestDeliverySealSegment_CorruptPredecessorPageWithFirstArrivalRefused (1.16s)
=== CONT  TestDeliverySealSegment_CarryIsCheckedAgainstTheBaseRoot
--- PASS: TestRuntime_ConcurrentObserveEvaluatePersist (1.27s)
=== CONT  TestBuildSpawnEnv_StripIsCaseInsensitive
--- PASS: TestBuildSpawnEnv_StripIsCaseInsensitive (0.00s)
=== CONT  TestDeliveryRollover_DamagedCarryRefusesTheNextRotation
--- PASS: TestDeliveryRollover_FrozenSealOnTheActiveSegmentRefusesOpen (0.28s)
=== CONT  TestIdleRegisterReplacesInPlace
--- PASS: TestIdleRegisterReplacesInPlace (0.00s)
=== CONT  TestBuildSpawnEnv_NoFaultEntryIsUnaffected
--- PASS: TestBuildSpawnEnv_NoFaultEntryIsUnaffected (0.00s)
=== CONT  TestHandleOnBareOptionsIsSafe
--- PASS: TestDeliveryRollover_AcknowledgementJournalRotatesAtItsOwnThreshold (1.02s)
=== CONT  TestDeliveryOrder_ArchiveReadsFailClosed
--- PASS: TestHandleOnBareOptionsIsSafe (0.02s)
=== CONT  TestNewOptions_SeedsSaneDefaults
--- PASS: TestNewOptions_SeedsSaneDefaults (0.00s)
=== CONT  TestDeliveryRollover_CarryNamesEveryArchivedUnacknowledgedLease
--- PASS: TestDeliveryRollover_ArchiveIsIdempotentAfterAnInterruptedAttempt (1.18s)
=== CONT  TestInstallMCPOpRejectsANilOptions
--- PASS: TestInstallMCPOpRejectsANilOptions (0.00s)
=== CONT  TestDeliveryPath_V6_RotationCloseFailureStopsTheLiveSwitch
--- PASS: TestDeliveryRollover_RestartAcrossRotation (1.18s)
=== CONT  TestInstallMCPOpRegistersOp
--- PASS: TestInstallMCPOpRegistersOp (0.01s)
=== CONT  TestDeliveryOrder_ArchiveReadsNeverRunAheadOfASettlement
--- PASS: TestDeliveryRollover_FrozenSealThatDisagreesWithItsJournalRefusesOpen (0.51s)
=== CONT  TestBackupWatchedFiles_NamesTheDeliveryStateThisPackageWrites
--- PASS: TestDeliverySealSegment_TornGenerationManifestRefused (1.50s)
=== CONT  TestUnknownOpIsRefusedNotPanicked
--- PASS: TestUnknownOpIsRefusedNotPanicked (0.01s)
=== CONT  TestScopedReuse_DegradedDependencyCoverageWithholdsEverything
--- PASS: TestScopedReuse_DegradedDependencyCoverageWithholdsEverything (0.09s)
=== CONT  TestReadLock_UnparseableFileReportsNotOK
--- PASS: TestBackupWatchedFiles_NamesTheDeliveryStateThisPackageWrites (0.17s)
=== CONT  TestResolveEvent_RestoresRawExtras
=== RUN   TestResolveEvent_RestoresRawExtras/an_object_Raw_becomes_Extra
=== RUN   TestResolveEvent_RestoresRawExtras/a_nil_Event_still_gets_the_restored_keys
=== RUN   TestResolveEvent_RestoresRawExtras/no_Raw_leaves_Extra_nil
=== RUN   TestResolveEvent_RestoresRawExtras/a_JSON_null_leaves_Extra_nil
=== RUN   TestResolveEvent_RestoresRawExtras/a_JSON_array_is_not_an_object
=== RUN   TestResolveEvent_RestoresRawExtras/a_JSON_string_is_not_an_object
=== RUN   TestResolveEvent_RestoresRawExtras/malformed_Raw_is_ignored,_never_fatal
--- PASS: TestResolveEvent_RestoresRawExtras (0.00s)
    --- PASS: TestResolveEvent_RestoresRawExtras/an_object_Raw_becomes_Extra (0.00s)
    --- PASS: TestResolveEvent_RestoresRawExtras/a_nil_Event_still_gets_the_restored_keys (0.00s)
    --- PASS: TestResolveEvent_RestoresRawExtras/no_Raw_leaves_Extra_nil (0.00s)
    --- PASS: TestResolveEvent_RestoresRawExtras/a_JSON_null_leaves_Extra_nil (0.00s)
    --- PASS: TestResolveEvent_RestoresRawExtras/a_JSON_array_is_not_an_object (0.00s)
    --- PASS: TestResolveEvent_RestoresRawExtras/a_JSON_string_is_not_an_object (0.00s)
    --- PASS: TestResolveEvent_RestoresRawExtras/malformed_Raw_is_ignored,_never_fatal (0.00s)
=== CONT  TestObserveStopSeamSeesTheRestoredAgentName
--- PASS: TestReadLock_UnparseableFileReportsNotOK (0.03s)
=== CONT  TestHandlerPanicIsRecovered
=== CONT  TestReleaseIsIdempotent
--- PASS: TestObserveStopSeamSeesTheRestoredAgentName (0.03s)
=== CONT  TestSessionRegistry_IsLive
--- PASS: TestHandlerPanicIsRecovered (0.01s)
--- PASS: TestSessionRegistry_IsLive (0.00s)
=== CONT  TestServicesAllNil
--- PASS: TestDeliverySealSegment_SegmentDirNotADirectoryRefused (1.65s)
=== CONT  TestLockRefusesAfterReclaim
--- PASS: TestReleaseIsIdempotent (0.04s)
=== CONT  TestHotModeTransitionPersistsBeforeItIsAnnounced
--- PASS: TestDeliveryRollover_DamagedCarryRefusesTheNextRotation (0.53s)
=== CONT  TestHeartbeatUpdatesMtime
--- PASS: TestLockRefusesAfterReclaim (0.06s)
=== CONT  TestRegistryEnsureUpdatesSourceAndTranscript
--- PASS: TestRegistryEnsureUpdatesSourceAndTranscript (0.00s)
=== CONT  TestHotModeTransitionWritesStateAndNAKs
--- PASS: TestDeliveryRollover_ArchivedLegacySegmentIsRefrozenAtOpen (0.72s)
=== CONT  TestAcquireLockRaceWindowIsNotStale
--- PASS: TestDeliveryRollover_ArchivedLegacySegmentRefusesThePreSegmentReader (0.58s)
=== CONT  TestLiveLockNotReclaimed
--- PASS: TestDeliveryOrder_ArchiveReadsFailClosed (0.52s)
=== CONT  TestRegistryTouchAndEnd
--- PASS: TestRegistryTouchAndEnd (0.00s)
=== CONT  TestStaleLockReclaimed
--- PASS: TestHeartbeatUpdatesMtime (0.04s)
=== CONT  TestSpoolOnBreachFalseDoesNotTransition
=== CONT  TestRegistryAllLiveOverMaxKeepsAll
--- PASS: TestHotModeTransitionPersistsBeforeItIsAnnounced (0.04s)
=== CONT  TestDrainIsIdempotent
--- PASS: TestRegistryAllLiveOverMaxKeepsAll (0.00s)
--- PASS: TestDeliveryPath_V6_RotationCloseFailureStopsTheLiveSwitch (0.51s)
=== CONT  TestRegistryEvictsEndedOverMax
--- PASS: TestRegistryEvictsEndedOverMax (0.00s)
=== CONT  TestAcquireLockExclusive
--- PASS: TestSpoolOnBreachFalseDoesNotTransition (0.01s)
=== CONT  TestIsIdleUsesDetectAfterSeconds
--- PASS: TestIsIdleUsesDetectAfterSeconds (0.00s)
=== CONT  TestRegistryNewSessionResetsHotMode
--- PASS: TestRegistryNewSessionResetsHotMode (0.00s)
=== CONT  TestIdleTaskErrorIsNotFatal
--- PASS: TestIdleTaskErrorIsNotFatal (0.00s)
=== CONT  TestIdleTaskPanicIsolated
--- PASS: TestIdleTaskPanicIsolated (0.00s)
=== CONT  TestObservePrompt_StopAbandonsACaptureThatIgnoresCancellation
--- PASS: TestAcquireLockRaceWindowIsNotStale (0.03s)
=== CONT  TestIdleRespectsBudget
--- PASS: TestIdleRespectsBudget (0.00s)
=== CONT  TestObservePrompt_StopCancelsARecordingThatOutlivesItsGrace
--- PASS: TestLiveLockNotReclaimed (0.04s)
=== CONT  TestIdleRunsByPriority
--- PASS: TestIdleRunsByPriority (0.00s)
=== CONT  TestObservePrompt_StopJoinsAnInFlightRecording
=== CONT  TestALockThisProjectWroteElsewhereKeepsTheFullProtocol
=== RUN   TestALockThisProjectWroteElsewhereKeepsTheFullProtocol/an_address_no_project_hash_names,_answering
=== PAUSE TestALockThisProjectWroteElsewhereKeepsTheFullProtocol/an_address_no_project_hash_names,_answering
=== RUN   TestALockThisProjectWroteElsewhereKeepsTheFullProtocol/this_project's_endpoint_under_another_socket_directory,_its_pid_alive
=== PAUSE TestALockThisProjectWroteElsewhereKeepsTheFullProtocol/this_project's_endpoint_under_another_socket_directory,_its_pid_alive
=== CONT  TestWalSessionID
--- PASS: TestAcquireLockExclusive (0.04s)
--- PASS: TestWalSessionID (0.00s)
=== CONT  TestObservePrompt_PanickingSeamIsRecovered
--- PASS: TestHotModeTransitionWritesStateAndNAKs (0.07s)
=== CONT  TestDrainNotesAStaleProgressOnceThenClears
--- PASS: TestStaleLockReclaimed (0.07s)
=== CONT  TestObservePrompt_CancelledRequestIsNotAnOverrun
--- PASS: TestDrainIsIdempotent (0.07s)
=== CONT  TestALockNamesItsRootAndIsJudgedByIt
=== RUN   TestALockNamesItsRootAndIsJudgedByIt/AcquireLock_records_the_root
=== PAUSE TestALockNamesItsRootAndIsJudgedByIt/AcquireLock_records_the_root
=== RUN   TestALockNamesItsRootAndIsJudgedByIt/another_store's_root:_foreign,_whatever_answers_at_its_address
=== PAUSE TestALockNamesItsRootAndIsJudgedByIt/another_store's_root:_foreign,_whatever_answers_at_its_address
=== RUN   TestALockNamesItsRootAndIsJudgedByIt/a_root_that_no_longer_exists:_foreign
=== PAUSE TestALockNamesItsRootAndIsJudgedByIt/a_root_that_no_longer_exists:_foreign
=== RUN   TestALockNamesItsRootAndIsJudgedByIt/this_store's_root_at_an_address_this_process_would_not_resolve:_the_full_protocol
=== PAUSE TestALockNamesItsRootAndIsJudgedByIt/this_store's_root_at_an_address_this_process_would_not_resolve:_the_full_protocol
=== CONT  TestDrainKeepsLiveSessionWAL
--- PASS: TestObservePrompt_PanickingSeamIsRecovered (0.03s)
=== CONT  TestObservePrompt_RecordingOutlivesTheReplyDeadline
--- PASS: TestObservePrompt_CancelledRequestIsNotAnOverrun (0.03s)
=== CONT  TestDescribeLockHolderNamesAForeignLock
--- PASS: TestDrainNotesAStaleProgressOnceThenClears (0.07s)
=== CONT  TestDrainOfSpooledFlushLineDoesNotDeadlock
--- PASS: TestDeliverySealSegment_MissingHeadRefused (1.27s)
=== CONT  TestServicesFromNeverReturnsNil
--- PASS: TestServicesFromNeverReturnsNil (0.00s)
=== CONT  TestNAKDuplicateIsDedupedOnDrain
--- PASS: TestDescribeLockHolderNamesAForeignLock (0.04s)
=== CONT  TestModeOffSkipsIngest
--- PASS: TestDrainKeepsLiveSessionWAL (0.06s)
=== CONT  TestDeliverySealSegment_RuleRNeverReachesAnArchivedSegment
--- PASS: TestDeliverySealSegment_NewerAuthoritySchemaRefused (1.29s)
=== CONT  TestDegradedPassiveStillRecords
--- PASS: TestServicesAllNil (0.27s)
=== CONT  TestDrainSurvivesCorruptLine
--- PASS: TestModeOffSkipsIngest (0.08s)
=== CONT  TestDeliverySealSegment_RefusesCorruptActiveSegmentThatLegacyOnlyAccepts
--- PASS: TestDeliverySealSegment_ValidMultiSegmentTreePasses (1.46s)
=== CONT  TestDegradedPassiveSuppressesActingPaths
--- PASS: TestNAKDuplicateIsDedupedOnDrain (0.10s)
=== CONT  TestDrainResolvesBlobs
--- PASS: TestDrainOfSpooledFlushLineDoesNotDeadlock (0.12s)
=== CONT  TestDeliverySealSegment_ConversionWithoutATornSlotIsStillRefused
--- PASS: TestDrainSurvivesCorruptLine (0.06s)
=== CONT  TestDeliveryGeneration_DormantSessionArrivalContinuity
--- PASS: TestDeliverySealSegment_MissingActiveSegmentFilesRefused (1.39s)
=== CONT  TestDrainResumesAfterCancel
--- PASS: TestDrainResolvesBlobs (0.07s)
=== CONT  TestObservePrompt_PassiveModeInvokesSeamButEmitsNothing
--- PASS: TestDeliverySealSegment_ConversionRefusedPreservesBytes (1.50s)
=== CONT  TestAdminPingAlwaysAnswersOK
--- PASS: TestAdminPingAlwaysAnswersOK (0.02s)
=== CONT  TestDeliveryOrder_ArchiveReadsHoldNeitherJournalLock
--- PASS: TestObservePrompt_PassiveModeInvokesSeamButEmitsNothing (0.04s)
=== CONT  TestObservePromptBlockingVariantTimesOut
--- PASS: TestObservePrompt_StopAbandonsACaptureThatIgnoresCancellation (0.33s)
=== CONT  TestBuildSpawnEnv_StripsFaultAddsProjectRoot
--- PASS: TestBuildSpawnEnv_StripsFaultAddsProjectRoot (0.00s)
=== CONT  TestObservePromptRepliesWithinDeadline
--- PASS: TestObservePrompt_RecordingOutlivesTheReplyDeadline (0.28s)
=== CONT  TestDeliverySealSegment_RuleRRepairsATornActiveSegmentSeal
--- PASS: TestDegradedPassiveSuppressesActingPaths (0.15s)
=== CONT  TestDeliveryReaders_V6_BackupRestoresHistoryAndAcceptsLaterWrites
--- PASS: TestObservePromptRepliesWithinDeadline (0.03s)
=== CONT  TestObservePromptWALFailureIsObservable
--- PASS: TestObservePromptWALFailureIsObservable (0.01s)
=== CONT  TestDeliveryReaders_V6_GCDuringLiveRotationsKeepsEveryArchivedUnsettledRoot
--- PASS: TestDeliverySealSegment_ArchivedAckExactJoinPasses (1.49s)
=== CONT  TestBreachDetectorTransitionsAfterThreeWindows
--- PASS: TestBreachDetectorTransitionsAfterThreeWindows (0.00s)
=== CONT  TestSessionStartNeverWipesSentinelObserved
--- PASS: TestDrainResumesAfterCancel (0.12s)
=== CONT  TestBreachDetectorRevertsAfterThreeCleanWindows
--- PASS: TestBreachDetectorRevertsAfterThreeCleanWindows (0.00s)
=== CONT  TestFrontier_SegmentLogFailureLeavesTheFrontierUnchanged
--- PASS: TestFrontier_SegmentLogFailureLeavesTheFrontierUnchanged (0.01s)
=== CONT  TestForeignLockIsJudgedByThisStoresHeartbeat
=== RUN   TestForeignLockIsJudgedByThisStoresHeartbeat/a_stale_heartbeat:_the_copy's_daemon_takes_the_lock
=== PAUSE TestForeignLockIsJudgedByThisStoresHeartbeat/a_stale_heartbeat:_the_copy's_daemon_takes_the_lock
=== RUN   TestForeignLockIsJudgedByThisStoresHeartbeat/a_fresh_heartbeat:_still_held
=== PAUSE TestForeignLockIsJudgedByThisStoresHeartbeat/a_fresh_heartbeat:_still_held
=== CONT  TestSessionStartResetsBreachDetectorForNewSession
--- PASS: TestDegradedPassiveStillRecords (0.27s)
=== CONT  TestLiveDispatchedLineIsNotRedispatchedByDrain
--- PASS: TestObservePrompt_StopCancelsARecordingThatOutlivesItsGrace (0.50s)
=== CONT  TestMarkerIsWrittenByFlushAndCheckpointOnly
--- PASS: TestSessionStartResetsBreachDetectorForNewSession (0.11s)
=== CONT  TestBreachDetectorResetsOnCleanWindow
--- PASS: TestBreachDetectorResetsOnCleanWindow (0.00s)
=== CONT  TestDeliveryRollover_ArchivedAckExactJoinAndFrontierRetained
--- PASS: TestSessionStartNeverWipesSentinelObserved (0.13s)
=== CONT  TestStateCodec_UnknownFieldsIgnored
--- PASS: TestLiveDispatchedLineIsNotRedispatchedByDrain (0.11s)
=== CONT  TestAcceptWireLineWALsExactlyOneTerminator
--- PASS: TestObservePrompt_StopJoinsAnInFlightRecording (0.51s)
=== CONT  TestStateCodec_TurnListsCapped
--- PASS: TestAcceptWireLineWALsExactlyOneTerminator (0.03s)
=== CONT  TestStateCodec_WritesAtomicallyNotAppendOnly
--- PASS: TestObservePromptBlockingVariantTimesOut (0.27s)
=== CONT  TestIdleTaskGCPassesRemainingDeadline
--- PASS: TestIdleTaskGCPassesRemainingDeadline (0.01s)
=== CONT  TestBreachDetectorPartialWindowNeverCloses
--- PASS: TestBreachDetectorPartialWindowNeverCloses (0.00s)
=== CONT  TestRecordHotPathSampleRejectsInvalidTS
--- PASS: TestStateCodec_UnknownFieldsIgnored (0.09s)
=== CONT  TestSketchSet_CarriesAllFourStructures
--- PASS: TestRecordHotPathSampleRejectsInvalidTS (0.01s)
=== CONT  TestNew_SucceedsWithNoServices
--- PASS: TestSketchSet_CarriesAllFourStructures (0.01s)
=== CONT  TestBreachDetectorObserveReportsClosedOnlyOnTheWindowBoundary
--- PASS: TestBreachDetectorObserveReportsClosedOnlyOnTheWindowBoundary (0.00s)
=== CONT  TestBreachDetectorReset
--- PASS: TestBreachDetectorReset (0.00s)
=== CONT  TestPercentileDurationP99
--- PASS: TestPercentileDurationP99 (0.00s)
=== CONT  TestDeliveryRollover_ArchiveRecordsExactlyWhatTheBatchCommitsRecord
--- PASS: TestNew_SucceedsWithNoServices (0.02s)
=== CONT  TestFrontier_AdvanceRefusesInFlightEvidence
--- PASS: TestFrontier_AdvanceRefusesInFlightEvidence (0.00s)
=== CONT  TestFrontier_AdvanceRefusesUnreadableEvidence
--- PASS: TestFrontier_AdvanceRefusesUnreadableEvidence (0.01s)
=== CONT  TestDeliveryRadix_MergeEqualsSequentialUpdates
=== RUN   TestDeliveryRadix_MergeEqualsSequentialUpdates/seed01-mode1
=== PAUSE TestDeliveryRadix_MergeEqualsSequentialUpdates/seed01-mode1
=== RUN   TestDeliveryRadix_MergeEqualsSequentialUpdates/seed02-mode2
=== PAUSE TestDeliveryRadix_MergeEqualsSequentialUpdates/seed02-mode2
=== RUN   TestDeliveryRadix_MergeEqualsSequentialUpdates/seed03-mode3
=== PAUSE TestDeliveryRadix_MergeEqualsSequentialUpdates/seed03-mode3
=== RUN   TestDeliveryRadix_MergeEqualsSequentialUpdates/seed04-mode0
=== PAUSE TestDeliveryRadix_MergeEqualsSequentialUpdates/seed04-mode0
=== RUN   TestDeliveryRadix_MergeEqualsSequentialUpdates/seed05-mode1
=== PAUSE TestDeliveryRadix_MergeEqualsSequentialUpdates/seed05-mode1
=== RUN   TestDeliveryRadix_MergeEqualsSequentialUpdates/seed06-mode2
=== PAUSE TestDeliveryRadix_MergeEqualsSequentialUpdates/seed06-mode2
=== RUN   TestDeliveryRadix_MergeEqualsSequentialUpdates/seed07-mode3
=== PAUSE TestDeliveryRadix_MergeEqualsSequentialUpdates/seed07-mode3
=== RUN   TestDeliveryRadix_MergeEqualsSequentialUpdates/seed08-mode0
=== PAUSE TestDeliveryRadix_MergeEqualsSequentialUpdates/seed08-mode0
=== RUN   TestDeliveryRadix_MergeEqualsSequentialUpdates/seed09-mode1
=== PAUSE TestDeliveryRadix_MergeEqualsSequentialUpdates/seed09-mode1
=== RUN   TestDeliveryRadix_MergeEqualsSequentialUpdates/seed10-mode2
=== PAUSE TestDeliveryRadix_MergeEqualsSequentialUpdates/seed10-mode2
=== RUN   TestDeliveryRadix_MergeEqualsSequentialUpdates/seed11-mode3
=== PAUSE TestDeliveryRadix_MergeEqualsSequentialUpdates/seed11-mode3
=== RUN   TestDeliveryRadix_MergeEqualsSequentialUpdates/seed12-mode0
=== PAUSE TestDeliveryRadix_MergeEqualsSequentialUpdates/seed12-mode0
=== RUN   TestDeliveryRadix_MergeEqualsSequentialUpdates/seed13-mode1
=== PAUSE TestDeliveryRadix_MergeEqualsSequentialUpdates/seed13-mode1
=== RUN   TestDeliveryRadix_MergeEqualsSequentialUpdates/seed14-mode2
=== PAUSE TestDeliveryRadix_MergeEqualsSequentialUpdates/seed14-mode2
=== RUN   TestDeliveryRadix_MergeEqualsSequentialUpdates/seed15-mode3
=== PAUSE TestDeliveryRadix_MergeEqualsSequentialUpdates/seed15-mode3
=== RUN   TestDeliveryRadix_MergeEqualsSequentialUpdates/seed16-mode0
=== PAUSE TestDeliveryRadix_MergeEqualsSequentialUpdates/seed16-mode0
=== RUN   TestDeliveryRadix_MergeEqualsSequentialUpdates/seed17-mode1
=== PAUSE TestDeliveryRadix_MergeEqualsSequentialUpdates/seed17-mode1
=== RUN   TestDeliveryRadix_MergeEqualsSequentialUpdates/seed18-mode2
=== PAUSE TestDeliveryRadix_MergeEqualsSequentialUpdates/seed18-mode2
=== RUN   TestDeliveryRadix_MergeEqualsSequentialUpdates/seed19-mode3
=== PAUSE TestDeliveryRadix_MergeEqualsSequentialUpdates/seed19-mode3
=== RUN   TestDeliveryRadix_MergeEqualsSequentialUpdates/seed20-mode0
=== PAUSE TestDeliveryRadix_MergeEqualsSequentialUpdates/seed20-mode0
=== RUN   TestDeliveryRadix_MergeEqualsSequentialUpdates/seed21-mode1
=== PAUSE TestDeliveryRadix_MergeEqualsSequentialUpdates/seed21-mode1
=== RUN   TestDeliveryRadix_MergeEqualsSequentialUpdates/seed22-mode2
=== PAUSE TestDeliveryRadix_MergeEqualsSequentialUpdates/seed22-mode2
=== RUN   TestDeliveryRadix_MergeEqualsSequentialUpdates/seed23-mode3
=== PAUSE TestDeliveryRadix_MergeEqualsSequentialUpdates/seed23-mode3
=== RUN   TestDeliveryRadix_MergeEqualsSequentialUpdates/seed24-mode0
=== PAUSE TestDeliveryRadix_MergeEqualsSequentialUpdates/seed24-mode0
=== RUN   TestDeliveryRadix_MergeEqualsSequentialUpdates/seed25-mode1
=== PAUSE TestDeliveryRadix_MergeEqualsSequentialUpdates/seed25-mode1
=== RUN   TestDeliveryRadix_MergeEqualsSequentialUpdates/seed26-mode2
=== PAUSE TestDeliveryRadix_MergeEqualsSequentialUpdates/seed26-mode2
=== RUN   TestDeliveryRadix_MergeEqualsSequentialUpdates/seed27-mode3
=== PAUSE TestDeliveryRadix_MergeEqualsSequentialUpdates/seed27-mode3
=== RUN   TestDeliveryRadix_MergeEqualsSequentialUpdates/seed28-mode0
=== PAUSE TestDeliveryRadix_MergeEqualsSequentialUpdates/seed28-mode0
=== RUN   TestDeliveryRadix_MergeEqualsSequentialUpdates/seed29-mode1
=== PAUSE TestDeliveryRadix_MergeEqualsSequentialUpdates/seed29-mode1
=== RUN   TestDeliveryRadix_MergeEqualsSequentialUpdates/seed30-mode2
=== PAUSE TestDeliveryRadix_MergeEqualsSequentialUpdates/seed30-mode2
=== RUN   TestDeliveryRadix_MergeEqualsSequentialUpdates/seed31-mode3
=== PAUSE TestDeliveryRadix_MergeEqualsSequentialUpdates/seed31-mode3
=== RUN   TestDeliveryRadix_MergeEqualsSequentialUpdates/seed32-mode0
=== PAUSE TestDeliveryRadix_MergeEqualsSequentialUpdates/seed32-mode0
=== RUN   TestDeliveryRadix_MergeEqualsSequentialUpdates/seed33-mode1
=== PAUSE TestDeliveryRadix_MergeEqualsSequentialUpdates/seed33-mode1
=== RUN   TestDeliveryRadix_MergeEqualsSequentialUpdates/seed34-mode2
=== PAUSE TestDeliveryRadix_MergeEqualsSequentialUpdates/seed34-mode2
=== RUN   TestDeliveryRadix_MergeEqualsSequentialUpdates/seed35-mode3
=== PAUSE TestDeliveryRadix_MergeEqualsSequentialUpdates/seed35-mode3
=== RUN   TestDeliveryRadix_MergeEqualsSequentialUpdates/seed36-mode0
=== PAUSE TestDeliveryRadix_MergeEqualsSequentialUpdates/seed36-mode0
=== RUN   TestDeliveryRadix_MergeEqualsSequentialUpdates/seed37-mode1
=== PAUSE TestDeliveryRadix_MergeEqualsSequentialUpdates/seed37-mode1
=== RUN   TestDeliveryRadix_MergeEqualsSequentialUpdates/seed38-mode2
=== PAUSE TestDeliveryRadix_MergeEqualsSequentialUpdates/seed38-mode2
=== RUN   TestDeliveryRadix_MergeEqualsSequentialUpdates/seed39-mode3
=== PAUSE TestDeliveryRadix_MergeEqualsSequentialUpdates/seed39-mode3
=== RUN   TestDeliveryRadix_MergeEqualsSequentialUpdates/seed40-mode0
=== PAUSE TestDeliveryRadix_MergeEqualsSequentialUpdates/seed40-mode0
=== RUN   TestDeliveryRadix_MergeEqualsSequentialUpdates/seed41-mode1
=== PAUSE TestDeliveryRadix_MergeEqualsSequentialUpdates/seed41-mode1
=== RUN   TestDeliveryRadix_MergeEqualsSequentialUpdates/seed42-mode2
=== PAUSE TestDeliveryRadix_MergeEqualsSequentialUpdates/seed42-mode2
=== RUN   TestDeliveryRadix_MergeEqualsSequentialUpdates/seed43-mode3
=== PAUSE TestDeliveryRadix_MergeEqualsSequentialUpdates/seed43-mode3
=== RUN   TestDeliveryRadix_MergeEqualsSequentialUpdates/seed44-mode0
=== PAUSE TestDeliveryRadix_MergeEqualsSequentialUpdates/seed44-mode0
=== RUN   TestDeliveryRadix_MergeEqualsSequentialUpdates/seed45-mode1
=== PAUSE TestDeliveryRadix_MergeEqualsSequentialUpdates/seed45-mode1
=== RUN   TestDeliveryRadix_MergeEqualsSequentialUpdates/seed46-mode2
=== PAUSE TestDeliveryRadix_MergeEqualsSequentialUpdates/seed46-mode2
=== RUN   TestDeliveryRadix_MergeEqualsSequentialUpdates/seed47-mode3
=== PAUSE TestDeliveryRadix_MergeEqualsSequentialUpdates/seed47-mode3
=== RUN   TestDeliveryRadix_MergeEqualsSequentialUpdates/seed48-mode0
=== PAUSE TestDeliveryRadix_MergeEqualsSequentialUpdates/seed48-mode0
=== CONT  TestResolveBlob_RefusesPathTraversal
=== RUN   TestResolveBlob_RefusesPathTraversal/parent-traversal
=== RUN   TestResolveBlob_RefusesPathTraversal/nested-traversal
=== RUN   TestResolveBlob_RefusesPathTraversal/absolute-path
=== RUN   TestResolveBlob_RefusesPathTraversal/missing-prefix
--- PASS: TestStateCodec_WritesAtomicallyNotAppendOnly (0.11s)
=== CONT  TestDeliveryRadix_ManyGenerationsOldRootsUsable
--- PASS: TestResolveBlob_RefusesPathTraversal (0.03s)
    --- PASS: TestResolveBlob_RefusesPathTraversal/parent-traversal (0.00s)
    --- PASS: TestResolveBlob_RefusesPathTraversal/nested-traversal (0.00s)
    --- PASS: TestResolveBlob_RefusesPathTraversal/absolute-path (0.00s)
    --- PASS: TestResolveBlob_RefusesPathTraversal/missing-prefix (0.00s)
=== CONT  TestResolveBlob_RestoresAndDeletes
--- PASS: TestResolveBlob_RestoresAndDeletes (0.03s)
=== CONT  TestStateCodec_SchedulerRoundTrip
--- PASS: TestStateCodec_SchedulerRoundTrip (0.00s)
=== CONT  TestDrainForgetsAFileAlreadyGoneAtItsRemoval
--- PASS: TestMarkerIsWrittenByFlushAndCheckpointOnly (0.29s)
=== CONT  TestDrainPersistsAFileBeforeCleaningUpItsBlobs
=== NAME  TestDeliverySealSegment_ConversionWithoutATornSlotIsStillRefused
    delivery_seal_segment_ruler_test.go:150: report:
        delivery-seal: C:\Users\Quant\AppData\Local\Temp\TestDeliverySealSegment_ConversionWithoutATornSlotIsStillRefused262964567\001
--- PASS: TestDeliveryGeneration_TerminalArchivedLeaseResolves (1.83s)
=== CONT  TestDeliveryReaders_V6_GCRetainsActiveAndArchivedLeases
=== RUN   TestDeliveryReaders_V6_GCRetainsActiveAndArchivedLeases/complete
=== PAUSE TestDeliveryReaders_V6_GCRetainsActiveAndArchivedLeases/complete
=== RUN   TestDeliveryReaders_V6_GCRetainsActiveAndArchivedLeases/delivery-lease-position.json
=== PAUSE TestDeliveryReaders_V6_GCRetainsActiveAndArchivedLeases/delivery-lease-position.json
=== RUN   TestDeliveryReaders_V6_GCRetainsActiveAndArchivedLeases/delivery-acks.jsonl
=== PAUSE TestDeliveryReaders_V6_GCRetainsActiveAndArchivedLeases/delivery-acks.jsonl
=== CONT  TestDrainPersistsPerFileBeforeMovingOn
--- PASS: TestDeliveryOrder_ArchiveReadsHoldNeitherJournalLock (0.55s)
=== CONT  TestIdleActPrefixRunsWhenMayAct
--- PASS: TestIdleActPrefixRunsWhenMayAct (0.00s)
=== CONT  TestDrainKeepsCleanupIntentsForAFileDeletedAfterTheListing
--- PASS: TestDrainForgetsAFileAlreadyGoneAtItsRemoval (0.16s)
=== CONT  TestStageBinary_RefusesWithoutAHome
=== NAME  TestDeliverySealSegment_ConversionWithoutATornSlotIsStillRefused
    delivery_seal_segment_ruler_test.go:150: report:
        delivery-seal: C:\Users\Quant\AppData\Local\Temp\TestDeliverySealSegment_ConversionWithoutATornSlotIsStillRefused262964567\001
          segment 0 lease journal: loads, 2 entries, 582 bytes, chain sha256:cf62b5236bd027c53ef2f8561d8505e3205023f0aed20697fd4ae5f3859e4b3c
          segment 0 ack journal: loads, 0 entries, 0 bytes (archived ACKs joined to their original leases)
          segment 1 lease journal: loads, 2 entries, 582 bytes, chain sha256:a0761154099148b6fbf33d227d330f3fa0d66cc408ac3cfe4406c719da4caa74
          segment 1 ack journal: loads, 1 entries, 258 bytes (archived ACKs joined to their original leases)
          segment 1 carried leases: 2 archived with no acknowledgement, each resolved at the base root
--- PASS: TestStageBinary_RefusesWithoutAHome (0.02s)
=== CONT  TestDrainRejectsMismatchedProgressBeforePruningIt
--- PASS: TestDrainPersistsAFileBeforeCleaningUpItsBlobs (0.09s)
=== CONT  TestDrainDoesNotForgetASegmentTheIngestHolds
--- PASS: TestDeliverySealSegment_ConversionWithoutATornSlotIsStillRefused (0.68s)
=== CONT  TestStageBinary_NeverRemovesACopyHeldOpen
--- PASS: TestDrainRejectsMismatchedProgressBeforePruningIt (0.03s)
=== CONT  TestDrainForgetsReleasedProgressForMissingFilesBeforeReadingAny
--- PASS: TestDrainPersistsPerFileBeforeMovingOn (0.11s)
=== CONT  TestStageBinary_StartsACopyItsRenamerStillHolds
--- PASS: TestStageBinary_NeverRemovesACopyHeldOpen (0.07s)
=== CONT  TestDrainStartupForgetsStaleProgressBeforeTheSessionRecreatesItsSegment
=== RUN   TestDrainStartupForgetsStaleProgressBeforeTheSessionRecreatesItsSegment/recreated_smaller
=== PAUSE TestDrainStartupForgetsStaleProgressBeforeTheSessionRecreatesItsSegment/recreated_smaller
=== RUN   TestDrainStartupForgetsStaleProgressBeforeTheSessionRecreatesItsSegment/recreated_at_the_same_size
=== PAUSE TestDrainStartupForgetsStaleProgressBeforeTheSessionRecreatesItsSegment/recreated_at_the_same_size
=== RUN   TestDrainStartupForgetsStaleProgressBeforeTheSessionRecreatesItsSegment/recreated_larger
=== PAUSE TestDrainStartupForgetsStaleProgressBeforeTheSessionRecreatesItsSegment/recreated_larger
=== CONT  TestDrainKeepsProgressWhenItCannotPersistTheForgetting
--- PASS: TestDrainKeepsCleanupIntentsForAFileDeletedAfterTheListing (0.13s)
=== CONT  TestStageBinary_VerifiesACopyItsRenamerStillHolds
--- PASS: TestStateCodec_TurnListsCapped (0.47s)
=== CONT  TestRunningFromPluginRoot
=== NAME  TestDeliverySealSegment_RuleRNeverReachesAnArchivedSegment
    delivery_seal_segment_ruler_test.go:132: report:
        delivery-seal: C:\Users\Quant\AppData\Local\Temp\TestDeliverySealSegment_RuleRNeverReachesAnArchivedSegment2176095742\001
          segment 0 lease journal: loads, 2 entries, 582 bytes, chain sha256:cf62b5236bd027c53ef2f8561d8505e3205023f0aed20697fd4ae5f3859e4b3c
          segment 0 ack journal: loads, 0 entries, 0 bytes (archived ACKs joined to their original leases)
=== CONT  TestFrontier_CloseWritesRealSegmentTokens
=== CONT  TestDaemonWorkingDir
=== CONT  TestDaemonProgram_StagesAPluginLayoutWithoutTheVariable
--- PASS: TestRunningFromPluginRoot (0.04s)
--- PASS: TestDrainDoesNotForgetASegmentTheIngestHolds (0.14s)
--- PASS: TestDaemonWorkingDir (0.00s)
=== NAME  TestDeliverySealSegment_RuleRNeverReachesAnArchivedSegment
    delivery_seal_segment_ruler_test.go:132: report:
        delivery-seal: C:\Users\Quant\AppData\Local\Temp\TestDeliverySealSegment_RuleRNeverReachesAnArchivedSegment2176095742\001
          segment 0 lease journal: loads, 2 entries, 582 bytes, chain sha256:cf62b5236bd027c53ef2f8561d8505e3205023f0aed20697fd4ae5f3859e4b3c
          segment 0 ack journal: loads, 0 entries, 0 bytes (archived ACKs joined to their original leases)
=== NAME  TestDeliverySealSegment_RuleRRepairsATornActiveSegmentSeal
    delivery_seal_segment_ruler_test.go:84: report:
        delivery-seal: C:\Users\Quant\AppData\Local\Temp\TestDeliverySealSegment_RuleRRepairsATornActiveSegmentSeal212289236\001
          segment 0 lease journal: loads, 2 entries, 582 bytes, chain sha256:cf62b5236bd027c53ef2f8561d8505e3205023f0aed20697fd4ae5f3859e4b3c
          segment 0 ack journal: loads, 0 entries, 0 bytes (archived ACKs joined to their original leases)
          segment 1 lease journal: loads, 2 entries, 582 bytes, chain sha256:a0761154099148b6fbf33d227d330f3fa0d66cc408ac3cfe4406c719da4caa74
          lease seal C:\Users\Quant\AppData\Local\Temp\TestDeliverySealSegment_RuleRRepairsATornActiveSegmentSeal212289236\001\.qompack\state\delivery-segments\00000000000000000001\delivery-lease-position.json: v2 with one torn slot; accepting 1 entries, 291 bytes
          lease: --accept-torn-slot admitted 1 line(s) past the accepted record:
            {"v":1,"delivery":"0000000000000000000000000000000000000000000000000000000000000004","session":"ruler","request":"sha256:bddf49144490b6a8657e38ca52897548592980b23c50a0212922a765355aef0f","arrival":4,"observation_id":"sha256:ec04120ab38a04d2a265f166ff3b6540f545d6098b34ec37e6da1c17c9738814"}
          segment 1 ack journal: loads, 1 entries, 258 bytes (archived ACKs joined to their original leases)
          segment 1 carried leases: 2 archived with no acknowledgement, each resolved at the base root
          checked 2 committed segment(s) through segment 1 and the generation store; nothing was written
--- PASS: TestStageBinary_VerifiesACopyItsRenamerStillHolds (0.10s)
=== CONT  TestDaemonProgram_StagesOnlyWhereEnabled
--- PASS: TestDrainKeepsProgressWhenItCannotPersistTheForgetting (0.12s)
=== CONT  TestCopyStaged_NeverReplacesAnInstalledCopy
--- PASS: TestDeliverySealSegment_RuleRNeverReachesAnArchivedSegment (0.99s)
=== CONT  TestFrontier_ResidualNeverNegative
--- PASS: TestFrontier_ResidualNeverNegative (0.01s)
=== CONT  TestStageBinary_ConcurrentSpawnersAgree
--- PASS: TestDaemonProgram_StagesAPluginLayoutWithoutTheVariable (0.09s)
=== CONT  TestStateCodec_BOCDRoundTrip
=== NAME  TestDeliverySealSegment_RuleRRepairsATornActiveSegmentSeal
    delivery_seal_segment_ruler_test.go:95: report:
        delivery-seal: C:\Users\Quant\AppData\Local\Temp\TestDeliverySealSegment_RuleRRepairsATornActiveSegmentSeal212289236\001
          segment 0 lease journal: loads, 2 entries, 582 bytes, chain sha256:cf62b5236bd027c53ef2f8561d8505e3205023f0aed20697fd4ae5f3859e4b3c
          segment 0 ack journal: loads, 0 entries, 0 bytes (archived ACKs joined to their original leases)
          segment 1 lease journal: loads, 2 entries, 582 bytes, chain sha256:a0761154099148b6fbf33d227d330f3fa0d66cc408ac3cfe4406c719da4caa74
          lease seal C:\Users\Quant\AppData\Local\Temp\TestDeliverySealSegment_RuleRRepairsATornActiveSegmentSeal212289236\001\.qompack\state\delivery-segments\00000000000000000001\delivery-lease-position.json: v2 with one torn slot; accepting 1 entries, 291 bytes
          lease: --accept-torn-slot admitted 1 line(s) past the accepted record:
            {"v":1,"delivery":"0000000000000000000000000000000000000000000000000000000000000004","session":"ruler","request":"sha256:bddf49144490b6a8657e38ca52897548592980b23c50a0212922a765355aef0f","arrival":4,"observation_id":"sha256:ec04120ab38a04d2a265f166ff3b6540f545d6098b34ec37e6da1c17c9738814"}
          segment 1 ack journal: loads, 1 entries, 258 bytes (archived ACKs joined to their original leases)
          segment 1 carried leases: 2 archived with no acknowledgement, each resolved at the base root
          segment 1 lease seal C:\Users\Quant\AppData\Local\Temp\TestDeliverySealSegment_RuleRRepairsATornActiveSegmentSeal212289236\001\.qompack\state\delivery-segments\00000000000000000001\delivery-lease-position.json: wrote v1 at 2 entries, 582 bytes (the accepted record sealed 1 entries, 291 bytes)
--- PASS: TestDrainForgetsReleasedProgressForMissingFilesBeforeReadingAny (0.22s)
=== CONT  TestCarriedDefect_SP20D4_CaptureContinuesPastTheOldEntryCapAcrossRestart
--- PASS: TestCopyStaged_NeverReplacesAnInstalledCopy (0.06s)
=== CONT  TestStageBinary_PrunesOtherVersions
--- PASS: TestDaemonProgram_StagesOnlyWhereEnabled (0.08s)
=== CONT  TestIngestWALIsExactBytes
--- PASS: TestStateCodec_BOCDRoundTrip (0.05s)
=== CONT  TestFrontier_AdvanceHonoursCancellation
--- PASS: TestFrontier_AdvanceHonoursCancellation (0.01s)
=== CONT  TestIngestWALRotates
--- PASS: TestFrontier_CloseWritesRealSegmentTokens (0.16s)
=== CONT  TestFrontier_ResidualRecomputed
--- PASS: TestDeliverySealSegment_CarryIsCheckedAgainstTheBaseRoot (1.79s)
=== CONT  TestFrontier_VerifyEvidenceStepsOverAnAlreadyEncodedNeighbour
--- PASS: TestFrontier_ResidualRecomputed (0.01s)
=== CONT  TestIdleTaskInertBeforeSessionBind
--- PASS: TestFrontier_VerifyEvidenceStepsOverAnAlreadyEncodedNeighbour (0.01s)
=== CONT  TestIdleActPrefixSkippedWhenNotMayAct
--- PASS: TestIdleActPrefixSkippedWhenNotMayAct (0.00s)
=== CONT  TestIdleTasksOffWhenBackgroundWorkFalse
--- PASS: TestIdleTaskInertBeforeSessionBind (0.01s)
=== CONT  TestIdleTaskGatedByDecisionBackground
--- PASS: TestIngestWALIsExactBytes (0.06s)
=== CONT  TestResolveBlob_NonBlobRawIsUntouched
--- PASS: TestIdleTasksOffWhenBackgroundWorkFalse (0.02s)
=== CONT  TestFrontier_AdvanceStopsAtAGapInDurableEvidence
--- PASS: TestStageBinary_PrunesOtherVersions (0.07s)
=== CONT  TestSketchSetNeverWritesTriedBloom
--- PASS: TestResolveBlob_NonBlobRawIsUntouched (0.02s)
=== CONT  TestIdleFrontierSkippedCounted
--- PASS: TestFrontier_AdvanceStopsAtAGapInDurableEvidence (0.01s)
=== CONT  TestSketchSetSaveIsNoopWhenNotDirty
--- PASS: TestIngestWALRotates (0.05s)
=== CONT  TestWrapServices_PreCompactWithNothingObservedLeavesTheSegmentOpen
--- PASS: TestSketchSetSaveIsNoopWhenNotDirty (0.01s)
=== CONT  TestWrapServices_PreCompactAfterARestartMergesWhatItObservedSince
--- PASS: TestStageBinary_ConcurrentSpawnersAgree (0.14s)
=== CONT  TestIdleRefreshesDecisionOncePerPass
--- PASS: TestWrapServices_PreCompactWithNothingObservedLeavesTheSegmentOpen (0.01s)
=== CONT  TestWrapServices_AReplayOfASessionNoHookTouchedDoesNotBind
--- PASS: TestIdleTaskGatedByDecisionBackground (0.05s)
=== CONT  TestNewSketchSet_ConstructsAllFour
--- PASS: TestNewSketchSet_ConstructsAllFour (0.00s)
=== CONT  TestWrapServices_CallsInnerSeamsFirst
--- PASS: TestSketchSetNeverWritesTriedBloom (0.04s)
=== CONT  TestWrapServices_AHookOfAnotherSessionLeavesTheBoundOneAlone
--- PASS: TestWrapServices_AHookOfAnotherSessionLeavesTheBoundOneAlone (0.01s)
=== CONT  TestWrapServices_ReplyOnlyPromptDoesNotBind
--- PASS: TestWrapServices_PreCompactAfterARestartMergesWhatItObservedSince (0.05s)
=== CONT  TestFrontier_AdvanceIdempotent
--- PASS: TestFrontier_AdvanceIdempotent (0.01s)
=== CONT  TestFrontier_DPIGuardPreservesOwnerOutcomeWithoutRetry
--- PASS: TestWrapServices_AReplayOfASessionNoHookTouchedDoesNotBind (0.06s)
=== CONT  TestSketchSetLoadToleratesStubSketchPackage
--- PASS: TestWrapServices_ReplyOnlyPromptDoesNotBind (0.04s)
=== CONT  TestWrapServices_FirstStopOrCapturedPromptAfterARestartBinds
=== RUN   TestWrapServices_FirstStopOrCapturedPromptAfterARestartBinds/stop
=== PAUSE TestWrapServices_FirstStopOrCapturedPromptAfterARestartBinds/stop
=== RUN   TestWrapServices_FirstStopOrCapturedPromptAfterARestartBinds/captured_prompt
=== PAUSE TestWrapServices_FirstStopOrCapturedPromptAfterARestartBinds/captured_prompt
=== CONT  TestFrontier_AdvanceNoWriterIsNoOp
--- PASS: TestWrapServices_CallsInnerSeamsFirst (0.06s)
=== CONT  TestIdleActingTaskSkippedInDegradedPassive
--- PASS: TestSketchSetLoadToleratesStubSketchPackage (0.01s)
=== CONT  TestIdleTasksRegistered
--- PASS: TestFrontier_DPIGuardPreservesOwnerOutcomeWithoutRetry (0.01s)
=== CONT  TestIdleWorkBindsDaemon
--- PASS: TestDeliveryRollover_CarryNamesEveryArchivedUnacknowledgedLease (1.85s)
=== CONT  TestStageBinary_ReplacesATamperedCopy
--- PASS: TestFrontier_AdvanceNoWriterIsNoOp (0.01s)
=== CONT  TestStageBinary_ReplacesANonFileAtTheTarget
--- PASS: TestIdleWorkBindsDaemon (0.01s)
=== CONT  TestDrainForgetsAFileDurablyBeforeUnlinkingIt
=== RUN   TestDrainForgetsAFileDurablyBeforeUnlinkingIt/read_to_its_end_by_the_same_pass
=== PAUSE TestDrainForgetsAFileDurablyBeforeUnlinkingIt/read_to_its_end_by_the_same_pass
=== RUN   TestDrainForgetsAFileDurablyBeforeUnlinkingIt/finished_by_an_earlier_pass
=== PAUSE TestDrainForgetsAFileDurablyBeforeUnlinkingIt/finished_by_an_earlier_pass
=== CONT  TestFrontier_VerifyEvidenceStopsOnCancellation
--- PASS: TestIdleTasksRegistered (0.01s)
=== CONT  TestVerifyStaged_RefusesACopyRemovedOrReplacedWhileItIsHashed
=== RUN   TestVerifyStaged_RefusesACopyRemovedOrReplacedWhileItIsHashed/removed
=== PAUSE TestVerifyStaged_RefusesACopyRemovedOrReplacedWhileItIsHashed/removed
=== RUN   TestVerifyStaged_RefusesACopyRemovedOrReplacedWhileItIsHashed/replaced
=== PAUSE TestVerifyStaged_RefusesACopyRemovedOrReplacedWhileItIsHashed/replaced
=== CONT  TestStageBinary_CopiesOnceUnderTheContentAddress
--- PASS: TestFrontier_VerifyEvidenceStopsOnCancellation (0.01s)
=== CONT  TestLockRelease_GivesBackTheSpawnClaim
--- PASS: TestIdleRefreshesDecisionOncePerPass (0.09s)
=== CONT  TestWrapServices_FirstToolAfterARestartBindsTheLiveSession
--- PASS: TestIdleActingTaskSkippedInDegradedPassive (0.04s)
=== CONT  TestStageBinary_UnreadableSourceFails
--- PASS: TestStageBinary_UnreadableSourceFails (0.01s)
=== CONT  TestDrainCrashAtTheUnlinkLeavesNoProgressForARecreatedSegment
=== RUN   TestDrainCrashAtTheUnlinkLeavesNoProgressForARecreatedSegment/recreated_smaller
=== PAUSE TestDrainCrashAtTheUnlinkLeavesNoProgressForARecreatedSegment/recreated_smaller
=== RUN   TestDrainCrashAtTheUnlinkLeavesNoProgressForARecreatedSegment/recreated_at_the_same_size
=== PAUSE TestDrainCrashAtTheUnlinkLeavesNoProgressForARecreatedSegment/recreated_at_the_same_size
=== RUN   TestDrainCrashAtTheUnlinkLeavesNoProgressForARecreatedSegment/recreated_larger
=== PAUSE TestDrainCrashAtTheUnlinkLeavesNoProgressForARecreatedSegment/recreated_larger
=== CONT  TestIngestResolvesBlobsEndToEnd
--- PASS: TestStageBinary_ReplacesANonFileAtTheTarget (0.07s)
=== CONT  TestDrainRestoresProgressWhenItDoesNotRemoveTheFile
=== RUN   TestDrainRestoresProgressWhenItDoesNotRemoveTheFile/the_ingest_refuses_a_segment_reopened_after_the_drain_asked
=== PAUSE TestDrainRestoresProgressWhenItDoesNotRemoveTheFile/the_ingest_refuses_a_segment_reopened_after_the_drain_asked
=== RUN   TestDrainRestoresProgressWhenItDoesNotRemoveTheFile/the_unlink_fails
=== PAUSE TestDrainRestoresProgressWhenItDoesNotRemoveTheFile/the_unlink_fails
=== CONT  TestIdleTaskRebuildBloomSkippedWhenLedgerNil
--- PASS: TestIdleTaskRebuildBloomSkippedWhenLedgerNil (0.01s)
=== CONT  TestFrontier_ResidualOverBudgetWarnsOnce
=== RUN   TestFrontier_ResidualOverBudgetWarnsOnce/nothing_to_encode
=== PAUSE TestFrontier_ResidualOverBudgetWarnsOnce/nothing_to_encode
=== RUN   TestFrontier_ResidualOverBudgetWarnsOnce/three-segment_backlog
=== PAUSE TestFrontier_ResidualOverBudgetWarnsOnce/three-segment_backlog
=== CONT  TestObserveScope_NothingFailsAndEveryGapIsNamed/no_git_at_all
=== CONT  TestObserveScope_NothingFailsAndEveryGapIsNamed/a_dangling_worktree_gitdir
--- PASS: TestWrapServices_FirstToolAfterARestartBindsTheLiveSession (0.07s)
=== CONT  TestObserveScope_NothingFailsAndEveryGapIsNamed/a_.git_file_that_is_not_a_gitdir_pointer
--- PASS: TestIngestResolvesBlobsEndToEnd (0.05s)
=== CONT  TestObserveScope_NothingFailsAndEveryGapIsNamed/no_session_id
--- PASS: TestStageBinary_StartsACopyItsRenamerStillHolds (0.46s)
=== CONT  TestObserveScope_NothingFailsAndEveryGapIsNamed/unreadable_HEAD
--- PASS: TestStageBinary_CopiesOnceUnderTheContentAddress (0.09s)
=== CONT  TestObserveScope_NothingFailsAndEveryGapIsNamed/a_branch_with_no_commit_yet
--- PASS: TestLockRelease_GivesBackTheSpawnClaim (0.09s)
=== CONT  TestResolveWindow_HostVariables/disable_compact_caps_urgency_at_advisory
--- PASS: TestStageBinary_ReplacesATamperedCopy (0.11s)
=== CONT  TestResolveWindow_HostVariables/disable_1m_context_without_a_clamp_stamps_nothing
=== CONT  TestResolveWindow_HostVariables/falsy_spellings_do_not_bind
=== CONT  TestResolveWindow_HostVariables/unknown_model_enforcement_off_is_advisory_with_a_normal_window
=== CONT  TestResolveWindow_HostVariables/disable_1m_context_clamps_the_autocompact_rung_too
=== CONT  TestResolveWindow_HostVariables/disable_1m_context_clamps_after_every_rung
=== CONT  TestResolveWindow_HostVariables/max_context_tokens_does_not_outrank_autocompact
=== CONT  TestResolveWindow_HostVariables/max_context_tokens_is_clamped_to_range
=== CONT  TestResolveWindow_HostVariables/max_context_tokens_outranks_host_default
=== CONT  TestResolveWindow_HostVariables/hard_ceiling_without_disable_compact_is_urgency_now
=== CONT  TestRuntime_WindowResolutionLadder/autocompact
=== CONT  TestRuntime_WindowResolutionLadder/autocompact_empty_falls_through
=== CONT  TestRuntime_WindowResolutionLadder/override_leaving_no_window_falls_through_to_host_default
=== CONT  TestRuntime_WindowResolutionLadder/override_without_max_output_uses_host_default_output
=== CONT  TestRuntime_WindowResolutionLadder/autocompact_outranks_override
--- PASS: TestObserveScope_NothingFailsAndEveryGapIsNamed (0.00s)
    --- PASS: TestObserveScope_NothingFailsAndEveryGapIsNamed/no_git_at_all (0.00s)
    --- PASS: TestObserveScope_NothingFailsAndEveryGapIsNamed/a_.git_file_that_is_not_a_gitdir_pointer (0.03s)
    --- PASS: TestObserveScope_NothingFailsAndEveryGapIsNamed/a_dangling_worktree_gitdir (0.03s)
    --- PASS: TestObserveScope_NothingFailsAndEveryGapIsNamed/no_session_id (0.03s)
    --- PASS: TestObserveScope_NothingFailsAndEveryGapIsNamed/unreadable_HEAD (0.02s)
    --- PASS: TestObserveScope_NothingFailsAndEveryGapIsNamed/a_branch_with_no_commit_yet (0.05s)
=== CONT  TestRuntime_WindowResolutionLadder/autocompact_negative_falls_through
=== CONT  TestRuntime_WindowResolutionLadder/autocompact_zero_falls_through
=== CONT  TestRuntime_WindowResolutionLadder/autocompact_below_range_clamped
=== CONT  TestRuntime_WindowResolutionLadder/autocompact_garbage_falls_through
=== CONT  TestRuntime_WindowResolutionLadder/autocompact_above_range_clamped
--- PASS: TestResolveWindow_HostVariables (0.00s)
    --- PASS: TestResolveWindow_HostVariables/disable_compact_caps_urgency_at_advisory (0.02s)
    --- PASS: TestResolveWindow_HostVariables/disable_1m_context_without_a_clamp_stamps_nothing (0.01s)
    --- PASS: TestResolveWindow_HostVariables/unknown_model_enforcement_off_is_advisory_with_a_normal_window (0.01s)
    --- PASS: TestResolveWindow_HostVariables/disable_1m_context_clamps_the_autocompact_rung_too (0.01s)
    --- PASS: TestResolveWindow_HostVariables/disable_1m_context_clamps_after_every_rung (0.01s)
    --- PASS: TestResolveWindow_HostVariables/max_context_tokens_does_not_outrank_autocompact (0.01s)
    --- PASS: TestResolveWindow_HostVariables/max_context_tokens_outranks_host_default (0.01s)
    --- PASS: TestResolveWindow_HostVariables/hard_ceiling_without_disable_compact_is_urgency_now (0.01s)
    --- PASS: TestResolveWindow_HostVariables/falsy_spellings_do_not_bind (0.03s)
    --- PASS: TestResolveWindow_HostVariables/max_context_tokens_is_clamped_to_range (0.03s)
=== CONT  TestRuntime_WindowResolutionLadder/host_default
=== CONT  TestRuntime_WindowResolutionLadder/override
=== CONT  TestIdleExitWaitsForAnUnregisteredSessionThatKeepsSendingTraffic/abandoned
=== CONT  TestIdleExitWaitsForAnUnregisteredSessionThatKeepsSendingTraffic/ended
=== CONT  TestPrecompactDeadlineIsLeftUnsetWhenTheManifestDeclaresNoTimeout/the_shipped_manifest's_20s
=== CONT  TestPrecompactDeadlineIsLeftUnsetWhenTheManifestDeclaresNoTimeout/a_negative_timeout_is_just_as_unusable
=== CONT  TestPrecompactDeadlineIsLeftUnsetWhenTheManifestDeclaresNoTimeout/an_unreadable_manifest_shape
--- PASS: TestPrecompactDeadlineIsLeftUnsetWhenTheManifestDeclaresNoTimeout (0.00s)
    --- PASS: TestPrecompactDeadlineIsLeftUnsetWhenTheManifestDeclaresNoTimeout/the_shipped_manifest's_20s (0.00s)
    --- PASS: TestPrecompactDeadlineIsLeftUnsetWhenTheManifestDeclaresNoTimeout/a_negative_timeout_is_just_as_unusable (0.00s)
    --- PASS: TestPrecompactDeadlineIsLeftUnsetWhenTheManifestDeclaresNoTimeout/an_unreadable_manifest_shape (0.00s)
=== CONT  TestALockThisProjectWroteElsewhereKeepsTheFullProtocol/an_address_no_project_hash_names,_answering
--- PASS: TestDeliverySealSegment_RuleRRepairsATornActiveSegmentSeal (1.15s)
=== CONT  TestALockThisProjectWroteElsewhereKeepsTheFullProtocol/this_project's_endpoint_under_another_socket_directory,_its_pid_alive
=== CONT  TestALockNamesItsRootAndIsJudgedByIt/AcquireLock_records_the_root
=== CONT  TestALockNamesItsRootAndIsJudgedByIt/a_root_that_no_longer_exists:_foreign
=== CONT  TestALockNamesItsRootAndIsJudgedByIt/another_store's_root:_foreign,_whatever_answers_at_its_address
=== CONT  TestALockNamesItsRootAndIsJudgedByIt/this_store's_root_at_an_address_this_process_would_not_resolve:_the_full_protocol
--- PASS: TestRuntime_WindowResolutionLadder (0.00s)
    --- PASS: TestRuntime_WindowResolutionLadder/autocompact (0.02s)
    --- PASS: TestRuntime_WindowResolutionLadder/override_leaving_no_window_falls_through_to_host_default (0.01s)
    --- PASS: TestRuntime_WindowResolutionLadder/autocompact_empty_falls_through (0.02s)
    --- PASS: TestRuntime_WindowResolutionLadder/override_without_max_output_uses_host_default_output (0.02s)
    --- PASS: TestRuntime_WindowResolutionLadder/autocompact_outranks_override (0.01s)
    --- PASS: TestRuntime_WindowResolutionLadder/autocompact_negative_falls_through (0.02s)
    --- PASS: TestRuntime_WindowResolutionLadder/autocompact_zero_falls_through (0.01s)
    --- PASS: TestRuntime_WindowResolutionLadder/autocompact_below_range_clamped (0.01s)
    --- PASS: TestRuntime_WindowResolutionLadder/autocompact_garbage_falls_through (0.02s)
    --- PASS: TestRuntime_WindowResolutionLadder/host_default (0.01s)
    --- PASS: TestRuntime_WindowResolutionLadder/autocompact_above_range_clamped (0.02s)
    --- PASS: TestRuntime_WindowResolutionLadder/override (0.02s)
--- PASS: TestIdleFrontierSkippedCounted (0.28s)
=== CONT  TestForeignLockIsJudgedByThisStoresHeartbeat/a_stale_heartbeat:_the_copy's_daemon_takes_the_lock
=== CONT  TestForeignLockIsJudgedByThisStoresHeartbeat/a_fresh_heartbeat:_still_held
=== CONT  TestDeliveryRadix_MergeEqualsSequentialUpdates/seed01-mode1
=== CONT  TestDeliveryRadix_MergeEqualsSequentialUpdates/seed25-mode1
=== CONT  TestDeliveryRadix_MergeEqualsSequentialUpdates/seed48-mode0
--- PASS: TestALockThisProjectWroteElsewhereKeepsTheFullProtocol (0.00s)
    --- PASS: TestALockThisProjectWroteElsewhereKeepsTheFullProtocol/an_address_no_project_hash_names,_answering (0.07s)
    --- PASS: TestALockThisProjectWroteElsewhereKeepsTheFullProtocol/this_project's_endpoint_under_another_socket_directory,_its_pid_alive (0.07s)
=== CONT  TestDeliveryRadix_MergeEqualsSequentialUpdates/seed47-mode3
=== CONT  TestDeliveryRadix_MergeEqualsSequentialUpdates/seed46-mode2
=== CONT  TestDeliveryRadix_MergeEqualsSequentialUpdates/seed45-mode1
=== CONT  TestDeliveryRadix_MergeEqualsSequentialUpdates/seed44-mode0
--- PASS: TestForeignLockIsJudgedByThisStoresHeartbeat (0.01s)
    --- PASS: TestForeignLockIsJudgedByThisStoresHeartbeat/a_fresh_heartbeat:_still_held (0.06s)
    --- PASS: TestForeignLockIsJudgedByThisStoresHeartbeat/a_stale_heartbeat:_the_copy's_daemon_takes_the_lock (0.11s)
--- PASS: TestALockNamesItsRootAndIsJudgedByIt (0.00s)
    --- PASS: TestALockNamesItsRootAndIsJudgedByIt/a_root_that_no_longer_exists:_foreign (0.03s)
    --- PASS: TestALockNamesItsRootAndIsJudgedByIt/AcquireLock_records_the_root (0.07s)
    --- PASS: TestALockNamesItsRootAndIsJudgedByIt/this_store's_root_at_an_address_this_process_would_not_resolve:_the_full_protocol (0.07s)
    --- PASS: TestALockNamesItsRootAndIsJudgedByIt/another_store's_root:_foreign,_whatever_answers_at_its_address (0.14s)
=== CONT  TestDeliveryRadix_MergeEqualsSequentialUpdates/seed43-mode3
=== CONT  TestDeliveryRadix_MergeEqualsSequentialUpdates/seed42-mode2
--- PASS: TestIdleExitWaitsForAnUnregisteredSessionThatKeepsSendingTraffic (0.00s)
    --- PASS: TestIdleExitWaitsForAnUnregisteredSessionThatKeepsSendingTraffic/abandoned (0.07s)
    --- PASS: TestIdleExitWaitsForAnUnregisteredSessionThatKeepsSendingTraffic/ended (0.20s)
=== CONT  TestDeliveryRadix_MergeEqualsSequentialUpdates/seed41-mode1
=== CONT  TestDeliveryRadix_MergeEqualsSequentialUpdates/seed40-mode0
=== CONT  TestDeliveryRadix_MergeEqualsSequentialUpdates/seed39-mode3
--- PASS: TestDeliverySealSegment_RefusesCorruptActiveSegmentThatLegacyOnlyAccepts (1.56s)
=== CONT  TestDeliveryRadix_MergeEqualsSequentialUpdates/seed38-mode2
=== CONT  TestDeliveryRadix_MergeEqualsSequentialUpdates/seed37-mode1
=== CONT  TestDeliveryRadix_MergeEqualsSequentialUpdates/seed36-mode0
=== CONT  TestDeliveryRadix_MergeEqualsSequentialUpdates/seed35-mode3
=== CONT  TestDeliveryRadix_MergeEqualsSequentialUpdates/seed34-mode2
=== CONT  TestDeliveryRadix_MergeEqualsSequentialUpdates/seed33-mode1
=== CONT  TestDeliveryRadix_MergeEqualsSequentialUpdates/seed32-mode0
=== CONT  TestDeliveryRadix_MergeEqualsSequentialUpdates/seed31-mode3
=== NAME  TestCarriedDefect_SP20D4_CaptureContinuesPastTheOldEntryCapAcrossRestart
    delivery_lease_cap_test.go:56: fixture: 65536 acknowledged leases; lease journal 20239518 bytes, ack journal 16908288 bytes
=== CONT  TestDeliveryRadix_MergeEqualsSequentialUpdates/seed30-mode2
=== CONT  TestDeliveryRadix_MergeEqualsSequentialUpdates/seed29-mode1
=== CONT  TestDeliveryRadix_MergeEqualsSequentialUpdates/seed28-mode0
=== CONT  TestDeliveryRadix_MergeEqualsSequentialUpdates/seed27-mode3
=== CONT  TestDeliveryRadix_MergeEqualsSequentialUpdates/seed26-mode2
=== CONT  TestDeliveryRadix_MergeEqualsSequentialUpdates/seed13-mode1
=== CONT  TestDeliveryRadix_MergeEqualsSequentialUpdates/seed24-mode0
=== CONT  TestDeliveryRadix_MergeEqualsSequentialUpdates/seed23-mode3
=== CONT  TestDeliveryRadix_MergeEqualsSequentialUpdates/seed22-mode2
=== CONT  TestDeliveryRadix_MergeEqualsSequentialUpdates/seed21-mode1
=== CONT  TestDeliveryRadix_MergeEqualsSequentialUpdates/seed20-mode0
=== CONT  TestDeliveryRadix_MergeEqualsSequentialUpdates/seed19-mode3
=== CONT  TestDeliveryRadix_MergeEqualsSequentialUpdates/seed18-mode2
=== CONT  TestDeliveryRadix_MergeEqualsSequentialUpdates/seed17-mode1
=== CONT  TestDeliveryRadix_MergeEqualsSequentialUpdates/seed16-mode0
=== CONT  TestDeliveryRadix_MergeEqualsSequentialUpdates/seed15-mode3
=== CONT  TestDeliveryRadix_MergeEqualsSequentialUpdates/seed14-mode2
=== CONT  TestDeliveryRadix_MergeEqualsSequentialUpdates/seed07-mode3
=== CONT  TestDeliveryRadix_MergeEqualsSequentialUpdates/seed12-mode0
=== CONT  TestDeliveryRadix_MergeEqualsSequentialUpdates/seed11-mode3
=== CONT  TestDeliveryRadix_MergeEqualsSequentialUpdates/seed10-mode2
=== CONT  TestDeliveryRadix_MergeEqualsSequentialUpdates/seed09-mode1
=== CONT  TestDeliveryRadix_MergeEqualsSequentialUpdates/seed08-mode0
=== CONT  TestDeliveryRadix_MergeEqualsSequentialUpdates/seed04-mode0
=== CONT  TestDeliveryRadix_MergeEqualsSequentialUpdates/seed06-mode2
=== CONT  TestDeliveryRadix_MergeEqualsSequentialUpdates/seed05-mode1
=== CONT  TestDeliveryRadix_MergeEqualsSequentialUpdates/seed03-mode3
--- PASS: TestDeliveryOrder_ArchiveReadsNeverRunAheadOfASettlement (3.40s)
=== CONT  TestDeliveryRadix_MergeEqualsSequentialUpdates/seed02-mode2
=== CONT  TestDeliveryReaders_V6_GCRetainsActiveAndArchivedLeases/complete
=== CONT  TestDeliveryReaders_V6_GCRetainsActiveAndArchivedLeases/delivery-acks.jsonl
=== CONT  TestDeliveryReaders_V6_GCRetainsActiveAndArchivedLeases/delivery-lease-position.json
=== CONT  TestDrainStartupForgetsStaleProgressBeforeTheSessionRecreatesItsSegment/recreated_smaller
=== CONT  TestDrainStartupForgetsStaleProgressBeforeTheSessionRecreatesItsSegment/recreated_larger
=== CONT  TestDrainStartupForgetsStaleProgressBeforeTheSessionRecreatesItsSegment/recreated_at_the_same_size
=== CONT  TestWrapServices_FirstStopOrCapturedPromptAfterARestartBinds/stop
=== CONT  TestWrapServices_FirstStopOrCapturedPromptAfterARestartBinds/captured_prompt
=== CONT  TestDrainForgetsAFileDurablyBeforeUnlinkingIt/read_to_its_end_by_the_same_pass
=== CONT  TestDrainForgetsAFileDurablyBeforeUnlinkingIt/finished_by_an_earlier_pass
--- PASS: TestWrapServices_FirstStopOrCapturedPromptAfterARestartBinds (0.00s)
    --- PASS: TestWrapServices_FirstStopOrCapturedPromptAfterARestartBinds/stop (0.10s)
    --- PASS: TestWrapServices_FirstStopOrCapturedPromptAfterARestartBinds/captured_prompt (0.05s)
=== CONT  TestVerifyStaged_RefusesACopyRemovedOrReplacedWhileItIsHashed/removed
--- PASS: TestDeliveryGeneration_DormantSessionArrivalContinuity (2.99s)
=== CONT  TestVerifyStaged_RefusesACopyRemovedOrReplacedWhileItIsHashed/replaced
=== CONT  TestDrainCrashAtTheUnlinkLeavesNoProgressForARecreatedSegment/recreated_smaller
=== CONT  TestDrainCrashAtTheUnlinkLeavesNoProgressForARecreatedSegment/recreated_larger
=== CONT  TestDrainCrashAtTheUnlinkLeavesNoProgressForARecreatedSegment/recreated_at_the_same_size
--- PASS: TestVerifyStaged_RefusesACopyRemovedOrReplacedWhileItIsHashed (0.00s)
    --- PASS: TestVerifyStaged_RefusesACopyRemovedOrReplacedWhileItIsHashed/removed (0.08s)
    --- PASS: TestVerifyStaged_RefusesACopyRemovedOrReplacedWhileItIsHashed/replaced (0.07s)
=== CONT  TestDrainRestoresProgressWhenItDoesNotRemoveTheFile/the_ingest_refuses_a_segment_reopened_after_the_drain_asked
=== CONT  TestDrainRestoresProgressWhenItDoesNotRemoveTheFile/the_unlink_fails
=== CONT  TestFrontier_ResidualOverBudgetWarnsOnce/nothing_to_encode
--- PASS: TestDeliveryRadix_MergeEqualsSequentialUpdates (0.00s)
    --- PASS: TestDeliveryRadix_MergeEqualsSequentialUpdates/seed48-mode0 (0.11s)
    --- PASS: TestDeliveryRadix_MergeEqualsSequentialUpdates/seed25-mode1 (0.15s)
    --- PASS: TestDeliveryRadix_MergeEqualsSequentialUpdates/seed01-mode1 (0.16s)
    --- PASS: TestDeliveryRadix_MergeEqualsSequentialUpdates/seed41-mode1 (0.26s)
    --- PASS: TestDeliveryRadix_MergeEqualsSequentialUpdates/seed46-mode2 (0.37s)
    --- PASS: TestDeliveryRadix_MergeEqualsSequentialUpdates/seed43-mode3 (0.32s)
    --- PASS: TestDeliveryRadix_MergeEqualsSequentialUpdates/seed45-mode1 (0.36s)
    --- PASS: TestDeliveryRadix_MergeEqualsSequentialUpdates/seed47-mode3 (0.39s)
    --- PASS: TestDeliveryRadix_MergeEqualsSequentialUpdates/seed38-mode2 (0.24s)
    --- PASS: TestDeliveryRadix_MergeEqualsSequentialUpdates/seed39-mode3 (0.30s)
    --- PASS: TestDeliveryRadix_MergeEqualsSequentialUpdates/seed35-mode3 (0.14s)
    --- PASS: TestDeliveryRadix_MergeEqualsSequentialUpdates/seed37-mode1 (0.15s)
    --- PASS: TestDeliveryRadix_MergeEqualsSequentialUpdates/seed44-mode0 (0.50s)
    --- PASS: TestDeliveryRadix_MergeEqualsSequentialUpdates/seed31-mode3 (0.16s)
    --- PASS: TestDeliveryRadix_MergeEqualsSequentialUpdates/seed42-mode2 (0.51s)
    --- PASS: TestDeliveryRadix_MergeEqualsSequentialUpdates/seed40-mode0 (0.49s)
    --- PASS: TestDeliveryRadix_MergeEqualsSequentialUpdates/seed34-mode2 (0.26s)
    --- PASS: TestDeliveryRadix_MergeEqualsSequentialUpdates/seed33-mode1 (0.29s)
    --- PASS: TestDeliveryRadix_MergeEqualsSequentialUpdates/seed32-mode0 (0.27s)
    --- PASS: TestDeliveryRadix_MergeEqualsSequentialUpdates/seed30-mode2 (0.17s)
    --- PASS: TestDeliveryRadix_MergeEqualsSequentialUpdates/seed36-mode0 (0.33s)
    --- PASS: TestDeliveryRadix_MergeEqualsSequentialUpdates/seed27-mode3 (0.21s)
    --- PASS: TestDeliveryRadix_MergeEqualsSequentialUpdates/seed13-mode1 (0.20s)
    --- PASS: TestDeliveryRadix_MergeEqualsSequentialUpdates/seed23-mode3 (0.21s)
    --- PASS: TestDeliveryRadix_MergeEqualsSequentialUpdates/seed28-mode0 (0.38s)
    --- PASS: TestDeliveryRadix_MergeEqualsSequentialUpdates/seed29-mode1 (0.41s)
    --- PASS: TestDeliveryRadix_MergeEqualsSequentialUpdates/seed24-mode0 (0.30s)
    --- PASS: TestDeliveryRadix_MergeEqualsSequentialUpdates/seed20-mode0 (0.32s)
    --- PASS: TestDeliveryRadix_MergeEqualsSequentialUpdates/seed26-mode2 (0.44s)
    --- PASS: TestDeliveryRadix_MergeEqualsSequentialUpdates/seed19-mode3 (0.33s)
    --- PASS: TestDeliveryRadix_MergeEqualsSequentialUpdates/seed21-mode1 (0.44s)
    --- PASS: TestDeliveryRadix_MergeEqualsSequentialUpdates/seed12-mode0 (0.09s)
    --- PASS: TestDeliveryRadix_MergeEqualsSequentialUpdates/seed22-mode2 (0.49s)
    --- PASS: TestDeliveryRadix_MergeEqualsSequentialUpdates/seed15-mode3 (0.30s)
    --- PASS: TestDeliveryRadix_MergeEqualsSequentialUpdates/seed16-mode0 (0.32s)
    --- PASS: TestDeliveryRadix_MergeEqualsSequentialUpdates/seed18-mode2 (0.41s)
    --- PASS: TestDeliveryRadix_MergeEqualsSequentialUpdates/seed17-mode1 (0.40s)
    --- PASS: TestDeliveryRadix_MergeEqualsSequentialUpdates/seed14-mode2 (0.43s)
    --- PASS: TestDeliveryRadix_MergeEqualsSequentialUpdates/seed05-mode1 (0.13s)
    --- PASS: TestDeliveryRadix_MergeEqualsSequentialUpdates/seed10-mode2 (0.26s)
    --- PASS: TestDeliveryRadix_MergeEqualsSequentialUpdates/seed04-mode0 (0.17s)
    --- PASS: TestDeliveryRadix_MergeEqualsSequentialUpdates/seed09-mode1 (0.26s)
    --- PASS: TestDeliveryRadix_MergeEqualsSequentialUpdates/seed07-mode3 (0.46s)
    --- PASS: TestDeliveryRadix_MergeEqualsSequentialUpdates/seed03-mode3 (0.20s)
    --- PASS: TestDeliveryRadix_MergeEqualsSequentialUpdates/seed08-mode0 (0.39s)
    --- PASS: TestDeliveryRadix_MergeEqualsSequentialUpdates/seed06-mode2 (0.39s)
    --- PASS: TestDeliveryRadix_MergeEqualsSequentialUpdates/seed11-mode3 (0.57s)
    --- PASS: TestDeliveryRadix_MergeEqualsSequentialUpdates/seed02-mode2 (0.44s)
=== CONT  TestFrontier_ResidualOverBudgetWarnsOnce/three-segment_backlog
--- PASS: TestFrontier_ResidualOverBudgetWarnsOnce (0.00s)
    --- PASS: TestFrontier_ResidualOverBudgetWarnsOnce/nothing_to_encode (0.00s)
    --- PASS: TestFrontier_ResidualOverBudgetWarnsOnce/three-segment_backlog (0.00s)
--- PASS: TestDrainStartupForgetsStaleProgressBeforeTheSessionRecreatesItsSegment (0.00s)
    --- PASS: TestDrainStartupForgetsStaleProgressBeforeTheSessionRecreatesItsSegment/recreated_larger (0.36s)
    --- PASS: TestDrainStartupForgetsStaleProgressBeforeTheSessionRecreatesItsSegment/recreated_smaller (0.38s)
    --- PASS: TestDrainStartupForgetsStaleProgressBeforeTheSessionRecreatesItsSegment/recreated_at_the_same_size (0.32s)
--- PASS: TestDrainForgetsAFileDurablyBeforeUnlinkingIt (0.00s)
    --- PASS: TestDrainForgetsAFileDurablyBeforeUnlinkingIt/read_to_its_end_by_the_same_pass (0.15s)
    --- PASS: TestDrainForgetsAFileDurablyBeforeUnlinkingIt/finished_by_an_earlier_pass (0.18s)
--- PASS: TestDrainCrashAtTheUnlinkLeavesNoProgressForARecreatedSegment (0.00s)
    --- PASS: TestDrainCrashAtTheUnlinkLeavesNoProgressForARecreatedSegment/recreated_larger (0.25s)
    --- PASS: TestDrainCrashAtTheUnlinkLeavesNoProgressForARecreatedSegment/recreated_at_the_same_size (0.25s)
    --- PASS: TestDrainCrashAtTheUnlinkLeavesNoProgressForARecreatedSegment/recreated_smaller (0.27s)
--- PASS: TestDrainRestoresProgressWhenItDoesNotRemoveTheFile (0.00s)
    --- PASS: TestDrainRestoresProgressWhenItDoesNotRemoveTheFile/the_ingest_refuses_a_segment_reopened_after_the_drain_asked (0.33s)
    --- PASS: TestDrainRestoresProgressWhenItDoesNotRemoveTheFile/the_unlink_fails (0.35s)
--- PASS: TestDeliveryReaders_V6_BackupRestoresHistoryAndAcceptsLaterWrites (3.43s)
--- PASS: TestDeliveryGeneration_ManyGenerationsAndReplayIdentity (5.17s)
--- PASS: TestDeliveryReaders_V6_GCRetainsActiveAndArchivedLeases (0.00s)
    --- PASS: TestDeliveryReaders_V6_GCRetainsActiveAndArchivedLeases/delivery-lease-position.json (1.43s)
    --- PASS: TestDeliveryReaders_V6_GCRetainsActiveAndArchivedLeases/delivery-acks.jsonl (1.46s)
    --- PASS: TestDeliveryReaders_V6_GCRetainsActiveAndArchivedLeases/complete (1.47s)
--- PASS: TestDeliveryRadix_ManyGenerationsOldRootsUsable (4.00s)
--- PASS: TestCarriedDefect_SP20D4_CaptureContinuesPastTheOldEntryCapAcrossRestart (6.99s)
--- PASS: TestDeliveryRollover_DormantSessionContinuesArrivals (10.51s)
=== NAME  TestDeliveryReaders_V6_GCDuringLiveRotationsKeepsEveryArchivedUnsettledRoot
    delivery_readers_v6_test.go:241: GC passes during rotation: 14 completed, 0 halted by a moving authority
--- PASS: TestDeliveryReaders_V6_GCDuringLiveRotationsKeepsEveryArchivedUnsettledRoot (8.51s)
--- PASS: TestDeliveryRollover_ArchiveRecordsExactlyWhatTheBatchCommitsRecord (8.88s)
--- PASS: TestDeliveryRollover_ConcurrentCallersNeverSeeARotationAsABudgetRefusal (13.71s)
--- PASS: TestDeliveryRollover_SeventyLiveRotationsPreserveIdentity (18.66s)
--- PASS: TestDeliveryRollover_ArchivedAckExactJoinAndFrontierRetained (16.80s)
=== RUN   FuzzDeliverySealSelect
=== RUN   FuzzDeliverySealSelect/seed#0
=== RUN   FuzzDeliverySealSelect/seed#1
=== RUN   FuzzDeliverySealSelect/seed#2
=== RUN   FuzzDeliverySealSelect/seed#3
=== RUN   FuzzDeliverySealSelect/seed#4
=== RUN   FuzzDeliverySealSelect/seed#5
=== RUN   FuzzDeliverySealSelect/seed#6
=== RUN   FuzzDeliverySealSelect/seed#7
=== RUN   FuzzDeliverySealSelect/seed#8
=== RUN   FuzzDeliverySealSelect/seed#9
--- PASS: FuzzDeliverySealSelect (0.00s)
    --- PASS: FuzzDeliverySealSelect/seed#0 (0.00s)
    --- PASS: FuzzDeliverySealSelect/seed#1 (0.00s)
    --- PASS: FuzzDeliverySealSelect/seed#2 (0.00s)
    --- PASS: FuzzDeliverySealSelect/seed#3 (0.00s)
    --- PASS: FuzzDeliverySealSelect/seed#4 (0.00s)
    --- PASS: FuzzDeliverySealSelect/seed#5 (0.00s)
    --- PASS: FuzzDeliverySealSelect/seed#6 (0.00s)
    --- PASS: FuzzDeliverySealSelect/seed#7 (0.00s)
    --- PASS: FuzzDeliverySealSelect/seed#8 (0.00s)
    --- PASS: FuzzDeliverySealSelect/seed#9 (0.00s)
PASS
ok  	github.com/qompack/qompack/internal/daemon	220.461s
