{"Time":"2026-09-20T21:25:45.7579483-04:00","Action":"start","Package":"github.com/qompack/qompack/test/docs"}
{"Time":"2026-09-20T21:25:46.5382321-04:00","Action":"run","Package":"github.com/qompack/qompack/test/docs","Test":"TestGeneratedInventoriesAreNonEmpty"}
{"Time":"2026-09-20T21:25:46.5387638-04:00","Action":"output","Package":"github.com/qompack/qompack/test/docs","Test":"TestGeneratedInventoriesAreNonEmpty","Output":"=== RUN   TestGeneratedInventoriesAreNonEmpty\n"}
{"Time":"2026-09-20T21:25:46.6362225-04:00","Action":"start","Package":"github.com/qompack/qompack/tools/devtool"}
{"Time":"2026-09-20T21:25:46.654303-04:00","Action":"output","Package":"github.com/qompack/qompack/test/docs","Test":"TestGeneratedInventoriesAreNonEmpty","Output":"--- PASS: TestGeneratedInventoriesAreNonEmpty (0.12s)\n"}
{"Time":"2026-09-20T21:25:46.654303-04:00","Action":"pass","Package":"github.com/qompack/qompack/test/docs","Test":"TestGeneratedInventoriesAreNonEmpty","Elapsed":0.12}
{"Time":"2026-09-20T21:25:46.654303-04:00","Action":"run","Package":"github.com/qompack/qompack/test/docs","Test":"TestCannotDoCoversSection12Limits"}
{"Time":"2026-09-20T21:25:46.654303-04:00","Action":"output","Package":"github.com/qompack/qompack/test/docs","Test":"TestCannotDoCoversSection12Limits","Output":"=== RUN   TestCannotDoCoversSection12Limits\n"}
{"Time":"2026-09-20T21:25:46.7098219-04:00","Action":"output","Package":"github.com/qompack/qompack/test/docs","Test":"TestCannotDoCoversSection12Limits","Output":"--- PASS: TestCannotDoCoversSection12Limits (0.06s)\n"}
{"Time":"2026-09-20T21:25:46.7103735-04:00","Action":"pass","Package":"github.com/qompack/qompack/test/docs","Test":"TestCannotDoCoversSection12Limits","Elapsed":0.06}
{"Time":"2026-09-20T21:25:46.7103735-04:00","Action":"run","Package":"github.com/qompack/qompack/test/docs","Test":"TestUpstreamIssuesAreAllUnfiled"}
{"Time":"2026-09-20T21:25:46.7103735-04:00","Action":"output","Package":"github.com/qompack/qompack/test/docs","Test":"TestUpstreamIssuesAreAllUnfiled","Output":"=== RUN   TestUpstreamIssuesAreAllUnfiled\n"}
{"Time":"2026-09-20T21:25:46.7710792-04:00","Action":"output","Package":"github.com/qompack/qompack/test/docs","Test":"TestUpstreamIssuesAreAllUnfiled","Output":"--- PASS: TestUpstreamIssuesAreAllUnfiled (0.06s)\n"}
{"Time":"2026-09-20T21:25:46.7710792-04:00","Action":"pass","Package":"github.com/qompack/qompack/test/docs","Test":"TestUpstreamIssuesAreAllUnfiled","Elapsed":0.06}
{"Time":"2026-09-20T21:25:46.771585-04:00","Action":"run","Package":"github.com/qompack/qompack/test/docs","Test":"TestCannotDoNamesTheUnimplementedChecks"}
{"Time":"2026-09-20T21:25:46.771585-04:00","Action":"output","Package":"github.com/qompack/qompack/test/docs","Test":"TestCannotDoNamesTheUnimplementedChecks","Output":"=== RUN   TestCannotDoNamesTheUnimplementedChecks\n"}
{"Time":"2026-09-20T21:25:46.8265212-04:00","Action":"output","Package":"github.com/qompack/qompack/test/docs","Test":"TestCannotDoNamesTheUnimplementedChecks","Output":"--- PASS: TestCannotDoNamesTheUnimplementedChecks (0.05s)\n"}
{"Time":"2026-09-20T21:25:46.8265212-04:00","Action":"pass","Package":"github.com/qompack/qompack/test/docs","Test":"TestCannotDoNamesTheUnimplementedChecks","Elapsed":0.05}
{"Time":"2026-09-20T21:25:46.8265212-04:00","Action":"run","Package":"github.com/qompack/qompack/test/docs","Test":"TestRelativeLinksResolve"}
{"Time":"2026-09-20T21:25:46.8265212-04:00","Action":"output","Package":"github.com/qompack/qompack/test/docs","Test":"TestRelativeLinksResolve","Output":"=== RUN   TestRelativeLinksResolve\n"}
{"Time":"2026-09-20T21:25:46.8973772-04:00","Action":"output","Package":"github.com/qompack/qompack/test/docs","Test":"TestRelativeLinksResolve","Output":"--- PASS: TestRelativeLinksResolve (0.07s)\n"}
{"Time":"2026-09-20T21:25:46.8973772-04:00","Action":"pass","Package":"github.com/qompack/qompack/test/docs","Test":"TestRelativeLinksResolve","Elapsed":0.07}
{"Time":"2026-09-20T21:25:46.8973772-04:00","Action":"run","Package":"github.com/qompack/qompack/test/docs","Test":"TestOwnedDocsExist"}
{"Time":"2026-09-20T21:25:46.8973772-04:00","Action":"output","Package":"github.com/qompack/qompack/test/docs","Test":"TestOwnedDocsExist","Output":"=== RUN   TestOwnedDocsExist\n"}
{"Time":"2026-09-20T21:25:46.9535712-04:00","Action":"output","Package":"github.com/qompack/qompack/test/docs","Test":"TestOwnedDocsExist","Output":"--- PASS: TestOwnedDocsExist (0.06s)\n"}
{"Time":"2026-09-20T21:25:46.9535712-04:00","Action":"pass","Package":"github.com/qompack/qompack/test/docs","Test":"TestOwnedDocsExist","Elapsed":0.06}
{"Time":"2026-09-20T21:25:46.9535712-04:00","Action":"run","Package":"github.com/qompack/qompack/test/docs","Test":"TestADRIndexListsEveryADR"}
{"Time":"2026-09-20T21:25:46.9535712-04:00","Action":"output","Package":"github.com/qompack/qompack/test/docs","Test":"TestADRIndexListsEveryADR","Output":"=== RUN   TestADRIndexListsEveryADR\n"}
{"Time":"2026-09-20T21:25:47.0135319-04:00","Action":"output","Package":"github.com/qompack/qompack/test/docs","Test":"TestADRIndexListsEveryADR","Output":"--- PASS: TestADRIndexListsEveryADR (0.06s)\n"}
{"Time":"2026-09-20T21:25:47.0135319-04:00","Action":"pass","Package":"github.com/qompack/qompack/test/docs","Test":"TestADRIndexListsEveryADR","Elapsed":0.06}
{"Time":"2026-09-20T21:25:47.0135319-04:00","Action":"run","Package":"github.com/qompack/qompack/test/docs","Test":"TestNoPlannedPointerToAnExistingPage"}
{"Time":"2026-09-20T21:25:47.0135319-04:00","Action":"output","Package":"github.com/qompack/qompack/test/docs","Test":"TestNoPlannedPointerToAnExistingPage","Output":"=== RUN   TestNoPlannedPointerToAnExistingPage\n"}
{"Time":"2026-09-20T21:25:47.0928726-04:00","Action":"output","Package":"github.com/qompack/qompack/test/docs","Test":"TestNoPlannedPointerToAnExistingPage","Output":"--- PASS: TestNoPlannedPointerToAnExistingPage (0.08s)\n"}
{"Time":"2026-09-20T21:25:47.0928726-04:00","Action":"pass","Package":"github.com/qompack/qompack/test/docs","Test":"TestNoPlannedPointerToAnExistingPage","Elapsed":0.08}
{"Time":"2026-09-20T21:25:47.0928726-04:00","Action":"run","Package":"github.com/qompack/qompack/test/docs","Test":"TestTroubleshootingNamesEveryEvidenceOutcome"}
{"Time":"2026-09-20T21:25:47.0933944-04:00","Action":"output","Package":"github.com/qompack/qompack/test/docs","Test":"TestTroubleshootingNamesEveryEvidenceOutcome","Output":"=== RUN   TestTroubleshootingNamesEveryEvidenceOutcome\n"}
{"Time":"2026-09-20T21:25:47.2224656-04:00","Action":"output","Package":"github.com/qompack/qompack/test/docs","Test":"TestTroubleshootingNamesEveryEvidenceOutcome","Output":"--- PASS: TestTroubleshootingNamesEveryEvidenceOutcome (0.13s)\n"}
{"Time":"2026-09-20T21:25:47.2230431-04:00","Action":"pass","Package":"github.com/qompack/qompack/test/docs","Test":"TestTroubleshootingNamesEveryEvidenceOutcome","Elapsed":0.13}
{"Time":"2026-09-20T21:25:47.2230431-04:00","Action":"run","Package":"github.com/qompack/qompack/test/docs","Test":"TestTroubleshootingNamesEverySelfTestCheck"}
{"Time":"2026-09-20T21:25:47.2230431-04:00","Action":"output","Package":"github.com/qompack/qompack/test/docs","Test":"TestTroubleshootingNamesEverySelfTestCheck","Output":"=== RUN   TestTroubleshootingNamesEverySelfTestCheck\n"}
{"Time":"2026-09-20T21:25:47.3514892-04:00","Action":"output","Package":"github.com/qompack/qompack/test/docs","Test":"TestTroubleshootingNamesEverySelfTestCheck","Output":"--- PASS: TestTroubleshootingNamesEverySelfTestCheck (0.13s)\n"}
{"Time":"2026-09-20T21:25:47.3514892-04:00","Action":"pass","Package":"github.com/qompack/qompack/test/docs","Test":"TestTroubleshootingNamesEverySelfTestCheck","Elapsed":0.13}
{"Time":"2026-09-20T21:25:47.3514892-04:00","Action":"run","Package":"github.com/qompack/qompack/test/docs","Test":"TestTroubleshootingNamesEveryContractAssertion"}
{"Time":"2026-09-20T21:25:47.3514892-04:00","Action":"output","Package":"github.com/qompack/qompack/test/docs","Test":"TestTroubleshootingNamesEveryContractAssertion","Output":"=== RUN   TestTroubleshootingNamesEveryContractAssertion\n"}
{"Time":"2026-09-20T21:25:47.4988537-04:00","Action":"output","Package":"github.com/qompack/qompack/test/docs","Test":"TestTroubleshootingNamesEveryContractAssertion","Output":"--- PASS: TestTroubleshootingNamesEveryContractAssertion (0.15s)\n"}
{"Time":"2026-09-20T21:25:47.4988537-04:00","Action":"pass","Package":"github.com/qompack/qompack/test/docs","Test":"TestTroubleshootingNamesEveryContractAssertion","Elapsed":0.15}
{"Time":"2026-09-20T21:25:47.4988537-04:00","Action":"run","Package":"github.com/qompack/qompack/test/docs","Test":"TestTroubleshootingLinksConfigReferenceSections"}
{"Time":"2026-09-20T21:25:47.4988537-04:00","Action":"output","Package":"github.com/qompack/qompack/test/docs","Test":"TestTroubleshootingLinksConfigReferenceSections","Output":"=== RUN   TestTroubleshootingLinksConfigReferenceSections\n"}
{"Time":"2026-09-20T21:25:47.573233-04:00","Action":"output","Package":"github.com/qompack/qompack/test/docs","Test":"TestTroubleshootingLinksConfigReferenceSections","Output":"--- PASS: TestTroubleshootingLinksConfigReferenceSections (0.07s)\n"}
{"Time":"2026-09-20T21:25:47.5740079-04:00","Action":"pass","Package":"github.com/qompack/qompack/test/docs","Test":"TestTroubleshootingLinksConfigReferenceSections","Elapsed":0.07}
{"Time":"2026-09-20T21:25:47.5740079-04:00","Action":"run","Package":"github.com/qompack/qompack/test/docs","Test":"TestUATRetainsAllTwelveIDs"}
{"Time":"2026-09-20T21:25:47.5740079-04:00","Action":"output","Package":"github.com/qompack/qompack/test/docs","Test":"TestUATRetainsAllTwelveIDs","Output":"=== RUN   TestUATRetainsAllTwelveIDs\n"}
{"Time":"2026-09-20T21:25:47.6325335-04:00","Action":"output","Package":"github.com/qompack/qompack/test/docs","Test":"TestUATRetainsAllTwelveIDs","Output":"--- PASS: TestUATRetainsAllTwelveIDs (0.06s)\n"}
{"Time":"2026-09-20T21:25:47.6325335-04:00","Action":"pass","Package":"github.com/qompack/qompack/test/docs","Test":"TestUATRetainsAllTwelveIDs","Elapsed":0.06}
{"Time":"2026-09-20T21:25:47.6325335-04:00","Action":"run","Package":"github.com/qompack/qompack/test/docs","Test":"TestUATSectionsHaveTheRecordShape"}
{"Time":"2026-09-20T21:25:47.6325335-04:00","Action":"output","Package":"github.com/qompack/qompack/test/docs","Test":"TestUATSectionsHaveTheRecordShape","Output":"=== RUN   TestUATSectionsHaveTheRecordShape\n"}
{"Time":"2026-09-20T21:25:47.6985418-04:00","Action":"output","Package":"github.com/qompack/qompack/test/docs","Test":"TestUATSectionsHaveTheRecordShape","Output":"--- PASS: TestUATSectionsHaveTheRecordShape (0.07s)\n"}
{"Time":"2026-09-20T21:25:47.6985418-04:00","Action":"pass","Package":"github.com/qompack/qompack/test/docs","Test":"TestUATSectionsHaveTheRecordShape","Elapsed":0.07}
{"Time":"2026-09-20T21:25:47.6985418-04:00","Action":"run","Package":"github.com/qompack/qompack/test/docs","Test":"TestUATUnexecutedRowsSayUnverified"}
{"Time":"2026-09-20T21:25:47.6985418-04:00","Action":"output","Package":"github.com/qompack/qompack/test/docs","Test":"TestUATUnexecutedRowsSayUnverified","Output":"=== RUN   TestUATUnexecutedRowsSayUnverified\n"}
{"Time":"2026-09-20T21:25:47.7599671-04:00","Action":"output","Package":"github.com/qompack/qompack/test/docs","Test":"TestUATUnexecutedRowsSayUnverified","Output":"--- PASS: TestUATUnexecutedRowsSayUnverified (0.06s)\n"}
{"Time":"2026-09-20T21:25:47.7599671-04:00","Action":"pass","Package":"github.com/qompack/qompack/test/docs","Test":"TestUATUnexecutedRowsSayUnverified","Elapsed":0.06}
{"Time":"2026-09-20T21:25:47.7599671-04:00","Action":"run","Package":"github.com/qompack/qompack/test/docs","Test":"TestUATConfigKeysExist"}
{"Time":"2026-09-20T21:25:47.7599671-04:00","Action":"output","Package":"github.com/qompack/qompack/test/docs","Test":"TestUATConfigKeysExist","Output":"=== RUN   TestUATConfigKeysExist\n"}
{"Time":"2026-09-20T21:25:47.817451-04:00","Action":"output","Package":"github.com/qompack/qompack/test/docs","Test":"TestUATConfigKeysExist","Output":"--- PASS: TestUATConfigKeysExist (0.06s)\n"}
{"Time":"2026-09-20T21:25:47.8179848-04:00","Action":"pass","Package":"github.com/qompack/qompack/test/docs","Test":"TestUATConfigKeysExist","Elapsed":0.06}
{"Time":"2026-09-20T21:25:47.8179848-04:00","Action":"run","Package":"github.com/qompack/qompack/test/docs","Test":"TestUserGuideCoversEveryGeneratedCommandAndTool"}
{"Time":"2026-09-20T21:25:47.8179848-04:00","Action":"output","Package":"github.com/qompack/qompack/test/docs","Test":"TestUserGuideCoversEveryGeneratedCommandAndTool","Output":"=== RUN   TestUserGuideCoversEveryGeneratedCommandAndTool\n"}
{"Time":"2026-09-20T21:25:47.9952672-04:00","Action":"output","Package":"github.com/qompack/qompack/test/docs","Test":"TestUserGuideCoversEveryGeneratedCommandAndTool","Output":"--- PASS: TestUserGuideCoversEveryGeneratedCommandAndTool (0.18s)\n"}
{"Time":"2026-09-20T21:25:47.9952672-04:00","Action":"pass","Package":"github.com/qompack/qompack/test/docs","Test":"TestUserGuideCoversEveryGeneratedCommandAndTool","Elapsed":0.18}
{"Time":"2026-09-20T21:25:47.9952672-04:00","Action":"run","Package":"github.com/qompack/qompack/test/docs","Test":"TestUserGuideStatesTheBindingQualifications"}
{"Time":"2026-09-20T21:25:47.9952672-04:00","Action":"output","Package":"github.com/qompack/qompack/test/docs","Test":"TestUserGuideStatesTheBindingQualifications","Output":"=== RUN   TestUserGuideStatesTheBindingQualifications\n"}
{"Time":"2026-09-20T21:25:48.062106-04:00","Action":"output","Package":"github.com/qompack/qompack/test/docs","Test":"TestUserGuideStatesTheBindingQualifications","Output":"--- PASS: TestUserGuideStatesTheBindingQualifications (0.07s)\n"}
{"Time":"2026-09-20T21:25:48.062106-04:00","Action":"pass","Package":"github.com/qompack/qompack/test/docs","Test":"TestUserGuideStatesTheBindingQualifications","Elapsed":0.07}
{"Time":"2026-09-20T21:25:48.062106-04:00","Action":"run","Package":"github.com/qompack/qompack/test/docs","Test":"TestUserGuideMarksCheckpointAsUnrouted"}
{"Time":"2026-09-20T21:25:48.062106-04:00","Action":"output","Package":"github.com/qompack/qompack/test/docs","Test":"TestUserGuideMarksCheckpointAsUnrouted","Output":"=== RUN   TestUserGuideMarksCheckpointAsUnrouted\n"}
{"Time":"2026-09-20T21:25:48.0962469-04:00","Action":"run","Package":"github.com/qompack/qompack/tools/devtool","Test":"TestParseBenchstatCSV_ClassifiesEachUnitDirection"}
{"Time":"2026-09-20T21:25:48.0962469-04:00","Action":"output","Package":"github.com/qompack/qompack/tools/devtool","Test":"TestParseBenchstatCSV_ClassifiesEachUnitDirection","Output":"=== RUN   TestParseBenchstatCSV_ClassifiesEachUnitDirection\n"}
{"Time":"2026-09-20T21:25:48.0962469-04:00","Action":"output","Package":"github.com/qompack/qompack/tools/devtool","Test":"TestParseBenchstatCSV_ClassifiesEachUnitDirection","Output":"--- PASS: TestParseBenchstatCSV_ClassifiesEachUnitDirection (0.00s)\n"}
{"Time":"2026-09-20T21:25:48.0962469-04:00","Action":"pass","Package":"github.com/qompack/qompack/tools/devtool","Test":"TestParseBenchstatCSV_ClassifiesEachUnitDirection","Elapsed":0}
{"Time":"2026-09-20T21:25:48.0962469-04:00","Action":"run","Package":"github.com/qompack/qompack/tools/devtool","Test":"TestParseBenchstatCSV_ThresholdBands"}
{"Time":"2026-09-20T21:25:48.0962469-04:00","Action":"output","Package":"github.com/qompack/qompack/tools/devtool","Test":"TestParseBenchstatCSV_ThresholdBands","Output":"=== RUN   TestParseBenchstatCSV_ThresholdBands\n"}
{"Time":"2026-09-20T21:25:48.0962469-04:00","Action":"output","Package":"github.com/qompack/qompack/tools/devtool","Test":"TestParseBenchstatCSV_ThresholdBands","Output":"--- PASS: TestParseBenchstatCSV_ThresholdBands (0.00s)\n"}
{"Time":"2026-09-20T21:25:48.0962469-04:00","Action":"pass","Package":"github.com/qompack/qompack/tools/devtool","Test":"TestParseBenchstatCSV_ThresholdBands","Elapsed":0}
{"Time":"2026-09-20T21:25:48.0962469-04:00","Action":"run","Package":"github.com/qompack/qompack/tools/devtool","Test":"TestParseBenchstatCSV_UnknownUnitIsReported"}
{"Time":"2026-09-20T21:25:48.0962469-04:00","Action":"output","Package":"github.com/qompack/qompack/tools/devtool","Test":"TestParseBenchstatCSV_UnknownUnitIsReported","Output":"=== RUN   TestParseBenchstatCSV_UnknownUnitIsReported\n"}
{"Time":"2026-09-20T21:25:48.0962469-04:00","Action":"output","Package":"github.com/qompack/qompack/tools/devtool","Test":"TestParseBenchstatCSV_UnknownUnitIsReported","Output":"--- PASS: TestParseBenchstatCSV_UnknownUnitIsReported (0.00s)\n"}
{"Time":"2026-09-20T21:25:48.0962469-04:00","Action":"pass","Package":"github.com/qompack/qompack/tools/devtool","Test":"TestParseBenchstatCSV_UnknownUnitIsReported","Elapsed":0}
{"Time":"2026-09-20T21:25:48.0962469-04:00","Action":"run","Package":"github.com/qompack/qompack/tools/devtool","Test":"TestParseBenchstatCSV_NoSharedBenchmarksIsNotAPass"}
{"Time":"2026-09-20T21:25:48.0962469-04:00","Action":"output","Package":"github.com/qompack/qompack/tools/devtool","Test":"TestParseBenchstatCSV_NoSharedBenchmarksIsNotAPass","Output":"=== RUN   TestParseBenchstatCSV_NoSharedBenchmarksIsNotAPass\n"}
{"Time":"2026-09-20T21:25:48.0962469-04:00","Action":"output","Package":"github.com/qompack/qompack/tools/devtool","Test":"TestParseBenchstatCSV_NoSharedBenchmarksIsNotAPass","Output":"--- PASS: TestParseBenchstatCSV_NoSharedBenchmarksIsNotAPass (0.00s)\n"}
{"Time":"2026-09-20T21:25:48.0967793-04:00","Action":"pass","Package":"github.com/qompack/qompack/tools/devtool","Test":"TestParseBenchstatCSV_NoSharedBenchmarksIsNotAPass","Elapsed":0}
{"Time":"2026-09-20T21:25:48.0967793-04:00","Action":"run","Package":"github.com/qompack/qompack/tools/devtool","Test":"TestParseBenchstatDelta"}
{"Time":"2026-09-20T21:25:48.0967793-04:00","Action":"output","Package":"github.com/qompack/qompack/tools/devtool","Test":"TestParseBenchstatDelta","Output":"=== RUN   TestParseBenchstatDelta\n"}
{"Time":"2026-09-20T21:25:48.0967793-04:00","Action":"output","Package":"github.com/qompack/qompack/tools/devtool","Test":"TestParseBenchstatDelta","Output":"--- PASS: TestParseBenchstatDelta (0.00s)\n"}
{"Time":"2026-09-20T21:25:48.0967793-04:00","Action":"pass","Package":"github.com/qompack/qompack/tools/devtool","Test":"TestParseBenchstatDelta","Elapsed":0}
{"Time":"2026-09-20T21:25:48.0967793-04:00","Action":"run","Package":"github.com/qompack/qompack/tools/devtool","Test":"TestBenchComparePaths_DefaultsToTheCommittedBaseline"}
{"Time":"2026-09-20T21:25:48.0967793-04:00","Action":"output","Package":"github.com/qompack/qompack/tools/devtool","Test":"TestBenchComparePaths_DefaultsToTheCommittedBaseline","Output":"=== RUN   TestBenchComparePaths_DefaultsToTheCommittedBaseline\n"}
{"Time":"2026-09-20T21:25:48.1609243-04:00","Action":"output","Package":"github.com/qompack/qompack/tools/devtool","Test":"TestBenchComparePaths_DefaultsToTheCommittedBaseline","Output":"--- PASS: TestBenchComparePaths_DefaultsToTheCommittedBaseline (0.06s)\n"}
{"Time":"2026-09-20T21:25:48.1609243-04:00","Action":"pass","Package":"github.com/qompack/qompack/tools/devtool","Test":"TestBenchComparePaths_DefaultsToTheCommittedBaseline","Elapsed":0.06}
{"Time":"2026-09-20T21:25:48.1609243-04:00","Action":"run","Package":"github.com/qompack/qompack/tools/devtool","Test":"TestBaselineUnitsAreClassified"}
{"Time":"2026-09-20T21:25:48.1609243-04:00","Action":"output","Package":"github.com/qompack/qompack/tools/devtool","Test":"TestBaselineUnitsAreClassified","Output":"=== RUN   TestBaselineUnitsAreClassified\n"}
{"Time":"2026-09-20T21:25:48.161536-04:00","Action":"output","Package":"github.com/qompack/qompack/tools/devtool","Test":"TestBaselineUnitsAreClassified","Output":"--- PASS: TestBaselineUnitsAreClassified (0.00s)\n"}
{"Time":"2026-09-20T21:25:48.1620861-04:00","Action":"pass","Package":"github.com/qompack/qompack/tools/devtool","Test":"TestBaselineUnitsAreClassified","Elapsed":0}
{"Time":"2026-09-20T21:25:48.1620861-04:00","Action":"run","Package":"github.com/qompack/qompack/tools/devtool","Test":"TestAllowedBinDep"}
{"Time":"2026-09-20T21:25:48.1620861-04:00","Action":"output","Package":"github.com/qompack/qompack/tools/devtool","Test":"TestAllowedBinDep","Output":"=== RUN   TestAllowedBinDep\n"}
{"Time":"2026-09-20T21:25:48.1620861-04:00","Action":"output","Package":"github.com/qompack/qompack/tools/devtool","Test":"TestAllowedBinDep","Output":"--- PASS: TestAllowedBinDep (0.00s)\n"}
{"Time":"2026-09-20T21:25:48.1620861-04:00","Action":"pass","Package":"github.com/qompack/qompack/tools/devtool","Test":"TestAllowedBinDep","Elapsed":0}
{"Time":"2026-09-20T21:25:48.1620861-04:00","Action":"run","Package":"github.com/qompack/qompack/tools/devtool","Test":"TestIsStdlib"}
{"Time":"2026-09-20T21:25:48.162654-04:00","Action":"output","Package":"github.com/qompack/qompack/tools/devtool","Test":"TestIsStdlib","Output":"=== RUN   TestIsStdlib\n"}
{"Time":"2026-09-20T21:25:48.162654-04:00","Action":"output","Package":"github.com/qompack/qompack/tools/devtool","Test":"TestIsStdlib","Output":"--- PASS: TestIsStdlib (0.00s)\n"}
{"Time":"2026-09-20T21:25:48.162654-04:00","Action":"pass","Package":"github.com/qompack/qompack/tools/devtool","Test":"TestIsStdlib","Elapsed":0}
{"Time":"2026-09-20T21:25:48.162654-04:00","Action":"run","Package":"github.com/qompack/qompack/tools/devtool","Test":"TestBuildOutputPath"}
{"Time":"2026-09-20T21:25:48.162654-04:00","Action":"output","Package":"github.com/qompack/qompack/tools/devtool","Test":"TestBuildOutputPath","Output":"=== RUN   TestBuildOutputPath\n"}
{"Time":"2026-09-20T21:25:48.162654-04:00","Action":"output","Package":"github.com/qompack/qompack/tools/devtool","Test":"TestBuildOutputPath","Output":"--- PASS: TestBuildOutputPath (0.00s)\n"}
{"Time":"2026-09-20T21:25:48.162654-04:00","Action":"pass","Package":"github.com/qompack/qompack/tools/devtool","Test":"TestBuildOutputPath","Elapsed":0}
{"Time":"2026-09-20T21:25:48.162654-04:00","Action":"run","Package":"github.com/qompack/qompack/tools/devtool","Test":"TestBuildOutputPath_AgreesWithBuildAll"}
{"Time":"2026-09-20T21:25:48.162654-04:00","Action":"output","Package":"github.com/qompack/qompack/tools/devtool","Test":"TestBuildOutputPath_AgreesWithBuildAll","Output":"=== RUN   TestBuildOutputPath_AgreesWithBuildAll\n"}
{"Time":"2026-09-20T21:25:48.162654-04:00","Action":"output","Package":"github.com/qompack/qompack/tools/devtool","Test":"TestBuildOutputPath_AgreesWithBuildAll","Output":"--- PASS: TestBuildOutputPath_AgreesWithBuildAll (0.00s)\n"}
{"Time":"2026-09-20T21:25:48.162654-04:00","Action":"pass","Package":"github.com/qompack/qompack/tools/devtool","Test":"TestBuildOutputPath_AgreesWithBuildAll","Elapsed":0}
{"Time":"2026-09-20T21:25:48.162654-04:00","Action":"run","Package":"github.com/qompack/qompack/tools/devtool","Test":"TestBundleVersion_Precedence"}
{"Time":"2026-09-20T21:25:48.162654-04:00","Action":"output","Package":"github.com/qompack/qompack/tools/devtool","Test":"TestBundleVersion_Precedence","Output":"=== RUN   TestBundleVersion_Precedence\n"}
{"Time":"2026-09-20T21:25:48.162654-04:00","Action":"run","Package":"github.com/qompack/qompack/tools/devtool","Test":"TestBundleVersion_Precedence/override_wins_over_both"}
{"Time":"2026-09-20T21:25:48.162654-04:00","Action":"output","Package":"github.com/qompack/qompack/tools/devtool","Test":"TestBundleVersion_Precedence/override_wins_over_both","Output":"=== RUN   TestBundleVersion_Precedence/override_wins_over_both\n"}
{"Time":"2026-09-20T21:25:48.162654-04:00","Action":"output","Package":"github.com/qompack/qompack/tools/devtool","Test":"TestBundleVersion_Precedence/override_wins_over_both","Output":"--- PASS: TestBundleVersion_Precedence/override_wins_over_both (0.00s)\n"}
{"Time":"2026-09-20T21:25:48.162654-04:00","Action":"pass","Package":"github.com/qompack/qompack/tools/devtool","Test":"TestBundleVersion_Precedence/override_wins_over_both","Elapsed":0}
{"Time":"2026-09-20T21:25:48.162654-04:00","Action":"run","Package":"github.com/qompack/qompack/tools/devtool","Test":"TestBundleVersion_Precedence/describe_wins_over_compiled"}
{"Time":"2026-09-20T21:25:48.162654-04:00","Action":"output","Package":"github.com/qompack/qompack/tools/devtool","Test":"TestBundleVersion_Precedence/describe_wins_over_compiled","Output":"=== RUN   TestBundleVersion_Precedence/describe_wins_over_compiled\n"}
{"Time":"2026-09-20T21:25:48.162654-04:00","Action":"output","Package":"github.com/qompack/qompack/tools/devtool","Test":"TestBundleVersion_Precedence/describe_wins_over_compiled","Output":"--- PASS: TestBundleVersion_Precedence/describe_wins_over_compiled (0.00s)\n"}
{"Time":"2026-09-20T21:25:48.162654-04:00","Action":"pass","Package":"github.com/qompack/qompack/tools/devtool","Test":"TestBundleVersion_Precedence/describe_wins_over_compiled","Elapsed":0}
{"Time":"2026-09-20T21:25:48.162654-04:00","Action":"run","Package":"github.com/qompack/qompack/tools/devtool","Test":"TestBundleVersion_Precedence/compiled_is_the_last_resort"}
{"Time":"2026-09-20T21:25:48.162654-04:00","Action":"output","Package":"github.com/qompack/qompack/tools/devtool","Test":"TestBundleVersion_Precedence/compiled_is_the_last_resort","Output":"=== RUN   TestBundleVersion_Precedence/compiled_is_the_last_resort\n"}
{"Time":"2026-09-20T21:25:48.162654-04:00","Action":"output","Package":"github.com/qompack/qompack/tools/devtool","Test":"TestBundleVersion_Precedence/compiled_is_the_last_resort","Output":"--- PASS: TestBundleVersion_Precedence/compiled_is_the_last_resort (0.00s)\n"}
{"Time":"2026-09-20T21:25:48.162654-04:00","Action":"pass","Package":"github.com/qompack/qompack/tools/devtool","Test":"TestBundleVersion_Precedence/compiled_is_the_last_resort","Elapsed":0}
{"Time":"2026-09-20T21:25:48.162654-04:00","Action":"run","Package":"github.com/qompack/qompack/tools/devtool","Test":"TestBundleVersion_Precedence/override_wins_with_nothing_else"}
{"Time":"2026-09-20T21:25:48.162654-04:00","Action":"output","Package":"github.com/qompack/qompack/tools/devtool","Test":"TestBundleVersion_Precedence/override_wins_with_nothing_else","Output":"=== RUN   TestBundleVersion_Precedence/override_wins_with_nothing_else\n"}
{"Time":"2026-09-20T21:25:48.162654-04:00","Action":"output","Package":"github.com/qompack/qompack/tools/devtool","Test":"TestBundleVersion_Precedence/override_wins_with_nothing_else","Output":"--- PASS: TestBundleVersion_Precedence/override_wins_with_nothing_else (0.00s)\n"}
{"Time":"2026-09-20T21:25:48.162654-04:00","Action":"pass","Package":"github.com/qompack/qompack/tools/devtool","Test":"TestBundleVersion_Precedence/override_wins_with_nothing_else","Elapsed":0}
{"Time":"2026-09-20T21:25:48.162654-04:00","Action":"output","Package":"github.com/qompack/qompack/tools/devtool","Test":"TestBundleVersion_Precedence","Output":"--- PASS: TestBundleVersion_Precedence (0.00s)\n"}
{"Time":"2026-09-20T21:25:48.162654-04:00","Action":"pass","Package":"github.com/qompack/qompack/tools/devtool","Test":"TestBundleVersion_Precedence","Elapsed":0}
{"Time":"2026-09-20T21:25:48.162654-04:00","Action":"run","Package":"github.com/qompack/qompack/tools/devtool","Test":"TestBundleDirName"}
{"Time":"2026-09-20T21:25:48.162654-04:00","Action":"output","Package":"github.com/qompack/qompack/tools/devtool","Test":"TestBundleDirName","Output":"=== RUN   TestBundleDirName\n"}
{"Time":"2026-09-20T21:25:48.162654-04:00","Action":"output","Package":"github.com/qompack/qompack/tools/devtool","Test":"TestBundleDirName","Output":"--- PASS: TestBundleDirName (0.00s)\n"}
{"Time":"2026-09-20T21:25:48.162654-04:00","Action":"pass","Package":"github.com/qompack/qompack/tools/devtool","Test":"TestBundleDirName","Elapsed":0}
{"Time":"2026-09-20T21:25:48.162654-04:00","Action":"run","Package":"github.com/qompack/qompack/tools/devtool","Test":"TestAssembleBundle_Layout"}
{"Time":"2026-09-20T21:25:48.162654-04:00","Action":"output","Package":"github.com/qompack/qompack/tools/devtool","Test":"TestAssembleBundle_Layout","Output":"=== RUN   TestAssembleBundle_Layout\n"}
{"Time":"2026-09-20T21:25:48.162654-04:00","Action":"run","Package":"github.com/qompack/qompack/tools/devtool","Test":"TestAssembleBundle_Layout/linux-arm64"}
{"Time":"2026-09-20T21:25:48.162654-04:00","Action":"output","Package":"github.com/qompack/qompack/tools/devtool","Test":"TestAssembleBundle_Layout/linux-arm64","Output":"=== RUN   TestAssembleBundle_Layout/linux-arm64\n"}
{"Time":"2026-09-20T21:25:48.1941855-04:00","Action":"output","Package":"github.com/qompack/qompack/test/docs","Test":"TestUserGuideMarksCheckpointAsUnrouted","Output":"--- PASS: TestUserGuideMarksCheckpointAsUnrouted (0.13s)\n"}
{"Time":"2026-09-20T21:25:48.1941855-04:00","Action":"pass","Package":"github.com/qompack/qompack/test/docs","Test":"TestUserGuideMarksCheckpointAsUnrouted","Elapsed":0.13}
{"Time":"2026-09-20T21:25:48.1941855-04:00","Action":"output","Package":"github.com/qompack/qompack/test/docs","Output":"PASS\n"}
{"Time":"2026-09-20T21:25:48.2036939-04:00","Action":"output","Package":"github.com/qompack/qompack/test/docs","Output":"ok  \tgithub.com/qompack/qompack/test/docs\t2.445s\n"}
{"Time":"2026-09-20T21:25:48.2036939-04:00","Action":"pass","Package":"github.com/qompack/qompack/test/docs","Elapsed":2.446}
{"Time":"2026-09-20T21:25:48.2531227-04:00","Action":"output","Package":"github.com/qompack/qompack/tools/devtool","Test":"TestAssembleBundle_Layout/linux-arm64","Output":"--- PASS: TestAssembleBundle_Layout/linux-arm64 (0.09s)\n"}
{"Time":"2026-09-20T21:25:48.2536702-04:00","Action":"pass","Package":"github.com/qompack/qompack/tools/devtool","Test":"TestAssembleBundle_Layout/linux-arm64","Elapsed":0.09}
{"Time":"2026-09-20T21:25:48.2536702-04:00","Action":"run","Package":"github.com/qompack/qompack/tools/devtool","Test":"TestAssembleBundle_Layout/windows-amd64"}
{"Time":"2026-09-20T21:25:48.2536702-04:00","Action":"output","Package":"github.com/qompack/qompack/tools/devtool","Test":"TestAssembleBundle_Layout/windows-amd64","Output":"=== RUN   TestAssembleBundle_Layout/windows-amd64\n"}
{"Time":"2026-09-20T21:25:48.2983507-04:00","Action":"output","Package":"github.com/qompack/qompack/tools/devtool","Test":"TestAssembleBundle_Layout/windows-amd64","Output":"--- PASS: TestAssembleBundle_Layout/windows-amd64 (0.05s)\n"}
{"Time":"2026-09-20T21:25:48.2983507-04:00","Action":"pass","Package":"github.com/qompack/qompack/tools/devtool","Test":"TestAssembleBundle_Layout/windows-amd64","Elapsed":0.05}
{"Time":"2026-09-20T21:25:48.2983507-04:00","Action":"output","Package":"github.com/qompack/qompack/tools/devtool","Test":"TestAssembleBundle_Layout","Output":"--- PASS: TestAssembleBundle_Layout (0.14s)\n"}
{"Time":"2026-09-20T21:25:48.2983507-04:00","Action":"pass","Package":"github.com/qompack/qompack/tools/devtool","Test":"TestAssembleBundle_Layout","Elapsed":0.14}
{"Time":"2026-09-20T21:25:48.2983507-04:00","Action":"run","Package":"github.com/qompack/qompack/tools/devtool","Test":"TestAssembleBundle_Identity"}
{"Time":"2026-09-20T21:25:48.2989107-04:00","Action":"output","Package":"github.com/qompack/qompack/tools/devtool","Test":"TestAssembleBundle_Identity","Output":"=== RUN   TestAssembleBundle_Identity\n"}
{"Time":"2026-09-20T21:25:48.3503959-04:00","Action":"output","Package":"github.com/qompack/qompack/tools/devtool","Test":"TestAssembleBundle_Identity","Output":"--- PASS: TestAssembleBundle_Identity (0.05s)\n"}
{"Time":"2026-09-20T21:25:48.3503959-04:00","Action":"pass","Package":"github.com/qompack/qompack/tools/devtool","Test":"TestAssembleBundle_Identity","Elapsed":0.05}
{"Time":"2026-09-20T21:25:48.3503959-04:00","Action":"run","Package":"github.com/qompack/qompack/tools/devtool","Test":"TestAssembleBundle_ChecksumsFormat"}
{"Time":"2026-09-20T21:25:48.3503959-04:00","Action":"output","Package":"github.com/qompack/qompack/tools/devtool","Test":"TestAssembleBundle_ChecksumsFormat","Output":"=== RUN   TestAssembleBundle_ChecksumsFormat\n"}
{"Time":"2026-09-20T21:25:48.4158917-04:00","Action":"output","Package":"github.com/qompack/qompack/tools/devtool","Test":"TestAssembleBundle_ChecksumsFormat","Output":"--- PASS: TestAssembleBundle_ChecksumsFormat (0.07s)\n"}
{"Time":"2026-09-20T21:25:48.4158917-04:00","Action":"pass","Package":"github.com/qompack/qompack/tools/devtool","Test":"TestAssembleBundle_ChecksumsFormat","Elapsed":0.07}
{"Time":"2026-09-20T21:25:48.4158917-04:00","Action":"run","Package":"github.com/qompack/qompack/tools/devtool","Test":"TestAssembleBundle_Deterministic"}
{"Time":"2026-09-20T21:25:48.4158917-04:00","Action":"output","Package":"github.com/qompack/qompack/tools/devtool","Test":"TestAssembleBundle_Deterministic","Output":"=== RUN   TestAssembleBundle_Deterministic\n"}
{"Time":"2026-09-20T21:25:48.5321844-04:00","Action":"output","Package":"github.com/qompack/qompack/tools/devtool","Test":"TestAssembleBundle_Deterministic","Output":"--- PASS: TestAssembleBundle_Deterministic (0.12s)\n"}
{"Time":"2026-09-20T21:25:48.5321844-04:00","Action":"pass","Package":"github.com/qompack/qompack/tools/devtool","Test":"TestAssembleBundle_Deterministic","Elapsed":0.12}
{"Time":"2026-09-20T21:25:48.5327564-04:00","Action":"run","Package":"github.com/qompack/qompack/tools/devtool","Test":"TestResolveBundleTargets"}
{"Time":"2026-09-20T21:25:48.5327564-04:00","Action":"output","Package":"github.com/qompack/qompack/tools/devtool","Test":"TestResolveBundleTargets","Output":"=== RUN   TestResolveBundleTargets\n"}
{"Time":"2026-09-20T21:25:48.5327564-04:00","Action":"output","Package":"github.com/qompack/qompack/tools/devtool","Test":"TestResolveBundleTargets","Output":"--- PASS: TestResolveBundleTargets (0.00s)\n"}
{"Time":"2026-09-20T21:25:48.5327564-04:00","Action":"pass","Package":"github.com/qompack/qompack/tools/devtool","Test":"TestResolveBundleTargets","Elapsed":0}
{"Time":"2026-09-20T21:25:48.5327564-04:00","Action":"run","Package":"github.com/qompack/qompack/tools/devtool","Test":"TestAssembleBundle_HostRealBuild"}
{"Time":"2026-09-20T21:25:48.5327564-04:00","Action":"output","Package":"github.com/qompack/qompack/tools/devtool","Test":"TestAssembleBundle_HostRealBuild","Output":"=== RUN   TestAssembleBundle_HostRealBuild\n"}
{"Time":"2026-09-20T21:25:50.9303135-04:00","Action":"output","Package":"github.com/qompack/qompack/tools/devtool","Test":"TestAssembleBundle_HostRealBuild","Output":"--- PASS: TestAssembleBundle_HostRealBuild (2.40s)\n"}
{"Time":"2026-09-20T21:25:50.9303135-04:00","Action":"pass","Package":"github.com/qompack/qompack/tools/devtool","Test":"TestAssembleBundle_HostRealBuild","Elapsed":2.4}
{"Time":"2026-09-20T21:25:50.9303135-04:00","Action":"run","Package":"github.com/qompack/qompack/tools/devtool","Test":"TestVersionLdflags"}
{"Time":"2026-09-20T21:25:50.9303135-04:00","Action":"output","Package":"github.com/qompack/qompack/tools/devtool","Test":"TestVersionLdflags","Output":"=== RUN   TestVersionLdflags\n"}
{"Time":"2026-09-20T21:25:50.9303135-04:00","Action":"output","Package":"github.com/qompack/qompack/tools/devtool","Test":"TestVersionLdflags","Output":"--- PASS: TestVersionLdflags (0.00s)\n"}
{"Time":"2026-09-20T21:25:50.9303135-04:00","Action":"pass","Package":"github.com/qompack/qompack/tools/devtool","Test":"TestVersionLdflags","Elapsed":0}
{"Time":"2026-09-20T21:25:50.9303135-04:00","Action":"run","Package":"github.com/qompack/qompack/tools/devtool","Test":"TestGoBuildArgs"}
{"Time":"2026-09-20T21:25:50.9303135-04:00","Action":"output","Package":"github.com/qompack/qompack/tools/devtool","Test":"TestGoBuildArgs","Output":"=== RUN   TestGoBuildArgs\n"}
{"Time":"2026-09-20T21:25:50.9303135-04:00","Action":"run","Package":"github.com/qompack/qompack/tools/devtool","Test":"TestGoBuildArgs/argv"}
{"Time":"2026-09-20T21:25:50.9303135-04:00","Action":"output","Package":"github.com/qompack/qompack/tools/devtool","Test":"TestGoBuildArgs/argv","Output":"=== RUN   TestGoBuildArgs/argv\n"}
{"Time":"2026-09-20T21:25:50.9303135-04:00","Action":"output","Package":"github.com/qompack/qompack/tools/devtool","Test":"TestGoBuildArgs/argv","Output":"--- PASS: TestGoBuildArgs/argv (0.00s)\n"}
{"Time":"2026-09-20T21:25:50.9303135-04:00","Action":"pass","Package":"github.com/qompack/qompack/tools/devtool","Test":"TestGoBuildArgs/argv","Elapsed":0}
{"Time":"2026-09-20T21:25:50.9303135-04:00","Action":"run","Package":"github.com/qompack/qompack/tools/devtool","Test":"TestGoBuildArgs/env"}
{"Time":"2026-09-20T21:25:50.9303135-04:00","Action":"output","Package":"github.com/qompack/qompack/tools/devtool","Test":"TestGoBuildArgs/env","Output":"=== RUN   TestGoBuildArgs/env\n"}
{"Time":"2026-09-20T21:25:50.9303135-04:00","Action":"output","Package":"github.com/qompack/qompack/tools/devtool","Test":"TestGoBuildArgs/env","Output":"--- PASS: TestGoBuildArgs/env (0.00s)\n"}
{"Time":"2026-09-20T21:25:50.9303135-04:00","Action":"pass","Package":"github.com/qompack/qompack/tools/devtool","Test":"TestGoBuildArgs/env","Elapsed":0}
{"Time":"2026-09-20T21:25:50.9303135-04:00","Action":"output","Package":"github.com/qompack/qompack/tools/devtool","Test":"TestGoBuildArgs","Output":"--- PASS: TestGoBuildArgs (0.00s)\n"}
{"Time":"2026-09-20T21:25:50.9303135-04:00","Action":"pass","Package":"github.com/qompack/qompack/tools/devtool","Test":"TestGoBuildArgs","Elapsed":0}
{"Time":"2026-09-20T21:25:50.9303135-04:00","Action":"run","Package":"github.com/qompack/qompack/tools/devtool","Test":"TestValidateBundleVersion"}
{"Time":"2026-09-20T21:25:50.9303135-04:00","Action":"output","Package":"github.com/qompack/qompack/tools/devtool","Test":"TestValidateBundleVersion","Output":"=== RUN   TestValidateBundleVersion\n"}
{"Time":"2026-09-20T21:25:50.9303135-04:00","Action":"output","Package":"github.com/qompack/qompack/tools/devtool","Test":"TestValidateBundleVersion","Output":"--- PASS: TestValidateBundleVersion (0.00s)\n"}
{"Time":"2026-09-20T21:25:50.9303135-04:00","Action":"pass","Package":"github.com/qompack/qompack/tools/devtool","Test":"TestValidateBundleVersion","Elapsed":0}
{"Time":"2026-09-20T21:25:50.9303135-04:00","Action":"run","Package":"github.com/qompack/qompack/tools/devtool","Test":"TestAssembleBundle_RefusesEscapingVersion"}
{"Time":"2026-09-20T21:25:50.9303135-04:00","Action":"output","Package":"github.com/qompack/qompack/tools/devtool","Test":"TestAssembleBundle_RefusesEscapingVersion","Output":"=== RUN   TestAssembleBundle_RefusesEscapingVersion\n"}
{"Time":"2026-09-20T21:25:50.9336206-04:00","Action":"output","Package":"github.com/qompack/qompack/tools/devtool","Test":"TestAssembleBundle_RefusesEscapingVersion","Output":"--- PASS: TestAssembleBundle_RefusesEscapingVersion (0.00s)\n"}
{"Time":"2026-09-20T21:25:50.9336206-04:00","Action":"pass","Package":"github.com/qompack/qompack/tools/devtool","Test":"TestAssembleBundle_RefusesEscapingVersion","Elapsed":0}
{"Time":"2026-09-20T21:25:50.9336206-04:00","Action":"run","Package":"github.com/qompack/qompack/tools/devtool","Test":"TestTaskBundle_RejectsPositionalArgs"}
{"Time":"2026-09-20T21:25:50.9336206-04:00","Action":"output","Package":"github.com/qompack/qompack/tools/devtool","Test":"TestTaskBundle_RejectsPositionalArgs","Output":"=== RUN   TestTaskBundle_RejectsPositionalArgs\n"}
{"Time":"2026-09-20T21:25:50.9336206-04:00","Action":"output","Package":"github.com/qompack/qompack/tools/devtool","Test":"TestTaskBundle_RejectsPositionalArgs","Output":"--- PASS: TestTaskBundle_RejectsPositionalArgs (0.00s)\n"}
{"Time":"2026-09-20T21:25:50.9336206-04:00","Action":"pass","Package":"github.com/qompack/qompack/tools/devtool","Test":"TestTaskBundle_RejectsPositionalArgs","Elapsed":0}
{"Time":"2026-09-20T21:25:50.9336206-04:00","Action":"run","Package":"github.com/qompack/qompack/tools/devtool","Test":"TestWriteArchive_MembersMatchTheBundleDirectory"}
{"Time":"2026-09-20T21:25:50.9336206-04:00","Action":"output","Package":"github.com/qompack/qompack/tools/devtool","Test":"TestWriteArchive_MembersMatchTheBundleDirectory","Output":"=== RUN   TestWriteArchive_MembersMatchTheBundleDirectory\n"}
{"Time":"2026-09-20T21:25:50.9336206-04:00","Action":"run","Package":"github.com/qompack/qompack/tools/devtool","Test":"TestWriteArchive_MembersMatchTheBundleDirectory/linux"}
{"Time":"2026-09-20T21:25:50.9336206-04:00","Action":"output","Package":"github.com/qompack/qompack/tools/devtool","Test":"TestWriteArchive_MembersMatchTheBundleDirectory/linux","Output":"=== RUN   TestWriteArchive_MembersMatchTheBundleDirectory/linux\n"}
{"Time":"2026-09-20T21:25:51.00115-04:00","Action":"output","Package":"github.com/qompack/qompack/tools/devtool","Test":"TestWriteArchive_MembersMatchTheBundleDirectory/linux","Output":"--- PASS: TestWriteArchive_MembersMatchTheBundleDirectory/linux (0.07s)\n"}
{"Time":"2026-09-20T21:25:51.00115-04:00","Action":"pass","Package":"github.com/qompack/qompack/tools/devtool","Test":"TestWriteArchive_MembersMatchTheBundleDirectory/linux","Elapsed":0.07}
{"Time":"2026-09-20T21:25:51.00115-04:00","Action":"run","Package":"github.com/qompack/qompack/tools/devtool","Test":"TestWriteArchive_MembersMatchTheBundleDirectory/windows"}
{"Time":"2026-09-20T21:25:51.00115-04:00","Action":"output","Package":"github.com/qompack/qompack/tools/devtool","Test":"TestWriteArchive_MembersMatchTheBundleDirectory/windows","Output":"=== RUN   TestWriteArchive_MembersMatchTheBundleDirectory/windows\n"}
{"Time":"2026-09-20T21:25:51.0805879-04:00","Action":"output","Package":"github.com/qompack/qompack/tools/devtool","Test":"TestWriteArchive_MembersMatchTheBundleDirectory/windows","Output":"--- PASS: TestWriteArchive_MembersMatchTheBundleDirectory/windows (0.08s)\n"}
{"Time":"2026-09-20T21:25:51.0805879-04:00","Action":"pass","Package":"github.com/qompack/qompack/tools/devtool","Test":"TestWriteArchive_MembersMatchTheBundleDirectory/windows","Elapsed":0.08}
{"Time":"2026-09-20T21:25:51.0805879-04:00","Action":"output","Package":"github.com/qompack/qompack/tools/devtool","Test":"TestWriteArchive_MembersMatchTheBundleDirectory","Output":"--- PASS: TestWriteArchive_MembersMatchTheBundleDirectory (0.15s)\n"}
{"Time":"2026-09-20T21:25:51.0805879-04:00","Action":"pass","Package":"github.com/qompack/qompack/tools/devtool","Test":"TestWriteArchive_MembersMatchTheBundleDirectory","Elapsed":0.15}
{"Time":"2026-09-20T21:25:51.0805879-04:00","Action":"run","Package":"github.com/qompack/qompack/tools/devtool","Test":"TestWriteArchive_Deterministic"}
{"Time":"2026-09-20T21:25:51.0805879-04:00","Action":"output","Package":"github.com/qompack/qompack/tools/devtool","Test":"TestWriteArchive_Deterministic","Output":"=== RUN   TestWriteArchive_Deterministic\n"}
{"Time":"2026-09-20T21:25:51.0805879-04:00","Action":"run","Package":"github.com/qompack/qompack/tools/devtool","Test":"TestWriteArchive_Deterministic/linux"}
{"Time":"2026-09-20T21:25:51.0805879-04:00","Action":"output","Package":"github.com/qompack/qompack/tools/devtool","Test":"TestWriteArchive_Deterministic/linux","Output":"=== RUN   TestWriteArchive_Deterministic/linux\n"}
{"Time":"2026-09-20T21:25:51.2169105-04:00","Action":"output","Package":"github.com/qompack/qompack/tools/devtool","Test":"TestWriteArchive_Deterministic/linux","Output":"--- PASS: TestWriteArchive_Deterministic/linux (0.14s)\n"}
{"Time":"2026-09-20T21:25:51.2169105-04:00","Action":"pass","Package":"github.com/qompack/qompack/tools/devtool","Test":"TestWriteArchive_Deterministic/linux","Elapsed":0.14}
{"Time":"2026-09-20T21:25:51.2169105-04:00","Action":"run","Package":"github.com/qompack/qompack/tools/devtool","Test":"TestWriteArchive_Deterministic/windows"}
{"Time":"2026-09-20T21:25:51.2174499-04:00","Action":"output","Package":"github.com/qompack/qompack/tools/devtool","Test":"TestWriteArchive_Deterministic/windows","Output":"=== RUN   TestWriteArchive_Deterministic/windows\n"}
{"Time":"2026-09-20T21:25:51.350464-04:00","Action":"output","Package":"github.com/qompack/qompack/tools/devtool","Test":"TestWriteArchive_Deterministic/windows","Output":"--- PASS: TestWriteArchive_Deterministic/windows (0.13s)\n"}
{"Time":"2026-09-20T21:25:51.350464-04:00","Action":"pass","Package":"github.com/qompack/qompack/tools/devtool","Test":"TestWriteArchive_Deterministic/windows","Elapsed":0.13}
{"Time":"2026-09-20T21:25:51.3510099-04:00","Action":"output","Package":"github.com/qompack/qompack/tools/devtool","Test":"TestWriteArchive_Deterministic","Output":"--- PASS: TestWriteArchive_Deterministic (0.27s)\n"}
{"Time":"2026-09-20T21:25:51.3510099-04:00","Action":"pass","Package":"github.com/qompack/qompack/tools/devtool","Test":"TestWriteArchive_Deterministic","Elapsed":0.27}
{"Time":"2026-09-20T21:25:51.3510099-04:00","Action":"run","Package":"github.com/qompack/qompack/tools/devtool","Test":"TestArchiveMode"}
{"Time":"2026-09-20T21:25:51.3510099-04:00","Action":"output","Package":"github.com/qompack/qompack/tools/devtool","Test":"TestArchiveMode","Output":"=== RUN   TestArchiveMode\n"}
{"Time":"2026-09-20T21:25:51.3510099-04:00","Action":"output","Package":"github.com/qompack/qompack/tools/devtool","Test":"TestArchiveMode","Output":"--- PASS: TestArchiveMode (0.00s)\n"}
{"Time":"2026-09-20T21:25:51.3510099-04:00","Action":"pass","Package":"github.com/qompack/qompack/tools/devtool","Test":"TestArchiveMode","Elapsed":0}
{"Time":"2026-09-20T21:25:51.3510099-04:00","Action":"run","Package":"github.com/qompack/qompack/tools/devtool","Test":"TestWriteArchiveChecksums"}
{"Time":"2026-09-20T21:25:51.3510099-04:00","Action":"output","Package":"github.com/qompack/qompack/tools/devtool","Test":"TestWriteArchiveChecksums","Output":"=== RUN   TestWriteArchiveChecksums\n"}
{"Time":"2026-09-20T21:25:51.462587-04:00","Action":"output","Package":"github.com/qompack/qompack/tools/devtool","Test":"TestWriteArchiveChecksums","Output":"--- PASS: TestWriteArchiveChecksums (0.11s)\n"}
{"Time":"2026-09-20T21:25:51.4634378-04:00","Action":"pass","Package":"github.com/qompack/qompack/tools/devtool","Test":"TestWriteArchiveChecksums","Elapsed":0.11}
{"Time":"2026-09-20T21:25:51.4634378-04:00","Action":"run","Package":"github.com/qompack/qompack/tools/devtool","Test":"TestArchiveAssembledBundles_RemovesStaleArchives"}
{"Time":"2026-09-20T21:25:51.4634378-04:00","Action":"output","Package":"github.com/qompack/qompack/tools/devtool","Test":"TestArchiveAssembledBundles_RemovesStaleArchives","Output":"=== RUN   TestArchiveAssembledBundles_RemovesStaleArchives\n"}
{"Time":"2026-09-20T21:25:51.5163322-04:00","Action":"output","Package":"github.com/qompack/qompack/tools/devtool","Test":"TestArchiveAssembledBundles_RemovesStaleArchives","Output":"bundle: packed qompack-plugin-v9.9.9-testing-linux-amd64.tar.gz\n"}
{"Time":"2026-09-20T21:25:51.5191411-04:00","Action":"output","Package":"github.com/qompack/qompack/tools/devtool","Test":"TestArchiveAssembledBundles_RemovesStaleArchives","Output":"bundle: checksums.txt covers 1 archive(s)\n"}
{"Time":"2026-09-20T21:25:51.5303175-04:00","Action":"output","Package":"github.com/qompack/qompack/tools/devtool","Test":"TestArchiveAssembledBundles_RemovesStaleArchives","Output":"--- PASS: TestArchiveAssembledBundles_RemovesStaleArchives (0.07s)\n"}
{"Time":"2026-09-20T21:25:51.5303175-04:00","Action":"pass","Package":"github.com/qompack/qompack/tools/devtool","Test":"TestArchiveAssembledBundles_RemovesStaleArchives","Elapsed":0.07}
{"Time":"2026-09-20T21:25:51.5303175-04:00","Action":"run","Package":"github.com/qompack/qompack/tools/devtool","Test":"TestRunHostValidation"}
{"Time":"2026-09-20T21:25:51.5303175-04:00","Action":"output","Package":"github.com/qompack/qompack/tools/devtool","Test":"TestRunHostValidation","Output":"=== RUN   TestRunHostValidation\n"}
{"Time":"2026-09-20T21:25:51.5319886-04:00","Action":"run","Package":"github.com/qompack/qompack/tools/devtool","Test":"TestRunHostValidation/CLI_absent_is_recorded_as_unverified,_never_as_a_pass_or_a_failure"}
{"Time":"2026-09-20T21:25:51.5319886-04:00","Action":"output","Package":"github.com/qompack/qompack/tools/devtool","Test":"TestRunHostValidation/CLI_absent_is_recorded_as_unverified,_never_as_a_pass_or_a_failure","Output":"=== RUN   TestRunHostValidation/CLI_absent_is_recorded_as_unverified,_never_as_a_pass_or_a_failure\n"}
{"Time":"2026-09-20T21:25:51.5319886-04:00","Action":"output","Package":"github.com/qompack/qompack/tools/devtool","Test":"TestRunHostValidation/CLI_absent_is_recorded_as_unverified,_never_as_a_pass_or_a_failure","Output":"--- PASS: TestRunHostValidation/CLI_absent_is_recorded_as_unverified,_never_as_a_pass_or_a_failure (0.00s)\n"}
{"Time":"2026-09-20T21:25:51.5319886-04:00","Action":"pass","Package":"github.com/qompack/qompack/tools/devtool","Test":"TestRunHostValidation/CLI_absent_is_recorded_as_unverified,_never_as_a_pass_or_a_failure","Elapsed":0}
{"Time":"2026-09-20T21:25:51.5325428-04:00","Action":"run","Package":"github.com/qompack/qompack/tools/devtool","Test":"TestRunHostValidation/zero_exit_and_success:true_is_the_only_accepted_shape"}
{"Time":"2026-09-20T21:25:51.5325428-04:00","Action":"output","Package":"github.com/qompack/qompack/tools/devtool","Test":"TestRunHostValidation/zero_exit_and_success:true_is_the_only_accepted_shape","Output":"=== RUN   TestRunHostValidation/zero_exit_and_success:true_is_the_only_accepted_shape\n"}
{"Time":"2026-09-20T21:25:51.5325428-04:00","Action":"output","Package":"github.com/qompack/qompack/tools/devtool","Test":"TestRunHostValidation/zero_exit_and_success:true_is_the_only_accepted_shape","Output":"--- PASS: TestRunHostValidation/zero_exit_and_success:true_is_the_only_accepted_shape (0.00s)\n"}
{"Time":"2026-09-20T21:25:51.5325428-04:00","Action":"pass","Package":"github.com/qompack/qompack/tools/devtool","Test":"TestRunHostValidation/zero_exit_and_success:true_is_the_only_accepted_shape","Elapsed":0}
{"Time":"2026-09-20T21:25:51.5325428-04:00","Action":"run","Package":"github.com/qompack/qompack/tools/devtool","Test":"TestRunHostValidation/a_non-zero_exit_is_not_overridden_by_success:true_in_the_payload"}
{"Time":"2026-09-20T21:25:51.5325428-04:00","Action":"output","Package":"github.com/qompack/qompack/tools/devtool","Test":"TestRunHostValidation/a_non-zero_exit_is_not_overridden_by_success:true_in_the_payload","Output":"=== RUN   TestRunHostValidation/a_non-zero_exit_is_not_overridden_by_success:true_in_the_payload\n"}
{"Time":"2026-09-20T21:25:51.5325428-04:00","Action":"output","Package":"github.com/qompack/qompack/tools/devtool","Test":"TestRunHostValidation/a_non-zero_exit_is_not_overridden_by_success:true_in_the_payload","Output":"--- PASS: TestRunHostValidation/a_non-zero_exit_is_not_overridden_by_success:true_in_the_payload (0.00s)\n"}
{"Time":"2026-09-20T21:25:51.5325428-04:00","Action":"pass","Package":"github.com/qompack/qompack/tools/devtool","Test":"TestRunHostValidation/a_non-zero_exit_is_not_overridden_by_success:true_in_the_payload","Elapsed":0}
{"Time":"2026-09-20T21:25:51.5325428-04:00","Action":"run","Package":"github.com/qompack/qompack/tools/devtool","Test":"TestRunHostValidation/success:false_with_a_zero_exit_is_still_a_rejection"}
{"Time":"2026-09-20T21:25:51.5325428-04:00","Action":"output","Package":"github.com/qompack/qompack/tools/devtool","Test":"TestRunHostValidation/success:false_with_a_zero_exit_is_still_a_rejection","Output":"=== RUN   TestRunHostValidation/success:false_with_a_zero_exit_is_still_a_rejection\n"}
{"Time":"2026-09-20T21:25:51.5325428-04:00","Action":"output","Package":"github.com/qompack/qompack/tools/devtool","Test":"TestRunHostValidation/success:false_with_a_zero_exit_is_still_a_rejection","Output":"--- PASS: TestRunHostValidation/success:false_with_a_zero_exit_is_still_a_rejection (0.00s)\n"}
{"Time":"2026-09-20T21:25:51.5325428-04:00","Action":"pass","Package":"github.com/qompack/qompack/tools/devtool","Test":"TestRunHostValidation/success:false_with_a_zero_exit_is_still_a_rejection","Elapsed":0}
{"Time":"2026-09-20T21:25:51.5325428-04:00","Action":"run","Package":"github.com/qompack/qompack/tools/devtool","Test":"TestRunHostValidation/JSON_without_a_success_key_falls_back_to_the_exit_status_and_says_so"}
{"Time":"2026-09-20T21:25:51.5325428-04:00","Action":"output","Package":"github.com/qompack/qompack/tools/devtool","Test":"TestRunHostValidation/JSON_without_a_success_key_falls_back_to_the_exit_status_and_says_so","Output":"=== RUN   TestRunHostValidation/JSON_without_a_success_key_falls_back_to_the_exit_status_and_says_so\n"}
{"Time":"2026-09-20T21:25:51.5325428-04:00","Action":"output","Package":"github.com/qompack/qompack/tools/devtool","Test":"TestRunHostValidation/JSON_without_a_success_key_falls_back_to_the_exit_status_and_says_so","Output":"--- PASS: TestRunHostValidation/JSON_without_a_success_key_falls_back_to_the_exit_status_and_says_so (0.00s)\n"}
{"Time":"2026-09-20T21:25:51.5325428-04:00","Action":"pass","Package":"github.com/qompack/qompack/tools/devtool","Test":"TestRunHostValidation/JSON_without_a_success_key_falls_back_to_the_exit_status_and_says_so","Elapsed":0}
{"Time":"2026-09-20T21:25:51.5325428-04:00","Action":"run","Package":"github.com/qompack/qompack/tools/devtool","Test":"TestRunHostValidation/JSON_without_a_success_key_and_a_non-zero_exit_is_a_rejection"}
{"Time":"2026-09-20T21:25:51.5325428-04:00","Action":"output","Package":"github.com/qompack/qompack/tools/devtool","Test":"TestRunHostValidation/JSON_without_a_success_key_and_a_non-zero_exit_is_a_rejection","Output":"=== RUN   TestRunHostValidation/JSON_without_a_success_key_and_a_non-zero_exit_is_a_rejection\n"}
{"Time":"2026-09-20T21:25:51.5325428-04:00","Action":"output","Package":"github.com/qompack/qompack/tools/devtool","Test":"TestRunHostValidation/JSON_without_a_success_key_and_a_non-zero_exit_is_a_rejection","Output":"--- PASS: TestRunHostValidation/JSON_without_a_success_key_and_a_non-zero_exit_is_a_rejection (0.00s)\n"}
{"Time":"2026-09-20T21:25:51.5325428-04:00","Action":"pass","Package":"github.com/qompack/qompack/tools/devtool","Test":"TestRunHostValidation/JSON_without_a_success_key_and_a_non-zero_exit_is_a_rejection","Elapsed":0}
{"Time":"2026-09-20T21:25:51.5325428-04:00","Action":"run","Package":"github.com/qompack/qompack/tools/devtool","Test":"TestRunHostValidation/output_that_is_not_JSON_is_kept_raw_and_judged_on_the_exit_status"}
{"Time":"2026-09-20T21:25:51.5325428-04:00","Action":"output","Package":"github.com/qompack/qompack/tools/devtool","Test":"TestRunHostValidation/output_that_is_not_JSON_is_kept_raw_and_judged_on_the_exit_status","Output":"=== RUN   TestRunHostValidation/output_that_is_not_JSON_is_kept_raw_and_judged_on_the_exit_status\n"}
{"Time":"2026-09-20T21:25:51.5325428-04:00","Action":"output","Package":"github.com/qompack/qompack/tools/devtool","Test":"TestRunHostValidation/output_that_is_not_JSON_is_kept_raw_and_judged_on_the_exit_status","Output":"--- PASS: TestRunHostValidation/output_that_is_not_JSON_is_kept_raw_and_judged_on_the_exit_status (0.00s)\n"}
{"Time":"2026-09-20T21:25:51.5325428-04:00","Action":"pass","Package":"github.com/qompack/qompack/tools/devtool","Test":"TestRunHostValidation/output_that_is_not_JSON_is_kept_raw_and_judged_on_the_exit_status","Elapsed":0}
{"Time":"2026-09-20T21:25:51.533092-04:00","Action":"run","Package":"github.com/qompack/qompack/tools/devtool","Test":"TestRunHostValidation/a_warning_on_stderr_does_not_make_the_JSON_verdict_unparseable"}
{"Time":"2026-09-20T21:25:51.533092-04:00","Action":"output","Package":"github.com/qompack/qompack/tools/devtool","Test":"TestRunHostValidation/a_warning_on_stderr_does_not_make_the_JSON_verdict_unparseable","Output":"=== RUN   TestRunHostValidation/a_warning_on_stderr_does_not_make_the_JSON_verdict_unparseable\n"}
{"Time":"2026-09-20T21:25:51.533092-04:00","Action":"output","Package":"github.com/qompack/qompack/tools/devtool","Test":"TestRunHostValidation/a_warning_on_stderr_does_not_make_the_JSON_verdict_unparseable","Output":"--- PASS: TestRunHostValidation/a_warning_on_stderr_does_not_make_the_JSON_verdict_unparseable (0.00s)\n"}
{"Time":"2026-09-20T21:25:51.533092-04:00","Action":"pass","Package":"github.com/qompack/qompack/tools/devtool","Test":"TestRunHostValidation/a_warning_on_stderr_does_not_make_the_JSON_verdict_unparseable","Elapsed":0}
{"Time":"2026-09-20T21:25:51.533092-04:00","Action":"run","Package":"github.com/qompack/qompack/tools/devtool","Test":"TestRunHostValidation/a_CLI_that_never_ran_is_could-not-run,_not_rejected"}
{"Time":"2026-09-20T21:25:51.533092-04:00","Action":"output","Package":"github.com/qompack/qompack/tools/devtool","Test":"TestRunHostValidation/a_CLI_that_never_ran_is_could-not-run,_not_rejected","Output":"=== RUN   TestRunHostValidation/a_CLI_that_never_ran_is_could-not-run,_not_rejected\n"}
{"Time":"2026-09-20T21:25:51.533092-04:00","Action":"output","Package":"github.com/qompack/qompack/tools/devtool","Test":"TestRunHostValidation/a_CLI_that_never_ran_is_could-not-run,_not_rejected","Output":"--- PASS: TestRunHostValidation/a_CLI_that_never_ran_is_could-not-run,_not_rejected (0.00s)\n"}
{"Time":"2026-09-20T21:25:51.533092-04:00","Action":"pass","Package":"github.com/qompack/qompack/tools/devtool","Test":"TestRunHostValidation/a_CLI_that_never_ran_is_could-not-run,_not_rejected","Elapsed":0}
{"Time":"2026-09-20T21:25:51.533092-04:00","Action":"run","Package":"github.com/qompack/qompack/tools/devtool","Test":"TestRunHostValidation/a_deadline_kill_is_timed-out,_not_rejected"}
{"Time":"2026-09-20T21:25:51.533092-04:00","Action":"output","Package":"github.com/qompack/qompack/tools/devtool","Test":"TestRunHostValidation/a_deadline_kill_is_timed-out,_not_rejected","Output":"=== RUN   TestRunHostValidation/a_deadline_kill_is_timed-out,_not_rejected\n"}
{"Time":"2026-09-20T21:25:51.533092-04:00","Action":"output","Package":"github.com/qompack/qompack/tools/devtool","Test":"TestRunHostValidation/a_deadline_kill_is_timed-out,_not_rejected","Output":"--- PASS: TestRunHostValidation/a_deadline_kill_is_timed-out,_not_rejected (0.00s)\n"}
{"Time":"2026-09-20T21:25:51.533092-04:00","Action":"pass","Package":"github.com/qompack/qompack/tools/devtool","Test":"TestRunHostValidation/a_deadline_kill_is_timed-out,_not_rejected","Elapsed":0}
{"Time":"2026-09-20T21:25:51.534738-04:00","Action":"output","Package":"github.com/qompack/qompack/tools/devtool","Test":"TestRunHostValidation","Output":"--- PASS: TestRunHostValidation (0.00s)\n"}
{"Time":"2026-09-20T21:25:51.534738-04:00","Action":"pass","Package":"github.com/qompack/qompack/tools/devtool","Test":"TestRunHostValidation","Elapsed":0}
{"Time":"2026-09-20T21:25:51.534738-04:00","Action":"run","Package":"github.com/qompack/qompack/tools/devtool","Test":"TestRunHostValidation_CommandIsRecorded"}
{"Time":"2026-09-20T21:25:51.534738-04:00","Action":"output","Package":"github.com/qompack/qompack/tools/devtool","Test":"TestRunHostValidation_CommandIsRecorded","Output":"=== RUN   TestRunHostValidation_CommandIsRecorded\n"}
{"Time":"2026-09-20T21:25:51.5369521-04:00","Action":"output","Package":"github.com/qompack/qompack/tools/devtool","Test":"TestRunHostValidation_CommandIsRecorded","Output":"--- PASS: TestRunHostValidation_CommandIsRecorded (0.00s)\n"}
{"Time":"2026-09-20T21:25:51.5369521-04:00","Action":"pass","Package":"github.com/qompack/qompack/tools/devtool","Test":"TestRunHostValidation_CommandIsRecorded","Elapsed":0}
{"Time":"2026-09-20T21:25:51.5369521-04:00","Action":"run","Package":"github.com/qompack/qompack/tools/devtool","Test":"TestClaudeCLIVersion_FailuresAreReported"}
{"Time":"2026-09-20T21:25:51.5369521-04:00","Action":"output","Package":"github.com/qompack/qompack/tools/devtool","Test":"TestClaudeCLIVersion_FailuresAreReported","Output":"=== RUN   TestClaudeCLIVersion_FailuresAreReported\n"}
{"Time":"2026-09-20T21:25:51.5369521-04:00","Action":"run","Package":"github.com/qompack/qompack/tools/devtool","Test":"TestClaudeCLIVersion_FailuresAreReported/could_not_be_run"}
{"Time":"2026-09-20T21:25:51.5369521-04:00","Action":"output","Package":"github.com/qompack/qompack/tools/devtool","Test":"TestClaudeCLIVersion_FailuresAreReported/could_not_be_run","Output":"=== RUN   TestClaudeCLIVersion_FailuresAreReported/could_not_be_run\n"}
{"Time":"2026-09-20T21:25:51.5375011-04:00","Action":"output","Package":"github.com/qompack/qompack/tools/devtool","Test":"TestClaudeCLIVersion_FailuresAreReported/could_not_be_run","Output":"--- PASS: TestClaudeCLIVersion_FailuresAreReported/could_not_be_run (0.00s)\n"}
{"Time":"2026-09-20T21:25:51.5375011-04:00","Action":"pass","Package":"github.com/qompack/qompack/tools/devtool","Test":"TestClaudeCLIVersion_FailuresAreReported/could_not_be_run","Elapsed":0}
{"Time":"2026-09-20T21:25:51.5375011-04:00","Action":"run","Package":"github.com/qompack/qompack/tools/devtool","Test":"TestClaudeCLIVersion_FailuresAreReported/non-zero_exit"}
{"Time":"2026-09-20T21:25:51.5375011-04:00","Action":"output","Package":"github.com/qompack/qompack/tools/devtool","Test":"TestClaudeCLIVersion_FailuresAreReported/non-zero_exit","Output":"=== RUN   TestClaudeCLIVersion_FailuresAreReported/non-zero_exit\n"}
{"Time":"2026-09-20T21:25:51.5375011-04:00","Action":"output","Package":"github.com/qompack/qompack/tools/devtool","Test":"TestClaudeCLIVersion_FailuresAreReported/non-zero_exit","Output":"--- PASS: TestClaudeCLIVersion_FailuresAreReported/non-zero_exit (0.00s)\n"}
{"Time":"2026-09-20T21:25:51.5375011-04:00","Action":"pass","Package":"github.com/qompack/qompack/tools/devtool","Test":"TestClaudeCLIVersion_FailuresAreReported/non-zero_exit","Elapsed":0}
{"Time":"2026-09-20T21:25:51.5375011-04:00","Action":"output","Package":"github.com/qompack/qompack/tools/devtool","Test":"TestClaudeCLIVersion_FailuresAreReported","Output":"--- PASS: TestClaudeCLIVersion_FailuresAreReported (0.00s)\n"}
{"Time":"2026-09-20T21:25:51.5375011-04:00","Action":"pass","Package":"github.com/qompack/qompack/tools/devtool","Test":"TestClaudeCLIVersion_FailuresAreReported","Elapsed":0}
{"Time":"2026-09-20T21:25:51.5375011-04:00","Action":"run","Package":"github.com/qompack/qompack/tools/devtool","Test":"TestHostPathRedactor"}
{"Time":"2026-09-20T21:25:51.5375011-04:00","Action":"output","Package":"github.com/qompack/qompack/tools/devtool","Test":"TestHostPathRedactor","Output":"=== RUN   TestHostPathRedactor\n"}
{"Time":"2026-09-20T21:25:51.5375011-04:00","Action":"run","Package":"github.com/qompack/qompack/tools/devtool","Test":"TestHostPathRedactor/bundle_inside_the_repository"}
{"Time":"2026-09-20T21:25:51.5375011-04:00","Action":"output","Package":"github.com/qompack/qompack/tools/devtool","Test":"TestHostPathRedactor/bundle_inside_the_repository","Output":"=== RUN   TestHostPathRedactor/bundle_inside_the_repository\n"}
{"Time":"2026-09-20T21:25:51.5375011-04:00","Action":"output","Package":"github.com/qompack/qompack/tools/devtool","Test":"TestHostPathRedactor/bundle_inside_the_repository","Output":"--- PASS: TestHostPathRedactor/bundle_inside_the_repository (0.00s)\n"}
{"Time":"2026-09-20T21:25:51.5375011-04:00","Action":"pass","Package":"github.com/qompack/qompack/tools/devtool","Test":"TestHostPathRedactor/bundle_inside_the_repository","Elapsed":0}
{"Time":"2026-09-20T21:25:51.5375011-04:00","Action":"run","Package":"github.com/qompack/qompack/tools/devtool","Test":"TestHostPathRedactor/bundle_outside_the_repository"}
{"Time":"2026-09-20T21:25:51.5375011-04:00","Action":"output","Package":"github.com/qompack/qompack/tools/devtool","Test":"TestHostPathRedactor/bundle_outside_the_repository","Output":"=== RUN   TestHostPathRedactor/bundle_outside_the_repository\n"}
{"Time":"2026-09-20T21:25:51.5375011-04:00","Action":"output","Package":"github.com/qompack/qompack/tools/devtool","Test":"TestHostPathRedactor/bundle_outside_the_repository","Output":"--- PASS: TestHostPathRedactor/bundle_outside_the_repository (0.00s)\n"}
{"Time":"2026-09-20T21:25:51.5375011-04:00","Action":"pass","Package":"github.com/qompack/qompack/tools/devtool","Test":"TestHostPathRedactor/bundle_outside_the_repository","Elapsed":0}
{"Time":"2026-09-20T21:25:51.5375011-04:00","Action":"run","Package":"github.com/qompack/qompack/tools/devtool","Test":"TestHostPathRedactor/a_home_path_in_neither_is_still_redacted"}
{"Time":"2026-09-20T21:25:51.5375011-04:00","Action":"output","Package":"github.com/qompack/qompack/tools/devtool","Test":"TestHostPathRedactor/a_home_path_in_neither_is_still_redacted","Output":"=== RUN   TestHostPathRedactor/a_home_path_in_neither_is_still_redacted\n"}
{"Time":"2026-09-20T21:25:51.5375011-04:00","Action":"output","Package":"github.com/qompack/qompack/tools/devtool","Test":"TestHostPathRedactor/a_home_path_in_neither_is_still_redacted","Output":"--- PASS: TestHostPathRedactor/a_home_path_in_neither_is_still_redacted (0.00s)\n"}
{"Time":"2026-09-20T21:25:51.5375011-04:00","Action":"pass","Package":"github.com/qompack/qompack/tools/devtool","Test":"TestHostPathRedactor/a_home_path_in_neither_is_still_redacted","Elapsed":0}
{"Time":"2026-09-20T21:25:51.5375011-04:00","Action":"run","Package":"github.com/qompack/qompack/tools/devtool","Test":"TestHostPathRedactor/nothing_to_redact_leaves_the_text_alone"}
{"Time":"2026-09-20T21:25:51.5375011-04:00","Action":"output","Package":"github.com/qompack/qompack/tools/devtool","Test":"TestHostPathRedactor/nothing_to_redact_leaves_the_text_alone","Output":"=== RUN   TestHostPathRedactor/nothing_to_redact_leaves_the_text_alone\n"}
{"Time":"2026-09-20T21:25:51.5375011-04:00","Action":"output","Package":"github.com/qompack/qompack/tools/devtool","Test":"TestHostPathRedactor/nothing_to_redact_leaves_the_text_alone","Output":"--- PASS: TestHostPathRedactor/nothing_to_redact_leaves_the_text_alone (0.00s)\n"}
{"Time":"2026-09-20T21:25:51.538054-04:00","Action":"pass","Package":"github.com/qompack/qompack/tools/devtool","Test":"TestHostPathRedactor/nothing_to_redact_leaves_the_text_alone","Elapsed":0}
{"Time":"2026-09-20T21:25:51.538054-04:00","Action":"output","Package":"github.com/qompack/qompack/tools/devtool","Test":"TestHostPathRedactor","Output":"--- PASS: TestHostPathRedactor (0.00s)\n"}
{"Time":"2026-09-20T21:25:51.538054-04:00","Action":"pass","Package":"github.com/qompack/qompack/tools/devtool","Test":"TestHostPathRedactor","Elapsed":0}
{"Time":"2026-09-20T21:25:51.538054-04:00","Action":"run","Package":"github.com/qompack/qompack/tools/devtool","Test":"TestEvidencePathRefusesATrailingSeparator"}
{"Time":"2026-09-20T21:25:51.538054-04:00","Action":"output","Package":"github.com/qompack/qompack/tools/devtool","Test":"TestEvidencePathRefusesATrailingSeparator","Output":"=== RUN   TestEvidencePathRefusesATrailingSeparator\n"}
{"Time":"2026-09-20T21:25:51.538054-04:00","Action":"output","Package":"github.com/qompack/qompack/tools/devtool","Test":"TestEvidencePathRefusesATrailingSeparator","Output":"--- PASS: TestEvidencePathRefusesATrailingSeparator (0.00s)\n"}
{"Time":"2026-09-20T21:25:51.538054-04:00","Action":"pass","Package":"github.com/qompack/qompack/tools/devtool","Test":"TestEvidencePathRefusesATrailingSeparator","Elapsed":0}
{"Time":"2026-09-20T21:25:51.538054-04:00","Action":"run","Package":"github.com/qompack/qompack/tools/devtool","Test":"TestCheckCommitMsg"}
{"Time":"2026-09-20T21:25:51.538054-04:00","Action":"output","Package":"github.com/qompack/qompack/tools/devtool","Test":"TestCheckCommitMsg","Output":"=== RUN   TestCheckCommitMsg\n"}
{"Time":"2026-09-20T21:25:51.538054-04:00","Action":"run","Package":"github.com/qompack/qompack/tools/devtool","Test":"TestCheckCommitMsg/valid_feat_with_scope_and_Refs_footer"}
{"Time":"2026-09-20T21:25:51.538054-04:00","Action":"output","Package":"github.com/qompack/qompack/tools/devtool","Test":"TestCheckCommitMsg/valid_feat_with_scope_and_Refs_footer","Output":"=== RUN   TestCheckCommitMsg/valid_feat_with_scope_and_Refs_footer\n"}
{"Time":"2026-09-20T21:25:51.538054-04:00","Action":"output","Package":"github.com/qompack/qompack/tools/devtool","Test":"TestCheckCommitMsg/valid_feat_with_scope_and_Refs_footer","Output":"--- PASS: TestCheckCommitMsg/valid_feat_with_scope_and_Refs_footer (0.00s)\n"}
{"Time":"2026-09-20T21:25:51.538054-04:00","Action":"pass","Package":"github.com/qompack/qompack/tools/devtool","Test":"TestCheckCommitMsg/valid_feat_with_scope_and_Refs_footer","Elapsed":0}
{"Time":"2026-09-20T21:25:51.538054-04:00","Action":"run","Package":"github.com/qompack/qompack/tools/devtool","Test":"TestCheckCommitMsg/valid_fix_without_scope_and_Refs_footer"}
{"Time":"2026-09-20T21:25:51.538054-04:00","Action":"output","Package":"github.com/qompack/qompack/tools/devtool","Test":"TestCheckCommitMsg/valid_fix_without_scope_and_Refs_footer","Output":"=== RUN   TestCheckCommitMsg/valid_fix_without_scope_and_Refs_footer\n"}
{"Time":"2026-09-20T21:25:51.538054-04:00","Action":"output","Package":"github.com/qompack/qompack/tools/devtool","Test":"TestCheckCommitMsg/valid_fix_without_scope_and_Refs_footer","Output":"--- PASS: TestCheckCommitMsg/valid_fix_without_scope_and_Refs_footer (0.00s)\n"}
{"Time":"2026-09-20T21:25:51.538054-04:00","Action":"pass","Package":"github.com/qompack/qompack/tools/devtool","Test":"TestCheckCommitMsg/valid_fix_without_scope_and_Refs_footer","Elapsed":0}
{"Time":"2026-09-20T21:25:51.538054-04:00","Action":"run","Package":"github.com/qompack/qompack/tools/devtool","Test":"TestCheckCommitMsg/valid_docs_commit_needs_no_Refs_footer"}
{"Time":"2026-09-20T21:25:51.538054-04:00","Action":"output","Package":"github.com/qompack/qompack/tools/devtool","Test":"TestCheckCommitMsg/valid_docs_commit_needs_no_Refs_footer","Output":"=== RUN   TestCheckCommitMsg/valid_docs_commit_needs_no_Refs_footer\n"}
{"Time":"2026-09-20T21:25:51.538054-04:00","Action":"output","Package":"github.com/qompack/qompack/tools/devtool","Test":"TestCheckCommitMsg/valid_docs_commit_needs_no_Refs_footer","Output":"--- PASS: TestCheckCommitMsg/valid_docs_commit_needs_no_Refs_footer (0.00s)\n"}
{"Time":"2026-09-20T21:25:51.538054-04:00","Action":"pass","Package":"github.com/qompack/qompack/tools/devtool","Test":"TestCheckCommitMsg/valid_docs_commit_needs_no_Refs_footer","Elapsed":0}
{"Time":"2026-09-20T21:25:51.538054-04:00","Action":"run","Package":"github.com/qompack/qompack/tools/devtool","Test":"TestCheckCommitMsg/valid_multi-package_scope"}
{"Time":"2026-09-20T21:25:51.538054-04:00","Action":"output","Package":"github.com/qompack/qompack/tools/devtool","Test":"TestCheckCommitMsg/valid_multi-package_scope","Output":"=== RUN   TestCheckCommitMsg/valid_multi-package_scope\n"}
{"Time":"2026-09-20T21:25:51.538054-04:00","Action":"output","Package":"github.com/qompack/qompack/tools/devtool","Test":"TestCheckCommitMsg/valid_multi-package_scope","Output":"--- PASS: TestCheckCommitMsg/valid_multi-package_scope (0.00s)\n"}
{"Time":"2026-09-20T21:25:51.538054-04:00","Action":"pass","Package":"github.com/qompack/qompack/tools/devtool","Test":"TestCheckCommitMsg/valid_multi-package_scope","Elapsed":0}
{"Time":"2026-09-20T21:25:51.538054-04:00","Action":"run","Package":"github.com/qompack/qompack/tools/devtool","Test":"TestCheckCommitMsg/valid_four-package_scope"}
{"Time":"2026-09-20T21:25:51.538054-04:00","Action":"output","Package":"github.com/qompack/qompack/tools/devtool","Test":"TestCheckCommitMsg/valid_four-package_scope","Output":"=== RUN   TestCheckCommitMsg/valid_four-package_scope\n"}
{"Time":"2026-09-20T21:25:51.538054-04:00","Action":"output","Package":"github.com/qompack/qompack/tools/devtool","Test":"TestCheckCommitMsg/valid_four-package_scope","Output":"--- PASS: TestCheckCommitMsg/valid_four-package_scope (0.00s)\n"}
{"Time":"2026-09-20T21:25:51.538054-04:00","Action":"pass","Package":"github.com/qompack/qompack/tools/devtool","Test":"TestCheckCommitMsg/valid_four-package_scope","Elapsed":0}
{"Time":"2026-09-20T21:25:51.538054-04:00","Action":"run","Package":"github.com/qompack/qompack/tools/devtool","Test":"TestCheckCommitMsg/scope_may_not_contain_spaces"}
{"Time":"2026-09-20T21:25:51.538054-04:00","Action":"output","Package":"github.com/qompack/qompack/tools/devtool","Test":"TestCheckCommitMsg/scope_may_not_contain_spaces","Output":"=== RUN   TestCheckCommitMsg/scope_may_not_contain_spaces\n"}
{"Time":"2026-09-20T21:25:51.538054-04:00","Action":"output","Package":"github.com/qompack/qompack/tools/devtool","Test":"TestCheckCommitMsg/scope_may_not_contain_spaces","Output":"--- PASS: TestCheckCommitMsg/scope_may_not_contain_spaces (0.00s)\n"}
{"Time":"2026-09-20T21:25:51.538054-04:00","Action":"pass","Package":"github.com/qompack/qompack/tools/devtool","Test":"TestCheckCommitMsg/scope_may_not_contain_spaces","Elapsed":0}
{"Time":"2026-09-20T21:25:51.538054-04:00","Action":"run","Package":"github.com/qompack/qompack/tools/devtool","Test":"TestCheckCommitMsg/valid_chore_commit_with_a_body_that_wraps"}
{"Time":"2026-09-20T21:25:51.5386128-04:00","Action":"output","Package":"github.com/qompack/qompack/tools/devtool","Test":"TestCheckCommitMsg/valid_chore_commit_with_a_body_that_wraps","Output":"=== RUN   TestCheckCommitMsg/valid_chore_commit_with_a_body_that_wraps\n"}
{"Time":"2026-09-20T21:25:51.5386128-04:00","Action":"output","Package":"github.com/qompack/qompack/tools/devtool","Test":"TestCheckCommitMsg/valid_chore_commit_with_a_body_that_wraps","Output":"--- PASS: TestCheckCommitMsg/valid_chore_commit_with_a_body_that_wraps (0.00s)\n"}
{"Time":"2026-09-20T21:25:51.5386128-04:00","Action":"pass","Package":"github.com/qompack/qompack/tools/devtool","Test":"TestCheckCommitMsg/valid_chore_commit_with_a_body_that_wraps","Elapsed":0}
{"Time":"2026-09-20T21:25:51.5386128-04:00","Action":"run","Package":"github.com/qompack/qompack/tools/devtool","Test":"TestCheckCommitMsg/over-length_subject"}
{"Time":"2026-09-20T21:25:51.5386128-04:00","Action":"output","Package":"github.com/qompack/qompack/tools/devtool","Test":"TestCheckCommitMsg/over-length_subject","Output":"=== RUN   TestCheckCommitMsg/over-length_subject\n"}
{"Time":"2026-09-20T21:25:51.5386128-04:00","Action":"output","Package":"github.com/qompack/qompack/tools/devtool","Test":"TestCheckCommitMsg/over-length_subject","Output":"--- PASS: TestCheckCommitMsg/over-length_subject (0.00s)\n"}
{"Time":"2026-09-20T21:25:51.5386128-04:00","Action":"pass","Package":"github.com/qompack/qompack/tools/devtool","Test":"TestCheckCommitMsg/over-length_subject","Elapsed":0}
{"Time":"2026-09-20T21:25:51.5386128-04:00","Action":"run","Package":"github.com/qompack/qompack/tools/devtool","Test":"TestCheckCommitMsg/trailing_period_on_subject"}
{"Time":"2026-09-20T21:25:51.5386128-04:00","Action":"output","Package":"github.com/qompack/qompack/tools/devtool","Test":"TestCheckCommitMsg/trailing_period_on_subject","Output":"=== RUN   TestCheckCommitMsg/trailing_period_on_subject\n"}
{"Time":"2026-09-20T21:25:51.5386128-04:00","Action":"output","Package":"github.com/qompack/qompack/tools/devtool","Test":"TestCheckCommitMsg/trailing_period_on_subject","Output":"--- PASS: TestCheckCommitMsg/trailing_period_on_subject (0.00s)\n"}
{"Time":"2026-09-20T21:25:51.5386128-04:00","Action":"pass","Package":"github.com/qompack/qompack/tools/devtool","Test":"TestCheckCommitMsg/trailing_period_on_subject","Elapsed":0}
{"Time":"2026-09-20T21:25:51.5386128-04:00","Action":"run","Package":"github.com/qompack/qompack/tools/devtool","Test":"TestCheckCommitMsg/missing_type_prefix"}
{"Time":"2026-09-20T21:25:51.5386128-04:00","Action":"output","Package":"github.com/qompack/qompack/tools/devtool","Test":"TestCheckCommitMsg/missing_type_prefix","Output":"=== RUN   TestCheckCommitMsg/missing_type_prefix\n"}
{"Time":"2026-09-20T21:25:51.5386128-04:00","Action":"output","Package":"github.com/qompack/qompack/tools/devtool","Test":"TestCheckCommitMsg/missing_type_prefix","Output":"--- PASS: TestCheckCommitMsg/missing_type_prefix (0.00s)\n"}
{"Time":"2026-09-20T21:25:51.5386128-04:00","Action":"pass","Package":"github.com/qompack/qompack/tools/devtool","Test":"TestCheckCommitMsg/missing_type_prefix","Elapsed":0}
{"Time":"2026-09-20T21:25:51.5386128-04:00","Action":"run","Package":"github.com/qompack/qompack/tools/devtool","Test":"TestCheckCommitMsg/unknown_type_prefix"}
{"Time":"2026-09-20T21:25:51.5386128-04:00","Action":"output","Package":"github.com/qompack/qompack/tools/devtool","Test":"TestCheckCommitMsg/unknown_type_prefix","Output":"=== RUN   TestCheckCommitMsg/unknown_type_prefix\n"}
{"Time":"2026-09-20T21:25:51.5386128-04:00","Action":"output","Package":"github.com/qompack/qompack/tools/devtool","Test":"TestCheckCommitMsg/unknown_type_prefix","Output":"--- PASS: TestCheckCommitMsg/unknown_type_prefix (0.00s)\n"}
{"Time":"2026-09-20T21:25:51.5386128-04:00","Action":"pass","Package":"github.com/qompack/qompack/tools/devtool","Test":"TestCheckCommitMsg/unknown_type_prefix","Elapsed":0}
{"Time":"2026-09-20T21:25:51.5386128-04:00","Action":"run","Package":"github.com/qompack/qompack/tools/devtool","Test":"TestCheckCommitMsg/Co-Authored-By_in_body"}
{"Time":"2026-09-20T21:25:51.5386128-04:00","Action":"output","Package":"github.com/qompack/qompack/tools/devtool","Test":"TestCheckCommitMsg/Co-Authored-By_in_body","Output":"=== RUN   TestCheckCommitMsg/Co-Authored-By_in_body\n"}
{"Time":"2026-09-20T21:25:51.5386128-04:00","Action":"output","Package":"github.com/qompack/qompack/tools/devtool","Test":"TestCheckCommitMsg/Co-Authored-By_in_body","Output":"--- PASS: TestCheckCommitMsg/Co-Authored-By_in_body (0.00s)\n"}
{"Time":"2026-09-20T21:25:51.5386128-04:00","Action":"pass","Package":"github.com/qompack/qompack/tools/devtool","Test":"TestCheckCommitMsg/Co-Authored-By_in_body","Elapsed":0}
{"Time":"2026-09-20T21:25:51.5386128-04:00","Action":"run","Package":"github.com/qompack/qompack/tools/devtool","Test":"TestCheckCommitMsg/Signed-off-by_in_body"}
{"Time":"2026-09-20T21:25:51.5386128-04:00","Action":"output","Package":"github.com/qompack/qompack/tools/devtool","Test":"TestCheckCommitMsg/Signed-off-by_in_body","Output":"=== RUN   TestCheckCommitMsg/Signed-off-by_in_body\n"}
{"Time":"2026-09-20T21:25:51.5386128-04:00","Action":"output","Package":"github.com/qompack/qompack/tools/devtool","Test":"TestCheckCommitMsg/Signed-off-by_in_body","Output":"--- PASS: TestCheckCommitMsg/Signed-off-by_in_body (0.00s)\n"}
{"Time":"2026-09-20T21:25:51.5386128-04:00","Action":"pass","Package":"github.com/qompack/qompack/tools/devtool","Test":"TestCheckCommitMsg/Signed-off-by_in_body","Elapsed":0}
{"Time":"2026-09-20T21:25:51.5386128-04:00","Action":"run","Package":"github.com/qompack/qompack/tools/devtool","Test":"TestCheckCommitMsg/Generated_with_in_body"}
{"Time":"2026-09-20T21:25:51.5386128-04:00","Action":"output","Package":"github.com/qompack/qompack/tools/devtool","Test":"TestCheckCommitMsg/Generated_with_in_body","Output":"=== RUN   TestCheckCommitMsg/Generated_with_in_body\n"}
{"Time":"2026-09-20T21:25:51.5386128-04:00","Action":"output","Package":"github.com/qompack/qompack/tools/devtool","Test":"TestCheckCommitMsg/Generated_with_in_body","Output":"--- PASS: TestCheckCommitMsg/Generated_with_in_body (0.00s)\n"}
{"Time":"2026-09-20T21:25:51.5386128-04:00","Action":"pass","Package":"github.com/qompack/qompack/tools/devtool","Test":"TestCheckCommitMsg/Generated_with_in_body","Elapsed":0}
{"Time":"2026-09-20T21:25:51.5386128-04:00","Action":"run","Package":"github.com/qompack/qompack/tools/devtool","Test":"TestCheckCommitMsg/robot_emoji_in_body"}
{"Time":"2026-09-20T21:25:51.5386128-04:00","Action":"output","Package":"github.com/qompack/qompack/tools/devtool","Test":"TestCheckCommitMsg/robot_emoji_in_body","Output":"=== RUN   TestCheckCommitMsg/robot_emoji_in_body\n"}
{"Time":"2026-09-20T21:25:51.5386128-04:00","Action":"output","Package":"github.com/qompack/qompack/tools/devtool","Test":"TestCheckCommitMsg/robot_emoji_in_body","Output":"--- PASS: TestCheckCommitMsg/robot_emoji_in_body (0.00s)\n"}
{"Time":"2026-09-20T21:25:51.5386128-04:00","Action":"pass","Package":"github.com/qompack/qompack/tools/devtool","Test":"TestCheckCommitMsg/robot_emoji_in_body","Elapsed":0}
{"Time":"2026-09-20T21:25:51.5386128-04:00","Action":"run","Package":"github.com/qompack/qompack/tools/devtool","Test":"TestCheckCommitMsg/missing_Refs_footer_on_a_feat_commit"}
{"Time":"2026-09-20T21:25:51.5386128-04:00","Action":"output","Package":"github.com/qompack/qompack/tools/devtool","Test":"TestCheckCommitMsg/missing_Refs_footer_on_a_feat_commit","Output":"=== RUN   TestCheckCommitMsg/missing_Refs_footer_on_a_feat_commit\n"}
{"Time":"2026-09-20T21:25:51.5386128-04:00","Action":"output","Package":"github.com/qompack/qompack/tools/devtool","Test":"TestCheckCommitMsg/missing_Refs_footer_on_a_feat_commit","Output":"--- PASS: TestCheckCommitMsg/missing_Refs_footer_on_a_feat_commit (0.00s)\n"}
{"Time":"2026-09-20T21:25:51.5386128-04:00","Action":"pass","Package":"github.com/qompack/qompack/tools/devtool","Test":"TestCheckCommitMsg/missing_Refs_footer_on_a_feat_commit","Elapsed":0}
{"Time":"2026-09-20T21:25:51.5386128-04:00","Action":"run","Package":"github.com/qompack/qompack/tools/devtool","Test":"TestCheckCommitMsg/missing_Refs_footer_on_a_fix_commit"}
{"Time":"2026-09-20T21:25:51.5386128-04:00","Action":"output","Package":"github.com/qompack/qompack/tools/devtool","Test":"TestCheckCommitMsg/missing_Refs_footer_on_a_fix_commit","Output":"=== RUN   TestCheckCommitMsg/missing_Refs_footer_on_a_fix_commit\n"}
{"Time":"2026-09-20T21:25:51.5386128-04:00","Action":"output","Package":"github.com/qompack/qompack/tools/devtool","Test":"TestCheckCommitMsg/missing_Refs_footer_on_a_fix_commit","Output":"--- PASS: TestCheckCommitMsg/missing_Refs_footer_on_a_fix_commit (0.00s)\n"}
{"Time":"2026-09-20T21:25:51.5386128-04:00","Action":"pass","Package":"github.com/qompack/qompack/tools/devtool","Test":"TestCheckCommitMsg/missing_Refs_footer_on_a_fix_commit","Elapsed":0}
{"Time":"2026-09-20T21:25:51.5386128-04:00","Action":"run","Package":"github.com/qompack/qompack/tools/devtool","Test":"TestCheckCommitMsg/empty_message"}
{"Time":"2026-09-20T21:25:51.5386128-04:00","Action":"output","Package":"github.com/qompack/qompack/tools/devtool","Test":"TestCheckCommitMsg/empty_message","Output":"=== RUN   TestCheckCommitMsg/empty_message\n"}
{"Time":"2026-09-20T21:25:51.5386128-04:00","Action":"output","Package":"github.com/qompack/qompack/tools/devtool","Test":"TestCheckCommitMsg/empty_message","Output":"--- PASS: TestCheckCommitMsg/empty_message (0.00s)\n"}
{"Time":"2026-09-20T21:25:51.5386128-04:00","Action":"pass","Package":"github.com/qompack/qompack/tools/devtool","Test":"TestCheckCommitMsg/empty_message","Elapsed":0}
{"Time":"2026-09-20T21:25:51.5386128-04:00","Action":"run","Package":"github.com/qompack/qompack/tools/devtool","Test":"TestCheckCommitMsg/body_line_over_100_characters"}
{"Time":"2026-09-20T21:25:51.5386128-04:00","Action":"output","Package":"github.com/qompack/qompack/tools/devtool","Test":"TestCheckCommitMsg/body_line_over_100_characters","Output":"=== RUN   TestCheckCommitMsg/body_line_over_100_characters\n"}
{"Time":"2026-09-20T21:25:51.5386128-04:00","Action":"output","Package":"github.com/qompack/qompack/tools/devtool","Test":"TestCheckCommitMsg/body_line_over_100_characters","Output":"--- PASS: TestCheckCommitMsg/body_line_over_100_characters (0.00s)\n"}
{"Time":"2026-09-20T21:25:51.5386128-04:00","Action":"pass","Package":"github.com/qompack/qompack/tools/devtool","Test":"TestCheckCommitMsg/body_line_over_100_characters","Elapsed":0}
{"Time":"2026-09-20T21:25:51.5386128-04:00","Action":"output","Package":"github.com/qompack/qompack/tools/devtool","Test":"TestCheckCommitMsg","Output":"--- PASS: TestCheckCommitMsg (0.00s)\n"}
{"Time":"2026-09-20T21:25:51.5386128-04:00","Action":"pass","Package":"github.com/qompack/qompack/tools/devtool","Test":"TestCheckCommitMsg","Elapsed":0}
{"Time":"2026-09-20T21:25:51.5386128-04:00","Action":"run","Package":"github.com/qompack/qompack/tools/devtool","Test":"TestParseCoverProfile"}
{"Time":"2026-09-20T21:25:51.5386128-04:00","Action":"output","Package":"github.com/qompack/qompack/tools/devtool","Test":"TestParseCoverProfile","Output":"=== RUN   TestParseCoverProfile\n"}
{"Time":"2026-09-20T21:25:51.557368-04:00","Action":"output","Package":"github.com/qompack/qompack/tools/devtool","Test":"TestParseCoverProfile","Output":"--- PASS: TestParseCoverProfile (0.02s)\n"}
{"Time":"2026-09-20T21:25:51.557368-04:00","Action":"pass","Package":"github.com/qompack/qompack/tools/devtool","Test":"TestParseCoverProfile","Elapsed":0.02}
{"Time":"2026-09-20T21:25:51.557368-04:00","Action":"run","Package":"github.com/qompack/qompack/tools/devtool","Test":"TestProbeStillStub"}
{"Time":"2026-09-20T21:25:51.557368-04:00","Action":"output","Package":"github.com/qompack/qompack/tools/devtool","Test":"TestProbeStillStub","Output":"=== RUN   TestProbeStillStub\n"}
{"Time":"2026-09-20T21:25:51.6296269-04:00","Action":"output","Package":"github.com/qompack/qompack/tools/devtool","Test":"TestProbeStillStub","Output":"--- PASS: TestProbeStillStub (0.07s)\n"}
{"Time":"2026-09-20T21:25:51.6296269-04:00","Action":"pass","Package":"github.com/qompack/qompack/tools/devtool","Test":"TestProbeStillStub","Elapsed":0.07}
{"Time":"2026-09-20T21:25:51.6296269-04:00","Action":"run","Package":"github.com/qompack/qompack/tools/devtool","Test":"TestIsCompositionRoot"}
{"Time":"2026-09-20T21:25:51.6296269-04:00","Action":"output","Package":"github.com/qompack/qompack/tools/devtool","Test":"TestIsCompositionRoot","Output":"=== RUN   TestIsCompositionRoot\n"}
{"Time":"2026-09-20T21:25:51.6296269-04:00","Action":"run","Package":"github.com/qompack/qompack/tools/devtool","Test":"TestIsCompositionRoot/exempt/no_imports_at_all"}
{"Time":"2026-09-20T21:25:51.6301679-04:00","Action":"output","Package":"github.com/qompack/qompack/tools/devtool","Test":"TestIsCompositionRoot/exempt/no_imports_at_all","Output":"=== RUN   TestIsCompositionRoot/exempt/no_imports_at_all\n"}
{"Time":"2026-09-20T21:25:51.6458759-04:00","Action":"output","Package":"github.com/qompack/qompack/tools/devtool","Test":"TestIsCompositionRoot/exempt/no_imports_at_all","Output":"--- PASS: TestIsCompositionRoot/exempt/no_imports_at_all (0.02s)\n"}
{"Time":"2026-09-20T21:25:51.6458759-04:00","Action":"pass","Package":"github.com/qompack/qompack/tools/devtool","Test":"TestIsCompositionRoot/exempt/no_imports_at_all","Elapsed":0.02}
{"Time":"2026-09-20T21:25:51.6458759-04:00","Action":"run","Package":"github.com/qompack/qompack/tools/devtool","Test":"TestIsCompositionRoot/exempt/dispatch_only,_the_cmd/qompack_shape"}
{"Time":"2026-09-20T21:25:51.6458759-04:00","Action":"output","Package":"github.com/qompack/qompack/tools/devtool","Test":"TestIsCompositionRoot/exempt/dispatch_only,_the_cmd/qompack_shape","Output":"=== RUN   TestIsCompositionRoot/exempt/dispatch_only,_the_cmd/qompack_shape\n"}
{"Time":"2026-09-20T21:25:51.6643958-04:00","Action":"output","Package":"github.com/qompack/qompack/tools/devtool","Test":"TestIsCompositionRoot/exempt/dispatch_only,_the_cmd/qompack_shape","Output":"--- PASS: TestIsCompositionRoot/exempt/dispatch_only,_the_cmd/qompack_shape (0.02s)\n"}
{"Time":"2026-09-20T21:25:51.6649977-04:00","Action":"pass","Package":"github.com/qompack/qompack/tools/devtool","Test":"TestIsCompositionRoot/exempt/dispatch_only,_the_cmd/qompack_shape","Elapsed":0.02}
{"Time":"2026-09-20T21:25:51.6649977-04:00","Action":"run","Package":"github.com/qompack/qompack/tools/devtool","Test":"TestIsCompositionRoot/not-exempt/empty,_nothing_to_skip"}
{"Time":"2026-09-20T21:25:51.6649977-04:00","Action":"output","Package":"github.com/qompack/qompack/tools/devtool","Test":"TestIsCompositionRoot/not-exempt/empty,_nothing_to_skip","Output":"=== RUN   TestIsCompositionRoot/not-exempt/empty,_nothing_to_skip\n"}
{"Time":"2026-09-20T21:25:51.6681172-04:00","Action":"output","Package":"github.com/qompack/qompack/tools/devtool","Test":"TestIsCompositionRoot/not-exempt/empty,_nothing_to_skip","Output":"--- PASS: TestIsCompositionRoot/not-exempt/empty,_nothing_to_skip (0.00s)\n"}
{"Time":"2026-09-20T21:25:51.6686738-04:00","Action":"pass","Package":"github.com/qompack/qompack/tools/devtool","Test":"TestIsCompositionRoot/not-exempt/empty,_nothing_to_skip","Elapsed":0}
{"Time":"2026-09-20T21:25:51.6686738-04:00","Action":"run","Package":"github.com/qompack/qompack/tools/devtool","Test":"TestIsCompositionRoot/not-exempt/a_method"}
{"Time":"2026-09-20T21:25:51.6686738-04:00","Action":"output","Package":"github.com/qompack/qompack/tools/devtool","Test":"TestIsCompositionRoot/not-exempt/a_method","Output":"=== RUN   TestIsCompositionRoot/not-exempt/a_method\n"}
{"Time":"2026-09-20T21:25:51.6878759-04:00","Action":"output","Package":"github.com/qompack/qompack/tools/devtool","Test":"TestIsCompositionRoot/not-exempt/a_method","Output":"--- PASS: TestIsCompositionRoot/not-exempt/a_method (0.02s)\n"}
{"Time":"2026-09-20T21:25:51.6878759-04:00","Action":"pass","Package":"github.com/qompack/qompack/tools/devtool","Test":"TestIsCompositionRoot/not-exempt/a_method","Elapsed":0.02}
{"Time":"2026-09-20T21:25:51.6878759-04:00","Action":"run","Package":"github.com/qompack/qompack/tools/devtool","Test":"TestIsCompositionRoot/not-exempt/a_package-level_var"}
{"Time":"2026-09-20T21:25:51.6878759-04:00","Action":"output","Package":"github.com/qompack/qompack/tools/devtool","Test":"TestIsCompositionRoot/not-exempt/a_package-level_var","Output":"=== RUN   TestIsCompositionRoot/not-exempt/a_package-level_var\n"}
{"Time":"2026-09-20T21:25:51.7264678-04:00","Action":"output","Package":"github.com/qompack/qompack/tools/devtool","Test":"TestIsCompositionRoot/not-exempt/a_package-level_var","Output":"--- PASS: TestIsCompositionRoot/not-exempt/a_package-level_var (0.04s)\n"}
{"Time":"2026-09-20T21:25:51.7264678-04:00","Action":"pass","Package":"github.com/qompack/qompack/tools/devtool","Test":"TestIsCompositionRoot/not-exempt/a_package-level_var","Elapsed":0.04}
{"Time":"2026-09-20T21:25:51.7264678-04:00","Action":"run","Package":"github.com/qompack/qompack/tools/devtool","Test":"TestIsCompositionRoot/not-exempt/a_package-level_const"}
{"Time":"2026-09-20T21:25:51.7264678-04:00","Action":"output","Package":"github.com/qompack/qompack/tools/devtool","Test":"TestIsCompositionRoot/not-exempt/a_package-level_const","Output":"=== RUN   TestIsCompositionRoot/not-exempt/a_package-level_const\n"}
{"Time":"2026-09-20T21:25:51.7328186-04:00","Action":"output","Package":"github.com/qompack/qompack/tools/devtool","Test":"TestIsCompositionRoot/not-exempt/a_package-level_const","Output":"--- PASS: TestIsCompositionRoot/not-exempt/a_package-level_const (0.01s)\n"}
{"Time":"2026-09-20T21:25:51.7328186-04:00","Action":"pass","Package":"github.com/qompack/qompack/tools/devtool","Test":"TestIsCompositionRoot/not-exempt/a_package-level_const","Elapsed":0.01}
{"Time":"2026-09-20T21:25:51.7328186-04:00","Action":"run","Package":"github.com/qompack/qompack/tools/devtool","Test":"TestIsCompositionRoot/not-exempt/a_second_function"}
{"Time":"2026-09-20T21:25:51.7328186-04:00","Action":"output","Package":"github.com/qompack/qompack/tools/devtool","Test":"TestIsCompositionRoot/not-exempt/a_second_function","Output":"=== RUN   TestIsCompositionRoot/not-exempt/a_second_function\n"}
{"Time":"2026-09-20T21:25:51.7520925-04:00","Action":"output","Package":"github.com/qompack/qompack/tools/devtool","Test":"TestIsCompositionRoot/not-exempt/a_second_function","Output":"--- PASS: TestIsCompositionRoot/not-exempt/a_second_function (0.02s)\n"}
{"Time":"2026-09-20T21:25:51.7520925-04:00","Action":"pass","Package":"github.com/qompack/qompack/tools/devtool","Test":"TestIsCompositionRoot/not-exempt/a_second_function","Elapsed":0.02}
{"Time":"2026-09-20T21:25:51.7520925-04:00","Action":"run","Package":"github.com/qompack/qompack/tools/devtool","Test":"TestIsCompositionRoot/not-exempt/a_type_declaration"}
{"Time":"2026-09-20T21:25:51.7520925-04:00","Action":"output","Package":"github.com/qompack/qompack/tools/devtool","Test":"TestIsCompositionRoot/not-exempt/a_type_declaration","Output":"=== RUN   TestIsCompositionRoot/not-exempt/a_type_declaration\n"}
{"Time":"2026-09-20T21:25:51.7728254-04:00","Action":"output","Package":"github.com/qompack/qompack/tools/devtool","Test":"TestIsCompositionRoot/not-exempt/a_type_declaration","Output":"--- PASS: TestIsCompositionRoot/not-exempt/a_type_declaration (0.02s)\n"}
{"Time":"2026-09-20T21:25:51.7728254-04:00","Action":"pass","Package":"github.com/qompack/qompack/tools/devtool","Test":"TestIsCompositionRoot/not-exempt/a_type_declaration","Elapsed":0.02}
{"Time":"2026-09-20T21:25:51.7728254-04:00","Action":"run","Package":"github.com/qompack/qompack/tools/devtool","Test":"TestIsCompositionRoot/not-exempt/not_package_main"}
{"Time":"2026-09-20T21:25:51.7728254-04:00","Action":"output","Package":"github.com/qompack/qompack/tools/devtool","Test":"TestIsCompositionRoot/not-exempt/not_package_main","Output":"=== RUN   TestIsCompositionRoot/not-exempt/not_package_main\n"}
{"Time":"2026-09-20T21:25:51.7956726-04:00","Action":"output","Package":"github.com/qompack/qompack/tools/devtool","Test":"TestIsCompositionRoot/not-exempt/not_package_main","Output":"--- PASS: TestIsCompositionRoot/not-exempt/not_package_main (0.02s)\n"}
{"Time":"2026-09-20T21:25:51.7956726-04:00","Action":"pass","Package":"github.com/qompack/qompack/tools/devtool","Test":"TestIsCompositionRoot/not-exempt/not_package_main","Elapsed":0.02}
{"Time":"2026-09-20T21:25:51.7956726-04:00","Action":"run","Package":"github.com/qompack/qompack/tools/devtool","Test":"TestIsCompositionRoot/not-exempt/no_func_main"}
{"Time":"2026-09-20T21:25:51.7956726-04:00","Action":"output","Package":"github.com/qompack/qompack/tools/devtool","Test":"TestIsCompositionRoot/not-exempt/no_func_main","Output":"=== RUN   TestIsCompositionRoot/not-exempt/no_func_main\n"}
{"Time":"2026-09-20T21:25:51.8140676-04:00","Action":"output","Package":"github.com/qompack/qompack/tools/devtool","Test":"TestIsCompositionRoot/not-exempt/no_func_main","Output":"--- PASS: TestIsCompositionRoot/not-exempt/no_func_main (0.02s)\n"}
{"Time":"2026-09-20T21:25:51.8140676-04:00","Action":"pass","Package":"github.com/qompack/qompack/tools/devtool","Test":"TestIsCompositionRoot/not-exempt/no_func_main","Elapsed":0.02}
{"Time":"2026-09-20T21:25:51.8140676-04:00","Action":"run","Package":"github.com/qompack/qompack/tools/devtool","Test":"TestIsCompositionRoot/not-exempt/does_not_parse_as_Go"}
{"Time":"2026-09-20T21:25:51.8140676-04:00","Action":"output","Package":"github.com/qompack/qompack/tools/devtool","Test":"TestIsCompositionRoot/not-exempt/does_not_parse_as_Go","Output":"=== RUN   TestIsCompositionRoot/not-exempt/does_not_parse_as_Go\n"}
{"Time":"2026-09-20T21:25:51.8215093-04:00","Action":"output","Package":"github.com/qompack/qompack/tools/devtool","Test":"TestIsCompositionRoot/not-exempt/does_not_parse_as_Go","Output":"--- PASS: TestIsCompositionRoot/not-exempt/does_not_parse_as_Go (0.01s)\n"}
{"Time":"2026-09-20T21:25:51.8215093-04:00","Action":"pass","Package":"github.com/qompack/qompack/tools/devtool","Test":"TestIsCompositionRoot/not-exempt/does_not_parse_as_Go","Elapsed":0.01}
{"Time":"2026-09-20T21:25:51.8215093-04:00","Action":"run","Package":"github.com/qompack/qompack/tools/devtool","Test":"TestIsCompositionRoot/not-exempt/second_file_adds_a_declaration"}
{"Time":"2026-09-20T21:25:51.8215093-04:00","Action":"output","Package":"github.com/qompack/qompack/tools/devtool","Test":"TestIsCompositionRoot/not-exempt/second_file_adds_a_declaration","Output":"=== RUN   TestIsCompositionRoot/not-exempt/second_file_adds_a_declaration\n"}
{"Time":"2026-09-20T21:25:51.8293755-04:00","Action":"output","Package":"github.com/qompack/qompack/tools/devtool","Test":"TestIsCompositionRoot/not-exempt/second_file_adds_a_declaration","Output":"--- PASS: TestIsCompositionRoot/not-exempt/second_file_adds_a_declaration (0.01s)\n"}
{"Time":"2026-09-20T21:25:51.8293755-04:00","Action":"pass","Package":"github.com/qompack/qompack/tools/devtool","Test":"TestIsCompositionRoot/not-exempt/second_file_adds_a_declaration","Elapsed":0.01}
{"Time":"2026-09-20T21:25:51.8293755-04:00","Action":"run","Package":"github.com/qompack/qompack/tools/devtool","Test":"TestIsCompositionRoot/exempt/test_files_are_ignored"}
{"Time":"2026-09-20T21:25:51.8293755-04:00","Action":"output","Package":"github.com/qompack/qompack/tools/devtool","Test":"TestIsCompositionRoot/exempt/test_files_are_ignored","Output":"=== RUN   TestIsCompositionRoot/exempt/test_files_are_ignored\n"}
{"Time":"2026-09-20T21:25:51.8360625-04:00","Action":"output","Package":"github.com/qompack/qompack/tools/devtool","Test":"TestIsCompositionRoot/exempt/test_files_are_ignored","Output":"--- PASS: TestIsCompositionRoot/exempt/test_files_are_ignored (0.01s)\n"}
{"Time":"2026-09-20T21:25:51.8360625-04:00","Action":"pass","Package":"github.com/qompack/qompack/tools/devtool","Test":"TestIsCompositionRoot/exempt/test_files_are_ignored","Elapsed":0.01}
{"Time":"2026-09-20T21:25:51.8360625-04:00","Action":"run","Package":"github.com/qompack/qompack/tools/devtool","Test":"TestIsCompositionRoot/not-exempt/unreadable_directory"}
{"Time":"2026-09-20T21:25:51.8360625-04:00","Action":"output","Package":"github.com/qompack/qompack/tools/devtool","Test":"TestIsCompositionRoot/not-exempt/unreadable_directory","Output":"=== RUN   TestIsCompositionRoot/not-exempt/unreadable_directory\n"}
{"Time":"2026-09-20T21:25:51.8382535-04:00","Action":"output","Package":"github.com/qompack/qompack/tools/devtool","Test":"TestIsCompositionRoot/not-exempt/unreadable_directory","Output":"--- PASS: TestIsCompositionRoot/not-exempt/unreadable_directory (0.00s)\n"}
{"Time":"2026-09-20T21:25:51.8382535-04:00","Action":"pass","Package":"github.com/qompack/qompack/tools/devtool","Test":"TestIsCompositionRoot/not-exempt/unreadable_directory","Elapsed":0}
{"Time":"2026-09-20T21:25:51.8382535-04:00","Action":"output","Package":"github.com/qompack/qompack/tools/devtool","Test":"TestIsCompositionRoot","Output":"--- PASS: TestIsCompositionRoot (0.21s)\n"}
{"Time":"2026-09-20T21:25:51.8382535-04:00","Action":"pass","Package":"github.com/qompack/qompack/tools/devtool","Test":"TestIsCompositionRoot","Elapsed":0.21}
{"Time":"2026-09-20T21:25:51.8382535-04:00","Action":"run","Package":"github.com/qompack/qompack/tools/devtool","Test":"TestFloorApplies"}
{"Time":"2026-09-20T21:25:51.8382535-04:00","Action":"output","Package":"github.com/qompack/qompack/tools/devtool","Test":"TestFloorApplies","Output":"=== RUN   TestFloorApplies\n"}
{"Time":"2026-09-20T21:25:51.8388064-04:00","Action":"run","Package":"github.com/qompack/qompack/tools/devtool","Test":"TestFloorApplies/absent_package_is_not_yet_present"}
{"Time":"2026-09-20T21:25:51.8388064-04:00","Action":"output","Package":"github.com/qompack/qompack/tools/devtool","Test":"TestFloorApplies/absent_package_is_not_yet_present","Output":"=== RUN   TestFloorApplies/absent_package_is_not_yet_present\n"}
{"Time":"2026-09-20T21:25:51.8399071-04:00","Action":"output","Package":"github.com/qompack/qompack/tools/devtool","Test":"TestFloorApplies/absent_package_is_not_yet_present","Output":"--- PASS: TestFloorApplies/absent_package_is_not_yet_present (0.00s)\n"}
{"Time":"2026-09-20T21:25:51.8399071-04:00","Action":"pass","Package":"github.com/qompack/qompack/tools/devtool","Test":"TestFloorApplies/absent_package_is_not_yet_present","Elapsed":0}
{"Time":"2026-09-20T21:25:51.8404396-04:00","Action":"run","Package":"github.com/qompack/qompack/tools/devtool","Test":"TestFloorApplies/composition_root_is_exempt"}
{"Time":"2026-09-20T21:25:51.8404396-04:00","Action":"output","Package":"github.com/qompack/qompack/tools/devtool","Test":"TestFloorApplies/composition_root_is_exempt","Output":"=== RUN   TestFloorApplies/composition_root_is_exempt\n"}
{"Time":"2026-09-20T21:25:51.846032-04:00","Action":"output","Package":"github.com/qompack/qompack/tools/devtool","Test":"TestFloorApplies/composition_root_is_exempt","Output":"--- PASS: TestFloorApplies/composition_root_is_exempt (0.01s)\n"}
{"Time":"2026-09-20T21:25:51.846032-04:00","Action":"pass","Package":"github.com/qompack/qompack/tools/devtool","Test":"TestFloorApplies/composition_root_is_exempt","Elapsed":0.01}
{"Time":"2026-09-20T21:25:51.846032-04:00","Action":"run","Package":"github.com/qompack/qompack/tools/devtool","Test":"TestFloorApplies/an_unlanded_owner_is_exempt_and_the_log_names_it"}
{"Time":"2026-09-20T21:25:51.846032-04:00","Action":"output","Package":"github.com/qompack/qompack/tools/devtool","Test":"TestFloorApplies/an_unlanded_owner_is_exempt_and_the_log_names_it","Output":"=== RUN   TestFloorApplies/an_unlanded_owner_is_exempt_and_the_log_names_it\n"}
{"Time":"2026-09-20T21:25:51.8658213-04:00","Action":"output","Package":"github.com/qompack/qompack/tools/devtool","Test":"TestFloorApplies/an_unlanded_owner_is_exempt_and_the_log_names_it","Output":"--- PASS: TestFloorApplies/an_unlanded_owner_is_exempt_and_the_log_names_it (0.02s)\n"}
{"Time":"2026-09-20T21:25:51.8658213-04:00","Action":"pass","Package":"github.com/qompack/qompack/tools/devtool","Test":"TestFloorApplies/an_unlanded_owner_is_exempt_and_the_log_names_it","Elapsed":0.02}
{"Time":"2026-09-20T21:25:51.8665763-04:00","Action":"run","Package":"github.com/qompack/qompack/tools/devtool","Test":"TestFloorApplies/a_landed_owner_is_on_the_floor"}
{"Time":"2026-09-20T21:25:51.8665763-04:00","Action":"output","Package":"github.com/qompack/qompack/tools/devtool","Test":"TestFloorApplies/a_landed_owner_is_on_the_floor","Output":"=== RUN   TestFloorApplies/a_landed_owner_is_on_the_floor\n"}
{"Time":"2026-09-20T21:25:51.8847153-04:00","Action":"output","Package":"github.com/qompack/qompack/tools/devtool","Test":"TestFloorApplies/a_landed_owner_is_on_the_floor","Output":"--- PASS: TestFloorApplies/a_landed_owner_is_on_the_floor (0.02s)\n"}
{"Time":"2026-09-20T21:25:51.8847153-04:00","Action":"pass","Package":"github.com/qompack/qompack/tools/devtool","Test":"TestFloorApplies/a_landed_owner_is_on_the_floor","Elapsed":0.02}
{"Time":"2026-09-20T21:25:51.8853675-04:00","Action":"output","Package":"github.com/qompack/qompack/tools/devtool","Test":"TestFloorApplies","Output":"--- PASS: TestFloorApplies (0.05s)\n"}
{"Time":"2026-09-20T21:25:51.8853675-04:00","Action":"pass","Package":"github.com/qompack/qompack/tools/devtool","Test":"TestFloorApplies","Elapsed":0.05}
{"Time":"2026-09-20T21:25:51.8853675-04:00","Action":"run","Package":"github.com/qompack/qompack/tools/devtool","Test":"TestLandedSubplansMatchesTheBranch"}
{"Time":"2026-09-20T21:25:51.8853675-04:00","Action":"output","Package":"github.com/qompack/qompack/tools/devtool","Test":"TestLandedSubplansMatchesTheBranch","Output":"=== RUN   TestLandedSubplansMatchesTheBranch\n"}
{"Time":"2026-09-20T21:25:51.9653674-04:00","Action":"output","Package":"github.com/qompack/qompack/tools/devtool","Test":"TestLandedSubplansMatchesTheBranch","Output":"--- PASS: TestLandedSubplansMatchesTheBranch (0.08s)\n"}
{"Time":"2026-09-20T21:25:51.9659835-04:00","Action":"pass","Package":"github.com/qompack/qompack/tools/devtool","Test":"TestLandedSubplansMatchesTheBranch","Elapsed":0.08}
{"Time":"2026-09-20T21:25:51.9659835-04:00","Action":"run","Package":"github.com/qompack/qompack/tools/devtool","Test":"TestIsBareNotImplementedStub_WrappedError"}
{"Time":"2026-09-20T21:25:51.9659835-04:00","Action":"output","Package":"github.com/qompack/qompack/tools/devtool","Test":"TestIsBareNotImplementedStub_WrappedError","Output":"=== RUN   TestIsBareNotImplementedStub_WrappedError\n"}
{"Time":"2026-09-20T21:25:51.9730391-04:00","Action":"output","Package":"github.com/qompack/qompack/tools/devtool","Test":"TestIsBareNotImplementedStub_WrappedError","Output":"--- PASS: TestIsBareNotImplementedStub_WrappedError (0.01s)\n"}
{"Time":"2026-09-20T21:25:51.9735942-04:00","Action":"pass","Package":"github.com/qompack/qompack/tools/devtool","Test":"TestIsBareNotImplementedStub_WrappedError","Elapsed":0.01}
{"Time":"2026-09-20T21:25:51.9735942-04:00","Action":"run","Package":"github.com/qompack/qompack/tools/devtool","Test":"TestParsePlanCoverageFloors_ProseChecklistItem"}
{"Time":"2026-09-20T21:25:51.9735942-04:00","Action":"output","Package":"github.com/qompack/qompack/tools/devtool","Test":"TestParsePlanCoverageFloors_ProseChecklistItem","Output":"=== RUN   TestParsePlanCoverageFloors_ProseChecklistItem\n"}
{"Time":"2026-09-20T21:25:51.9735942-04:00","Action":"output","Package":"github.com/qompack/qompack/tools/devtool","Test":"TestParsePlanCoverageFloors_ProseChecklistItem","Output":"--- PASS: TestParsePlanCoverageFloors_ProseChecklistItem (0.00s)\n"}
{"Time":"2026-09-20T21:25:51.9735942-04:00","Action":"pass","Package":"github.com/qompack/qompack/tools/devtool","Test":"TestParsePlanCoverageFloors_ProseChecklistItem","Elapsed":0}
{"Time":"2026-09-20T21:25:51.9735942-04:00","Action":"run","Package":"github.com/qompack/qompack/tools/devtool","Test":"TestParsePlanCoverageFloors_TwoPackagesOnOneLine"}
{"Time":"2026-09-20T21:25:51.9735942-04:00","Action":"output","Package":"github.com/qompack/qompack/tools/devtool","Test":"TestParsePlanCoverageFloors_TwoPackagesOnOneLine","Output":"=== RUN   TestParsePlanCoverageFloors_TwoPackagesOnOneLine\n"}
{"Time":"2026-09-20T21:25:51.9735942-04:00","Action":"output","Package":"github.com/qompack/qompack/tools/devtool","Test":"TestParsePlanCoverageFloors_TwoPackagesOnOneLine","Output":"--- PASS: TestParsePlanCoverageFloors_TwoPackagesOnOneLine (0.00s)\n"}
{"Time":"2026-09-20T21:25:51.9735942-04:00","Action":"pass","Package":"github.com/qompack/qompack/tools/devtool","Test":"TestParsePlanCoverageFloors_TwoPackagesOnOneLine","Elapsed":0}
{"Time":"2026-09-20T21:25:51.9735942-04:00","Action":"run","Package":"github.com/qompack/qompack/tools/devtool","Test":"TestParsePlanCoverageFloors_CommaSeparatedRunSharesOneFloor"}
{"Time":"2026-09-20T21:25:51.9735942-04:00","Action":"output","Package":"github.com/qompack/qompack/tools/devtool","Test":"TestParsePlanCoverageFloors_CommaSeparatedRunSharesOneFloor","Output":"=== RUN   TestParsePlanCoverageFloors_CommaSeparatedRunSharesOneFloor\n"}
{"Time":"2026-09-20T21:25:51.9735942-04:00","Action":"output","Package":"github.com/qompack/qompack/tools/devtool","Test":"TestParsePlanCoverageFloors_CommaSeparatedRunSharesOneFloor","Output":"--- PASS: TestParsePlanCoverageFloors_CommaSeparatedRunSharesOneFloor (0.00s)\n"}
{"Time":"2026-09-20T21:25:51.9735942-04:00","Action":"pass","Package":"github.com/qompack/qompack/tools/devtool","Test":"TestParsePlanCoverageFloors_CommaSeparatedRunSharesOneFloor","Elapsed":0}
{"Time":"2026-09-20T21:25:51.9735942-04:00","Action":"run","Package":"github.com/qompack/qompack/tools/devtool","Test":"TestParsePlanCoverageFloors_ReadsTheArchitectureGroupTable"}
{"Time":"2026-09-20T21:25:51.9738962-04:00","Action":"output","Package":"github.com/qompack/qompack/tools/devtool","Test":"TestParsePlanCoverageFloors_ReadsTheArchitectureGroupTable","Output":"=== RUN   TestParsePlanCoverageFloors_ReadsTheArchitectureGroupTable\n"}
{"Time":"2026-09-20T21:25:51.9738962-04:00","Action":"output","Package":"github.com/qompack/qompack/tools/devtool","Test":"TestParsePlanCoverageFloors_ReadsTheArchitectureGroupTable","Output":"--- PASS: TestParsePlanCoverageFloors_ReadsTheArchitectureGroupTable (0.00s)\n"}
{"Time":"2026-09-20T21:25:51.9738962-04:00","Action":"pass","Package":"github.com/qompack/qompack/tools/devtool","Test":"TestParsePlanCoverageFloors_ReadsTheArchitectureGroupTable","Elapsed":0}
{"Time":"2026-09-20T21:25:51.9738962-04:00","Action":"run","Package":"github.com/qompack/qompack/tools/devtool","Test":"TestParsePlanCoverageFloors_IgnoresRowsThatAreNotFloors"}
{"Time":"2026-09-20T21:25:51.9738962-04:00","Action":"output","Package":"github.com/qompack/qompack/tools/devtool","Test":"TestParsePlanCoverageFloors_IgnoresRowsThatAreNotFloors","Output":"=== RUN   TestParsePlanCoverageFloors_IgnoresRowsThatAreNotFloors\n"}
{"Time":"2026-09-20T21:25:51.9738962-04:00","Action":"output","Package":"github.com/qompack/qompack/tools/devtool","Test":"TestParsePlanCoverageFloors_IgnoresRowsThatAreNotFloors","Output":"--- PASS: TestParsePlanCoverageFloors_IgnoresRowsThatAreNotFloors (0.00s)\n"}
{"Time":"2026-09-20T21:25:51.9738962-04:00","Action":"pass","Package":"github.com/qompack/qompack/tools/devtool","Test":"TestParsePlanCoverageFloors_IgnoresRowsThatAreNotFloors","Elapsed":0}
{"Time":"2026-09-20T21:25:51.9738962-04:00","Action":"run","Package":"github.com/qompack/qompack/tools/devtool","Test":"TestCoverageFloorProblems_CatchesThePinsDivergence"}
{"Time":"2026-09-20T21:25:51.9738962-04:00","Action":"output","Package":"github.com/qompack/qompack/tools/devtool","Test":"TestCoverageFloorProblems_CatchesThePinsDivergence","Output":"=== RUN   TestCoverageFloorProblems_CatchesThePinsDivergence\n"}
{"Time":"2026-09-20T21:25:51.9738962-04:00","Action":"output","Package":"github.com/qompack/qompack/tools/devtool","Test":"TestCoverageFloorProblems_CatchesThePinsDivergence","Output":"--- PASS: TestCoverageFloorProblems_CatchesThePinsDivergence (0.00s)\n"}
{"Time":"2026-09-20T21:25:51.9738962-04:00","Action":"pass","Package":"github.com/qompack/qompack/tools/devtool","Test":"TestCoverageFloorProblems_CatchesThePinsDivergence","Elapsed":0}
{"Time":"2026-09-20T21:25:51.9738962-04:00","Action":"run","Package":"github.com/qompack/qompack/tools/devtool","Test":"TestCoverageFloorProblems_UnknownPackageIsItsOwnFailure"}
{"Time":"2026-09-20T21:25:51.9738962-04:00","Action":"output","Package":"github.com/qompack/qompack/tools/devtool","Test":"TestCoverageFloorProblems_UnknownPackageIsItsOwnFailure","Output":"=== RUN   TestCoverageFloorProblems_UnknownPackageIsItsOwnFailure\n"}
{"Time":"2026-09-20T21:25:51.9738962-04:00","Action":"output","Package":"github.com/qompack/qompack/tools/devtool","Test":"TestCoverageFloorProblems_UnknownPackageIsItsOwnFailure","Output":"--- PASS: TestCoverageFloorProblems_UnknownPackageIsItsOwnFailure (0.00s)\n"}
{"Time":"2026-09-20T21:25:51.9738962-04:00","Action":"pass","Package":"github.com/qompack/qompack/tools/devtool","Test":"TestCoverageFloorProblems_UnknownPackageIsItsOwnFailure","Elapsed":0}
{"Time":"2026-09-20T21:25:51.9738962-04:00","Action":"run","Package":"github.com/qompack/qompack/tools/devtool","Test":"TestCoverageFloorProblems_AgreementIsSilent"}
{"Time":"2026-09-20T21:25:51.9738962-04:00","Action":"output","Package":"github.com/qompack/qompack/tools/devtool","Test":"TestCoverageFloorProblems_AgreementIsSilent","Output":"=== RUN   TestCoverageFloorProblems_AgreementIsSilent\n"}
{"Time":"2026-09-20T21:25:51.9738962-04:00","Action":"output","Package":"github.com/qompack/qompack/tools/devtool","Test":"TestCoverageFloorProblems_AgreementIsSilent","Output":"--- PASS: TestCoverageFloorProblems_AgreementIsSilent (0.00s)\n"}
{"Time":"2026-09-20T21:25:51.9738962-04:00","Action":"pass","Package":"github.com/qompack/qompack/tools/devtool","Test":"TestCoverageFloorProblems_AgreementIsSilent","Elapsed":0}
{"Time":"2026-09-20T21:25:51.9738962-04:00","Action":"run","Package":"github.com/qompack/qompack/tools/devtool","Test":"TestFmtTargets_SkipsTheAgentWorktrees"}
{"Time":"2026-09-20T21:25:51.9738962-04:00","Action":"output","Package":"github.com/qompack/qompack/tools/devtool","Test":"TestFmtTargets_SkipsTheAgentWorktrees","Output":"=== RUN   TestFmtTargets_SkipsTheAgentWorktrees\n"}
{"Time":"2026-09-20T21:25:51.9993449-04:00","Action":"output","Package":"github.com/qompack/qompack/tools/devtool","Test":"TestFmtTargets_SkipsTheAgentWorktrees","Output":"--- PASS: TestFmtTargets_SkipsTheAgentWorktrees (0.03s)\n"}
{"Time":"2026-09-20T21:25:51.9993449-04:00","Action":"pass","Package":"github.com/qompack/qompack/tools/devtool","Test":"TestFmtTargets_SkipsTheAgentWorktrees","Elapsed":0.03}
{"Time":"2026-09-20T21:25:51.9993449-04:00","Action":"run","Package":"github.com/qompack/qompack/tools/devtool","Test":"TestFmtTargets_CoversANewTopLevelDirectory"}
{"Time":"2026-09-20T21:25:51.9993449-04:00","Action":"output","Package":"github.com/qompack/qompack/tools/devtool","Test":"TestFmtTargets_CoversANewTopLevelDirectory","Output":"=== RUN   TestFmtTargets_CoversANewTopLevelDirectory\n"}
{"Time":"2026-09-20T21:25:52.0186498-04:00","Action":"output","Package":"github.com/qompack/qompack/tools/devtool","Test":"TestFmtTargets_CoversANewTopLevelDirectory","Output":"--- PASS: TestFmtTargets_CoversANewTopLevelDirectory (0.02s)\n"}
{"Time":"2026-09-20T21:25:52.0191966-04:00","Action":"pass","Package":"github.com/qompack/qompack/tools/devtool","Test":"TestFmtTargets_CoversANewTopLevelDirectory","Elapsed":0.02}
{"Time":"2026-09-20T21:25:52.0191966-04:00","Action":"run","Package":"github.com/qompack/qompack/tools/devtool","Test":"TestFmtTargets_EmptyRootIsAnError"}
{"Time":"2026-09-20T21:25:52.0191966-04:00","Action":"output","Package":"github.com/qompack/qompack/tools/devtool","Test":"TestFmtTargets_EmptyRootIsAnError","Output":"=== RUN   TestFmtTargets_EmptyRootIsAnError\n"}
{"Time":"2026-09-20T21:25:52.0215635-04:00","Action":"output","Package":"github.com/qompack/qompack/tools/devtool","Test":"TestFmtTargets_EmptyRootIsAnError","Output":"--- PASS: TestFmtTargets_EmptyRootIsAnError (0.00s)\n"}
{"Time":"2026-09-20T21:25:52.0215635-04:00","Action":"pass","Package":"github.com/qompack/qompack/tools/devtool","Test":"TestFmtTargets_EmptyRootIsAnError","Elapsed":0}
{"Time":"2026-09-20T21:25:52.0215635-04:00","Action":"run","Package":"github.com/qompack/qompack/tools/devtool","Test":"TestGenCommandDocs_RendersEverySection75Command"}
{"Time":"2026-09-20T21:25:52.0215635-04:00","Action":"output","Package":"github.com/qompack/qompack/tools/devtool","Test":"TestGenCommandDocs_RendersEverySection75Command","Output":"=== RUN   TestGenCommandDocs_RendersEverySection75Command\n"}
{"Time":"2026-09-20T21:25:52.0215635-04:00","Action":"output","Package":"github.com/qompack/qompack/tools/devtool","Test":"TestGenCommandDocs_RendersEverySection75Command","Output":"--- PASS: TestGenCommandDocs_RendersEverySection75Command (0.00s)\n"}
{"Time":"2026-09-20T21:25:52.0215635-04:00","Action":"pass","Package":"github.com/qompack/qompack/tools/devtool","Test":"TestGenCommandDocs_RendersEverySection75Command","Elapsed":0}
{"Time":"2026-09-20T21:25:52.022105-04:00","Action":"run","Package":"github.com/qompack/qompack/tools/devtool","Test":"TestGenCommandDocs_MatchesTheInstalledHelp"}
{"Time":"2026-09-20T21:25:52.022105-04:00","Action":"output","Package":"github.com/qompack/qompack/tools/devtool","Test":"TestGenCommandDocs_MatchesTheInstalledHelp","Output":"=== RUN   TestGenCommandDocs_MatchesTheInstalledHelp\n"}
{"Time":"2026-09-20T21:25:52.022105-04:00","Action":"output","Package":"github.com/qompack/qompack/tools/devtool","Test":"TestGenCommandDocs_MatchesTheInstalledHelp","Output":"--- PASS: TestGenCommandDocs_MatchesTheInstalledHelp (0.00s)\n"}
{"Time":"2026-09-20T21:25:52.022105-04:00","Action":"pass","Package":"github.com/qompack/qompack/tools/devtool","Test":"TestGenCommandDocs_MatchesTheInstalledHelp","Elapsed":0}
{"Time":"2026-09-20T21:25:52.022105-04:00","Action":"run","Package":"github.com/qompack/qompack/tools/devtool","Test":"TestGenCommandDocs_DoesNotAdvertiseAnUnroutedCommand"}
{"Time":"2026-09-20T21:25:52.022105-04:00","Action":"output","Package":"github.com/qompack/qompack/tools/devtool","Test":"TestGenCommandDocs_DoesNotAdvertiseAnUnroutedCommand","Output":"=== RUN   TestGenCommandDocs_DoesNotAdvertiseAnUnroutedCommand\n"}
{"Time":"2026-09-20T21:25:52.022105-04:00","Action":"output","Package":"github.com/qompack/qompack/tools/devtool","Test":"TestGenCommandDocs_DoesNotAdvertiseAnUnroutedCommand","Output":"--- PASS: TestGenCommandDocs_DoesNotAdvertiseAnUnroutedCommand (0.00s)\n"}
{"Time":"2026-09-20T21:25:52.022105-04:00","Action":"pass","Package":"github.com/qompack/qompack/tools/devtool","Test":"TestGenCommandDocs_DoesNotAdvertiseAnUnroutedCommand","Elapsed":0}
{"Time":"2026-09-20T21:25:52.022105-04:00","Action":"run","Package":"github.com/qompack/qompack/tools/devtool","Test":"TestGenCommandDocs_CommittedPageIsCurrent"}
{"Time":"2026-09-20T21:25:52.022105-04:00","Action":"output","Package":"github.com/qompack/qompack/tools/devtool","Test":"TestGenCommandDocs_CommittedPageIsCurrent","Output":"=== RUN   TestGenCommandDocs_CommittedPageIsCurrent\n"}
{"Time":"2026-09-20T21:25:52.022648-04:00","Action":"output","Package":"github.com/qompack/qompack/tools/devtool","Test":"TestGenCommandDocs_CommittedPageIsCurrent","Output":"--- PASS: TestGenCommandDocs_CommittedPageIsCurrent (0.00s)\n"}
{"Time":"2026-09-20T21:25:52.0231761-04:00","Action":"pass","Package":"github.com/qompack/qompack/tools/devtool","Test":"TestGenCommandDocs_CommittedPageIsCurrent","Elapsed":0}
{"Time":"2026-09-20T21:25:52.0231761-04:00","Action":"run","Package":"github.com/qompack/qompack/tools/devtool","Test":"TestGenCommandDocs_RejectsAMismatchedManifest"}
{"Time":"2026-09-20T21:25:52.0231761-04:00","Action":"output","Package":"github.com/qompack/qompack/tools/devtool","Test":"TestGenCommandDocs_RejectsAMismatchedManifest","Output":"=== RUN   TestGenCommandDocs_RejectsAMismatchedManifest\n"}
{"Time":"2026-09-20T21:25:52.0231761-04:00","Action":"output","Package":"github.com/qompack/qompack/tools/devtool","Test":"TestGenCommandDocs_RejectsAMismatchedManifest","Output":"--- PASS: TestGenCommandDocs_RejectsAMismatchedManifest (0.00s)\n"}
{"Time":"2026-09-20T21:25:52.0231761-04:00","Action":"pass","Package":"github.com/qompack/qompack/tools/devtool","Test":"TestGenCommandDocs_RejectsAMismatchedManifest","Elapsed":0}
{"Time":"2026-09-20T21:25:52.0231761-04:00","Action":"run","Package":"github.com/qompack/qompack/tools/devtool","Test":"TestGenConfigDocs_LeavesMatchDefaultsOneToOne"}
{"Time":"2026-09-20T21:25:52.0231761-04:00","Action":"output","Package":"github.com/qompack/qompack/tools/devtool","Test":"TestGenConfigDocs_LeavesMatchDefaultsOneToOne","Output":"=== RUN   TestGenConfigDocs_LeavesMatchDefaultsOneToOne\n"}
{"Time":"2026-09-20T21:25:52.0561361-04:00","Action":"output","Package":"github.com/qompack/qompack/tools/devtool","Test":"TestGenConfigDocs_LeavesMatchDefaultsOneToOne","Output":"--- PASS: TestGenConfigDocs_LeavesMatchDefaultsOneToOne (0.03s)\n"}
{"Time":"2026-09-20T21:25:52.0561361-04:00","Action":"pass","Package":"github.com/qompack/qompack/tools/devtool","Test":"TestGenConfigDocs_LeavesMatchDefaultsOneToOne","Elapsed":0.03}
{"Time":"2026-09-20T21:25:52.0561361-04:00","Action":"run","Package":"github.com/qompack/qompack/tools/devtool","Test":"TestGenConfigDocs_GatedSwitchesRenderFromSource"}
{"Time":"2026-09-20T21:25:52.0561361-04:00","Action":"output","Package":"github.com/qompack/qompack/tools/devtool","Test":"TestGenConfigDocs_GatedSwitchesRenderFromSource","Output":"=== RUN   TestGenConfigDocs_GatedSwitchesRenderFromSource\n"}
{"Time":"2026-09-20T21:25:52.1540249-04:00","Action":"run","Package":"github.com/qompack/qompack/tools/devtool","Test":"TestGenConfigDocs_GatedSwitchesRenderFromSource/gated_switches"}
{"Time":"2026-09-20T21:25:52.1540249-04:00","Action":"output","Package":"github.com/qompack/qompack/tools/devtool","Test":"TestGenConfigDocs_GatedSwitchesRenderFromSource/gated_switches","Output":"=== RUN   TestGenConfigDocs_GatedSwitchesRenderFromSource/gated_switches\n"}
{"Time":"2026-09-20T21:25:52.1540249-04:00","Action":"output","Package":"github.com/qompack/qompack/tools/devtool","Test":"TestGenConfigDocs_GatedSwitchesRenderFromSource/gated_switches","Output":"--- PASS: TestGenConfigDocs_GatedSwitchesRenderFromSource/gated_switches (0.00s)\n"}
{"Time":"2026-09-20T21:25:52.1540249-04:00","Action":"pass","Package":"github.com/qompack/qompack/tools/devtool","Test":"TestGenConfigDocs_GatedSwitchesRenderFromSource/gated_switches","Elapsed":0}
{"Time":"2026-09-20T21:25:52.1540249-04:00","Action":"run","Package":"github.com/qompack/qompack/tools/devtool","Test":"TestGenConfigDocs_GatedSwitchesRenderFromSource/build_gates"}
{"Time":"2026-09-20T21:25:52.1540249-04:00","Action":"output","Package":"github.com/qompack/qompack/tools/devtool","Test":"TestGenConfigDocs_GatedSwitchesRenderFromSource/build_gates","Output":"=== RUN   TestGenConfigDocs_GatedSwitchesRenderFromSource/build_gates\n"}
{"Time":"2026-09-20T21:25:52.1540249-04:00","Action":"output","Package":"github.com/qompack/qompack/tools/devtool","Test":"TestGenConfigDocs_GatedSwitchesRenderFromSource/build_gates","Output":"--- PASS: TestGenConfigDocs_GatedSwitchesRenderFromSource/build_gates (0.00s)\n"}
{"Time":"2026-09-20T21:25:52.1540249-04:00","Action":"pass","Package":"github.com/qompack/qompack/tools/devtool","Test":"TestGenConfigDocs_GatedSwitchesRenderFromSource/build_gates","Elapsed":0}
{"Time":"2026-09-20T21:25:52.1540249-04:00","Action":"run","Package":"github.com/qompack/qompack/tools/devtool","Test":"TestGenConfigDocs_GatedSwitchesRenderFromSource/retired-meaning_keys"}
{"Time":"2026-09-20T21:25:52.1540249-04:00","Action":"output","Package":"github.com/qompack/qompack/tools/devtool","Test":"TestGenConfigDocs_GatedSwitchesRenderFromSource/retired-meaning_keys","Output":"=== RUN   TestGenConfigDocs_GatedSwitchesRenderFromSource/retired-meaning_keys\n"}
{"Time":"2026-09-20T21:25:52.1540249-04:00","Action":"output","Package":"github.com/qompack/qompack/tools/devtool","Test":"TestGenConfigDocs_GatedSwitchesRenderFromSource/retired-meaning_keys","Output":"--- PASS: TestGenConfigDocs_GatedSwitchesRenderFromSource/retired-meaning_keys (0.00s)\n"}
{"Time":"2026-09-20T21:25:52.1550221-04:00","Action":"pass","Package":"github.com/qompack/qompack/tools/devtool","Test":"TestGenConfigDocs_GatedSwitchesRenderFromSource/retired-meaning_keys","Elapsed":0}
{"Time":"2026-09-20T21:25:52.1550221-04:00","Action":"run","Package":"github.com/qompack/qompack/tools/devtool","Test":"TestGenConfigDocs_GatedSwitchesRenderFromSource/versioned_blocks"}
{"Time":"2026-09-20T21:25:52.1550221-04:00","Action":"output","Package":"github.com/qompack/qompack/tools/devtool","Test":"TestGenConfigDocs_GatedSwitchesRenderFromSource/versioned_blocks","Output":"=== RUN   TestGenConfigDocs_GatedSwitchesRenderFromSource/versioned_blocks\n"}
{"Time":"2026-09-20T21:25:52.1550221-04:00","Action":"output","Package":"github.com/qompack/qompack/tools/devtool","Test":"TestGenConfigDocs_GatedSwitchesRenderFromSource/versioned_blocks","Output":"--- PASS: TestGenConfigDocs_GatedSwitchesRenderFromSource/versioned_blocks (0.00s)\n"}
{"Time":"2026-09-20T21:25:52.1550221-04:00","Action":"pass","Package":"github.com/qompack/qompack/tools/devtool","Test":"TestGenConfigDocs_GatedSwitchesRenderFromSource/versioned_blocks","Elapsed":0}
{"Time":"2026-09-20T21:25:52.1550221-04:00","Action":"run","Package":"github.com/qompack/qompack/tools/devtool","Test":"TestGenConfigDocs_GatedSwitchesRenderFromSource/provenance_origins"}
{"Time":"2026-09-20T21:25:52.1550221-04:00","Action":"output","Package":"github.com/qompack/qompack/tools/devtool","Test":"TestGenConfigDocs_GatedSwitchesRenderFromSource/provenance_origins","Output":"=== RUN   TestGenConfigDocs_GatedSwitchesRenderFromSource/provenance_origins\n"}
{"Time":"2026-09-20T21:25:52.1550221-04:00","Action":"output","Package":"github.com/qompack/qompack/tools/devtool","Test":"TestGenConfigDocs_GatedSwitchesRenderFromSource/provenance_origins","Output":"--- PASS: TestGenConfigDocs_GatedSwitchesRenderFromSource/provenance_origins (0.00s)\n"}
{"Time":"2026-09-20T21:25:52.1550221-04:00","Action":"pass","Package":"github.com/qompack/qompack/tools/devtool","Test":"TestGenConfigDocs_GatedSwitchesRenderFromSource/provenance_origins","Elapsed":0}
{"Time":"2026-09-20T21:25:52.1550221-04:00","Action":"output","Package":"github.com/qompack/qompack/tools/devtool","Test":"TestGenConfigDocs_GatedSwitchesRenderFromSource","Output":"--- PASS: TestGenConfigDocs_GatedSwitchesRenderFromSource (0.10s)\n"}
{"Time":"2026-09-20T21:25:52.1550221-04:00","Action":"pass","Package":"github.com/qompack/qompack/tools/devtool","Test":"TestGenConfigDocs_GatedSwitchesRenderFromSource","Elapsed":0.1}
{"Time":"2026-09-20T21:25:52.1550221-04:00","Action":"run","Package":"github.com/qompack/qompack/tools/devtool","Test":"TestGenConfigDocs_CommittedPageIsCurrent"}
{"Time":"2026-09-20T21:25:52.1550221-04:00","Action":"output","Package":"github.com/qompack/qompack/tools/devtool","Test":"TestGenConfigDocs_CommittedPageIsCurrent","Output":"=== RUN   TestGenConfigDocs_CommittedPageIsCurrent\n"}
{"Time":"2026-09-20T21:25:52.186664-04:00","Action":"output","Package":"github.com/qompack/qompack/tools/devtool","Test":"TestGenConfigDocs_CommittedPageIsCurrent","Output":"--- PASS: TestGenConfigDocs_CommittedPageIsCurrent (0.03s)\n"}
{"Time":"2026-09-20T21:25:52.186664-04:00","Action":"pass","Package":"github.com/qompack/qompack/tools/devtool","Test":"TestGenConfigDocs_CommittedPageIsCurrent","Elapsed":0.03}
{"Time":"2026-09-20T21:25:52.186664-04:00","Action":"run","Package":"github.com/qompack/qompack/tools/devtool","Test":"TestGenConfigDocs_CheckDetectsMissingAndStale"}
{"Time":"2026-09-20T21:25:52.186664-04:00","Action":"output","Package":"github.com/qompack/qompack/tools/devtool","Test":"TestGenConfigDocs_CheckDetectsMissingAndStale","Output":"=== RUN   TestGenConfigDocs_CheckDetectsMissingAndStale\n"}
{"Time":"2026-09-20T21:25:52.2984133-04:00","Action":"output","Package":"github.com/qompack/qompack/tools/devtool","Test":"TestGenConfigDocs_CheckDetectsMissingAndStale","Output":"gen-config-docs: docs/config-reference.md is up to date\n"}
{"Time":"2026-09-20T21:25:52.3504955-04:00","Action":"output","Package":"github.com/qompack/qompack/tools/devtool","Test":"TestGenConfigDocs_CheckDetectsMissingAndStale","Output":"--- PASS: TestGenConfigDocs_CheckDetectsMissingAndStale (0.16s)\n"}
{"Time":"2026-09-20T21:25:52.3504955-04:00","Action":"pass","Package":"github.com/qompack/qompack/tools/devtool","Test":"TestGenConfigDocs_CheckDetectsMissingAndStale","Elapsed":0.16}
{"Time":"2026-09-20T21:25:52.3504955-04:00","Action":"run","Package":"github.com/qompack/qompack/tools/devtool","Test":"TestRenderManifest_ByteIdentical"}
{"Time":"2026-09-20T21:25:52.3510448-04:00","Action":"output","Package":"github.com/qompack/qompack/tools/devtool","Test":"TestRenderManifest_ByteIdentical","Output":"=== RUN   TestRenderManifest_ByteIdentical\n"}
{"Time":"2026-09-20T21:25:52.4521828-04:00","Action":"output","Package":"github.com/qompack/qompack/tools/devtool","Test":"TestRenderManifest_ByteIdentical","Output":"--- PASS: TestRenderManifest_ByteIdentical (0.10s)\n"}
{"Time":"2026-09-20T21:25:52.4521828-04:00","Action":"pass","Package":"github.com/qompack/qompack/tools/devtool","Test":"TestRenderManifest_ByteIdentical","Elapsed":0.1}
{"Time":"2026-09-20T21:25:52.4521828-04:00","Action":"run","Package":"github.com/qompack/qompack/tools/devtool","Test":"TestVerifyFixtures_AcceptsTheFrozenSet"}
{"Time":"2026-09-20T21:25:52.4521828-04:00","Action":"output","Package":"github.com/qompack/qompack/tools/devtool","Test":"TestVerifyFixtures_AcceptsTheFrozenSet","Output":"=== RUN   TestVerifyFixtures_AcceptsTheFrozenSet\n"}
{"Time":"2026-09-20T21:25:52.5397494-04:00","Action":"output","Package":"github.com/qompack/qompack/tools/devtool","Test":"TestVerifyFixtures_AcceptsTheFrozenSet","Output":"gen-contract-fixtures: 11 package(s), 43 frozen fixture(s), 3 awaiting --record\n"}
{"Time":"2026-09-20T21:25:52.5402768-04:00","Action":"output","Package":"github.com/qompack/qompack/tools/devtool","Test":"TestVerifyFixtures_AcceptsTheFrozenSet","Output":"  consumers of an unrecorded fixture skip with \"contract fixture not yet recorded (Rule W-2)\"\n"}
{"Time":"2026-09-20T21:25:52.5402768-04:00","Action":"output","Package":"github.com/qompack/qompack/tools/devtool","Test":"TestVerifyFixtures_AcceptsTheFrozenSet","Output":"gen-contract-fixtures: OK (nothing written; the frozen set is byte-final)\n"}
{"Time":"2026-09-20T21:25:52.5402768-04:00","Action":"output","Package":"github.com/qompack/qompack/tools/devtool","Test":"TestVerifyFixtures_AcceptsTheFrozenSet","Output":"--- PASS: TestVerifyFixtures_AcceptsTheFrozenSet (0.09s)\n"}
{"Time":"2026-09-20T21:25:52.5402768-04:00","Action":"pass","Package":"github.com/qompack/qompack/tools/devtool","Test":"TestVerifyFixtures_AcceptsTheFrozenSet","Elapsed":0.09}
{"Time":"2026-09-20T21:25:52.5402768-04:00","Action":"run","Package":"github.com/qompack/qompack/tools/devtool","Test":"TestCheckManifest_RejectsViolations"}
{"Time":"2026-09-20T21:25:52.5402768-04:00","Action":"output","Package":"github.com/qompack/qompack/tools/devtool","Test":"TestCheckManifest_RejectsViolations","Output":"=== RUN   TestCheckManifest_RejectsViolations\n"}
{"Time":"2026-09-20T21:25:52.5402768-04:00","Action":"run","Package":"github.com/qompack/qompack/tools/devtool","Test":"TestCheckManifest_RejectsViolations/clean"}
{"Time":"2026-09-20T21:25:52.5402768-04:00","Action":"output","Package":"github.com/qompack/qompack/tools/devtool","Test":"TestCheckManifest_RejectsViolations/clean","Output":"=== RUN   TestCheckManifest_RejectsViolations/clean\n"}
{"Time":"2026-09-20T21:25:52.5430992-04:00","Action":"output","Package":"github.com/qompack/qompack/tools/devtool","Test":"TestCheckManifest_RejectsViolations/clean","Output":"--- PASS: TestCheckManifest_RejectsViolations/clean (0.00s)\n"}
{"Time":"2026-09-20T21:25:52.5430992-04:00","Action":"pass","Package":"github.com/qompack/qompack/tools/devtool","Test":"TestCheckManifest_RejectsViolations/clean","Elapsed":0}
{"Time":"2026-09-20T21:25:52.5430992-04:00","Action":"run","Package":"github.com/qompack/qompack/tools/devtool","Test":"TestCheckManifest_RejectsViolations/package_field_disagrees_with_its_directory"}
{"Time":"2026-09-20T21:25:52.5430992-04:00","Action":"output","Package":"github.com/qompack/qompack/tools/devtool","Test":"TestCheckManifest_RejectsViolations/package_field_disagrees_with_its_directory","Output":"=== RUN   TestCheckManifest_RejectsViolations/package_field_disagrees_with_its_directory\n"}
{"Time":"2026-09-20T21:25:52.5458833-04:00","Action":"output","Package":"github.com/qompack/qompack/tools/devtool","Test":"TestCheckManifest_RejectsViolations/package_field_disagrees_with_its_directory","Output":"--- PASS: TestCheckManifest_RejectsViolations/package_field_disagrees_with_its_directory (0.00s)\n"}
{"Time":"2026-09-20T21:25:52.5458833-04:00","Action":"pass","Package":"github.com/qompack/qompack/tools/devtool","Test":"TestCheckManifest_RejectsViolations/package_field_disagrees_with_its_directory","Elapsed":0}
{"Time":"2026-09-20T21:25:52.5458833-04:00","Action":"run","Package":"github.com/qompack/qompack/tools/devtool","Test":"TestCheckManifest_RejectsViolations/owner_disagrees_with_OWNERS.tsv"}
{"Time":"2026-09-20T21:25:52.5458833-04:00","Action":"output","Package":"github.com/qompack/qompack/tools/devtool","Test":"TestCheckManifest_RejectsViolations/owner_disagrees_with_OWNERS.tsv","Output":"=== RUN   TestCheckManifest_RejectsViolations/owner_disagrees_with_OWNERS.tsv\n"}
{"Time":"2026-09-20T21:25:52.5479451-04:00","Action":"output","Package":"github.com/qompack/qompack/tools/devtool","Test":"TestCheckManifest_RejectsViolations/owner_disagrees_with_OWNERS.tsv","Output":"--- PASS: TestCheckManifest_RejectsViolations/owner_disagrees_with_OWNERS.tsv (0.00s)\n"}
{"Time":"2026-09-20T21:25:52.5479451-04:00","Action":"pass","Package":"github.com/qompack/qompack/tools/devtool","Test":"TestCheckManifest_RejectsViolations/owner_disagrees_with_OWNERS.tsv","Elapsed":0}
{"Time":"2026-09-20T21:25:52.5479451-04:00","Action":"run","Package":"github.com/qompack/qompack/tools/devtool","Test":"TestCheckManifest_RejectsViolations/a_format_fixture_may_not_be_pending"}
{"Time":"2026-09-20T21:25:52.5484727-04:00","Action":"output","Package":"github.com/qompack/qompack/tools/devtool","Test":"TestCheckManifest_RejectsViolations/a_format_fixture_may_not_be_pending","Output":"=== RUN   TestCheckManifest_RejectsViolations/a_format_fixture_may_not_be_pending\n"}
{"Time":"2026-09-20T21:25:52.5500866-04:00","Action":"output","Package":"github.com/qompack/qompack/tools/devtool","Test":"TestCheckManifest_RejectsViolations/a_format_fixture_may_not_be_pending","Output":"--- PASS: TestCheckManifest_RejectsViolations/a_format_fixture_may_not_be_pending (0.00s)\n"}
{"Time":"2026-09-20T21:25:52.5500866-04:00","Action":"pass","Package":"github.com/qompack/qompack/tools/devtool","Test":"TestCheckManifest_RejectsViolations/a_format_fixture_may_not_be_pending","Elapsed":0}
{"Time":"2026-09-20T21:25:52.5500866-04:00","Action":"run","Package":"github.com/qompack/qompack/tools/devtool","Test":"TestCheckManifest_RejectsViolations/unknown_kind_and_state_each_count_once"}
{"Time":"2026-09-20T21:25:52.5500866-04:00","Action":"output","Package":"github.com/qompack/qompack/tools/devtool","Test":"TestCheckManifest_RejectsViolations/unknown_kind_and_state_each_count_once","Output":"=== RUN   TestCheckManifest_RejectsViolations/unknown_kind_and_state_each_count_once\n"}
{"Time":"2026-09-20T21:25:52.55225-04:00","Action":"output","Package":"github.com/qompack/qompack/tools/devtool","Test":"TestCheckManifest_RejectsViolations/unknown_kind_and_state_each_count_once","Output":"--- PASS: TestCheckManifest_RejectsViolations/unknown_kind_and_state_each_count_once (0.00s)\n"}
{"Time":"2026-09-20T21:25:52.55225-04:00","Action":"pass","Package":"github.com/qompack/qompack/tools/devtool","Test":"TestCheckManifest_RejectsViolations/unknown_kind_and_state_each_count_once","Elapsed":0}
{"Time":"2026-09-20T21:25:52.55225-04:00","Action":"run","Package":"github.com/qompack/qompack/tools/devtool","Test":"TestCheckManifest_RejectsViolations/a_duplicate_fixture_name"}
{"Time":"2026-09-20T21:25:52.55225-04:00","Action":"output","Package":"github.com/qompack/qompack/tools/devtool","Test":"TestCheckManifest_RejectsViolations/a_duplicate_fixture_name","Output":"=== RUN   TestCheckManifest_RejectsViolations/a_duplicate_fixture_name\n"}
{"Time":"2026-09-20T21:25:52.5544128-04:00","Action":"output","Package":"github.com/qompack/qompack/tools/devtool","Test":"TestCheckManifest_RejectsViolations/a_duplicate_fixture_name","Output":"--- PASS: TestCheckManifest_RejectsViolations/a_duplicate_fixture_name (0.00s)\n"}
{"Time":"2026-09-20T21:25:52.5544128-04:00","Action":"pass","Package":"github.com/qompack/qompack/tools/devtool","Test":"TestCheckManifest_RejectsViolations/a_duplicate_fixture_name","Elapsed":0}
{"Time":"2026-09-20T21:25:52.5544128-04:00","Action":"run","Package":"github.com/qompack/qompack/tools/devtool","Test":"TestCheckManifest_RejectsViolations/a_frozen_fixture_naming_a_file_that_is_not_there"}
{"Time":"2026-09-20T21:25:52.5544128-04:00","Action":"output","Package":"github.com/qompack/qompack/tools/devtool","Test":"TestCheckManifest_RejectsViolations/a_frozen_fixture_naming_a_file_that_is_not_there","Output":"=== RUN   TestCheckManifest_RejectsViolations/a_frozen_fixture_naming_a_file_that_is_not_there\n"}
{"Time":"2026-09-20T21:25:52.5566335-04:00","Action":"output","Package":"github.com/qompack/qompack/tools/devtool","Test":"TestCheckManifest_RejectsViolations/a_frozen_fixture_naming_a_file_that_is_not_there","Output":"--- PASS: TestCheckManifest_RejectsViolations/a_frozen_fixture_naming_a_file_that_is_not_there (0.00s)\n"}
{"Time":"2026-09-20T21:25:52.5566335-04:00","Action":"pass","Package":"github.com/qompack/qompack/tools/devtool","Test":"TestCheckManifest_RejectsViolations/a_frozen_fixture_naming_a_file_that_is_not_there","Elapsed":0}
{"Time":"2026-09-20T21:25:52.5572009-04:00","Action":"output","Package":"github.com/qompack/qompack/tools/devtool","Test":"TestCheckManifest_RejectsViolations","Output":"--- PASS: TestCheckManifest_RejectsViolations (0.02s)\n"}
{"Time":"2026-09-20T21:25:52.5572009-04:00","Action":"pass","Package":"github.com/qompack/qompack/tools/devtool","Test":"TestCheckManifest_RejectsViolations","Elapsed":0.02}
{"Time":"2026-09-20T21:25:52.5572009-04:00","Action":"run","Package":"github.com/qompack/qompack/tools/devtool","Test":"TestReturnsNotImplemented"}
{"Time":"2026-09-20T21:25:52.5572009-04:00","Action":"output","Package":"github.com/qompack/qompack/tools/devtool","Test":"TestReturnsNotImplemented","Output":"=== RUN   TestReturnsNotImplemented\n"}
{"Time":"2026-09-20T21:25:52.5572009-04:00","Action":"run","Package":"github.com/qompack/qompack/tools/devtool","Test":"TestReturnsNotImplemented/bare_sentinel"}
{"Time":"2026-09-20T21:25:52.5572009-04:00","Action":"output","Package":"github.com/qompack/qompack/tools/devtool","Test":"TestReturnsNotImplemented/bare_sentinel","Output":"=== RUN   TestReturnsNotImplemented/bare_sentinel\n"}
{"Time":"2026-09-20T21:25:52.5572009-04:00","Action":"output","Package":"github.com/qompack/qompack/tools/devtool","Test":"TestReturnsNotImplemented/bare_sentinel","Output":"--- PASS: TestReturnsNotImplemented/bare_sentinel (0.00s)\n"}
{"Time":"2026-09-20T21:25:52.5572009-04:00","Action":"pass","Package":"github.com/qompack/qompack/tools/devtool","Test":"TestReturnsNotImplemented/bare_sentinel","Elapsed":0}
{"Time":"2026-09-20T21:25:52.5572009-04:00","Action":"run","Package":"github.com/qompack/qompack/tools/devtool","Test":"TestReturnsNotImplemented/wrapped_sentinel"}
{"Time":"2026-09-20T21:25:52.5572009-04:00","Action":"output","Package":"github.com/qompack/qompack/tools/devtool","Test":"TestReturnsNotImplemented/wrapped_sentinel","Output":"=== RUN   TestReturnsNotImplemented/wrapped_sentinel\n"}
{"Time":"2026-09-20T21:25:52.5572009-04:00","Action":"output","Package":"github.com/qompack/qompack/tools/devtool","Test":"TestReturnsNotImplemented/wrapped_sentinel","Output":"--- PASS: TestReturnsNotImplemented/wrapped_sentinel (0.00s)\n"}
{"Time":"2026-09-20T21:25:52.5572009-04:00","Action":"pass","Package":"github.com/qompack/qompack/tools/devtool","Test":"TestReturnsNotImplemented/wrapped_sentinel","Elapsed":0}
{"Time":"2026-09-20T21:25:52.5572009-04:00","Action":"run","Package":"github.com/qompack/qompack/tools/devtool","Test":"TestReturnsNotImplemented/zero_value_plus_sentinel"}
{"Time":"2026-09-20T21:25:52.5572009-04:00","Action":"output","Package":"github.com/qompack/qompack/tools/devtool","Test":"TestReturnsNotImplemented/zero_value_plus_sentinel","Output":"=== RUN   TestReturnsNotImplemented/zero_value_plus_sentinel\n"}
{"Time":"2026-09-20T21:25:52.5572009-04:00","Action":"output","Package":"github.com/qompack/qompack/tools/devtool","Test":"TestReturnsNotImplemented/zero_value_plus_sentinel","Output":"--- PASS: TestReturnsNotImplemented/zero_value_plus_sentinel (0.00s)\n"}
{"Time":"2026-09-20T21:25:52.5572009-04:00","Action":"pass","Package":"github.com/qompack/qompack/tools/devtool","Test":"TestReturnsNotImplemented/zero_value_plus_sentinel","Elapsed":0}
{"Time":"2026-09-20T21:25:52.5572009-04:00","Action":"run","Package":"github.com/qompack/qompack/tools/devtool","Test":"TestReturnsNotImplemented/a_real_implementation"}
{"Time":"2026-09-20T21:25:52.5572009-04:00","Action":"output","Package":"github.com/qompack/qompack/tools/devtool","Test":"TestReturnsNotImplemented/a_real_implementation","Output":"=== RUN   TestReturnsNotImplemented/a_real_implementation\n"}
{"Time":"2026-09-20T21:25:52.5572009-04:00","Action":"output","Package":"github.com/qompack/qompack/tools/devtool","Test":"TestReturnsNotImplemented/a_real_implementation","Output":"--- PASS: TestReturnsNotImplemented/a_real_implementation (0.00s)\n"}
{"Time":"2026-09-20T21:25:52.5572009-04:00","Action":"pass","Package":"github.com/qompack/qompack/tools/devtool","Test":"TestReturnsNotImplemented/a_real_implementation","Elapsed":0}
{"Time":"2026-09-20T21:25:52.5572009-04:00","Action":"run","Package":"github.com/qompack/qompack/tools/devtool","Test":"TestReturnsNotImplemented/a_different_sentinel"}
{"Time":"2026-09-20T21:25:52.5572009-04:00","Action":"output","Package":"github.com/qompack/qompack/tools/devtool","Test":"TestReturnsNotImplemented/a_different_sentinel","Output":"=== RUN   TestReturnsNotImplemented/a_different_sentinel\n"}
{"Time":"2026-09-20T21:25:52.5572009-04:00","Action":"output","Package":"github.com/qompack/qompack/tools/devtool","Test":"TestReturnsNotImplemented/a_different_sentinel","Output":"--- PASS: TestReturnsNotImplemented/a_different_sentinel (0.00s)\n"}
{"Time":"2026-09-20T21:25:52.5572009-04:00","Action":"pass","Package":"github.com/qompack/qompack/tools/devtool","Test":"TestReturnsNotImplemented/a_different_sentinel","Elapsed":0}
{"Time":"2026-09-20T21:25:52.5577333-04:00","Action":"output","Package":"github.com/qompack/qompack/tools/devtool","Test":"TestReturnsNotImplemented","Output":"--- PASS: TestReturnsNotImplemented (0.00s)\n"}
{"Time":"2026-09-20T21:25:52.5577333-04:00","Action":"pass","Package":"github.com/qompack/qompack/tools/devtool","Test":"TestReturnsNotImplemented","Elapsed":0}
{"Time":"2026-09-20T21:25:52.5577333-04:00","Action":"run","Package":"github.com/qompack/qompack/tools/devtool","Test":"TestIsStubPackage"}
{"Time":"2026-09-20T21:25:52.5577333-04:00","Action":"output","Package":"github.com/qompack/qompack/tools/devtool","Test":"TestIsStubPackage","Output":"=== RUN   TestIsStubPackage\n"}
{"Time":"2026-09-20T21:25:52.5577333-04:00","Action":"run","Package":"github.com/qompack/qompack/tools/devtool","Test":"TestIsStubPackage/every_declaration_is_a_stub"}
{"Time":"2026-09-20T21:25:52.5577333-04:00","Action":"output","Package":"github.com/qompack/qompack/tools/devtool","Test":"TestIsStubPackage/every_declaration_is_a_stub","Output":"=== RUN   TestIsStubPackage/every_declaration_is_a_stub\n"}
{"Time":"2026-09-20T21:25:52.5762564-04:00","Action":"output","Package":"github.com/qompack/qompack/tools/devtool","Test":"TestIsStubPackage/every_declaration_is_a_stub","Output":"--- PASS: TestIsStubPackage/every_declaration_is_a_stub (0.02s)\n"}
{"Time":"2026-09-20T21:25:52.5762564-04:00","Action":"pass","Package":"github.com/qompack/qompack/tools/devtool","Test":"TestIsStubPackage/every_declaration_is_a_stub","Elapsed":0.02}
{"Time":"2026-09-20T21:25:52.5767913-04:00","Action":"run","Package":"github.com/qompack/qompack/tools/devtool","Test":"TestIsStubPackage/one_real_declaration_lifts_the_refusal"}
{"Time":"2026-09-20T21:25:52.5767913-04:00","Action":"output","Package":"github.com/qompack/qompack/tools/devtool","Test":"TestIsStubPackage/one_real_declaration_lifts_the_refusal","Output":"=== RUN   TestIsStubPackage/one_real_declaration_lifts_the_refusal\n"}
{"Time":"2026-09-20T21:25:52.5994129-04:00","Action":"output","Package":"github.com/qompack/qompack/tools/devtool","Test":"TestIsStubPackage/one_real_declaration_lifts_the_refusal","Output":"--- PASS: TestIsStubPackage/one_real_declaration_lifts_the_refusal (0.02s)\n"}
{"Time":"2026-09-20T21:25:52.6009354-04:00","Action":"pass","Package":"github.com/qompack/qompack/tools/devtool","Test":"TestIsStubPackage/one_real_declaration_lifts_the_refusal","Elapsed":0.02}
{"Time":"2026-09-20T21:25:52.6009354-04:00","Action":"run","Package":"github.com/qompack/qompack/tools/devtool","Test":"TestIsStubPackage/the_probe_exists_only_as_an_interface_method"}
{"Time":"2026-09-20T21:25:52.6009354-04:00","Action":"output","Package":"github.com/qompack/qompack/tools/devtool","Test":"TestIsStubPackage/the_probe_exists_only_as_an_interface_method","Output":"=== RUN   TestIsStubPackage/the_probe_exists_only_as_an_interface_method\n"}
{"Time":"2026-09-20T21:25:52.6074974-04:00","Action":"output","Package":"github.com/qompack/qompack/tools/devtool","Test":"TestIsStubPackage/the_probe_exists_only_as_an_interface_method","Output":"--- PASS: TestIsStubPackage/the_probe_exists_only_as_an_interface_method (0.01s)\n"}
{"Time":"2026-09-20T21:25:52.6074974-04:00","Action":"pass","Package":"github.com/qompack/qompack/tools/devtool","Test":"TestIsStubPackage/the_probe_exists_only_as_an_interface_method","Elapsed":0.01}
{"Time":"2026-09-20T21:25:52.6074974-04:00","Action":"run","Package":"github.com/qompack/qompack/tools/devtool","Test":"TestIsStubPackage/a__test.go_declaration_does_not_count"}
{"Time":"2026-09-20T21:25:52.6074974-04:00","Action":"output","Package":"github.com/qompack/qompack/tools/devtool","Test":"TestIsStubPackage/a__test.go_declaration_does_not_count","Output":"=== RUN   TestIsStubPackage/a__test.go_declaration_does_not_count\n"}
{"Time":"2026-09-20T21:25:52.6119001-04:00","Action":"output","Package":"github.com/qompack/qompack/tools/devtool","Test":"TestIsStubPackage/a__test.go_declaration_does_not_count","Output":"--- PASS: TestIsStubPackage/a__test.go_declaration_does_not_count (0.00s)\n"}
{"Time":"2026-09-20T21:25:52.6119001-04:00","Action":"pass","Package":"github.com/qompack/qompack/tools/devtool","Test":"TestIsStubPackage/a__test.go_declaration_does_not_count","Elapsed":0}
{"Time":"2026-09-20T21:25:52.6124727-04:00","Action":"run","Package":"github.com/qompack/qompack/tools/devtool","Test":"TestIsStubPackage/the_probe_appears_nowhere"}
{"Time":"2026-09-20T21:25:52.6124727-04:00","Action":"output","Package":"github.com/qompack/qompack/tools/devtool","Test":"TestIsStubPackage/the_probe_appears_nowhere","Output":"=== RUN   TestIsStubPackage/the_probe_appears_nowhere\n"}
{"Time":"2026-09-20T21:25:52.618427-04:00","Action":"output","Package":"github.com/qompack/qompack/tools/devtool","Test":"TestIsStubPackage/the_probe_appears_nowhere","Output":"--- PASS: TestIsStubPackage/the_probe_appears_nowhere (0.01s)\n"}
{"Time":"2026-09-20T21:25:52.6189683-04:00","Action":"pass","Package":"github.com/qompack/qompack/tools/devtool","Test":"TestIsStubPackage/the_probe_appears_nowhere","Elapsed":0.01}
{"Time":"2026-09-20T21:25:52.6189683-04:00","Action":"output","Package":"github.com/qompack/qompack/tools/devtool","Test":"TestIsStubPackage","Output":"--- PASS: TestIsStubPackage (0.06s)\n"}
{"Time":"2026-09-20T21:25:52.6189683-04:00","Action":"pass","Package":"github.com/qompack/qompack/tools/devtool","Test":"TestIsStubPackage","Elapsed":0.06}
{"Time":"2026-09-20T21:25:52.6189683-04:00","Action":"run","Package":"github.com/qompack/qompack/tools/devtool","Test":"TestRecordFixtures_RefusesAStub"}
{"Time":"2026-09-20T21:25:52.6189683-04:00","Action":"output","Package":"github.com/qompack/qompack/tools/devtool","Test":"TestRecordFixtures_RefusesAStub","Output":"=== RUN   TestRecordFixtures_RefusesAStub\n"}
{"Time":"2026-09-20T21:25:52.6451165-04:00","Action":"output","Package":"github.com/qompack/qompack/tools/devtool","Test":"TestRecordFixtures_RefusesAStub","Output":"--- PASS: TestRecordFixtures_RefusesAStub (0.03s)\n"}
{"Time":"2026-09-20T21:25:52.6451165-04:00","Action":"pass","Package":"github.com/qompack/qompack/tools/devtool","Test":"TestRecordFixtures_RefusesAStub","Elapsed":0.03}
{"Time":"2026-09-20T21:25:52.6451165-04:00","Action":"run","Package":"github.com/qompack/qompack/tools/devtool","Test":"TestPromote_FlipsOnlyWhatWasRecorded"}
{"Time":"2026-09-20T21:25:52.6451165-04:00","Action":"output","Package":"github.com/qompack/qompack/tools/devtool","Test":"TestPromote_FlipsOnlyWhatWasRecorded","Output":"=== RUN   TestPromote_FlipsOnlyWhatWasRecorded\n"}
{"Time":"2026-09-20T21:25:52.6493906-04:00","Action":"output","Package":"github.com/qompack/qompack/tools/devtool","Test":"TestPromote_FlipsOnlyWhatWasRecorded","Output":"--- PASS: TestPromote_FlipsOnlyWhatWasRecorded (0.00s)\n"}
{"Time":"2026-09-20T21:25:52.6499352-04:00","Action":"pass","Package":"github.com/qompack/qompack/tools/devtool","Test":"TestPromote_FlipsOnlyWhatWasRecorded","Elapsed":0}
{"Time":"2026-09-20T21:25:52.6499352-04:00","Action":"run","Package":"github.com/qompack/qompack/tools/devtool","Test":"TestJSONString_NoHTMLEscaping"}
{"Time":"2026-09-20T21:25:52.6499352-04:00","Action":"output","Package":"github.com/qompack/qompack/tools/devtool","Test":"TestJSONString_NoHTMLEscaping","Output":"=== RUN   TestJSONString_NoHTMLEscaping\n"}
{"Time":"2026-09-20T21:25:52.6499352-04:00","Action":"output","Package":"github.com/qompack/qompack/tools/devtool","Test":"TestJSONString_NoHTMLEscaping","Output":"--- PASS: TestJSONString_NoHTMLEscaping (0.00s)\n"}
{"Time":"2026-09-20T21:25:52.6499352-04:00","Action":"pass","Package":"github.com/qompack/qompack/tools/devtool","Test":"TestJSONString_NoHTMLEscaping","Elapsed":0}
{"Time":"2026-09-20T21:25:52.6499352-04:00","Action":"run","Package":"github.com/qompack/qompack/tools/devtool","Test":"TestMCPToolsDocsUpToDate"}
{"Time":"2026-09-20T21:25:52.6499352-04:00","Action":"output","Package":"github.com/qompack/qompack/tools/devtool","Test":"TestMCPToolsDocsUpToDate","Output":"=== RUN   TestMCPToolsDocsUpToDate\n"}
{"Time":"2026-09-20T21:25:52.7049052-04:00","Action":"output","Package":"github.com/qompack/qompack/tools/devtool","Test":"TestMCPToolsDocsUpToDate","Output":"--- PASS: TestMCPToolsDocsUpToDate (0.05s)\n"}
{"Time":"2026-09-20T21:25:52.7049052-04:00","Action":"pass","Package":"github.com/qompack/qompack/tools/devtool","Test":"TestMCPToolsDocsUpToDate","Elapsed":0.05}
{"Time":"2026-09-20T21:25:52.7049052-04:00","Action":"run","Package":"github.com/qompack/qompack/tools/devtool","Test":"TestPluginValidateSeesEightTools"}
{"Time":"2026-09-20T21:25:52.7049052-04:00","Action":"output","Package":"github.com/qompack/qompack/tools/devtool","Test":"TestPluginValidateSeesEightTools","Output":"=== RUN   TestPluginValidateSeesEightTools\n"}
{"Time":"2026-09-20T21:25:52.705442-04:00","Action":"output","Package":"github.com/qompack/qompack/tools/devtool","Test":"TestPluginValidateSeesEightTools","Output":"--- PASS: TestPluginValidateSeesEightTools (0.00s)\n"}
{"Time":"2026-09-20T21:25:52.705442-04:00","Action":"pass","Package":"github.com/qompack/qompack/tools/devtool","Test":"TestPluginValidateSeesEightTools","Elapsed":0}
{"Time":"2026-09-20T21:25:52.705442-04:00","Action":"run","Package":"github.com/qompack/qompack/tools/devtool","Test":"TestGenMCPDocsCheckDetectsDrift"}
{"Time":"2026-09-20T21:25:52.705442-04:00","Action":"output","Package":"github.com/qompack/qompack/tools/devtool","Test":"TestGenMCPDocsCheckDetectsDrift","Output":"=== RUN   TestGenMCPDocsCheckDetectsDrift\n"}
{"Time":"2026-09-20T21:25:52.7065412-04:00","Action":"run","Package":"github.com/qompack/qompack/tools/devtool","Test":"TestGenMCPDocsCheckDetectsDrift/an_exact_copy_is_up_to_date"}
{"Time":"2026-09-20T21:25:52.7065412-04:00","Action":"output","Package":"github.com/qompack/qompack/tools/devtool","Test":"TestGenMCPDocsCheckDetectsDrift/an_exact_copy_is_up_to_date","Output":"=== RUN   TestGenMCPDocsCheckDetectsDrift/an_exact_copy_is_up_to_date\n"}
{"Time":"2026-09-20T21:25:52.7301667-04:00","Action":"output","Package":"github.com/qompack/qompack/tools/devtool","Test":"TestGenMCPDocsCheckDetectsDrift/an_exact_copy_is_up_to_date","Output":"gen-mcp-docs: docs/mcp-tools.md is up to date\n"}
{"Time":"2026-09-20T21:25:52.7325907-04:00","Action":"output","Package":"github.com/qompack/qompack/tools/devtool","Test":"TestGenMCPDocsCheckDetectsDrift/an_exact_copy_is_up_to_date","Output":"--- PASS: TestGenMCPDocsCheckDetectsDrift/an_exact_copy_is_up_to_date (0.03s)\n"}
{"Time":"2026-09-20T21:25:52.7325907-04:00","Action":"pass","Package":"github.com/qompack/qompack/tools/devtool","Test":"TestGenMCPDocsCheckDetectsDrift/an_exact_copy_is_up_to_date","Elapsed":0.03}
{"Time":"2026-09-20T21:25:52.7325907-04:00","Action":"run","Package":"github.com/qompack/qompack/tools/devtool","Test":"TestGenMCPDocsCheckDetectsDrift/a_mutated_copy_is_stale"}
{"Time":"2026-09-20T21:25:52.7325907-04:00","Action":"output","Package":"github.com/qompack/qompack/tools/devtool","Test":"TestGenMCPDocsCheckDetectsDrift/a_mutated_copy_is_stale","Output":"=== RUN   TestGenMCPDocsCheckDetectsDrift/a_mutated_copy_is_stale\n"}
{"Time":"2026-09-20T21:25:52.7580683-04:00","Action":"output","Package":"github.com/qompack/qompack/tools/devtool","Test":"TestGenMCPDocsCheckDetectsDrift/a_mutated_copy_is_stale","Output":"--- PASS: TestGenMCPDocsCheckDetectsDrift/a_mutated_copy_is_stale (0.02s)\n"}
{"Time":"2026-09-20T21:25:52.7580683-04:00","Action":"pass","Package":"github.com/qompack/qompack/tools/devtool","Test":"TestGenMCPDocsCheckDetectsDrift/a_mutated_copy_is_stale","Elapsed":0.02}
{"Time":"2026-09-20T21:25:52.7580683-04:00","Action":"run","Package":"github.com/qompack/qompack/tools/devtool","Test":"TestGenMCPDocsCheckDetectsDrift/an_absent_page_is_missing,_not_stale"}
{"Time":"2026-09-20T21:25:52.7580683-04:00","Action":"output","Package":"github.com/qompack/qompack/tools/devtool","Test":"TestGenMCPDocsCheckDetectsDrift/an_absent_page_is_missing,_not_stale","Output":"=== RUN   TestGenMCPDocsCheckDetectsDrift/an_absent_page_is_missing,_not_stale\n"}
{"Time":"2026-09-20T21:25:52.7619504-04:00","Action":"output","Package":"github.com/qompack/qompack/tools/devtool","Test":"TestGenMCPDocsCheckDetectsDrift/an_absent_page_is_missing,_not_stale","Output":"--- PASS: TestGenMCPDocsCheckDetectsDrift/an_absent_page_is_missing,_not_stale (0.00s)\n"}
{"Time":"2026-09-20T21:25:52.7619504-04:00","Action":"pass","Package":"github.com/qompack/qompack/tools/devtool","Test":"TestGenMCPDocsCheckDetectsDrift/an_absent_page_is_missing,_not_stale","Elapsed":0}
{"Time":"2026-09-20T21:25:52.7619504-04:00","Action":"run","Package":"github.com/qompack/qompack/tools/devtool","Test":"TestGenMCPDocsCheckDetectsDrift/without_--check_the_task_writes_the_page"}
{"Time":"2026-09-20T21:25:52.7619504-04:00","Action":"output","Package":"github.com/qompack/qompack/tools/devtool","Test":"TestGenMCPDocsCheckDetectsDrift/without_--check_the_task_writes_the_page","Output":"=== RUN   TestGenMCPDocsCheckDetectsDrift/without_--check_the_task_writes_the_page\n"}
{"Time":"2026-09-20T21:25:52.7658044-04:00","Action":"output","Package":"github.com/qompack/qompack/tools/devtool","Test":"TestGenMCPDocsCheckDetectsDrift/without_--check_the_task_writes_the_page","Output":"gen-mcp-docs: wrote docs/mcp-tools.md\n"}
{"Time":"2026-09-20T21:25:52.7873067-04:00","Action":"output","Package":"github.com/qompack/qompack/tools/devtool","Test":"TestGenMCPDocsCheckDetectsDrift/without_--check_the_task_writes_the_page","Output":"gen-mcp-docs: docs/mcp-tools.md is up to date\n"}
{"Time":"2026-09-20T21:25:52.7897092-04:00","Action":"output","Package":"github.com/qompack/qompack/tools/devtool","Test":"TestGenMCPDocsCheckDetectsDrift/without_--check_the_task_writes_the_page","Output":"--- PASS: TestGenMCPDocsCheckDetectsDrift/without_--check_the_task_writes_the_page (0.03s)\n"}
{"Time":"2026-09-20T21:25:52.7897092-04:00","Action":"pass","Package":"github.com/qompack/qompack/tools/devtool","Test":"TestGenMCPDocsCheckDetectsDrift/without_--check_the_task_writes_the_page","Elapsed":0.03}
{"Time":"2026-09-20T21:25:52.7897092-04:00","Action":"output","Package":"github.com/qompack/qompack/tools/devtool","Test":"TestGenMCPDocsCheckDetectsDrift","Output":"--- PASS: TestGenMCPDocsCheckDetectsDrift (0.08s)\n"}
{"Time":"2026-09-20T21:25:52.7897092-04:00","Action":"pass","Package":"github.com/qompack/qompack/tools/devtool","Test":"TestGenMCPDocsCheckDetectsDrift","Elapsed":0.08}
{"Time":"2026-09-20T21:25:52.7897092-04:00","Action":"run","Package":"github.com/qompack/qompack/tools/devtool","Test":"TestMCPDocsGlanceLinksResolve"}
{"Time":"2026-09-20T21:25:52.7897092-04:00","Action":"output","Package":"github.com/qompack/qompack/tools/devtool","Test":"TestMCPDocsGlanceLinksResolve","Output":"=== RUN   TestMCPDocsGlanceLinksResolve\n"}
{"Time":"2026-09-20T21:25:52.7913654-04:00","Action":"output","Package":"github.com/qompack/qompack/tools/devtool","Test":"TestMCPDocsGlanceLinksResolve","Output":"--- PASS: TestMCPDocsGlanceLinksResolve (0.00s)\n"}
{"Time":"2026-09-20T21:25:52.7913654-04:00","Action":"pass","Package":"github.com/qompack/qompack/tools/devtool","Test":"TestMCPDocsGlanceLinksResolve","Elapsed":0}
{"Time":"2026-09-20T21:25:52.7913654-04:00","Action":"run","Package":"github.com/qompack/qompack/tools/devtool","Test":"TestImportGraph_RejectsViolation"}
{"Time":"2026-09-20T21:25:52.7913654-04:00","Action":"output","Package":"github.com/qompack/qompack/tools/devtool","Test":"TestImportGraph_RejectsViolation","Output":"=== RUN   TestImportGraph_RejectsViolation\n"}
{"Time":"2026-09-20T21:25:52.7913654-04:00","Action":"output","Package":"github.com/qompack/qompack/tools/devtool","Test":"TestImportGraph_RejectsViolation","Output":"--- PASS: TestImportGraph_RejectsViolation (0.00s)\n"}
{"Time":"2026-09-20T21:25:52.7913654-04:00","Action":"pass","Package":"github.com/qompack/qompack/tools/devtool","Test":"TestImportGraph_RejectsViolation","Elapsed":0}
{"Time":"2026-09-20T21:25:52.7913654-04:00","Action":"run","Package":"github.com/qompack/qompack/tools/devtool","Test":"TestImportGraph_AcceptsCleanSyntheticGraph"}
{"Time":"2026-09-20T21:25:52.7913654-04:00","Action":"output","Package":"github.com/qompack/qompack/tools/devtool","Test":"TestImportGraph_AcceptsCleanSyntheticGraph","Output":"=== RUN   TestImportGraph_AcceptsCleanSyntheticGraph\n"}
{"Time":"2026-09-20T21:25:52.7913654-04:00","Action":"output","Package":"github.com/qompack/qompack/tools/devtool","Test":"TestImportGraph_AcceptsCleanSyntheticGraph","Output":"--- PASS: TestImportGraph_AcceptsCleanSyntheticGraph (0.00s)\n"}
{"Time":"2026-09-20T21:25:52.7913654-04:00","Action":"pass","Package":"github.com/qompack/qompack/tools/devtool","Test":"TestImportGraph_AcceptsCleanSyntheticGraph","Elapsed":0}
{"Time":"2026-09-20T21:25:52.7913654-04:00","Action":"run","Package":"github.com/qompack/qompack/tools/devtool","Test":"TestImportGraph_RejectsUndeclaredPackage"}
{"Time":"2026-09-20T21:25:52.7913654-04:00","Action":"output","Package":"github.com/qompack/qompack/tools/devtool","Test":"TestImportGraph_RejectsUndeclaredPackage","Output":"=== RUN   TestImportGraph_RejectsUndeclaredPackage\n"}
{"Time":"2026-09-20T21:25:52.7913654-04:00","Action":"output","Package":"github.com/qompack/qompack/tools/devtool","Test":"TestImportGraph_RejectsUndeclaredPackage","Output":"--- PASS: TestImportGraph_RejectsUndeclaredPackage (0.00s)\n"}
{"Time":"2026-09-20T21:25:52.7913654-04:00","Action":"pass","Package":"github.com/qompack/qompack/tools/devtool","Test":"TestImportGraph_RejectsUndeclaredPackage","Elapsed":0}
{"Time":"2026-09-20T21:25:52.7913654-04:00","Action":"run","Package":"github.com/qompack/qompack/tools/devtool","Test":"TestImportGraph_RejectsImportOfCompositionRoot"}
{"Time":"2026-09-20T21:25:52.7913654-04:00","Action":"output","Package":"github.com/qompack/qompack/tools/devtool","Test":"TestImportGraph_RejectsImportOfCompositionRoot","Output":"=== RUN   TestImportGraph_RejectsImportOfCompositionRoot\n"}
{"Time":"2026-09-20T21:25:52.7913654-04:00","Action":"output","Package":"github.com/qompack/qompack/tools/devtool","Test":"TestImportGraph_RejectsImportOfCompositionRoot","Output":"--- PASS: TestImportGraph_RejectsImportOfCompositionRoot (0.00s)\n"}
{"Time":"2026-09-20T21:25:52.7919022-04:00","Action":"pass","Package":"github.com/qompack/qompack/tools/devtool","Test":"TestImportGraph_RejectsImportOfCompositionRoot","Elapsed":0}
{"Time":"2026-09-20T21:25:52.7919022-04:00","Action":"run","Package":"github.com/qompack/qompack/tools/devtool","Test":"TestImportGraph_RejectsCompositionRootInTestImports"}
{"Time":"2026-09-20T21:25:52.7919022-04:00","Action":"output","Package":"github.com/qompack/qompack/tools/devtool","Test":"TestImportGraph_RejectsCompositionRootInTestImports","Output":"=== RUN   TestImportGraph_RejectsCompositionRootInTestImports\n"}
{"Time":"2026-09-20T21:25:52.7919022-04:00","Action":"output","Package":"github.com/qompack/qompack/tools/devtool","Test":"TestImportGraph_RejectsCompositionRootInTestImports","Output":"--- PASS: TestImportGraph_RejectsCompositionRootInTestImports (0.00s)\n"}
{"Time":"2026-09-20T21:25:52.7919022-04:00","Action":"pass","Package":"github.com/qompack/qompack/tools/devtool","Test":"TestImportGraph_RejectsCompositionRootInTestImports","Elapsed":0}
{"Time":"2026-09-20T21:25:52.7919022-04:00","Action":"run","Package":"github.com/qompack/qompack/tools/devtool","Test":"TestImportGraph_AcceptsTestutilInXTestImports"}
{"Time":"2026-09-20T21:25:52.7919022-04:00","Action":"output","Package":"github.com/qompack/qompack/tools/devtool","Test":"TestImportGraph_AcceptsTestutilInXTestImports","Output":"=== RUN   TestImportGraph_AcceptsTestutilInXTestImports\n"}
{"Time":"2026-09-20T21:25:52.7919022-04:00","Action":"output","Package":"github.com/qompack/qompack/tools/devtool","Test":"TestImportGraph_AcceptsTestutilInXTestImports","Output":"--- PASS: TestImportGraph_AcceptsTestutilInXTestImports (0.00s)\n"}
{"Time":"2026-09-20T21:25:52.7919022-04:00","Action":"pass","Package":"github.com/qompack/qompack/tools/devtool","Test":"TestImportGraph_AcceptsTestutilInXTestImports","Elapsed":0}
{"Time":"2026-09-20T21:25:52.7919022-04:00","Action":"run","Package":"github.com/qompack/qompack/tools/devtool","Test":"TestImportGraph_RejectsOtherRootsInXTestImports"}
{"Time":"2026-09-20T21:25:52.7919022-04:00","Action":"output","Package":"github.com/qompack/qompack/tools/devtool","Test":"TestImportGraph_RejectsOtherRootsInXTestImports","Output":"=== RUN   TestImportGraph_RejectsOtherRootsInXTestImports\n"}
{"Time":"2026-09-20T21:25:52.7919022-04:00","Action":"output","Package":"github.com/qompack/qompack/tools/devtool","Test":"TestImportGraph_RejectsOtherRootsInXTestImports","Output":"--- PASS: TestImportGraph_RejectsOtherRootsInXTestImports (0.00s)\n"}
{"Time":"2026-09-20T21:25:52.7919022-04:00","Action":"pass","Package":"github.com/qompack/qompack/tools/devtool","Test":"TestImportGraph_RejectsOtherRootsInXTestImports","Elapsed":0}
{"Time":"2026-09-20T21:25:52.7919022-04:00","Action":"run","Package":"github.com/qompack/qompack/tools/devtool","Test":"TestImportGraph_CompositionRootTestsMayImportAnything"}
{"Time":"2026-09-20T21:25:52.7919022-04:00","Action":"output","Package":"github.com/qompack/qompack/tools/devtool","Test":"TestImportGraph_CompositionRootTestsMayImportAnything","Output":"=== RUN   TestImportGraph_CompositionRootTestsMayImportAnything\n"}
{"Time":"2026-09-20T21:25:52.7919022-04:00","Action":"output","Package":"github.com/qompack/qompack/tools/devtool","Test":"TestImportGraph_CompositionRootTestsMayImportAnything","Output":"--- PASS: TestImportGraph_CompositionRootTestsMayImportAnything (0.00s)\n"}
{"Time":"2026-09-20T21:25:52.7919022-04:00","Action":"pass","Package":"github.com/qompack/qompack/tools/devtool","Test":"TestImportGraph_CompositionRootTestsMayImportAnything","Elapsed":0}
{"Time":"2026-09-20T21:25:52.7919022-04:00","Action":"run","Package":"github.com/qompack/qompack/tools/devtool","Test":"TestImportGraph_TestImportsIgnoreTheLayerTable"}
{"Time":"2026-09-20T21:25:52.7919022-04:00","Action":"output","Package":"github.com/qompack/qompack/tools/devtool","Test":"TestImportGraph_TestImportsIgnoreTheLayerTable","Output":"=== RUN   TestImportGraph_TestImportsIgnoreTheLayerTable\n"}
{"Time":"2026-09-20T21:25:52.7919022-04:00","Action":"output","Package":"github.com/qompack/qompack/tools/devtool","Test":"TestImportGraph_TestImportsIgnoreTheLayerTable","Output":"--- PASS: TestImportGraph_TestImportsIgnoreTheLayerTable (0.00s)\n"}
{"Time":"2026-09-20T21:25:52.7919022-04:00","Action":"pass","Package":"github.com/qompack/qompack/tools/devtool","Test":"TestImportGraph_TestImportsIgnoreTheLayerTable","Elapsed":0}
{"Time":"2026-09-20T21:25:52.7919022-04:00","Action":"run","Package":"github.com/qompack/qompack/tools/devtool","Test":"TestImportGraph_AcceptsRealRepo"}
{"Time":"2026-09-20T21:25:52.7919022-04:00","Action":"output","Package":"github.com/qompack/qompack/tools/devtool","Test":"TestImportGraph_AcceptsRealRepo","Output":"=== RUN   TestImportGraph_AcceptsRealRepo\n"}
{"Time":"2026-09-20T21:25:54.1704657-04:00","Action":"output","Package":"github.com/qompack/qompack/tools/devtool","Test":"TestImportGraph_AcceptsRealRepo","Output":"importgraph: OK (71 package(s) checked)\n"}
{"Time":"2026-09-20T21:25:54.1709718-04:00","Action":"output","Package":"github.com/qompack/qompack/tools/devtool","Test":"TestImportGraph_AcceptsRealRepo","Output":"--- PASS: TestImportGraph_AcceptsRealRepo (1.38s)\n"}
{"Time":"2026-09-20T21:25:54.1709718-04:00","Action":"pass","Package":"github.com/qompack/qompack/tools/devtool","Test":"TestImportGraph_AcceptsRealRepo","Elapsed":1.38}
{"Time":"2026-09-20T21:25:54.1709718-04:00","Action":"run","Package":"github.com/qompack/qompack/tools/devtool","Test":"TestShippedModulesEqualTheAllowlistIntersection"}
{"Time":"2026-09-20T21:25:54.1709718-04:00","Action":"output","Package":"github.com/qompack/qompack/tools/devtool","Test":"TestShippedModulesEqualTheAllowlistIntersection","Output":"=== RUN   TestShippedModulesEqualTheAllowlistIntersection\n"}
{"Time":"2026-09-20T21:25:55.7292188-04:00","Action":"output","Package":"github.com/qompack/qompack/tools/devtool","Test":"TestShippedModulesEqualTheAllowlistIntersection","Output":"    licenses_test.go:54: shipped modules: [github.com/Microsoft/go-winio github.com/klauspost/compress golang.org/x/sys]\n"}
{"Time":"2026-09-20T21:25:55.7297347-04:00","Action":"output","Package":"github.com/qompack/qompack/tools/devtool","Test":"TestShippedModulesEqualTheAllowlistIntersection","Output":"--- PASS: TestShippedModulesEqualTheAllowlistIntersection (1.56s)\n"}
{"Time":"2026-09-20T21:25:55.7297347-04:00","Action":"pass","Package":"github.com/qompack/qompack/tools/devtool","Test":"TestShippedModulesEqualTheAllowlistIntersection","Elapsed":1.56}
{"Time":"2026-09-20T21:25:55.7297347-04:00","Action":"run","Package":"github.com/qompack/qompack/tools/devtool","Test":"TestModuleLicenseTexts_RendersAFakeModule"}
{"Time":"2026-09-20T21:25:55.7297347-04:00","Action":"output","Package":"github.com/qompack/qompack/tools/devtool","Test":"TestModuleLicenseTexts_RendersAFakeModule","Output":"=== RUN   TestModuleLicenseTexts_RendersAFakeModule\n"}
{"Time":"2026-09-20T21:25:55.7539684-04:00","Action":"output","Package":"github.com/qompack/qompack/tools/devtool","Test":"TestModuleLicenseTexts_RendersAFakeModule","Output":"--- PASS: TestModuleLicenseTexts_RendersAFakeModule (0.02s)\n"}
{"Time":"2026-09-20T21:25:55.7539684-04:00","Action":"pass","Package":"github.com/qompack/qompack/tools/devtool","Test":"TestModuleLicenseTexts_RendersAFakeModule","Elapsed":0.02}
{"Time":"2026-09-20T21:25:55.7539684-04:00","Action":"run","Package":"github.com/qompack/qompack/tools/devtool","Test":"TestRenderNotices_DetectsAChangedVersion"}
{"Time":"2026-09-20T21:25:55.7539684-04:00","Action":"output","Package":"github.com/qompack/qompack/tools/devtool","Test":"TestRenderNotices_DetectsAChangedVersion","Output":"=== RUN   TestRenderNotices_DetectsAChangedVersion\n"}
{"Time":"2026-09-20T21:25:55.7539684-04:00","Action":"output","Package":"github.com/qompack/qompack/tools/devtool","Test":"TestRenderNotices_DetectsAChangedVersion","Output":"--- PASS: TestRenderNotices_DetectsAChangedVersion (0.00s)\n"}
{"Time":"2026-09-20T21:25:55.7539684-04:00","Action":"pass","Package":"github.com/qompack/qompack/tools/devtool","Test":"TestRenderNotices_DetectsAChangedVersion","Elapsed":0}
{"Time":"2026-09-20T21:25:55.7539684-04:00","Action":"run","Package":"github.com/qompack/qompack/tools/devtool","Test":"TestGoModVersions"}
{"Time":"2026-09-20T21:25:55.7539684-04:00","Action":"output","Package":"github.com/qompack/qompack/tools/devtool","Test":"TestGoModVersions","Output":"=== RUN   TestGoModVersions\n"}
{"Time":"2026-09-20T21:25:55.8116829-04:00","Action":"output","Package":"github.com/qompack/qompack/tools/devtool","Test":"TestGoModVersions","Output":"--- PASS: TestGoModVersions (0.06s)\n"}
{"Time":"2026-09-20T21:25:55.8116829-04:00","Action":"pass","Package":"github.com/qompack/qompack/tools/devtool","Test":"TestGoModVersions","Elapsed":0.06}
{"Time":"2026-09-20T21:25:55.812338-04:00","Action":"run","Package":"github.com/qompack/qompack/tools/devtool","Test":"TestLoadOwners_ParsesRealFile"}
{"Time":"2026-09-20T21:25:55.812338-04:00","Action":"output","Package":"github.com/qompack/qompack/tools/devtool","Test":"TestLoadOwners_ParsesRealFile","Output":"=== RUN   TestLoadOwners_ParsesRealFile\n"}
{"Time":"2026-09-20T21:25:55.866536-04:00","Action":"output","Package":"github.com/qompack/qompack/tools/devtool","Test":"TestLoadOwners_ParsesRealFile","Output":"--- PASS: TestLoadOwners_ParsesRealFile (0.05s)\n"}
{"Time":"2026-09-20T21:25:55.8670931-04:00","Action":"pass","Package":"github.com/qompack/qompack/tools/devtool","Test":"TestLoadOwners_ParsesRealFile","Elapsed":0.05}
{"Time":"2026-09-20T21:25:55.8670931-04:00","Action":"run","Package":"github.com/qompack/qompack/tools/devtool","Test":"TestPackageKeyOf"}
{"Time":"2026-09-20T21:25:55.8670931-04:00","Action":"output","Package":"github.com/qompack/qompack/tools/devtool","Test":"TestPackageKeyOf","Output":"=== RUN   TestPackageKeyOf\n"}
{"Time":"2026-09-20T21:25:55.8670931-04:00","Action":"output","Package":"github.com/qompack/qompack/tools/devtool","Test":"TestPackageKeyOf","Output":"--- PASS: TestPackageKeyOf (0.00s)\n"}
{"Time":"2026-09-20T21:25:55.8670931-04:00","Action":"pass","Package":"github.com/qompack/qompack/tools/devtool","Test":"TestPackageKeyOf","Elapsed":0}
{"Time":"2026-09-20T21:25:55.8670931-04:00","Action":"run","Package":"github.com/qompack/qompack/tools/devtool","Test":"TestParsePlanRunPatterns_ExtractsPatternAndPackage"}
{"Time":"2026-09-20T21:25:55.8670931-04:00","Action":"output","Package":"github.com/qompack/qompack/tools/devtool","Test":"TestParsePlanRunPatterns_ExtractsPatternAndPackage","Output":"=== RUN   TestParsePlanRunPatterns_ExtractsPatternAndPackage\n"}
{"Time":"2026-09-20T21:25:55.8670931-04:00","Action":"output","Package":"github.com/qompack/qompack/tools/devtool","Test":"TestParsePlanRunPatterns_ExtractsPatternAndPackage","Output":"--- PASS: TestParsePlanRunPatterns_ExtractsPatternAndPackage (0.00s)\n"}
{"Time":"2026-09-20T21:25:55.8670931-04:00","Action":"pass","Package":"github.com/qompack/qompack/tools/devtool","Test":"TestParsePlanRunPatterns_ExtractsPatternAndPackage","Elapsed":0}
{"Time":"2026-09-20T21:25:55.8670931-04:00","Action":"run","Package":"github.com/qompack/qompack/tools/devtool","Test":"TestParsePlanRunPatterns_FindsPackageBeforeRunFlag"}
{"Time":"2026-09-20T21:25:55.8670931-04:00","Action":"output","Package":"github.com/qompack/qompack/tools/devtool","Test":"TestParsePlanRunPatterns_FindsPackageBeforeRunFlag","Output":"=== RUN   TestParsePlanRunPatterns_FindsPackageBeforeRunFlag\n"}
{"Time":"2026-09-20T21:25:55.8670931-04:00","Action":"output","Package":"github.com/qompack/qompack/tools/devtool","Test":"TestParsePlanRunPatterns_FindsPackageBeforeRunFlag","Output":"--- PASS: TestParsePlanRunPatterns_FindsPackageBeforeRunFlag (0.00s)\n"}
{"Time":"2026-09-20T21:25:55.8670931-04:00","Action":"pass","Package":"github.com/qompack/qompack/tools/devtool","Test":"TestParsePlanRunPatterns_FindsPackageBeforeRunFlag","Elapsed":0}
{"Time":"2026-09-20T21:25:55.8670931-04:00","Action":"run","Package":"github.com/qompack/qompack/tools/devtool","Test":"TestParsePlanRunPatterns_UnescapesTableRowPipes"}
{"Time":"2026-09-20T21:25:55.8670931-04:00","Action":"output","Package":"github.com/qompack/qompack/tools/devtool","Test":"TestParsePlanRunPatterns_UnescapesTableRowPipes","Output":"=== RUN   TestParsePlanRunPatterns_UnescapesTableRowPipes\n"}
{"Time":"2026-09-20T21:25:55.8670931-04:00","Action":"output","Package":"github.com/qompack/qompack/tools/devtool","Test":"TestParsePlanRunPatterns_UnescapesTableRowPipes","Output":"--- PASS: TestParsePlanRunPatterns_UnescapesTableRowPipes (0.00s)\n"}
{"Time":"2026-09-20T21:25:55.8670931-04:00","Action":"pass","Package":"github.com/qompack/qompack/tools/devtool","Test":"TestParsePlanRunPatterns_UnescapesTableRowPipes","Elapsed":0}
{"Time":"2026-09-20T21:25:55.8670931-04:00","Action":"run","Package":"github.com/qompack/qompack/tools/devtool","Test":"TestParsePlanRunPatterns_FlagsEscapedPipeOutsideTable"}
{"Time":"2026-09-20T21:25:55.8670931-04:00","Action":"output","Package":"github.com/qompack/qompack/tools/devtool","Test":"TestParsePlanRunPatterns_FlagsEscapedPipeOutsideTable","Output":"=== RUN   TestParsePlanRunPatterns_FlagsEscapedPipeOutsideTable\n"}
{"Time":"2026-09-20T21:25:55.8676208-04:00","Action":"output","Package":"github.com/qompack/qompack/tools/devtool","Test":"TestParsePlanRunPatterns_FlagsEscapedPipeOutsideTable","Output":"--- PASS: TestParsePlanRunPatterns_FlagsEscapedPipeOutsideTable (0.00s)\n"}
{"Time":"2026-09-20T21:25:55.8676208-04:00","Action":"pass","Package":"github.com/qompack/qompack/tools/devtool","Test":"TestParsePlanRunPatterns_FlagsEscapedPipeOutsideTable","Elapsed":0}
{"Time":"2026-09-20T21:25:55.8676208-04:00","Action":"run","Package":"github.com/qompack/qompack/tools/devtool","Test":"TestParsePlanRunPatterns_SkipsShellVariables"}
{"Time":"2026-09-20T21:25:55.8676208-04:00","Action":"output","Package":"github.com/qompack/qompack/tools/devtool","Test":"TestParsePlanRunPatterns_SkipsShellVariables","Output":"=== RUN   TestParsePlanRunPatterns_SkipsShellVariables\n"}
{"Time":"2026-09-20T21:25:55.8676208-04:00","Action":"output","Package":"github.com/qompack/qompack/tools/devtool","Test":"TestParsePlanRunPatterns_SkipsShellVariables","Output":"--- PASS: TestParsePlanRunPatterns_SkipsShellVariables (0.00s)\n"}
{"Time":"2026-09-20T21:25:55.8676208-04:00","Action":"pass","Package":"github.com/qompack/qompack/tools/devtool","Test":"TestParsePlanRunPatterns_SkipsShellVariables","Elapsed":0}
{"Time":"2026-09-20T21:25:55.8676208-04:00","Action":"run","Package":"github.com/qompack/qompack/tools/devtool","Test":"TestParsePlanRunPatterns_IncludesFencedCommands"}
{"Time":"2026-09-20T21:25:55.8676208-04:00","Action":"output","Package":"github.com/qompack/qompack/tools/devtool","Test":"TestParsePlanRunPatterns_IncludesFencedCommands","Output":"=== RUN   TestParsePlanRunPatterns_IncludesFencedCommands\n"}
{"Time":"2026-09-20T21:25:55.8676208-04:00","Action":"output","Package":"github.com/qompack/qompack/tools/devtool","Test":"TestParsePlanRunPatterns_IncludesFencedCommands","Output":"--- PASS: TestParsePlanRunPatterns_IncludesFencedCommands (0.00s)\n"}
{"Time":"2026-09-20T21:25:55.8676208-04:00","Action":"pass","Package":"github.com/qompack/qompack/tools/devtool","Test":"TestParsePlanRunPatterns_IncludesFencedCommands","Elapsed":0}
{"Time":"2026-09-20T21:25:55.8676208-04:00","Action":"run","Package":"github.com/qompack/qompack/tools/devtool","Test":"TestParsePlanRunPatterns_InlineWaiverCoversItsOwnLine"}
{"Time":"2026-09-20T21:25:55.8676208-04:00","Action":"output","Package":"github.com/qompack/qompack/tools/devtool","Test":"TestParsePlanRunPatterns_InlineWaiverCoversItsOwnLine","Output":"=== RUN   TestParsePlanRunPatterns_InlineWaiverCoversItsOwnLine\n"}
{"Time":"2026-09-20T21:25:55.8676208-04:00","Action":"output","Package":"github.com/qompack/qompack/tools/devtool","Test":"TestParsePlanRunPatterns_InlineWaiverCoversItsOwnLine","Output":"--- PASS: TestParsePlanRunPatterns_InlineWaiverCoversItsOwnLine (0.00s)\n"}
{"Time":"2026-09-20T21:25:55.8676208-04:00","Action":"pass","Package":"github.com/qompack/qompack/tools/devtool","Test":"TestParsePlanRunPatterns_InlineWaiverCoversItsOwnLine","Elapsed":0}
{"Time":"2026-09-20T21:25:55.8676208-04:00","Action":"run","Package":"github.com/qompack/qompack/tools/devtool","Test":"TestParsePlanRunPatterns_WaiverBeforeFenceCoversTheBlock"}
{"Time":"2026-09-20T21:25:55.8676208-04:00","Action":"output","Package":"github.com/qompack/qompack/tools/devtool","Test":"TestParsePlanRunPatterns_WaiverBeforeFenceCoversTheBlock","Output":"=== RUN   TestParsePlanRunPatterns_WaiverBeforeFenceCoversTheBlock\n"}
{"Time":"2026-09-20T21:25:55.8676208-04:00","Action":"output","Package":"github.com/qompack/qompack/tools/devtool","Test":"TestParsePlanRunPatterns_WaiverBeforeFenceCoversTheBlock","Output":"--- PASS: TestParsePlanRunPatterns_WaiverBeforeFenceCoversTheBlock (0.00s)\n"}
{"Time":"2026-09-20T21:25:55.8676208-04:00","Action":"pass","Package":"github.com/qompack/qompack/tools/devtool","Test":"TestParsePlanRunPatterns_WaiverBeforeFenceCoversTheBlock","Elapsed":0}
{"Time":"2026-09-20T21:25:55.8676208-04:00","Action":"run","Package":"github.com/qompack/qompack/tools/devtool","Test":"TestMatchesNoTest"}
{"Time":"2026-09-20T21:25:55.8676208-04:00","Action":"output","Package":"github.com/qompack/qompack/tools/devtool","Test":"TestMatchesNoTest","Output":"=== RUN   TestMatchesNoTest\n"}
{"Time":"2026-09-20T21:25:55.8676208-04:00","Action":"run","Package":"github.com/qompack/qompack/tools/devtool","Test":"TestMatchesNoTest/exact_hit"}
{"Time":"2026-09-20T21:25:55.8676208-04:00","Action":"output","Package":"github.com/qompack/qompack/tools/devtool","Test":"TestMatchesNoTest/exact_hit","Output":"=== RUN   TestMatchesNoTest/exact_hit\n"}
{"Time":"2026-09-20T21:25:55.8676208-04:00","Action":"output","Package":"github.com/qompack/qompack/tools/devtool","Test":"TestMatchesNoTest/exact_hit","Output":"--- PASS: TestMatchesNoTest/exact_hit (0.00s)\n"}
{"Time":"2026-09-20T21:25:55.8676208-04:00","Action":"pass","Package":"github.com/qompack/qompack/tools/devtool","Test":"TestMatchesNoTest/exact_hit","Elapsed":0}
{"Time":"2026-09-20T21:25:55.8676208-04:00","Action":"run","Package":"github.com/qompack/qompack/tools/devtool","Test":"TestMatchesNoTest/prefix_hit,_unanchored"}
{"Time":"2026-09-20T21:25:55.8676208-04:00","Action":"output","Package":"github.com/qompack/qompack/tools/devtool","Test":"TestMatchesNoTest/prefix_hit,_unanchored","Output":"=== RUN   TestMatchesNoTest/prefix_hit,_unanchored\n"}
{"Time":"2026-09-20T21:25:55.8676208-04:00","Action":"output","Package":"github.com/qompack/qompack/tools/devtool","Test":"TestMatchesNoTest/prefix_hit,_unanchored","Output":"--- PASS: TestMatchesNoTest/prefix_hit,_unanchored (0.00s)\n"}
{"Time":"2026-09-20T21:25:55.8676208-04:00","Action":"pass","Package":"github.com/qompack/qompack/tools/devtool","Test":"TestMatchesNoTest/prefix_hit,_unanchored","Elapsed":0}
{"Time":"2026-09-20T21:25:55.8676208-04:00","Action":"run","Package":"github.com/qompack/qompack/tools/devtool","Test":"TestMatchesNoTest/alternation_hits"}
{"Time":"2026-09-20T21:25:55.8676208-04:00","Action":"output","Package":"github.com/qompack/qompack/tools/devtool","Test":"TestMatchesNoTest/alternation_hits","Output":"=== RUN   TestMatchesNoTest/alternation_hits\n"}
{"Time":"2026-09-20T21:25:55.8676208-04:00","Action":"output","Package":"github.com/qompack/qompack/tools/devtool","Test":"TestMatchesNoTest/alternation_hits","Output":"--- PASS: TestMatchesNoTest/alternation_hits (0.00s)\n"}
{"Time":"2026-09-20T21:25:55.8676208-04:00","Action":"pass","Package":"github.com/qompack/qompack/tools/devtool","Test":"TestMatchesNoTest/alternation_hits","Elapsed":0}
{"Time":"2026-09-20T21:25:55.8676208-04:00","Action":"run","Package":"github.com/qompack/qompack/tools/devtool","Test":"TestMatchesNoTest/benchmark_hit"}
{"Time":"2026-09-20T21:25:55.8676208-04:00","Action":"output","Package":"github.com/qompack/qompack/tools/devtool","Test":"TestMatchesNoTest/benchmark_hit","Output":"=== RUN   TestMatchesNoTest/benchmark_hit\n"}
{"Time":"2026-09-20T21:25:55.8676208-04:00","Action":"output","Package":"github.com/qompack/qompack/tools/devtool","Test":"TestMatchesNoTest/benchmark_hit","Output":"--- PASS: TestMatchesNoTest/benchmark_hit (0.00s)\n"}
{"Time":"2026-09-20T21:25:55.8676208-04:00","Action":"pass","Package":"github.com/qompack/qompack/tools/devtool","Test":"TestMatchesNoTest/benchmark_hit","Elapsed":0}
{"Time":"2026-09-20T21:25:55.8676208-04:00","Action":"run","Package":"github.com/qompack/qompack/tools/devtool","Test":"TestMatchesNoTest/fuzz_hit"}
{"Time":"2026-09-20T21:25:55.8676208-04:00","Action":"output","Package":"github.com/qompack/qompack/tools/devtool","Test":"TestMatchesNoTest/fuzz_hit","Output":"=== RUN   TestMatchesNoTest/fuzz_hit\n"}
{"Time":"2026-09-20T21:25:55.8676208-04:00","Action":"output","Package":"github.com/qompack/qompack/tools/devtool","Test":"TestMatchesNoTest/fuzz_hit","Output":"--- PASS: TestMatchesNoTest/fuzz_hit (0.00s)\n"}
{"Time":"2026-09-20T21:25:55.8676208-04:00","Action":"pass","Package":"github.com/qompack/qompack/tools/devtool","Test":"TestMatchesNoTest/fuzz_hit","Elapsed":0}
{"Time":"2026-09-20T21:25:55.8676208-04:00","Action":"run","Package":"github.com/qompack/qompack/tools/devtool","Test":"TestMatchesNoTest/subtest_head_hits"}
{"Time":"2026-09-20T21:25:55.8676208-04:00","Action":"output","Package":"github.com/qompack/qompack/tools/devtool","Test":"TestMatchesNoTest/subtest_head_hits","Output":"=== RUN   TestMatchesNoTest/subtest_head_hits\n"}
{"Time":"2026-09-20T21:25:55.8676208-04:00","Action":"output","Package":"github.com/qompack/qompack/tools/devtool","Test":"TestMatchesNoTest/subtest_head_hits","Output":"--- PASS: TestMatchesNoTest/subtest_head_hits (0.00s)\n"}
{"Time":"2026-09-20T21:25:55.8676208-04:00","Action":"pass","Package":"github.com/qompack/qompack/tools/devtool","Test":"TestMatchesNoTest/subtest_head_hits","Elapsed":0}
{"Time":"2026-09-20T21:25:55.8676208-04:00","Action":"run","Package":"github.com/qompack/qompack/tools/devtool","Test":"TestMatchesNoTest/renamed_away"}
{"Time":"2026-09-20T21:25:55.8676208-04:00","Action":"output","Package":"github.com/qompack/qompack/tools/devtool","Test":"TestMatchesNoTest/renamed_away","Output":"=== RUN   TestMatchesNoTest/renamed_away\n"}
{"Time":"2026-09-20T21:25:55.8676208-04:00","Action":"output","Package":"github.com/qompack/qompack/tools/devtool","Test":"TestMatchesNoTest/renamed_away","Output":"--- PASS: TestMatchesNoTest/renamed_away (0.00s)\n"}
{"Time":"2026-09-20T21:25:55.8676208-04:00","Action":"pass","Package":"github.com/qompack/qompack/tools/devtool","Test":"TestMatchesNoTest/renamed_away","Elapsed":0}
{"Time":"2026-09-20T21:25:55.8676208-04:00","Action":"run","Package":"github.com/qompack/qompack/tools/devtool","Test":"TestMatchesNoTest/literal_pipe_from_a_bad_escape"}
{"Time":"2026-09-20T21:25:55.8676208-04:00","Action":"output","Package":"github.com/qompack/qompack/tools/devtool","Test":"TestMatchesNoTest/literal_pipe_from_a_bad_escape","Output":"=== RUN   TestMatchesNoTest/literal_pipe_from_a_bad_escape\n"}
{"Time":"2026-09-20T21:25:55.8676208-04:00","Action":"output","Package":"github.com/qompack/qompack/tools/devtool","Test":"TestMatchesNoTest/literal_pipe_from_a_bad_escape","Output":"--- PASS: TestMatchesNoTest/literal_pipe_from_a_bad_escape (0.00s)\n"}
{"Time":"2026-09-20T21:25:55.8676208-04:00","Action":"pass","Package":"github.com/qompack/qompack/tools/devtool","Test":"TestMatchesNoTest/literal_pipe_from_a_bad_escape","Elapsed":0}
{"Time":"2026-09-20T21:25:55.8676208-04:00","Action":"run","Package":"github.com/qompack/qompack/tools/devtool","Test":"TestMatchesNoTest/subtest_head_misses"}
{"Time":"2026-09-20T21:25:55.8676208-04:00","Action":"output","Package":"github.com/qompack/qompack/tools/devtool","Test":"TestMatchesNoTest/subtest_head_misses","Output":"=== RUN   TestMatchesNoTest/subtest_head_misses\n"}
{"Time":"2026-09-20T21:25:55.8676208-04:00","Action":"output","Package":"github.com/qompack/qompack/tools/devtool","Test":"TestMatchesNoTest/subtest_head_misses","Output":"--- PASS: TestMatchesNoTest/subtest_head_misses (0.00s)\n"}
{"Time":"2026-09-20T21:25:55.8676208-04:00","Action":"pass","Package":"github.com/qompack/qompack/tools/devtool","Test":"TestMatchesNoTest/subtest_head_misses","Elapsed":0}
{"Time":"2026-09-20T21:25:55.8676208-04:00","Action":"output","Package":"github.com/qompack/qompack/tools/devtool","Test":"TestMatchesNoTest","Output":"--- PASS: TestMatchesNoTest (0.00s)\n"}
{"Time":"2026-09-20T21:25:55.8676208-04:00","Action":"pass","Package":"github.com/qompack/qompack/tools/devtool","Test":"TestMatchesNoTest","Elapsed":0}
{"Time":"2026-09-20T21:25:55.8676208-04:00","Action":"run","Package":"github.com/qompack/qompack/tools/devtool","Test":"TestFindPlanMarkers_CatchesTheReportSurvivors"}
{"Time":"2026-09-20T21:25:55.8676208-04:00","Action":"output","Package":"github.com/qompack/qompack/tools/devtool","Test":"TestFindPlanMarkers_CatchesTheReportSurvivors","Output":"=== RUN   TestFindPlanMarkers_CatchesTheReportSurvivors\n"}
{"Time":"2026-09-20T21:25:55.8676208-04:00","Action":"output","Package":"github.com/qompack/qompack/tools/devtool","Test":"TestFindPlanMarkers_CatchesTheReportSurvivors","Output":"--- PASS: TestFindPlanMarkers_CatchesTheReportSurvivors (0.00s)\n"}
{"Time":"2026-09-20T21:25:55.8676208-04:00","Action":"pass","Package":"github.com/qompack/qompack/tools/devtool","Test":"TestFindPlanMarkers_CatchesTheReportSurvivors","Elapsed":0}
{"Time":"2026-09-20T21:25:55.8676208-04:00","Action":"run","Package":"github.com/qompack/qompack/tools/devtool","Test":"TestFindPlanMarkers_CatchesBareHyphenatedMarkers"}
{"Time":"2026-09-20T21:25:55.8676208-04:00","Action":"output","Package":"github.com/qompack/qompack/tools/devtool","Test":"TestFindPlanMarkers_CatchesBareHyphenatedMarkers","Output":"=== RUN   TestFindPlanMarkers_CatchesBareHyphenatedMarkers\n"}
{"Time":"2026-09-20T21:25:55.8683106-04:00","Action":"output","Package":"github.com/qompack/qompack/tools/devtool","Test":"TestFindPlanMarkers_CatchesBareHyphenatedMarkers","Output":"--- PASS: TestFindPlanMarkers_CatchesBareHyphenatedMarkers (0.00s)\n"}
{"Time":"2026-09-20T21:25:55.8683106-04:00","Action":"pass","Package":"github.com/qompack/qompack/tools/devtool","Test":"TestFindPlanMarkers_CatchesBareHyphenatedMarkers","Elapsed":0}
{"Time":"2026-09-20T21:25:55.8683106-04:00","Action":"run","Package":"github.com/qompack/qompack/tools/devtool","Test":"TestFindPlanMarkers_AllowsEstablishedNotation"}
{"Time":"2026-09-20T21:25:55.8683106-04:00","Action":"output","Package":"github.com/qompack/qompack/tools/devtool","Test":"TestFindPlanMarkers_AllowsEstablishedNotation","Output":"=== RUN   TestFindPlanMarkers_AllowsEstablishedNotation\n"}
{"Time":"2026-09-20T21:25:55.8683106-04:00","Action":"output","Package":"github.com/qompack/qompack/tools/devtool","Test":"TestFindPlanMarkers_AllowsEstablishedNotation","Output":"--- PASS: TestFindPlanMarkers_AllowsEstablishedNotation (0.00s)\n"}
{"Time":"2026-09-20T21:25:55.8683106-04:00","Action":"pass","Package":"github.com/qompack/qompack/tools/devtool","Test":"TestFindPlanMarkers_AllowsEstablishedNotation","Elapsed":0}
{"Time":"2026-09-20T21:25:55.8683106-04:00","Action":"run","Package":"github.com/qompack/qompack/tools/devtool","Test":"TestFindPlanMarkers_AllowsMixedCaseMetavariables"}
{"Time":"2026-09-20T21:25:55.8683106-04:00","Action":"output","Package":"github.com/qompack/qompack/tools/devtool","Test":"TestFindPlanMarkers_AllowsMixedCaseMetavariables","Output":"=== RUN   TestFindPlanMarkers_AllowsMixedCaseMetavariables\n"}
{"Time":"2026-09-20T21:25:55.8683106-04:00","Action":"output","Package":"github.com/qompack/qompack/tools/devtool","Test":"TestFindPlanMarkers_AllowsMixedCaseMetavariables","Output":"--- PASS: TestFindPlanMarkers_AllowsMixedCaseMetavariables (0.00s)\n"}
{"Time":"2026-09-20T21:25:55.8683106-04:00","Action":"pass","Package":"github.com/qompack/qompack/tools/devtool","Test":"TestFindPlanMarkers_AllowsMixedCaseMetavariables","Elapsed":0}
{"Time":"2026-09-20T21:25:55.8683106-04:00","Action":"run","Package":"github.com/qompack/qompack/tools/devtool","Test":"TestFindPlanMarkers_ExemptsCodeFences"}
{"Time":"2026-09-20T21:25:55.8683106-04:00","Action":"output","Package":"github.com/qompack/qompack/tools/devtool","Test":"TestFindPlanMarkers_ExemptsCodeFences","Output":"=== RUN   TestFindPlanMarkers_ExemptsCodeFences\n"}
{"Time":"2026-09-20T21:25:55.8688609-04:00","Action":"output","Package":"github.com/qompack/qompack/tools/devtool","Test":"TestFindPlanMarkers_ExemptsCodeFences","Output":"--- PASS: TestFindPlanMarkers_ExemptsCodeFences (0.00s)\n"}
{"Time":"2026-09-20T21:25:55.8688609-04:00","Action":"pass","Package":"github.com/qompack/qompack/tools/devtool","Test":"TestFindPlanMarkers_ExemptsCodeFences","Elapsed":0}
{"Time":"2026-09-20T21:25:55.8688609-04:00","Action":"run","Package":"github.com/qompack/qompack/tools/devtool","Test":"TestPlanDocsInScope_TracksLandedSubplans"}
{"Time":"2026-09-20T21:25:55.8688609-04:00","Action":"output","Package":"github.com/qompack/qompack/tools/devtool","Test":"TestPlanDocsInScope_TracksLandedSubplans","Output":"=== RUN   TestPlanDocsInScope_TracksLandedSubplans\n"}
{"Time":"2026-09-20T21:25:55.8688609-04:00","Action":"output","Package":"github.com/qompack/qompack/tools/devtool","Test":"TestPlanDocsInScope_TracksLandedSubplans","Output":"--- PASS: TestPlanDocsInScope_TracksLandedSubplans (0.00s)\n"}
{"Time":"2026-09-20T21:25:55.8688609-04:00","Action":"pass","Package":"github.com/qompack/qompack/tools/devtool","Test":"TestPlanDocsInScope_TracksLandedSubplans","Elapsed":0}
{"Time":"2026-09-20T21:25:55.8688609-04:00","Action":"run","Package":"github.com/qompack/qompack/tools/devtool","Test":"TestPlanDocsInScope_FollowsLandedSubplansWithoutASecondList"}
{"Time":"2026-09-20T21:25:55.8688609-04:00","Action":"output","Package":"github.com/qompack/qompack/tools/devtool","Test":"TestPlanDocsInScope_FollowsLandedSubplansWithoutASecondList","Output":"=== RUN   TestPlanDocsInScope_FollowsLandedSubplansWithoutASecondList\n"}
{"Time":"2026-09-20T21:25:55.8688609-04:00","Action":"output","Package":"github.com/qompack/qompack/tools/devtool","Test":"TestPlanDocsInScope_FollowsLandedSubplansWithoutASecondList","Output":"--- PASS: TestPlanDocsInScope_FollowsLandedSubplansWithoutASecondList (0.00s)\n"}
{"Time":"2026-09-20T21:25:55.8688609-04:00","Action":"pass","Package":"github.com/qompack/qompack/tools/devtool","Test":"TestPlanDocsInScope_FollowsLandedSubplansWithoutASecondList","Elapsed":0}
{"Time":"2026-09-20T21:25:55.8688609-04:00","Action":"run","Package":"github.com/qompack/qompack/tools/devtool","Test":"TestPkgDirRel_StripsTheWildcard"}
{"Time":"2026-09-20T21:25:55.8688609-04:00","Action":"output","Package":"github.com/qompack/qompack/tools/devtool","Test":"TestPkgDirRel_StripsTheWildcard","Output":"=== RUN   TestPkgDirRel_StripsTheWildcard\n"}
{"Time":"2026-09-20T21:25:55.8688609-04:00","Action":"output","Package":"github.com/qompack/qompack/tools/devtool","Test":"TestPkgDirRel_StripsTheWildcard","Output":"--- PASS: TestPkgDirRel_StripsTheWildcard (0.00s)\n"}
{"Time":"2026-09-20T21:25:55.8688609-04:00","Action":"pass","Package":"github.com/qompack/qompack/tools/devtool","Test":"TestPkgDirRel_StripsTheWildcard","Elapsed":0}
{"Time":"2026-09-20T21:25:55.8688609-04:00","Action":"run","Package":"github.com/qompack/qompack/tools/devtool","Test":"TestNamesFor_WildcardUnionsEveryPackageBeneathIt"}
{"Time":"2026-09-20T21:25:55.8688609-04:00","Action":"output","Package":"github.com/qompack/qompack/tools/devtool","Test":"TestNamesFor_WildcardUnionsEveryPackageBeneathIt","Output":"=== RUN   TestNamesFor_WildcardUnionsEveryPackageBeneathIt\n"}
{"Time":"2026-09-20T21:25:55.8688609-04:00","Action":"output","Package":"github.com/qompack/qompack/tools/devtool","Test":"TestNamesFor_WildcardUnionsEveryPackageBeneathIt","Output":"--- PASS: TestNamesFor_WildcardUnionsEveryPackageBeneathIt (0.00s)\n"}
{"Time":"2026-09-20T21:25:55.8688609-04:00","Action":"pass","Package":"github.com/qompack/qompack/tools/devtool","Test":"TestNamesFor_WildcardUnionsEveryPackageBeneathIt","Elapsed":0}
{"Time":"2026-09-20T21:25:55.8688609-04:00","Action":"run","Package":"github.com/qompack/qompack/tools/devtool","Test":"TestNamesFor_WildcardDoesNotReachSiblingPrefixes"}
{"Time":"2026-09-20T21:25:55.8688609-04:00","Action":"output","Package":"github.com/qompack/qompack/tools/devtool","Test":"TestNamesFor_WildcardDoesNotReachSiblingPrefixes","Output":"=== RUN   TestNamesFor_WildcardDoesNotReachSiblingPrefixes\n"}
{"Time":"2026-09-20T21:25:55.8688609-04:00","Action":"output","Package":"github.com/qompack/qompack/tools/devtool","Test":"TestNamesFor_WildcardDoesNotReachSiblingPrefixes","Output":"--- PASS: TestNamesFor_WildcardDoesNotReachSiblingPrefixes (0.00s)\n"}
{"Time":"2026-09-20T21:25:55.8688609-04:00","Action":"pass","Package":"github.com/qompack/qompack/tools/devtool","Test":"TestNamesFor_WildcardDoesNotReachSiblingPrefixes","Elapsed":0}
{"Time":"2026-09-20T21:25:55.8688609-04:00","Action":"run","Package":"github.com/qompack/qompack/tools/devtool","Test":"TestNamesFor_ExactPathStaysExact"}
{"Time":"2026-09-20T21:25:55.8688609-04:00","Action":"output","Package":"github.com/qompack/qompack/tools/devtool","Test":"TestNamesFor_ExactPathStaysExact","Output":"=== RUN   TestNamesFor_ExactPathStaysExact\n"}
{"Time":"2026-09-20T21:25:55.8688609-04:00","Action":"output","Package":"github.com/qompack/qompack/tools/devtool","Test":"TestNamesFor_ExactPathStaysExact","Output":"--- PASS: TestNamesFor_ExactPathStaysExact (0.00s)\n"}
{"Time":"2026-09-20T21:25:55.8688609-04:00","Action":"pass","Package":"github.com/qompack/qompack/tools/devtool","Test":"TestNamesFor_ExactPathStaysExact","Elapsed":0}
{"Time":"2026-09-20T21:25:55.8688609-04:00","Action":"run","Package":"github.com/qompack/qompack/tools/devtool","Test":"TestNamesFor_ModuleRootWildcard"}
{"Time":"2026-09-20T21:25:55.8688609-04:00","Action":"output","Package":"github.com/qompack/qompack/tools/devtool","Test":"TestNamesFor_ModuleRootWildcard","Output":"=== RUN   TestNamesFor_ModuleRootWildcard\n"}
{"Time":"2026-09-20T21:25:55.8688609-04:00","Action":"output","Package":"github.com/qompack/qompack/tools/devtool","Test":"TestNamesFor_ModuleRootWildcard","Output":"--- PASS: TestNamesFor_ModuleRootWildcard (0.00s)\n"}
{"Time":"2026-09-20T21:25:55.8688609-04:00","Action":"pass","Package":"github.com/qompack/qompack/tools/devtool","Test":"TestNamesFor_ModuleRootWildcard","Elapsed":0}
{"Time":"2026-09-20T21:25:55.8688609-04:00","Action":"run","Package":"github.com/qompack/qompack/tools/devtool","Test":"TestOwnersKeyOf_ResolvesEverySpellingThePlansUse"}
{"Time":"2026-09-20T21:25:55.8688609-04:00","Action":"output","Package":"github.com/qompack/qompack/tools/devtool","Test":"TestOwnersKeyOf_ResolvesEverySpellingThePlansUse","Output":"=== RUN   TestOwnersKeyOf_ResolvesEverySpellingThePlansUse\n"}
{"Time":"2026-09-20T21:25:55.8693847-04:00","Action":"output","Package":"github.com/qompack/qompack/tools/devtool","Test":"TestOwnersKeyOf_ResolvesEverySpellingThePlansUse","Output":"--- PASS: TestOwnersKeyOf_ResolvesEverySpellingThePlansUse (0.00s)\n"}
{"Time":"2026-09-20T21:25:55.8693847-04:00","Action":"pass","Package":"github.com/qompack/qompack/tools/devtool","Test":"TestOwnersKeyOf_ResolvesEverySpellingThePlansUse","Elapsed":0}
{"Time":"2026-09-20T21:25:55.8693847-04:00","Action":"run","Package":"github.com/qompack/qompack/tools/devtool","Test":"TestPkgTestSetIsSettled_LandedOwnerAndNobodyStillWriting"}
{"Time":"2026-09-20T21:25:55.8693847-04:00","Action":"output","Package":"github.com/qompack/qompack/tools/devtool","Test":"TestPkgTestSetIsSettled_LandedOwnerAndNobodyStillWriting","Output":"=== RUN   TestPkgTestSetIsSettled_LandedOwnerAndNobodyStillWriting\n"}
{"Time":"2026-09-20T21:25:55.8693847-04:00","Action":"output","Package":"github.com/qompack/qompack/tools/devtool","Test":"TestPkgTestSetIsSettled_LandedOwnerAndNobodyStillWriting","Output":"--- PASS: TestPkgTestSetIsSettled_LandedOwnerAndNobodyStillWriting (0.00s)\n"}
{"Time":"2026-09-20T21:25:55.8693847-04:00","Action":"pass","Package":"github.com/qompack/qompack/tools/devtool","Test":"TestPkgTestSetIsSettled_LandedOwnerAndNobodyStillWriting","Elapsed":0}
{"Time":"2026-09-20T21:25:55.8693847-04:00","Action":"run","Package":"github.com/qompack/qompack/tools/devtool","Test":"TestDeliberateNoMatch_CoversBothSpellingsOfRunNothing"}
{"Time":"2026-09-20T21:25:55.8693847-04:00","Action":"output","Package":"github.com/qompack/qompack/tools/devtool","Test":"TestDeliberateNoMatch_CoversBothSpellingsOfRunNothing","Output":"=== RUN   TestDeliberateNoMatch_CoversBothSpellingsOfRunNothing\n"}
{"Time":"2026-09-20T21:25:55.8693847-04:00","Action":"output","Package":"github.com/qompack/qompack/tools/devtool","Test":"TestDeliberateNoMatch_CoversBothSpellingsOfRunNothing","Output":"--- PASS: TestDeliberateNoMatch_CoversBothSpellingsOfRunNothing (0.00s)\n"}
{"Time":"2026-09-20T21:25:55.8693847-04:00","Action":"pass","Package":"github.com/qompack/qompack/tools/devtool","Test":"TestDeliberateNoMatch_CoversBothSpellingsOfRunNothing","Elapsed":0}
{"Time":"2026-09-20T21:25:55.8693847-04:00","Action":"run","Package":"github.com/qompack/qompack/tools/devtool","Test":"TestRunReleaseCheckSteps"}
{"Time":"2026-09-20T21:25:55.8693847-04:00","Action":"output","Package":"github.com/qompack/qompack/tools/devtool","Test":"TestRunReleaseCheckSteps","Output":"=== RUN   TestRunReleaseCheckSteps\n"}
{"Time":"2026-09-20T21:25:55.8693847-04:00","Action":"run","Package":"github.com/qompack/qompack/tools/devtool","Test":"TestRunReleaseCheckSteps/all_pass"}
{"Time":"2026-09-20T21:25:55.8693847-04:00","Action":"output","Package":"github.com/qompack/qompack/tools/devtool","Test":"TestRunReleaseCheckSteps/all_pass","Output":"=== RUN   TestRunReleaseCheckSteps/all_pass\n"}
{"Time":"2026-09-20T21:25:55.8693847-04:00","Action":"output","Package":"github.com/qompack/qompack/tools/devtool","Test":"TestRunReleaseCheckSteps/all_pass","Output":"\n"}
{"Time":"2026-09-20T21:25:55.8693847-04:00","Action":"output","Package":"github.com/qompack/qompack/tools/devtool","Test":"TestRunReleaseCheckSteps/all_pass","Output":"=== release-check: a ===\n"}
{"Time":"2026-09-20T21:25:55.8693847-04:00","Action":"output","Package":"github.com/qompack/qompack/tools/devtool","Test":"TestRunReleaseCheckSteps/all_pass","Output":"release-check: a PASS — a detail\n"}
{"Time":"2026-09-20T21:25:55.8693847-04:00","Action":"output","Package":"github.com/qompack/qompack/tools/devtool","Test":"TestRunReleaseCheckSteps/all_pass","Output":"\n"}
{"Time":"2026-09-20T21:25:55.8693847-04:00","Action":"output","Package":"github.com/qompack/qompack/tools/devtool","Test":"TestRunReleaseCheckSteps/all_pass","Output":"=== release-check: b ===\n"}
{"Time":"2026-09-20T21:25:55.8693847-04:00","Action":"output","Package":"github.com/qompack/qompack/tools/devtool","Test":"TestRunReleaseCheckSteps/all_pass","Output":"release-check: b PASS — b detail\n"}
{"Time":"2026-09-20T21:25:55.8693847-04:00","Action":"output","Package":"github.com/qompack/qompack/tools/devtool","Test":"TestRunReleaseCheckSteps/all_pass","Output":"\n"}
{"Time":"2026-09-20T21:25:55.8693847-04:00","Action":"output","Package":"github.com/qompack/qompack/tools/devtool","Test":"TestRunReleaseCheckSteps/all_pass","Output":"=== release-check: c ===\n"}
{"Time":"2026-09-20T21:25:55.8693847-04:00","Action":"output","Package":"github.com/qompack/qompack/tools/devtool","Test":"TestRunReleaseCheckSteps/all_pass","Output":"release-check: c PASS — c detail\n"}
{"Time":"2026-09-20T21:25:55.8693847-04:00","Action":"output","Package":"github.com/qompack/qompack/tools/devtool","Test":"TestRunReleaseCheckSteps/all_pass","Output":"--- PASS: TestRunReleaseCheckSteps/all_pass (0.00s)\n"}
{"Time":"2026-09-20T21:25:55.8693847-04:00","Action":"pass","Package":"github.com/qompack/qompack/tools/devtool","Test":"TestRunReleaseCheckSteps/all_pass","Elapsed":0}
{"Time":"2026-09-20T21:25:55.8693847-04:00","Action":"run","Package":"github.com/qompack/qompack/tools/devtool","Test":"TestRunReleaseCheckSteps/skipped_does_not_fail"}
{"Time":"2026-09-20T21:25:55.8693847-04:00","Action":"output","Package":"github.com/qompack/qompack/tools/devtool","Test":"TestRunReleaseCheckSteps/skipped_does_not_fail","Output":"=== RUN   TestRunReleaseCheckSteps/skipped_does_not_fail\n"}
{"Time":"2026-09-20T21:25:55.8693847-04:00","Action":"output","Package":"github.com/qompack/qompack/tools/devtool","Test":"TestRunReleaseCheckSteps/skipped_does_not_fail","Output":"\n"}
{"Time":"2026-09-20T21:25:55.8693847-04:00","Action":"output","Package":"github.com/qompack/qompack/tools/devtool","Test":"TestRunReleaseCheckSteps/skipped_does_not_fail","Output":"=== release-check: a ===\n"}
{"Time":"2026-09-20T21:25:55.8693847-04:00","Action":"output","Package":"github.com/qompack/qompack/tools/devtool","Test":"TestRunReleaseCheckSteps/skipped_does_not_fail","Output":"release-check: a PASS — a detail\n"}
{"Time":"2026-09-20T21:25:55.8693847-04:00","Action":"output","Package":"github.com/qompack/qompack/tools/devtool","Test":"TestRunReleaseCheckSteps/skipped_does_not_fail","Output":"\n"}
{"Time":"2026-09-20T21:25:55.8693847-04:00","Action":"output","Package":"github.com/qompack/qompack/tools/devtool","Test":"TestRunReleaseCheckSteps/skipped_does_not_fail","Output":"=== release-check: b ===\n"}
{"Time":"2026-09-20T21:25:55.8693847-04:00","Action":"output","Package":"github.com/qompack/qompack/tools/devtool","Test":"TestRunReleaseCheckSteps/skipped_does_not_fail","Output":"release-check: b SKIPPED — b detail\n"}
{"Time":"2026-09-20T21:25:55.8693847-04:00","Action":"output","Package":"github.com/qompack/qompack/tools/devtool","Test":"TestRunReleaseCheckSteps/skipped_does_not_fail","Output":"\n"}
{"Time":"2026-09-20T21:25:55.8693847-04:00","Action":"output","Package":"github.com/qompack/qompack/tools/devtool","Test":"TestRunReleaseCheckSteps/skipped_does_not_fail","Output":"=== release-check: c ===\n"}
{"Time":"2026-09-20T21:25:55.8693847-04:00","Action":"output","Package":"github.com/qompack/qompack/tools/devtool","Test":"TestRunReleaseCheckSteps/skipped_does_not_fail","Output":"release-check: c PASS — c detail\n"}
{"Time":"2026-09-20T21:25:55.8693847-04:00","Action":"output","Package":"github.com/qompack/qompack/tools/devtool","Test":"TestRunReleaseCheckSteps/skipped_does_not_fail","Output":"--- PASS: TestRunReleaseCheckSteps/skipped_does_not_fail (0.00s)\n"}
{"Time":"2026-09-20T21:25:55.8693847-04:00","Action":"pass","Package":"github.com/qompack/qompack/tools/devtool","Test":"TestRunReleaseCheckSteps/skipped_does_not_fail","Elapsed":0}
{"Time":"2026-09-20T21:25:55.8693847-04:00","Action":"run","Package":"github.com/qompack/qompack/tools/devtool","Test":"TestRunReleaseCheckSteps/stops_at_the_first_fail"}
{"Time":"2026-09-20T21:25:55.8699271-04:00","Action":"output","Package":"github.com/qompack/qompack/tools/devtool","Test":"TestRunReleaseCheckSteps/stops_at_the_first_fail","Output":"=== RUN   TestRunReleaseCheckSteps/stops_at_the_first_fail\n"}
{"Time":"2026-09-20T21:25:55.8699271-04:00","Action":"output","Package":"github.com/qompack/qompack/tools/devtool","Test":"TestRunReleaseCheckSteps/stops_at_the_first_fail","Output":"\n"}
{"Time":"2026-09-20T21:25:55.8699271-04:00","Action":"output","Package":"github.com/qompack/qompack/tools/devtool","Test":"TestRunReleaseCheckSteps/stops_at_the_first_fail","Output":"=== release-check: a ===\n"}
{"Time":"2026-09-20T21:25:55.8699271-04:00","Action":"output","Package":"github.com/qompack/qompack/tools/devtool","Test":"TestRunReleaseCheckSteps/stops_at_the_first_fail","Output":"release-check: a PASS — a detail\n"}
{"Time":"2026-09-20T21:25:55.8699271-04:00","Action":"output","Package":"github.com/qompack/qompack/tools/devtool","Test":"TestRunReleaseCheckSteps/stops_at_the_first_fail","Output":"\n"}
{"Time":"2026-09-20T21:25:55.8699271-04:00","Action":"output","Package":"github.com/qompack/qompack/tools/devtool","Test":"TestRunReleaseCheckSteps/stops_at_the_first_fail","Output":"=== release-check: b ===\n"}
{"Time":"2026-09-20T21:25:55.8699271-04:00","Action":"output","Package":"github.com/qompack/qompack/tools/devtool","Test":"TestRunReleaseCheckSteps/stops_at_the_first_fail","Output":"release-check: b FAIL — b detail\n"}
{"Time":"2026-09-20T21:25:55.8699271-04:00","Action":"output","Package":"github.com/qompack/qompack/tools/devtool","Test":"TestRunReleaseCheckSteps/stops_at_the_first_fail","Output":"--- PASS: TestRunReleaseCheckSteps/stops_at_the_first_fail (0.00s)\n"}
{"Time":"2026-09-20T21:25:55.8699271-04:00","Action":"pass","Package":"github.com/qompack/qompack/tools/devtool","Test":"TestRunReleaseCheckSteps/stops_at_the_first_fail","Elapsed":0}
{"Time":"2026-09-20T21:25:55.8699271-04:00","Action":"run","Package":"github.com/qompack/qompack/tools/devtool","Test":"TestRunReleaseCheckSteps/a_fail_first_stops_everything"}
{"Time":"2026-09-20T21:25:55.8699271-04:00","Action":"output","Package":"github.com/qompack/qompack/tools/devtool","Test":"TestRunReleaseCheckSteps/a_fail_first_stops_everything","Output":"=== RUN   TestRunReleaseCheckSteps/a_fail_first_stops_everything\n"}
{"Time":"2026-09-20T21:25:55.8699271-04:00","Action":"output","Package":"github.com/qompack/qompack/tools/devtool","Test":"TestRunReleaseCheckSteps/a_fail_first_stops_everything","Output":"\n"}
{"Time":"2026-09-20T21:25:55.8699271-04:00","Action":"output","Package":"github.com/qompack/qompack/tools/devtool","Test":"TestRunReleaseCheckSteps/a_fail_first_stops_everything","Output":"=== release-check: a ===\n"}
{"Time":"2026-09-20T21:25:55.8699271-04:00","Action":"output","Package":"github.com/qompack/qompack/tools/devtool","Test":"TestRunReleaseCheckSteps/a_fail_first_stops_everything","Output":"release-check: a FAIL — a detail\n"}
{"Time":"2026-09-20T21:25:55.8699271-04:00","Action":"output","Package":"github.com/qompack/qompack/tools/devtool","Test":"TestRunReleaseCheckSteps/a_fail_first_stops_everything","Output":"--- PASS: TestRunReleaseCheckSteps/a_fail_first_stops_everything (0.00s)\n"}
{"Time":"2026-09-20T21:25:55.8699271-04:00","Action":"pass","Package":"github.com/qompack/qompack/tools/devtool","Test":"TestRunReleaseCheckSteps/a_fail_first_stops_everything","Elapsed":0}
{"Time":"2026-09-20T21:25:55.8699271-04:00","Action":"output","Package":"github.com/qompack/qompack/tools/devtool","Test":"TestRunReleaseCheckSteps","Output":"--- PASS: TestRunReleaseCheckSteps (0.00s)\n"}
{"Time":"2026-09-20T21:25:55.8699271-04:00","Action":"pass","Package":"github.com/qompack/qompack/tools/devtool","Test":"TestRunReleaseCheckSteps","Elapsed":0}
{"Time":"2026-09-20T21:25:55.8699271-04:00","Action":"run","Package":"github.com/qompack/qompack/tools/devtool","Test":"TestReleaseCheckSummaryShape"}
{"Time":"2026-09-20T21:25:55.8699271-04:00","Action":"output","Package":"github.com/qompack/qompack/tools/devtool","Test":"TestReleaseCheckSummaryShape","Output":"=== RUN   TestReleaseCheckSummaryShape\n"}
{"Time":"2026-09-20T21:25:55.8699271-04:00","Action":"output","Package":"github.com/qompack/qompack/tools/devtool","Test":"TestReleaseCheckSummaryShape","Output":"\n"}
{"Time":"2026-09-20T21:25:55.8699271-04:00","Action":"output","Package":"github.com/qompack/qompack/tools/devtool","Test":"TestReleaseCheckSummaryShape","Output":"=== release-check: first ===\n"}
{"Time":"2026-09-20T21:25:55.8699271-04:00","Action":"output","Package":"github.com/qompack/qompack/tools/devtool","Test":"TestReleaseCheckSummaryShape","Output":"release-check: first PASS — first detail\n"}
{"Time":"2026-09-20T21:25:55.8699271-04:00","Action":"output","Package":"github.com/qompack/qompack/tools/devtool","Test":"TestReleaseCheckSummaryShape","Output":"\n"}
{"Time":"2026-09-20T21:25:55.8699271-04:00","Action":"output","Package":"github.com/qompack/qompack/tools/devtool","Test":"TestReleaseCheckSummaryShape","Output":"=== release-check: second ===\n"}
{"Time":"2026-09-20T21:25:55.8699271-04:00","Action":"output","Package":"github.com/qompack/qompack/tools/devtool","Test":"TestReleaseCheckSummaryShape","Output":"release-check: second SKIPPED — second detail\n"}
{"Time":"2026-09-20T21:25:55.8699271-04:00","Action":"output","Package":"github.com/qompack/qompack/tools/devtool","Test":"TestReleaseCheckSummaryShape","Output":"--- PASS: TestReleaseCheckSummaryShape (0.00s)\n"}
{"Time":"2026-09-20T21:25:55.8699271-04:00","Action":"pass","Package":"github.com/qompack/qompack/tools/devtool","Test":"TestReleaseCheckSummaryShape","Elapsed":0}
{"Time":"2026-09-20T21:25:55.8699271-04:00","Action":"run","Package":"github.com/qompack/qompack/tools/devtool","Test":"TestReleaseCheckVersion"}
{"Time":"2026-09-20T21:25:55.8699271-04:00","Action":"output","Package":"github.com/qompack/qompack/tools/devtool","Test":"TestReleaseCheckVersion","Output":"=== RUN   TestReleaseCheckVersion\n"}
{"Time":"2026-09-20T21:25:55.9425098-04:00","Action":"output","Package":"github.com/qompack/qompack/tools/devtool","Test":"TestReleaseCheckVersion","Output":"--- PASS: TestReleaseCheckVersion (0.07s)\n"}
{"Time":"2026-09-20T21:25:55.9425098-04:00","Action":"pass","Package":"github.com/qompack/qompack/tools/devtool","Test":"TestReleaseCheckVersion","Elapsed":0.07}
{"Time":"2026-09-20T21:25:55.9430165-04:00","Action":"run","Package":"github.com/qompack/qompack/tools/devtool","Test":"TestReleaseCheckStepsAreOrderedAndCoverCILocal"}
{"Time":"2026-09-20T21:25:55.9430165-04:00","Action":"output","Package":"github.com/qompack/qompack/tools/devtool","Test":"TestReleaseCheckStepsAreOrderedAndCoverCILocal","Output":"=== RUN   TestReleaseCheckStepsAreOrderedAndCoverCILocal\n"}
{"Time":"2026-09-20T21:25:55.9430165-04:00","Action":"output","Package":"github.com/qompack/qompack/tools/devtool","Test":"TestReleaseCheckStepsAreOrderedAndCoverCILocal","Output":"--- PASS: TestReleaseCheckStepsAreOrderedAndCoverCILocal (0.00s)\n"}
{"Time":"2026-09-20T21:25:55.9430165-04:00","Action":"pass","Package":"github.com/qompack/qompack/tools/devtool","Test":"TestReleaseCheckStepsAreOrderedAndCoverCILocal","Elapsed":0}
{"Time":"2026-09-20T21:25:55.9430165-04:00","Action":"run","Package":"github.com/qompack/qompack/tools/devtool","Test":"TestReleaseCheckRollbackTestsAreNamed"}
{"Time":"2026-09-20T21:25:55.9430165-04:00","Action":"output","Package":"github.com/qompack/qompack/tools/devtool","Test":"TestReleaseCheckRollbackTestsAreNamed","Output":"=== RUN   TestReleaseCheckRollbackTestsAreNamed\n"}
{"Time":"2026-09-20T21:25:57.7604661-04:00","Action":"output","Package":"github.com/qompack/qompack/tools/devtool","Test":"TestReleaseCheckRollbackTestsAreNamed","Output":"--- PASS: TestReleaseCheckRollbackTestsAreNamed (1.82s)\n"}
{"Time":"2026-09-20T21:25:57.7604661-04:00","Action":"pass","Package":"github.com/qompack/qompack/tools/devtool","Test":"TestReleaseCheckRollbackTestsAreNamed","Elapsed":1.82}
{"Time":"2026-09-20T21:25:57.7614668-04:00","Action":"run","Package":"github.com/qompack/qompack/tools/devtool","Test":"TestReleaseCheckDeterminismVersion"}
{"Time":"2026-09-20T21:25:57.7614668-04:00","Action":"output","Package":"github.com/qompack/qompack/tools/devtool","Test":"TestReleaseCheckDeterminismVersion","Output":"=== RUN   TestReleaseCheckDeterminismVersion\n"}
{"Time":"2026-09-20T21:25:57.8706511-04:00","Action":"output","Package":"github.com/qompack/qompack/tools/devtool","Test":"TestReleaseCheckDeterminismVersion","Output":"--- PASS: TestReleaseCheckDeterminismVersion (0.11s)\n"}
{"Time":"2026-09-20T21:25:57.8706511-04:00","Action":"pass","Package":"github.com/qompack/qompack/tools/devtool","Test":"TestReleaseCheckDeterminismVersion","Elapsed":0.11}
{"Time":"2026-09-20T21:25:57.8712065-04:00","Action":"run","Package":"github.com/qompack/qompack/tools/devtool","Test":"TestWriteReleaseCheckDoc_EvidenceCopy"}
{"Time":"2026-09-20T21:25:57.8712065-04:00","Action":"output","Package":"github.com/qompack/qompack/tools/devtool","Test":"TestWriteReleaseCheckDoc_EvidenceCopy","Output":"=== RUN   TestWriteReleaseCheckDoc_EvidenceCopy\n"}
{"Time":"2026-09-20T21:25:57.8817369-04:00","Action":"output","Package":"github.com/qompack/qompack/tools/devtool","Test":"TestWriteReleaseCheckDoc_EvidenceCopy","Output":"--- PASS: TestWriteReleaseCheckDoc_EvidenceCopy (0.01s)\n"}
{"Time":"2026-09-20T21:25:57.8817369-04:00","Action":"pass","Package":"github.com/qompack/qompack/tools/devtool","Test":"TestWriteReleaseCheckDoc_EvidenceCopy","Elapsed":0.01}
{"Time":"2026-09-20T21:25:57.8817369-04:00","Action":"run","Package":"github.com/qompack/qompack/tools/devtool","Test":"TestReleaseScope_EmptyEvidenceIsUnknown"}
{"Time":"2026-09-20T21:25:57.8817369-04:00","Action":"output","Package":"github.com/qompack/qompack/tools/devtool","Test":"TestReleaseScope_EmptyEvidenceIsUnknown","Output":"=== RUN   TestReleaseScope_EmptyEvidenceIsUnknown\n"}
{"Time":"2026-09-20T21:25:57.8850519-04:00","Action":"output","Package":"github.com/qompack/qompack/tools/devtool","Test":"TestReleaseScope_EmptyEvidenceIsUnknown","Output":"--- PASS: TestReleaseScope_EmptyEvidenceIsUnknown (0.00s)\n"}
{"Time":"2026-09-20T21:25:57.8850519-04:00","Action":"pass","Package":"github.com/qompack/qompack/tools/devtool","Test":"TestReleaseScope_EmptyEvidenceIsUnknown","Elapsed":0}
{"Time":"2026-09-20T21:25:57.8850519-04:00","Action":"run","Package":"github.com/qompack/qompack/tools/devtool","Test":"TestReleaseScope_MissingDirectoryIsNotAnError"}
{"Time":"2026-09-20T21:25:57.8850519-04:00","Action":"output","Package":"github.com/qompack/qompack/tools/devtool","Test":"TestReleaseScope_MissingDirectoryIsNotAnError","Output":"=== RUN   TestReleaseScope_MissingDirectoryIsNotAnError\n"}
{"Time":"2026-09-20T21:25:57.8877194-04:00","Action":"output","Package":"github.com/qompack/qompack/tools/devtool","Test":"TestReleaseScope_MissingDirectoryIsNotAnError","Output":"--- PASS: TestReleaseScope_MissingDirectoryIsNotAnError (0.00s)\n"}
{"Time":"2026-09-20T21:25:57.8877194-04:00","Action":"pass","Package":"github.com/qompack/qompack/tools/devtool","Test":"TestReleaseScope_MissingDirectoryIsNotAnError","Elapsed":0}
{"Time":"2026-09-20T21:25:57.8877194-04:00","Action":"run","Package":"github.com/qompack/qompack/tools/devtool","Test":"TestReleaseScope_TargetStatusLadder"}
{"Time":"2026-09-20T21:25:57.8877194-04:00","Action":"output","Package":"github.com/qompack/qompack/tools/devtool","Test":"TestReleaseScope_TargetStatusLadder","Output":"=== RUN   TestReleaseScope_TargetStatusLadder\n"}
{"Time":"2026-09-20T21:25:57.9439328-04:00","Action":"output","Package":"github.com/qompack/qompack/tools/devtool","Test":"TestReleaseScope_TargetStatusLadder","Output":"--- PASS: TestReleaseScope_TargetStatusLadder (0.06s)\n"}
{"Time":"2026-09-20T21:25:57.9444463-04:00","Action":"pass","Package":"github.com/qompack/qompack/tools/devtool","Test":"TestReleaseScope_TargetStatusLadder","Elapsed":0.06}
{"Time":"2026-09-20T21:25:57.9444463-04:00","Action":"run","Package":"github.com/qompack/qompack/tools/devtool","Test":"TestReleaseScope_AFailedRecordPinsItsRow"}
{"Time":"2026-09-20T21:25:57.9444463-04:00","Action":"output","Package":"github.com/qompack/qompack/tools/devtool","Test":"TestReleaseScope_AFailedRecordPinsItsRow","Output":"=== RUN   TestReleaseScope_AFailedRecordPinsItsRow\n"}
{"Time":"2026-09-20T21:25:57.9791776-04:00","Action":"output","Package":"github.com/qompack/qompack/tools/devtool","Test":"TestReleaseScope_AFailedRecordPinsItsRow","Output":"--- PASS: TestReleaseScope_AFailedRecordPinsItsRow (0.03s)\n"}
{"Time":"2026-09-20T21:25:57.9796907-04:00","Action":"pass","Package":"github.com/qompack/qompack/tools/devtool","Test":"TestReleaseScope_AFailedRecordPinsItsRow","Elapsed":0.03}
{"Time":"2026-09-20T21:25:57.9796907-04:00","Action":"run","Package":"github.com/qompack/qompack/tools/devtool","Test":"TestReleaseScope_SwitchRowNeedsBothHalves"}
{"Time":"2026-09-20T21:25:57.9796907-04:00","Action":"output","Package":"github.com/qompack/qompack/tools/devtool","Test":"TestReleaseScope_SwitchRowNeedsBothHalves","Output":"=== RUN   TestReleaseScope_SwitchRowNeedsBothHalves\n"}
{"Time":"2026-09-20T21:25:58.0018073-04:00","Action":"output","Package":"github.com/qompack/qompack/tools/devtool","Test":"TestReleaseScope_SwitchRowNeedsBothHalves","Output":"--- PASS: TestReleaseScope_SwitchRowNeedsBothHalves (0.02s)\n"}
{"Time":"2026-09-20T21:25:58.0018073-04:00","Action":"pass","Package":"github.com/qompack/qompack/tools/devtool","Test":"TestReleaseScope_SwitchRowNeedsBothHalves","Elapsed":0.02}
{"Time":"2026-09-20T21:25:58.0023468-04:00","Action":"run","Package":"github.com/qompack/qompack/tools/devtool","Test":"TestReleaseScope_ProseNeverRaisesAnything"}
{"Time":"2026-09-20T21:25:58.0023468-04:00","Action":"output","Package":"github.com/qompack/qompack/tools/devtool","Test":"TestReleaseScope_ProseNeverRaisesAnything","Output":"=== RUN   TestReleaseScope_ProseNeverRaisesAnything\n"}
{"Time":"2026-09-20T21:25:58.0089834-04:00","Action":"output","Package":"github.com/qompack/qompack/tools/devtool","Test":"TestReleaseScope_ProseNeverRaisesAnything","Output":"--- PASS: TestReleaseScope_ProseNeverRaisesAnything (0.01s)\n"}
{"Time":"2026-09-20T21:25:58.0089834-04:00","Action":"pass","Package":"github.com/qompack/qompack/tools/devtool","Test":"TestReleaseScope_ProseNeverRaisesAnything","Elapsed":0.01}
{"Time":"2026-09-20T21:25:58.0089834-04:00","Action":"run","Package":"github.com/qompack/qompack/tools/devtool","Test":"TestReleaseScope_ReleaseCheckVerifiedRaisesM707"}
{"Time":"2026-09-20T21:25:58.0089834-04:00","Action":"output","Package":"github.com/qompack/qompack/tools/devtool","Test":"TestReleaseScope_ReleaseCheckVerifiedRaisesM707","Output":"=== RUN   TestReleaseScope_ReleaseCheckVerifiedRaisesM707\n"}
{"Time":"2026-09-20T21:25:58.0182011-04:00","Action":"output","Package":"github.com/qompack/qompack/tools/devtool","Test":"TestReleaseScope_ReleaseCheckVerifiedRaisesM707","Output":"--- PASS: TestReleaseScope_ReleaseCheckVerifiedRaisesM707 (0.01s)\n"}
{"Time":"2026-09-20T21:25:58.0182011-04:00","Action":"pass","Package":"github.com/qompack/qompack/tools/devtool","Test":"TestReleaseScope_ReleaseCheckVerifiedRaisesM707","Elapsed":0.01}
{"Time":"2026-09-20T21:25:58.0182011-04:00","Action":"run","Package":"github.com/qompack/qompack/tools/devtool","Test":"TestReleaseScope_ReleaseCheckFailPinsM707"}
{"Time":"2026-09-20T21:25:58.0182011-04:00","Action":"output","Package":"github.com/qompack/qompack/tools/devtool","Test":"TestReleaseScope_ReleaseCheckFailPinsM707","Output":"=== RUN   TestReleaseScope_ReleaseCheckFailPinsM707\n"}
{"Time":"2026-09-20T21:25:58.0245513-04:00","Action":"output","Package":"github.com/qompack/qompack/tools/devtool","Test":"TestReleaseScope_ReleaseCheckFailPinsM707","Output":"--- PASS: TestReleaseScope_ReleaseCheckFailPinsM707 (0.01s)\n"}
{"Time":"2026-09-20T21:25:58.0245513-04:00","Action":"pass","Package":"github.com/qompack/qompack/tools/devtool","Test":"TestReleaseScope_ReleaseCheckFailPinsM707","Elapsed":0.01}
{"Time":"2026-09-20T21:25:58.0250989-04:00","Action":"run","Package":"github.com/qompack/qompack/tools/devtool","Test":"TestReleaseScope_FailedInstallPinsM701"}
{"Time":"2026-09-20T21:25:58.0250989-04:00","Action":"output","Package":"github.com/qompack/qompack/tools/devtool","Test":"TestReleaseScope_FailedInstallPinsM701","Output":"=== RUN   TestReleaseScope_FailedInstallPinsM701\n"}
{"Time":"2026-09-20T21:25:58.0343976-04:00","Action":"output","Package":"github.com/qompack/qompack/tools/devtool","Test":"TestReleaseScope_FailedInstallPinsM701","Output":"--- PASS: TestReleaseScope_FailedInstallPinsM701 (0.01s)\n"}
{"Time":"2026-09-20T21:25:58.0343976-04:00","Action":"pass","Package":"github.com/qompack/qompack/tools/devtool","Test":"TestReleaseScope_FailedInstallPinsM701","Elapsed":0.01}
{"Time":"2026-09-20T21:25:58.0343976-04:00","Action":"run","Package":"github.com/qompack/qompack/tools/devtool","Test":"TestReleaseScope_FailedRollbackPinsM708"}
{"Time":"2026-09-20T21:25:58.0343976-04:00","Action":"output","Package":"github.com/qompack/qompack/tools/devtool","Test":"TestReleaseScope_FailedRollbackPinsM708","Output":"=== RUN   TestReleaseScope_FailedRollbackPinsM708\n"}
{"Time":"2026-09-20T21:25:58.0525318-04:00","Action":"output","Package":"github.com/qompack/qompack/tools/devtool","Test":"TestReleaseScope_FailedRollbackPinsM708","Output":"--- PASS: TestReleaseScope_FailedRollbackPinsM708 (0.02s)\n"}
{"Time":"2026-09-20T21:25:58.0525318-04:00","Action":"pass","Package":"github.com/qompack/qompack/tools/devtool","Test":"TestReleaseScope_FailedRollbackPinsM708","Elapsed":0.02}
{"Time":"2026-09-20T21:25:58.0525318-04:00","Action":"run","Package":"github.com/qompack/qompack/tools/devtool","Test":"TestReleaseScope_FailedUninstallPinsM706"}
{"Time":"2026-09-20T21:25:58.0525318-04:00","Action":"output","Package":"github.com/qompack/qompack/tools/devtool","Test":"TestReleaseScope_FailedUninstallPinsM706","Output":"=== RUN   TestReleaseScope_FailedUninstallPinsM706\n"}
{"Time":"2026-09-20T21:25:58.0672591-04:00","Action":"output","Package":"github.com/qompack/qompack/tools/devtool","Test":"TestReleaseScope_FailedUninstallPinsM706","Output":"--- PASS: TestReleaseScope_FailedUninstallPinsM706 (0.01s)\n"}
{"Time":"2026-09-20T21:25:58.0672591-04:00","Action":"pass","Package":"github.com/qompack/qompack/tools/devtool","Test":"TestReleaseScope_FailedUninstallPinsM706","Elapsed":0.01}
{"Time":"2026-09-20T21:25:58.0672591-04:00","Action":"run","Package":"github.com/qompack/qompack/tools/devtool","Test":"TestReleaseScope_ReportsOutcomeLessAndUndecodable"}
{"Time":"2026-09-20T21:25:58.0672591-04:00","Action":"output","Package":"github.com/qompack/qompack/tools/devtool","Test":"TestReleaseScope_ReportsOutcomeLessAndUndecodable","Output":"=== RUN   TestReleaseScope_ReportsOutcomeLessAndUndecodable\n"}
{"Time":"2026-09-20T21:25:58.0775286-04:00","Action":"output","Package":"github.com/qompack/qompack/tools/devtool","Test":"TestReleaseScope_ReportsOutcomeLessAndUndecodable","Output":"--- PASS: TestReleaseScope_ReportsOutcomeLessAndUndecodable (0.01s)\n"}
{"Time":"2026-09-20T21:25:58.0775286-04:00","Action":"pass","Package":"github.com/qompack/qompack/tools/devtool","Test":"TestReleaseScope_ReportsOutcomeLessAndUndecodable","Elapsed":0.01}
{"Time":"2026-09-20T21:25:58.0775286-04:00","Action":"run","Package":"github.com/qompack/qompack/tools/devtool","Test":"TestRenderScopeMarkdown"}
{"Time":"2026-09-20T21:25:58.0775286-04:00","Action":"output","Package":"github.com/qompack/qompack/tools/devtool","Test":"TestRenderScopeMarkdown","Output":"=== RUN   TestRenderScopeMarkdown\n"}
{"Time":"2026-09-20T21:25:58.0854139-04:00","Action":"output","Package":"github.com/qompack/qompack/tools/devtool","Test":"TestRenderScopeMarkdown","Output":"--- PASS: TestRenderScopeMarkdown (0.01s)\n"}
{"Time":"2026-09-20T21:25:58.0854139-04:00","Action":"pass","Package":"github.com/qompack/qompack/tools/devtool","Test":"TestRenderScopeMarkdown","Elapsed":0.01}
{"Time":"2026-09-20T21:25:58.0854139-04:00","Action":"run","Package":"github.com/qompack/qompack/tools/devtool","Test":"TestScanFileForSleep_FindsSelectorCall"}
{"Time":"2026-09-20T21:25:58.0854139-04:00","Action":"output","Package":"github.com/qompack/qompack/tools/devtool","Test":"TestScanFileForSleep_FindsSelectorCall","Output":"=== RUN   TestScanFileForSleep_FindsSelectorCall\n"}
{"Time":"2026-09-20T21:25:58.1199669-04:00","Action":"output","Package":"github.com/qompack/qompack/tools/devtool","Test":"TestScanFileForSleep_FindsSelectorCall","Output":"--- PASS: TestScanFileForSleep_FindsSelectorCall (0.03s)\n"}
{"Time":"2026-09-20T21:25:58.1199669-04:00","Action":"pass","Package":"github.com/qompack/qompack/tools/devtool","Test":"TestScanFileForSleep_FindsSelectorCall","Elapsed":0.03}
{"Time":"2026-09-20T21:25:58.1199669-04:00","Action":"run","Package":"github.com/qompack/qompack/tools/devtool","Test":"TestClassifySkips_AcceptsCompliantMessages"}
{"Time":"2026-09-20T21:25:58.1199669-04:00","Action":"output","Package":"github.com/qompack/qompack/tools/devtool","Test":"TestClassifySkips_AcceptsCompliantMessages","Output":"=== RUN   TestClassifySkips_AcceptsCompliantMessages\n"}
{"Time":"2026-09-20T21:25:58.1199669-04:00","Action":"output","Package":"github.com/qompack/qompack/tools/devtool","Test":"TestClassifySkips_AcceptsCompliantMessages","Output":"--- PASS: TestClassifySkips_AcceptsCompliantMessages (0.00s)\n"}
{"Time":"2026-09-20T21:25:58.1199669-04:00","Action":"pass","Package":"github.com/qompack/qompack/tools/devtool","Test":"TestClassifySkips_AcceptsCompliantMessages","Elapsed":0}
{"Time":"2026-09-20T21:25:58.1199669-04:00","Action":"run","Package":"github.com/qompack/qompack/tools/devtool","Test":"TestClassifySkips_RejectsUnclassifiedReason"}
{"Time":"2026-09-20T21:25:58.1199669-04:00","Action":"output","Package":"github.com/qompack/qompack/tools/devtool","Test":"TestClassifySkips_RejectsUnclassifiedReason","Output":"=== RUN   TestClassifySkips_RejectsUnclassifiedReason\n"}
{"Time":"2026-09-20T21:25:58.1199669-04:00","Action":"output","Package":"github.com/qompack/qompack/tools/devtool","Test":"TestClassifySkips_RejectsUnclassifiedReason","Output":"--- PASS: TestClassifySkips_RejectsUnclassifiedReason (0.00s)\n"}
{"Time":"2026-09-20T21:25:58.1199669-04:00","Action":"pass","Package":"github.com/qompack/qompack/tools/devtool","Test":"TestClassifySkips_RejectsUnclassifiedReason","Elapsed":0}
{"Time":"2026-09-20T21:25:58.1199669-04:00","Action":"run","Package":"github.com/qompack/qompack/tools/devtool","Test":"TestClassifySkips_RejectsBarePlatformPrefix"}
{"Time":"2026-09-20T21:25:58.1199669-04:00","Action":"output","Package":"github.com/qompack/qompack/tools/devtool","Test":"TestClassifySkips_RejectsBarePlatformPrefix","Output":"=== RUN   TestClassifySkips_RejectsBarePlatformPrefix\n"}
{"Time":"2026-09-20T21:25:58.1199669-04:00","Action":"output","Package":"github.com/qompack/qompack/tools/devtool","Test":"TestClassifySkips_RejectsBarePlatformPrefix","Output":"--- PASS: TestClassifySkips_RejectsBarePlatformPrefix (0.00s)\n"}
{"Time":"2026-09-20T21:25:58.1199669-04:00","Action":"pass","Package":"github.com/qompack/qompack/tools/devtool","Test":"TestClassifySkips_RejectsBarePlatformPrefix","Elapsed":0}
{"Time":"2026-09-20T21:25:58.1199669-04:00","Action":"run","Package":"github.com/qompack/qompack/tools/devtool","Test":"TestClassifySkips_BlocksW1ForSP01OwnedPackage"}
{"Time":"2026-09-20T21:25:58.1199669-04:00","Action":"output","Package":"github.com/qompack/qompack/tools/devtool","Test":"TestClassifySkips_BlocksW1ForSP01OwnedPackage","Output":"=== RUN   TestClassifySkips_BlocksW1ForSP01OwnedPackage\n"}
{"Time":"2026-09-20T21:25:58.1199669-04:00","Action":"output","Package":"github.com/qompack/qompack/tools/devtool","Test":"TestClassifySkips_BlocksW1ForSP01OwnedPackage","Output":"--- PASS: TestClassifySkips_BlocksW1ForSP01OwnedPackage (0.00s)\n"}
{"Time":"2026-09-20T21:25:58.1199669-04:00","Action":"pass","Package":"github.com/qompack/qompack/tools/devtool","Test":"TestClassifySkips_BlocksW1ForSP01OwnedPackage","Elapsed":0}
{"Time":"2026-09-20T21:25:58.1199669-04:00","Action":"run","Package":"github.com/qompack/qompack/tools/devtool","Test":"TestClassifySkips_AcceptsRuleW2"}
{"Time":"2026-09-20T21:25:58.1199669-04:00","Action":"output","Package":"github.com/qompack/qompack/tools/devtool","Test":"TestClassifySkips_AcceptsRuleW2","Output":"=== RUN   TestClassifySkips_AcceptsRuleW2\n"}
{"Time":"2026-09-20T21:25:58.1199669-04:00","Action":"output","Package":"github.com/qompack/qompack/tools/devtool","Test":"TestClassifySkips_AcceptsRuleW2","Output":"--- PASS: TestClassifySkips_AcceptsRuleW2 (0.00s)\n"}
{"Time":"2026-09-20T21:25:58.1199669-04:00","Action":"pass","Package":"github.com/qompack/qompack/tools/devtool","Test":"TestClassifySkips_AcceptsRuleW2","Elapsed":0}
{"Time":"2026-09-20T21:25:58.1199669-04:00","Action":"run","Package":"github.com/qompack/qompack/tools/devtool","Test":"TestTimedOutPackages_ReportsAKilledBinary"}
{"Time":"2026-09-20T21:25:58.1199669-04:00","Action":"output","Package":"github.com/qompack/qompack/tools/devtool","Test":"TestTimedOutPackages_ReportsAKilledBinary","Output":"=== RUN   TestTimedOutPackages_ReportsAKilledBinary\n"}
{"Time":"2026-09-20T21:25:58.1199669-04:00","Action":"output","Package":"github.com/qompack/qompack/tools/devtool","Test":"TestTimedOutPackages_ReportsAKilledBinary","Output":"--- PASS: TestTimedOutPackages_ReportsAKilledBinary (0.00s)\n"}
{"Time":"2026-09-20T21:25:58.1199669-04:00","Action":"pass","Package":"github.com/qompack/qompack/tools/devtool","Test":"TestTimedOutPackages_ReportsAKilledBinary","Elapsed":0}
{"Time":"2026-09-20T21:25:58.1199669-04:00","Action":"run","Package":"github.com/qompack/qompack/tools/devtool","Test":"TestTimedOutPackages_IgnoresAnOrdinarilyFailingSuite"}
{"Time":"2026-09-20T21:25:58.1199669-04:00","Action":"output","Package":"github.com/qompack/qompack/tools/devtool","Test":"TestTimedOutPackages_IgnoresAnOrdinarilyFailingSuite","Output":"=== RUN   TestTimedOutPackages_IgnoresAnOrdinarilyFailingSuite\n"}
{"Time":"2026-09-20T21:25:58.1205411-04:00","Action":"output","Package":"github.com/qompack/qompack/tools/devtool","Test":"TestTimedOutPackages_IgnoresAnOrdinarilyFailingSuite","Output":"--- PASS: TestTimedOutPackages_IgnoresAnOrdinarilyFailingSuite (0.00s)\n"}
{"Time":"2026-09-20T21:25:58.1205411-04:00","Action":"pass","Package":"github.com/qompack/qompack/tools/devtool","Test":"TestTimedOutPackages_IgnoresAnOrdinarilyFailingSuite","Elapsed":0}
{"Time":"2026-09-20T21:25:58.1205411-04:00","Action":"run","Package":"github.com/qompack/qompack/tools/devtool","Test":"TestParseTestEvents"}
{"Time":"2026-09-20T21:25:58.1205411-04:00","Action":"output","Package":"github.com/qompack/qompack/tools/devtool","Test":"TestParseTestEvents","Output":"=== RUN   TestParseTestEvents\n"}
{"Time":"2026-09-20T21:25:58.1205411-04:00","Action":"output","Package":"github.com/qompack/qompack/tools/devtool","Test":"TestParseTestEvents","Output":"--- PASS: TestParseTestEvents (0.00s)\n"}
{"Time":"2026-09-20T21:25:58.1205411-04:00","Action":"pass","Package":"github.com/qompack/qompack/tools/devtool","Test":"TestParseTestEvents","Elapsed":0}
{"Time":"2026-09-20T21:25:58.1205411-04:00","Action":"run","Package":"github.com/qompack/qompack/tools/devtool","Test":"TestRacePackagesRetainsAllNonE2ECoverage"}
{"Time":"2026-09-20T21:25:58.1205411-04:00","Action":"output","Package":"github.com/qompack/qompack/tools/devtool","Test":"TestRacePackagesRetainsAllNonE2ECoverage","Output":"=== RUN   TestRacePackagesRetainsAllNonE2ECoverage\n"}
{"Time":"2026-09-20T21:25:58.1205411-04:00","Action":"output","Package":"github.com/qompack/qompack/tools/devtool","Test":"TestRacePackagesRetainsAllNonE2ECoverage","Output":"--- PASS: TestRacePackagesRetainsAllNonE2ECoverage (0.00s)\n"}
{"Time":"2026-09-20T21:25:58.1205411-04:00","Action":"pass","Package":"github.com/qompack/qompack/tools/devtool","Test":"TestRacePackagesRetainsAllNonE2ECoverage","Elapsed":0}
{"Time":"2026-09-20T21:25:58.1205411-04:00","Action":"run","Package":"github.com/qompack/qompack/tools/devtool","Test":"TestTestDeps_RejectsProductionTestify"}
{"Time":"2026-09-20T21:25:58.1205411-04:00","Action":"output","Package":"github.com/qompack/qompack/tools/devtool","Test":"TestTestDeps_RejectsProductionTestify","Output":"=== RUN   TestTestDeps_RejectsProductionTestify\n"}
{"Time":"2026-09-20T21:25:58.1205411-04:00","Action":"output","Package":"github.com/qompack/qompack/tools/devtool","Test":"TestTestDeps_RejectsProductionTestify","Output":"--- PASS: TestTestDeps_RejectsProductionTestify (0.00s)\n"}
{"Time":"2026-09-20T21:25:58.1211034-04:00","Action":"pass","Package":"github.com/qompack/qompack/tools/devtool","Test":"TestTestDeps_RejectsProductionTestify","Elapsed":0}
{"Time":"2026-09-20T21:25:58.1211034-04:00","Action":"run","Package":"github.com/qompack/qompack/tools/devtool","Test":"TestTestDeps_RejectsGoCmpAndRapidToo"}
{"Time":"2026-09-20T21:25:58.1211034-04:00","Action":"output","Package":"github.com/qompack/qompack/tools/devtool","Test":"TestTestDeps_RejectsGoCmpAndRapidToo","Output":"=== RUN   TestTestDeps_RejectsGoCmpAndRapidToo\n"}
{"Time":"2026-09-20T21:25:58.1211034-04:00","Action":"output","Package":"github.com/qompack/qompack/tools/devtool","Test":"TestTestDeps_RejectsGoCmpAndRapidToo","Output":"--- PASS: TestTestDeps_RejectsGoCmpAndRapidToo (0.00s)\n"}
{"Time":"2026-09-20T21:25:58.1211034-04:00","Action":"pass","Package":"github.com/qompack/qompack/tools/devtool","Test":"TestTestDeps_RejectsGoCmpAndRapidToo","Elapsed":0}
{"Time":"2026-09-20T21:25:58.1211034-04:00","Action":"run","Package":"github.com/qompack/qompack/tools/devtool","Test":"TestTestDeps_ExemptsHelperPackages"}
{"Time":"2026-09-20T21:25:58.1211034-04:00","Action":"output","Package":"github.com/qompack/qompack/tools/devtool","Test":"TestTestDeps_ExemptsHelperPackages","Output":"=== RUN   TestTestDeps_ExemptsHelperPackages\n"}
{"Time":"2026-09-20T21:25:58.1211034-04:00","Action":"output","Package":"github.com/qompack/qompack/tools/devtool","Test":"TestTestDeps_ExemptsHelperPackages","Output":"--- PASS: TestTestDeps_ExemptsHelperPackages (0.00s)\n"}
{"Time":"2026-09-20T21:25:58.1211034-04:00","Action":"pass","Package":"github.com/qompack/qompack/tools/devtool","Test":"TestTestDeps_ExemptsHelperPackages","Elapsed":0}
{"Time":"2026-09-20T21:25:58.1211034-04:00","Action":"output","Package":"github.com/qompack/qompack/tools/devtool","Output":"PASS\n"}
{"Time":"2026-09-20T21:25:58.1341446-04:00","Action":"output","Package":"github.com/qompack/qompack/tools/devtool","Output":"ok  \tgithub.com/qompack/qompack/tools/devtool\t11.498s\n"}
{"Time":"2026-09-20T21:25:58.1347018-04:00","Action":"pass","Package":"github.com/qompack/qompack/tools/devtool","Elapsed":11.498}
